:ID,:LABEL,account_support,associated_mrr,confidence,coverage,denominator_accounts,discriminative_ratio,exposure_control,is_promotable,journey_scope,leverage,lift,mean_mrr,median_mrr,mrr_account_count,outcome_context,pattern,pattern_family_key,pattern_key,pattern_length,pattern_type,principal_support,quality_population,relative_support,same_day_dependency,small_sample,stability_status,strict_support
pattern_00363189ea0e71e0,Pattern,77,707021.0,0.154,0.154,500,0.0,ACCOUNT_SUPPORT_MAX_GAP_5_EVENTS_90_DAYS,True,FULL_OBSERVED_JOURNEY,0.0,0.0,6607.672897196262,5572.0,107,ALL_OUTCOMES,"[""SUBSCRIPTION_END"",""SUBSCRIPTION_START"",""SUBSCRIPTION_START"",""FEATURE"",""SUBSCRIPTION_START""]",patternfamily_003dc2cf9627760e,pattern_00363189ea0e71e0,5,SEQUENTIAL_CLOSED,77,MAIN,0.154,PARTIAL,False,SENSITIVE,54
pattern_006aeb8cfc022c71,Pattern,23,85623.0,0.0,0.0,118,0.0,ACCOUNT_SUPPORT_SCOPE_AND_OUTCOME,True,FULL_OBSERVED_JOURNEY,0.0,0.0,3722.7391304347825,3781.0,23,RECURRING_CHURN,"[""SUPPORT_CLOSE"",""SUPPORT_OPEN""]",patternfamily_f8812742e356b85a,pattern_006aeb8cfc022c71,2,NGRAM_2_COLLAPSED,23,MAIN,0.19491525423728814,NONE,False,SENSITIVE,1
pattern_007ed0cfaa69f452,Pattern,25,72012.0,0.07692307692307693,0.07692307692307693,325,0.0,FIXED_90D_WINDOW_WITH_OBSERVATION_END_PSEUDO_CUTOFF,True,PRE_FIRST_CHURN,0.07692307692307693,0.0,2880.48,1813.0,25,CHURN_OBSERVED,"[""SUPPORT_OPEN"",""SUPPORT_CLOSE"",""CHURN""]",patternfamily_7896dc3556c9d7a6,pattern_007ed0cfaa69f452,3,PRE_CHURN_SUFFIX_90D_L3,25,MAIN,0.07692307692307693,NONE,False,ROBUST,4
pattern_009354292be92562,Pattern,50,1560636.0,0.1,0.1,500,0.0,ACCOUNT_SUPPORT_MAX_GAP_5_EVENTS_90_DAYS,True,FULL_OBSERVED_JOURNEY,0.0,0.0,6168.521739130435,4975.0,253,ALL_OUTCOMES,"[""ACCOUNT"",""SUBSCRIPTION_END"",""SUBSCRIPTION_START""]",patternfamily_97596126aef5e0bf,pattern_009354292be92562,3,SEQUENTIAL_CLOSED,50,MAIN,0.1,PARTIAL,False,ROBUST,40
pattern_00c656d240ecdd9f,Pattern,102,830724.0,0.204,0.204,500,0.0,ACCOUNT_SUPPORT_MAX_GAP_5_EVENTS_90_DAYS,True,FULL_OBSERVED_JOURNEY,0.0,0.0,6541.133858267716,5572.0,127,ALL_OUTCOMES,"[""SUBSCRIPTION_END"",""FEATURE"",""SUBSCRIPTION_START"",""FEATURE"",""SUBSCRIPTION_START""]",patternfamily_17fcc71bb7ce80d9,pattern_00c656d240ecdd9f,5,SEQUENTIAL_CLOSED,102,MAIN,0.204,PARTIAL,False,SENSITIVE,75
pattern_00fe7ca72048b0f9,Pattern,56,277409.0,0.0,0.0,181,0.0,ACCOUNT_SUPPORT_SCOPE_AND_OUTCOME,True,FULL_OBSERVED_JOURNEY,0.0,0.0,4953.732142857143,3980.0,56,SINGLE_CHURN,"[""SUBSCRIPTION_END"",""FEATURE""]",patternfamily_c1f4ee18d4b32616,pattern_00fe7ca72048b0f9,2,NGRAM_2_COLLAPSED,56,MAIN,0.30939226519337015,NONE,False,ROBUST,10
pattern_01468559000c98d6,Pattern,49,483066.0,0.098,0.098,500,0.0,ACCOUNT_SUPPORT_MAX_GAP_5_EVENTS_90_DAYS,True,FULL_OBSERVED_JOURNEY,0.0,0.0,6709.25,5671.5,72,ALL_OUTCOMES,"[""SUBSCRIPTION_END"",""FEATURE"",""SUBSCRIPTION_END"",""FEATURE""]",patternfamily_bb6f3f6af1b6369f,pattern_01468559000c98d6,4,SEQUENTIAL_CLOSED,49,MAIN,0.098,PARTIAL,False,SENSITIVE,26
pattern_0248389933874161,Pattern,10,102485.0,0.0,0.0,145,0.0,ACCOUNT_SUPPORT_SCOPE_AND_OUTCOME,True,LANDMARK_90D_JOURNEY,0.0,0.0,10248.5,11442.5,10,NO_CHURN_OBSERVED,"[""SUBSCRIPTION_START"",""FEATURE"",""SUBSCRIPTION_START"",""FEATURE"",""SUBSCRIPTION_START""]",patternfamily_7358904140214f52,pattern_0248389933874161,5,NGRAM_5_COLLAPSED,10,MAIN,0.06896551724137931,NONE,False,SENSITIVE,44
pattern_02ac9566faf32bc7,Pattern,41,332630.0,0.082,0.082,500,0.0,ACCOUNT_SUPPORT_MAX_GAP_5_EVENTS_90_DAYS,True,FULL_OBSERVED_JOURNEY,0.0,0.0,5835.6140350877195,4179.0,57,ALL_OUTCOMES,"[""SUBSCRIPTION_END"",""FEATURE"",""SUBSCRIPTION_END"",""SUBSCRIPTION_START""]",patternfamily_a8fc2dd8f6898fed,pattern_02ac9566faf32bc7,4,SEQUENTIAL_CLOSED,41,MAIN,0.082,PARTIAL,False,SENSITIVE,24
pattern_039f64ab8cda17c4,Pattern,157,1192988.0,0.314,0.314,500,0.0,ACCOUNT_SUPPORT_MAX_GAP_5_EVENTS_90_DAYS,True,FULL_OBSERVED_JOURNEY,0.0,0.0,6086.673469387755,4975.0,196,ALL_OUTCOMES,"[""SUBSCRIPTION_START"",""SUBSCRIPTION_START"",""FEATURE"",""SUBSCRIPTION_END"",""FEATURE""]",patternfamily_e081d7407f793bc9,pattern_039f64ab8cda17c4,5,SEQUENTIAL_CLOSED,157,MAIN,0.314,PARTIAL,False,SENSITIVE,116
pattern_0484d3d7f296db7f,Pattern,52,447808.0,0.104,0.104,500,0.0,ACCOUNT_SUPPORT_MAX_GAP_5_EVENTS_90_DAYS,True,FULL_OBSERVED_JOURNEY,0.0,0.0,6784.969696969697,5572.0,66,ALL_OUTCOMES,"[""SUBSCRIPTION_END"",""SUBSCRIPTION_START"",""FEATURE"",""SUBSCRIPTION_START"",""SUBSCRIPTION_END""]",patternfamily_fac90700f324bbf5,pattern_0484d3d7f296db7f,5,SEQUENTIAL_CLOSED,52,MAIN,0.104,PARTIAL,False,SENSITIVE,30
pattern_0588cab8dd73dd60,Pattern,239,1560636.0,0.478,0.478,500,0.0,ACCOUNT_SUPPORT_MAX_GAP_5_EVENTS_90_DAYS,True,FULL_OBSERVED_JOURNEY,0.0,0.0,6168.521739130435,4975.0,253,ALL_OUTCOMES,"[""SUBSCRIPTION_END"",""SUBSCRIPTION_START""]",patternfamily_22be691896c6c8ff,pattern_0588cab8dd73dd60,2,SEQUENTIAL_CLOSED,239,MAIN,0.478,PARTIAL,False,ROBUST,203
pattern_05992694c1ea0a00,Pattern,162,1301669.0,0.324,0.324,500,0.0,ACCOUNT_SUPPORT_MAX_GAP_5_EVENTS_90_DAYS,True,FULL_OBSERVED_JOURNEY,0.0,0.0,6169.047393364929,4975.0,211,ALL_OUTCOMES,"[""SUBSCRIPTION_START"",""SUBSCRIPTION_START"",""FEATURE"",""FEATURE"",""SUBSCRIPTION_END""]",patternfamily_b84be589076f14ed,pattern_05992694c1ea0a00,5,SEQUENTIAL_CLOSED,162,MAIN,0.324,PARTIAL,False,SENSITIVE,103
pattern_0760fc650b48404e,Pattern,25,1193625.0,0.05,0.05,500,0.0,ACCOUNT_SUPPORT_MAX_GAP_5_EVENTS_90_DAYS,True,FULL_OBSERVED_JOURNEY,0.0,0.0,6184.58549222798,4975.0,193,ALL_OUTCOMES,"[""ACCOUNT"",""SUBSCRIPTION_END"",""SUBSCRIPTION_START"",""FEATURE""]",patternfamily_668e9bed7df775fc,pattern_0760fc650b48404e,4,SEQUENTIAL_CLOSED,25,MAIN,0.05,PARTIAL,False,SENSITIVE,18
pattern_084906a7490bc7db,Pattern,28,211589.0,0.0,0.0,145,0.0,ACCOUNT_SUPPORT_SCOPE_AND_OUTCOME,True,LANDMARK_90D_JOURNEY,0.0,0.0,7556.75,7263.5,28,NO_CHURN_OBSERVED,"[""SUPPORT_CLOSE"",""SUBSCRIPTION_START""]",patternfamily_2e8cc8b6bc21ae13,pattern_084906a7490bc7db,2,NGRAM_2_COLLAPSED,28,MAIN,0.19310344827586207,NONE,False,SENSITIVE,39
pattern_08cd45ac3d1f9501,Pattern,370,2461627.0,0.74,0.74,500,0.0,ACCOUNT_SUPPORT_MAX_GAP_5_EVENTS_90_DAYS,True,FULL_OBSERVED_JOURNEY,0.0,0.0,6078.0913580246915,5174.0,405,ALL_OUTCOMES,"[""FEATURE"",""FEATURE"",""SUBSCRIPTION_START""]",patternfamily_51b8efcf93626a6c,pattern_08cd45ac3d1f9501,3,SEQUENTIAL_CLOSED,370,MAIN,0.74,PARTIAL,False,ROBUST,338
pattern_0915bc6586ff25a4,Pattern,14,82575.0,0.0,0.0,181,0.0,ACCOUNT_SUPPORT_SCOPE_AND_OUTCOME,True,PRE_FIRST_CHURN,0.0,0.0,5898.214285714285,6268.5,14,SINGLE_CHURN,"[""SUPPORT_CLOSE"",""SUPPORT_OPEN""]",patternfamily_45344d9e2481c531,pattern_0915bc6586ff25a4,2,NGRAM_2_RAW_BIGRAM_SENSITIVITY,14,MAIN,0.07734806629834254,NONE,False,SENSITIVE,2
pattern_09884617e29ffa94,Pattern,11,99692.0,0.0,0.0,154,0.0,ACCOUNT_SUPPORT_SCOPE_AND_OUTCOME,True,LANDMARK_60D_JOURNEY,0.0,0.0,9062.90909090909,7960.0,11,NO_CHURN_OBSERVED,"[""FEATURE"",""SUPPORT_OPEN""]",patternfamily_a443cdce91944022,pattern_09884617e29ffa94,2,NGRAM_2_RAW_BIGRAM_SENSITIVITY,11,MAIN,0.07142857142857142,NONE,False,SENSITIVE,18
pattern_0b07d579cb411567,Pattern,96,753793.0,0.0,0.0,175,0.0,ACCOUNT_SUPPORT_SCOPE_AND_OUTCOME,True,FULL_OBSERVED_JOURNEY,0.0,0.0,7852.010416666667,6965.0,96,NO_CHURN_OBSERVED,"[""SUPPORT_CLOSE"",""SUBSCRIPTION_START""]",patternfamily_8f27821d722c3e1f,pattern_0b07d579cb411567,2,NGRAM_2_RAW_BIGRAM_SENSITIVITY,96,MAIN,0.5485714285714286,NONE,False,SENSITIVE,143
pattern_0c2e76c956351d7a,Pattern,160,1333715.0,0.32,0.32,500,0.0,ACCOUNT_SUPPORT_MAX_GAP_5_EVENTS_90_DAYS,True,FULL_OBSERVED_JOURNEY,0.0,0.0,6062.340909090909,4975.0,220,ALL_OUTCOMES,"[""SUBSCRIPTION_START"",""SUBSCRIPTION_START"",""SUBSCRIPTION_START"",""FEATURE"",""SUBSCRIPTION_END""]",patternfamily_037affcb6a5bc3e7,pattern_0c2e76c956351d7a,5,SEQUENTIAL_CLOSED,160,MAIN,0.32,PARTIAL,False,SENSITIVE,100
pattern_0edddf58a6783430,Pattern,103,888924.0,0.206,0.206,500,0.0,ACCOUNT_SUPPORT_MAX_GAP_5_EVENTS_90_DAYS,True,FULL_OBSERVED_JOURNEY,0.0,0.0,6441.478260869565,5572.0,138,ALL_OUTCOMES,"[""SUBSCRIPTION_START"",""SUBSCRIPTION_END"",""FEATURE"",""FEATURE"",""SUBSCRIPTION_START""]",patternfamily_dbc8264bbb744a46,pattern_0edddf58a6783430,5,SEQUENTIAL_CLOSED,103,MAIN,0.206,PARTIAL,False,SENSITIVE,65
pattern_0ef0d8a6865e0b25,Pattern,14,58505.0,0.0,0.0,99,0.0,ACCOUNT_SUPPORT_SCOPE_AND_OUTCOME,True,LANDMARK_90D_JOURNEY,0.0,0.0,4178.928571428572,3662.0,14,RECURRING_CHURN,"[""SUBSCRIPTION_START"",""FEATURE"",""SUBSCRIPTION_START"",""FEATURE""]",patternfamily_9680d99011f68fd9,pattern_0ef0d8a6865e0b25,4,NGRAM_4_COLLAPSED,14,MAIN,0.1414141414141414,NONE,False,ROBUST,1
pattern_0f94150d3c05bbdc,Pattern,61,1456061.0,0.122,0.122,500,0.0,ACCOUNT_SUPPORT_MAX_GAP_5_EVENTS_90_DAYS,True,FULL_OBSERVED_JOURNEY,0.0,0.0,6041.746887966805,4776.0,241,ALL_OUTCOMES,"[""ACCOUNT"",""SUBSCRIPTION_START"",""SUBSCRIPTION_END"",""FEATURE""]",patternfamily_75ff214417beb055,pattern_0f94150d3c05bbdc,4,SEQUENTIAL_CLOSED,61,MAIN,0.122,PARTIAL,False,SENSITIVE,43
pattern_0fe41e388f06c3bf,Pattern,22,101269.0,0.0,0.0,22,0.0,ACCOUNT_SUPPORT_SCOPE_AND_OUTCOME,True,FULL_OBSERVED_JOURNEY,0.0,0.0,4603.136363636364,2592.0,22,REACTIVATED,"[""FEATURE"",""SUBSCRIPTION_START""]",patternfamily_fc2ef6649f2187ad,pattern_0fe41e388f06c3bf,2,NGRAM_2_RAW_BIGRAM_SENSITIVITY,22,MAIN,1.0,NONE,False,ROBUST,1
pattern_105de05a018428e5,Pattern,13,68149.0,0.0,0.0,181,0.0,ACCOUNT_SUPPORT_SCOPE_AND_OUTCOME,True,PRE_FIRST_CHURN,0.0,0.0,5242.2307692307695,4179.0,13,SINGLE_CHURN,"[""ACCOUNT"",""SUBSCRIPTION_START"",""FEATURE"",""SUPPORT_OPEN""]",patternfamily_ab848a5e06bf45a9,pattern_105de05a018428e5,4,NGRAM_4_COLLAPSED,13,MAIN,0.0718232044198895,NONE,False,SENSITIVE,2
pattern_107801334d80625f,Pattern,187,1316143.0,0.374,0.374,500,0.0,ACCOUNT_SUPPORT_MAX_GAP_5_EVENTS_90_DAYS,True,FULL_OBSERVED_JOURNEY,0.0,0.0,6065.175115207373,4975.0,217,ALL_OUTCOMES,"[""SUBSCRIPTION_START"",""FEATURE"",""SUBSCRIPTION_END"",""SUBSCRIPTION_START""]",patternfamily_658b99f723570d15,pattern_107801334d80625f,4,SEQUENTIAL_CLOSED,187,MAIN,0.374,PARTIAL,False,SENSITIVE,131
pattern_111167e0263b9bca,Pattern,88,402784.0,0.0,0.0,181,0.0,ACCOUNT_SUPPORT_SCOPE_AND_OUTCOME,True,FULL_OBSERVED_JOURNEY,0.0,0.0,4577.090909090909,3121.5,88,SINGLE_CHURN,"[""CHURN"",""SUBSCRIPTION_START""]",patternfamily_41b1efc2c931b131,pattern_111167e0263b9bca,2,NGRAM_2_RAW_BIGRAM_SENSITIVITY,88,MAIN,0.4861878453038674,NONE,False,SENSITIVE,34
pattern_1178289f579da167,Pattern,463,2739222.0,0.926,0.926,500,0.0,ACCOUNT_SUPPORT_MAX_GAP_5_EVENTS_90_DAYS,True,FULL_OBSERVED_JOURNEY,0.0,0.0,5840.558635394456,5174.0,469,ALL_OUTCOMES,"[""SUBSCRIPTION_START"",""FEATURE""]",patternfamily_bf91e0719fb56149,pattern_1178289f579da167,2,SEQUENTIAL_CLOSED,463,MAIN,0.926,PARTIAL,False,ROBUST,447
pattern_11bb51bb93c23089,Pattern,89,861467.0,0.178,0.178,500,0.0,ACCOUNT_SUPPORT_MAX_GAP_5_EVENTS_90_DAYS,True,FULL_OBSERVED_JOURNEY,0.0,0.0,6109.695035460993,5174.0,141,ALL_OUTCOMES,"[""SUBSCRIPTION_START"",""SUBSCRIPTION_START"",""SUBSCRIPTION_END"",""SUBSCRIPTION_START"",""SUBSCRIPTION_START""]",patternfamily_858f1b619505b166,pattern_11bb51bb93c23089,5,SEQUENTIAL_CLOSED,89,MAIN,0.178,PARTIAL,False,SENSITIVE,52
pattern_13835f6c4a92a7c3,Pattern,14,55277.0,0.0,0.0,118,0.0,ACCOUNT_SUPPORT_SCOPE_AND_OUTCOME,True,BETWEEN_RECURRING_CHURNS,0.0,0.0,3948.3571428571427,3482.5,14,RECURRING_CHURN,"[""SUBSCRIPTION_END"",""SUBSCRIPTION_START""]",patternfamily_34a3b2bc29e4a2e6,pattern_13835f6c4a92a7c3,2,NGRAM_2_COLLAPSED,14,MAIN,0.11864406779661017,NONE,False,ROBUST,1
pattern_13feda33ddfde83d,Pattern,68,725148.0,0.136,0.136,500,0.0,ACCOUNT_SUPPORT_MAX_GAP_5_EVENTS_90_DAYS,True,FULL_OBSERVED_JOURNEY,0.0,0.0,6360.9473684210525,5572.0,114,ALL_OUTCOMES,"[""SUBSCRIPTION_START"",""SUBSCRIPTION_END"",""SUBSCRIPTION_START"",""SUBSCRIPTION_START"",""SUBSCRIPTION_START""]",patternfamily_8effd6901e4c2bfc,pattern_13feda33ddfde83d,5,SEQUENTIAL_CLOSED,68,MAIN,0.136,PARTIAL,False,SENSITIVE,45
pattern_14f94bf7ea081068,Pattern,255,2024045.0,0.51,0.51,500,0.0,ACCOUNT_SUPPORT_MAX_GAP_5_EVENTS_90_DAYS,True,FULL_OBSERVED_JOURNEY,0.0,0.0,6170.868902439024,5472.5,328,ALL_OUTCOMES,"[""SUBSCRIPTION_START"",""FEATURE"",""FEATURE"",""FEATURE"",""FEATURE""]",patternfamily_0864d522facb49d9,pattern_14f94bf7ea081068,5,SEQUENTIAL_CLOSED,255,MAIN,0.51,PARTIAL,False,SENSITIVE,196
pattern_162e4aa8e87d79ef,Pattern,79,465468.0,0.24307692307692308,0.24307692307692308,325,0.0,FIXED_90D_WINDOW_WITH_OBSERVATION_END_PSEUDO_CUTOFF,True,PRE_FIRST_CHURN,0.24307692307692308,0.0,5059.434782608696,4378.0,92,CHURN_OBSERVED,"[""SUBSCRIPTION_START"",""FEATURE"",""CHURN""]",patternfamily_c8f465ede58b9fd6,pattern_162e4aa8e87d79ef,3,PRE_CHURN_SUFFIX_90D_L3,79,MAIN,0.24307692307692308,NONE,False,SENSITIVE,3
pattern_1671afd5ad40762b,Pattern,14,44725.0,0.0,0.0,181,0.0,ACCOUNT_SUPPORT_SCOPE_AND_OUTCOME,True,FULL_OBSERVED_JOURNEY,0.0,0.0,3194.6428571428573,2668.5,14,SINGLE_CHURN,"[""CHURN"",""SUBSCRIPTION_START"",""SUBSCRIPTION_END""]",patternfamily_38d4b90697b36788,pattern_1671afd5ad40762b,3,NGRAM_3_COLLAPSED,14,MAIN,0.07734806629834254,NONE,False,SENSITIVE,4
pattern_1681ff4206821d3d,Pattern,57,538530.0,0.114,0.114,500,0.0,ACCOUNT_SUPPORT_MAX_GAP_5_EVENTS_90_DAYS,True,FULL_OBSERVED_JOURNEY,0.0,0.0,6488.313253012048,5572.0,83,ALL_OUTCOMES,"[""SUBSCRIPTION_START"",""FEATURE"",""SUBSCRIPTION_END"",""FEATURE"",""SUBSCRIPTION_END""]",patternfamily_f431c866058750af,pattern_1681ff4206821d3d,5,SEQUENTIAL_CLOSED,57,MAIN,0.114,PARTIAL,False,SENSITIVE,31
pattern_17740d62e384ddbb,Pattern,255,2739222.0,0.51,0.51,500,0.0,ACCOUNT_SUPPORT_MAX_GAP_5_EVENTS_90_DAYS,True,FULL_OBSERVED_JOURNEY,0.0,0.0,5840.558635394456,5174.0,469,ALL_OUTCOMES,"[""ACCOUNT"",""FEATURE""]",patternfamily_876b2385350cecaf,pattern_17740d62e384ddbb,2,SEQUENTIAL_CLOSED,255,MAIN,0.51,PARTIAL,False,ROBUST,212
pattern_17ec8be366b474e6,Pattern,120,1026214.0,0.24,0.24,500,0.0,ACCOUNT_SUPPORT_MAX_GAP_5_EVENTS_90_DAYS,True,FULL_OBSERVED_JOURNEY,0.0,0.0,6374.0,4776.0,161,ALL_OUTCOMES,"[""FEATURE"",""FEATURE"",""FEATURE"",""SUBSCRIPTION_END"",""FEATURE""]",patternfamily_8b34a20588cdccd7,pattern_17ec8be366b474e6,5,SEQUENTIAL_CLOSED,120,MAIN,0.24,PARTIAL,False,SENSITIVE,88
pattern_18d80006115ee5f9,Pattern,180,2522592.0,0.36,0.36,500,0.0,ACCOUNT_SUPPORT_MAX_GAP_5_EVENTS_90_DAYS,True,FULL_OBSERVED_JOURNEY,0.0,0.0,6063.923076923077,5174.0,416,ALL_OUTCOMES,"[""ACCOUNT"",""FEATURE"",""SUBSCRIPTION_START"",""SUBSCRIPTION_START""]",patternfamily_9f0f036585a76716,pattern_18d80006115ee5f9,4,SEQUENTIAL_CLOSED,180,MAIN,0.36,PARTIAL,False,SENSITIVE,122
pattern_19ebf33fd02a0231,Pattern,144,1112288.0,0.288,0.288,500,0.0,ACCOUNT_SUPPORT_MAX_GAP_5_EVENTS_90_DAYS,True,FULL_OBSERVED_JOURNEY,0.0,0.0,6145.237569060773,4776.0,181,ALL_OUTCOMES,"[""SUBSCRIPTION_START"",""SUBSCRIPTION_END"",""FEATURE"",""FEATURE""]",patternfamily_4bee8f95f540efb5,pattern_19ebf33fd02a0231,4,SEQUENTIAL_CLOSED,144,MAIN,0.288,PARTIAL,False,SENSITIVE,94
pattern_1a220b711baed6a8,Pattern,14,52176.0,0.0,0.0,118,0.0,ACCOUNT_SUPPORT_SCOPE_AND_OUTCOME,True,PRE_FIRST_CHURN,0.0,0.0,3726.8571428571427,3880.5,14,RECURRING_CHURN,"[""SUPPORT_CLOSE"",""SUPPORT_OPEN""]",patternfamily_45344d9e2481c531,pattern_1a220b711baed6a8,2,NGRAM_2_RAW_BIGRAM_SENSITIVITY,14,MAIN,0.11864406779661017,NONE,False,ROBUST,1
pattern_1ac96e26487d8185,Pattern,32,162215.0,0.0,0.0,118,0.0,ACCOUNT_SUPPORT_SCOPE_AND_OUTCOME,True,FULL_OBSERVED_JOURNEY,0.0,0.0,5069.21875,3980.0,32,RECURRING_CHURN,"[""SUBSCRIPTION_END"",""SUBSCRIPTION_START""]",patternfamily_685148cf80f467db,pattern_1ac96e26487d8185,2,NGRAM_2_RAW_BIGRAM_SENSITIVITY,32,MAIN,0.2711864406779661,NONE,False,SENSITIVE,4
pattern_1b073b7bee9b3764,Pattern,328,2311923.0,0.656,0.656,500,0.0,ACCOUNT_SUPPORT_MAX_GAP_5_EVENTS_90_DAYS,True,FULL_OBSERVED_JOURNEY,0.0,0.0,6068.03937007874,5174.0,381,ALL_OUTCOMES,"[""SUBSCRIPTION_START"",""FEATURE"",""SUBSCRIPTION_START"",""SUBSCRIPTION_START"",""FEATURE""]",patternfamily_d3b0d64c6e110831,pattern_1b073b7bee9b3764,5,SEQUENTIAL_CLOSED,328,MAIN,0.656,PARTIAL,False,ROBUST,276
pattern_1b83aea4da60a3d4,Pattern,15,42391.0,0.0,0.0,181,0.0,ACCOUNT_SUPPORT_SCOPE_AND_OUTCOME,True,FULL_OBSERVED_JOURNEY,0.0,0.0,2826.0666666666666,2156.0,15,SINGLE_CHURN,"[""SUPPORT_CLOSE"",""CHURN""]",patternfamily_95d8f921fa30c373,pattern_1b83aea4da60a3d4,2,NGRAM_2_COLLAPSED,15,MAIN,0.08287292817679558,NONE,False,ROBUST,3
pattern_1bcca2e7b238fb1e,Pattern,23,968553.0,0.046,0.046,500,0.0,ACCOUNT_SUPPORT_MAX_GAP_5_EVENTS_90_DAYS,True,FULL_OBSERVED_JOURNEY,0.0,0.0,5978.722222222223,4567.0,162,ALL_OUTCOMES,"[""ACCOUNT"",""FEATURE"",""SUBSCRIPTION_END"",""FEATURE"",""FEATURE""]",patternfamily_3f6fc8d2c7be5c2f,pattern_1bcca2e7b238fb1e,5,SEQUENTIAL_CLOSED,23,MAIN,0.046,PARTIAL,False,SENSITIVE,15
pattern_1c2cd666c69c8e6a,Pattern,273,2038930.0,0.546,0.546,500,0.0,ACCOUNT_SUPPORT_MAX_GAP_5_EVENTS_90_DAYS,True,FULL_OBSERVED_JOURNEY,0.0,0.0,6216.25,5373.0,328,ALL_OUTCOMES,"[""FEATURE"",""SUBSCRIPTION_START"",""SUBSCRIPTION_START"",""FEATURE"",""FEATURE""]",patternfamily_6d66aeb352daca05,pattern_1c2cd666c69c8e6a,5,SEQUENTIAL_CLOSED,273,MAIN,0.546,PARTIAL,False,SENSITIVE,213
pattern_1ce597cb48a8170b,Pattern,253,2019203.0,0.506,0.506,500,0.0,ACCOUNT_SUPPORT_MAX_GAP_5_EVENTS_90_DAYS,True,FULL_OBSERVED_JOURNEY,0.0,0.0,6270.816770186336,5572.0,322,ALL_OUTCOMES,"[""FEATURE"",""SUBSCRIPTION_START"",""SUBSCRIPTION_START"",""SUBSCRIPTION_START"",""FEATURE""]",patternfamily_49ccb90621bd25a6,pattern_1ce597cb48a8170b,5,SEQUENTIAL_CLOSED,253,MAIN,0.506,PARTIAL,False,SENSITIVE,196
pattern_1defc0322d4e737f,Pattern,46,394279.0,0.0,0.0,175,0.0,ACCOUNT_SUPPORT_SCOPE_AND_OUTCOME,True,FULL_OBSERVED_JOURNEY,0.0,0.0,8571.282608695652,6865.5,46,NO_CHURN_OBSERVED,"[""SUBSCRIPTION_END"",""FEATURE""]",patternfamily_c1f4ee18d4b32616,pattern_1defc0322d4e737f,2,NGRAM_2_COLLAPSED,46,MAIN,0.26285714285714284,NONE,False,ROBUST,130
pattern_1e3c1128a38cb05c,Pattern,297,1907658.0,0.594,0.594,500,0.0,ACCOUNT_SUPPORT_MAX_GAP_5_EVENTS_90_DAYS,True,FULL_OBSERVED_JOURNEY,0.0,0.0,6114.288461538462,5074.5,312,ALL_OUTCOMES,"[""SUBSCRIPTION_START"",""SUBSCRIPTION_END""]",patternfamily_5242c99e1a3f65ad,pattern_1e3c1128a38cb05c,2,SEQUENTIAL_CLOSED,297,MAIN,0.594,PARTIAL,False,ROBUST,256
pattern_1e52d5c9630a323a,Pattern,339,2092693.0,0.678,0.678,500,0.0,ACCOUNT_SUPPORT_MAX_GAP_5_EVENTS_90_DAYS,True,FULL_OBSERVED_JOURNEY,0.0,0.0,5894.90985915493,5174.0,355,ALL_OUTCOMES,"[""SUPPORT_CLOSE"",""FEATURE""]",patternfamily_4c00d6b253e63cef,pattern_1e52d5c9630a323a,2,SEQUENTIAL_CLOSED,339,MAIN,0.678,PARTIAL,False,SENSITIVE,180
pattern_1ebeb44328efd189,Pattern,173,2384860.0,0.346,0.346,500,0.0,ACCOUNT_SUPPORT_MAX_GAP_5_EVENTS_90_DAYS,True,FULL_OBSERVED_JOURNEY,0.0,0.0,5992.110552763819,5174.0,398,ALL_OUTCOMES,"[""ACCOUNT"",""SUBSCRIPTION_START"",""SUBSCRIPTION_START"",""SUBSCRIPTION_START"",""SUBSCRIPTION_START""]",patternfamily_b8699bd5db6c465a,pattern_1ebeb44328efd189,5,SEQUENTIAL_CLOSED,173,MAIN,0.346,PARTIAL,False,SENSITIVE,91
pattern_1f0feab91104dd2e,Pattern,52,1316143.0,0.104,0.104,500,0.0,ACCOUNT_SUPPORT_MAX_GAP_5_EVENTS_90_DAYS,True,FULL_OBSERVED_JOURNEY,0.0,0.0,6065.175115207373,4975.0,217,ALL_OUTCOMES,"[""ACCOUNT"",""FEATURE"",""SUBSCRIPTION_END"",""SUBSCRIPTION_START""]",patternfamily_844b02dc0799a74b,pattern_1f0feab91104dd2e,4,SEQUENTIAL_CLOSED,52,MAIN,0.104,PARTIAL,False,SENSITIVE,36
pattern_1f69c6f1442308c3,Pattern,79,1407861.0,0.158,0.158,500,0.0,ACCOUNT_SUPPORT_MAX_GAP_5_EVENTS_90_DAYS,True,FULL_OBSERVED_JOURNEY,0.0,0.0,6202.030837004405,5174.0,227,ALL_OUTCOMES,"[""ACCOUNT"",""FEATURE"",""SUBSCRIPTION_START"",""FEATURE"",""SUBSCRIPTION_END""]",patternfamily_53b361a5f16e1271,pattern_1f69c6f1442308c3,5,SEQUENTIAL_CLOSED,79,MAIN,0.158,PARTIAL,False,SENSITIVE,48
pattern_1fa8917176301206,Pattern,357,2435521.0,0.714,0.714,500,0.0,ACCOUNT_SUPPORT_MAX_GAP_5_EVENTS_90_DAYS,True,FULL_OBSERVED_JOURNEY,0.0,0.0,6134.813602015113,5174.0,397,ALL_OUTCOMES,"[""SUBSCRIPTION_START"",""FEATURE"",""SUBSCRIPTION_START"",""FEATURE"",""SUBSCRIPTION_START""]",patternfamily_3a63cf42a30160b0,pattern_1fa8917176301206,5,SEQUENTIAL_CLOSED,357,MAIN,0.714,PARTIAL,False,ROBUST,320
pattern_1fc38355ecdf525a,Pattern,111,842547.0,0.222,0.222,500,0.0,ACCOUNT_SUPPORT_MAX_GAP_5_EVENTS_90_DAYS,True,FULL_OBSERVED_JOURNEY,0.0,0.0,6287.664179104478,5373.0,134,ALL_OUTCOMES,"[""SUBSCRIPTION_END"",""SUBSCRIPTION_START"",""FEATURE"",""SUBSCRIPTION_START"",""FEATURE""]",patternfamily_fad01d988d35aa96,pattern_1fc38355ecdf525a,5,SEQUENTIAL_CLOSED,111,MAIN,0.222,PARTIAL,False,SENSITIVE,83
pattern_208242611911089e,Pattern,265,1650912.0,0.53,0.53,500,0.0,ACCOUNT_SUPPORT_MAX_GAP_5_EVENTS_90_DAYS,True,FULL_OBSERVED_JOURNEY,0.0,0.0,6003.316363636363,4975.0,275,ALL_OUTCOMES,"[""FEATURE"",""SUBSCRIPTION_END""]",patternfamily_2d9da9d50529dab7,pattern_208242611911089e,2,SEQUENTIAL_CLOSED,265,MAIN,0.53,PARTIAL,False,ROBUST,216
pattern_20eec1933379e348,Pattern,43,409612.0,0.086,0.086,500,0.0,ACCOUNT_SUPPORT_MAX_GAP_5_EVENTS_90_DAYS,True,FULL_OBSERVED_JOURNEY,0.0,0.0,7186.175438596491,5771.0,57,ALL_OUTCOMES,"[""SUBSCRIPTION_END"",""FEATURE"",""SUBSCRIPTION_START"",""SUBSCRIPTION_START"",""SUBSCRIPTION_END""]",patternfamily_5f2a388eeae4fb1e,pattern_20eec1933379e348,5,SEQUENTIAL_CLOSED,43,MAIN,0.086,PARTIAL,False,SENSITIVE,26
pattern_212e87362e8a65f9,Pattern,10,33452.0,0.0,0.0,99,0.0,ACCOUNT_SUPPORT_SCOPE_AND_OUTCOME,True,LANDMARK_90D_JOURNEY,0.0,0.0,3345.2,2004.0,10,RECURRING_CHURN,"[""CHURN"",""FEATURE""]",patternfamily_6a7d47cfde7b4850,pattern_212e87362e8a65f9,2,NGRAM_2_RAW_BIGRAM_SENSITIVITY,10,MAIN,0.10101010101010101,NONE,False,SENSITIVE,1
pattern_21b8fdcf4f6e5941,Pattern,159,1227305.0,0.318,0.318,500,0.0,ACCOUNT_SUPPORT_MAX_GAP_5_EVENTS_90_DAYS,True,FULL_OBSERVED_JOURNEY,0.0,0.0,6198.510101010101,4975.0,198,ALL_OUTCOMES,"[""SUBSCRIPTION_START"",""FEATURE"",""SUBSCRIPTION_START"",""SUBSCRIPTION_END"",""SUBSCRIPTION_START""]",patternfamily_37db4ae63615c13c,pattern_21b8fdcf4f6e5941,5,SEQUENTIAL_CLOSED,159,MAIN,0.318,PARTIAL,False,SENSITIVE,110
pattern_21de267e1b8c267b,Pattern,32,350881.0,0.064,0.064,500,0.0,ACCOUNT_SUPPORT_MAX_GAP_5_EVENTS_90_DAYS,True,FULL_OBSERVED_JOURNEY,0.0,0.0,7797.355555555556,5771.0,45,ALL_OUTCOMES,"[""SUBSCRIPTION_END"",""SUBSCRIPTION_START"",""SUBSCRIPTION_START"",""SUBSCRIPTION_START"",""SUBSCRIPTION_END""]",patternfamily_711191d88fcd169e,pattern_21de267e1b8c267b,5,SEQUENTIAL_CLOSED,32,MAIN,0.064,PARTIAL,False,SENSITIVE,16
pattern_2202c96fc9a9b21f,Pattern,142,1094256.0,0.284,0.284,500,0.0,ACCOUNT_SUPPORT_MAX_GAP_5_EVENTS_90_DAYS,True,FULL_OBSERVED_JOURNEY,0.0,0.0,6217.363636363636,4875.5,176,ALL_OUTCOMES,"[""FEATURE"",""FEATURE"",""SUBSCRIPTION_START"",""SUBSCRIPTION_END"",""FEATURE""]",patternfamily_37a44c56111a2e44,pattern_2202c96fc9a9b21f,5,SEQUENTIAL_CLOSED,142,MAIN,0.284,PARTIAL,False,SENSITIVE,107
pattern_2245e0ef333a1af5,Pattern,51,477396.0,0.102,0.102,500,0.0,ACCOUNT_SUPPORT_MAX_GAP_5_EVENTS_90_DAYS,True,FULL_OBSERVED_JOURNEY,0.0,0.0,6723.887323943662,5572.0,71,ALL_OUTCOMES,"[""FEATURE"",""SUBSCRIPTION_END"",""FEATURE"",""SUBSCRIPTION_START"",""SUBSCRIPTION_END""]",patternfamily_65a5549990ea79a7,pattern_2245e0ef333a1af5,5,SEQUENTIAL_CLOSED,51,MAIN,0.102,PARTIAL,False,SENSITIVE,28
pattern_22aac8a0c5d75368,Pattern,29,270771.0,0.058,0.058,500,0.0,ACCOUNT_SUPPORT_MAX_GAP_5_EVENTS_90_DAYS,True,FULL_OBSERVED_JOURNEY,0.0,0.0,6942.846153846154,5572.0,39,ALL_OUTCOMES,"[""SUBSCRIPTION_END"",""FEATURE"",""FEATURE"",""SUBSCRIPTION_END"",""SUBSCRIPTION_START""]",patternfamily_d3c2069809cee9c5,pattern_22aac8a0c5d75368,5,SEQUENTIAL_CLOSED,29,MAIN,0.058,PARTIAL,False,SENSITIVE,16
pattern_22f2b1dcb4c86395,Pattern,14,82575.0,0.0,0.0,181,0.0,ACCOUNT_SUPPORT_SCOPE_AND_OUTCOME,True,PRE_FIRST_CHURN,0.0,0.0,5898.214285714285,6268.5,14,SINGLE_CHURN,"[""SUPPORT_CLOSE"",""SUPPORT_OPEN""]",patternfamily_f8812742e356b85a,pattern_22f2b1dcb4c86395,2,NGRAM_2_COLLAPSED,14,MAIN,0.07734806629834254,NONE,False,SENSITIVE,2
pattern_232c4515d2fcd388,Pattern,31,141015.0,0.0,0.0,118,0.0,ACCOUNT_SUPPORT_SCOPE_AND_OUTCOME,True,FULL_OBSERVED_JOURNEY,0.0,0.0,4548.870967741936,2388.0,31,RECURRING_CHURN,"[""SUBSCRIPTION_END"",""FEATURE""]",patternfamily_c2613e07de9358d0,pattern_232c4515d2fcd388,2,NGRAM_2_RAW_BIGRAM_SENSITIVITY,31,MAIN,0.2627118644067797,NONE,False,ROBUST,2
pattern_235b1b68e355a0ae,Pattern,23,85623.0,0.0,0.0,118,0.0,ACCOUNT_SUPPORT_SCOPE_AND_OUTCOME,True,FULL_OBSERVED_JOURNEY,0.0,0.0,3722.7391304347825,3781.0,23,RECURRING_CHURN,"[""SUPPORT_CLOSE"",""SUPPORT_OPEN""]",patternfamily_45344d9e2481c531,pattern_235b1b68e355a0ae,2,NGRAM_2_RAW_BIGRAM_SENSITIVITY,23,MAIN,0.19491525423728814,NONE,False,SENSITIVE,1
pattern_2464e98ad2c531d6,Pattern,55,476259.0,0.11,0.11,500,0.0,ACCOUNT_SUPPORT_MAX_GAP_5_EVENTS_90_DAYS,True,FULL_OBSERVED_JOURNEY,0.0,0.0,7003.808823529412,5771.0,68,ALL_OUTCOMES,"[""SUBSCRIPTION_END"",""FEATURE"",""SUBSCRIPTION_START"",""FEATURE"",""SUBSCRIPTION_END""]",patternfamily_b8a5f1be95a63426,pattern_2464e98ad2c531d6,5,SEQUENTIAL_CLOSED,55,MAIN,0.11,PARTIAL,False,SENSITIVE,31
pattern_269afcf3ca9cf296,Pattern,15,138703.0,0.0,0.0,145,0.0,ACCOUNT_SUPPORT_SCOPE_AND_OUTCOME,True,LANDMARK_90D_JOURNEY,0.0,0.0,9246.866666666667,7960.0,15,NO_CHURN_OBSERVED,"[""SUPPORT_CLOSE"",""FEATURE""]",patternfamily_271d6610f3a641b4,pattern_269afcf3ca9cf296,2,NGRAM_2_COLLAPSED,15,MAIN,0.10344827586206896,NONE,False,SENSITIVE,21
pattern_272a3981823efd47,Pattern,24,76788.0,0.07384615384615385,0.07384615384615385,325,0.0,FIXED_60D_WINDOW_WITH_OBSERVATION_END_PSEUDO_CUTOFF,True,PRE_FIRST_CHURN,0.07384615384615385,0.0,2953.3846153846152,1984.5,26,CHURN_OBSERVED,"[""SUPPORT_CLOSE"",""CHURN""]",patternfamily_96a1c7b74b5d3cac,pattern_272a3981823efd47,2,PRE_CHURN_SUFFIX_60D_L2,24,MAIN,0.07384615384615385,NONE,False,ROBUST,4
pattern_272c4225afcdbab5,Pattern,61,1650912.0,0.122,0.122,500,0.0,ACCOUNT_SUPPORT_MAX_GAP_5_EVENTS_90_DAYS,True,FULL_OBSERVED_JOURNEY,0.0,0.0,6003.316363636363,4975.0,275,ALL_OUTCOMES,"[""ACCOUNT"",""FEATURE"",""SUBSCRIPTION_END""]",patternfamily_ee8cb48d5b61969f,pattern_272c4225afcdbab5,3,SEQUENTIAL_CLOSED,61,MAIN,0.122,PARTIAL,False,SENSITIVE,47
pattern_2761d8359c2f5d59,Pattern,32,162215.0,0.0,0.0,118,0.0,ACCOUNT_SUPPORT_SCOPE_AND_OUTCOME,True,FULL_OBSERVED_JOURNEY,0.0,0.0,5069.21875,3980.0,32,RECURRING_CHURN,"[""SUBSCRIPTION_END"",""SUBSCRIPTION_START""]",patternfamily_34a3b2bc29e4a2e6,pattern_2761d8359c2f5d59,2,NGRAM_2_COLLAPSED,32,MAIN,0.2711864406779661,NONE,False,SENSITIVE,4
pattern_280d9a30cfa1fd2b,Pattern,147,1048738.0,0.294,0.294,500,0.0,ACCOUNT_SUPPORT_MAX_GAP_5_EVENTS_90_DAYS,True,FULL_OBSERVED_JOURNEY,0.0,0.0,6132.970760233919,4776.0,171,ALL_OUTCOMES,"[""FEATURE"",""SUBSCRIPTION_END"",""FEATURE"",""SUBSCRIPTION_START""]",patternfamily_837ee82d5d3cce5e,pattern_280d9a30cfa1fd2b,4,SEQUENTIAL_CLOSED,147,MAIN,0.294,PARTIAL,False,SENSITIVE,107
pattern_28157cc7ed3beb92,Pattern,86,1560636.0,0.172,0.172,500,0.0,ACCOUNT_SUPPORT_MAX_GAP_5_EVENTS_90_DAYS,True,FULL_OBSERVED_JOURNEY,0.0,0.0,6168.521739130435,4975.0,253,ALL_OUTCOMES,"[""ACCOUNT"",""SUBSCRIPTION_START"",""SUBSCRIPTION_END"",""SUBSCRIPTION_START""]",patternfamily_673cabb4d2926714,pattern_28157cc7ed3beb92,4,SEQUENTIAL_CLOSED,86,MAIN,0.172,PARTIAL,False,SENSITIVE,58
pattern_28666e6661abcaeb,Pattern,42,1157986.0,0.084,0.084,500,0.0,ACCOUNT_SUPPORT_MAX_GAP_5_EVENTS_90_DAYS,True,FULL_OBSERVED_JOURNEY,0.0,0.0,6126.910052910053,4975.0,189,ALL_OUTCOMES,"[""ACCOUNT"",""FEATURE"",""FEATURE"",""SUBSCRIPTION_END"",""FEATURE""]",patternfamily_8d99f52c6cc3c75c,pattern_28666e6661abcaeb,5,SEQUENTIAL_CLOSED,42,MAIN,0.084,PARTIAL,False,SENSITIVE,25
pattern_298b809bec9691f9,Pattern,131,968553.0,0.262,0.262,500,0.0,ACCOUNT_SUPPORT_MAX_GAP_5_EVENTS_90_DAYS,True,FULL_OBSERVED_JOURNEY,0.0,0.0,5978.722222222223,4567.0,162,ALL_OUTCOMES,"[""FEATURE"",""SUBSCRIPTION_END"",""FEATURE"",""FEATURE""]",patternfamily_05c9aa9458991559,pattern_298b809bec9691f9,4,SEQUENTIAL_CLOSED,131,MAIN,0.262,PARTIAL,False,SENSITIVE,87
pattern_299755ad41e4eacd,Pattern,156,1205826.0,0.0,0.0,175,0.0,ACCOUNT_SUPPORT_SCOPE_AND_OUTCOME,True,FULL_OBSERVED_JOURNEY,0.0,0.0,7729.653846153846,6965.0,156,NO_CHURN_OBSERVED,"[""FEATURE"",""SUBSCRIPTION_START""]",patternfamily_a09c08fc1d6eb1d7,pattern_299755ad41e4eacd,2,NGRAM_2_COLLAPSED,156,MAIN,0.8914285714285715,NONE,False,ROBUST,397
pattern_29e981e8bd84741a,Pattern,30,264466.0,0.06,0.06,500,0.0,ACCOUNT_SUPPORT_MAX_GAP_5_EVENTS_90_DAYS,True,FULL_OBSERVED_JOURNEY,0.0,0.0,6450.390243902439,5572.0,41,ALL_OUTCOMES,"[""SUBSCRIPTION_END"",""FEATURE"",""SUBSCRIPTION_END"",""FEATURE"",""SUBSCRIPTION_START""]",patternfamily_9e040d47db4728f8,pattern_29e981e8bd84741a,5,SEQUENTIAL_CLOSED,30,MAIN,0.06,PARTIAL,False,SENSITIVE,15
pattern_2a03dc86e8a37c4d,Pattern,10,83759.0,0.0,0.0,154,0.0,ACCOUNT_SUPPORT_SCOPE_AND_OUTCOME,True,LANDMARK_60D_JOURNEY,0.0,0.0,8375.9,8059.5,10,NO_CHURN_OBSERVED,"[""SUBSCRIPTION_START"",""SUBSCRIPTION_END""]",patternfamily_169478a2eadb6958,pattern_2a03dc86e8a37c4d,2,NGRAM_2_COLLAPSED,10,MAIN,0.06493506493506493,NONE,False,SENSITIVE,18
pattern_2a3740b783e70397,Pattern,204,2392710.0,0.408,0.408,500,0.0,ACCOUNT_SUPPORT_MAX_GAP_5_EVENTS_90_DAYS,True,FULL_OBSERVED_JOURNEY,0.0,0.0,5952.014925373134,5174.0,402,ALL_OUTCOMES,"[""ACCOUNT"",""SUBSCRIPTION_START"",""SUBSCRIPTION_START"",""FEATURE"",""FEATURE""]",patternfamily_803e328d7793e352,pattern_2a3740b783e70397,5,SEQUENTIAL_CLOSED,204,MAIN,0.408,PARTIAL,False,SENSITIVE,125
pattern_2aeefd48b242b6a6,Pattern,429,2624398.0,0.858,0.858,500,0.0,ACCOUNT_SUPPORT_MAX_GAP_5_EVENTS_90_DAYS,True,FULL_OBSERVED_JOURNEY,0.0,0.0,5858.03125,4975.0,448,ALL_OUTCOMES,"[""SUBSCRIPTION_START"",""SUBSCRIPTION_START"",""FEATURE""]",patternfamily_897db8100c150d0d,pattern_2aeefd48b242b6a6,3,SEQUENTIAL_CLOSED,429,MAIN,0.858,PARTIAL,False,ROBUST,372
pattern_2b2ae5211d0e8314,Pattern,255,1774619.0,0.51,0.51,500,0.0,ACCOUNT_SUPPORT_MAX_GAP_5_EVENTS_90_DAYS,True,FULL_OBSERVED_JOURNEY,0.0,0.0,6015.657627118644,5174.0,295,ALL_OUTCOMES,"[""SUPPORT_OPEN"",""SUBSCRIPTION_START"",""FEATURE"",""SUBSCRIPTION_START"",""FEATURE""]",patternfamily_71ae23a1b2b96030,pattern_2b2ae5211d0e8314,5,SEQUENTIAL_CLOSED,255,MAIN,0.51,PARTIAL,False,SENSITIVE,128
pattern_2b8de2f31a86c179,Pattern,14,55277.0,0.0,0.0,118,0.0,ACCOUNT_SUPPORT_SCOPE_AND_OUTCOME,True,BETWEEN_RECURRING_CHURNS,0.0,0.0,3948.3571428571427,3482.5,14,RECURRING_CHURN,"[""SUBSCRIPTION_END"",""SUBSCRIPTION_START""]",patternfamily_685148cf80f467db,pattern_2b8de2f31a86c179,2,NGRAM_2_RAW_BIGRAM_SENSITIVITY,14,MAIN,0.11864406779661017,NONE,False,ROBUST,1
pattern_2bfc9c7df7b4525f,Pattern,31,1051791.0,0.062,0.062,500,0.0,ACCOUNT_SUPPORT_MAX_GAP_5_EVENTS_90_DAYS,True,FULL_OBSERVED_JOURNEY,0.0,0.0,6079.71676300578,4975.0,173,ALL_OUTCOMES,"[""ACCOUNT"",""FEATURE"",""SUBSCRIPTION_END"",""SUBSCRIPTION_START"",""FEATURE""]",patternfamily_fa6726c5c7d39d52,pattern_2bfc9c7df7b4525f,5,SEQUENTIAL_CLOSED,31,MAIN,0.062,PARTIAL,False,ROBUST,26
pattern_2c699d59ff9cb191,Pattern,151,1243301.0,0.302,0.302,500,0.0,ACCOUNT_SUPPORT_MAX_GAP_5_EVENTS_90_DAYS,True,FULL_OBSERVED_JOURNEY,0.0,0.0,6311.172588832487,4975.0,197,ALL_OUTCOMES,"[""FEATURE"",""FEATURE"",""FEATURE"",""SUBSCRIPTION_END""]",patternfamily_b0ee6c0a55825acb,pattern_2c699d59ff9cb191,4,SEQUENTIAL_CLOSED,151,MAIN,0.302,PARTIAL,False,SENSITIVE,107
pattern_2d77d501cc02a052,Pattern,18,156681.0,0.0,0.0,154,0.0,ACCOUNT_SUPPORT_SCOPE_AND_OUTCOME,True,LANDMARK_60D_JOURNEY,0.0,0.0,8704.5,7661.5,18,NO_CHURN_OBSERVED,"[""SUPPORT_CLOSE"",""SUBSCRIPTION_START""]",patternfamily_2e8cc8b6bc21ae13,pattern_2d77d501cc02a052,2,NGRAM_2_COLLAPSED,18,MAIN,0.11688311688311688,NONE,False,SENSITIVE,24
pattern_2d9fbf18df1c1cf1,Pattern,162,1193625.0,0.324,0.324,500,0.0,ACCOUNT_SUPPORT_MAX_GAP_5_EVENTS_90_DAYS,True,FULL_OBSERVED_JOURNEY,0.0,0.0,6184.58549222798,4975.0,193,ALL_OUTCOMES,"[""SUBSCRIPTION_START"",""SUBSCRIPTION_END"",""SUBSCRIPTION_START"",""FEATURE""]",patternfamily_372d5595ca838e85,pattern_2d9fbf18df1c1cf1,4,SEQUENTIAL_CLOSED,162,MAIN,0.324,PARTIAL,False,SENSITIVE,122
pattern_2db82dc5618bff79,Pattern,65,613149.0,0.13,0.13,500,0.0,ACCOUNT_SUPPORT_MAX_GAP_5_EVENTS_90_DAYS,True,FULL_OBSERVED_JOURNEY,0.0,0.0,6967.602272727273,5771.0,88,ALL_OUTCOMES,"[""SUBSCRIPTION_END"",""FEATURE"",""SUBSCRIPTION_START"",""SUBSCRIPTION_START"",""SUBSCRIPTION_START""]",patternfamily_90e0fd703ffda959,pattern_2db82dc5618bff79,5,SEQUENTIAL_CLOSED,65,MAIN,0.13,PARTIAL,False,SENSITIVE,45
pattern_2e193a13d3a5920c,Pattern,102,464164.0,0.0,0.0,118,0.0,ACCOUNT_SUPPORT_SCOPE_AND_OUTCOME,True,FULL_OBSERVED_JOURNEY,0.0,0.0,4550.6274509803925,3184.5,102,RECURRING_CHURN,"[""FEATURE"",""SUBSCRIPTION_START""]",patternfamily_a09c08fc1d6eb1d7,pattern_2e193a13d3a5920c,2,NGRAM_2_COLLAPSED,102,MAIN,0.864406779661017,NONE,False,ROBUST,6
pattern_2e2327fbb269a2f1,Pattern,156,1112288.0,0.312,0.312,500,0.0,ACCOUNT_SUPPORT_MAX_GAP_5_EVENTS_90_DAYS,True,FULL_OBSERVED_JOURNEY,0.0,0.0,6145.237569060773,4776.0,181,ALL_OUTCOMES,"[""SUBSCRIPTION_END"",""FEATURE"",""FEATURE""]",patternfamily_a99a8c2a946f8c4f,pattern_2e2327fbb269a2f1,3,SEQUENTIAL_CLOSED,156,MAIN,0.312,PARTIAL,False,SENSITIVE,112
pattern_2ea26257684fbc38,Pattern,81,704888.0,0.162,0.162,500,0.0,ACCOUNT_SUPPORT_MAX_GAP_5_EVENTS_90_DAYS,True,FULL_OBSERVED_JOURNEY,0.0,0.0,6526.740740740741,5572.0,108,ALL_OUTCOMES,"[""SUBSCRIPTION_END"",""SUBSCRIPTION_START"",""FEATURE"",""FEATURE"",""FEATURE""]",patternfamily_6052dd7ae7071460,pattern_2ea26257684fbc38,5,SEQUENTIAL_CLOSED,81,MAIN,0.162,PARTIAL,False,SENSITIVE,43
pattern_2f1458ed10a6e7b5,Pattern,138,1312056.0,0.276,0.276,500,0.0,ACCOUNT_SUPPORT_MAX_GAP_5_EVENTS_90_DAYS,True,FULL_OBSERVED_JOURNEY,0.0,0.0,6159.887323943662,4975.0,213,ALL_OUTCOMES,"[""SUBSCRIPTION_START"",""SUBSCRIPTION_START"",""SUBSCRIPTION_START"",""SUBSCRIPTION_START"",""SUBSCRIPTION_END""]",patternfamily_7ce5864215c02afd,pattern_2f1458ed10a6e7b5,5,SEQUENTIAL_CLOSED,138,MAIN,0.276,PARTIAL,False,SENSITIVE,79
pattern_2f1f9f998d9a729a,Pattern,145,1027876.0,0.29,0.29,500,0.0,ACCOUNT_SUPPORT_MAX_GAP_5_EVENTS_90_DAYS,True,FULL_OBSERVED_JOURNEY,0.0,0.0,6267.536585365854,5074.5,164,ALL_OUTCOMES,"[""SUBSCRIPTION_END"",""FEATURE"",""SUBSCRIPTION_START"",""FEATURE""]",patternfamily_c69e504eba96d311,pattern_2f1f9f998d9a729a,4,SEQUENTIAL_CLOSED,145,MAIN,0.29,PARTIAL,False,SENSITIVE,110
pattern_2fa9f3f86422223c,Pattern,136,1112793.0,0.272,0.272,500,0.0,ACCOUNT_SUPPORT_MAX_GAP_5_EVENTS_90_DAYS,True,FULL_OBSERVED_JOURNEY,0.0,0.0,6469.726744186047,4975.0,172,ALL_OUTCOMES,"[""FEATURE"",""FEATURE"",""SUBSCRIPTION_START"",""SUBSCRIPTION_START"",""SUBSCRIPTION_END""]",patternfamily_c7acecbd3bb75e0e,pattern_2fa9f3f86422223c,5,SEQUENTIAL_CLOSED,136,MAIN,0.272,PARTIAL,False,SENSITIVE,93
pattern_305d48977902b182,Pattern,105,1650912.0,0.21,0.21,500,0.0,ACCOUNT_SUPPORT_MAX_GAP_5_EVENTS_90_DAYS,True,FULL_OBSERVED_JOURNEY,0.0,0.0,6003.316363636363,4975.0,275,ALL_OUTCOMES,"[""ACCOUNT"",""SUBSCRIPTION_START"",""FEATURE"",""SUBSCRIPTION_END""]",patternfamily_7ee3d5a6470b7b83,pattern_305d48977902b182,4,SEQUENTIAL_CLOSED,105,MAIN,0.21,PARTIAL,False,SENSITIVE,64
pattern_30dcb471bd2b3efc,Pattern,48,1193625.0,0.096,0.096,500,0.0,ACCOUNT_SUPPORT_MAX_GAP_5_EVENTS_90_DAYS,True,FULL_OBSERVED_JOURNEY,0.0,0.0,6184.58549222798,4975.0,193,ALL_OUTCOMES,"[""ACCOUNT"",""SUBSCRIPTION_START"",""SUBSCRIPTION_END"",""SUBSCRIPTION_START"",""FEATURE""]",patternfamily_f235d6028342a671,pattern_30dcb471bd2b3efc,5,SEQUENTIAL_CLOSED,48,MAIN,0.096,PARTIAL,False,SENSITIVE,33
pattern_32642b773f69fe59,Pattern,278,1867378.0,0.556,0.556,500,0.0,ACCOUNT_SUPPORT_MAX_GAP_5_EVENTS_90_DAYS,True,FULL_OBSERVED_JOURNEY,0.0,0.0,5872.25786163522,5174.0,318,ALL_OUTCOMES,"[""SUPPORT_CLOSE"",""SUBSCRIPTION_START"",""FEATURE"",""SUBSCRIPTION_START""]",patternfamily_429401fe49d70ebe,pattern_32642b773f69fe59,4,SEQUENTIAL_CLOSED,278,MAIN,0.556,PARTIAL,False,SENSITIVE,143
pattern_330b89850a8e4e86,Pattern,317,2871445.0,0.634,0.634,500,0.0,ACCOUNT_SUPPORT_MAX_GAP_5_EVENTS_90_DAYS,True,FULL_OBSERVED_JOURNEY,0.0,0.0,5860.091836734694,4975.0,490,ALL_OUTCOMES,"[""ACCOUNT"",""SUBSCRIPTION_START"",""SUBSCRIPTION_START""]",patternfamily_f789d265a7da9d88,pattern_330b89850a8e4e86,3,SEQUENTIAL_CLOSED,317,MAIN,0.634,PARTIAL,False,SENSITIVE,218
pattern_33683b9ceca31756,Pattern,102,852145.0,0.204,0.204,500,0.0,ACCOUNT_SUPPORT_MAX_GAP_5_EVENTS_90_DAYS,True,FULL_OBSERVED_JOURNEY,0.0,0.0,6407.105263157895,5572.0,133,ALL_OUTCOMES,"[""SUBSCRIPTION_END"",""FEATURE"",""SUBSCRIPTION_START"",""SUBSCRIPTION_START""]",patternfamily_5646a886c865bdaf,pattern_33683b9ceca31756,4,SEQUENTIAL_CLOSED,102,MAIN,0.204,PARTIAL,False,SENSITIVE,71
pattern_336ddd2ccee802c2,Pattern,13,47646.0,0.0,0.0,118,0.0,ACCOUNT_SUPPORT_SCOPE_AND_OUTCOME,True,FULL_OBSERVED_JOURNEY,0.0,0.0,3665.076923076923,3185.0,13,RECURRING_CHURN,"[""SUPPORT_CLOSE"",""CHURN""]",patternfamily_95d8f921fa30c373,pattern_336ddd2ccee802c2,2,NGRAM_2_COLLAPSED,13,MAIN,0.11016949152542373,NONE,False,ROBUST,1
pattern_343dd032f20fc200,Pattern,346,2093240.0,0.692,0.692,500,0.0,ACCOUNT_SUPPORT_MAX_GAP_5_EVENTS_90_DAYS,True,FULL_OBSERVED_JOURNEY,0.0,0.0,5863.417366946779,5174.0,357,ALL_OUTCOMES,"[""SUPPORT_CLOSE"",""SUBSCRIPTION_START""]",patternfamily_a4b81d04d4ebb932,pattern_343dd032f20fc200,2,SEQUENTIAL_CLOSED,346,MAIN,0.692,PARTIAL,False,SENSITIVE,195
pattern_3559aaddd7647ae1,Pattern,219,1560636.0,0.438,0.438,500,0.0,ACCOUNT_SUPPORT_MAX_GAP_5_EVENTS_90_DAYS,True,FULL_OBSERVED_JOURNEY,0.0,0.0,6168.521739130435,4975.0,253,ALL_OUTCOMES,"[""SUBSCRIPTION_START"",""SUBSCRIPTION_END"",""SUBSCRIPTION_START""]",patternfamily_cfd3643e4a07327c,pattern_3559aaddd7647ae1,3,SEQUENTIAL_CLOSED,219,MAIN,0.438,PARTIAL,False,SENSITIVE,174
pattern_35b13a0a0c17cd4a,Pattern,69,1326048.0,0.138,0.138,500,0.0,ACCOUNT_SUPPORT_MAX_GAP_5_EVENTS_90_DAYS,True,FULL_OBSERVED_JOURNEY,0.0,0.0,6082.788990825688,4875.5,218,ALL_OUTCOMES,"[""ACCOUNT"",""SUBSCRIPTION_START"",""FEATURE"",""SUBSCRIPTION_END"",""FEATURE""]",patternfamily_2158f9c5ac57cd2c,pattern_35b13a0a0c17cd4a,5,SEQUENTIAL_CLOSED,69,MAIN,0.138,PARTIAL,False,SENSITIVE,39
pattern_3739b9d82c13df7d,Pattern,36,376813.0,0.072,0.072,500,0.0,ACCOUNT_SUPPORT_MAX_GAP_5_EVENTS_90_DAYS,True,FULL_OBSERVED_JOURNEY,0.0,0.0,7246.403846153846,5771.0,52,ALL_OUTCOMES,"[""SUBSCRIPTION_END"",""SUBSCRIPTION_START"",""SUBSCRIPTION_START"",""FEATURE"",""SUBSCRIPTION_END""]",patternfamily_e1802f74e9fb56bd,pattern_3739b9d82c13df7d,5,SEQUENTIAL_CLOSED,36,MAIN,0.072,PARTIAL,False,SENSITIVE,21
pattern_379bc3dbf2e2bfa1,Pattern,269,2181502.0,0.538,0.538,500,0.0,ACCOUNT_SUPPORT_MAX_GAP_5_EVENTS_90_DAYS,True,FULL_OBSERVED_JOURNEY,0.0,0.0,6042.941828254848,5174.0,361,ALL_OUTCOMES,"[""SUBSCRIPTION_START"",""SUBSCRIPTION_START"",""SUBSCRIPTION_START"",""FEATURE"",""FEATURE""]",patternfamily_5f14d9ce61a9d84a,pattern_379bc3dbf2e2bfa1,5,SEQUENTIAL_CLOSED,269,MAIN,0.538,PARTIAL,False,SENSITIVE,193
pattern_3929d96fb064bc35,Pattern,244,2707633.0,0.488,0.488,500,0.0,ACCOUNT_SUPPORT_MAX_GAP_5_EVENTS_90_DAYS,True,FULL_OBSERVED_JOURNEY,0.0,0.0,5886.158695652174,5174.0,460,ALL_OUTCOMES,"[""ACCOUNT"",""FEATURE"",""SUBSCRIPTION_START""]",patternfamily_cd6400994b473955,pattern_3929d96fb064bc35,3,SEQUENTIAL_CLOSED,244,MAIN,0.488,PARTIAL,False,SENSITIVE,194
pattern_39454194718f1519,Pattern,163,2461627.0,0.326,0.326,500,0.0,ACCOUNT_SUPPORT_MAX_GAP_5_EVENTS_90_DAYS,True,FULL_OBSERVED_JOURNEY,0.0,0.0,6078.0913580246915,5174.0,405,ALL_OUTCOMES,"[""ACCOUNT"",""FEATURE"",""FEATURE"",""SUBSCRIPTION_START""]",patternfamily_1b084d6512068e00,pattern_39454194718f1519,4,SEQUENTIAL_CLOSED,163,MAIN,0.326,PARTIAL,False,SENSITIVE,120
pattern_397b7706ee5651f2,Pattern,372,2435521.0,0.744,0.744,500,0.0,ACCOUNT_SUPPORT_MAX_GAP_5_EVENTS_90_DAYS,True,FULL_OBSERVED_JOURNEY,0.0,0.0,6134.813602015113,5174.0,397,ALL_OUTCOMES,"[""FEATURE"",""SUBSCRIPTION_START"",""FEATURE"",""SUBSCRIPTION_START""]",patternfamily_b09d7a56097334e4,pattern_397b7706ee5651f2,4,SEQUENTIAL_CLOSED,372,MAIN,0.744,PARTIAL,False,ROBUST,347
pattern_3a1a1e3603b366a5,Pattern,14,127353.0,0.0,0.0,167,0.0,ACCOUNT_SUPPORT_SCOPE_AND_OUTCOME,True,LANDMARK_30D_JOURNEY,0.0,0.0,9096.642857142857,7064.5,14,NO_CHURN_OBSERVED,"[""FEATURE"",""SUBSCRIPTION_START""]",patternfamily_fc2ef6649f2187ad,pattern_3a1a1e3603b366a5,2,NGRAM_2_RAW_BIGRAM_SENSITIVITY,14,MAIN,0.08383233532934131,NONE,False,ROBUST,43
pattern_3a54e0f417c5213b,Pattern,94,872952.0,0.188,0.188,500,0.0,ACCOUNT_SUPPORT_MAX_GAP_5_EVENTS_90_DAYS,True,FULL_OBSERVED_JOURNEY,0.0,0.0,6280.230215827338,5572.0,139,ALL_OUTCOMES,"[""SUBSCRIPTION_START"",""SUBSCRIPTION_END"",""SUBSCRIPTION_START"",""SUBSCRIPTION_START"",""FEATURE""]",patternfamily_3bf73babc7039b04,pattern_3a54e0f417c5213b,5,SEQUENTIAL_CLOSED,94,MAIN,0.188,PARTIAL,False,SENSITIVE,61
pattern_3a6dcdac4b434e75,Pattern,46,1089705.0,0.092,0.092,500,0.0,ACCOUNT_SUPPORT_MAX_GAP_5_EVENTS_90_DAYS,True,FULL_OBSERVED_JOURNEY,0.0,0.0,6226.885714285714,4975.0,175,ALL_OUTCOMES,"[""ACCOUNT"",""FEATURE"",""FEATURE"",""SUBSCRIPTION_END"",""SUBSCRIPTION_START""]",patternfamily_f8f30e6841ae386d,pattern_3a6dcdac4b434e75,5,SEQUENTIAL_CLOSED,46,MAIN,0.092,PARTIAL,False,SENSITIVE,26
pattern_3a761500f646d64b,Pattern,18,88973.0,0.0,0.0,22,0.0,ACCOUNT_SUPPORT_SCOPE_AND_OUTCOME,True,FULL_OBSERVED_JOURNEY,0.0,0.0,4942.944444444444,2691.5,18,REACTIVATED,"[""SUBSCRIPTION_START"",""FEATURE""]",patternfamily_de8851a24e8e501c,pattern_3a761500f646d64b,2,NGRAM_2_COLLAPSED,18,MAIN,0.8181818181818182,PARTIAL,False,ROBUST,1
pattern_3b3a62f142bc58b8,Pattern,11,93138.0,0.0,0.0,154,0.0,ACCOUNT_SUPPORT_SCOPE_AND_OUTCOME,True,LANDMARK_60D_JOURNEY,0.0,0.0,8467.09090909091,7960.0,11,NO_CHURN_OBSERVED,"[""SUBSCRIPTION_START"",""FEATURE"",""SUBSCRIPTION_START"",""FEATURE""]",patternfamily_9680d99011f68fd9,pattern_3b3a62f142bc58b8,4,NGRAM_4_COLLAPSED,11,MAIN,0.07142857142857142,NONE,False,SENSITIVE,46
pattern_3c24144007337f66,Pattern,117,909716.0,0.234,0.234,500,0.0,ACCOUNT_SUPPORT_MAX_GAP_5_EVENTS_90_DAYS,True,FULL_OBSERVED_JOURNEY,0.0,0.0,6024.609271523179,4557.0,151,ALL_OUTCOMES,"[""FEATURE"",""SUBSCRIPTION_START"",""SUBSCRIPTION_END"",""FEATURE"",""FEATURE""]",patternfamily_25e7afd1a0ba8739,pattern_3c24144007337f66,5,SEQUENTIAL_CLOSED,117,MAIN,0.234,PARTIAL,False,SENSITIVE,71
pattern_3ce5237226c36e29,Pattern,14,127353.0,0.0,0.0,167,0.0,ACCOUNT_SUPPORT_SCOPE_AND_OUTCOME,True,LANDMARK_30D_JOURNEY,0.0,0.0,9096.642857142857,7064.5,14,NO_CHURN_OBSERVED,"[""FEATURE"",""SUBSCRIPTION_START""]",patternfamily_a09c08fc1d6eb1d7,pattern_3ce5237226c36e29,2,NGRAM_2_COLLAPSED,14,MAIN,0.08383233532934131,NONE,False,ROBUST,43
pattern_3cf5fa5eb739afd0,Pattern,16,75488.0,0.0,0.0,152,0.0,ACCOUNT_SUPPORT_SCOPE_AND_OUTCOME,True,LANDMARK_90D_JOURNEY,0.0,0.0,4718.0,2791.0,16,SINGLE_CHURN,"[""FEATURE"",""CHURN""]",patternfamily_8e77a5f0efd3be6d,pattern_3cf5fa5eb739afd0,2,NGRAM_2_COLLAPSED,16,MAIN,0.10526315789473684,NONE,False,ROBUST,3
pattern_3d5319bd3f164701,Pattern,67,465468.0,0.20615384615384616,0.20615384615384616,325,0.0,FIXED_60D_WINDOW_WITH_OBSERVATION_END_PSEUDO_CUTOFF,True,PRE_FIRST_CHURN,0.20615384615384616,0.0,5059.434782608696,4378.0,92,CHURN_OBSERVED,"[""SUBSCRIPTION_START"",""FEATURE"",""CHURN""]",patternfamily_92929c3596549438,pattern_3d5319bd3f164701,3,PRE_CHURN_SUFFIX_60D_L3,67,MAIN,0.20615384615384616,NONE,False,SENSITIVE,2
pattern_3d69cbe29ea46203,Pattern,37,161413.0,0.0,0.0,99,0.0,ACCOUNT_SUPPORT_SCOPE_AND_OUTCOME,True,LANDMARK_90D_JOURNEY,0.0,0.0,4362.513513513513,2587.0,37,RECURRING_CHURN,"[""FEATURE"",""SUBSCRIPTION_START""]",patternfamily_fc2ef6649f2187ad,pattern_3d69cbe29ea46203,2,NGRAM_2_RAW_BIGRAM_SENSITIVITY,37,MAIN,0.37373737373737376,NONE,False,ROBUST,3
pattern_3da264fc946679aa,Pattern,310,2003806.0,0.62,0.62,500,0.0,ACCOUNT_SUPPORT_MAX_GAP_5_EVENTS_90_DAYS,True,FULL_OBSERVED_JOURNEY,0.0,0.0,5928.420118343195,5174.0,338,ALL_OUTCOMES,"[""SUPPORT_CLOSE"",""FEATURE"",""SUBSCRIPTION_START""]",patternfamily_f9ce3123a9b3e8c6,pattern_3da264fc946679aa,3,SEQUENTIAL_CLOSED,310,MAIN,0.62,PARTIAL,False,SENSITIVE,156
pattern_3e32c1efa34d53d1,Pattern,64,279021.0,0.0,0.0,99,0.0,ACCOUNT_SUPPORT_SCOPE_AND_OUTCOME,True,LANDMARK_90D_JOURNEY,0.0,0.0,4359.703125,3184.5,64,RECURRING_CHURN,"[""SUBSCRIPTION_START"",""FEATURE""]",patternfamily_de8851a24e8e501c,pattern_3e32c1efa34d53d1,2,NGRAM_2_COLLAPSED,64,MAIN,0.6464646464646465,NONE,False,ROBUST,4
pattern_3fdf776258cec326,Pattern,120,2154220.0,0.24,0.24,500,0.0,ACCOUNT_SUPPORT_MAX_GAP_5_EVENTS_90_DAYS,True,FULL_OBSERVED_JOURNEY,0.0,0.0,6137.378917378917,5373.0,351,ALL_OUTCOMES,"[""ACCOUNT"",""FEATURE"",""FEATURE"",""SUBSCRIPTION_START"",""SUBSCRIPTION_START""]",patternfamily_c7f25689873ee9bb,pattern_3fdf776258cec326,5,SEQUENTIAL_CLOSED,120,MAIN,0.24,PARTIAL,False,SENSITIVE,79
pattern_404427e2f23ebfea,Pattern,131,1089705.0,0.262,0.262,500,0.0,ACCOUNT_SUPPORT_MAX_GAP_5_EVENTS_90_DAYS,True,FULL_OBSERVED_JOURNEY,0.0,0.0,6226.885714285714,4975.0,175,ALL_OUTCOMES,"[""SUBSCRIPTION_START"",""FEATURE"",""FEATURE"",""SUBSCRIPTION_END"",""SUBSCRIPTION_START""]",patternfamily_1496420ac3bb3510,pattern_404427e2f23ebfea,5,SEQUENTIAL_CLOSED,131,MAIN,0.262,PARTIAL,False,SENSITIVE,87
pattern_405bc0b5c1c959d6,Pattern,39,410969.0,0.078,0.078,500,0.0,ACCOUNT_SUPPORT_MAX_GAP_5_EVENTS_90_DAYS,True,FULL_OBSERVED_JOURNEY,0.0,0.0,6849.483333333334,5771.0,60,ALL_OUTCOMES,"[""FEATURE"",""SUBSCRIPTION_END"",""FEATURE"",""SUBSCRIPTION_END"",""FEATURE""]",patternfamily_6989511a11b1144c,pattern_405bc0b5c1c959d6,5,SEQUENTIAL_CLOSED,39,MAIN,0.078,PARTIAL,False,SENSITIVE,21
pattern_413bd03dc007da9b,Pattern,32,398426.0,0.064,0.064,500,0.0,ACCOUNT_SUPPORT_MAX_GAP_5_EVENTS_90_DAYS,True,FULL_OBSERVED_JOURNEY,0.0,0.0,6869.413793103448,5671.5,58,ALL_OUTCOMES,"[""FEATURE"",""SUBSCRIPTION_END"",""SUBSCRIPTION_START"",""SUBSCRIPTION_END"",""FEATURE""]",patternfamily_ddae5b80e39b3f43,pattern_413bd03dc007da9b,5,SEQUENTIAL_CLOSED,32,MAIN,0.064,PARTIAL,False,SENSITIVE,18
pattern_4141ef1af04c8602,Pattern,185,1258188.0,0.37,0.37,500,0.0,ACCOUNT_SUPPORT_MAX_GAP_5_EVENTS_90_DAYS,True,FULL_OBSERVED_JOURNEY,0.0,0.0,6167.588235294118,4975.0,204,ALL_OUTCOMES,"[""FEATURE"",""SUBSCRIPTION_START"",""SUBSCRIPTION_END"",""FEATURE""]",patternfamily_21fbf77a69d5ba51,pattern_4141ef1af04c8602,4,SEQUENTIAL_CLOSED,185,MAIN,0.37,PARTIAL,False,ROBUST,152
pattern_41cfb957b14ca006,Pattern,90,726566.0,0.18,0.18,500,0.0,ACCOUNT_SUPPORT_MAX_GAP_5_EVENTS_90_DAYS,True,FULL_OBSERVED_JOURNEY,0.0,0.0,5766.396825396825,4378.0,126,ALL_OUTCOMES,"[""FEATURE"",""SUBSCRIPTION_END"",""SUBSCRIPTION_START"",""FEATURE"",""FEATURE""]",patternfamily_8fe12fe0f4019be1,pattern_41cfb957b14ca006,5,SEQUENTIAL_CLOSED,90,MAIN,0.18,PARTIAL,False,SENSITIVE,58
pattern_4288e74897419f65,Pattern,11,34953.0,0.0,0.0,159,0.0,ACCOUNT_SUPPORT_SCOPE_AND_OUTCOME,True,LANDMARK_60D_JOURNEY,0.0,0.0,3177.5454545454545,2842.0,11,SINGLE_CHURN,"[""CHURN"",""SUBSCRIPTION_START"",""FEATURE""]",patternfamily_855a38fa7b0784b2,pattern_4288e74897419f65,3,NGRAM_3_COLLAPSED,11,MAIN,0.06918238993710692,NONE,False,SENSITIVE,4
pattern_42c48206fd154771,Pattern,156,1205826.0,0.0,0.0,175,0.0,ACCOUNT_SUPPORT_SCOPE_AND_OUTCOME,True,FULL_OBSERVED_JOURNEY,0.0,0.0,7729.653846153846,6965.0,156,NO_CHURN_OBSERVED,"[""FEATURE"",""SUBSCRIPTION_START""]",patternfamily_fc2ef6649f2187ad,pattern_42c48206fd154771,2,NGRAM_2_RAW_BIGRAM_SENSITIVITY,156,MAIN,0.8914285714285715,NONE,False,ROBUST,397
pattern_42c64ec481f1017f,Pattern,102,464164.0,0.0,0.0,118,0.0,ACCOUNT_SUPPORT_SCOPE_AND_OUTCOME,True,FULL_OBSERVED_JOURNEY,0.0,0.0,4550.6274509803925,3184.5,102,RECURRING_CHURN,"[""FEATURE"",""SUBSCRIPTION_START""]",patternfamily_fc2ef6649f2187ad,pattern_42c64ec481f1017f,2,NGRAM_2_RAW_BIGRAM_SENSITIVITY,102,MAIN,0.864406779661017,NONE,False,ROBUST,6
pattern_42e2d755c8051b99,Pattern,17,63536.0,0.0,0.0,118,0.0,ACCOUNT_SUPPORT_SCOPE_AND_OUTCOME,True,FULL_OBSERVED_JOURNEY,0.0,0.0,3737.4117647058824,2388.0,17,RECURRING_CHURN,"[""SUBSCRIPTION_END"",""FEATURE"",""SUBSCRIPTION_START""]",patternfamily_47ea56971b76c3db,pattern_42e2d755c8051b99,3,NGRAM_3_COLLAPSED,17,MAIN,0.1440677966101695,NONE,False,ROBUST,1
pattern_434ade4d6227ee2e,Pattern,37,161157.0,0.0,0.0,181,0.0,ACCOUNT_SUPPORT_SCOPE_AND_OUTCOME,True,FULL_OBSERVED_JOURNEY,0.0,0.0,4355.594594594595,2891.0,37,SINGLE_CHURN,"[""SUBSCRIPTION_END"",""FEATURE"",""SUBSCRIPTION_START""]",patternfamily_47ea56971b76c3db,pattern_434ade4d6227ee2e,3,NGRAM_3_COLLAPSED,37,MAIN,0.20441988950276244,NONE,False,ROBUST,7
pattern_444cc0988d95d219,Pattern,277,2154220.0,0.554,0.554,500,0.0,ACCOUNT_SUPPORT_MAX_GAP_5_EVENTS_90_DAYS,True,FULL_OBSERVED_JOURNEY,0.0,0.0,6137.378917378917,5373.0,351,ALL_OUTCOMES,"[""SUBSCRIPTION_START"",""FEATURE"",""FEATURE"",""SUBSCRIPTION_START"",""SUBSCRIPTION_START""]",patternfamily_a3e77d3609658b64,pattern_444cc0988d95d219,5,SEQUENTIAL_CLOSED,277,MAIN,0.554,PARTIAL,False,SENSITIVE,217
pattern_44da60480893d176,Pattern,95,780870.0,0.19,0.19,500,0.0,ACCOUNT_SUPPORT_MAX_GAP_5_EVENTS_90_DAYS,True,FULL_OBSERVED_JOURNEY,0.0,0.0,6674.102564102564,5572.0,117,ALL_OUTCOMES,"[""SUBSCRIPTION_END"",""FEATURE"",""FEATURE"",""SUBSCRIPTION_START"",""FEATURE""]",patternfamily_58145d3552178785,pattern_44da60480893d176,5,SEQUENTIAL_CLOSED,95,MAIN,0.19,PARTIAL,False,SENSITIVE,64
pattern_45172912505ddb3e,Pattern,100,586615.0,0.3076923076923077,0.3076923076923077,325,0.0,FIXED_60D_WINDOW_WITH_OBSERVATION_END_PSEUDO_CUTOFF,True,PRE_FIRST_CHURN,0.3076923076923077,0.0,5381.788990825688,4577.0,109,CHURN_OBSERVED,"[""FEATURE"",""CHURN""]",patternfamily_739c7dba84e4a4c6,pattern_45172912505ddb3e,2,PRE_CHURN_SUFFIX_60D_L2,100,MAIN,0.3076923076923077,NONE,False,SENSITIVE,4
pattern_4557ec2dcdf98167,Pattern,322,2005921.0,0.644,0.644,500,0.0,ACCOUNT_SUPPORT_MAX_GAP_5_EVENTS_90_DAYS,True,FULL_OBSERVED_JOURNEY,0.0,0.0,5899.767647058824,5174.0,340,ALL_OUTCOMES,"[""SUPPORT_CLOSE"",""SUBSCRIPTION_START"",""FEATURE""]",patternfamily_30955d65d8934b64,pattern_4557ec2dcdf98167,3,SEQUENTIAL_CLOSED,322,MAIN,0.644,PARTIAL,False,SENSITIVE,169
pattern_4583c0c5d482700b,Pattern,213,1834618.0,0.426,0.426,500,0.0,ACCOUNT_SUPPORT_MAX_GAP_5_EVENTS_90_DAYS,True,FULL_OBSERVED_JOURNEY,0.0,0.0,6261.494880546075,5373.0,293,ALL_OUTCOMES,"[""FEATURE"",""FEATURE"",""FEATURE"",""SUBSCRIPTION_START"",""SUBSCRIPTION_START""]",patternfamily_b64f3b025dea4c75,pattern_4583c0c5d482700b,5,SEQUENTIAL_CLOSED,213,MAIN,0.426,PARTIAL,False,SENSITIVE,154
pattern_462adae7cdd32566,Pattern,280,2270294.0,0.56,0.56,500,0.0,ACCOUNT_SUPPORT_MAX_GAP_5_EVENTS_90_DAYS,True,FULL_OBSERVED_JOURNEY,0.0,0.0,6022.0,5174.0,377,ALL_OUTCOMES,"[""SUBSCRIPTION_START"",""SUBSCRIPTION_START"",""SUBSCRIPTION_START"",""FEATURE"",""SUBSCRIPTION_START""]",patternfamily_e469e7baa5f6c973,pattern_462adae7cdd32566,5,SEQUENTIAL_CLOSED,280,MAIN,0.56,PARTIAL,False,SENSITIVE,210
pattern_4752a6dacbd00343,Pattern,116,1017837.0,0.232,0.232,500,0.0,ACCOUNT_SUPPORT_MAX_GAP_5_EVENTS_90_DAYS,True,FULL_OBSERVED_JOURNEY,0.0,0.0,6361.48125,4975.0,160,ALL_OUTCOMES,"[""FEATURE"",""FEATURE"",""SUBSCRIPTION_START"",""SUBSCRIPTION_END"",""SUBSCRIPTION_START""]",patternfamily_c404dcd75679a604,pattern_4752a6dacbd00343,5,SEQUENTIAL_CLOSED,116,MAIN,0.232,PARTIAL,False,SENSITIVE,74
pattern_478c2b6b580671d7,Pattern,131,844153.0,0.40307692307692305,0.40307692307692305,325,0.0,FIXED_30D_WINDOW_WITH_OBSERVATION_END_PSEUDO_CUTOFF,True,PRE_FIRST_CHURN,0.40307692307692305,0.0,4907.866279069767,3184.0,172,CHURN_OBSERVED,"[""SUBSCRIPTION_START"",""CHURN""]",patternfamily_9525424d06baf8f4,pattern_478c2b6b580671d7,2,PRE_CHURN_SUFFIX_30D_L2,131,MAIN,0.40307692307692305,NONE,False,SENSITIVE,26
pattern_47a66be80fd85d90,Pattern,342,2375711.0,0.684,0.684,500,0.0,ACCOUNT_SUPPORT_MAX_GAP_5_EVENTS_90_DAYS,True,FULL_OBSERVED_JOURNEY,0.0,0.0,5999.270202020202,5174.0,396,ALL_OUTCOMES,"[""SUBSCRIPTION_START"",""SUBSCRIPTION_START"",""FEATURE"",""SUBSCRIPTION_START"",""FEATURE""]",patternfamily_f0ac187a67c6e4ae,pattern_47a66be80fd85d90,5,SEQUENTIAL_CLOSED,342,MAIN,0.684,PARTIAL,False,ROBUST,280
pattern_47f4b60e9a9e71c1,Pattern,139,2236403.0,0.278,0.278,500,0.0,ACCOUNT_SUPPORT_MAX_GAP_5_EVENTS_90_DAYS,True,FULL_OBSERVED_JOURNEY,0.0,0.0,6229.534818941504,5373.0,359,ALL_OUTCOMES,"[""ACCOUNT"",""FEATURE"",""SUBSCRIPTION_START"",""SUBSCRIPTION_START"",""SUBSCRIPTION_START""]",patternfamily_dbe5a06f1b808708,pattern_47f4b60e9a9e71c1,5,SEQUENTIAL_CLOSED,139,MAIN,0.278,PARTIAL,False,SENSITIVE,81
pattern_48a09ce75102b0a6,Pattern,63,540950.0,0.126,0.126,500,0.0,ACCOUNT_SUPPORT_MAX_GAP_5_EVENTS_90_DAYS,True,FULL_OBSERVED_JOURNEY,0.0,0.0,6517.469879518072,5572.0,83,ALL_OUTCOMES,"[""SUBSCRIPTION_END"",""FEATURE"",""SUBSCRIPTION_START"",""SUBSCRIPTION_END""]",patternfamily_4021b91a7c832593,pattern_48a09ce75102b0a6,4,SEQUENTIAL_CLOSED,63,MAIN,0.126,PARTIAL,False,SENSITIVE,37
pattern_4915d7d5daade4da,Pattern,345,2091449.0,0.69,0.69,500,0.0,ACCOUNT_SUPPORT_MAX_GAP_5_EVENTS_90_DAYS,True,FULL_OBSERVED_JOURNEY,0.0,0.0,5858.4005602240895,5174.0,357,ALL_OUTCOMES,"[""SUPPORT_OPEN"",""SUBSCRIPTION_START""]",patternfamily_5b19be46df8d82a0,pattern_4915d7d5daade4da,2,SEQUENTIAL_CLOSED,345,MAIN,0.69,PARTIAL,False,SENSITIVE,196
pattern_4962d4700fc860f5,Pattern,278,1860811.0,0.556,0.556,500,0.0,ACCOUNT_SUPPORT_MAX_GAP_5_EVENTS_90_DAYS,True,FULL_OBSERVED_JOURNEY,0.0,0.0,5870.066246056782,5174.0,317,ALL_OUTCOMES,"[""SUPPORT_OPEN"",""SUBSCRIPTION_START"",""FEATURE"",""SUBSCRIPTION_START""]",patternfamily_a766cd82b856de40,pattern_4962d4700fc860f5,4,SEQUENTIAL_CLOSED,278,MAIN,0.556,PARTIAL,False,SENSITIVE,143
pattern_496b085304e71087,Pattern,176,1419294.0,0.352,0.352,500,0.0,ACCOUNT_SUPPORT_MAX_GAP_5_EVENTS_90_DAYS,True,FULL_OBSERVED_JOURNEY,0.0,0.0,6224.973684210527,5074.5,228,ALL_OUTCOMES,"[""SUBSCRIPTION_START"",""FEATURE"",""SUBSCRIPTION_START"",""SUBSCRIPTION_START"",""SUBSCRIPTION_END""]",patternfamily_56f5700a6cd3221f,pattern_496b085304e71087,5,SEQUENTIAL_CLOSED,176,MAIN,0.352,PARTIAL,False,SENSITIVE,125
pattern_498829827047a39b,Pattern,33,149668.0,0.0,0.0,99,0.0,ACCOUNT_SUPPORT_SCOPE_AND_OUTCOME,True,LANDMARK_90D_JOURNEY,0.0,0.0,4535.393939393939,2587.0,33,RECURRING_CHURN,"[""SUBSCRIPTION_START"",""FEATURE"",""SUBSCRIPTION_START""]",patternfamily_ac80c53b1d53cde7,pattern_498829827047a39b,3,NGRAM_3_COLLAPSED,33,MAIN,0.3333333333333333,NONE,False,SENSITIVE,3
pattern_4993748c25635e1c,Pattern,108,872952.0,0.216,0.216,500,0.0,ACCOUNT_SUPPORT_MAX_GAP_5_EVENTS_90_DAYS,True,FULL_OBSERVED_JOURNEY,0.0,0.0,6280.230215827338,5572.0,139,ALL_OUTCOMES,"[""SUBSCRIPTION_END"",""SUBSCRIPTION_START"",""SUBSCRIPTION_START"",""FEATURE""]",patternfamily_23717d0f60b320f6,pattern_4993748c25635e1c,4,SEQUENTIAL_CLOSED,108,MAIN,0.216,PARTIAL,False,SENSITIVE,74
pattern_4a36f19ac66975b3,Pattern,21,944067.0,0.042,0.042,500,0.0,ACCOUNT_SUPPORT_MAX_GAP_5_EVENTS_90_DAYS,True,FULL_OBSERVED_JOURNEY,0.0,0.0,6210.9671052631575,5174.0,152,ALL_OUTCOMES,"[""ACCOUNT"",""SUBSCRIPTION_END"",""SUBSCRIPTION_START"",""FEATURE"",""SUBSCRIPTION_START""]",patternfamily_d09bcf021ba5919e,pattern_4a36f19ac66975b3,5,SEQUENTIAL_CLOSED,21,MAIN,0.042,PARTIAL,False,SENSITIVE,15
pattern_4a4e78ad08c3ba07,Pattern,62,516450.0,0.0,0.0,145,0.0,ACCOUNT_SUPPORT_SCOPE_AND_OUTCOME,True,LANDMARK_90D_JOURNEY,0.0,0.0,8329.838709677419,7064.5,62,NO_CHURN_OBSERVED,"[""FEATURE"",""SUBSCRIPTION_START""]",patternfamily_fc2ef6649f2187ad,pattern_4a4e78ad08c3ba07,2,NGRAM_2_RAW_BIGRAM_SENSITIVITY,62,MAIN,0.42758620689655175,NONE,False,ROBUST,162
pattern_4c4ce1d6265aea01,Pattern,341,2739222.0,0.682,0.682,500,0.0,ACCOUNT_SUPPORT_MAX_GAP_5_EVENTS_90_DAYS,True,FULL_OBSERVED_JOURNEY,0.0,0.0,5840.558635394456,5174.0,469,ALL_OUTCOMES,"[""ACCOUNT"",""SUBSCRIPTION_START"",""FEATURE""]",patternfamily_9516ead68b6ee7f4,pattern_4c4ce1d6265aea01,3,SEQUENTIAL_CLOSED,341,MAIN,0.682,PARTIAL,False,SENSITIVE,268
pattern_4cd2fa90ced8b16d,Pattern,55,844153.0,0.16923076923076924,0.16923076923076924,325,0.0,FIXED_7D_WINDOW_WITH_OBSERVATION_END_PSEUDO_CUTOFF,True,PRE_FIRST_CHURN,0.16923076923076924,0.0,4907.866279069767,3184.0,172,CHURN_OBSERVED,"[""SUBSCRIPTION_START"",""CHURN""]",patternfamily_ceac03c31e823d1b,pattern_4cd2fa90ced8b16d,2,PRE_CHURN_SUFFIX_7D_L2,55,MAIN,0.16923076923076924,NONE,False,ROBUST,10
pattern_4ef4e4ca116ce630,Pattern,128,1075318.0,0.256,0.256,500,0.0,ACCOUNT_SUPPORT_MAX_GAP_5_EVENTS_90_DAYS,True,FULL_OBSERVED_JOURNEY,0.0,0.0,6179.9885057471265,4875.5,174,ALL_OUTCOMES,"[""SUBSCRIPTION_START"",""SUBSCRIPTION_START"",""SUBSCRIPTION_END"",""FEATURE"",""SUBSCRIPTION_START""]",patternfamily_5695b1e920b4ce0e,pattern_4ef4e4ca116ce630,5,SEQUENTIAL_CLOSED,128,MAIN,0.256,PARTIAL,False,SENSITIVE,81
pattern_4f9c28db65026525,Pattern,64,730932.0,0.128,0.128,500,0.0,ACCOUNT_SUPPORT_MAX_GAP_5_EVENTS_90_DAYS,True,FULL_OBSERVED_JOURNEY,0.0,0.0,6247.282051282052,5174.0,117,ALL_OUTCOMES,"[""SUBSCRIPTION_START"",""SUBSCRIPTION_END"",""SUBSCRIPTION_END""]",patternfamily_430d7305d8857d28,pattern_4f9c28db65026525,3,SEQUENTIAL_CLOSED,64,MAIN,0.128,PARTIAL,False,SENSITIVE,36
pattern_4fb3bf85e277e4fa,Pattern,103,1907658.0,0.206,0.206,500,0.0,ACCOUNT_SUPPORT_MAX_GAP_5_EVENTS_90_DAYS,True,FULL_OBSERVED_JOURNEY,0.0,0.0,6114.288461538462,5074.5,312,ALL_OUTCOMES,"[""ACCOUNT"",""SUBSCRIPTION_START"",""SUBSCRIPTION_END""]",patternfamily_039bce77e4b3171d,pattern_4fb3bf85e277e4fa,3,SEQUENTIAL_CLOSED,103,MAIN,0.206,PARTIAL,False,SENSITIVE,72
pattern_5131006a36b3cc57,Pattern,115,1587835.0,0.23,0.23,500,0.0,ACCOUNT_SUPPORT_MAX_GAP_5_EVENTS_90_DAYS,True,FULL_OBSERVED_JOURNEY,0.0,0.0,6107.057692307692,5174.0,260,ALL_OUTCOMES,"[""ACCOUNT"",""SUBSCRIPTION_START"",""FEATURE"",""SUBSCRIPTION_START"",""SUBSCRIPTION_END""]",patternfamily_f7ca9fa04f3981a3,pattern_5131006a36b3cc57,5,SEQUENTIAL_CLOSED,115,MAIN,0.23,PARTIAL,False,SENSITIVE,71
pattern_52096a18582a2d00,Pattern,272,1979668.0,0.544,0.544,500,0.0,ACCOUNT_SUPPORT_MAX_GAP_5_EVENTS_90_DAYS,True,FULL_OBSERVED_JOURNEY,0.0,0.0,6129.003095975232,5373.0,323,ALL_OUTCOMES,"[""FEATURE"",""FEATURE"",""SUBSCRIPTION_START"",""FEATURE"",""FEATURE""]",patternfamily_7dba21bd08ce9b37,pattern_52096a18582a2d00,5,SEQUENTIAL_CLOSED,272,MAIN,0.544,PARTIAL,False,ROBUST,221
pattern_5399451e11fddda5,Pattern,135,1213761.0,0.27,0.27,500,0.0,ACCOUNT_SUPPORT_MAX_GAP_5_EVENTS_90_DAYS,True,FULL_OBSERVED_JOURNEY,0.0,0.0,6525.596774193548,5174.0,186,ALL_OUTCOMES,"[""FEATURE"",""SUBSCRIPTION_START"",""SUBSCRIPTION_START"",""SUBSCRIPTION_START"",""SUBSCRIPTION_END""]",patternfamily_592f43281060a6dc,pattern_5399451e11fddda5,5,SEQUENTIAL_CLOSED,135,MAIN,0.27,PARTIAL,False,SENSITIVE,87
pattern_53b8cc38bab1ab23,Pattern,110,871658.0,0.22,0.22,500,0.0,ACCOUNT_SUPPORT_MAX_GAP_5_EVENTS_90_DAYS,True,FULL_OBSERVED_JOURNEY,0.0,0.0,6138.43661971831,4875.5,142,ALL_OUTCOMES,"[""FEATURE"",""FEATURE"",""SUBSCRIPTION_END"",""FEATURE"",""SUBSCRIPTION_START""]",patternfamily_a19836438a2dca42,pattern_53b8cc38bab1ab23,5,SEQUENTIAL_CLOSED,110,MAIN,0.22,PARTIAL,False,SENSITIVE,69
pattern_53c009ae1f39f5e7,Pattern,77,682753.0,0.154,0.154,500,0.0,ACCOUNT_SUPPORT_MAX_GAP_5_EVENTS_90_DAYS,True,FULL_OBSERVED_JOURNEY,0.0,0.0,6564.932692307692,5572.0,104,ALL_OUTCOMES,"[""SUBSCRIPTION_END"",""SUBSCRIPTION_START"",""SUBSCRIPTION_START"",""FEATURE"",""FEATURE""]",patternfamily_078500e58bb39eab,pattern_53c009ae1f39f5e7,5,SEQUENTIAL_CLOSED,77,MAIN,0.154,PARTIAL,False,SENSITIVE,42
pattern_53f0117c464fe0d5,Pattern,292,2139038.0,0.584,0.584,500,0.0,ACCOUNT_SUPPORT_MAX_GAP_5_EVENTS_90_DAYS,True,FULL_OBSERVED_JOURNEY,0.0,0.0,6182.190751445087,5373.0,346,ALL_OUTCOMES,"[""FEATURE"",""SUBSCRIPTION_START"",""FEATURE"",""SUBSCRIPTION_START"",""SUBSCRIPTION_START""]",patternfamily_1f432abf21c12a5f,pattern_53f0117c464fe0d5,5,SEQUENTIAL_CLOSED,292,MAIN,0.584,PARTIAL,False,ROBUST,242
pattern_540b540df5c78758,Pattern,122,2148828.0,0.244,0.244,500,0.0,ACCOUNT_SUPPORT_MAX_GAP_5_EVENTS_90_DAYS,True,FULL_OBSERVED_JOURNEY,0.0,0.0,6228.48695652174,5373.0,345,ALL_OUTCOMES,"[""ACCOUNT"",""FEATURE"",""FEATURE"",""FEATURE"",""SUBSCRIPTION_START""]",patternfamily_c2a9aa601c24bee3,pattern_540b540df5c78758,5,SEQUENTIAL_CLOSED,122,MAIN,0.244,PARTIAL,False,SENSITIVE,76
pattern_547e257e212e566d,Pattern,104,884593.0,0.208,0.208,500,0.0,ACCOUNT_SUPPORT_MAX_GAP_5_EVENTS_90_DAYS,True,FULL_OBSERVED_JOURNEY,0.0,0.0,6017.639455782313,4557.0,147,ALL_OUTCOMES,"[""SUBSCRIPTION_START"",""SUBSCRIPTION_END"",""SUBSCRIPTION_START"",""FEATURE"",""FEATURE""]",patternfamily_5374776e9d5cae59,pattern_547e257e212e566d,5,SEQUENTIAL_CLOSED,104,MAIN,0.208,PARTIAL,False,SENSITIVE,65
pattern_5566702121e46284,Pattern,163,2306788.0,0.326,0.326,500,0.0,ACCOUNT_SUPPORT_MAX_GAP_5_EVENTS_90_DAYS,True,FULL_OBSERVED_JOURNEY,0.0,0.0,6102.613756613757,5174.0,378,ALL_OUTCOMES,"[""ACCOUNT"",""FEATURE"",""SUBSCRIPTION_START"",""FEATURE"",""FEATURE""]",patternfamily_744b57bbf026e445,pattern_5566702121e46284,5,SEQUENTIAL_CLOSED,163,MAIN,0.326,PARTIAL,False,SENSITIVE,110
pattern_561f929d217c6b16,Pattern,74,632597.0,0.148,0.148,500,0.0,ACCOUNT_SUPPORT_MAX_GAP_5_EVENTS_90_DAYS,True,FULL_OBSERVED_JOURNEY,0.0,0.0,6802.118279569892,5771.0,93,ALL_OUTCOMES,"[""SUBSCRIPTION_END"",""FEATURE"",""FEATURE"",""FEATURE"",""SUBSCRIPTION_START""]",patternfamily_f6706f9e4f275071,pattern_561f929d217c6b16,5,SEQUENTIAL_CLOSED,74,MAIN,0.148,PARTIAL,False,SENSITIVE,43
pattern_565d76f85b15d909,Pattern,169,1227305.0,0.338,0.338,500,0.0,ACCOUNT_SUPPORT_MAX_GAP_5_EVENTS_90_DAYS,True,FULL_OBSERVED_JOURNEY,0.0,0.0,6198.510101010101,4975.0,198,ALL_OUTCOMES,"[""FEATURE"",""SUBSCRIPTION_START"",""SUBSCRIPTION_END"",""SUBSCRIPTION_START""]",patternfamily_4757f4217c12eae8,pattern_565d76f85b15d909,4,SEQUENTIAL_CLOSED,169,MAIN,0.338,PARTIAL,False,SENSITIVE,119
pattern_573f7d965fb68e02,Pattern,91,381599.0,0.0,0.0,118,0.0,ACCOUNT_SUPPORT_SCOPE_AND_OUTCOME,True,FULL_OBSERVED_JOURNEY,0.0,0.0,4193.395604395604,3184.0,91,RECURRING_CHURN,"[""CHURN"",""SUBSCRIPTION_START""]",patternfamily_68f53d03e4e6f2b8,pattern_573f7d965fb68e02,2,NGRAM_2_COLLAPSED,91,MAIN,0.7711864406779662,NONE,False,SENSITIVE,8
pattern_57668860e1dba3e6,Pattern,107,586615.0,0.3292307692307692,0.3292307692307692,325,0.0,FIXED_90D_WINDOW_WITH_OBSERVATION_END_PSEUDO_CUTOFF,True,PRE_FIRST_CHURN,0.3292307692307692,0.0,5381.788990825688,4577.0,109,CHURN_OBSERVED,"[""FEATURE"",""CHURN""]",patternfamily_341fd9223ba2d5c0,pattern_57668860e1dba3e6,2,PRE_CHURN_SUFFIX_90D_L2,107,MAIN,0.3292307692307692,NONE,False,SENSITIVE,4
pattern_580aff8b0ff47b9a,Pattern,27,442480.0,0.054,0.054,500,0.0,ACCOUNT_SUPPORT_MAX_GAP_5_EVENTS_90_DAYS,True,FULL_OBSERVED_JOURNEY,0.0,0.0,6807.384615384615,5771.0,65,ALL_OUTCOMES,"[""SUBSCRIPTION_START"",""FEATURE"",""SUBSCRIPTION_END"",""SUBSCRIPTION_END"",""FEATURE""]",patternfamily_b06566160689e72b,pattern_580aff8b0ff47b9a,5,SEQUENTIAL_CLOSED,27,MAIN,0.054,PARTIAL,False,SENSITIVE,16
pattern_582139435aeaed61,Pattern,15,72299.0,0.0,0.0,181,0.0,ACCOUNT_SUPPORT_SCOPE_AND_OUTCOME,True,FULL_OBSERVED_JOURNEY,0.0,0.0,4819.933333333333,4179.0,15,SINGLE_CHURN,"[""FEATURE"",""CHURN"",""SUBSCRIPTION_START"",""FEATURE"",""SUBSCRIPTION_START""]",patternfamily_2b7c8799c5a65d6d,pattern_582139435aeaed61,5,NGRAM_5_COLLAPSED,15,MAIN,0.08287292817679558,NONE,False,SENSITIVE,2
pattern_583db8fa1f4c7740,Pattern,276,2016455.0,0.552,0.552,500,0.0,ACCOUNT_SUPPORT_MAX_GAP_5_EVENTS_90_DAYS,True,FULL_OBSERVED_JOURNEY,0.0,0.0,6204.476923076923,5572.0,325,ALL_OUTCOMES,"[""FEATURE"",""SUBSCRIPTION_START"",""FEATURE"",""FEATURE"",""FEATURE""]",patternfamily_d5e53f7ba35071e8,pattern_583db8fa1f4c7740,5,SEQUENTIAL_CLOSED,276,MAIN,0.552,PARTIAL,False,ROBUST,226
pattern_5951ad309aa6d737,Pattern,85,704179.0,0.17,0.17,500,0.0,ACCOUNT_SUPPORT_MAX_GAP_5_EVENTS_90_DAYS,True,FULL_OBSERVED_JOURNEY,0.0,0.0,6070.508620689655,5174.0,116,ALL_OUTCOMES,"[""FEATURE"",""SUBSCRIPTION_END"",""SUBSCRIPTION_START"",""SUBSCRIPTION_START"",""FEATURE""]",patternfamily_572b133ef04c1744,pattern_5951ad309aa6d737,5,SEQUENTIAL_CLOSED,85,MAIN,0.17,PARTIAL,False,SENSITIVE,56
pattern_5a51d84940720ce7,Pattern,338,2081947.0,0.676,0.676,500,0.0,ACCOUNT_SUPPORT_MAX_GAP_5_EVENTS_90_DAYS,True,FULL_OBSERVED_JOURNEY,0.0,0.0,5881.206214689266,5174.0,354,ALL_OUTCOMES,"[""SUPPORT_OPEN"",""SUPPORT_CLOSE"",""FEATURE""]",patternfamily_f9558c5cf6f68544,pattern_5a51d84940720ce7,3,SEQUENTIAL_CLOSED,338,MAIN,0.676,PARTIAL,False,SENSITIVE,169
pattern_5a8350b217104307,Pattern,120,1060437.0,0.24,0.24,500,0.0,ACCOUNT_SUPPORT_MAX_GAP_5_EVENTS_90_DAYS,True,FULL_OBSERVED_JOURNEY,0.0,0.0,6201.3859649122805,4975.0,171,ALL_OUTCOMES,"[""SUBSCRIPTION_START"",""SUBSCRIPTION_START"",""SUBSCRIPTION_END"",""SUBSCRIPTION_START"",""FEATURE""]",patternfamily_32100a808de006e3,pattern_5a8350b217104307,5,SEQUENTIAL_CLOSED,120,MAIN,0.24,PARTIAL,False,SENSITIVE,83
pattern_5b114b0aa548292e,Pattern,20,90215.0,0.0,0.0,114,0.0,ACCOUNT_SUPPORT_SCOPE_AND_OUTCOME,True,LANDMARK_30D_JOURNEY,0.0,0.0,4510.75,4378.0,20,RECURRING_CHURN,"[""CHURN"",""SUBSCRIPTION_START""]",patternfamily_68f53d03e4e6f2b8,pattern_5b114b0aa548292e,2,NGRAM_2_COLLAPSED,20,MAIN,0.17543859649122806,NONE,False,SENSITIVE,2
pattern_5be8151e22446d7d,Pattern,169,844153.0,0.52,0.52,325,0.0,FIXED_90D_WINDOW_WITH_OBSERVATION_END_PSEUDO_CUTOFF,True,PRE_FIRST_CHURN,0.52,0.0,4907.866279069767,3184.0,172,CHURN_OBSERVED,"[""SUBSCRIPTION_START"",""CHURN""]",patternfamily_4c005936cd3db4a9,pattern_5be8151e22446d7d,2,PRE_CHURN_SUFFIX_90D_L2,169,MAIN,0.52,NONE,False,SENSITIVE,37
pattern_5cafcbaf7c9abb20,Pattern,41,400525.0,0.082,0.082,500,0.0,ACCOUNT_SUPPORT_MAX_GAP_5_EVENTS_90_DAYS,True,FULL_OBSERVED_JOURNEY,0.0,0.0,7026.754385964912,5572.0,57,ALL_OUTCOMES,"[""SUBSCRIPTION_END"",""SUBSCRIPTION_START"",""FEATURE"",""FEATURE"",""SUBSCRIPTION_END""]",patternfamily_02bb30c0d81d220f,pattern_5cafcbaf7c9abb20,5,SEQUENTIAL_CLOSED,41,MAIN,0.082,PARTIAL,False,SENSITIVE,24
pattern_5d79656eed705f68,Pattern,175,1352047.0,0.35,0.35,500,0.0,ACCOUNT_SUPPORT_MAX_GAP_5_EVENTS_90_DAYS,True,FULL_OBSERVED_JOURNEY,0.0,0.0,6202.0504587155965,4975.0,218,ALL_OUTCOMES,"[""SUBSCRIPTION_START"",""FEATURE"",""FEATURE"",""SUBSCRIPTION_START"",""SUBSCRIPTION_END""]",patternfamily_a5e7d20d5b830cc6,pattern_5d79656eed705f68,5,SEQUENTIAL_CLOSED,175,MAIN,0.35,PARTIAL,False,SENSITIVE,128
pattern_5f20a376f467cc79,Pattern,153,1157986.0,0.306,0.306,500,0.0,ACCOUNT_SUPPORT_MAX_GAP_5_EVENTS_90_DAYS,True,FULL_OBSERVED_JOURNEY,0.0,0.0,6126.910052910053,4975.0,189,ALL_OUTCOMES,"[""SUBSCRIPTION_START"",""FEATURE"",""FEATURE"",""SUBSCRIPTION_END"",""FEATURE""]",patternfamily_b3b73b8002800d62,pattern_5f20a376f467cc79,5,SEQUENTIAL_CLOSED,153,MAIN,0.306,PARTIAL,False,SENSITIVE,117
pattern_5f49f105e69a29cd,Pattern,99,804174.0,0.198,0.198,500,0.0,ACCOUNT_SUPPORT_MAX_GAP_5_EVENTS_90_DAYS,True,FULL_OBSERVED_JOURNEY,0.0,0.0,6485.274193548387,5572.0,124,ALL_OUTCOMES,"[""SUBSCRIPTION_END"",""FEATURE"",""SUBSCRIPTION_START"",""FEATURE"",""FEATURE""]",patternfamily_22ce47e83a064307,pattern_5f49f105e69a29cd,5,SEQUENTIAL_CLOSED,99,MAIN,0.198,PARTIAL,False,SENSITIVE,60
pattern_5f6522119d6b92a8,Pattern,135,1184448.0,0.27,0.27,500,0.0,ACCOUNT_SUPPORT_MAX_GAP_5_EVENTS_90_DAYS,True,FULL_OBSERVED_JOURNEY,0.0,0.0,6074.092307692307,4776.0,195,ALL_OUTCOMES,"[""SUBSCRIPTION_START"",""SUBSCRIPTION_START"",""SUBSCRIPTION_START"",""SUBSCRIPTION_END"",""FEATURE""]",patternfamily_95e175f58a0b0f53,pattern_5f6522119d6b92a8,5,SEQUENTIAL_CLOSED,135,MAIN,0.27,PARTIAL,False,SENSITIVE,89
pattern_6013e7023338fe38,Pattern,11,83759.0,0.0,0.0,175,0.0,ACCOUNT_SUPPORT_SCOPE_AND_OUTCOME,True,FULL_OBSERVED_JOURNEY,0.0,0.0,7614.454545454545,6965.0,11,NO_CHURN_OBSERVED,"[""ACCOUNT"",""SUBSCRIPTION_START"",""FEATURE"",""SUBSCRIPTION_START"",""SUPPORT_OPEN""]",patternfamily_e31c00f1f815aa1e,pattern_6013e7023338fe38,5,NGRAM_5_COLLAPSED,11,MAIN,0.06285714285714286,NONE,False,SENSITIVE,17
pattern_601a66dd19ed3729,Pattern,458,2707633.0,0.916,0.916,500,0.0,ACCOUNT_SUPPORT_MAX_GAP_5_EVENTS_90_DAYS,True,FULL_OBSERVED_JOURNEY,0.0,0.0,5886.158695652174,5174.0,460,ALL_OUTCOMES,"[""FEATURE"",""SUBSCRIPTION_START""]",patternfamily_b5605699914cb5e9,pattern_601a66dd19ed3729,2,SEQUENTIAL_CLOSED,458,MAIN,0.916,PARTIAL,False,ROBUST,440
pattern_606c58ababef6a31,Pattern,26,118174.0,0.0,0.0,106,0.0,ACCOUNT_SUPPORT_SCOPE_AND_OUTCOME,True,LANDMARK_60D_JOURNEY,0.0,0.0,4545.153846153846,2487.5,26,RECURRING_CHURN,"[""FEATURE"",""SUBSCRIPTION_START""]",patternfamily_fc2ef6649f2187ad,pattern_606c58ababef6a31,2,NGRAM_2_RAW_BIGRAM_SENSITIVITY,26,MAIN,0.24528301886792453,NONE,False,SENSITIVE,1
pattern_60a9f82a0777b9e6,Pattern,118,1014157.0,0.236,0.236,500,0.0,ACCOUNT_SUPPORT_MAX_GAP_5_EVENTS_90_DAYS,True,FULL_OBSERVED_JOURNEY,0.0,0.0,6109.379518072289,5174.0,166,ALL_OUTCOMES,"[""SUBSCRIPTION_START"",""SUBSCRIPTION_END"",""SUBSCRIPTION_START"",""SUBSCRIPTION_START""]",patternfamily_ea7977279a8a2c47,pattern_60a9f82a0777b9e6,4,SEQUENTIAL_CLOSED,118,MAIN,0.236,PARTIAL,False,SENSITIVE,78
pattern_61997ae3a408c9e6,Pattern,26,118174.0,0.0,0.0,106,0.0,ACCOUNT_SUPPORT_SCOPE_AND_OUTCOME,True,LANDMARK_60D_JOURNEY,0.0,0.0,4545.153846153846,2487.5,26,RECURRING_CHURN,"[""FEATURE"",""SUBSCRIPTION_START""]",patternfamily_a09c08fc1d6eb1d7,pattern_61997ae3a408c9e6,2,NGRAM_2_COLLAPSED,26,MAIN,0.24528301886792453,NONE,False,SENSITIVE,1
pattern_624c44b22ed5b000,Pattern,338,2086325.0,0.676,0.676,500,0.0,ACCOUNT_SUPPORT_MAX_GAP_5_EVENTS_90_DAYS,True,FULL_OBSERVED_JOURNEY,0.0,0.0,5876.971830985915,5174.0,355,ALL_OUTCOMES,"[""SUPPORT_OPEN"",""FEATURE""]",patternfamily_cf3acda9acf1cdb3,pattern_624c44b22ed5b000,2,SEQUENTIAL_CLOSED,338,MAIN,0.676,PARTIAL,False,SENSITIVE,180
pattern_62d8b403f30271b4,Pattern,80,1587835.0,0.16,0.16,500,0.0,ACCOUNT_SUPPORT_MAX_GAP_5_EVENTS_90_DAYS,True,FULL_OBSERVED_JOURNEY,0.0,0.0,6107.057692307692,5174.0,260,ALL_OUTCOMES,"[""ACCOUNT"",""FEATURE"",""SUBSCRIPTION_START"",""SUBSCRIPTION_END""]",patternfamily_a7afbc67edea168b,pattern_62d8b403f30271b4,4,SEQUENTIAL_CLOSED,80,MAIN,0.16,PARTIAL,False,SENSITIVE,51
pattern_62e3b8a264fc6a2f,Pattern,64,512001.0,0.128,0.128,500,0.0,ACCOUNT_SUPPORT_MAX_GAP_5_EVENTS_90_DAYS,True,FULL_OBSERVED_JOURNEY,0.0,0.0,6400.0125,5373.0,80,ALL_OUTCOMES,"[""SUBSCRIPTION_END"",""SUBSCRIPTION_START"",""FEATURE"",""SUBSCRIPTION_END""]",patternfamily_0cbf3358ee46d420,pattern_62e3b8a264fc6a2f,4,SEQUENTIAL_CLOSED,64,MAIN,0.128,PARTIAL,False,SENSITIVE,34
pattern_6341accae21e9e47,Pattern,107,853391.0,0.214,0.214,500,0.0,ACCOUNT_SUPPORT_MAX_GAP_5_EVENTS_90_DAYS,True,FULL_OBSERVED_JOURNEY,0.0,0.0,6052.418439716312,5174.0,141,ALL_OUTCOMES,"[""FEATURE"",""SUBSCRIPTION_END"",""SUBSCRIPTION_START"",""SUBSCRIPTION_START""]",patternfamily_d8aea2bd1d05a68d,pattern_6341accae21e9e47,4,SEQUENTIAL_CLOSED,107,MAIN,0.214,PARTIAL,False,SENSITIVE,71
pattern_64c0489e7b0d086a,Pattern,39,472495.0,0.078,0.078,500,0.0,ACCOUNT_SUPPORT_MAX_GAP_5_EVENTS_90_DAYS,True,FULL_OBSERVED_JOURNEY,0.0,0.0,6217.039473684211,4975.0,76,ALL_OUTCOMES,"[""FEATURE"",""SUBSCRIPTION_START"",""FEATURE"",""SUBSCRIPTION_END"",""SUBSCRIPTION_END""]",patternfamily_d15cb2f1705e20aa,pattern_64c0489e7b0d086a,5,SEQUENTIAL_CLOSED,39,MAIN,0.078,PARTIAL,False,SENSITIVE,21
pattern_65032f881234d010,Pattern,103,798687.0,0.206,0.206,500,0.0,ACCOUNT_SUPPORT_MAX_GAP_5_EVENTS_90_DAYS,True,FULL_OBSERVED_JOURNEY,0.0,0.0,6050.659090909091,5074.5,132,ALL_OUTCOMES,"[""FEATURE"",""SUBSCRIPTION_END"",""SUBSCRIPTION_START"",""FEATURE"",""SUBSCRIPTION_START""]",patternfamily_32634c9134eedfae,pattern_65032f881234d010,5,SEQUENTIAL_CLOSED,103,MAIN,0.206,PARTIAL,False,SENSITIVE,74
pattern_6529ebf652dd4c49,Pattern,18,156681.0,0.0,0.0,154,0.0,ACCOUNT_SUPPORT_SCOPE_AND_OUTCOME,True,LANDMARK_60D_JOURNEY,0.0,0.0,8704.5,7661.5,18,NO_CHURN_OBSERVED,"[""SUPPORT_CLOSE"",""SUBSCRIPTION_START""]",patternfamily_8f27821d722c3e1f,pattern_6529ebf652dd4c49,2,NGRAM_2_RAW_BIGRAM_SENSITIVITY,18,MAIN,0.11688311688311688,NONE,False,SENSITIVE,24
pattern_65dace410ae1efcc,Pattern,309,1997438.0,0.618,0.618,500,0.0,ACCOUNT_SUPPORT_MAX_GAP_5_EVENTS_90_DAYS,True,FULL_OBSERVED_JOURNEY,0.0,0.0,5909.579881656805,5174.0,338,ALL_OUTCOMES,"[""SUPPORT_OPEN"",""FEATURE"",""SUBSCRIPTION_START""]",patternfamily_9a3dbbc020d1a562,pattern_65dace410ae1efcc,3,SEQUENTIAL_CLOSED,309,MAIN,0.618,PARTIAL,False,SENSITIVE,160
pattern_669c5af420beaa53,Pattern,14,132733.0,0.0,0.0,145,0.0,ACCOUNT_SUPPORT_SCOPE_AND_OUTCOME,True,LANDMARK_90D_JOURNEY,0.0,0.0,9480.92857142857,8955.0,14,NO_CHURN_OBSERVED,"[""FEATURE"",""SUPPORT_OPEN""]",patternfamily_327cb0c393c70d02,pattern_669c5af420beaa53,2,NGRAM_2_COLLAPSED,14,MAIN,0.09655172413793103,NONE,False,ROBUST,29
pattern_672dfa46cbd4b876,Pattern,344,2291508.0,0.688,0.688,500,0.0,ACCOUNT_SUPPORT_MAX_GAP_5_EVENTS_90_DAYS,True,FULL_OBSERVED_JOURNEY,0.0,0.0,6062.190476190476,5174.0,378,ALL_OUTCOMES,"[""FEATURE"",""FEATURE"",""SUBSCRIPTION_START"",""FEATURE""]",patternfamily_cb43f846f653d97d,pattern_672dfa46cbd4b876,4,SEQUENTIAL_CLOSED,344,MAIN,0.688,PARTIAL,False,ROBUST,305
pattern_67b399fa3bc26d5c,Pattern,44,389068.0,0.0,0.0,154,0.0,ACCOUNT_SUPPORT_SCOPE_AND_OUTCOME,True,LANDMARK_60D_JOURNEY,0.0,0.0,8842.454545454546,7263.5,44,NO_CHURN_OBSERVED,"[""FEATURE"",""SUBSCRIPTION_START""]",patternfamily_a09c08fc1d6eb1d7,pattern_67b399fa3bc26d5c,2,NGRAM_2_COLLAPSED,44,MAIN,0.2857142857142857,NONE,False,ROBUST,120
pattern_67e0785943360fc0,Pattern,407,2518601.0,0.814,0.814,500,0.0,ACCOUNT_SUPPORT_MAX_GAP_5_EVENTS_90_DAYS,True,FULL_OBSERVED_JOURNEY,0.0,0.0,5982.4251781472685,5174.0,421,ALL_OUTCOMES,"[""SUBSCRIPTION_START"",""FEATURE"",""FEATURE""]",patternfamily_ed21ab46d99c8bc5,pattern_67e0785943360fc0,3,SEQUENTIAL_CLOSED,407,MAIN,0.814,PARTIAL,False,ROBUST,366
pattern_688fa7f89e39fbd2,Pattern,177,1347568.0,0.354,0.354,500,0.0,ACCOUNT_SUPPORT_MAX_GAP_5_EVENTS_90_DAYS,True,FULL_OBSERVED_JOURNEY,0.0,0.0,6097.592760180995,4776.0,221,ALL_OUTCOMES,"[""SUBSCRIPTION_START"",""SUBSCRIPTION_START"",""SUBSCRIPTION_END"",""FEATURE""]",patternfamily_329e2ad4a1e9c18d,pattern_688fa7f89e39fbd2,4,SEQUENTIAL_CLOSED,177,MAIN,0.354,PARTIAL,False,SENSITIVE,135
pattern_6a4464fcb13a62f8,Pattern,196,1316143.0,0.392,0.392,500,0.0,ACCOUNT_SUPPORT_MAX_GAP_5_EVENTS_90_DAYS,True,FULL_OBSERVED_JOURNEY,0.0,0.0,6065.175115207373,4975.0,217,ALL_OUTCOMES,"[""FEATURE"",""SUBSCRIPTION_END"",""SUBSCRIPTION_START""]",patternfamily_a2362774a1146719,pattern_6a4464fcb13a62f8,3,SEQUENTIAL_CLOSED,196,MAIN,0.392,PARTIAL,False,SENSITIVE,144
pattern_6a7f8145d7a95561,Pattern,113,916335.0,0.226,0.226,500,0.0,ACCOUNT_SUPPORT_MAX_GAP_5_EVENTS_90_DAYS,True,FULL_OBSERVED_JOURNEY,0.0,0.0,6191.4527027027025,4875.5,148,ALL_OUTCOMES,"[""FEATURE"",""FEATURE"",""SUBSCRIPTION_END"",""SUBSCRIPTION_START"",""FEATURE""]",patternfamily_65f68875fed5b388,pattern_6a7f8145d7a95561,5,SEQUENTIAL_CLOSED,113,MAIN,0.226,PARTIAL,False,SENSITIVE,73
pattern_6ab2c7fef6696488,Pattern,35,390467.0,0.07,0.07,500,0.0,ACCOUNT_SUPPORT_MAX_GAP_5_EVENTS_90_DAYS,True,FULL_OBSERVED_JOURNEY,0.0,0.0,5827.865671641791,4179.0,67,ALL_OUTCOMES,"[""SUBSCRIPTION_START"",""SUBSCRIPTION_END"",""SUBSCRIPTION_END"",""SUBSCRIPTION_START""]",patternfamily_d76e83db051a3280,pattern_6ab2c7fef6696488,4,SEQUENTIAL_CLOSED,35,MAIN,0.07,PARTIAL,False,SENSITIVE,19
pattern_6c6fb17851dcb116,Pattern,129,978490.0,0.258,0.258,500,0.0,ACCOUNT_SUPPORT_MAX_GAP_5_EVENTS_90_DAYS,True,FULL_OBSERVED_JOURNEY,0.0,0.0,6232.420382165605,4776.0,157,ALL_OUTCOMES,"[""FEATURE"",""SUBSCRIPTION_START"",""SUBSCRIPTION_END"",""FEATURE"",""SUBSCRIPTION_START""]",patternfamily_794eba70864a4c12,pattern_6c6fb17851dcb116,5,SEQUENTIAL_CLOSED,129,MAIN,0.258,PARTIAL,False,SENSITIVE,88
pattern_6c86ffe4abdb5f40,Pattern,412,2512972.0,0.824,0.824,500,0.0,ACCOUNT_SUPPORT_MAX_GAP_5_EVENTS_90_DAYS,True,FULL_OBSERVED_JOURNEY,0.0,0.0,6026.311750599521,5174.0,417,ALL_OUTCOMES,"[""FEATURE"",""SUBSCRIPTION_START"",""FEATURE""]",patternfamily_82069cfbf43a81d2,pattern_6c86ffe4abdb5f40,3,SEQUENTIAL_CLOSED,412,MAIN,0.824,PARTIAL,False,ROBUST,393
pattern_6dca2984c3c70b85,Pattern,135,1027876.0,0.27,0.27,500,0.0,ACCOUNT_SUPPORT_MAX_GAP_5_EVENTS_90_DAYS,True,FULL_OBSERVED_JOURNEY,0.0,0.0,6267.536585365854,5074.5,164,ALL_OUTCOMES,"[""SUBSCRIPTION_START"",""SUBSCRIPTION_END"",""FEATURE"",""SUBSCRIPTION_START"",""FEATURE""]",patternfamily_4fc0a13d803c4fd6,pattern_6dca2984c3c70b85,5,SEQUENTIAL_CLOSED,135,MAIN,0.27,PARTIAL,False,SENSITIVE,92
pattern_6e2a8238b34b8638,Pattern,81,590390.0,0.0,0.0,175,0.0,ACCOUNT_SUPPORT_SCOPE_AND_OUTCOME,True,FULL_OBSERVED_JOURNEY,0.0,0.0,7288.765432098766,6965.0,81,NO_CHURN_OBSERVED,"[""SUPPORT_CLOSE"",""FEATURE""]",patternfamily_957f46d30342d434,pattern_6e2a8238b34b8638,2,NGRAM_2_RAW_BIGRAM_SENSITIVITY,81,MAIN,0.46285714285714286,NONE,False,SENSITIVE,110
pattern_6fae5fe9480e9148,Pattern,185,1529292.0,0.37,0.37,500,0.0,ACCOUNT_SUPPORT_MAX_GAP_5_EVENTS_90_DAYS,True,FULL_OBSERVED_JOURNEY,0.0,0.0,6068.619047619048,5174.0,252,ALL_OUTCOMES,"[""SUBSCRIPTION_START"",""SUBSCRIPTION_START"",""SUBSCRIPTION_START"",""SUBSCRIPTION_END""]",patternfamily_f642964b0d0ed3f6,pattern_6fae5fe9480e9148,4,SEQUENTIAL_CLOSED,185,MAIN,0.37,PARTIAL,False,SENSITIVE,119
pattern_701f92931069ef1a,Pattern,52,1258188.0,0.104,0.104,500,0.0,ACCOUNT_SUPPORT_MAX_GAP_5_EVENTS_90_DAYS,True,FULL_OBSERVED_JOURNEY,0.0,0.0,6167.588235294118,4975.0,204,ALL_OUTCOMES,"[""ACCOUNT"",""FEATURE"",""SUBSCRIPTION_START"",""SUBSCRIPTION_END"",""FEATURE""]",patternfamily_9703e8900afed394,pattern_701f92931069ef1a,5,SEQUENTIAL_CLOSED,52,MAIN,0.104,PARTIAL,False,SENSITIVE,31
pattern_70459cbae3454caa,Pattern,87,782614.0,0.174,0.174,500,0.0,ACCOUNT_SUPPORT_MAX_GAP_5_EVENTS_90_DAYS,True,FULL_OBSERVED_JOURNEY,0.0,0.0,6162.314960629921,5174.0,127,ALL_OUTCOMES,"[""FEATURE"",""SUBSCRIPTION_START"",""SUBSCRIPTION_END"",""SUBSCRIPTION_START"",""SUBSCRIPTION_START""]",patternfamily_45cae13f48d4094c,pattern_70459cbae3454caa,5,SEQUENTIAL_CLOSED,87,MAIN,0.174,PARTIAL,False,SENSITIVE,57
pattern_7075b3a91fb6337e,Pattern,10,33109.0,0.0,0.0,181,0.0,ACCOUNT_SUPPORT_SCOPE_AND_OUTCOME,True,FULL_OBSERVED_JOURNEY,0.0,0.0,3310.9,2272.0,10,SINGLE_CHURN,"[""SUPPORT_CLOSE"",""CHURN"",""SUBSCRIPTION_START""]",patternfamily_2202c57aa18cf2a6,pattern_7075b3a91fb6337e,3,NGRAM_3_COLLAPSED,10,MAIN,0.055248618784530384,NONE,False,SENSITIVE,3
pattern_71c7a49a113c88d7,Pattern,195,2426970.0,0.39,0.39,500,0.0,ACCOUNT_SUPPORT_MAX_GAP_5_EVENTS_90_DAYS,True,FULL_OBSERVED_JOURNEY,0.0,0.0,5948.455882352941,5174.0,408,ALL_OUTCOMES,"[""ACCOUNT"",""SUBSCRIPTION_START"",""SUBSCRIPTION_START"",""SUBSCRIPTION_START"",""FEATURE""]",patternfamily_14a1508e9a148401,pattern_71c7a49a113c88d7,5,SEQUENTIAL_CLOSED,195,MAIN,0.39,PARTIAL,False,SENSITIVE,117
pattern_71dfb82b63ec1035,Pattern,203,1326048.0,0.406,0.406,500,0.0,ACCOUNT_SUPPORT_MAX_GAP_5_EVENTS_90_DAYS,True,FULL_OBSERVED_JOURNEY,0.0,0.0,6082.788990825688,4875.5,218,ALL_OUTCOMES,"[""FEATURE"",""SUBSCRIPTION_END"",""FEATURE""]",patternfamily_5108dbaa292fe73e,pattern_71dfb82b63ec1035,3,SEQUENTIAL_CLOSED,203,MAIN,0.406,PARTIAL,False,ROBUST,164
pattern_726c29c7d479c615,Pattern,81,590390.0,0.0,0.0,175,0.0,ACCOUNT_SUPPORT_SCOPE_AND_OUTCOME,True,FULL_OBSERVED_JOURNEY,0.0,0.0,7288.765432098766,6965.0,81,NO_CHURN_OBSERVED,"[""SUPPORT_CLOSE"",""FEATURE""]",patternfamily_271d6610f3a641b4,pattern_726c29c7d479c615,2,NGRAM_2_COLLAPSED,81,MAIN,0.46285714285714286,NONE,False,SENSITIVE,110
pattern_73c8e65b24ce2774,Pattern,109,975518.0,0.218,0.218,500,0.0,ACCOUNT_SUPPORT_MAX_GAP_5_EVENTS_90_DAYS,True,FULL_OBSERVED_JOURNEY,0.0,0.0,6135.333333333333,4776.0,159,ALL_OUTCOMES,"[""SUBSCRIPTION_START"",""SUBSCRIPTION_START"",""SUBSCRIPTION_END"",""FEATURE"",""FEATURE""]",patternfamily_3f3043b126bf6f0e,pattern_73c8e65b24ce2774,5,SEQUENTIAL_CLOSED,109,MAIN,0.218,PARTIAL,False,SENSITIVE,66
pattern_73d62722033a86ad,Pattern,143,2291508.0,0.286,0.286,500,0.0,ACCOUNT_SUPPORT_MAX_GAP_5_EVENTS_90_DAYS,True,FULL_OBSERVED_JOURNEY,0.0,0.0,6062.190476190476,5174.0,378,ALL_OUTCOMES,"[""ACCOUNT"",""FEATURE"",""FEATURE"",""SUBSCRIPTION_START"",""FEATURE""]",patternfamily_e073e995c28783a6,pattern_73d62722033a86ad,5,SEQUENTIAL_CLOSED,143,MAIN,0.286,PARTIAL,False,SENSITIVE,100
pattern_74b53a17d36cebf0,Pattern,11,99692.0,0.0,0.0,154,0.0,ACCOUNT_SUPPORT_SCOPE_AND_OUTCOME,True,LANDMARK_60D_JOURNEY,0.0,0.0,9062.90909090909,7960.0,11,NO_CHURN_OBSERVED,"[""FEATURE"",""SUPPORT_OPEN""]",patternfamily_327cb0c393c70d02,pattern_74b53a17d36cebf0,2,NGRAM_2_COLLAPSED,11,MAIN,0.07142857142857142,NONE,False,SENSITIVE,18
pattern_758a31febd8d6f5b,Pattern,162,1157986.0,0.324,0.324,500,0.0,ACCOUNT_SUPPORT_MAX_GAP_5_EVENTS_90_DAYS,True,FULL_OBSERVED_JOURNEY,0.0,0.0,6126.910052910053,4975.0,189,ALL_OUTCOMES,"[""FEATURE"",""FEATURE"",""SUBSCRIPTION_END"",""FEATURE""]",patternfamily_1f4ea678cf885d50,pattern_758a31febd8d6f5b,4,SEQUENTIAL_CLOSED,162,MAIN,0.324,PARTIAL,False,SENSITIVE,124
pattern_7699ac1b000b10ec,Pattern,317,2707633.0,0.634,0.634,500,0.0,ACCOUNT_SUPPORT_MAX_GAP_5_EVENTS_90_DAYS,True,FULL_OBSERVED_JOURNEY,0.0,0.0,5886.158695652174,5174.0,460,ALL_OUTCOMES,"[""ACCOUNT"",""SUBSCRIPTION_START"",""FEATURE"",""SUBSCRIPTION_START""]",patternfamily_cb2d07e306f565d1,pattern_7699ac1b000b10ec,4,SEQUENTIAL_CLOSED,317,MAIN,0.634,PARTIAL,False,SENSITIVE,243
pattern_76ad5c3a82245b21,Pattern,66,1227305.0,0.132,0.132,500,0.0,ACCOUNT_SUPPORT_MAX_GAP_5_EVENTS_90_DAYS,True,FULL_OBSERVED_JOURNEY,0.0,0.0,6198.510101010101,4975.0,198,ALL_OUTCOMES,"[""ACCOUNT"",""FEATURE"",""SUBSCRIPTION_START"",""SUBSCRIPTION_END"",""SUBSCRIPTION_START""]",patternfamily_012ce709c6ba04c3,pattern_76ad5c3a82245b21,5,SEQUENTIAL_CLOSED,66,MAIN,0.132,PARTIAL,False,SENSITIVE,35
pattern_76d55f1f59da1c3d,Pattern,67,599732.0,0.134,0.134,500,0.0,ACCOUNT_SUPPORT_MAX_GAP_5_EVENTS_90_DAYS,True,FULL_OBSERVED_JOURNEY,0.0,0.0,6312.968421052631,5572.0,95,ALL_OUTCOMES,"[""SUBSCRIPTION_START"",""SUBSCRIPTION_END"",""FEATURE"",""SUBSCRIPTION_END""]",patternfamily_3dde6e39d48dfd3a,pattern_76d55f1f59da1c3d,4,SEQUENTIAL_CLOSED,67,MAIN,0.134,PARTIAL,False,SENSITIVE,36
pattern_76fe4cb4dbda15e8,Pattern,64,1352047.0,0.128,0.128,500,0.0,ACCOUNT_SUPPORT_MAX_GAP_5_EVENTS_90_DAYS,True,FULL_OBSERVED_JOURNEY,0.0,0.0,6202.0504587155965,4975.0,218,ALL_OUTCOMES,"[""ACCOUNT"",""FEATURE"",""FEATURE"",""SUBSCRIPTION_START"",""SUBSCRIPTION_END""]",patternfamily_712e72a82896de3f,pattern_76fe4cb4dbda15e8,5,SEQUENTIAL_CLOSED,64,MAIN,0.128,PARTIAL,False,SENSITIVE,36
pattern_77a6b344694ee710,Pattern,142,1048738.0,0.284,0.284,500,0.0,ACCOUNT_SUPPORT_MAX_GAP_5_EVENTS_90_DAYS,True,FULL_OBSERVED_JOURNEY,0.0,0.0,6132.970760233919,4776.0,171,ALL_OUTCOMES,"[""SUBSCRIPTION_START"",""FEATURE"",""SUBSCRIPTION_END"",""FEATURE"",""SUBSCRIPTION_START""]",patternfamily_c39a44e25ffc3648,pattern_77a6b344694ee710,5,SEQUENTIAL_CLOSED,142,MAIN,0.284,PARTIAL,False,SENSITIVE,100
pattern_797d5d73c08d3003,Pattern,31,1456061.0,0.062,0.062,500,0.0,ACCOUNT_SUPPORT_MAX_GAP_5_EVENTS_90_DAYS,True,FULL_OBSERVED_JOURNEY,0.0,0.0,6041.746887966805,4776.0,241,ALL_OUTCOMES,"[""ACCOUNT"",""SUBSCRIPTION_END"",""FEATURE""]",patternfamily_3c0534720ae4f99f,pattern_797d5d73c08d3003,3,SEQUENTIAL_CLOSED,31,MAIN,0.062,PARTIAL,False,SENSITIVE,24
pattern_79eb4fa28034c018,Pattern,288,2144575.0,0.576,0.576,500,0.0,ACCOUNT_SUPPORT_MAX_GAP_5_EVENTS_90_DAYS,True,FULL_OBSERVED_JOURNEY,0.0,0.0,6234.229651162791,5472.5,344,ALL_OUTCOMES,"[""FEATURE"",""SUBSCRIPTION_START"",""SUBSCRIPTION_START"",""FEATURE"",""SUBSCRIPTION_START""]",patternfamily_b87828645093346e,pattern_79eb4fa28034c018,5,SEQUENTIAL_CLOSED,288,MAIN,0.576,PARTIAL,False,ROBUST,231
pattern_7b03ee6ab4c165c1,Pattern,19,72012.0,0.05846153846153846,0.05846153846153846,325,0.0,FIXED_30D_WINDOW_WITH_OBSERVATION_END_PSEUDO_CUTOFF,True,PRE_FIRST_CHURN,0.05846153846153846,0.0,2880.48,1813.0,25,CHURN_OBSERVED,"[""SUPPORT_OPEN"",""SUPPORT_CLOSE"",""CHURN""]",patternfamily_a4e213d32d240609,pattern_7b03ee6ab4c165c1,3,PRE_CHURN_SUFFIX_30D_L3,19,MAIN,0.05846153846153846,NONE,False,ROBUST,3
pattern_7b2907f6e2cc22c1,Pattern,13,125768.0,0.0,0.0,145,0.0,ACCOUNT_SUPPORT_SCOPE_AND_OUTCOME,True,LANDMARK_90D_JOURNEY,0.0,0.0,9674.461538461539,11343.0,13,NO_CHURN_OBSERVED,"[""FEATURE"",""SUBSCRIPTION_START"",""FEATURE"",""SUBSCRIPTION_START""]",patternfamily_23d01e1ec89a5cf4,pattern_7b2907f6e2cc22c1,4,NGRAM_4_COLLAPSED,13,MAIN,0.0896551724137931,NONE,False,SENSITIVE,46
pattern_7cd8866826e16d7d,Pattern,15,42391.0,0.0,0.0,181,0.0,ACCOUNT_SUPPORT_SCOPE_AND_OUTCOME,True,PRE_FIRST_CHURN,0.0,0.0,2826.0666666666666,2156.0,15,SINGLE_CHURN,"[""SUPPORT_CLOSE"",""CHURN""]",patternfamily_f57931c3a8ca974f,pattern_7cd8866826e16d7d,2,NGRAM_2_RAW_BIGRAM_SENSITIVITY,15,MAIN,0.08287292817679558,NONE,False,ROBUST,3
pattern_7cf36051d75339ed,Pattern,94,852145.0,0.188,0.188,500,0.0,ACCOUNT_SUPPORT_MAX_GAP_5_EVENTS_90_DAYS,True,FULL_OBSERVED_JOURNEY,0.0,0.0,6407.105263157895,5572.0,133,ALL_OUTCOMES,"[""SUBSCRIPTION_START"",""SUBSCRIPTION_END"",""FEATURE"",""SUBSCRIPTION_START"",""SUBSCRIPTION_START""]",patternfamily_ab1cc7dd3a109fa1,pattern_7cf36051d75339ed,5,SEQUENTIAL_CLOSED,94,MAIN,0.188,PARTIAL,False,SENSITIVE,62
pattern_7d643a20afb0731b,Pattern,292,2154220.0,0.584,0.584,500,0.0,ACCOUNT_SUPPORT_MAX_GAP_5_EVENTS_90_DAYS,True,FULL_OBSERVED_JOURNEY,0.0,0.0,6137.378917378917,5373.0,351,ALL_OUTCOMES,"[""FEATURE"",""FEATURE"",""SUBSCRIPTION_START"",""SUBSCRIPTION_START""]",patternfamily_034fcea725d79f44,pattern_7d643a20afb0731b,4,SEQUENTIAL_CLOSED,292,MAIN,0.584,PARTIAL,False,ROBUST,235
pattern_7d9902f8d2107e59,Pattern,104,923444.0,0.208,0.208,500,0.0,ACCOUNT_SUPPORT_MAX_GAP_5_EVENTS_90_DAYS,True,FULL_OBSERVED_JOURNEY,0.0,0.0,6503.12676056338,4975.0,142,ALL_OUTCOMES,"[""FEATURE"",""FEATURE"",""FEATURE"",""SUBSCRIPTION_END"",""SUBSCRIPTION_START""]",patternfamily_03bb4e7c2a3ed890,pattern_7d9902f8d2107e59,5,SEQUENTIAL_CLOSED,104,MAIN,0.208,PARTIAL,False,SENSITIVE,61
pattern_7f8cb4c84e5962a4,Pattern,37,161413.0,0.0,0.0,99,0.0,ACCOUNT_SUPPORT_SCOPE_AND_OUTCOME,True,LANDMARK_90D_JOURNEY,0.0,0.0,4362.513513513513,2587.0,37,RECURRING_CHURN,"[""FEATURE"",""SUBSCRIPTION_START""]",patternfamily_a09c08fc1d6eb1d7,pattern_7f8cb4c84e5962a4,2,NGRAM_2_COLLAPSED,37,MAIN,0.37373737373737376,NONE,False,ROBUST,3
pattern_7fc520d55627cbe7,Pattern,52,630947.0,0.104,0.104,500,0.0,ACCOUNT_SUPPORT_MAX_GAP_5_EVENTS_90_DAYS,True,FULL_OBSERVED_JOURNEY,0.0,0.0,6438.234693877551,5373.0,98,ALL_OUTCOMES,"[""FEATURE"",""SUBSCRIPTION_END"",""SUBSCRIPTION_END""]",patternfamily_ed01b38649070eb5,pattern_7fc520d55627cbe7,3,SEQUENTIAL_CLOSED,52,MAIN,0.104,PARTIAL,False,SENSITIVE,30
pattern_805040ddfe6f0cfa,Pattern,26,76788.0,0.08,0.08,325,0.0,FIXED_90D_WINDOW_WITH_OBSERVATION_END_PSEUDO_CUTOFF,True,PRE_FIRST_CHURN,0.08,0.0,2953.3846153846152,1984.5,26,CHURN_OBSERVED,"[""SUPPORT_CLOSE"",""CHURN""]",patternfamily_5e9b3a830ffc5773,pattern_805040ddfe6f0cfa,2,PRE_CHURN_SUFFIX_90D_L2,26,MAIN,0.08,NONE,False,ROBUST,4
pattern_80ade46f1d0011df,Pattern,16,0.0,0.0,0.0,22,0.0,ACCOUNT_SUPPORT_SCOPE_AND_OUTCOME,True,FULL_OBSERVED_JOURNEY,0.0,0.0,0.0,0.0,0,REACTIVATED,"[""FEATURE"",""FEATURE""]",patternfamily_48056ef0c9ca35c3,pattern_80ade46f1d0011df,2,NGRAM_2_RAW_BIGRAM_SENSITIVITY,16,MAIN,0.7272727272727273,PARTIAL,False,SENSITIVE,1
pattern_810c01d66bbf540f,Pattern,46,394279.0,0.0,0.0,175,0.0,ACCOUNT_SUPPORT_SCOPE_AND_OUTCOME,True,FULL_OBSERVED_JOURNEY,0.0,0.0,8571.282608695652,6865.5,46,NO_CHURN_OBSERVED,"[""SUBSCRIPTION_END"",""FEATURE""]",patternfamily_c2613e07de9358d0,pattern_810c01d66bbf540f,2,NGRAM_2_RAW_BIGRAM_SENSITIVITY,46,MAIN,0.26285714285714284,NONE,False,ROBUST,130
pattern_81db2c076639d2e8,Pattern,31,98795.0,0.0,0.0,106,0.0,ACCOUNT_SUPPORT_SCOPE_AND_OUTCOME,True,LANDMARK_60D_JOURNEY,0.0,0.0,3186.935483870968,1519.0,31,RECURRING_CHURN,"[""CHURN"",""SUBSCRIPTION_START""]",patternfamily_41b1efc2c931b131,pattern_81db2c076639d2e8,2,NGRAM_2_RAW_BIGRAM_SENSITIVITY,31,MAIN,0.29245283018867924,NONE,False,SENSITIVE,3
pattern_820d37043d334114,Pattern,13,103919.0,0.0,0.0,175,0.0,ACCOUNT_SUPPORT_SCOPE_AND_OUTCOME,True,FULL_OBSERVED_JOURNEY,0.0,0.0,7993.7692307692305,7363.0,13,NO_CHURN_OBSERVED,"[""SUPPORT_OPEN"",""SUBSCRIPTION_START""]",patternfamily_4c388db7b6ad9e91,pattern_820d37043d334114,2,NGRAM_2_COLLAPSED,13,MAIN,0.07428571428571429,NONE,False,SENSITIVE,24
pattern_825af7544e0312d5,Pattern,13,103919.0,0.0,0.0,175,0.0,ACCOUNT_SUPPORT_SCOPE_AND_OUTCOME,True,FULL_OBSERVED_JOURNEY,0.0,0.0,7993.7692307692305,7363.0,13,NO_CHURN_OBSERVED,"[""SUPPORT_OPEN"",""SUBSCRIPTION_START""]",patternfamily_7b81f5a055ab6554,pattern_825af7544e0312d5,2,NGRAM_2_RAW_BIGRAM_SENSITIVITY,13,MAIN,0.07428571428571429,NONE,False,SENSITIVE,24
pattern_827c20ffb5b9fed5,Pattern,274,2236403.0,0.548,0.548,500,0.0,ACCOUNT_SUPPORT_MAX_GAP_5_EVENTS_90_DAYS,True,FULL_OBSERVED_JOURNEY,0.0,0.0,6229.534818941504,5373.0,359,ALL_OUTCOMES,"[""SUBSCRIPTION_START"",""FEATURE"",""SUBSCRIPTION_START"",""SUBSCRIPTION_START"",""SUBSCRIPTION_START""]",patternfamily_e5077879e420da33,pattern_827c20ffb5b9fed5,5,SEQUENTIAL_CLOSED,274,MAIN,0.548,PARTIAL,False,SENSITIVE,212
pattern_82c28c812aa2c323,Pattern,179,1204109.0,0.358,0.358,500,0.0,ACCOUNT_SUPPORT_MAX_GAP_5_EVENTS_90_DAYS,True,FULL_OBSERVED_JOURNEY,0.0,0.0,6206.7474226804125,4975.0,194,ALL_OUTCOMES,"[""SUBSCRIPTION_END"",""FEATURE"",""SUBSCRIPTION_START""]",patternfamily_032ef65702785cf8,pattern_82c28c812aa2c323,3,SEQUENTIAL_CLOSED,179,MAIN,0.358,PARTIAL,False,ROBUST,144
pattern_82e4e623c8f509ee,Pattern,40,1112288.0,0.08,0.08,500,0.0,ACCOUNT_SUPPORT_MAX_GAP_5_EVENTS_90_DAYS,True,FULL_OBSERVED_JOURNEY,0.0,0.0,6145.237569060773,4776.0,181,ALL_OUTCOMES,"[""ACCOUNT"",""SUBSCRIPTION_START"",""SUBSCRIPTION_END"",""FEATURE"",""FEATURE""]",patternfamily_25c877e57e795231,pattern_82e4e623c8f509ee,5,SEQUENTIAL_CLOSED,40,MAIN,0.08,PARTIAL,False,SENSITIVE,25
pattern_87dd9a4746f1fcca,Pattern,261,1974413.0,0.522,0.522,500,0.0,ACCOUNT_SUPPORT_MAX_GAP_5_EVENTS_90_DAYS,True,FULL_OBSERVED_JOURNEY,0.0,0.0,6208.845911949686,5572.0,318,ALL_OUTCOMES,"[""FEATURE"",""FEATURE"",""FEATURE"",""SUBSCRIPTION_START"",""FEATURE""]",patternfamily_6d106b34c9cb50cc,pattern_87dd9a4746f1fcca,5,SEQUENTIAL_CLOSED,261,MAIN,0.522,PARTIAL,False,ROBUST,208
pattern_8900de18e4a901d5,Pattern,34,515263.0,0.068,0.068,500,0.0,ACCOUNT_SUPPORT_MAX_GAP_5_EVENTS_90_DAYS,True,FULL_OBSERVED_JOURNEY,0.0,0.0,6605.9358974358975,5572.0,78,ALL_OUTCOMES,"[""SUBSCRIPTION_END"",""SUBSCRIPTION_END"",""FEATURE""]",patternfamily_f9516fc1e4b4cfb1,pattern_8900de18e4a901d5,3,SEQUENTIAL_CLOSED,34,MAIN,0.068,PARTIAL,False,SENSITIVE,20
pattern_890660e979255fd4,Pattern,136,1131499.0,0.272,0.272,500,0.0,ACCOUNT_SUPPORT_MAX_GAP_5_EVENTS_90_DAYS,True,FULL_OBSERVED_JOURNEY,0.0,0.0,6428.971590909091,4975.0,176,ALL_OUTCOMES,"[""FEATURE"",""FEATURE"",""FEATURE"",""SUBSCRIPTION_START"",""SUBSCRIPTION_END""]",patternfamily_0e8dee3ef9c3249e,pattern_890660e979255fd4,5,SEQUENTIAL_CLOSED,136,MAIN,0.272,PARTIAL,False,SENSITIVE,91
pattern_8b2b38ce609c76ec,Pattern,328,2291508.0,0.656,0.656,500,0.0,ACCOUNT_SUPPORT_MAX_GAP_5_EVENTS_90_DAYS,True,FULL_OBSERVED_JOURNEY,0.0,0.0,6062.190476190476,5174.0,378,ALL_OUTCOMES,"[""SUBSCRIPTION_START"",""FEATURE"",""FEATURE"",""SUBSCRIPTION_START"",""FEATURE""]",patternfamily_f7a0e1c6921bfa4d,pattern_8b2b38ce609c76ec,5,SEQUENTIAL_CLOSED,328,MAIN,0.656,PARTIAL,False,ROBUST,278
pattern_8cef730d7ce6b5f4,Pattern,50,358035.0,0.0,0.0,175,0.0,ACCOUNT_SUPPORT_SCOPE_AND_OUTCOME,True,FULL_OBSERVED_JOURNEY,0.0,0.0,7160.7,6965.0,50,NO_CHURN_OBSERVED,"[""SUBSCRIPTION_END"",""SUBSCRIPTION_START""]",patternfamily_34a3b2bc29e4a2e6,pattern_8cef730d7ce6b5f4,2,NGRAM_2_COLLAPSED,50,MAIN,0.2857142857142857,NONE,False,ROBUST,115
pattern_8d9f1af190dede00,Pattern,72,599732.0,0.144,0.144,500,0.0,ACCOUNT_SUPPORT_MAX_GAP_5_EVENTS_90_DAYS,True,FULL_OBSERVED_JOURNEY,0.0,0.0,6312.968421052631,5572.0,95,ALL_OUTCOMES,"[""SUBSCRIPTION_END"",""FEATURE"",""SUBSCRIPTION_END""]",patternfamily_4a05411506b1a5d3,pattern_8d9f1af190dede00,3,SEQUENTIAL_CLOSED,72,MAIN,0.144,PARTIAL,False,SENSITIVE,42
pattern_8e45d32948e922c1,Pattern,339,2306788.0,0.678,0.678,500,0.0,ACCOUNT_SUPPORT_MAX_GAP_5_EVENTS_90_DAYS,True,FULL_OBSERVED_JOURNEY,0.0,0.0,6102.613756613757,5174.0,378,ALL_OUTCOMES,"[""SUBSCRIPTION_START"",""FEATURE"",""SUBSCRIPTION_START"",""FEATURE"",""FEATURE""]",patternfamily_ae69f5d651defa2b,pattern_8e45d32948e922c1,5,SEQUENTIAL_CLOSED,339,MAIN,0.678,PARTIAL,False,ROBUST,284
pattern_8ebde78219caaa5c,Pattern,11,97863.0,0.0,0.0,175,0.0,ACCOUNT_SUPPORT_SCOPE_AND_OUTCOME,True,FULL_OBSERVED_JOURNEY,0.0,0.0,8896.636363636364,7164.0,11,NO_CHURN_OBSERVED,"[""SUPPORT_OPEN"",""FEATURE""]",patternfamily_d84536f0f92a0a55,pattern_8ebde78219caaa5c,2,NGRAM_2_RAW_BIGRAM_SENSITIVITY,11,MAIN,0.06285714285714286,NONE,False,SENSITIVE,18
pattern_8fff2cd590172f39,Pattern,284,2148828.0,0.568,0.568,500,0.0,ACCOUNT_SUPPORT_MAX_GAP_5_EVENTS_90_DAYS,True,FULL_OBSERVED_JOURNEY,0.0,0.0,6228.48695652174,5373.0,345,ALL_OUTCOMES,"[""SUBSCRIPTION_START"",""FEATURE"",""FEATURE"",""FEATURE"",""SUBSCRIPTION_START""]",patternfamily_8950310dceb2bb30,pattern_8fff2cd590172f39,5,SEQUENTIAL_CLOSED,284,MAIN,0.568,PARTIAL,False,SENSITIVE,218
pattern_901b9828c55cbe91,Pattern,22,101269.0,0.0,0.0,22,0.0,ACCOUNT_SUPPORT_SCOPE_AND_OUTCOME,True,FULL_OBSERVED_JOURNEY,0.0,0.0,4603.136363636364,2592.0,22,REACTIVATED,"[""FEATURE"",""SUBSCRIPTION_START""]",patternfamily_a09c08fc1d6eb1d7,pattern_901b9828c55cbe91,2,NGRAM_2_COLLAPSED,22,MAIN,1.0,NONE,False,ROBUST,1
pattern_90471d6c4e4b0310,Pattern,119,1077105.0,0.238,0.238,500,0.0,ACCOUNT_SUPPORT_MAX_GAP_5_EVENTS_90_DAYS,True,FULL_OBSERVED_JOURNEY,0.0,0.0,6449.730538922156,4975.0,167,ALL_OUTCOMES,"[""FEATURE"",""SUBSCRIPTION_START"",""SUBSCRIPTION_START"",""SUBSCRIPTION_END"",""SUBSCRIPTION_START""]",patternfamily_34bc14ab9c916587,pattern_90471d6c4e4b0310,5,SEQUENTIAL_CLOSED,119,MAIN,0.238,PARTIAL,False,SENSITIVE,75
pattern_9068455de59147ab,Pattern,203,1422015.0,0.406,0.406,500,0.0,ACCOUNT_SUPPORT_MAX_GAP_5_EVENTS_90_DAYS,True,FULL_OBSERVED_JOURNEY,0.0,0.0,6129.375,5074.5,232,ALL_OUTCOMES,"[""FEATURE"",""FEATURE"",""SUBSCRIPTION_END""]",patternfamily_8e870ca43b577d79,pattern_9068455de59147ab,3,SEQUENTIAL_CLOSED,203,MAIN,0.406,PARTIAL,False,SENSITIVE,159
pattern_909fc0f8133e3d9e,Pattern,236,1456061.0,0.472,0.472,500,0.0,ACCOUNT_SUPPORT_MAX_GAP_5_EVENTS_90_DAYS,True,FULL_OBSERVED_JOURNEY,0.0,0.0,6041.746887966805,4776.0,241,ALL_OUTCOMES,"[""SUBSCRIPTION_END"",""FEATURE""]",patternfamily_7dcafd49515cd937,pattern_909fc0f8133e3d9e,2,SEQUENTIAL_CLOSED,236,MAIN,0.472,PARTIAL,False,ROBUST,211
pattern_90aa1031c08df94c,Pattern,69,296880.0,0.2123076923076923,0.2123076923076923,325,0.0,FIXED_90D_WINDOW_WITH_OBSERVATION_END_PSEUDO_CUTOFF,True,PRE_FIRST_CHURN,0.2123076923076923,0.0,3665.185185185185,2450.0,81,CHURN_OBSERVED,"[""ACCOUNT"",""SUBSCRIPTION_START"",""CHURN""]",patternfamily_6835342b3446d9b1,pattern_90aa1031c08df94c,3,PRE_CHURN_SUFFIX_90D_L3,69,MAIN,0.2123076923076923,NONE,False,SENSITIVE,29
pattern_913afda6fbc021c1,Pattern,374,2189075.0,0.748,0.748,500,0.0,ACCOUNT_SUPPORT_MAX_GAP_5_EVENTS_90_DAYS,True,FULL_OBSERVED_JOURNEY,0.0,0.0,5853.141711229947,5110.5,374,ALL_OUTCOMES,"[""SUPPORT_OPEN"",""SUPPORT_CLOSE""]",patternfamily_04fbc5450582e779,pattern_913afda6fbc021c1,2,SEQUENTIAL_CLOSED,374,MAIN,0.748,PARTIAL,False,SENSITIVE,205
pattern_922c5d6e9f1467d6,Pattern,153,2311923.0,0.306,0.306,500,0.0,ACCOUNT_SUPPORT_MAX_GAP_5_EVENTS_90_DAYS,True,FULL_OBSERVED_JOURNEY,0.0,0.0,6068.03937007874,5174.0,381,ALL_OUTCOMES,"[""ACCOUNT"",""FEATURE"",""SUBSCRIPTION_START"",""SUBSCRIPTION_START"",""FEATURE""]",patternfamily_ea1f156da16c24f8,pattern_922c5d6e9f1467d6,5,SEQUENTIAL_CLOSED,153,MAIN,0.306,PARTIAL,False,SENSITIVE,101
pattern_9265d5314a1054ac,Pattern,141,1077168.0,0.282,0.282,500,0.0,ACCOUNT_SUPPORT_MAX_GAP_5_EVENTS_90_DAYS,True,FULL_OBSERVED_JOURNEY,0.0,0.0,6299.228070175439,4975.0,171,ALL_OUTCOMES,"[""FEATURE"",""SUBSCRIPTION_START"",""FEATURE"",""SUBSCRIPTION_END"",""SUBSCRIPTION_START""]",patternfamily_c2c03c79919132a0,pattern_9265d5314a1054ac,5,SEQUENTIAL_CLOSED,141,MAIN,0.282,PARTIAL,False,SENSITIVE,96
pattern_92a740e56ff82eda,Pattern,161,875484.0,0.0,0.0,181,0.0,ACCOUNT_SUPPORT_SCOPE_AND_OUTCOME,True,FULL_OBSERVED_JOURNEY,0.0,0.0,5437.788819875776,4577.0,161,SINGLE_CHURN,"[""FEATURE"",""SUBSCRIPTION_START""]",patternfamily_a09c08fc1d6eb1d7,pattern_92a740e56ff82eda,2,NGRAM_2_COLLAPSED,161,MAIN,0.8895027624309392,NONE,False,ROBUST,32
pattern_92e3d53350e1dfb6,Pattern,44,389068.0,0.0,0.0,154,0.0,ACCOUNT_SUPPORT_SCOPE_AND_OUTCOME,True,LANDMARK_60D_JOURNEY,0.0,0.0,8842.454545454546,7263.5,44,NO_CHURN_OBSERVED,"[""FEATURE"",""SUBSCRIPTION_START""]",patternfamily_fc2ef6649f2187ad,pattern_92e3d53350e1dfb6,2,NGRAM_2_RAW_BIGRAM_SENSITIVITY,44,MAIN,0.2857142857142857,NONE,False,ROBUST,120
pattern_93d81683d893e68d,Pattern,15,42391.0,0.0,0.0,181,0.0,ACCOUNT_SUPPORT_SCOPE_AND_OUTCOME,True,FULL_OBSERVED_JOURNEY,0.0,0.0,2826.0666666666666,2156.0,15,SINGLE_CHURN,"[""SUPPORT_CLOSE"",""CHURN""]",patternfamily_f57931c3a8ca974f,pattern_93d81683d893e68d,2,NGRAM_2_RAW_BIGRAM_SENSITIVITY,15,MAIN,0.08287292817679558,NONE,False,ROBUST,3
pattern_9462d337b699fd91,Pattern,166,1204109.0,0.332,0.332,500,0.0,ACCOUNT_SUPPORT_MAX_GAP_5_EVENTS_90_DAYS,True,FULL_OBSERVED_JOURNEY,0.0,0.0,6206.7474226804125,4975.0,194,ALL_OUTCOMES,"[""SUBSCRIPTION_START"",""SUBSCRIPTION_END"",""FEATURE"",""SUBSCRIPTION_START""]",patternfamily_474831d5d3b8bf79,pattern_9462d337b699fd91,4,SEQUENTIAL_CLOSED,166,MAIN,0.332,PARTIAL,False,SENSITIVE,123
pattern_954be6fc26e7a8d0,Pattern,13,47646.0,0.0,0.0,118,0.0,ACCOUNT_SUPPORT_SCOPE_AND_OUTCOME,True,FULL_OBSERVED_JOURNEY,0.0,0.0,3665.076923076923,3185.0,13,RECURRING_CHURN,"[""SUPPORT_CLOSE"",""CHURN""]",patternfamily_f57931c3a8ca974f,pattern_954be6fc26e7a8d0,2,NGRAM_2_RAW_BIGRAM_SENSITIVITY,13,MAIN,0.11016949152542373,NONE,False,ROBUST,1
pattern_9834cd8a47a7f3d5,Pattern,142,1151383.0,0.284,0.284,500,0.0,ACCOUNT_SUPPORT_MAX_GAP_5_EVENTS_90_DAYS,True,FULL_OBSERVED_JOURNEY,0.0,0.0,6091.973544973545,4975.0,189,ALL_OUTCOMES,"[""SUBSCRIPTION_START"",""SUBSCRIPTION_START"",""FEATURE"",""SUBSCRIPTION_END"",""SUBSCRIPTION_START""]",patternfamily_912519a478b8683a,pattern_9834cd8a47a7f3d5,5,SEQUENTIAL_CLOSED,142,MAIN,0.284,PARTIAL,False,SENSITIVE,89
pattern_989d0b2af6181f47,Pattern,72,1419294.0,0.144,0.144,500,0.0,ACCOUNT_SUPPORT_MAX_GAP_5_EVENTS_90_DAYS,True,FULL_OBSERVED_JOURNEY,0.0,0.0,6224.973684210527,5074.5,228,ALL_OUTCOMES,"[""ACCOUNT"",""FEATURE"",""SUBSCRIPTION_START"",""SUBSCRIPTION_START"",""SUBSCRIPTION_END""]",patternfamily_e95cc5295aa712d2,pattern_989d0b2af6181f47,5,SEQUENTIAL_CLOSED,72,MAIN,0.144,PARTIAL,False,SENSITIVE,37
pattern_98f8bb3145ca4b91,Pattern,150,1243301.0,0.3,0.3,500,0.0,ACCOUNT_SUPPORT_MAX_GAP_5_EVENTS_90_DAYS,True,FULL_OBSERVED_JOURNEY,0.0,0.0,6311.172588832487,4975.0,197,ALL_OUTCOMES,"[""SUBSCRIPTION_START"",""FEATURE"",""FEATURE"",""FEATURE"",""SUBSCRIPTION_END""]",patternfamily_d8c071cfb23eb541,pattern_98f8bb3145ca4b91,5,SEQUENTIAL_CLOSED,150,MAIN,0.3,PARTIAL,False,SENSITIVE,104
pattern_9909c4f3966f6c32,Pattern,112,888924.0,0.224,0.224,500,0.0,ACCOUNT_SUPPORT_MAX_GAP_5_EVENTS_90_DAYS,True,FULL_OBSERVED_JOURNEY,0.0,0.0,6441.478260869565,5572.0,138,ALL_OUTCOMES,"[""SUBSCRIPTION_END"",""FEATURE"",""FEATURE"",""SUBSCRIPTION_START""]",patternfamily_724341ad79daa2c3,pattern_9909c4f3966f6c32,4,SEQUENTIAL_CLOSED,112,MAIN,0.224,PARTIAL,False,SENSITIVE,78
pattern_9958e0b6f99ce9f3,Pattern,50,358035.0,0.0,0.0,175,0.0,ACCOUNT_SUPPORT_SCOPE_AND_OUTCOME,True,FULL_OBSERVED_JOURNEY,0.0,0.0,7160.7,6965.0,50,NO_CHURN_OBSERVED,"[""SUBSCRIPTION_END"",""SUBSCRIPTION_START""]",patternfamily_685148cf80f467db,pattern_9958e0b6f99ce9f3,2,NGRAM_2_RAW_BIGRAM_SENSITIVITY,50,MAIN,0.2857142857142857,NONE,False,ROBUST,115
pattern_9a7992a1b8c6cca3,Pattern,38,273991.0,0.076,0.076,500,0.0,ACCOUNT_SUPPORT_MAX_GAP_5_EVENTS_90_DAYS,True,FULL_OBSERVED_JOURNEY,0.0,0.0,5829.595744680851,4179.0,47,ALL_OUTCOMES,"[""SUBSCRIPTION_END"",""SUBSCRIPTION_START"",""FEATURE"",""SUBSCRIPTION_END"",""SUBSCRIPTION_START""]",patternfamily_9a354318f899968b,pattern_9a7992a1b8c6cca3,5,SEQUENTIAL_CLOSED,38,MAIN,0.076,PARTIAL,False,SENSITIVE,20
pattern_9b25103cc0257d22,Pattern,281,2298857.0,0.562,0.562,500,0.0,ACCOUNT_SUPPORT_MAX_GAP_5_EVENTS_90_DAYS,True,FULL_OBSERVED_JOURNEY,0.0,0.0,6065.5857519788915,5174.0,379,ALL_OUTCOMES,"[""SUBSCRIPTION_START"",""SUBSCRIPTION_START"",""FEATURE"",""SUBSCRIPTION_START"",""SUBSCRIPTION_START""]",patternfamily_d65dad5cf33e21c8,pattern_9b25103cc0257d22,5,SEQUENTIAL_CLOSED,281,MAIN,0.562,PARTIAL,False,SENSITIVE,218
pattern_9bb7c895ebfdc215,Pattern,41,428900.0,0.082,0.082,500,0.0,ACCOUNT_SUPPORT_MAX_GAP_5_EVENTS_90_DAYS,True,FULL_OBSERVED_JOURNEY,0.0,0.0,7031.147540983607,5771.0,61,ALL_OUTCOMES,"[""FEATURE"",""SUBSCRIPTION_END"",""FEATURE"",""FEATURE"",""SUBSCRIPTION_END""]",patternfamily_c820c6f31d91c69e,pattern_9bb7c895ebfdc215,5,SEQUENTIAL_CLOSED,41,MAIN,0.082,PARTIAL,False,SENSITIVE,21
pattern_9bd6299521c9f7b6,Pattern,101,853391.0,0.202,0.202,500,0.0,ACCOUNT_SUPPORT_MAX_GAP_5_EVENTS_90_DAYS,True,FULL_OBSERVED_JOURNEY,0.0,0.0,6052.418439716312,5174.0,141,ALL_OUTCOMES,"[""SUBSCRIPTION_START"",""FEATURE"",""SUBSCRIPTION_END"",""SUBSCRIPTION_START"",""SUBSCRIPTION_START""]",patternfamily_b7efc9a3d643caa0,pattern_9bd6299521c9f7b6,5,SEQUENTIAL_CLOSED,101,MAIN,0.202,PARTIAL,False,SENSITIVE,66
pattern_9c2cc27e0d46fb9f,Pattern,10,33452.0,0.0,0.0,99,0.0,ACCOUNT_SUPPORT_SCOPE_AND_OUTCOME,True,LANDMARK_90D_JOURNEY,0.0,0.0,3345.2,2004.0,10,RECURRING_CHURN,"[""CHURN"",""FEATURE""]",patternfamily_728fcbce1ae97c48,pattern_9c2cc27e0d46fb9f,2,NGRAM_2_COLLAPSED,10,MAIN,0.10101010101010101,NONE,False,SENSITIVE,1
pattern_9da0c4c84b0226f1,Pattern,10,38049.0,0.0,0.0,181,0.0,ACCOUNT_SUPPORT_SCOPE_AND_OUTCOME,True,FULL_OBSERVED_JOURNEY,0.0,0.0,3804.9,3582.0,10,SINGLE_CHURN,"[""FEATURE"",""SUBSCRIPTION_START"",""FEATURE"",""SUBSCRIPTION_END"",""SUBSCRIPTION_START""]",patternfamily_71af7546ccdbf484,pattern_9da0c4c84b0226f1,5,NGRAM_5_COLLAPSED,10,MAIN,0.055248618784530384,NONE,False,SENSITIVE,3
pattern_9dec0333442ff94d,Pattern,198,1326048.0,0.396,0.396,500,0.0,ACCOUNT_SUPPORT_MAX_GAP_5_EVENTS_90_DAYS,True,FULL_OBSERVED_JOURNEY,0.0,0.0,6082.788990825688,4875.5,218,ALL_OUTCOMES,"[""SUBSCRIPTION_START"",""FEATURE"",""SUBSCRIPTION_END"",""FEATURE""]",patternfamily_db56b2304ae1ea01,pattern_9dec0333442ff94d,4,SEQUENTIAL_CLOSED,198,MAIN,0.396,PARTIAL,False,SENSITIVE,156
pattern_9e41f582dc3927a1,Pattern,80,687579.0,0.16,0.16,500,0.0,ACCOUNT_SUPPORT_MAX_GAP_5_EVENTS_90_DAYS,True,FULL_OBSERVED_JOURNEY,0.0,0.0,6548.371428571429,5572.0,105,ALL_OUTCOMES,"[""SUBSCRIPTION_END"",""SUBSCRIPTION_START"",""FEATURE"",""SUBSCRIPTION_START"",""SUBSCRIPTION_START""]",patternfamily_b6e0e89bed8c66b8,pattern_9e41f582dc3927a1,5,SEQUENTIAL_CLOSED,80,MAIN,0.16,PARTIAL,False,SENSITIVE,60
pattern_9fdde5d9340f20de,Pattern,39,415197.0,0.078,0.078,500,0.0,ACCOUNT_SUPPORT_MAX_GAP_5_EVENTS_90_DAYS,True,FULL_OBSERVED_JOURNEY,0.0,0.0,7284.1578947368425,5771.0,57,ALL_OUTCOMES,"[""SUBSCRIPTION_END"",""FEATURE"",""SUBSCRIPTION_START"",""SUBSCRIPTION_END"",""FEATURE""]",patternfamily_d78a04e38612e544,pattern_9fdde5d9340f20de,5,SEQUENTIAL_CLOSED,39,MAIN,0.078,PARTIAL,False,SENSITIVE,21
pattern_a139e77cdf59858e,Pattern,39,332630.0,0.078,0.078,500,0.0,ACCOUNT_SUPPORT_MAX_GAP_5_EVENTS_90_DAYS,True,FULL_OBSERVED_JOURNEY,0.0,0.0,5835.6140350877195,4179.0,57,ALL_OUTCOMES,"[""SUBSCRIPTION_START"",""SUBSCRIPTION_END"",""FEATURE"",""SUBSCRIPTION_END"",""SUBSCRIPTION_START""]",patternfamily_121dccbe73c241aa,pattern_a139e77cdf59858e,5,SEQUENTIAL_CLOSED,39,MAIN,0.078,PARTIAL,False,SENSITIVE,20
pattern_a19f7fdfac3f5acc,Pattern,225,1456061.0,0.45,0.45,500,0.0,ACCOUNT_SUPPORT_MAX_GAP_5_EVENTS_90_DAYS,True,FULL_OBSERVED_JOURNEY,0.0,0.0,6041.746887966805,4776.0,241,ALL_OUTCOMES,"[""SUBSCRIPTION_START"",""SUBSCRIPTION_END"",""FEATURE""]",patternfamily_2566152775c672e5,pattern_a19f7fdfac3f5acc,3,SEQUENTIAL_CLOSED,225,MAIN,0.45,PARTIAL,False,ROBUST,192
pattern_a2274a658d7a3b10,Pattern,12,110246.0,0.0,0.0,145,0.0,ACCOUNT_SUPPORT_SCOPE_AND_OUTCOME,True,LANDMARK_90D_JOURNEY,0.0,0.0,9187.166666666666,8955.0,12,NO_CHURN_OBSERVED,"[""SUBSCRIPTION_START"",""FEATURE"",""SUPPORT_OPEN""]",patternfamily_a7e7fa7f911aa9a0,pattern_a2274a658d7a3b10,3,NGRAM_3_COLLAPSED,12,MAIN,0.08275862068965517,NONE,False,ROBUST,27
pattern_a23596648b7ea208,Pattern,15,138703.0,0.0,0.0,145,0.0,ACCOUNT_SUPPORT_SCOPE_AND_OUTCOME,True,LANDMARK_90D_JOURNEY,0.0,0.0,9246.866666666667,7960.0,15,NO_CHURN_OBSERVED,"[""SUPPORT_CLOSE"",""FEATURE""]",patternfamily_957f46d30342d434,pattern_a23596648b7ea208,2,NGRAM_2_RAW_BIGRAM_SENSITIVITY,15,MAIN,0.10344827586206896,NONE,False,SENSITIVE,21
pattern_a241fe13167030e2,Pattern,176,1193625.0,0.352,0.352,500,0.0,ACCOUNT_SUPPORT_MAX_GAP_5_EVENTS_90_DAYS,True,FULL_OBSERVED_JOURNEY,0.0,0.0,6184.58549222798,4975.0,193,ALL_OUTCOMES,"[""SUBSCRIPTION_END"",""SUBSCRIPTION_START"",""FEATURE""]",patternfamily_55260a0053438625,pattern_a241fe13167030e2,3,SEQUENTIAL_CLOSED,176,MAIN,0.352,PARTIAL,False,ROBUST,144
pattern_a303ab54b2934ed6,Pattern,128,1142427.0,0.256,0.256,500,0.0,ACCOUNT_SUPPORT_MAX_GAP_5_EVENTS_90_DAYS,True,FULL_OBSERVED_JOURNEY,0.0,0.0,6044.587301587301,4776.0,189,ALL_OUTCOMES,"[""SUBSCRIPTION_START"",""SUBSCRIPTION_START"",""SUBSCRIPTION_START"",""SUBSCRIPTION_END"",""SUBSCRIPTION_START""]",patternfamily_bd488cb2da4e68eb,pattern_a303ab54b2934ed6,5,SEQUENTIAL_CLOSED,128,MAIN,0.256,PARTIAL,False,SENSITIVE,69
pattern_a46e29de7af80042,Pattern,31,141015.0,0.0,0.0,118,0.0,ACCOUNT_SUPPORT_SCOPE_AND_OUTCOME,True,FULL_OBSERVED_JOURNEY,0.0,0.0,4548.870967741936,2388.0,31,RECURRING_CHURN,"[""SUBSCRIPTION_END"",""FEATURE""]",patternfamily_c1f4ee18d4b32616,pattern_a46e29de7af80042,2,NGRAM_2_COLLAPSED,31,MAIN,0.2627118644067797,NONE,False,ROBUST,2
pattern_a57288e510cf9e3a,Pattern,12,296880.0,0.036923076923076927,0.036923076923076927,325,0.0,FIXED_7D_WINDOW_WITH_OBSERVATION_END_PSEUDO_CUTOFF,True,PRE_FIRST_CHURN,0.036923076923076927,0.0,3665.185185185185,2450.0,81,CHURN_OBSERVED,"[""ACCOUNT"",""SUBSCRIPTION_START"",""CHURN""]",patternfamily_9933d51b98d5da35,pattern_a57288e510cf9e3a,3,PRE_CHURN_SUFFIX_7D_L3,12,MAIN,0.036923076923076927,NONE,False,ROBUST,2
pattern_a58b821594248276,Pattern,264,2624398.0,0.528,0.528,500,0.0,ACCOUNT_SUPPORT_MAX_GAP_5_EVENTS_90_DAYS,True,FULL_OBSERVED_JOURNEY,0.0,0.0,5858.03125,4975.0,448,ALL_OUTCOMES,"[""ACCOUNT"",""SUBSCRIPTION_START"",""SUBSCRIPTION_START"",""FEATURE""]",patternfamily_4aca1adb22e418a8,pattern_a58b821594248276,4,SEQUENTIAL_CLOSED,264,MAIN,0.528,PARTIAL,False,SENSITIVE,172
pattern_a5fe4645a172463a,Pattern,74,626681.0,0.148,0.148,500,0.0,ACCOUNT_SUPPORT_MAX_GAP_5_EVENTS_90_DAYS,True,FULL_OBSERVED_JOURNEY,0.0,0.0,6811.75,5771.0,92,ALL_OUTCOMES,"[""SUBSCRIPTION_END"",""FEATURE"",""FEATURE"",""SUBSCRIPTION_START"",""SUBSCRIPTION_START""]",patternfamily_720d7f17d5916f4f,pattern_a5fe4645a172463a,5,SEQUENTIAL_CLOSED,74,MAIN,0.148,PARTIAL,False,SENSITIVE,51
pattern_a6f09096a63d447a,Pattern,58,1907658.0,0.116,0.116,500,0.0,ACCOUNT_SUPPORT_MAX_GAP_5_EVENTS_90_DAYS,True,FULL_OBSERVED_JOURNEY,0.0,0.0,6114.288461538462,5074.5,312,ALL_OUTCOMES,"[""ACCOUNT"",""SUBSCRIPTION_END""]",patternfamily_bbb04b5a8f16ef77,pattern_a6f09096a63d447a,2,SEQUENTIAL_CLOSED,58,MAIN,0.116,PARTIAL,False,ROBUST,49
pattern_a71e6516ad6933dd,Pattern,91,759517.0,0.182,0.182,500,0.0,ACCOUNT_SUPPORT_MAX_GAP_5_EVENTS_90_DAYS,True,FULL_OBSERVED_JOURNEY,0.0,0.0,6277.0,5572.0,121,ALL_OUTCOMES,"[""FEATURE"",""SUBSCRIPTION_END"",""FEATURE"",""FEATURE"",""SUBSCRIPTION_START""]",patternfamily_c6087a2b038ec049,pattern_a71e6516ad6933dd,5,SEQUENTIAL_CLOSED,91,MAIN,0.182,PARTIAL,False,SENSITIVE,60
pattern_a72e44302ad729ee,Pattern,243,1587835.0,0.486,0.486,500,0.0,ACCOUNT_SUPPORT_MAX_GAP_5_EVENTS_90_DAYS,True,FULL_OBSERVED_JOURNEY,0.0,0.0,6107.057692307692,5174.0,260,ALL_OUTCOMES,"[""FEATURE"",""SUBSCRIPTION_START"",""SUBSCRIPTION_END""]",patternfamily_da982eca6e5ca35c,pattern_a72e44302ad729ee,3,SEQUENTIAL_CLOSED,243,MAIN,0.486,PARTIAL,False,ROBUST,200
pattern_a78f5dcd9dc87298,Pattern,120,1037549.0,0.24,0.24,500,0.0,ACCOUNT_SUPPORT_MAX_GAP_5_EVENTS_90_DAYS,True,FULL_OBSERVED_JOURNEY,0.0,0.0,6326.518292682927,4975.0,164,ALL_OUTCOMES,"[""FEATURE"",""FEATURE"",""FEATURE"",""FEATURE"",""SUBSCRIPTION_END""]",patternfamily_cd2051897b1d969a,pattern_a78f5dcd9dc87298,5,SEQUENTIAL_CLOSED,120,MAIN,0.24,PARTIAL,False,SENSITIVE,80
pattern_a7b7469f65b8e22d,Pattern,25,347745.0,0.05,0.05,500,0.0,ACCOUNT_SUPPORT_MAX_GAP_5_EVENTS_90_DAYS,True,FULL_OBSERVED_JOURNEY,0.0,0.0,6687.403846153846,5373.0,52,ALL_OUTCOMES,"[""SUBSCRIPTION_START"",""FEATURE"",""SUBSCRIPTION_END"",""SUBSCRIPTION_END"",""SUBSCRIPTION_START""]",patternfamily_c8e1620901277baf,pattern_a7b7469f65b8e22d,5,SEQUENTIAL_CLOSED,25,MAIN,0.05,PARTIAL,False,SENSITIVE,15
pattern_a9084e7fd9e4d3cc,Pattern,358,2461627.0,0.716,0.716,500,0.0,ACCOUNT_SUPPORT_MAX_GAP_5_EVENTS_90_DAYS,True,FULL_OBSERVED_JOURNEY,0.0,0.0,6078.0913580246915,5174.0,405,ALL_OUTCOMES,"[""SUBSCRIPTION_START"",""FEATURE"",""FEATURE"",""SUBSCRIPTION_START""]",patternfamily_3b1d66e0654dbe1a,pattern_a9084e7fd9e4d3cc,4,SEQUENTIAL_CLOSED,358,MAIN,0.716,PARTIAL,False,ROBUST,315
pattern_a94d001dc9c12e20,Pattern,147,1051791.0,0.294,0.294,500,0.0,ACCOUNT_SUPPORT_MAX_GAP_5_EVENTS_90_DAYS,True,FULL_OBSERVED_JOURNEY,0.0,0.0,6079.71676300578,4975.0,173,ALL_OUTCOMES,"[""FEATURE"",""SUBSCRIPTION_END"",""SUBSCRIPTION_START"",""FEATURE""]",patternfamily_220998e1e016185d,pattern_a94d001dc9c12e20,4,SEQUENTIAL_CLOSED,147,MAIN,0.294,PARTIAL,False,SENSITIVE,108
pattern_ac38c39c6ada9410,Pattern,48,486049.0,0.096,0.096,500,0.0,ACCOUNT_SUPPORT_MAX_GAP_5_EVENTS_90_DAYS,True,FULL_OBSERVED_JOURNEY,0.0,0.0,7147.779411764706,5870.5,68,ALL_OUTCOMES,"[""SUBSCRIPTION_END"",""SUBSCRIPTION_START"",""SUBSCRIPTION_START"",""SUBSCRIPTION_START"",""SUBSCRIPTION_START""]",patternfamily_eaca8d3650336cc7,pattern_ac38c39c6ada9410,5,SEQUENTIAL_CLOSED,48,MAIN,0.096,PARTIAL,False,SENSITIVE,29
pattern_ac86d68729812890,Pattern,172,1258188.0,0.344,0.344,500,0.0,ACCOUNT_SUPPORT_MAX_GAP_5_EVENTS_90_DAYS,True,FULL_OBSERVED_JOURNEY,0.0,0.0,6167.588235294118,4975.0,204,ALL_OUTCOMES,"[""SUBSCRIPTION_START"",""FEATURE"",""SUBSCRIPTION_START"",""SUBSCRIPTION_END"",""FEATURE""]",patternfamily_b8d1ca6e6cac815b,pattern_ac86d68729812890,5,SEQUENTIAL_CLOSED,172,MAIN,0.344,PARTIAL,False,ROBUST,142
pattern_ad255145f43e127d,Pattern,10,37720.0,0.0,0.0,106,0.0,ACCOUNT_SUPPORT_SCOPE_AND_OUTCOME,True,LANDMARK_60D_JOURNEY,0.0,0.0,3772.0,2587.0,10,RECURRING_CHURN,"[""CHURN"",""SUBSCRIPTION_START"",""FEATURE""]",patternfamily_855a38fa7b0784b2,pattern_ad255145f43e127d,3,NGRAM_3_COLLAPSED,10,MAIN,0.09433962264150944,NONE,False,SENSITIVE,1
pattern_ad8349d5250e1c76,Pattern,72,675499.0,0.144,0.144,500,0.0,ACCOUNT_SUPPORT_MAX_GAP_5_EVENTS_90_DAYS,True,FULL_OBSERVED_JOURNEY,0.0,0.0,6140.9,4776.0,110,ALL_OUTCOMES,"[""SUBSCRIPTION_START"",""SUBSCRIPTION_END"",""SUBSCRIPTION_START"",""SUBSCRIPTION_END""]",patternfamily_82286a7321ba15c2,pattern_ad8349d5250e1c76,4,SEQUENTIAL_CLOSED,72,MAIN,0.144,PARTIAL,False,SENSITIVE,36
pattern_ade7b856ff8edcce,Pattern,31,1048738.0,0.062,0.062,500,0.0,ACCOUNT_SUPPORT_MAX_GAP_5_EVENTS_90_DAYS,True,FULL_OBSERVED_JOURNEY,0.0,0.0,6132.970760233919,4776.0,171,ALL_OUTCOMES,"[""ACCOUNT"",""FEATURE"",""SUBSCRIPTION_END"",""FEATURE"",""SUBSCRIPTION_START""]",patternfamily_363e8f86c9a35490,pattern_ade7b856ff8edcce,5,SEQUENTIAL_CLOSED,31,MAIN,0.062,PARTIAL,False,SENSITIVE,22
pattern_af3b0040d5e7a01e,Pattern,136,1132711.0,0.272,0.272,500,0.0,ACCOUNT_SUPPORT_MAX_GAP_5_EVENTS_90_DAYS,True,FULL_OBSERVED_JOURNEY,0.0,0.0,6292.8388888888885,4975.0,180,ALL_OUTCOMES,"[""FEATURE"",""SUBSCRIPTION_START"",""SUBSCRIPTION_START"",""SUBSCRIPTION_END"",""FEATURE""]",patternfamily_519a0a33a2404706,pattern_af3b0040d5e7a01e,5,SEQUENTIAL_CLOSED,136,MAIN,0.272,PARTIAL,False,SENSITIVE,104
pattern_b03e5178b459aa59,Pattern,345,2082494.0,0.69,0.69,500,0.0,ACCOUNT_SUPPORT_MAX_GAP_5_EVENTS_90_DAYS,True,FULL_OBSERVED_JOURNEY,0.0,0.0,5849.702247191011,5110.5,356,ALL_OUTCOMES,"[""SUPPORT_OPEN"",""SUPPORT_CLOSE"",""SUBSCRIPTION_START""]",patternfamily_21685bfcaab4bca4,pattern_b03e5178b459aa59,3,SEQUENTIAL_CLOSED,345,MAIN,0.69,PARTIAL,False,SENSITIVE,179
pattern_b075f46c6d242e3e,Pattern,26,1204109.0,0.052,0.052,500,0.0,ACCOUNT_SUPPORT_MAX_GAP_5_EVENTS_90_DAYS,True,FULL_OBSERVED_JOURNEY,0.0,0.0,6206.7474226804125,4975.0,194,ALL_OUTCOMES,"[""ACCOUNT"",""SUBSCRIPTION_END"",""FEATURE"",""SUBSCRIPTION_START""]",patternfamily_8e569e8fdcd49253,pattern_b075f46c6d242e3e,4,SEQUENTIAL_CLOSED,26,MAIN,0.052,PARTIAL,False,SENSITIVE,20
pattern_b08867a07aec08c2,Pattern,100,835100.0,0.2,0.2,500,0.0,ACCOUNT_SUPPORT_MAX_GAP_5_EVENTS_90_DAYS,True,FULL_OBSERVED_JOURNEY,0.0,0.0,5965.0,4467.5,140,ALL_OUTCOMES,"[""FEATURE"",""FEATURE"",""SUBSCRIPTION_END"",""FEATURE"",""FEATURE""]",patternfamily_49a86069e352655b,pattern_b08867a07aec08c2,5,SEQUENTIAL_CLOSED,100,MAIN,0.2,PARTIAL,False,SENSITIVE,55
pattern_b175cd42fdcb9d60,Pattern,98,1475842.0,0.196,0.196,500,0.0,ACCOUNT_SUPPORT_MAX_GAP_5_EVENTS_90_DAYS,True,FULL_OBSERVED_JOURNEY,0.0,0.0,6023.844897959184,5174.0,245,ALL_OUTCOMES,"[""ACCOUNT"",""SUBSCRIPTION_START"",""SUBSCRIPTION_START"",""FEATURE"",""SUBSCRIPTION_END""]",patternfamily_f8cbea0cfdadb606,pattern_b175cd42fdcb9d60,5,SEQUENTIAL_CLOSED,98,MAIN,0.196,PARTIAL,False,SENSITIVE,50
pattern_b310419ccdef83fa,Pattern,85,763256.0,0.17,0.17,500,0.0,ACCOUNT_SUPPORT_MAX_GAP_5_EVENTS_90_DAYS,True,FULL_OBSERVED_JOURNEY,0.0,0.0,6637.008695652174,5572.0,115,ALL_OUTCOMES,"[""SUBSCRIPTION_END"",""FEATURE"",""SUBSCRIPTION_START"",""SUBSCRIPTION_START"",""FEATURE""]",patternfamily_b1f1e1e35b7c18ac,pattern_b310419ccdef83fa,5,SEQUENTIAL_CLOSED,85,MAIN,0.17,PARTIAL,False,SENSITIVE,57
pattern_b4163727b18a23c7,Pattern,301,2136830.0,0.602,0.602,500,0.0,ACCOUNT_SUPPORT_MAX_GAP_5_EVENTS_90_DAYS,True,FULL_OBSERVED_JOURNEY,0.0,0.0,6266.363636363636,5572.0,341,ALL_OUTCOMES,"[""FEATURE"",""SUBSCRIPTION_START"",""FEATURE"",""FEATURE"",""SUBSCRIPTION_START""]",patternfamily_a221f7b5cc77e86e,pattern_b4163727b18a23c7,5,SEQUENTIAL_CLOSED,301,MAIN,0.602,PARTIAL,False,ROBUST,245
pattern_b4be46cce981ff91,Pattern,358,2306788.0,0.716,0.716,500,0.0,ACCOUNT_SUPPORT_MAX_GAP_5_EVENTS_90_DAYS,True,FULL_OBSERVED_JOURNEY,0.0,0.0,6102.613756613757,5174.0,378,ALL_OUTCOMES,"[""FEATURE"",""SUBSCRIPTION_START"",""FEATURE"",""FEATURE""]",patternfamily_9ba2a243ba1befd1,pattern_b4be46cce981ff91,4,SEQUENTIAL_CLOSED,358,MAIN,0.716,PARTIAL,False,ROBUST,311
pattern_b4bf9aff0e2de2f8,Pattern,44,473561.0,0.088,0.088,500,0.0,ACCOUNT_SUPPORT_MAX_GAP_5_EVENTS_90_DAYS,True,FULL_OBSERVED_JOURNEY,0.0,0.0,6577.236111111111,5373.0,72,ALL_OUTCOMES,"[""SUBSCRIPTION_END"",""SUBSCRIPTION_START"",""SUBSCRIPTION_END"",""FEATURE""]",patternfamily_8c0ed81d29eaec6b,pattern_b4bf9aff0e2de2f8,4,SEQUENTIAL_CLOSED,44,MAIN,0.088,PARTIAL,False,SENSITIVE,24
pattern_b604c1521921fc04,Pattern,205,1475842.0,0.41,0.41,500,0.0,ACCOUNT_SUPPORT_MAX_GAP_5_EVENTS_90_DAYS,True,FULL_OBSERVED_JOURNEY,0.0,0.0,6023.844897959184,5174.0,245,ALL_OUTCOMES,"[""SUBSCRIPTION_START"",""SUBSCRIPTION_START"",""FEATURE"",""SUBSCRIPTION_END""]",patternfamily_d95675787272a02f,pattern_b604c1521921fc04,4,SEQUENTIAL_CLOSED,205,MAIN,0.41,PARTIAL,False,SENSITIVE,149
pattern_b663dc524c67f0e5,Pattern,11,97863.0,0.0,0.0,175,0.0,ACCOUNT_SUPPORT_SCOPE_AND_OUTCOME,True,FULL_OBSERVED_JOURNEY,0.0,0.0,8896.636363636364,7164.0,11,NO_CHURN_OBSERVED,"[""SUPPORT_OPEN"",""FEATURE""]",patternfamily_15ec9124b680b114,pattern_b663dc524c67f0e5,2,NGRAM_2_COLLAPSED,11,MAIN,0.06285714285714286,NONE,False,SENSITIVE,18
pattern_b68a360338d0fb5b,Pattern,239,2522592.0,0.478,0.478,500,0.0,ACCOUNT_SUPPORT_MAX_GAP_5_EVENTS_90_DAYS,True,FULL_OBSERVED_JOURNEY,0.0,0.0,6063.923076923077,5174.0,416,ALL_OUTCOMES,"[""ACCOUNT"",""SUBSCRIPTION_START"",""FEATURE"",""SUBSCRIPTION_START"",""SUBSCRIPTION_START""]",patternfamily_9293a3d48857363c,pattern_b68a360338d0fb5b,5,SEQUENTIAL_CLOSED,239,MAIN,0.478,PARTIAL,False,SENSITIVE,156
pattern_b6eaeb430b997038,Pattern,88,402784.0,0.0,0.0,181,0.0,ACCOUNT_SUPPORT_SCOPE_AND_OUTCOME,True,FULL_OBSERVED_JOURNEY,0.0,0.0,4577.090909090909,3121.5,88,SINGLE_CHURN,"[""CHURN"",""SUBSCRIPTION_START""]",patternfamily_68f53d03e4e6f2b8,pattern_b6eaeb430b997038,2,NGRAM_2_COLLAPSED,88,MAIN,0.4861878453038674,NONE,False,SENSITIVE,34
pattern_b78a4cff8cd937da,Pattern,102,2024045.0,0.204,0.204,500,0.0,ACCOUNT_SUPPORT_MAX_GAP_5_EVENTS_90_DAYS,True,FULL_OBSERVED_JOURNEY,0.0,0.0,6170.868902439024,5472.5,328,ALL_OUTCOMES,"[""ACCOUNT"",""FEATURE"",""FEATURE"",""FEATURE"",""FEATURE""]",patternfamily_0957c23b2706ffd8,pattern_b78a4cff8cd937da,5,SEQUENTIAL_CLOSED,102,MAIN,0.204,PARTIAL,False,SENSITIVE,65
pattern_b7e10c9628568d62,Pattern,35,130704.0,0.0,0.0,118,0.0,ACCOUNT_SUPPORT_SCOPE_AND_OUTCOME,True,FULL_OBSERVED_JOURNEY,0.0,0.0,3734.4,2499.0,35,RECURRING_CHURN,"[""CHURN"",""SUBSCRIPTION_START"",""FEATURE"",""SUBSCRIPTION_START"",""FEATURE""]",patternfamily_1ad21d9559809492,pattern_b7e10c9628568d62,5,NGRAM_5_COLLAPSED,35,MAIN,0.2966101694915254,NONE,False,SENSITIVE,3
pattern_b7fbb63a477b02b1,Pattern,14,52176.0,0.0,0.0,118,0.0,ACCOUNT_SUPPORT_SCOPE_AND_OUTCOME,True,PRE_FIRST_CHURN,0.0,0.0,3726.8571428571427,3880.5,14,RECURRING_CHURN,"[""SUPPORT_CLOSE"",""SUPPORT_OPEN""]",patternfamily_f8812742e356b85a,pattern_b7fbb63a477b02b1,2,NGRAM_2_COLLAPSED,14,MAIN,0.11864406779661017,NONE,False,ROBUST,1
pattern_b86713b4a82c7682,Pattern,256,1773823.0,0.512,0.512,500,0.0,ACCOUNT_SUPPORT_MAX_GAP_5_EVENTS_90_DAYS,True,FULL_OBSERVED_JOURNEY,0.0,0.0,5992.64527027027,5174.0,296,ALL_OUTCOMES,"[""SUPPORT_CLOSE"",""SUBSCRIPTION_START"",""FEATURE"",""SUBSCRIPTION_START"",""FEATURE""]",patternfamily_9bbd2c07a7f215f8,pattern_b86713b4a82c7682,5,SEQUENTIAL_CLOSED,256,MAIN,0.512,PARTIAL,False,SENSITIVE,129
pattern_b9ac0628d0a3dc4d,Pattern,28,442480.0,0.056,0.056,500,0.0,ACCOUNT_SUPPORT_MAX_GAP_5_EVENTS_90_DAYS,True,FULL_OBSERVED_JOURNEY,0.0,0.0,6807.384615384615,5771.0,65,ALL_OUTCOMES,"[""FEATURE"",""SUBSCRIPTION_END"",""SUBSCRIPTION_END"",""FEATURE""]",patternfamily_e8018ee77cbc12bd,pattern_b9ac0628d0a3dc4d,4,SEQUENTIAL_CLOSED,28,MAIN,0.056,PARTIAL,False,SENSITIVE,18
pattern_b9dbaf166a962326,Pattern,91,381599.0,0.0,0.0,118,0.0,ACCOUNT_SUPPORT_SCOPE_AND_OUTCOME,True,FULL_OBSERVED_JOURNEY,0.0,0.0,4193.395604395604,3184.0,91,RECURRING_CHURN,"[""CHURN"",""SUBSCRIPTION_START""]",patternfamily_41b1efc2c931b131,pattern_b9dbaf166a962326,2,NGRAM_2_RAW_BIGRAM_SENSITIVITY,91,MAIN,0.7711864406779662,NONE,False,SENSITIVE,8
pattern_ba850e40e7c1af9e,Pattern,64,631416.0,0.128,0.128,500,0.0,ACCOUNT_SUPPORT_MAX_GAP_5_EVENTS_90_DAYS,True,FULL_OBSERVED_JOURNEY,0.0,0.0,6509.443298969072,5572.0,97,ALL_OUTCOMES,"[""SUBSCRIPTION_END"",""SUBSCRIPTION_START"",""SUBSCRIPTION_START"",""SUBSCRIPTION_START"",""FEATURE""]",patternfamily_d2f9981b63d257b9,pattern_ba850e40e7c1af9e,5,SEQUENTIAL_CLOSED,64,MAIN,0.128,PARTIAL,False,SENSITIVE,40
pattern_bc27d41f28b8f97f,Pattern,20,90215.0,0.0,0.0,114,0.0,ACCOUNT_SUPPORT_SCOPE_AND_OUTCOME,True,LANDMARK_30D_JOURNEY,0.0,0.0,4510.75,4378.0,20,RECURRING_CHURN,"[""CHURN"",""SUBSCRIPTION_START""]",patternfamily_41b1efc2c931b131,pattern_bc27d41f28b8f97f,2,NGRAM_2_RAW_BIGRAM_SENSITIVITY,20,MAIN,0.17543859649122806,NONE,False,SENSITIVE,2
pattern_bd3f49cd5bdbf3e1,Pattern,164,1144822.0,0.328,0.328,500,0.0,ACCOUNT_SUPPORT_MAX_GAP_5_EVENTS_90_DAYS,True,FULL_OBSERVED_JOURNEY,0.0,0.0,6221.858695652174,4975.0,184,ALL_OUTCOMES,"[""FEATURE"",""SUBSCRIPTION_START"",""FEATURE"",""SUBSCRIPTION_END"",""FEATURE""]",patternfamily_03d9ba7fcad1bb47,pattern_bd3f49cd5bdbf3e1,5,SEQUENTIAL_CLOSED,164,MAIN,0.328,PARTIAL,False,SENSITIVE,129
pattern_bd83ee1a02ad9922,Pattern,161,844153.0,0.49538461538461537,0.49538461538461537,325,0.0,FIXED_60D_WINDOW_WITH_OBSERVATION_END_PSEUDO_CUTOFF,True,PRE_FIRST_CHURN,0.49538461538461537,0.0,4907.866279069767,3184.0,172,CHURN_OBSERVED,"[""SUBSCRIPTION_START"",""CHURN""]",patternfamily_91236fa34103fd46,pattern_bd83ee1a02ad9922,2,PRE_CHURN_SUFFIX_60D_L2,161,MAIN,0.49538461538461537,NONE,False,SENSITIVE,34
pattern_bd9ce96d9a3ced32,Pattern,231,1587835.0,0.462,0.462,500,0.0,ACCOUNT_SUPPORT_MAX_GAP_5_EVENTS_90_DAYS,True,FULL_OBSERVED_JOURNEY,0.0,0.0,6107.057692307692,5174.0,260,ALL_OUTCOMES,"[""SUBSCRIPTION_START"",""FEATURE"",""SUBSCRIPTION_START"",""SUBSCRIPTION_END""]",patternfamily_4cb8e85d12e64457,pattern_bd9ce96d9a3ced32,4,SEQUENTIAL_CLOSED,231,MAIN,0.462,PARTIAL,False,ROBUST,188
pattern_bdcae8be01685e25,Pattern,17,64901.0,0.0,0.0,99,0.0,ACCOUNT_SUPPORT_SCOPE_AND_OUTCOME,True,LANDMARK_90D_JOURNEY,0.0,0.0,3817.705882352941,2548.0,17,RECURRING_CHURN,"[""FEATURE"",""SUBSCRIPTION_START"",""FEATURE""]",patternfamily_931ba0e1d02530ef,pattern_bdcae8be01685e25,3,NGRAM_3_COLLAPSED,17,MAIN,0.1717171717171717,NONE,False,ROBUST,1
pattern_bde0a6fcda8002c4,Pattern,140,1089705.0,0.28,0.28,500,0.0,ACCOUNT_SUPPORT_MAX_GAP_5_EVENTS_90_DAYS,True,FULL_OBSERVED_JOURNEY,0.0,0.0,6226.885714285714,4975.0,175,ALL_OUTCOMES,"[""FEATURE"",""FEATURE"",""SUBSCRIPTION_END"",""SUBSCRIPTION_START""]",patternfamily_f21eec9465002486,pattern_bde0a6fcda8002c4,4,SEQUENTIAL_CLOSED,140,MAIN,0.28,PARTIAL,False,SENSITIVE,93
pattern_bf830bcb8e463846,Pattern,15,78094.0,0.0,0.0,22,0.0,ACCOUNT_SUPPORT_SCOPE_AND_OUTCOME,True,POST_REACTIVATION,0.0,0.0,5206.266666666666,2587.0,15,REACTIVATED,"[""FEATURE"",""SUBSCRIPTION_START""]",patternfamily_fc2ef6649f2187ad,pattern_bf830bcb8e463846,2,NGRAM_2_RAW_BIGRAM_SENSITIVITY,15,MAIN,0.6818181818181818,NONE,False,SENSITIVE,1
pattern_bff0d9b1eb2d3726,Pattern,105,858827.0,0.21,0.21,500,0.0,ACCOUNT_SUPPORT_MAX_GAP_5_EVENTS_90_DAYS,True,FULL_OBSERVED_JOURNEY,0.0,0.0,6506.265151515152,5572.0,132,ALL_OUTCOMES,"[""SUBSCRIPTION_END"",""FEATURE"",""FEATURE"",""FEATURE""]",patternfamily_2e000e5ca1883db0,pattern_bff0d9b1eb2d3726,4,SEQUENTIAL_CLOSED,105,MAIN,0.21,PARTIAL,False,SENSITIVE,61
pattern_c126ae916a17b1db,Pattern,13,68149.0,0.0,0.0,181,0.0,ACCOUNT_SUPPORT_SCOPE_AND_OUTCOME,True,FULL_OBSERVED_JOURNEY,0.0,0.0,5242.2307692307695,4179.0,13,SINGLE_CHURN,"[""ACCOUNT"",""SUBSCRIPTION_START"",""FEATURE"",""SUPPORT_OPEN""]",patternfamily_ab848a5e06bf45a9,pattern_c126ae916a17b1db,4,NGRAM_4_COLLAPSED,13,MAIN,0.0718232044198895,NONE,False,SENSITIVE,2
pattern_c1a1b9883419f343,Pattern,69,498115.0,0.0,0.0,175,0.0,ACCOUNT_SUPPORT_SCOPE_AND_OUTCOME,True,FULL_OBSERVED_JOURNEY,0.0,0.0,7219.057971014493,6965.0,69,NO_CHURN_OBSERVED,"[""SUPPORT_CLOSE"",""FEATURE"",""SUBSCRIPTION_START""]",patternfamily_da0e43b450fae081,pattern_c1a1b9883419f343,3,NGRAM_3_COLLAPSED,69,MAIN,0.3942857142857143,NONE,False,SENSITIVE,94
pattern_c22e882b3ac3f89b,Pattern,79,707344.0,0.158,0.158,500,0.0,ACCOUNT_SUPPORT_MAX_GAP_5_EVENTS_90_DAYS,True,FULL_OBSERVED_JOURNEY,0.0,0.0,6315.571428571428,5572.0,112,ALL_OUTCOMES,"[""FEATURE"",""SUBSCRIPTION_END"",""FEATURE"",""SUBSCRIPTION_START"",""SUBSCRIPTION_START""]",patternfamily_455cf0dc7501effb,pattern_c22e882b3ac3f89b,5,SEQUENTIAL_CLOSED,79,MAIN,0.158,PARTIAL,False,SENSITIVE,56
pattern_c30a596e256a396d,Pattern,33,101178.0,0.0,0.0,99,0.0,ACCOUNT_SUPPORT_SCOPE_AND_OUTCOME,True,LANDMARK_90D_JOURNEY,0.0,0.0,3066.0,1519.0,33,RECURRING_CHURN,"[""CHURN"",""SUBSCRIPTION_START""]",patternfamily_41b1efc2c931b131,pattern_c30a596e256a396d,2,NGRAM_2_RAW_BIGRAM_SENSITIVITY,33,MAIN,0.3333333333333333,NONE,False,SENSITIVE,3
pattern_c3d26f6b324cde52,Pattern,30,291359.0,0.06,0.06,500,0.0,ACCOUNT_SUPPORT_MAX_GAP_5_EVENTS_90_DAYS,True,FULL_OBSERVED_JOURNEY,0.0,0.0,6474.644444444444,5174.0,45,ALL_OUTCOMES,"[""SUBSCRIPTION_END"",""FEATURE"",""SUBSCRIPTION_END"",""SUBSCRIPTION_START"",""FEATURE""]",patternfamily_a9fcdff852af2090,pattern_c3d26f6b324cde52,5,SEQUENTIAL_CLOSED,30,MAIN,0.06,PARTIAL,False,SENSITIVE,16
pattern_c3f4e2280760f482,Pattern,23,72012.0,0.07076923076923076,0.07076923076923076,325,0.0,FIXED_60D_WINDOW_WITH_OBSERVATION_END_PSEUDO_CUTOFF,True,PRE_FIRST_CHURN,0.07076923076923076,0.0,2880.48,1813.0,25,CHURN_OBSERVED,"[""SUPPORT_OPEN"",""SUPPORT_CLOSE"",""CHURN""]",patternfamily_c22eef9948dd37eb,pattern_c3f4e2280760f482,3,PRE_CHURN_SUFFIX_60D_L3,23,MAIN,0.07076923076923076,NONE,False,ROBUST,4
pattern_c4f65311a9139d32,Pattern,183,1418977.0,0.366,0.366,500,0.0,ACCOUNT_SUPPORT_MAX_GAP_5_EVENTS_90_DAYS,True,FULL_OBSERVED_JOURNEY,0.0,0.0,6090.030042918455,4975.0,233,ALL_OUTCOMES,"[""SUBSCRIPTION_START"",""SUBSCRIPTION_START"",""FEATURE"",""SUBSCRIPTION_START"",""SUBSCRIPTION_END""]",patternfamily_ecefc99aad6df214,pattern_c4f65311a9139d32,5,SEQUENTIAL_CLOSED,183,MAIN,0.366,PARTIAL,False,SENSITIVE,127
pattern_c55c265c4b2a4f60,Pattern,15,42391.0,0.0,0.0,181,0.0,ACCOUNT_SUPPORT_SCOPE_AND_OUTCOME,True,PRE_FIRST_CHURN,0.0,0.0,2826.0666666666666,2156.0,15,SINGLE_CHURN,"[""SUPPORT_CLOSE"",""CHURN""]",patternfamily_95d8f921fa30c373,pattern_c55c265c4b2a4f60,2,NGRAM_2_COLLAPSED,15,MAIN,0.08287292817679558,NONE,False,ROBUST,3
pattern_c6267744cb0722e5,Pattern,161,1235329.0,0.322,0.322,500,0.0,ACCOUNT_SUPPORT_MAX_GAP_5_EVENTS_90_DAYS,True,FULL_OBSERVED_JOURNEY,0.0,0.0,6367.6752577319585,4975.0,194,ALL_OUTCOMES,"[""FEATURE"",""SUBSCRIPTION_START"",""FEATURE"",""FEATURE"",""SUBSCRIPTION_END""]",patternfamily_fdd993baf469dd46,pattern_c6267744cb0722e5,5,SEQUENTIAL_CLOSED,161,MAIN,0.322,PARTIAL,False,SENSITIVE,113
pattern_c62cf217fcb8ab33,Pattern,48,274843.0,0.0,0.0,181,0.0,ACCOUNT_SUPPORT_SCOPE_AND_OUTCOME,True,FULL_OBSERVED_JOURNEY,0.0,0.0,5725.895833333333,4975.0,48,SINGLE_CHURN,"[""SUBSCRIPTION_END"",""SUBSCRIPTION_START""]",patternfamily_34a3b2bc29e4a2e6,pattern_c62cf217fcb8ab33,2,NGRAM_2_COLLAPSED,48,MAIN,0.26519337016574585,NONE,False,SENSITIVE,7
pattern_c634fbc2aee0635f,Pattern,32,166171.0,0.0,0.0,181,0.0,ACCOUNT_SUPPORT_SCOPE_AND_OUTCOME,True,FULL_OBSERVED_JOURNEY,0.0,0.0,5192.84375,4776.0,32,SINGLE_CHURN,"[""CHURN"",""FEATURE"",""SUBSCRIPTION_START""]",patternfamily_2aeea92eef34b1b6,pattern_c634fbc2aee0635f,3,NGRAM_3_COLLAPSED,32,MAIN,0.17679558011049723,NONE,False,SENSITIVE,4
pattern_c70b97307d7b4a6d,Pattern,119,884141.0,0.238,0.238,500,0.0,ACCOUNT_SUPPORT_MAX_GAP_5_EVENTS_90_DAYS,True,FULL_OBSERVED_JOURNEY,0.0,0.0,6097.524137931035,4776.0,145,ALL_OUTCOMES,"[""FEATURE"",""SUBSCRIPTION_END"",""FEATURE"",""SUBSCRIPTION_START"",""FEATURE""]",patternfamily_86d6b0774c7ef96b,pattern_c70b97307d7b4a6d,5,SEQUENTIAL_CLOSED,119,MAIN,0.238,PARTIAL,False,SENSITIVE,85
pattern_c7a41ac899c58fee,Pattern,129,944067.0,0.258,0.258,500,0.0,ACCOUNT_SUPPORT_MAX_GAP_5_EVENTS_90_DAYS,True,FULL_OBSERVED_JOURNEY,0.0,0.0,6210.9671052631575,5174.0,152,ALL_OUTCOMES,"[""SUBSCRIPTION_END"",""SUBSCRIPTION_START"",""FEATURE"",""SUBSCRIPTION_START""]",patternfamily_5a33787eb157ad67,pattern_c7a41ac899c58fee,4,SEQUENTIAL_CLOSED,129,MAIN,0.258,PARTIAL,False,SENSITIVE,100
pattern_c7a928b582809dba,Pattern,321,1999354.0,0.642,0.642,500,0.0,ACCOUNT_SUPPORT_MAX_GAP_5_EVENTS_90_DAYS,True,FULL_OBSERVED_JOURNEY,0.0,0.0,5897.799410029498,5174.0,339,ALL_OUTCOMES,"[""SUPPORT_OPEN"",""SUBSCRIPTION_START"",""FEATURE""]",patternfamily_8e7ebc72716d0a8b,pattern_c7a928b582809dba,3,SEQUENTIAL_CLOSED,321,MAIN,0.642,PARTIAL,False,SENSITIVE,172
pattern_c88328ca67d627d6,Pattern,53,494954.0,0.106,0.106,500,0.0,ACCOUNT_SUPPORT_MAX_GAP_5_EVENTS_90_DAYS,True,FULL_OBSERVED_JOURNEY,0.0,0.0,6780.191780821918,5572.0,73,ALL_OUTCOMES,"[""SUBSCRIPTION_END"",""SUBSCRIPTION_START"",""SUBSCRIPTION_START"",""SUBSCRIPTION_END""]",patternfamily_230f3d81ee292f11,pattern_c88328ca67d627d6,4,SEQUENTIAL_CLOSED,53,MAIN,0.106,PARTIAL,False,SENSITIVE,28
pattern_c8ca0440413da75f,Pattern,31,294455.0,0.062,0.062,500,0.0,ACCOUNT_SUPPORT_MAX_GAP_5_EVENTS_90_DAYS,True,FULL_OBSERVED_JOURNEY,0.0,0.0,6543.444444444444,5174.0,45,ALL_OUTCOMES,"[""FEATURE"",""SUBSCRIPTION_END"",""FEATURE"",""SUBSCRIPTION_END"",""SUBSCRIPTION_START""]",patternfamily_106fa363b5c4631b,pattern_c8ca0440413da75f,5,SEQUENTIAL_CLOSED,31,MAIN,0.062,PARTIAL,False,SENSITIVE,19
pattern_c8f5731370c2a41c,Pattern,11,74382.0,0.033846153846153845,0.033846153846153845,325,0.0,FIXED_90D_WINDOW_WITH_OBSERVATION_END_PSEUDO_CUTOFF,True,PRE_FIRST_CHURN,0.033846153846153845,0.0,6198.5,6467.5,12,CHURN_OBSERVED,"[""SUPPORT_CLOSE"",""FEATURE"",""CHURN""]",patternfamily_c2de7c9b1fb29776,pattern_c8f5731370c2a41c,3,PRE_CHURN_SUFFIX_90D_L3,11,MAIN,0.033846153846153845,NONE,False,ROBUST,1
pattern_c9c9e14d7402b67c,Pattern,257,1650912.0,0.514,0.514,500,0.0,ACCOUNT_SUPPORT_MAX_GAP_5_EVENTS_90_DAYS,True,FULL_OBSERVED_JOURNEY,0.0,0.0,6003.316363636363,4975.0,275,ALL_OUTCOMES,"[""SUBSCRIPTION_START"",""FEATURE"",""SUBSCRIPTION_END""]",patternfamily_c9ba9c72f38d9930,pattern_c9c9e14d7402b67c,3,SEQUENTIAL_CLOSED,257,MAIN,0.514,PARTIAL,False,SENSITIVE,204
pattern_c9de0a97017ea1ad,Pattern,56,277409.0,0.0,0.0,181,0.0,ACCOUNT_SUPPORT_SCOPE_AND_OUTCOME,True,FULL_OBSERVED_JOURNEY,0.0,0.0,4953.732142857143,3980.0,56,SINGLE_CHURN,"[""SUBSCRIPTION_END"",""FEATURE""]",patternfamily_c2613e07de9358d0,pattern_c9de0a97017ea1ad,2,NGRAM_2_RAW_BIGRAM_SENSITIVITY,56,MAIN,0.30939226519337015,NONE,False,ROBUST,10
pattern_caa53d50e8af325f,Pattern,131,979820.0,0.262,0.262,500,0.0,ACCOUNT_SUPPORT_MAX_GAP_5_EVENTS_90_DAYS,True,FULL_OBSERVED_JOURNEY,0.0,0.0,6162.389937106918,4975.0,159,ALL_OUTCOMES,"[""FEATURE"",""SUBSCRIPTION_START"",""SUBSCRIPTION_END"",""SUBSCRIPTION_START"",""FEATURE""]",patternfamily_2579f2a32f71963f,pattern_caa53d50e8af325f,5,SEQUENTIAL_CLOSED,131,MAIN,0.262,PARTIAL,False,SENSITIVE,92
pattern_caa929dd6751a2f5,Pattern,16,75488.0,0.0,0.0,152,0.0,ACCOUNT_SUPPORT_SCOPE_AND_OUTCOME,True,LANDMARK_90D_JOURNEY,0.0,0.0,4718.0,2791.0,16,SINGLE_CHURN,"[""FEATURE"",""CHURN""]",patternfamily_de6a670bd2083873,pattern_caa929dd6751a2f5,2,NGRAM_2_RAW_BIGRAM_SENSITIVITY,16,MAIN,0.10526315789473684,NONE,False,ROBUST,3
pattern_cbc5bba8fabc4e44,Pattern,53,1204109.0,0.106,0.106,500,0.0,ACCOUNT_SUPPORT_MAX_GAP_5_EVENTS_90_DAYS,True,FULL_OBSERVED_JOURNEY,0.0,0.0,6206.7474226804125,4975.0,194,ALL_OUTCOMES,"[""ACCOUNT"",""SUBSCRIPTION_START"",""SUBSCRIPTION_END"",""FEATURE"",""SUBSCRIPTION_START""]",patternfamily_60f123f84c50c8ad,pattern_cbc5bba8fabc4e44,5,SEQUENTIAL_CLOSED,53,MAIN,0.106,PARTIAL,False,SENSITIVE,36
pattern_cc2e0e2e5fc13f00,Pattern,223,1859085.0,0.446,0.446,500,0.0,ACCOUNT_SUPPORT_MAX_GAP_5_EVENTS_90_DAYS,True,FULL_OBSERVED_JOURNEY,0.0,0.0,6301.983050847458,5572.0,295,ALL_OUTCOMES,"[""FEATURE"",""FEATURE"",""FEATURE"",""FEATURE"",""SUBSCRIPTION_START""]",patternfamily_b277169c29b5828e,pattern_cc2e0e2e5fc13f00,5,SEQUENTIAL_CLOSED,223,MAIN,0.446,PARTIAL,False,SENSITIVE,155
pattern_cc882e4139bb56d2,Pattern,78,586615.0,0.24,0.24,325,0.0,FIXED_30D_WINDOW_WITH_OBSERVATION_END_PSEUDO_CUTOFF,True,PRE_FIRST_CHURN,0.24,0.0,5381.788990825688,4577.0,109,CHURN_OBSERVED,"[""FEATURE"",""CHURN""]",patternfamily_32765899f06b0e42,pattern_cc882e4139bb56d2,2,PRE_CHURN_SUFFIX_30D_L2,78,MAIN,0.24,NONE,False,SENSITIVE,2
pattern_cc8afea302893226,Pattern,383,2522592.0,0.766,0.766,500,0.0,ACCOUNT_SUPPORT_MAX_GAP_5_EVENTS_90_DAYS,True,FULL_OBSERVED_JOURNEY,0.0,0.0,6063.923076923077,5174.0,416,ALL_OUTCOMES,"[""FEATURE"",""SUBSCRIPTION_START"",""SUBSCRIPTION_START""]",patternfamily_e9da4e4a8f13d99a,pattern_cc8afea302893226,3,SEQUENTIAL_CLOSED,383,MAIN,0.766,PARTIAL,False,ROBUST,344
pattern_cd46e721ad9f0c2a,Pattern,31,98795.0,0.0,0.0,106,0.0,ACCOUNT_SUPPORT_SCOPE_AND_OUTCOME,True,LANDMARK_60D_JOURNEY,0.0,0.0,3186.935483870968,1519.0,31,RECURRING_CHURN,"[""CHURN"",""SUBSCRIPTION_START""]",patternfamily_68f53d03e4e6f2b8,pattern_cd46e721ad9f0c2a,2,NGRAM_2_COLLAPSED,31,MAIN,0.29245283018867924,NONE,False,SENSITIVE,3
pattern_cd5730e9fb8c3bc8,Pattern,235,2572261.0,0.47,0.47,500,0.0,ACCOUNT_SUPPORT_MAX_GAP_5_EVENTS_90_DAYS,True,FULL_OBSERVED_JOURNEY,0.0,0.0,5940.556581986143,5174.0,433,ALL_OUTCOMES,"[""ACCOUNT"",""SUBSCRIPTION_START"",""SUBSCRIPTION_START"",""FEATURE"",""SUBSCRIPTION_START""]",patternfamily_489fbbab1e5e3324,pattern_cd5730e9fb8c3bc8,5,SEQUENTIAL_CLOSED,235,MAIN,0.47,PARTIAL,False,SENSITIVE,151
pattern_cde57616f6b13a34,Pattern,12,98113.0,0.0,0.0,154,0.0,ACCOUNT_SUPPORT_SCOPE_AND_OUTCOME,True,LANDMARK_60D_JOURNEY,0.0,0.0,8176.083333333333,7462.5,12,NO_CHURN_OBSERVED,"[""FEATURE"",""SUBSCRIPTION_START"",""FEATURE""]",patternfamily_931ba0e1d02530ef,pattern_cde57616f6b13a34,3,NGRAM_3_COLLAPSED,12,MAIN,0.07792207792207792,NONE,False,SENSITIVE,47
pattern_cea10f0046d8255e,Pattern,195,1856758.0,0.39,0.39,500,0.0,ACCOUNT_SUPPORT_MAX_GAP_5_EVENTS_90_DAYS,True,FULL_OBSERVED_JOURNEY,0.0,0.0,6230.731543624161,5472.5,298,ALL_OUTCOMES,"[""FEATURE"",""SUBSCRIPTION_START"",""SUBSCRIPTION_START"",""SUBSCRIPTION_START"",""SUBSCRIPTION_START""]",patternfamily_4285caa606bf8593,pattern_cea10f0046d8255e,5,SEQUENTIAL_CLOSED,195,MAIN,0.39,PARTIAL,False,SENSITIVE,149
pattern_cf568b2a6c76ad3f,Pattern,290,2085986.0,0.58,0.58,500,0.0,ACCOUNT_SUPPORT_MAX_GAP_5_EVENTS_90_DAYS,True,FULL_OBSERVED_JOURNEY,0.0,0.0,6189.86943620178,5373.0,337,ALL_OUTCOMES,"[""FEATURE"",""FEATURE"",""SUBSCRIPTION_START"",""FEATURE"",""SUBSCRIPTION_START""]",patternfamily_4c8d92b99cfe34b7,pattern_cf568b2a6c76ad3f,5,SEQUENTIAL_CLOSED,290,MAIN,0.58,PARTIAL,False,ROBUST,235
pattern_cf8e98596ffede81,Pattern,184,1344261.0,0.368,0.368,500,0.0,ACCOUNT_SUPPORT_MAX_GAP_5_EVENTS_90_DAYS,True,FULL_OBSERVED_JOURNEY,0.0,0.0,6252.376744186046,4975.0,215,ALL_OUTCOMES,"[""FEATURE"",""SUBSCRIPTION_START"",""FEATURE"",""SUBSCRIPTION_START"",""SUBSCRIPTION_END""]",patternfamily_40bf9d31ed5eb62d,pattern_cf8e98596ffede81,5,SEQUENTIAL_CLOSED,184,MAIN,0.368,PARTIAL,False,SENSITIVE,139
pattern_cf9e39c2215494fc,Pattern,78,725148.0,0.156,0.156,500,0.0,ACCOUNT_SUPPORT_MAX_GAP_5_EVENTS_90_DAYS,True,FULL_OBSERVED_JOURNEY,0.0,0.0,6360.9473684210525,5572.0,114,ALL_OUTCOMES,"[""SUBSCRIPTION_END"",""SUBSCRIPTION_START"",""SUBSCRIPTION_START"",""SUBSCRIPTION_START""]",patternfamily_4184ab6714a18684,pattern_cf9e39c2215494fc,4,SEQUENTIAL_CLOSED,78,MAIN,0.156,PARTIAL,False,SENSITIVE,54
pattern_d004a3090d4dd4b9,Pattern,32,853391.0,0.064,0.064,500,0.0,ACCOUNT_SUPPORT_MAX_GAP_5_EVENTS_90_DAYS,True,FULL_OBSERVED_JOURNEY,0.0,0.0,6052.418439716312,5174.0,141,ALL_OUTCOMES,"[""ACCOUNT"",""FEATURE"",""SUBSCRIPTION_END"",""SUBSCRIPTION_START"",""SUBSCRIPTION_START""]",patternfamily_682e16dd7b400008,pattern_d004a3090d4dd4b9,5,SEQUENTIAL_CLOSED,32,MAIN,0.064,PARTIAL,False,SENSITIVE,19
pattern_d0f049ea2337bb60,Pattern,50,497029.0,0.1,0.1,500,0.0,ACCOUNT_SUPPORT_MAX_GAP_5_EVENTS_90_DAYS,True,FULL_OBSERVED_JOURNEY,0.0,0.0,6903.180555555556,5671.5,72,ALL_OUTCOMES,"[""SUBSCRIPTION_END"",""FEATURE"",""FEATURE"",""SUBSCRIPTION_END""]",patternfamily_7c98c2b8726dd8c7,pattern_d0f049ea2337bb60,4,SEQUENTIAL_CLOSED,50,MAIN,0.1,PARTIAL,False,SENSITIVE,26
pattern_d0f71bf319eeddf0,Pattern,447,2942293.0,0.894,0.894,500,0.0,ACCOUNT_SUPPORT_MAX_GAP_5_EVENTS_90_DAYS,True,FULL_OBSERVED_JOURNEY,0.0,0.0,5884.586,5110.5,500,ALL_OUTCOMES,"[""ACCOUNT"",""SUBSCRIPTION_START""]",patternfamily_06cac3196e6d369e,pattern_d0f71bf319eeddf0,2,SEQUENTIAL_CLOSED,447,MAIN,0.894,PARTIAL,False,ROBUST,380
pattern_d179d5dfd7da161c,Pattern,43,507820.0,0.086,0.086,500,0.0,ACCOUNT_SUPPORT_MAX_GAP_5_EVENTS_90_DAYS,True,FULL_OBSERVED_JOURNEY,0.0,0.0,5974.35294117647,4776.0,85,ALL_OUTCOMES,"[""SUBSCRIPTION_START"",""SUBSCRIPTION_START"",""FEATURE"",""SUBSCRIPTION_END"",""SUBSCRIPTION_END""]",patternfamily_d8aead3972e750b6,pattern_d179d5dfd7da161c,5,SEQUENTIAL_CLOSED,43,MAIN,0.086,PARTIAL,False,SENSITIVE,22
pattern_d1b1eb18e1c18960,Pattern,30,240169.0,0.06,0.06,500,0.0,ACCOUNT_SUPPORT_MAX_GAP_5_EVENTS_90_DAYS,True,FULL_OBSERVED_JOURNEY,0.0,0.0,6320.236842105263,3980.0,38,ALL_OUTCOMES,"[""SUBSCRIPTION_END"",""SUBSCRIPTION_START"",""SUBSCRIPTION_START"",""SUBSCRIPTION_END"",""SUBSCRIPTION_START""]",patternfamily_705bf1750dc448aa,pattern_d1b1eb18e1c18960,5,SEQUENTIAL_CLOSED,30,MAIN,0.06,PARTIAL,False,SENSITIVE,16
pattern_d2554e6218e983de,Pattern,96,753793.0,0.0,0.0,175,0.0,ACCOUNT_SUPPORT_SCOPE_AND_OUTCOME,True,FULL_OBSERVED_JOURNEY,0.0,0.0,7852.010416666667,6965.0,96,NO_CHURN_OBSERVED,"[""SUPPORT_CLOSE"",""SUBSCRIPTION_START""]",patternfamily_2e8cc8b6bc21ae13,pattern_d2554e6218e983de,2,NGRAM_2_COLLAPSED,96,MAIN,0.5485714285714286,NONE,False,SENSITIVE,143
pattern_d37b50071d834ff9,Pattern,141,2328082.0,0.282,0.282,500,0.0,ACCOUNT_SUPPORT_MAX_GAP_5_EVENTS_90_DAYS,True,FULL_OBSERVED_JOURNEY,0.0,0.0,6062.713541666667,5174.0,384,ALL_OUTCOMES,"[""ACCOUNT"",""FEATURE"",""FEATURE"",""FEATURE""]",patternfamily_354c4a9b856bb1cb,pattern_d37b50071d834ff9,4,SEQUENTIAL_CLOSED,141,MAIN,0.282,PARTIAL,False,SENSITIVE,92
pattern_d39398b257855a68,Pattern,172,1365296.0,0.344,0.344,500,0.0,ACCOUNT_SUPPORT_MAX_GAP_5_EVENTS_90_DAYS,True,FULL_OBSERVED_JOURNEY,0.0,0.0,6041.132743362832,4875.5,226,ALL_OUTCOMES,"[""SUBSCRIPTION_START"",""SUBSCRIPTION_START"",""SUBSCRIPTION_END"",""SUBSCRIPTION_START""]",patternfamily_e7debc3a89a73289,pattern_d39398b257855a68,4,SEQUENTIAL_CLOSED,172,MAIN,0.344,PARTIAL,False,SENSITIVE,107
pattern_d4898ff921183519,Pattern,181,2435521.0,0.362,0.362,500,0.0,ACCOUNT_SUPPORT_MAX_GAP_5_EVENTS_90_DAYS,True,FULL_OBSERVED_JOURNEY,0.0,0.0,6134.813602015113,5174.0,397,ALL_OUTCOMES,"[""ACCOUNT"",""FEATURE"",""SUBSCRIPTION_START"",""FEATURE"",""SUBSCRIPTION_START""]",patternfamily_fc16ac05f25ce508,pattern_d4898ff921183519,5,SEQUENTIAL_CLOSED,181,MAIN,0.362,PARTIAL,False,SENSITIVE,134
pattern_d56fb2d47aede819,Pattern,160,1258180.0,0.32,0.32,500,0.0,ACCOUNT_SUPPORT_MAX_GAP_5_EVENTS_90_DAYS,True,FULL_OBSERVED_JOURNEY,0.0,0.0,6290.9,4975.0,200,ALL_OUTCOMES,"[""FEATURE"",""SUBSCRIPTION_START"",""SUBSCRIPTION_START"",""FEATURE"",""SUBSCRIPTION_END""]",patternfamily_e5b68d01bcfcafbc,pattern_d56fb2d47aede819,5,SEQUENTIAL_CLOSED,160,MAIN,0.32,PARTIAL,False,SENSITIVE,109
pattern_d5b7fe7eca241c0e,Pattern,381,2572261.0,0.762,0.762,500,0.0,ACCOUNT_SUPPORT_MAX_GAP_5_EVENTS_90_DAYS,True,FULL_OBSERVED_JOURNEY,0.0,0.0,5940.556581986143,5174.0,433,ALL_OUTCOMES,"[""SUBSCRIPTION_START"",""SUBSCRIPTION_START"",""FEATURE"",""SUBSCRIPTION_START""]",patternfamily_f6e2c3f01af3d743,pattern_d5b7fe7eca241c0e,4,SEQUENTIAL_CLOSED,381,MAIN,0.762,PARTIAL,False,ROBUST,313
pattern_d7008286896e5631,Pattern,141,1051791.0,0.282,0.282,500,0.0,ACCOUNT_SUPPORT_MAX_GAP_5_EVENTS_90_DAYS,True,FULL_OBSERVED_JOURNEY,0.0,0.0,6079.71676300578,4975.0,173,ALL_OUTCOMES,"[""SUBSCRIPTION_START"",""FEATURE"",""SUBSCRIPTION_END"",""SUBSCRIPTION_START"",""FEATURE""]",patternfamily_b8a316ac031f0c2c,pattern_d7008286896e5631,5,SEQUENTIAL_CLOSED,141,MAIN,0.282,PARTIAL,False,SENSITIVE,99
pattern_d76cfcaeff107a6d,Pattern,84,1316143.0,0.168,0.168,500,0.0,ACCOUNT_SUPPORT_MAX_GAP_5_EVENTS_90_DAYS,True,FULL_OBSERVED_JOURNEY,0.0,0.0,6065.175115207373,4975.0,217,ALL_OUTCOMES,"[""ACCOUNT"",""SUBSCRIPTION_START"",""FEATURE"",""SUBSCRIPTION_END"",""SUBSCRIPTION_START""]",patternfamily_caf6e6f042fd31b5,pattern_d76cfcaeff107a6d,5,SEQUENTIAL_CLOSED,84,MAIN,0.168,PARTIAL,False,SENSITIVE,44
pattern_d7ab8eafc637e1e8,Pattern,25,0.0,0.0,0.0,154,0.0,ACCOUNT_SUPPORT_SCOPE_AND_OUTCOME,True,LANDMARK_60D_JOURNEY,0.0,0.0,0.0,0.0,0,NO_CHURN_OBSERVED,"[""FEATURE"",""FEATURE""]",patternfamily_48056ef0c9ca35c3,pattern_d7ab8eafc637e1e8,2,NGRAM_2_RAW_BIGRAM_SENSITIVITY,25,MAIN,0.16233766233766234,NONE,False,ROBUST,53
pattern_d8289ec55e15fceb,Pattern,48,274843.0,0.0,0.0,181,0.0,ACCOUNT_SUPPORT_SCOPE_AND_OUTCOME,True,FULL_OBSERVED_JOURNEY,0.0,0.0,5725.895833333333,4975.0,48,SINGLE_CHURN,"[""SUBSCRIPTION_END"",""SUBSCRIPTION_START""]",patternfamily_685148cf80f467db,pattern_d8289ec55e15fceb,2,NGRAM_2_RAW_BIGRAM_SENSITIVITY,48,MAIN,0.26519337016574585,NONE,False,SENSITIVE,7
pattern_d843ef862d97aaa1,Pattern,13,41476.0,0.0,0.0,181,0.0,ACCOUNT_SUPPORT_SCOPE_AND_OUTCOME,True,FULL_OBSERVED_JOURNEY,0.0,0.0,3190.4615384615386,1235.0,13,SINGLE_CHURN,"[""SUBSCRIPTION_START"",""SUBSCRIPTION_END"",""FEATURE"",""SUBSCRIPTION_START""]",patternfamily_6b5a6d0090fe8c45,pattern_d843ef862d97aaa1,4,NGRAM_4_COLLAPSED,13,MAIN,0.0718232044198895,NONE,False,SENSITIVE,4
pattern_d86a58e275359cd1,Pattern,193,2328082.0,0.386,0.386,500,0.0,ACCOUNT_SUPPORT_MAX_GAP_5_EVENTS_90_DAYS,True,FULL_OBSERVED_JOURNEY,0.0,0.0,6062.713541666667,5174.0,384,ALL_OUTCOMES,"[""ACCOUNT"",""SUBSCRIPTION_START"",""FEATURE"",""FEATURE"",""FEATURE""]",patternfamily_b24158cf930efb1b,pattern_d86a58e275359cd1,5,SEQUENTIAL_CLOSED,193,MAIN,0.386,PARTIAL,False,SENSITIVE,122
pattern_d89402a01b758d0a,Pattern,125,968553.0,0.25,0.25,500,0.0,ACCOUNT_SUPPORT_MAX_GAP_5_EVENTS_90_DAYS,True,FULL_OBSERVED_JOURNEY,0.0,0.0,5978.722222222223,4567.0,162,ALL_OUTCOMES,"[""SUBSCRIPTION_START"",""FEATURE"",""SUBSCRIPTION_END"",""FEATURE"",""FEATURE""]",patternfamily_680a7f6111d19d1c,pattern_d89402a01b758d0a,5,SEQUENTIAL_CLOSED,125,MAIN,0.25,PARTIAL,False,SENSITIVE,79
pattern_daa5e2b5b33f5653,Pattern,289,2236403.0,0.578,0.578,500,0.0,ACCOUNT_SUPPORT_MAX_GAP_5_EVENTS_90_DAYS,True,FULL_OBSERVED_JOURNEY,0.0,0.0,6229.534818941504,5373.0,359,ALL_OUTCOMES,"[""FEATURE"",""SUBSCRIPTION_START"",""SUBSCRIPTION_START"",""SUBSCRIPTION_START""]",patternfamily_3535bf3f28523d24,pattern_daa5e2b5b33f5653,4,SEQUENTIAL_CLOSED,289,MAIN,0.578,PARTIAL,False,SENSITIVE,225
pattern_dcad2739e07cf91c,Pattern,202,2512972.0,0.404,0.404,500,0.0,ACCOUNT_SUPPORT_MAX_GAP_5_EVENTS_90_DAYS,True,FULL_OBSERVED_JOURNEY,0.0,0.0,6026.311750599521,5174.0,417,ALL_OUTCOMES,"[""ACCOUNT"",""FEATURE"",""SUBSCRIPTION_START"",""FEATURE""]",patternfamily_31cdbdb459ea6421,pattern_dcad2739e07cf91c,4,SEQUENTIAL_CLOSED,202,MAIN,0.404,PARTIAL,False,SENSITIVE,157
pattern_dd8fdf97b3205c0e,Pattern,449,2707633.0,0.898,0.898,500,0.0,ACCOUNT_SUPPORT_MAX_GAP_5_EVENTS_90_DAYS,True,FULL_OBSERVED_JOURNEY,0.0,0.0,5886.158695652174,5174.0,460,ALL_OUTCOMES,"[""SUBSCRIPTION_START"",""FEATURE"",""SUBSCRIPTION_START""]",patternfamily_8eb6a0c5d3264906,pattern_dd8fdf97b3205c0e,3,SEQUENTIAL_CLOSED,449,MAIN,0.898,PARTIAL,False,ROBUST,426
pattern_ddbc82c882184b9c,Pattern,194,1422015.0,0.388,0.388,500,0.0,ACCOUNT_SUPPORT_MAX_GAP_5_EVENTS_90_DAYS,True,FULL_OBSERVED_JOURNEY,0.0,0.0,6129.375,5074.5,232,ALL_OUTCOMES,"[""SUBSCRIPTION_START"",""FEATURE"",""FEATURE"",""SUBSCRIPTION_END""]",patternfamily_1dd1640c972aded8,pattern_ddbc82c882184b9c,4,SEQUENTIAL_CLOSED,194,MAIN,0.388,PARTIAL,False,SENSITIVE,152
pattern_de27207dd6ec93c7,Pattern,292,2262152.0,0.584,0.584,500,0.0,ACCOUNT_SUPPORT_MAX_GAP_5_EVENTS_90_DAYS,True,FULL_OBSERVED_JOURNEY,0.0,0.0,6113.9243243243245,5174.0,370,ALL_OUTCOMES,"[""SUBSCRIPTION_START"",""SUBSCRIPTION_START"",""FEATURE"",""FEATURE"",""SUBSCRIPTION_START""]",patternfamily_492408250f5597f9,pattern_de27207dd6ec93c7,5,SEQUENTIAL_CLOSED,292,MAIN,0.584,PARTIAL,False,SENSITIVE,221
pattern_deae10912d123f56,Pattern,42,0.0,0.0,0.0,145,0.0,ACCOUNT_SUPPORT_SCOPE_AND_OUTCOME,True,LANDMARK_90D_JOURNEY,0.0,0.0,0.0,0.0,0,NO_CHURN_OBSERVED,"[""FEATURE"",""FEATURE""]",patternfamily_48056ef0c9ca35c3,pattern_deae10912d123f56,2,NGRAM_2_RAW_BIGRAM_SENSITIVITY,42,MAIN,0.2896551724137931,NONE,False,ROBUST,97
pattern_e02b54109322cd60,Pattern,11,74382.0,0.033846153846153845,0.033846153846153845,325,0.0,FIXED_60D_WINDOW_WITH_OBSERVATION_END_PSEUDO_CUTOFF,True,PRE_FIRST_CHURN,0.033846153846153845,0.0,6198.5,6467.5,12,CHURN_OBSERVED,"[""SUPPORT_CLOSE"",""FEATURE"",""CHURN""]",patternfamily_013a0368da335fc4,pattern_e02b54109322cd60,3,PRE_CHURN_SUFFIX_60D_L3,11,MAIN,0.033846153846153845,NONE,False,ROBUST,1
pattern_e0e19006bb2c9a8d,Pattern,266,2512972.0,0.532,0.532,500,0.0,ACCOUNT_SUPPORT_MAX_GAP_5_EVENTS_90_DAYS,True,FULL_OBSERVED_JOURNEY,0.0,0.0,6026.311750599521,5174.0,417,ALL_OUTCOMES,"[""ACCOUNT"",""SUBSCRIPTION_START"",""FEATURE"",""SUBSCRIPTION_START"",""FEATURE""]",patternfamily_56cdfe49582c0b79,pattern_e0e19006bb2c9a8d,5,SEQUENTIAL_CLOSED,266,MAIN,0.532,PARTIAL,False,SENSITIVE,200
pattern_e25ccd521a3ff13f,Pattern,58,538530.0,0.116,0.116,500,0.0,ACCOUNT_SUPPORT_MAX_GAP_5_EVENTS_90_DAYS,True,FULL_OBSERVED_JOURNEY,0.0,0.0,6488.313253012048,5572.0,83,ALL_OUTCOMES,"[""FEATURE"",""SUBSCRIPTION_END"",""FEATURE"",""SUBSCRIPTION_END""]",patternfamily_37a946c3162dbe39,pattern_e25ccd521a3ff13f,4,SEQUENTIAL_CLOSED,58,MAIN,0.116,PARTIAL,False,SENSITIVE,32
pattern_e2c53c5e00532ffe,Pattern,245,1749929.0,0.49,0.49,500,0.0,ACCOUNT_SUPPORT_MAX_GAP_5_EVENTS_90_DAYS,True,FULL_OBSERVED_JOURNEY,0.0,0.0,6076.142361111111,4975.0,288,ALL_OUTCOMES,"[""SUBSCRIPTION_START"",""SUBSCRIPTION_START"",""SUBSCRIPTION_END""]",patternfamily_c0df08ccb9091333,pattern_e2c53c5e00532ffe,3,SEQUENTIAL_CLOSED,245,MAIN,0.49,PARTIAL,False,SENSITIVE,183
pattern_e2d06a34c3d0ae28,Pattern,53,485663.0,0.106,0.106,500,0.0,ACCOUNT_SUPPORT_MAX_GAP_5_EVENTS_90_DAYS,True,FULL_OBSERVED_JOURNEY,0.0,0.0,6307.311688311688,5174.0,77,ALL_OUTCOMES,"[""FEATURE"",""SUBSCRIPTION_START"",""SUBSCRIPTION_END"",""FEATURE"",""SUBSCRIPTION_END""]",patternfamily_096335a5a23d7209,pattern_e2d06a34c3d0ae28,5,SEQUENTIAL_CLOSED,53,MAIN,0.106,PARTIAL,False,SENSITIVE,27
pattern_e2e9a032d104c024,Pattern,180,2518601.0,0.36,0.36,500,0.0,ACCOUNT_SUPPORT_MAX_GAP_5_EVENTS_90_DAYS,True,FULL_OBSERVED_JOURNEY,0.0,0.0,5982.4251781472685,5174.0,421,ALL_OUTCOMES,"[""ACCOUNT"",""FEATURE"",""FEATURE""]",patternfamily_0e40f30f20e5624f,pattern_e2e9a032d104c024,3,SEQUENTIAL_CLOSED,180,MAIN,0.36,PARTIAL,False,SENSITIVE,137
pattern_e3e6c06f54f321db,Pattern,21,76788.0,0.06461538461538462,0.06461538461538462,325,0.0,FIXED_30D_WINDOW_WITH_OBSERVATION_END_PSEUDO_CUTOFF,True,PRE_FIRST_CHURN,0.06461538461538462,0.0,2953.3846153846152,1984.5,26,CHURN_OBSERVED,"[""SUPPORT_CLOSE"",""CHURN""]",patternfamily_f2affeafcdeee10e,pattern_e3e6c06f54f321db,2,PRE_CHURN_SUFFIX_30D_L2,21,MAIN,0.06461538461538462,NONE,False,ROBUST,3
pattern_e5546aa261009f72,Pattern,62,516450.0,0.0,0.0,145,0.0,ACCOUNT_SUPPORT_SCOPE_AND_OUTCOME,True,LANDMARK_90D_JOURNEY,0.0,0.0,8329.838709677419,7064.5,62,NO_CHURN_OBSERVED,"[""FEATURE"",""SUBSCRIPTION_START""]",patternfamily_a09c08fc1d6eb1d7,pattern_e5546aa261009f72,2,NGRAM_2_COLLAPSED,62,MAIN,0.42758620689655175,NONE,False,ROBUST,162
pattern_e5f3be3f66e62d27,Pattern,351,2392710.0,0.702,0.702,500,0.0,ACCOUNT_SUPPORT_MAX_GAP_5_EVENTS_90_DAYS,True,FULL_OBSERVED_JOURNEY,0.0,0.0,5952.014925373134,5174.0,402,ALL_OUTCOMES,"[""SUBSCRIPTION_START"",""SUBSCRIPTION_START"",""FEATURE"",""FEATURE""]",patternfamily_257b3ecc4927e97f,pattern_e5f3be3f66e62d27,4,SEQUENTIAL_CLOSED,351,MAIN,0.702,PARTIAL,False,SENSITIVE,275
pattern_e764a94bca7d3f8a,Pattern,115,944067.0,0.23,0.23,500,0.0,ACCOUNT_SUPPORT_MAX_GAP_5_EVENTS_90_DAYS,True,FULL_OBSERVED_JOURNEY,0.0,0.0,6210.9671052631575,5174.0,152,ALL_OUTCOMES,"[""SUBSCRIPTION_START"",""SUBSCRIPTION_END"",""SUBSCRIPTION_START"",""FEATURE"",""SUBSCRIPTION_START""]",patternfamily_c69bddd296b824b8,pattern_e764a94bca7d3f8a,5,SEQUENTIAL_CLOSED,115,MAIN,0.23,PARTIAL,False,SENSITIVE,81
pattern_e8b7229e419581fc,Pattern,87,746354.0,0.174,0.174,500,0.0,ACCOUNT_SUPPORT_MAX_GAP_5_EVENTS_90_DAYS,True,FULL_OBSERVED_JOURNEY,0.0,0.0,6325.033898305085,5572.0,118,ALL_OUTCOMES,"[""FEATURE"",""SUBSCRIPTION_END"",""FEATURE"",""FEATURE"",""FEATURE""]",patternfamily_22d9201879d0c30c,pattern_e8b7229e419581fc,5,SEQUENTIAL_CLOSED,87,MAIN,0.174,PARTIAL,False,SENSITIVE,48
pattern_e8c2fbc2c8080a96,Pattern,370,2522592.0,0.74,0.74,500,0.0,ACCOUNT_SUPPORT_MAX_GAP_5_EVENTS_90_DAYS,True,FULL_OBSERVED_JOURNEY,0.0,0.0,6063.923076923077,5174.0,416,ALL_OUTCOMES,"[""SUBSCRIPTION_START"",""FEATURE"",""SUBSCRIPTION_START"",""SUBSCRIPTION_START""]",patternfamily_3f48d061a90c8f0e,pattern_e8c2fbc2c8080a96,4,SEQUENTIAL_CLOSED,370,MAIN,0.74,PARTIAL,False,ROBUST,314
pattern_e9453b83be92c8db,Pattern,32,515263.0,0.064,0.064,500,0.0,ACCOUNT_SUPPORT_MAX_GAP_5_EVENTS_90_DAYS,True,FULL_OBSERVED_JOURNEY,0.0,0.0,6605.9358974358975,5572.0,78,ALL_OUTCOMES,"[""SUBSCRIPTION_START"",""SUBSCRIPTION_END"",""SUBSCRIPTION_END"",""FEATURE""]",patternfamily_9da5647823069dd0,pattern_e9453b83be92c8db,4,SEQUENTIAL_CLOSED,32,MAIN,0.064,PARTIAL,False,SENSITIVE,17
pattern_eb0f54b49d6825f5,Pattern,46,437165.0,0.092,0.092,500,0.0,ACCOUNT_SUPPORT_MAX_GAP_5_EVENTS_90_DAYS,True,FULL_OBSERVED_JOURNEY,0.0,0.0,7051.048387096775,5671.5,62,ALL_OUTCOMES,"[""SUBSCRIPTION_END"",""FEATURE"",""FEATURE"",""SUBSCRIPTION_START"",""SUBSCRIPTION_END""]",patternfamily_90ca44dba544b917,pattern_eb0f54b49d6825f5,5,SEQUENTIAL_CLOSED,46,MAIN,0.092,PARTIAL,False,SENSITIVE,28
pattern_eb377d486ee2bcc9,Pattern,404,2512972.0,0.808,0.808,500,0.0,ACCOUNT_SUPPORT_MAX_GAP_5_EVENTS_90_DAYS,True,FULL_OBSERVED_JOURNEY,0.0,0.0,6026.311750599521,5174.0,417,ALL_OUTCOMES,"[""SUBSCRIPTION_START"",""FEATURE"",""SUBSCRIPTION_START"",""FEATURE""]",patternfamily_b6263f44e55cc665,pattern_eb377d486ee2bcc9,4,SEQUENTIAL_CLOSED,404,MAIN,0.808,PARTIAL,False,ROBUST,374
pattern_ebc00d7ac421e69e,Pattern,41,296880.0,0.12615384615384614,0.12615384615384614,325,0.0,FIXED_30D_WINDOW_WITH_OBSERVATION_END_PSEUDO_CUTOFF,True,PRE_FIRST_CHURN,0.12615384615384614,0.0,3665.185185185185,2450.0,81,CHURN_OBSERVED,"[""ACCOUNT"",""SUBSCRIPTION_START"",""CHURN""]",patternfamily_4e3613c996d1b521,pattern_ebc00d7ac421e69e,3,PRE_CHURN_SUFFIX_30D_L3,41,MAIN,0.12615384615384614,NONE,False,SENSITIVE,17
pattern_ec1c06626858762c,Pattern,237,2682558.0,0.474,0.474,500,0.0,ACCOUNT_SUPPORT_MAX_GAP_5_EVENTS_90_DAYS,True,FULL_OBSERVED_JOURNEY,0.0,0.0,5882.8026315789475,5174.0,456,ALL_OUTCOMES,"[""ACCOUNT"",""SUBSCRIPTION_START"",""SUBSCRIPTION_START"",""SUBSCRIPTION_START""]",patternfamily_e1cb2b7b7e22dd27,pattern_ec1c06626858762c,4,SEQUENTIAL_CLOSED,237,MAIN,0.474,PARTIAL,False,SENSITIVE,137
pattern_ec1ef767fd8e0c1b,Pattern,161,875484.0,0.0,0.0,181,0.0,ACCOUNT_SUPPORT_SCOPE_AND_OUTCOME,True,FULL_OBSERVED_JOURNEY,0.0,0.0,5437.788819875776,4577.0,161,SINGLE_CHURN,"[""FEATURE"",""SUBSCRIPTION_START""]",patternfamily_fc2ef6649f2187ad,pattern_ec1ef767fd8e0c1b,2,NGRAM_2_RAW_BIGRAM_SENSITIVITY,161,MAIN,0.8895027624309392,NONE,False,ROBUST,32
pattern_ec857c081aafb4c2,Pattern,60,578539.0,0.12,0.12,500,0.0,ACCOUNT_SUPPORT_MAX_GAP_5_EVENTS_90_DAYS,True,FULL_OBSERVED_JOURNEY,0.0,0.0,6154.670212765957,5373.0,94,ALL_OUTCOMES,"[""FEATURE"",""SUBSCRIPTION_END"",""SUBSCRIPTION_START"",""SUBSCRIPTION_START"",""SUBSCRIPTION_START""]",patternfamily_fa1e4de6201934f4,pattern_ec857c081aafb4c2,5,SEQUENTIAL_CLOSED,60,MAIN,0.12,PARTIAL,False,SENSITIVE,41
pattern_ecadbb5854110ddd,Pattern,180,1352047.0,0.36,0.36,500,0.0,ACCOUNT_SUPPORT_MAX_GAP_5_EVENTS_90_DAYS,True,FULL_OBSERVED_JOURNEY,0.0,0.0,6202.0504587155965,4975.0,218,ALL_OUTCOMES,"[""FEATURE"",""FEATURE"",""SUBSCRIPTION_START"",""SUBSCRIPTION_END""]",patternfamily_be3e12d56b5f84a1,pattern_ecadbb5854110ddd,4,SEQUENTIAL_CLOSED,180,MAIN,0.36,PARTIAL,False,SENSITIVE,135
pattern_ed4ca4953bf9cc01,Pattern,344,2270214.0,0.688,0.688,500,0.0,ACCOUNT_SUPPORT_MAX_GAP_5_EVENTS_90_DAYS,True,FULL_OBSERVED_JOURNEY,0.0,0.0,6102.725806451613,5273.5,372,ALL_OUTCOMES,"[""FEATURE"",""SUBSCRIPTION_START"",""FEATURE"",""SUBSCRIPTION_START"",""FEATURE""]",patternfamily_83960a998a65c342,pattern_ed4ca4953bf9cc01,5,SEQUENTIAL_CLOSED,344,MAIN,0.688,PARTIAL,False,ROBUST,312
pattern_ed82439ef03776ed,Pattern,87,1422015.0,0.174,0.174,500,0.0,ACCOUNT_SUPPORT_MAX_GAP_5_EVENTS_90_DAYS,True,FULL_OBSERVED_JOURNEY,0.0,0.0,6129.375,5074.5,232,ALL_OUTCOMES,"[""ACCOUNT"",""SUBSCRIPTION_START"",""FEATURE"",""FEATURE"",""SUBSCRIPTION_END""]",patternfamily_79c1abe524d776dc,pattern_ed82439ef03776ed,5,SEQUENTIAL_CLOSED,87,MAIN,0.174,PARTIAL,False,SENSITIVE,51
pattern_ee3d99977e90b660,Pattern,244,2518601.0,0.488,0.488,500,0.0,ACCOUNT_SUPPORT_MAX_GAP_5_EVENTS_90_DAYS,True,FULL_OBSERVED_JOURNEY,0.0,0.0,5982.4251781472685,5174.0,421,ALL_OUTCOMES,"[""ACCOUNT"",""SUBSCRIPTION_START"",""FEATURE"",""FEATURE""]",patternfamily_f26731e74f92da48,pattern_ee3d99977e90b660,4,SEQUENTIAL_CLOSED,244,MAIN,0.488,PARTIAL,False,SENSITIVE,176
pattern_ee5eb9aba3362858,Pattern,36,1326048.0,0.072,0.072,500,0.0,ACCOUNT_SUPPORT_MAX_GAP_5_EVENTS_90_DAYS,True,FULL_OBSERVED_JOURNEY,0.0,0.0,6082.788990825688,4875.5,218,ALL_OUTCOMES,"[""ACCOUNT"",""FEATURE"",""SUBSCRIPTION_END"",""FEATURE""]",patternfamily_ab09b1410e429370,pattern_ee5eb9aba3362858,4,SEQUENTIAL_CLOSED,36,MAIN,0.072,PARTIAL,False,SENSITIVE,28
pattern_ef6125f5772f0a0f,Pattern,218,2461627.0,0.436,0.436,500,0.0,ACCOUNT_SUPPORT_MAX_GAP_5_EVENTS_90_DAYS,True,FULL_OBSERVED_JOURNEY,0.0,0.0,6078.0913580246915,5174.0,405,ALL_OUTCOMES,"[""ACCOUNT"",""SUBSCRIPTION_START"",""FEATURE"",""FEATURE"",""SUBSCRIPTION_START""]",patternfamily_4e0d823c64397e84,pattern_ef6125f5772f0a0f,5,SEQUENTIAL_CLOSED,218,MAIN,0.436,PARTIAL,False,SENSITIVE,150
pattern_efc9bcffad4aabd5,Pattern,203,1824855.0,0.406,0.406,500,0.0,ACCOUNT_SUPPORT_MAX_GAP_5_EVENTS_90_DAYS,True,FULL_OBSERVED_JOURNEY,0.0,0.0,6270.979381443299,5572.0,291,ALL_OUTCOMES,"[""FEATURE"",""FEATURE"",""SUBSCRIPTION_START"",""SUBSCRIPTION_START"",""SUBSCRIPTION_START""]",patternfamily_0d75b1b7cf16ee80,pattern_efc9bcffad4aabd5,5,SEQUENTIAL_CLOSED,203,MAIN,0.406,PARTIAL,False,SENSITIVE,148
pattern_f13a60c1f0988093,Pattern,33,101178.0,0.0,0.0,99,0.0,ACCOUNT_SUPPORT_SCOPE_AND_OUTCOME,True,LANDMARK_90D_JOURNEY,0.0,0.0,3066.0,1519.0,33,RECURRING_CHURN,"[""CHURN"",""SUBSCRIPTION_START""]",patternfamily_68f53d03e4e6f2b8,pattern_f13a60c1f0988093,2,NGRAM_2_COLLAPSED,33,MAIN,0.3333333333333333,NONE,False,SENSITIVE,3
pattern_f26da5492b3aaa32,Pattern,29,270528.0,0.0,0.0,175,0.0,ACCOUNT_SUPPORT_SCOPE_AND_OUTCOME,True,FULL_OBSERVED_JOURNEY,0.0,0.0,9328.551724137931,7363.0,29,NO_CHURN_OBSERVED,"[""SUBSCRIPTION_END"",""FEATURE"",""SUBSCRIPTION_START""]",patternfamily_47ea56971b76c3db,pattern_f26da5492b3aaa32,3,NGRAM_3_COLLAPSED,29,MAIN,0.1657142857142857,NONE,False,ROBUST,88
pattern_f2fcdf59f9c1aa24,Pattern,58,296880.0,0.17846153846153845,0.17846153846153845,325,0.0,FIXED_60D_WINDOW_WITH_OBSERVATION_END_PSEUDO_CUTOFF,True,PRE_FIRST_CHURN,0.17846153846153845,0.0,3665.185185185185,2450.0,81,CHURN_OBSERVED,"[""ACCOUNT"",""SUBSCRIPTION_START"",""CHURN""]",patternfamily_c90ecabc231f6c28,pattern_f2fcdf59f9c1aa24,3,PRE_CHURN_SUFFIX_60D_L3,58,MAIN,0.17846153846153845,NONE,False,SENSITIVE,23
pattern_f3318764e1b5ad23,Pattern,335,2328082.0,0.67,0.67,500,0.0,ACCOUNT_SUPPORT_MAX_GAP_5_EVENTS_90_DAYS,True,FULL_OBSERVED_JOURNEY,0.0,0.0,6062.713541666667,5174.0,384,ALL_OUTCOMES,"[""SUBSCRIPTION_START"",""FEATURE"",""FEATURE"",""FEATURE""]",patternfamily_d7c4392fb00bc22b,pattern_f3318764e1b5ad23,4,SEQUENTIAL_CLOSED,335,MAIN,0.67,PARTIAL,False,ROBUST,277
pattern_f3e313e76b2eb9fc,Pattern,117,884593.0,0.234,0.234,500,0.0,ACCOUNT_SUPPORT_MAX_GAP_5_EVENTS_90_DAYS,True,FULL_OBSERVED_JOURNEY,0.0,0.0,6017.639455782313,4557.0,147,ALL_OUTCOMES,"[""SUBSCRIPTION_END"",""SUBSCRIPTION_START"",""FEATURE"",""FEATURE""]",patternfamily_ed30cb92d945a9be,pattern_f3e313e76b2eb9fc,4,SEQUENTIAL_CLOSED,117,MAIN,0.234,PARTIAL,False,SENSITIVE,81
pattern_f3e7d619d4f5f147,Pattern,51,630947.0,0.102,0.102,500,0.0,ACCOUNT_SUPPORT_MAX_GAP_5_EVENTS_90_DAYS,True,FULL_OBSERVED_JOURNEY,0.0,0.0,6438.234693877551,5373.0,98,ALL_OUTCOMES,"[""SUBSCRIPTION_START"",""FEATURE"",""SUBSCRIPTION_END"",""SUBSCRIPTION_END""]",patternfamily_5b7f9e41cd0408c6,pattern_f3e7d619d4f5f147,4,SEQUENTIAL_CLOSED,51,MAIN,0.102,PARTIAL,False,SENSITIVE,27
pattern_f5634670f526e1da,Pattern,73,674587.0,0.146,0.146,500,0.0,ACCOUNT_SUPPORT_MAX_GAP_5_EVENTS_90_DAYS,True,FULL_OBSERVED_JOURNEY,0.0,0.0,6077.360360360361,5174.0,111,ALL_OUTCOMES,"[""FEATURE"",""FEATURE"",""SUBSCRIPTION_END"",""SUBSCRIPTION_START"",""SUBSCRIPTION_START""]",patternfamily_da04260fe5a243f9,pattern_f5634670f526e1da,5,SEQUENTIAL_CLOSED,73,MAIN,0.146,PARTIAL,False,SENSITIVE,44
pattern_f665841fce222c3a,Pattern,15,78094.0,0.0,0.0,22,0.0,ACCOUNT_SUPPORT_SCOPE_AND_OUTCOME,True,POST_REACTIVATION,0.0,0.0,5206.266666666666,2587.0,15,REACTIVATED,"[""FEATURE"",""SUBSCRIPTION_START""]",patternfamily_a09c08fc1d6eb1d7,pattern_f665841fce222c3a,2,NGRAM_2_COLLAPSED,15,MAIN,0.6818181818181818,NONE,False,SENSITIVE,1
pattern_f7e1d7ff6e000850,Pattern,259,1974057.0,0.518,0.518,500,0.0,ACCOUNT_SUPPORT_MAX_GAP_5_EVENTS_90_DAYS,True,FULL_OBSERVED_JOURNEY,0.0,0.0,6149.710280373832,5572.0,321,ALL_OUTCOMES,"[""FEATURE"",""FEATURE"",""SUBSCRIPTION_START"",""SUBSCRIPTION_START"",""FEATURE""]",patternfamily_c0986da5c7815e0e,pattern_f7e1d7ff6e000850,5,SEQUENTIAL_CLOSED,259,MAIN,0.518,PARTIAL,False,ROBUST,207
pattern_f7e60e66c9d4a095,Pattern,133,1014157.0,0.266,0.266,500,0.0,ACCOUNT_SUPPORT_MAX_GAP_5_EVENTS_90_DAYS,True,FULL_OBSERVED_JOURNEY,0.0,0.0,6109.379518072289,5174.0,166,ALL_OUTCOMES,"[""SUBSCRIPTION_END"",""SUBSCRIPTION_START"",""SUBSCRIPTION_START""]",patternfamily_9173f63bd917c2fc,pattern_f7e60e66c9d4a095,3,SEQUENTIAL_CLOSED,133,MAIN,0.266,PARTIAL,False,SENSITIVE,94
pattern_f880ab1e860ca155,Pattern,240,2155599.0,0.48,0.48,500,0.0,ACCOUNT_SUPPORT_MAX_GAP_5_EVENTS_90_DAYS,True,FULL_OBSERVED_JOURNEY,0.0,0.0,6038.09243697479,5174.0,357,ALL_OUTCOMES,"[""SUBSCRIPTION_START"",""SUBSCRIPTION_START"",""SUBSCRIPTION_START"",""SUBSCRIPTION_START"",""FEATURE""]",patternfamily_a5a1fc0b25805e1a,pattern_f880ab1e860ca155,5,SEQUENTIAL_CLOSED,240,MAIN,0.48,PARTIAL,False,SENSITIVE,176
pattern_f898b4b8af65e33d,Pattern,183,1419294.0,0.366,0.366,500,0.0,ACCOUNT_SUPPORT_MAX_GAP_5_EVENTS_90_DAYS,True,FULL_OBSERVED_JOURNEY,0.0,0.0,6224.973684210527,5074.5,228,ALL_OUTCOMES,"[""FEATURE"",""SUBSCRIPTION_START"",""SUBSCRIPTION_START"",""SUBSCRIPTION_END""]",patternfamily_074166abc34d3447,pattern_f898b4b8af65e33d,4,SEQUENTIAL_CLOSED,183,MAIN,0.366,PARTIAL,False,SENSITIVE,131
pattern_f92c0dbaff747155,Pattern,14,132733.0,0.0,0.0,145,0.0,ACCOUNT_SUPPORT_SCOPE_AND_OUTCOME,True,LANDMARK_90D_JOURNEY,0.0,0.0,9480.92857142857,8955.0,14,NO_CHURN_OBSERVED,"[""FEATURE"",""SUPPORT_OPEN""]",patternfamily_a443cdce91944022,pattern_f92c0dbaff747155,2,NGRAM_2_RAW_BIGRAM_SENSITIVITY,14,MAIN,0.09655172413793103,NONE,False,ROBUST,29
pattern_f95b71863a3483f7,Pattern,161,1224993.0,0.322,0.322,500,0.0,ACCOUNT_SUPPORT_MAX_GAP_5_EVENTS_90_DAYS,True,FULL_OBSERVED_JOURNEY,0.0,0.0,6314.396907216495,4975.0,194,ALL_OUTCOMES,"[""FEATURE"",""FEATURE"",""SUBSCRIPTION_START"",""FEATURE"",""SUBSCRIPTION_END""]",patternfamily_22beb0347ae8d30f,pattern_f95b71863a3483f7,5,SEQUENTIAL_CLOSED,161,MAIN,0.322,PARTIAL,False,SENSITIVE,112
pattern_fab805f7dee55944,Pattern,296,2148828.0,0.592,0.592,500,0.0,ACCOUNT_SUPPORT_MAX_GAP_5_EVENTS_90_DAYS,True,FULL_OBSERVED_JOURNEY,0.0,0.0,6228.48695652174,5373.0,345,ALL_OUTCOMES,"[""FEATURE"",""FEATURE"",""FEATURE"",""SUBSCRIPTION_START""]",patternfamily_983c12c5d12ef0ef,pattern_fab805f7dee55944,4,SEQUENTIAL_CLOSED,296,MAIN,0.592,PARTIAL,False,SENSITIVE,235
pattern_fabe655b1b1fec29,Pattern,269,2175129.0,0.538,0.538,500,0.0,ACCOUNT_SUPPORT_MAX_GAP_5_EVENTS_90_DAYS,True,FULL_OBSERVED_JOURNEY,0.0,0.0,6127.123943661972,5373.0,355,ALL_OUTCOMES,"[""SUBSCRIPTION_START"",""SUBSCRIPTION_START"",""FEATURE"",""FEATURE"",""FEATURE""]",patternfamily_fbef81eb8686ef15,pattern_fabe655b1b1fec29,5,SEQUENTIAL_CLOSED,269,MAIN,0.538,PARTIAL,False,SENSITIVE,205
pattern_faea601ac7c5f778,Pattern,345,2311923.0,0.69,0.69,500,0.0,ACCOUNT_SUPPORT_MAX_GAP_5_EVENTS_90_DAYS,True,FULL_OBSERVED_JOURNEY,0.0,0.0,6068.03937007874,5174.0,381,ALL_OUTCOMES,"[""FEATURE"",""SUBSCRIPTION_START"",""SUBSCRIPTION_START"",""FEATURE""]",patternfamily_0ce209c75ba0d8c9,pattern_faea601ac7c5f778,4,SEQUENTIAL_CLOSED,345,MAIN,0.69,PARTIAL,False,ROBUST,305
pattern_fb47437392b34f24,Pattern,198,1407861.0,0.396,0.396,500,0.0,ACCOUNT_SUPPORT_MAX_GAP_5_EVENTS_90_DAYS,True,FULL_OBSERVED_JOURNEY,0.0,0.0,6202.030837004405,5174.0,227,ALL_OUTCOMES,"[""SUBSCRIPTION_START"",""FEATURE"",""SUBSCRIPTION_START"",""FEATURE"",""SUBSCRIPTION_END""]",patternfamily_d4a2cb79bd0c07df,pattern_fb47437392b34f24,5,SEQUENTIAL_CLOSED,198,MAIN,0.396,PARTIAL,False,SENSITIVE,156
pattern_fc7b839d81dc59de,Pattern,97,858827.0,0.194,0.194,500,0.0,ACCOUNT_SUPPORT_MAX_GAP_5_EVENTS_90_DAYS,True,FULL_OBSERVED_JOURNEY,0.0,0.0,6506.265151515152,5572.0,132,ALL_OUTCOMES,"[""SUBSCRIPTION_START"",""SUBSCRIPTION_END"",""FEATURE"",""FEATURE"",""FEATURE""]",patternfamily_ecf680205caafdda,pattern_fc7b839d81dc59de,5,SEQUENTIAL_CLOSED,97,MAIN,0.194,PARTIAL,False,SENSITIVE,50
pattern_fca27879b828cc95,Pattern,57,1422015.0,0.114,0.114,500,0.0,ACCOUNT_SUPPORT_MAX_GAP_5_EVENTS_90_DAYS,True,FULL_OBSERVED_JOURNEY,0.0,0.0,6129.375,5074.5,232,ALL_OUTCOMES,"[""ACCOUNT"",""FEATURE"",""FEATURE"",""SUBSCRIPTION_END""]",patternfamily_3a2e6b68956c4b4e,pattern_fca27879b828cc95,4,SEQUENTIAL_CLOSED,57,MAIN,0.114,PARTIAL,False,SENSITIVE,36
pattern_fd4bc1edb8be78eb,Pattern,13,118796.0,0.0,0.0,167,0.0,ACCOUNT_SUPPORT_SCOPE_AND_OUTCOME,True,LANDMARK_30D_JOURNEY,0.0,0.0,9138.153846153846,6965.0,13,NO_CHURN_OBSERVED,"[""SUBSCRIPTION_START"",""FEATURE"",""SUBSCRIPTION_START""]",patternfamily_ac80c53b1d53cde7,pattern_fd4bc1edb8be78eb,3,NGRAM_3_COLLAPSED,13,MAIN,0.07784431137724551,NONE,False,ROBUST,41
pattern_fda1a2df4f1786be,Pattern,33,280669.0,0.066,0.066,500,0.0,ACCOUNT_SUPPORT_MAX_GAP_5_EVENTS_90_DAYS,True,FULL_OBSERVED_JOURNEY,0.0,0.0,6378.840909090909,4676.5,44,ALL_OUTCOMES,"[""SUBSCRIPTION_END"",""FEATURE"",""SUBSCRIPTION_START"",""SUBSCRIPTION_END"",""SUBSCRIPTION_START""]",patternfamily_81f16e6751499dba,pattern_fda1a2df4f1786be,5,SEQUENTIAL_CLOSED,33,MAIN,0.066,PARTIAL,False,SENSITIVE,17
pattern_fdc55ff62216c6b7,Pattern,207,1407861.0,0.414,0.414,500,0.0,ACCOUNT_SUPPORT_MAX_GAP_5_EVENTS_90_DAYS,True,FULL_OBSERVED_JOURNEY,0.0,0.0,6202.030837004405,5174.0,227,ALL_OUTCOMES,"[""FEATURE"",""SUBSCRIPTION_START"",""FEATURE"",""SUBSCRIPTION_END""]",patternfamily_d75c0a63db2a79cd,pattern_fdc55ff62216c6b7,4,SEQUENTIAL_CLOSED,207,MAIN,0.414,PARTIAL,False,ROBUST,165
pattern_fe08f28023d834af,Pattern,19,63986.0,0.0,0.0,118,0.0,ACCOUNT_SUPPORT_SCOPE_AND_OUTCOME,True,BETWEEN_RECURRING_CHURNS,0.0,0.0,3367.684210526316,2786.0,19,RECURRING_CHURN,"[""FEATURE"",""SUBSCRIPTION_END""]",patternfamily_b8e47c1632fcb0e3,pattern_fe08f28023d834af,2,NGRAM_2_COLLAPSED,19,MAIN,0.16101694915254236,NONE,False,SENSITIVE,1
pattern_febf466c29b631d1,Pattern,80,675499.0,0.16,0.16,500,0.0,ACCOUNT_SUPPORT_MAX_GAP_5_EVENTS_90_DAYS,True,FULL_OBSERVED_JOURNEY,0.0,0.0,6140.9,4776.0,110,ALL_OUTCOMES,"[""SUBSCRIPTION_END"",""SUBSCRIPTION_START"",""SUBSCRIPTION_END""]",patternfamily_b21dc015c3fdc800,pattern_febf466c29b631d1,3,SEQUENTIAL_CLOSED,80,MAIN,0.16,PARTIAL,False,SENSITIVE,46
pattern_fed241151966e2bf,Pattern,337,2426970.0,0.674,0.674,500,0.0,ACCOUNT_SUPPORT_MAX_GAP_5_EVENTS_90_DAYS,True,FULL_OBSERVED_JOURNEY,0.0,0.0,5948.455882352941,5174.0,408,ALL_OUTCOMES,"[""SUBSCRIPTION_START"",""SUBSCRIPTION_START"",""SUBSCRIPTION_START"",""FEATURE""]",patternfamily_674df610994d1aab,pattern_fed241151966e2bf,4,SEQUENTIAL_CLOSED,337,MAIN,0.674,PARTIAL,False,ROBUST,268
pattern_ff033a8bb72e2cc4,Pattern,28,211589.0,0.0,0.0,145,0.0,ACCOUNT_SUPPORT_SCOPE_AND_OUTCOME,True,LANDMARK_90D_JOURNEY,0.0,0.0,7556.75,7263.5,28,NO_CHURN_OBSERVED,"[""SUPPORT_CLOSE"",""SUBSCRIPTION_START""]",patternfamily_8f27821d722c3e1f,pattern_ff033a8bb72e2cc4,2,NGRAM_2_RAW_BIGRAM_SENSITIVITY,28,MAIN,0.19310344827586207,NONE,False,SENSITIVE,39
pattern_ff5f48d454efcc16,Pattern,80,696997.0,0.16,0.16,500,0.0,ACCOUNT_SUPPORT_MAX_GAP_5_EVENTS_90_DAYS,True,FULL_OBSERVED_JOURNEY,0.0,0.0,6575.443396226415,5572.0,106,ALL_OUTCOMES,"[""SUBSCRIPTION_END"",""SUBSCRIPTION_START"",""FEATURE"",""FEATURE"",""SUBSCRIPTION_START""]",patternfamily_2fe7e33bff0d3f10,pattern_ff5f48d454efcc16,5,SEQUENTIAL_CLOSED,80,MAIN,0.16,PARTIAL,False,SENSITIVE,58
pattern_ff6cc22f551adbd6,Pattern,10,44797.0,0.0,0.0,99,0.0,ACCOUNT_SUPPORT_SCOPE_AND_OUTCOME,True,LANDMARK_90D_JOURNEY,0.0,0.0,4479.7,3880.5,10,RECURRING_CHURN,"[""FEATURE"",""SUBSCRIPTION_START"",""FEATURE"",""SUBSCRIPTION_START""]",patternfamily_23d01e1ec89a5cf4,pattern_ff6cc22f551adbd6,4,NGRAM_4_COLLAPSED,10,MAIN,0.10101010101010101,NONE,False,SENSITIVE,1
