:ID,:LABEL,event_instance_key,event_position,event_time,event_type,is_endpoint_event,is_warning,journey_scope,quality_status,same_day_order,source_table
event_0005ad3e93b75eb2,EventInstance,event_0005ad3e93b75eb2,1,2023-12-04T00:00:00,ACCOUNT,True,False,FULL_OBSERVED_JOURNEY,VALID,1,accounts
event_001174ba3bb67513,EventInstance,event_001174ba3bb67513,24,2024-11-25T00:00:00,CHURN,True,True,PRE_FIRST_CHURN,VALID_WITH_WARNING,6,churn_events
event_0028aba7e6d4db81,EventInstance,event_0028aba7e6d4db81,7,2024-11-11T00:00:00,FEATURE,False,False,FULL_OBSERVED_JOURNEY,VALID,3,feature_usage
event_003b000406078baf,EventInstance,event_003b000406078baf,27,2024-10-08T00:00:00,FEATURE,False,False,FULL_OBSERVED_JOURNEY,VALID,3,feature_usage
event_004596631beccd7f,EventInstance,event_004596631beccd7f,1,2023-08-24T00:00:00,ACCOUNT,True,False,FULL_OBSERVED_JOURNEY,VALID,1,accounts
event_007035186cdb5ac3,EventInstance,event_007035186cdb5ac3,48,2024-11-26T00:00:00,FEATURE,False,False,FULL_OBSERVED_JOURNEY,VALID,3,feature_usage
event_0076ae896c788881,EventInstance,event_0076ae896c788881,3,2023-07-14T00:00:00,SUBSCRIPTION_START,False,False,LANDMARK_60D_JOURNEY,VALID,2,subscriptions
event_008bcb8b1f78bffd,EventInstance,event_008bcb8b1f78bffd,40,2024-10-19T00:00:00,SUBSCRIPTION_START,False,False,FULL_OBSERVED_JOURNEY,VALID,2,subscriptions
event_008ec71ce5fdae11,EventInstance,event_008ec71ce5fdae11,1,2024-09-05T00:00:00,SUBSCRIPTION_START,True,False,LANDMARK_60D_JOURNEY,VALID,2,subscriptions
event_00978cdb3c3ff100,EventInstance,event_00978cdb3c3ff100,2,2024-01-11T00:00:00,SUBSCRIPTION_START,False,False,LANDMARK_90D_JOURNEY,VALID,2,subscriptions
event_00b17c6d8ee0b3b3,EventInstance,event_00b17c6d8ee0b3b3,5,2024-10-24T00:00:00,SUBSCRIPTION_START,False,False,FULL_OBSERVED_JOURNEY,VALID,2,subscriptions
event_00eb9a1c7192a178,EventInstance,event_00eb9a1c7192a178,23,2024-11-25T00:00:00,FEATURE,False,True,PRE_FIRST_CHURN,VALID_WITH_WARNING,3,feature_usage
event_00fef5be58fb8db5,EventInstance,event_00fef5be58fb8db5,4,2023-08-13T00:00:00,SUPPORT_OPEN,False,False,LANDMARK_90D_JOURNEY,VALID,4,support_tickets
event_00ff2fb320df6584,EventInstance,event_00ff2fb320df6584,1,2024-06-01T00:00:00,SUBSCRIPTION_START,True,False,LANDMARK_30D_JOURNEY,VALID,2,subscriptions
event_01102a09ed728a0a,EventInstance,event_01102a09ed728a0a,2,2023-12-14T00:00:00,SUPPORT_OPEN,False,False,LANDMARK_60D_JOURNEY,VALID,4,support_tickets
event_0116ff0759d5a343,EventInstance,event_0116ff0759d5a343,14,2024-11-29T00:00:00,SUBSCRIPTION_START,True,False,LANDMARK_90D_JOURNEY,VALID,2,subscriptions
event_014b652ed93ebab1,EventInstance,event_014b652ed93ebab1,7,2024-01-15T00:00:00,SUBSCRIPTION_START,False,False,FULL_OBSERVED_JOURNEY,VALID,2,subscriptions
event_015fb101a3d5392e,EventInstance,event_015fb101a3d5392e,26,2024-11-05T00:00:00,SUBSCRIPTION_START,False,False,FULL_OBSERVED_JOURNEY,VALID,2,subscriptions
event_017aea0d1030ef8b,EventInstance,event_017aea0d1030ef8b,44,2024-09-21T00:00:00,FEATURE,False,False,FULL_OBSERVED_JOURNEY,VALID,3,feature_usage
event_0196b1c70058384c,EventInstance,event_0196b1c70058384c,5,2024-12-10T00:00:00,SUBSCRIPTION_START,False,False,LANDMARK_30D_JOURNEY,VALID,2,subscriptions
event_0198e97638eab44e,EventInstance,event_0198e97638eab44e,6,2024-11-30T00:00:00,SUBSCRIPTION_START,False,False,FULL_OBSERVED_JOURNEY,VALID,2,subscriptions
event_01a8d76fd7e78d0d,EventInstance,event_01a8d76fd7e78d0d,1,2023-12-22T00:00:00,ACCOUNT,True,False,PRE_FIRST_CHURN,VALID,1,accounts
event_01b991d49833a98a,EventInstance,event_01b991d49833a98a,20,2024-11-24T00:00:00,FEATURE,False,False,FULL_OBSERVED_JOURNEY,VALID,3,feature_usage
event_01c58f4e47c90a31,EventInstance,event_01c58f4e47c90a31,10,2024-10-06T00:00:00,SUBSCRIPTION_START,False,False,FULL_OBSERVED_JOURNEY,VALID,2,subscriptions
event_01f6d2efc6045e3a,EventInstance,event_01f6d2efc6045e3a,19,2024-11-24T00:00:00,SUBSCRIPTION_START,False,False,LANDMARK_90D_JOURNEY,VALID,2,subscriptions
event_01f7a5752121da0a,EventInstance,event_01f7a5752121da0a,1,2024-09-05T00:00:00,SUBSCRIPTION_START,True,False,LANDMARK_30D_JOURNEY,VALID,2,subscriptions
event_021ca1850f53a45b,EventInstance,event_021ca1850f53a45b,3,2024-02-20T00:00:00,SUBSCRIPTION_START,False,False,LANDMARK_30D_JOURNEY,VALID,2,subscriptions
event_022d2e0f74e0a435,EventInstance,event_022d2e0f74e0a435,7,2024-08-21T00:00:00,FEATURE,False,False,FULL_OBSERVED_JOURNEY,VALID,3,feature_usage
event_027aee53d24e1a4b,EventInstance,event_027aee53d24e1a4b,2,2024-04-09T00:00:00,SUBSCRIPTION_START,False,False,LANDMARK_90D_JOURNEY,VALID,2,subscriptions
event_027c07de043897a1,EventInstance,event_027c07de043897a1,15,2024-12-25T00:00:00,SUBSCRIPTION_START,False,False,PRE_FIRST_CHURN,VALID,2,subscriptions
event_02831a90c2240175,EventInstance,event_02831a90c2240175,4,2023-09-09T00:00:00,FEATURE,False,False,FULL_OBSERVED_JOURNEY,VALID,3,feature_usage
event_02c9f5c807059bb2,EventInstance,event_02c9f5c807059bb2,8,2024-12-05T00:00:00,SUPPORT_OPEN,False,True,LANDMARK_60D_JOURNEY,VALID_WITH_WARNING,4,support_tickets
event_02ca3688e422a535,EventInstance,event_02ca3688e422a535,2,2024-09-23T00:00:00,SUBSCRIPTION_START,False,False,LANDMARK_90D_JOURNEY,VALID,2,subscriptions
event_02da9f81234afd20,EventInstance,event_02da9f81234afd20,28,2024-06-02T00:00:00,FEATURE,False,False,BETWEEN_RECURRING_CHURNS,VALID,3,feature_usage
event_02f560dc2f6ceae9,EventInstance,event_02f560dc2f6ceae9,6,2023-08-03T06:00:00,SUPPORT_CLOSE,False,True,LANDMARK_60D_JOURNEY,VALID_WITH_WARNING,5,support_tickets
event_030f50bcde726a3e,EventInstance,event_030f50bcde726a3e,4,2024-08-09T00:00:00,SUBSCRIPTION_START,False,False,LANDMARK_90D_JOURNEY,VALID,2,subscriptions
event_034023296b3f0565,EventInstance,event_034023296b3f0565,9,2024-03-20T00:00:00,FEATURE,False,False,FULL_OBSERVED_JOURNEY,VALID,3,feature_usage
event_034ff5cda00383ce,EventInstance,event_034ff5cda00383ce,3,2024-08-02T00:00:00,SUBSCRIPTION_START,False,False,LANDMARK_90D_JOURNEY,VALID,2,subscriptions
event_035aa9fc65cae8e6,EventInstance,event_035aa9fc65cae8e6,14,2024-09-20T00:00:00,SUBSCRIPTION_START,False,False,FULL_OBSERVED_JOURNEY,VALID,2,subscriptions
event_0388d0991081c6e8,EventInstance,event_0388d0991081c6e8,25,2024-10-27T00:00:00,FEATURE,False,False,FULL_OBSERVED_JOURNEY,VALID,3,feature_usage
event_03b5aa20aed4f3a9,EventInstance,event_03b5aa20aed4f3a9,3,2024-07-24T00:00:00,FEATURE,False,False,LANDMARK_60D_JOURNEY,VALID,3,feature_usage
event_03bce6cc3e9e3af3,EventInstance,event_03bce6cc3e9e3af3,28,2024-11-15T00:00:00,FEATURE,False,False,FULL_OBSERVED_JOURNEY,VALID,3,feature_usage
event_040c9a8e22c09179,EventInstance,event_040c9a8e22c09179,1,2024-06-02T00:00:00,SUBSCRIPTION_START,True,False,LANDMARK_60D_JOURNEY,VALID,2,subscriptions
event_04161776647b0671,EventInstance,event_04161776647b0671,2,2024-08-05T00:00:00,SUBSCRIPTION_START,False,True,LANDMARK_90D_JOURNEY,VALID_WITH_WARNING,2,subscriptions
event_04167b5b8f01cba4,EventInstance,event_04167b5b8f01cba4,37,2024-12-22T00:00:00,FEATURE,False,False,FULL_OBSERVED_JOURNEY,VALID,3,feature_usage
event_04344cb88d596e20,EventInstance,event_04344cb88d596e20,4,2023-09-09T00:00:00,FEATURE,False,False,FULL_OBSERVED_JOURNEY,VALID,3,feature_usage
event_0438fd2f490b8086,EventInstance,event_0438fd2f490b8086,5,2024-10-09T00:00:00,SUBSCRIPTION_START,False,False,LANDMARK_30D_JOURNEY,VALID,2,subscriptions
event_045cecc17c4addeb,EventInstance,event_045cecc17c4addeb,6,2024-11-14T00:00:00,CHURN,True,True,LANDMARK_90D_JOURNEY,VALID_WITH_WARNING,6,churn_events
event_04721386849b6079,EventInstance,event_04721386849b6079,1,2024-11-28T00:00:00,SUBSCRIPTION_START,True,True,LANDMARK_30D_JOURNEY,VALID_WITH_WARNING,2,subscriptions
event_04bfdbce7dcd1b7f,EventInstance,event_04bfdbce7dcd1b7f,1,2023-12-01T00:00:00,SUBSCRIPTION_START,True,False,LANDMARK_30D_JOURNEY,VALID,2,subscriptions
event_04c9ef3f7cc49136,EventInstance,event_04c9ef3f7cc49136,17,2024-02-18T00:00:00,SUPPORT_OPEN,False,True,BETWEEN_RECURRING_CHURNS,VALID_WITH_WARNING,4,support_tickets
event_04cfca30afa2f20e,EventInstance,event_04cfca30afa2f20e,1,2024-10-21T00:00:00,SUBSCRIPTION_START,True,False,LANDMARK_60D_JOURNEY,VALID,2,subscriptions
event_04d79597d43c7c73,EventInstance,event_04d79597d43c7c73,6,2023-10-30T00:00:00,SUBSCRIPTION_START,False,False,FULL_OBSERVED_JOURNEY,VALID,2,subscriptions
event_04e246ba0f2de5bf,EventInstance,event_04e246ba0f2de5bf,2,2023-12-18T00:00:00,SUBSCRIPTION_START,False,False,FULL_OBSERVED_JOURNEY,VALID,2,subscriptions
event_04efbe1b95e48b45,EventInstance,event_04efbe1b95e48b45,20,2024-05-18T00:00:00,FEATURE,False,False,FULL_OBSERVED_JOURNEY,VALID,3,feature_usage
event_051689fe4405c392,EventInstance,event_051689fe4405c392,4,2024-05-18T00:00:00,SUBSCRIPTION_START,False,False,FULL_OBSERVED_JOURNEY,VALID,2,subscriptions
event_051b06c30ed370e8,EventInstance,event_051b06c30ed370e8,11,2024-02-20T00:00:00,FEATURE,False,False,FULL_OBSERVED_JOURNEY,VALID,3,feature_usage
event_052ba2a20cf6e085,EventInstance,event_052ba2a20cf6e085,2,2023-07-11T00:00:00,FEATURE,False,False,LANDMARK_60D_JOURNEY,VALID,3,feature_usage
event_054bdf31965485b1,EventInstance,event_054bdf31965485b1,21,2024-11-19T00:00:00,SUBSCRIPTION_START,False,False,FULL_OBSERVED_JOURNEY,VALID,2,subscriptions
event_055098a801d8bf9d,EventInstance,event_055098a801d8bf9d,12,2024-11-11T00:00:00,SUBSCRIPTION_START,False,False,FULL_OBSERVED_JOURNEY,VALID,2,subscriptions
event_0576279ac337cb9f,EventInstance,event_0576279ac337cb9f,23,2024-01-07T00:00:00,SUBSCRIPTION_START,False,False,FULL_OBSERVED_JOURNEY,VALID,2,subscriptions
event_0582bbd32f6c0f0d,EventInstance,event_0582bbd32f6c0f0d,1,2024-08-10T00:00:00,SUBSCRIPTION_START,True,False,LANDMARK_90D_JOURNEY,VALID,2,subscriptions
event_0594f1f5739a0901,EventInstance,event_0594f1f5739a0901,22,2024-07-29T00:00:00,SUBSCRIPTION_START,False,False,FULL_OBSERVED_JOURNEY,VALID,2,subscriptions
event_05dfa0196aeff7a5,EventInstance,event_05dfa0196aeff7a5,29,2024-11-28T00:00:00,SUBSCRIPTION_START,False,False,FULL_OBSERVED_JOURNEY,VALID,2,subscriptions
event_05f955dc8331e5b4,EventInstance,event_05f955dc8331e5b4,3,2023-03-28T00:00:00,SUBSCRIPTION_START,False,False,LANDMARK_60D_JOURNEY,VALID,2,subscriptions
event_060d964ddef02856,EventInstance,event_060d964ddef02856,1,2023-11-11T00:00:00,SUBSCRIPTION_START,True,False,LANDMARK_60D_JOURNEY,VALID,2,subscriptions
event_0634ffc716b01dff,EventInstance,event_0634ffc716b01dff,2,2024-11-13T00:00:00,SUBSCRIPTION_START,False,True,LANDMARK_60D_JOURNEY,VALID_WITH_WARNING,2,subscriptions
event_06483b9dfc60dfb5,EventInstance,event_06483b9dfc60dfb5,3,2024-09-12T00:00:00,FEATURE,False,False,LANDMARK_30D_JOURNEY,VALID,3,feature_usage
event_06756e5e92025459,EventInstance,event_06756e5e92025459,1,2023-05-04T00:00:00,ACCOUNT,True,False,FULL_OBSERVED_JOURNEY,VALID,1,accounts
event_0675fb7f08988e7a,EventInstance,event_0675fb7f08988e7a,37,2024-11-30T00:00:00,SUBSCRIPTION_START,False,False,FULL_OBSERVED_JOURNEY,VALID,2,subscriptions
event_06a2839d23165d02,EventInstance,event_06a2839d23165d02,7,2023-10-12T00:00:00,FEATURE,False,False,FULL_OBSERVED_JOURNEY,VALID,3,feature_usage
event_06a8a5c51c59e882,EventInstance,event_06a8a5c51c59e882,29,2024-10-25T00:00:00,SUPPORT_OPEN,False,True,FULL_OBSERVED_JOURNEY,VALID_WITH_WARNING,4,support_tickets
event_06b3b6e6afb2ab72,EventInstance,event_06b3b6e6afb2ab72,9,2023-07-15T00:00:00,FEATURE,False,False,FULL_OBSERVED_JOURNEY,VALID,3,feature_usage
event_06cc9721a0281747,EventInstance,event_06cc9721a0281747,4,2023-11-28T00:00:00,SUBSCRIPTION_START,False,False,FULL_OBSERVED_JOURNEY,VALID,2,subscriptions
event_06e49e88d3fb4b4f,EventInstance,event_06e49e88d3fb4b4f,2,2024-05-10T00:00:00,SUPPORT_OPEN,False,True,PRE_FIRST_CHURN,VALID_WITH_WARNING,4,support_tickets
event_0702390092fb4f3d,EventInstance,event_0702390092fb4f3d,3,2024-06-08T00:00:00,SUPPORT_OPEN,False,False,LANDMARK_90D_JOURNEY,VALID,4,support_tickets
event_0706a660a8cfd26f,EventInstance,event_0706a660a8cfd26f,22,2024-12-04T00:00:00,FEATURE,False,False,FULL_OBSERVED_JOURNEY,VALID,3,feature_usage
event_070b49f5e2a1879d,EventInstance,event_070b49f5e2a1879d,3,2024-02-03T00:00:00,SUPPORT_OPEN,False,True,LANDMARK_90D_JOURNEY,VALID_WITH_WARNING,4,support_tickets
event_07108b5ee2413c24,EventInstance,event_07108b5ee2413c24,3,2023-08-31T00:00:00,FEATURE,False,False,BETWEEN_CHURN_AND_REACTIVATION,VALID,3,feature_usage
event_0717fa04e945d192,EventInstance,event_0717fa04e945d192,9,2024-11-16T00:00:00,FEATURE,False,False,BETWEEN_RECURRING_CHURNS,VALID,3,feature_usage
event_0736eb8f2ea0440a,EventInstance,event_0736eb8f2ea0440a,3,2024-08-11T00:00:00,SUBSCRIPTION_START,False,False,LANDMARK_60D_JOURNEY,VALID,2,subscriptions
event_076271462b3b2ef3,EventInstance,event_076271462b3b2ef3,18,2024-08-16T00:00:00,FEATURE,False,False,FULL_OBSERVED_JOURNEY,VALID,3,feature_usage
event_077876ae66189fb5,EventInstance,event_077876ae66189fb5,36,2024-12-13T00:00:00,FEATURE,False,False,FULL_OBSERVED_JOURNEY,VALID,3,feature_usage
event_077b15db55ca5d45,EventInstance,event_077b15db55ca5d45,12,2023-11-26T00:00:00,CHURN,True,True,FULL_OBSERVED_JOURNEY,VALID_WITH_WARNING,6,churn_events
event_079ac0d12e7e5d85,EventInstance,event_079ac0d12e7e5d85,4,2024-12-17T00:00:00,SUBSCRIPTION_START,False,False,LANDMARK_30D_JOURNEY,VALID,2,subscriptions
event_07b8299189f47509,EventInstance,event_07b8299189f47509,7,2024-07-14T00:00:00,SUBSCRIPTION_START,False,False,FULL_OBSERVED_JOURNEY,VALID,2,subscriptions
event_07db07a922a0b66f,EventInstance,event_07db07a922a0b66f,18,2024-07-04T00:00:00,SUBSCRIPTION_START,False,False,FULL_OBSERVED_JOURNEY,VALID,2,subscriptions
event_07f5eed2ef188c1e,EventInstance,event_07f5eed2ef188c1e,10,2024-11-17T00:00:00,FEATURE,False,False,FULL_OBSERVED_JOURNEY,VALID,3,feature_usage
event_080cf370dd518b79,EventInstance,event_080cf370dd518b79,16,2024-03-23T05:00:00,SUPPORT_CLOSE,False,False,FULL_OBSERVED_JOURNEY,VALID,5,support_tickets
event_081ebe5b3c680605,EventInstance,event_081ebe5b3c680605,5,2024-05-31T00:00:00,SUBSCRIPTION_START,False,False,FULL_OBSERVED_JOURNEY,VALID,2,subscriptions
event_08254e75022b6905,EventInstance,event_08254e75022b6905,10,2024-08-30T00:00:00,FEATURE,False,False,FULL_OBSERVED_JOURNEY,VALID,3,feature_usage
event_08469c27499b4dc3,EventInstance,event_08469c27499b4dc3,1,2024-11-17T00:00:00,ACCOUNT,True,False,PRE_FIRST_CHURN,VALID,1,accounts
event_0855d827733f7f72,EventInstance,event_0855d827733f7f72,1,2023-03-11T00:00:00,SUBSCRIPTION_START,True,False,LANDMARK_90D_JOURNEY,VALID,2,subscriptions
event_085dc27e1c643216,EventInstance,event_085dc27e1c643216,30,2024-12-17T00:00:00,SUBSCRIPTION_END,False,False,FULL_OBSERVED_JOURNEY,VALID,8,subscriptions
event_08699d87acbae360,EventInstance,event_08699d87acbae360,4,2024-04-07T00:00:00,FEATURE,False,False,LANDMARK_60D_JOURNEY,VALID,3,feature_usage
event_08af643caac616e9,EventInstance,event_08af643caac616e9,8,2024-08-18T00:00:00,SUBSCRIPTION_START,False,False,FULL_OBSERVED_JOURNEY,VALID,2,subscriptions
event_08c71db44acaa482,EventInstance,event_08c71db44acaa482,2,2024-02-28T00:00:00,SUBSCRIPTION_START,True,False,LANDMARK_30D_JOURNEY,VALID,2,subscriptions
event_08ca141a65de17c5,EventInstance,event_08ca141a65de17c5,4,2023-04-02T00:00:00,FEATURE,False,False,LANDMARK_90D_JOURNEY,VALID,3,feature_usage
event_090b28a796a9046b,EventInstance,event_090b28a796a9046b,6,2024-09-16T00:00:00,SUBSCRIPTION_START,False,False,LANDMARK_90D_JOURNEY,VALID,2,subscriptions
event_09202ff27008dbae,EventInstance,event_09202ff27008dbae,7,2024-06-25T00:00:00,FEATURE,False,False,FULL_OBSERVED_JOURNEY,VALID,3,feature_usage
event_0951e9c14612a218,EventInstance,event_0951e9c14612a218,2,2024-10-18T00:00:00,SUBSCRIPTION_START,False,False,PRE_FIRST_CHURN,VALID,2,subscriptions
event_096ede2f5a158c3b,EventInstance,event_096ede2f5a158c3b,7,2024-09-24T00:00:00,SUBSCRIPTION_START,False,True,FULL_OBSERVED_JOURNEY,VALID_WITH_WARNING,2,subscriptions
event_09989f43e089b533,EventInstance,event_09989f43e089b533,18,2024-09-08T00:00:00,FEATURE,False,False,FULL_OBSERVED_JOURNEY,VALID,3,feature_usage
event_0998e3045d54c46a,EventInstance,event_0998e3045d54c46a,8,2024-12-13T00:00:00,SUBSCRIPTION_START,False,True,FULL_OBSERVED_JOURNEY,VALID_WITH_WARNING,2,subscriptions
event_09a2c265811908f4,EventInstance,event_09a2c265811908f4,2,2023-08-20T00:00:00,FEATURE,False,False,LANDMARK_90D_JOURNEY,VALID,3,feature_usage
event_09a8f3d7d1f138b7,EventInstance,event_09a8f3d7d1f138b7,19,2024-12-06T00:00:00,SUBSCRIPTION_START,False,False,FULL_OBSERVED_JOURNEY,VALID,2,subscriptions
event_09a958d9630246c4,EventInstance,event_09a958d9630246c4,35,2024-09-25T00:00:00,FEATURE,False,False,BETWEEN_RECURRING_CHURNS,VALID,3,feature_usage
event_09d39e721f201c3f,EventInstance,event_09d39e721f201c3f,6,2024-10-16T00:00:00,SUBSCRIPTION_START,False,True,LANDMARK_90D_JOURNEY,VALID_WITH_WARNING,2,subscriptions
event_0a316d600bb4c727,EventInstance,event_0a316d600bb4c727,2,2023-07-31T00:00:00,FEATURE,False,False,LANDMARK_60D_JOURNEY,VALID,3,feature_usage
event_0a3f9be3914579b2,EventInstance,event_0a3f9be3914579b2,14,2024-11-13T00:00:00,SUBSCRIPTION_START,False,False,FULL_OBSERVED_JOURNEY,VALID,2,subscriptions
event_0a42dc8c73e86943,EventInstance,event_0a42dc8c73e86943,4,2024-01-14T00:00:00,SUBSCRIPTION_START,False,False,FULL_OBSERVED_JOURNEY,VALID,2,subscriptions
event_0a4d356d3a02ceff,EventInstance,event_0a4d356d3a02ceff,9,2024-12-07T00:00:00,SUBSCRIPTION_START,False,False,LANDMARK_60D_JOURNEY,VALID,2,subscriptions
event_0a7030e17d5a27a6,EventInstance,event_0a7030e17d5a27a6,2,2023-10-15T00:00:00,SUBSCRIPTION_START,False,False,LANDMARK_90D_JOURNEY,VALID,2,subscriptions
event_0a8bd5c0b2dca7c9,EventInstance,event_0a8bd5c0b2dca7c9,3,2024-10-16T00:00:00,CHURN,True,True,BETWEEN_RECURRING_CHURNS,VALID_WITH_WARNING,6,churn_events
event_0ac313c306639a3e,EventInstance,event_0ac313c306639a3e,7,2024-07-24T00:00:00,SUPPORT_OPEN,False,True,BETWEEN_CHURN_AND_REACTIVATION,VALID_WITH_WARNING,4,support_tickets
event_0ad29a96b2bf40e7,EventInstance,event_0ad29a96b2bf40e7,7,2024-09-11T00:00:00,FEATURE,False,True,LANDMARK_90D_JOURNEY,VALID_WITH_WARNING,3,feature_usage
event_0b10d74cb31edd7d,EventInstance,event_0b10d74cb31edd7d,9,2024-10-20T00:00:00,FEATURE,False,True,FULL_OBSERVED_JOURNEY,VALID_WITH_WARNING,3,feature_usage
event_0b54dec1065b918b,EventInstance,event_0b54dec1065b918b,20,2024-05-05T00:00:00,SUBSCRIPTION_START,False,False,FULL_OBSERVED_JOURNEY,VALID,2,subscriptions
event_0b595a7b7180b2e3,EventInstance,event_0b595a7b7180b2e3,22,2024-06-27T00:00:00,FEATURE,False,False,FULL_OBSERVED_JOURNEY,VALID,3,feature_usage
event_0b5c39ea5efa2414,EventInstance,event_0b5c39ea5efa2414,9,2024-10-20T00:00:00,SUBSCRIPTION_START,False,True,FULL_OBSERVED_JOURNEY,VALID_WITH_WARNING,2,subscriptions
event_0b6dee211a77944f,EventInstance,event_0b6dee211a77944f,23,2024-09-25T00:00:00,FEATURE,False,False,FULL_OBSERVED_JOURNEY,VALID,3,feature_usage
event_0b6f2aeda3384121,EventInstance,event_0b6f2aeda3384121,5,2023-08-14T01:00:00,SUPPORT_CLOSE,True,False,LANDMARK_60D_JOURNEY,VALID,5,support_tickets
event_0b96ce1cd0a2f598,EventInstance,event_0b96ce1cd0a2f598,8,2024-11-26T08:00:00,SUPPORT_CLOSE,False,True,FULL_OBSERVED_JOURNEY,VALID_WITH_WARNING,5,support_tickets
event_0b991376901d3b5c,EventInstance,event_0b991376901d3b5c,32,2024-10-07T00:00:00,FEATURE,False,False,FULL_OBSERVED_JOURNEY,VALID,3,feature_usage
event_0b9f903096063d6c,EventInstance,event_0b9f903096063d6c,3,2024-10-13T00:00:00,SUBSCRIPTION_START,False,False,LANDMARK_60D_JOURNEY,VALID,2,subscriptions
event_0c24b13da90763a7,EventInstance,event_0c24b13da90763a7,12,2024-04-06T00:00:00,FEATURE,False,False,FULL_OBSERVED_JOURNEY,VALID,3,feature_usage
event_0c2bb142cd695661,EventInstance,event_0c2bb142cd695661,24,2024-11-06T00:00:00,SUBSCRIPTION_START,False,False,FULL_OBSERVED_JOURNEY,VALID,2,subscriptions
event_0c2e12f7c575ca8e,EventInstance,event_0c2e12f7c575ca8e,14,2024-11-01T00:00:00,FEATURE,False,True,FULL_OBSERVED_JOURNEY,VALID_WITH_WARNING,3,feature_usage
event_0c4b59a7300eb675,EventInstance,event_0c4b59a7300eb675,51,2024-11-02T00:00:00,FEATURE,False,False,FULL_OBSERVED_JOURNEY,VALID,3,feature_usage
event_0c715160d640010b,EventInstance,event_0c715160d640010b,9,2023-12-01T00:00:00,SUBSCRIPTION_START,False,False,FULL_OBSERVED_JOURNEY,VALID,2,subscriptions
event_0c99eb0b7b83a90b,EventInstance,event_0c99eb0b7b83a90b,13,2024-12-11T00:00:00,FEATURE,False,False,FULL_OBSERVED_JOURNEY,VALID,3,feature_usage
event_0c9cdc170cde7b1a,EventInstance,event_0c9cdc170cde7b1a,7,2024-10-08T00:00:00,SUBSCRIPTION_START,False,False,FULL_OBSERVED_JOURNEY,VALID,2,subscriptions
event_0c9cee60e48933e9,EventInstance,event_0c9cee60e48933e9,3,2024-09-14T00:00:00,SUBSCRIPTION_START,False,False,PRE_FIRST_CHURN,VALID,2,subscriptions
event_0cc320e99f670f54,EventInstance,event_0cc320e99f670f54,19,2024-08-20T22:00:00,SUPPORT_CLOSE,False,True,FULL_OBSERVED_JOURNEY,VALID_WITH_WARNING,5,support_tickets
event_0ccb4f5810fc95eb,EventInstance,event_0ccb4f5810fc95eb,16,2024-09-29T00:00:00,SUBSCRIPTION_START,False,False,FULL_OBSERVED_JOURNEY,VALID,2,subscriptions
event_0cd568cd216795a1,EventInstance,event_0cd568cd216795a1,15,2024-08-20T00:00:00,SUBSCRIPTION_START,False,False,FULL_OBSERVED_JOURNEY,VALID,2,subscriptions
event_0cf573e4ed482cad,EventInstance,event_0cf573e4ed482cad,1,2024-03-06T00:00:00,SUBSCRIPTION_START,True,False,LANDMARK_90D_JOURNEY,VALID,2,subscriptions
event_0cfd80516d31875a,EventInstance,event_0cfd80516d31875a,14,2024-06-11T00:00:00,FEATURE,False,False,FULL_OBSERVED_JOURNEY,VALID,3,feature_usage
event_0d0d165159008f76,EventInstance,event_0d0d165159008f76,8,2024-03-07T00:00:00,SUBSCRIPTION_START,False,False,LANDMARK_90D_JOURNEY,VALID,2,subscriptions
event_0d0ebcf2927695ac,EventInstance,event_0d0ebcf2927695ac,11,2024-10-28T00:00:00,SUBSCRIPTION_START,False,True,LANDMARK_90D_JOURNEY,VALID_WITH_WARNING,2,subscriptions
event_0d39a59c63234ff6,EventInstance,event_0d39a59c63234ff6,3,2024-05-27T00:00:00,SUBSCRIPTION_START,False,True,LANDMARK_90D_JOURNEY,VALID_WITH_WARNING,2,subscriptions
event_0d3e0fed874fb327,EventInstance,event_0d3e0fed874fb327,16,2024-12-13T00:00:00,SUBSCRIPTION_START,True,False,FULL_OBSERVED_JOURNEY,VALID,2,subscriptions
event_0d6645c2f070260d,EventInstance,event_0d6645c2f070260d,15,2023-10-19T00:00:00,FEATURE,False,True,PRE_FIRST_CHURN,VALID_WITH_WARNING,3,feature_usage
event_0d693976ca386f02,EventInstance,event_0d693976ca386f02,29,2024-11-14T00:00:00,FEATURE,False,False,FULL_OBSERVED_JOURNEY,VALID,3,feature_usage
event_0d89dd1d9d3299d1,EventInstance,event_0d89dd1d9d3299d1,23,2024-07-02T00:00:00,SUBSCRIPTION_START,False,False,FULL_OBSERVED_JOURNEY,VALID,2,subscriptions
event_0d930f0fe039553d,EventInstance,event_0d930f0fe039553d,37,2024-12-18T00:00:00,FEATURE,False,False,FULL_OBSERVED_JOURNEY,VALID,3,feature_usage
event_0db0ffa9d7c8600e,EventInstance,event_0db0ffa9d7c8600e,33,2024-12-26T14:00:00,SUPPORT_CLOSE,True,True,FULL_OBSERVED_JOURNEY,VALID_WITH_WARNING,5,support_tickets
event_0dc2a680f8455f22,EventInstance,event_0dc2a680f8455f22,6,2024-01-05T00:00:00,SUBSCRIPTION_START,False,False,FULL_OBSERVED_JOURNEY,VALID,2,subscriptions
event_0dc6f34234a7627c,EventInstance,event_0dc6f34234a7627c,14,2024-05-02T00:00:00,SUBSCRIPTION_START,False,False,FULL_OBSERVED_JOURNEY,VALID,2,subscriptions
event_0dfa0166838699be,EventInstance,event_0dfa0166838699be,1,2024-07-20T00:00:00,ACCOUNT,True,True,FULL_OBSERVED_JOURNEY,VALID_WITH_WARNING,1,accounts
event_0e2157c9e914224e,EventInstance,event_0e2157c9e914224e,1,2024-03-28T00:00:00,ACCOUNT,True,False,FULL_OBSERVED_JOURNEY,VALID,1,accounts
event_0e25161d45dca080,EventInstance,event_0e25161d45dca080,13,2024-06-05T00:00:00,FEATURE,False,False,FULL_OBSERVED_JOURNEY,VALID,3,feature_usage
event_0e2cd246efc12b05,EventInstance,event_0e2cd246efc12b05,56,2024-12-08T00:00:00,FEATURE,False,False,FULL_OBSERVED_JOURNEY,VALID,3,feature_usage
event_0e3bba79960d11d1,EventInstance,event_0e3bba79960d11d1,2,2024-08-03T00:00:00,FEATURE,False,False,LANDMARK_60D_JOURNEY,VALID,3,feature_usage
event_0e57237152306a4e,EventInstance,event_0e57237152306a4e,3,2024-01-18T00:00:00,CHURN,True,False,PRE_FIRST_CHURN,VALID,6,churn_events
event_0e62bdbb2db76135,EventInstance,event_0e62bdbb2db76135,15,2024-03-24T00:00:00,FEATURE,False,False,FULL_OBSERVED_JOURNEY,VALID,3,feature_usage
event_0e689e903a1a334f,EventInstance,event_0e689e903a1a334f,10,2024-02-09T00:00:00,FEATURE,False,False,FULL_OBSERVED_JOURNEY,VALID,3,feature_usage
event_0e812c3080625d28,EventInstance,event_0e812c3080625d28,4,2024-09-17T00:00:00,SUBSCRIPTION_START,False,False,PRE_FIRST_CHURN,VALID,2,subscriptions
event_0e8880aa70315d4f,EventInstance,event_0e8880aa70315d4f,8,2024-09-13T00:00:00,SUBSCRIPTION_START,False,False,BETWEEN_RECURRING_CHURNS,VALID,2,subscriptions
event_0eb3b2b6b2830591,EventInstance,event_0eb3b2b6b2830591,58,2024-12-24T00:00:00,FEATURE,True,False,FULL_OBSERVED_JOURNEY,VALID,3,feature_usage
event_0ebed9aa5efaccea,EventInstance,event_0ebed9aa5efaccea,7,2024-07-25T00:00:00,SUBSCRIPTION_START,False,False,LANDMARK_90D_JOURNEY,VALID,2,subscriptions
event_0ec383b49cc01405,EventInstance,event_0ec383b49cc01405,1,2023-12-05T00:00:00,ACCOUNT,True,False,FULL_OBSERVED_JOURNEY,VALID,1,accounts
event_0ede9190411fdbf6,EventInstance,event_0ede9190411fdbf6,16,2024-12-26T00:00:00,CHURN,True,True,PRE_FIRST_CHURN,VALID_WITH_WARNING,6,churn_events
event_0f1b3d1a9195c802,EventInstance,event_0f1b3d1a9195c802,2,2023-04-05T00:00:00,SUBSCRIPTION_END,False,False,LANDMARK_30D_JOURNEY,VALID,8,subscriptions
event_0f4f666a7fe0ab2f,EventInstance,event_0f4f666a7fe0ab2f,6,2024-11-20T00:00:00,SUBSCRIPTION_START,False,False,LANDMARK_90D_JOURNEY,VALID,2,subscriptions
event_0f6b15f529b3f092,EventInstance,event_0f6b15f529b3f092,3,2024-03-08T00:00:00,SUPPORT_OPEN,False,False,LANDMARK_90D_JOURNEY,VALID,4,support_tickets
event_0f99c20677589ee7,EventInstance,event_0f99c20677589ee7,13,2024-04-18T00:00:00,SUPPORT_OPEN,False,False,PRE_FIRST_CHURN,VALID,4,support_tickets
event_0faa2897add600fe,EventInstance,event_0faa2897add600fe,17,2024-08-08T00:00:00,SUBSCRIPTION_START,False,False,FULL_OBSERVED_JOURNEY,VALID,2,subscriptions
event_0facbd902e946ea0,EventInstance,event_0facbd902e946ea0,21,2024-05-21T00:00:00,SUBSCRIPTION_START,False,False,FULL_OBSERVED_JOURNEY,VALID,2,subscriptions
event_0fe2c4c838371757,EventInstance,event_0fe2c4c838371757,12,2024-06-30T00:00:00,FEATURE,False,False,FULL_OBSERVED_JOURNEY,VALID,3,feature_usage
event_10424923f5b98a87,EventInstance,event_10424923f5b98a87,11,2024-12-04T00:00:00,FEATURE,False,False,FULL_OBSERVED_JOURNEY,VALID,3,feature_usage
event_1049a4a1fc1f27b9,EventInstance,event_1049a4a1fc1f27b9,6,2023-07-19T03:00:00,SUPPORT_CLOSE,False,False,FULL_OBSERVED_JOURNEY,VALID,5,support_tickets
event_1052d279e8787a14,EventInstance,event_1052d279e8787a14,4,2024-09-26T00:00:00,SUBSCRIPTION_START,False,False,FULL_OBSERVED_JOURNEY,VALID,2,subscriptions
event_10680c229160962e,EventInstance,event_10680c229160962e,1,2024-08-10T00:00:00,SUBSCRIPTION_START,True,False,LANDMARK_60D_JOURNEY,VALID,2,subscriptions
event_106d942ed3b8678a,EventInstance,event_106d942ed3b8678a,15,2024-05-07T00:00:00,FEATURE,False,False,FULL_OBSERVED_JOURNEY,VALID,3,feature_usage
event_10792d69c9109d82,EventInstance,event_10792d69c9109d82,7,2024-07-11T00:00:00,FEATURE,False,False,PRE_FIRST_CHURN,VALID,3,feature_usage
event_108664a654c420e1,EventInstance,event_108664a654c420e1,8,2024-11-06T00:00:00,SUBSCRIPTION_END,False,False,LANDMARK_60D_JOURNEY,VALID,8,subscriptions
event_108d76baeecffb23,EventInstance,event_108d76baeecffb23,3,2024-09-07T00:00:00,FEATURE,False,False,LANDMARK_60D_JOURNEY,VALID,3,feature_usage
event_109433c3036dcbe9,EventInstance,event_109433c3036dcbe9,11,2023-08-16T00:00:00,SUPPORT_OPEN,False,False,PRE_FIRST_CHURN,VALID,4,support_tickets
event_1099f8ea4d3e0b10,EventInstance,event_1099f8ea4d3e0b10,13,2024-07-15T00:00:00,SUBSCRIPTION_START,False,False,FULL_OBSERVED_JOURNEY,VALID,2,subscriptions
event_10bf55ac3fe2404f,EventInstance,event_10bf55ac3fe2404f,27,2024-10-23T00:00:00,FEATURE,False,False,FULL_OBSERVED_JOURNEY,VALID,3,feature_usage
event_10c25c38928de2f6,EventInstance,event_10c25c38928de2f6,4,2023-06-18T00:00:00,FEATURE,True,False,LANDMARK_90D_JOURNEY,VALID,3,feature_usage
event_10c8ad8cadbca7b1,EventInstance,event_10c8ad8cadbca7b1,4,2023-08-23T00:00:00,FEATURE,True,False,LANDMARK_60D_JOURNEY,VALID,3,feature_usage
event_10e4116f51259945,EventInstance,event_10e4116f51259945,20,2024-09-17T00:00:00,SUBSCRIPTION_START,False,False,FULL_OBSERVED_JOURNEY,VALID,2,subscriptions
event_10eccb18af16715d,EventInstance,event_10eccb18af16715d,16,2024-12-08T00:00:00,SUPPORT_OPEN,False,False,PRE_FIRST_CHURN,VALID,4,support_tickets
event_10f552f44072fd79,EventInstance,event_10f552f44072fd79,8,2024-10-18T00:00:00,SUBSCRIPTION_START,False,False,PRE_FIRST_CHURN,VALID,2,subscriptions
event_110681a641bfbfeb,EventInstance,event_110681a641bfbfeb,7,2023-05-06T00:00:00,FEATURE,True,False,LANDMARK_60D_JOURNEY,VALID,3,feature_usage
event_115295b0b489af03,EventInstance,event_115295b0b489af03,4,2023-09-03T00:00:00,REACTIVATION,True,True,BETWEEN_RECURRING_CHURNS,VALID_WITH_WARNING,7,churn_events
event_1168fe5139bf0537,EventInstance,event_1168fe5139bf0537,4,2024-09-24T00:00:00,SUBSCRIPTION_START,False,False,FULL_OBSERVED_JOURNEY,VALID,2,subscriptions
event_1177c0f3c502b62d,EventInstance,event_1177c0f3c502b62d,2,2023-12-12T00:00:00,SUBSCRIPTION_START,False,False,FULL_OBSERVED_JOURNEY,VALID,2,subscriptions
event_118475def5426aac,EventInstance,event_118475def5426aac,24,2024-10-01T00:00:00,FEATURE,False,False,FULL_OBSERVED_JOURNEY,VALID,3,feature_usage
event_11a96f71b3a699b2,EventInstance,event_11a96f71b3a699b2,6,2024-07-09T00:00:00,FEATURE,False,False,LANDMARK_90D_JOURNEY,VALID,3,feature_usage
event_11beae31aa2b9f21,EventInstance,event_11beae31aa2b9f21,37,2024-11-01T00:00:00,SUBSCRIPTION_START,False,False,FULL_OBSERVED_JOURNEY,VALID,2,subscriptions
event_121b495edbf0e3d5,EventInstance,event_121b495edbf0e3d5,2,2023-04-04T00:00:00,SUBSCRIPTION_START,False,False,FULL_OBSERVED_JOURNEY,VALID,2,subscriptions
event_122cdd1e738db791,EventInstance,event_122cdd1e738db791,22,2024-10-09T00:00:00,FEATURE,False,False,FULL_OBSERVED_JOURNEY,VALID,3,feature_usage
event_12334dd58f145b5b,EventInstance,event_12334dd58f145b5b,2,2024-08-29T00:00:00,FEATURE,False,False,LANDMARK_60D_JOURNEY,VALID,3,feature_usage
event_12414e70ee6244de,EventInstance,event_12414e70ee6244de,8,2023-11-15T00:00:00,SUBSCRIPTION_START,False,False,FULL_OBSERVED_JOURNEY,VALID,2,subscriptions
event_126a730710d9ecc8,EventInstance,event_126a730710d9ecc8,3,2024-11-26T00:00:00,SUBSCRIPTION_START,False,False,PRE_FIRST_CHURN,VALID,2,subscriptions
event_126bc79ee522f9f5,EventInstance,event_126bc79ee522f9f5,5,2023-10-28T00:00:00,FEATURE,True,False,LANDMARK_90D_JOURNEY,VALID,3,feature_usage
event_126fb4bbb9ae9e64,EventInstance,event_126fb4bbb9ae9e64,12,2024-12-17T00:00:00,FEATURE,False,True,FULL_OBSERVED_JOURNEY,VALID_WITH_WARNING,3,feature_usage
event_1278abe91e0b187f,EventInstance,event_1278abe91e0b187f,4,2024-10-03T00:00:00,SUBSCRIPTION_START,False,False,LANDMARK_30D_JOURNEY,VALID,2,subscriptions
event_12c1e4b83d5e5705,EventInstance,event_12c1e4b83d5e5705,4,2024-12-01T00:00:00,SUBSCRIPTION_START,False,False,LANDMARK_30D_JOURNEY,VALID,2,subscriptions
event_12e0168ced64b4f3,EventInstance,event_12e0168ced64b4f3,5,2024-10-23T00:00:00,SUBSCRIPTION_START,False,False,LANDMARK_60D_JOURNEY,VALID,2,subscriptions
event_12e2b0ae7431203c,EventInstance,event_12e2b0ae7431203c,3,2024-04-25T00:00:00,SUBSCRIPTION_START,False,False,PRE_FIRST_CHURN,VALID,2,subscriptions
event_12f93c722c005692,EventInstance,event_12f93c722c005692,7,2024-08-22T00:00:00,SUBSCRIPTION_START,False,False,FULL_OBSERVED_JOURNEY,VALID,2,subscriptions
event_1360deb6649e81ef,EventInstance,event_1360deb6649e81ef,5,2024-12-28T00:00:00,SUBSCRIPTION_START,False,True,FULL_OBSERVED_JOURNEY,VALID_WITH_WARNING,2,subscriptions
event_13613fac0882d23f,EventInstance,event_13613fac0882d23f,13,2024-03-01T00:00:00,SUBSCRIPTION_END,False,False,FULL_OBSERVED_JOURNEY,VALID,8,subscriptions
event_136549665e8d8249,EventInstance,event_136549665e8d8249,3,2024-12-10T00:00:00,SUBSCRIPTION_START,False,False,FULL_OBSERVED_JOURNEY,VALID,2,subscriptions
event_13724178936d1afa,EventInstance,event_13724178936d1afa,3,2023-11-02T12:00:00,SUPPORT_CLOSE,False,False,LANDMARK_30D_JOURNEY,VALID,5,support_tickets
event_137fd34f079b9ca4,EventInstance,event_137fd34f079b9ca4,5,2024-07-14T00:00:00,SUBSCRIPTION_START,False,False,FULL_OBSERVED_JOURNEY,VALID,2,subscriptions
event_1381ef5334904c14,EventInstance,event_1381ef5334904c14,3,2024-08-02T00:00:00,FEATURE,False,False,FULL_OBSERVED_JOURNEY,VALID,3,feature_usage
event_1393f39405e88bbd,EventInstance,event_1393f39405e88bbd,5,2024-09-24T00:00:00,SUBSCRIPTION_START,False,False,LANDMARK_30D_JOURNEY,VALID,2,subscriptions
event_1399abdd2b57198a,EventInstance,event_1399abdd2b57198a,13,2024-12-30T00:00:00,SUBSCRIPTION_START,True,False,FULL_OBSERVED_JOURNEY,VALID,2,subscriptions
event_13b5eec8abff119a,EventInstance,event_13b5eec8abff119a,21,2024-06-17T00:00:00,CHURN,True,True,FULL_OBSERVED_JOURNEY,VALID_WITH_WARNING,6,churn_events
event_13b921ecf81aad5a,EventInstance,event_13b921ecf81aad5a,11,2024-06-06T00:00:00,SUBSCRIPTION_START,False,False,PRE_FIRST_CHURN,VALID,2,subscriptions
event_13dd5f4d484ff456,EventInstance,event_13dd5f4d484ff456,1,2024-06-16T00:00:00,ACCOUNT,True,False,FULL_OBSERVED_JOURNEY,VALID,1,accounts
event_13e8dafe9cc53b77,EventInstance,event_13e8dafe9cc53b77,6,2024-04-03T00:00:00,SUBSCRIPTION_START,False,False,FULL_OBSERVED_JOURNEY,VALID,2,subscriptions
event_13ee83e9db765552,EventInstance,event_13ee83e9db765552,26,2024-10-08T00:00:00,FEATURE,False,False,FULL_OBSERVED_JOURNEY,VALID,3,feature_usage
event_144a829a8ca67ee8,EventInstance,event_144a829a8ca67ee8,1,2024-08-24T00:00:00,SUBSCRIPTION_START,True,False,LANDMARK_30D_JOURNEY,VALID,2,subscriptions
event_1453054d9fca3ef6,EventInstance,event_1453054d9fca3ef6,3,2024-08-09T00:00:00,SUBSCRIPTION_START,False,True,PRE_FIRST_CHURN,VALID_WITH_WARNING,2,subscriptions
event_145518b4514f626d,EventInstance,event_145518b4514f626d,4,2024-05-24T00:00:00,SUBSCRIPTION_START,False,True,LANDMARK_60D_JOURNEY,VALID_WITH_WARNING,2,subscriptions
event_147db601d435ef30,EventInstance,event_147db601d435ef30,2,2024-04-01T00:00:00,SUBSCRIPTION_START,False,True,LANDMARK_60D_JOURNEY,VALID_WITH_WARNING,2,subscriptions
event_147f41e0116b9b7b,EventInstance,event_147f41e0116b9b7b,1,2024-11-30T00:00:00,SUBSCRIPTION_START,True,False,LANDMARK_30D_JOURNEY,VALID,2,subscriptions
event_14851fbec1fb111a,EventInstance,event_14851fbec1fb111a,16,2024-12-18T00:00:00,SUBSCRIPTION_START,False,True,FULL_OBSERVED_JOURNEY,VALID_WITH_WARNING,2,subscriptions
event_14b996889cb3b7e0,EventInstance,event_14b996889cb3b7e0,5,2024-11-13T00:00:00,SUBSCRIPTION_START,False,False,LANDMARK_90D_JOURNEY,VALID,2,subscriptions
event_14d3fb6c1eb292c8,EventInstance,event_14d3fb6c1eb292c8,3,2024-11-13T00:00:00,SUBSCRIPTION_START,False,False,BETWEEN_RECURRING_CHURNS,VALID,2,subscriptions
event_14dfa38e924d271d,EventInstance,event_14dfa38e924d271d,1,2023-12-10T00:00:00,SUBSCRIPTION_START,True,False,LANDMARK_60D_JOURNEY,VALID,2,subscriptions
event_14ef60900d4fb759,EventInstance,event_14ef60900d4fb759,16,2024-10-14T05:00:00,SUPPORT_CLOSE,False,True,FULL_OBSERVED_JOURNEY,VALID_WITH_WARNING,5,support_tickets
event_1514c383bc98f82e,EventInstance,event_1514c383bc98f82e,1,2023-10-20T00:00:00,ACCOUNT,True,False,FULL_OBSERVED_JOURNEY,VALID,1,accounts
event_1520a9e8757e7e0b,EventInstance,event_1520a9e8757e7e0b,30,2024-09-26T00:00:00,SUBSCRIPTION_START,False,False,FULL_OBSERVED_JOURNEY,VALID,2,subscriptions
event_1528c7c6a7d1c876,EventInstance,event_1528c7c6a7d1c876,35,2024-10-21T00:00:00,SUBSCRIPTION_START,False,False,FULL_OBSERVED_JOURNEY,VALID,2,subscriptions
event_1537a28fda943d17,EventInstance,event_1537a28fda943d17,14,2024-07-06T00:00:00,SUPPORT_OPEN,False,False,FULL_OBSERVED_JOURNEY,VALID,4,support_tickets
event_153ce91eab0a7dec,EventInstance,event_153ce91eab0a7dec,8,2024-03-08T00:00:00,SUBSCRIPTION_START,False,False,BETWEEN_RECURRING_CHURNS,VALID,2,subscriptions
event_1556bea2530ca366,EventInstance,event_1556bea2530ca366,27,2024-10-30T00:00:00,FEATURE,False,False,FULL_OBSERVED_JOURNEY,VALID,3,feature_usage
event_157c9c4d84802e88,EventInstance,event_157c9c4d84802e88,2,2023-09-18T00:00:00,FEATURE,False,False,LANDMARK_60D_JOURNEY,VALID,3,feature_usage
event_158819b5ee95e8bc,EventInstance,event_158819b5ee95e8bc,2,2023-10-14T00:00:00,SUBSCRIPTION_START,False,False,FULL_OBSERVED_JOURNEY,VALID,2,subscriptions
event_158ce808c7027f89,EventInstance,event_158ce808c7027f89,36,2024-11-03T00:00:00,SUBSCRIPTION_END,False,False,FULL_OBSERVED_JOURNEY,VALID,8,subscriptions
event_15928f616a6a0aac,EventInstance,event_15928f616a6a0aac,3,2024-08-04T02:00:00,SUPPORT_CLOSE,False,False,FULL_OBSERVED_JOURNEY,VALID,5,support_tickets
event_15b386f5099482cb,EventInstance,event_15b386f5099482cb,6,2024-08-29T00:00:00,SUBSCRIPTION_START,False,False,LANDMARK_90D_JOURNEY,VALID,2,subscriptions
event_15c47f2ac7570b96,EventInstance,event_15c47f2ac7570b96,16,2024-06-20T00:00:00,FEATURE,False,False,FULL_OBSERVED_JOURNEY,VALID,3,feature_usage
event_16242770f4e93886,EventInstance,event_16242770f4e93886,5,2024-02-07T00:00:00,SUBSCRIPTION_START,True,False,LANDMARK_90D_JOURNEY,VALID,2,subscriptions
event_162acd2d834d9203,EventInstance,event_162acd2d834d9203,25,2024-06-27T00:00:00,FEATURE,False,False,FULL_OBSERVED_JOURNEY,VALID,3,feature_usage
event_162c4975ab4e6af2,EventInstance,event_162c4975ab4e6af2,13,2024-11-06T00:00:00,FEATURE,False,False,PRE_FIRST_CHURN,VALID,3,feature_usage
event_16305c36b504cb68,EventInstance,event_16305c36b504cb68,19,2024-03-05T00:00:00,SUPPORT_OPEN,False,True,BETWEEN_RECURRING_CHURNS,VALID_WITH_WARNING,4,support_tickets
event_1684cdb838a8a09c,EventInstance,event_1684cdb838a8a09c,1,2024-09-21T00:00:00,SUBSCRIPTION_START,True,False,LANDMARK_90D_JOURNEY,VALID,2,subscriptions
event_16c3efde67122510,EventInstance,event_16c3efde67122510,3,2023-03-28T00:00:00,SUBSCRIPTION_START,False,False,LANDMARK_90D_JOURNEY,VALID,2,subscriptions
event_16e72dff0895dbb9,EventInstance,event_16e72dff0895dbb9,33,2024-12-04T00:00:00,SUBSCRIPTION_START,False,False,FULL_OBSERVED_JOURNEY,VALID,2,subscriptions
event_16ee4985d7bd62d6,EventInstance,event_16ee4985d7bd62d6,1,2024-10-16T00:00:00,ACCOUNT,True,False,PRE_FIRST_CHURN,VALID,1,accounts
event_170396d47f0752c9,EventInstance,event_170396d47f0752c9,17,2024-08-08T00:00:00,FEATURE,False,False,FULL_OBSERVED_JOURNEY,VALID,3,feature_usage
event_1722f3731ad7d592,EventInstance,event_1722f3731ad7d592,8,2024-09-10T00:00:00,FEATURE,False,False,PRE_FIRST_CHURN,VALID,3,feature_usage
event_172830b04a17ca58,EventInstance,event_172830b04a17ca58,6,2024-09-15T00:00:00,SUBSCRIPTION_START,True,False,LANDMARK_60D_JOURNEY,VALID,2,subscriptions
event_172d5c5b2c45bdd5,EventInstance,event_172d5c5b2c45bdd5,9,2024-08-28T00:00:00,SUBSCRIPTION_START,False,False,FULL_OBSERVED_JOURNEY,VALID,2,subscriptions
event_174eb13e6255fd13,EventInstance,event_174eb13e6255fd13,21,2024-10-20T00:00:00,FEATURE,False,False,FULL_OBSERVED_JOURNEY,VALID,3,feature_usage
event_1770f9cb7a9bb0e0,EventInstance,event_1770f9cb7a9bb0e0,16,2024-07-16T00:00:00,FEATURE,False,False,FULL_OBSERVED_JOURNEY,VALID,3,feature_usage
event_1778a71af7209e01,EventInstance,event_1778a71af7209e01,5,2024-08-15T23:00:00,SUPPORT_CLOSE,False,False,LANDMARK_60D_JOURNEY,VALID,5,support_tickets
event_177fca81e56685ef,EventInstance,event_177fca81e56685ef,16,2024-06-27T00:00:00,SUBSCRIPTION_START,False,False,FULL_OBSERVED_JOURNEY,VALID,2,subscriptions
event_17aa6165c3d5e06a,EventInstance,event_17aa6165c3d5e06a,5,2024-09-01T00:00:00,FEATURE,False,True,BETWEEN_RECURRING_CHURNS,VALID_WITH_WARNING,3,feature_usage
event_17cb755ac55c449d,EventInstance,event_17cb755ac55c449d,4,2024-01-08T00:00:00,SUBSCRIPTION_START,False,False,FULL_OBSERVED_JOURNEY,VALID,2,subscriptions
event_17e1b1074433255d,EventInstance,event_17e1b1074433255d,2,2023-01-12T00:00:00,SUBSCRIPTION_START,False,False,PRE_FIRST_CHURN,VALID,2,subscriptions
event_180398eb6d929bf1,EventInstance,event_180398eb6d929bf1,4,2024-08-27T00:00:00,CHURN,True,False,LANDMARK_60D_JOURNEY,VALID,6,churn_events
event_181a87f7d1f1a2ba,EventInstance,event_181a87f7d1f1a2ba,17,2024-08-06T00:00:00,FEATURE,False,False,FULL_OBSERVED_JOURNEY,VALID,3,feature_usage
event_182ea6255976e091,EventInstance,event_182ea6255976e091,4,2024-10-17T00:00:00,SUBSCRIPTION_START,False,False,BETWEEN_RECURRING_CHURNS,VALID,2,subscriptions
event_184d80e32fbfea28,EventInstance,event_184d80e32fbfea28,41,2024-10-22T00:00:00,FEATURE,False,False,FULL_OBSERVED_JOURNEY,VALID,3,feature_usage
event_1859b31a2e6e2ab7,EventInstance,event_1859b31a2e6e2ab7,17,2024-10-20T00:00:00,SUBSCRIPTION_START,False,True,FULL_OBSERVED_JOURNEY,VALID_WITH_WARNING,2,subscriptions
event_1860457a96a948c9,EventInstance,event_1860457a96a948c9,8,2024-04-30T00:00:00,SUBSCRIPTION_START,False,False,LANDMARK_60D_JOURNEY,VALID,2,subscriptions
event_187e1c33c54a374f,EventInstance,event_187e1c33c54a374f,5,2024-02-05T00:00:00,FEATURE,False,False,FULL_OBSERVED_JOURNEY,VALID,3,feature_usage
event_1889fb315ee5cbc1,EventInstance,event_1889fb315ee5cbc1,9,2024-03-29T13:00:00,SUPPORT_CLOSE,False,True,FULL_OBSERVED_JOURNEY,VALID_WITH_WARNING,5,support_tickets
event_189bc512d5eff48c,EventInstance,event_189bc512d5eff48c,1,2024-09-11T00:00:00,SUBSCRIPTION_START,True,False,LANDMARK_90D_JOURNEY,VALID,2,subscriptions
event_189d352d0f98d935,EventInstance,event_189d352d0f98d935,3,2024-12-10T00:00:00,SUBSCRIPTION_START,False,True,FULL_OBSERVED_JOURNEY,VALID_WITH_WARNING,2,subscriptions
event_189df01f4be19642,EventInstance,event_189df01f4be19642,37,2024-09-30T22:00:00,SUPPORT_CLOSE,False,True,FULL_OBSERVED_JOURNEY,VALID_WITH_WARNING,5,support_tickets
event_18d4c57d0fec0428,EventInstance,event_18d4c57d0fec0428,22,2024-08-01T00:00:00,FEATURE,False,False,FULL_OBSERVED_JOURNEY,VALID,3,feature_usage
event_18dea75bd36ddccb,EventInstance,event_18dea75bd36ddccb,9,2024-04-12T00:00:00,SUBSCRIPTION_START,False,False,FULL_OBSERVED_JOURNEY,VALID,2,subscriptions
event_1903a9bbc29bc53f,EventInstance,event_1903a9bbc29bc53f,6,2024-10-05T00:00:00,SUBSCRIPTION_START,False,True,PRE_FIRST_CHURN,VALID_WITH_WARNING,2,subscriptions
event_1927a1636f2c1460,EventInstance,event_1927a1636f2c1460,20,2024-08-01T00:00:00,CHURN,True,True,PRE_FIRST_CHURN,VALID_WITH_WARNING,6,churn_events
event_1945e73e5408c795,EventInstance,event_1945e73e5408c795,13,2024-05-17T00:00:00,SUBSCRIPTION_START,False,False,FULL_OBSERVED_JOURNEY,VALID,2,subscriptions
event_1977b90415349dfa,EventInstance,event_1977b90415349dfa,1,2024-11-16T00:00:00,SUBSCRIPTION_START,True,False,LANDMARK_30D_JOURNEY,VALID,2,subscriptions
event_19a308c2651d9075,EventInstance,event_19a308c2651d9075,26,2024-09-23T00:00:00,SUBSCRIPTION_END,False,False,FULL_OBSERVED_JOURNEY,VALID,8,subscriptions
event_19e6952619bec0e6,EventInstance,event_19e6952619bec0e6,6,2023-06-02T00:00:00,SUPPORT_OPEN,False,False,FULL_OBSERVED_JOURNEY,VALID,4,support_tickets
event_19ffdf748e871566,EventInstance,event_19ffdf748e871566,26,2024-12-09T00:00:00,FEATURE,False,False,FULL_OBSERVED_JOURNEY,VALID,3,feature_usage
event_1a2eaccd411c5b5a,EventInstance,event_1a2eaccd411c5b5a,1,2023-08-14T00:00:00,SUBSCRIPTION_START,True,False,LANDMARK_60D_JOURNEY,VALID,2,subscriptions
event_1a30bc5feebf43c1,EventInstance,event_1a30bc5feebf43c1,1,2024-02-15T00:00:00,ACCOUNT,True,False,FULL_OBSERVED_JOURNEY,VALID,1,accounts
event_1a9008a2b12cb7e7,EventInstance,event_1a9008a2b12cb7e7,30,2024-11-23T00:00:00,FEATURE,False,False,FULL_OBSERVED_JOURNEY,VALID,3,feature_usage
event_1ab2961b17fdbea8,EventInstance,event_1ab2961b17fdbea8,6,2024-02-28T20:00:00,SUPPORT_CLOSE,False,False,LANDMARK_60D_JOURNEY,VALID,5,support_tickets
event_1aeec5b392e5277b,EventInstance,event_1aeec5b392e5277b,2,2024-06-05T00:00:00,SUPPORT_OPEN,False,True,LANDMARK_60D_JOURNEY,VALID_WITH_WARNING,4,support_tickets
event_1b204e93374712cf,EventInstance,event_1b204e93374712cf,10,2024-10-30T00:00:00,SUBSCRIPTION_START,False,False,LANDMARK_90D_JOURNEY,VALID,2,subscriptions
event_1b2968b98b4ea9e8,EventInstance,event_1b2968b98b4ea9e8,24,2024-09-25T00:00:00,FEATURE,False,False,FULL_OBSERVED_JOURNEY,VALID,3,feature_usage
event_1b34b64e78a4a594,EventInstance,event_1b34b64e78a4a594,28,2024-12-07T00:00:00,FEATURE,False,False,FULL_OBSERVED_JOURNEY,VALID,3,feature_usage
event_1b611dd7b967cde2,EventInstance,event_1b611dd7b967cde2,3,2024-04-05T00:00:00,SUBSCRIPTION_START,False,False,FULL_OBSERVED_JOURNEY,VALID,2,subscriptions
event_1b86b46f0e943a50,EventInstance,event_1b86b46f0e943a50,2,2024-07-22T00:00:00,SUBSCRIPTION_START,False,False,FULL_OBSERVED_JOURNEY,VALID,2,subscriptions
event_1b9d672eb83b1904,EventInstance,event_1b9d672eb83b1904,34,2024-12-09T00:00:00,SUBSCRIPTION_START,False,False,FULL_OBSERVED_JOURNEY,VALID,2,subscriptions
event_1b9ff37616e225ce,EventInstance,event_1b9ff37616e225ce,1,2024-05-28T00:00:00,SUBSCRIPTION_START,True,False,LANDMARK_60D_JOURNEY,VALID,2,subscriptions
event_1baa73978a306407,EventInstance,event_1baa73978a306407,5,2024-06-27T00:00:00,SUBSCRIPTION_START,True,True,LANDMARK_60D_JOURNEY,VALID_WITH_WARNING,2,subscriptions
event_1bbc5010db1db11a,EventInstance,event_1bbc5010db1db11a,17,2024-09-03T00:00:00,FEATURE,False,False,FULL_OBSERVED_JOURNEY,VALID,3,feature_usage
event_1bd5fe4918e27470,EventInstance,event_1bd5fe4918e27470,4,2024-10-05T00:00:00,FEATURE,True,False,LANDMARK_60D_JOURNEY,VALID,3,feature_usage
event_1bdf6de4c12a45c0,EventInstance,event_1bdf6de4c12a45c0,20,2024-07-10T00:00:00,SUBSCRIPTION_START,False,False,FULL_OBSERVED_JOURNEY,VALID,2,subscriptions
event_1bfd730231195099,EventInstance,event_1bfd730231195099,36,2024-10-28T00:00:00,SUBSCRIPTION_START,False,False,FULL_OBSERVED_JOURNEY,VALID,2,subscriptions
event_1c01ba10acaec17c,EventInstance,event_1c01ba10acaec17c,2,2024-09-09T00:00:00,FEATURE,False,False,LANDMARK_90D_JOURNEY,VALID,3,feature_usage
event_1c060d4ea9d72228,EventInstance,event_1c060d4ea9d72228,7,2024-04-26T00:00:00,FEATURE,False,False,LANDMARK_60D_JOURNEY,VALID,3,feature_usage
event_1c08e8c63b40cbd4,EventInstance,event_1c08e8c63b40cbd4,20,2024-07-13T00:00:00,FEATURE,False,False,FULL_OBSERVED_JOURNEY,VALID,3,feature_usage
event_1c16ee257c34f44b,EventInstance,event_1c16ee257c34f44b,13,2024-10-24T00:00:00,SUBSCRIPTION_START,False,False,FULL_OBSERVED_JOURNEY,VALID,2,subscriptions
event_1c24368e5efd6ff5,EventInstance,event_1c24368e5efd6ff5,9,2024-11-17T00:00:00,SUBSCRIPTION_START,False,False,PRE_FIRST_CHURN,VALID,2,subscriptions
event_1c446f323d39e128,EventInstance,event_1c446f323d39e128,8,2024-11-26T00:00:00,SUBSCRIPTION_START,False,False,LANDMARK_90D_JOURNEY,VALID,2,subscriptions
event_1c48bb25671cc804,EventInstance,event_1c48bb25671cc804,2,2024-08-27T00:00:00,SUBSCRIPTION_START,True,False,LANDMARK_30D_JOURNEY,VALID,2,subscriptions
event_1c590ec1cd950958,EventInstance,event_1c590ec1cd950958,11,2024-10-03T00:00:00,CHURN,True,True,BETWEEN_RECURRING_CHURNS,VALID_WITH_WARNING,6,churn_events
event_1c64554d90838b4d,EventInstance,event_1c64554d90838b4d,18,2024-12-23T00:00:00,FEATURE,False,False,FULL_OBSERVED_JOURNEY,VALID,3,feature_usage
event_1c77dacbe2531266,EventInstance,event_1c77dacbe2531266,3,2023-03-07T00:00:00,FEATURE,False,True,PRE_FIRST_CHURN,VALID_WITH_WARNING,3,feature_usage
event_1c7b02cd6b115342,EventInstance,event_1c7b02cd6b115342,7,2024-09-22T00:00:00,SUBSCRIPTION_START,False,False,LANDMARK_90D_JOURNEY,VALID,2,subscriptions
event_1c7b3e30257bf12b,EventInstance,event_1c7b3e30257bf12b,9,2024-07-23T00:00:00,FEATURE,False,False,LANDMARK_90D_JOURNEY,VALID,3,feature_usage
event_1c7ffe42fda7bf8a,EventInstance,event_1c7ffe42fda7bf8a,9,2024-09-23T20:00:00,SUPPORT_CLOSE,False,True,FULL_OBSERVED_JOURNEY,VALID_WITH_WARNING,5,support_tickets
event_1c86d6a6c610ae4d,EventInstance,event_1c86d6a6c610ae4d,26,2024-05-07T23:00:00,SUPPORT_CLOSE,False,True,BETWEEN_RECURRING_CHURNS,VALID_WITH_WARNING,5,support_tickets
event_1cc6025cf29089e4,EventInstance,event_1cc6025cf29089e4,2,2023-11-20T00:00:00,SUBSCRIPTION_START,False,False,LANDMARK_90D_JOURNEY,VALID,2,subscriptions
event_1cfc8f3b8290bc69,EventInstance,event_1cfc8f3b8290bc69,8,2023-09-04T19:00:00,SUPPORT_CLOSE,False,True,FULL_OBSERVED_JOURNEY,VALID_WITH_WARNING,5,support_tickets
event_1cfdb76514e7a1f7,EventInstance,event_1cfdb76514e7a1f7,6,2024-12-24T00:00:00,SUBSCRIPTION_START,False,False,FULL_OBSERVED_JOURNEY,VALID,2,subscriptions
event_1d04866187ad7920,EventInstance,event_1d04866187ad7920,14,2024-12-25T00:00:00,SUBSCRIPTION_START,True,False,LANDMARK_60D_JOURNEY,VALID,2,subscriptions
event_1d05c6206b3ab208,EventInstance,event_1d05c6206b3ab208,5,2024-01-06T00:00:00,SUBSCRIPTION_START,False,False,FULL_OBSERVED_JOURNEY,VALID,2,subscriptions
event_1d06dd65f86b2ff0,EventInstance,event_1d06dd65f86b2ff0,3,2024-03-14T00:00:00,SUBSCRIPTION_START,False,False,LANDMARK_90D_JOURNEY,VALID,2,subscriptions
event_1d34d3d767b64079,EventInstance,event_1d34d3d767b64079,8,2024-10-21T00:00:00,SUBSCRIPTION_START,False,False,LANDMARK_60D_JOURNEY,VALID,2,subscriptions
event_1d547cd75d15e05c,EventInstance,event_1d547cd75d15e05c,3,2024-03-30T00:00:00,CHURN,True,False,FULL_OBSERVED_JOURNEY,VALID,6,churn_events
event_1d605175affdfb9c,EventInstance,event_1d605175affdfb9c,17,2024-06-11T00:00:00,SUBSCRIPTION_START,False,False,FULL_OBSERVED_JOURNEY,VALID,2,subscriptions
event_1d6729046575ea9b,EventInstance,event_1d6729046575ea9b,1,2024-06-01T00:00:00,SUBSCRIPTION_START,True,True,LANDMARK_30D_JOURNEY,VALID_WITH_WARNING,2,subscriptions
event_1d919255aea5abb1,EventInstance,event_1d919255aea5abb1,2,2024-10-01T00:00:00,SUBSCRIPTION_START,False,False,LANDMARK_30D_JOURNEY,VALID,2,subscriptions
event_1db5df75860efb2f,EventInstance,event_1db5df75860efb2f,5,2024-11-25T00:00:00,CHURN,True,True,BETWEEN_RECURRING_CHURNS,VALID_WITH_WARNING,6,churn_events
event_1e694efd709479c4,EventInstance,event_1e694efd709479c4,1,2023-12-13T00:00:00,SUBSCRIPTION_START,True,False,LANDMARK_90D_JOURNEY,VALID,2,subscriptions
event_1e6c21370b5b17f1,EventInstance,event_1e6c21370b5b17f1,12,2024-06-27T00:00:00,FEATURE,False,False,FULL_OBSERVED_JOURNEY,VALID,3,feature_usage
event_1e94f3a0f7fd3308,EventInstance,event_1e94f3a0f7fd3308,28,2024-12-10T00:00:00,FEATURE,False,False,FULL_OBSERVED_JOURNEY,VALID,3,feature_usage
event_1e9a96aa19742ffd,EventInstance,event_1e9a96aa19742ffd,8,2024-11-11T00:00:00,SUBSCRIPTION_START,False,False,FULL_OBSERVED_JOURNEY,VALID,2,subscriptions
event_1eb03126818d10c6,EventInstance,event_1eb03126818d10c6,29,2024-11-03T00:00:00,SUPPORT_OPEN,False,False,FULL_OBSERVED_JOURNEY,VALID,4,support_tickets
event_1ecd578572951781,EventInstance,event_1ecd578572951781,1,2023-10-06T00:00:00,ACCOUNT,True,False,FULL_OBSERVED_JOURNEY,VALID,1,accounts
event_1edc89a6861c3c52,EventInstance,event_1edc89a6861c3c52,2,2024-09-07T00:00:00,SUBSCRIPTION_START,False,False,LANDMARK_30D_JOURNEY,VALID,2,subscriptions
event_1eeea1ba840a3ba1,EventInstance,event_1eeea1ba840a3ba1,6,2024-10-06T00:00:00,FEATURE,False,False,LANDMARK_30D_JOURNEY,VALID,3,feature_usage
event_1ef6742671badddb,EventInstance,event_1ef6742671badddb,6,2024-02-01T00:00:00,FEATURE,False,False,FULL_OBSERVED_JOURNEY,VALID,3,feature_usage
event_1efe1251f8fa89b3,EventInstance,event_1efe1251f8fa89b3,6,2024-10-15T00:00:00,FEATURE,False,False,FULL_OBSERVED_JOURNEY,VALID,3,feature_usage
event_1f1dda5c8627a812,EventInstance,event_1f1dda5c8627a812,2,2024-01-18T00:00:00,SUBSCRIPTION_START,False,False,LANDMARK_30D_JOURNEY,VALID,2,subscriptions
event_1f45bedeb2d7133e,EventInstance,event_1f45bedeb2d7133e,12,2024-04-26T00:00:00,SUBSCRIPTION_START,False,False,FULL_OBSERVED_JOURNEY,VALID,2,subscriptions
event_1f4d9bbdf91fa949,EventInstance,event_1f4d9bbdf91fa949,25,2024-09-06T00:00:00,FEATURE,False,False,FULL_OBSERVED_JOURNEY,VALID,3,feature_usage
event_1f654925e30906bb,EventInstance,event_1f654925e30906bb,12,2024-10-31T00:00:00,FEATURE,False,False,PRE_FIRST_CHURN,VALID,3,feature_usage
event_1f68bdf51722d2a1,EventInstance,event_1f68bdf51722d2a1,31,2024-10-23T00:00:00,SUBSCRIPTION_END,False,False,FULL_OBSERVED_JOURNEY,VALID,8,subscriptions
event_1f7dd7665ee4c8f7,EventInstance,event_1f7dd7665ee4c8f7,21,2024-09-28T00:00:00,FEATURE,False,False,FULL_OBSERVED_JOURNEY,VALID,3,feature_usage
event_1f831de74a9943a8,EventInstance,event_1f831de74a9943a8,2,2024-09-30T00:00:00,SUBSCRIPTION_START,False,False,LANDMARK_30D_JOURNEY,VALID,2,subscriptions
event_1f9d8dd354c996b3,EventInstance,event_1f9d8dd354c996b3,12,2024-12-02T00:00:00,SUBSCRIPTION_START,False,True,FULL_OBSERVED_JOURNEY,VALID_WITH_WARNING,2,subscriptions
event_1fae40f650b561a1,EventInstance,event_1fae40f650b561a1,5,2023-09-04T00:00:00,FEATURE,False,False,BETWEEN_RECURRING_CHURNS,VALID,3,feature_usage
event_1fca66ba2f7ee098,EventInstance,event_1fca66ba2f7ee098,25,2024-09-16T00:00:00,FEATURE,False,False,FULL_OBSERVED_JOURNEY,VALID,3,feature_usage
event_1fdba53ee8a44872,EventInstance,event_1fdba53ee8a44872,23,2024-12-29T00:00:00,SUBSCRIPTION_START,False,False,FULL_OBSERVED_JOURNEY,VALID,2,subscriptions
event_1fe2d76539680bd1,EventInstance,event_1fe2d76539680bd1,30,2024-10-13T00:00:00,SUBSCRIPTION_START,False,False,FULL_OBSERVED_JOURNEY,VALID,2,subscriptions
event_20040fcde389416c,EventInstance,event_20040fcde389416c,1,2024-08-08T00:00:00,SUBSCRIPTION_START,True,False,LANDMARK_90D_JOURNEY,VALID,2,subscriptions
event_2041917fdf94cb4e,EventInstance,event_2041917fdf94cb4e,9,2024-01-13T00:00:00,FEATURE,True,False,LANDMARK_90D_JOURNEY,VALID,3,feature_usage
event_2045385e3d198823,EventInstance,event_2045385e3d198823,4,2024-11-07T00:00:00,FEATURE,False,False,LANDMARK_60D_JOURNEY,VALID,3,feature_usage
event_20509708f68a6ef1,EventInstance,event_20509708f68a6ef1,12,2024-12-17T00:00:00,SUBSCRIPTION_START,False,False,FULL_OBSERVED_JOURNEY,VALID,2,subscriptions
event_20660517f9c6a7c8,EventInstance,event_20660517f9c6a7c8,11,2024-12-30T00:00:00,CHURN,True,True,FULL_OBSERVED_JOURNEY,VALID_WITH_WARNING,6,churn_events
event_206c3a97782df3c7,EventInstance,event_206c3a97782df3c7,2,2024-02-01T00:00:00,SUBSCRIPTION_START,False,False,BETWEEN_RECURRING_CHURNS,VALID,2,subscriptions
event_20b6631104634c78,EventInstance,event_20b6631104634c78,4,2023-10-01T00:00:00,FEATURE,True,False,LANDMARK_90D_JOURNEY,VALID,3,feature_usage
event_20c373ba3d3d0aec,EventInstance,event_20c373ba3d3d0aec,3,2024-06-21T00:00:00,SUBSCRIPTION_START,True,False,LANDMARK_60D_JOURNEY,VALID,2,subscriptions
event_20f5f0b773cd3032,EventInstance,event_20f5f0b773cd3032,4,2024-03-17T00:00:00,SUBSCRIPTION_START,False,True,LANDMARK_90D_JOURNEY,VALID_WITH_WARNING,2,subscriptions
event_211c8ec554ed4034,EventInstance,event_211c8ec554ed4034,3,2024-09-15T00:00:00,SUBSCRIPTION_START,False,False,FULL_OBSERVED_JOURNEY,VALID,2,subscriptions
event_211dab61bea5d1e3,EventInstance,event_211dab61bea5d1e3,9,2024-07-29T00:00:00,SUBSCRIPTION_START,False,False,FULL_OBSERVED_JOURNEY,VALID,2,subscriptions
event_2121998a1991e966,EventInstance,event_2121998a1991e966,16,2024-12-28T00:00:00,SUBSCRIPTION_START,True,False,LANDMARK_30D_JOURNEY,VALID,2,subscriptions
event_21259de4a3848a04,EventInstance,event_21259de4a3848a04,14,2024-07-02T00:00:00,SUBSCRIPTION_START,False,False,FULL_OBSERVED_JOURNEY,VALID,2,subscriptions
event_213ef035bd573f40,EventInstance,event_213ef035bd573f40,6,2024-12-31T00:00:00,SUBSCRIPTION_START,False,True,FULL_OBSERVED_JOURNEY,VALID_WITH_WARNING,2,subscriptions
event_21500012e5c56ea4,EventInstance,event_21500012e5c56ea4,17,2024-10-14T15:00:00,SUPPORT_CLOSE,False,False,FULL_OBSERVED_JOURNEY,VALID,5,support_tickets
event_2164392a623ddbe2,EventInstance,event_2164392a623ddbe2,16,2024-06-20T00:00:00,FEATURE,False,False,FULL_OBSERVED_JOURNEY,VALID,3,feature_usage
event_21702031118eeef5,EventInstance,event_21702031118eeef5,14,2024-04-21T00:00:00,FEATURE,False,False,FULL_OBSERVED_JOURNEY,VALID,3,feature_usage
event_219e33ae5f00d01f,EventInstance,event_219e33ae5f00d01f,1,2023-03-21T00:00:00,SUBSCRIPTION_START,True,False,LANDMARK_90D_JOURNEY,VALID,2,subscriptions
event_21af7d4e27b9393f,EventInstance,event_21af7d4e27b9393f,2,2024-08-02T00:00:00,SUBSCRIPTION_START,False,False,FULL_OBSERVED_JOURNEY,VALID,2,subscriptions
event_21d5442daf41f1bf,EventInstance,event_21d5442daf41f1bf,6,2024-11-02T00:00:00,FEATURE,False,False,LANDMARK_60D_JOURNEY,VALID,3,feature_usage
event_21da74dd216e0714,EventInstance,event_21da74dd216e0714,4,2024-11-12T00:00:00,SUBSCRIPTION_START,False,True,FULL_OBSERVED_JOURNEY,VALID_WITH_WARNING,2,subscriptions
event_21ff312d4d8af202,EventInstance,event_21ff312d4d8af202,32,2024-12-30T00:00:00,FEATURE,True,False,FULL_OBSERVED_JOURNEY,VALID,3,feature_usage
event_2208edaf71f5683d,EventInstance,event_2208edaf71f5683d,7,2024-08-27T00:00:00,SUBSCRIPTION_START,False,False,FULL_OBSERVED_JOURNEY,VALID,2,subscriptions
event_22474bb0009568b7,EventInstance,event_22474bb0009568b7,7,2024-12-03T00:00:00,SUPPORT_OPEN,False,True,LANDMARK_60D_JOURNEY,VALID_WITH_WARNING,4,support_tickets
event_224a84f7f04c90cd,EventInstance,event_224a84f7f04c90cd,18,2024-07-24T00:00:00,SUBSCRIPTION_START,False,False,FULL_OBSERVED_JOURNEY,VALID,2,subscriptions
event_22579a8fd0296181,EventInstance,event_22579a8fd0296181,16,2024-07-12T17:00:00,SUPPORT_CLOSE,False,False,PRE_FIRST_CHURN,VALID,5,support_tickets
event_225ffa012229ffcf,EventInstance,event_225ffa012229ffcf,5,2024-10-23T00:00:00,SUBSCRIPTION_START,False,False,FULL_OBSERVED_JOURNEY,VALID,2,subscriptions
event_226e70e5f647d59c,EventInstance,event_226e70e5f647d59c,12,2024-09-02T00:00:00,SUPPORT_OPEN,False,False,FULL_OBSERVED_JOURNEY,VALID,4,support_tickets
event_227896aeeb32ada1,EventInstance,event_227896aeeb32ada1,2,2024-10-20T00:00:00,SUBSCRIPTION_START,False,False,FULL_OBSERVED_JOURNEY,VALID,2,subscriptions
event_22943544afd3d48f,EventInstance,event_22943544afd3d48f,34,2024-12-25T00:00:00,FEATURE,True,False,FULL_OBSERVED_JOURNEY,VALID,3,feature_usage
event_22a1ebfe7edec532,EventInstance,event_22a1ebfe7edec532,2,2024-12-05T00:00:00,SUBSCRIPTION_START,False,False,LANDMARK_30D_JOURNEY,VALID,2,subscriptions
event_22c6de208aea5c4e,EventInstance,event_22c6de208aea5c4e,15,2024-01-23T00:00:00,FEATURE,False,False,BETWEEN_RECURRING_CHURNS,VALID,3,feature_usage
event_22cd9825ae1c4d45,EventInstance,event_22cd9825ae1c4d45,6,2024-08-17T00:00:00,SUPPORT_OPEN,False,False,LANDMARK_60D_JOURNEY,VALID,4,support_tickets
event_22e4450c21196f0c,EventInstance,event_22e4450c21196f0c,12,2024-01-16T00:00:00,SUBSCRIPTION_START,False,False,FULL_OBSERVED_JOURNEY,VALID,2,subscriptions
event_22ff231652d9ce9f,EventInstance,event_22ff231652d9ce9f,9,2024-09-12T00:00:00,FEATURE,False,False,LANDMARK_90D_JOURNEY,VALID,3,feature_usage
event_231371d9273cd332,EventInstance,event_231371d9273cd332,32,2024-11-11T00:00:00,FEATURE,False,False,FULL_OBSERVED_JOURNEY,VALID,3,feature_usage
event_2314cef3c0841474,EventInstance,event_2314cef3c0841474,23,2024-09-08T00:00:00,SUBSCRIPTION_START,False,False,FULL_OBSERVED_JOURNEY,VALID,2,subscriptions
event_2315c911c7917410,EventInstance,event_2315c911c7917410,32,2024-08-06T00:00:00,SUBSCRIPTION_START,False,False,BETWEEN_RECURRING_CHURNS,VALID,2,subscriptions
event_233798c915517d0c,EventInstance,event_233798c915517d0c,7,2023-11-09T00:00:00,FEATURE,False,False,FULL_OBSERVED_JOURNEY,VALID,3,feature_usage
event_235ad876bbe3f72c,EventInstance,event_235ad876bbe3f72c,1,2024-12-05T00:00:00,ACCOUNT,True,False,FULL_OBSERVED_JOURNEY,VALID,1,accounts
event_2368be6730ef2043,EventInstance,event_2368be6730ef2043,15,2024-11-11T00:00:00,SUBSCRIPTION_START,False,False,FULL_OBSERVED_JOURNEY,VALID,2,subscriptions
event_2370a57c979f27fe,EventInstance,event_2370a57c979f27fe,2,2024-11-28T00:00:00,SUBSCRIPTION_START,False,True,LANDMARK_30D_JOURNEY,VALID_WITH_WARNING,2,subscriptions
event_237af3e8aa99be06,EventInstance,event_237af3e8aa99be06,3,2024-02-25T00:00:00,FEATURE,False,False,LANDMARK_90D_JOURNEY,VALID,3,feature_usage
event_23803e32f9075697,EventInstance,event_23803e32f9075697,5,2023-08-09T00:00:00,SUBSCRIPTION_START,False,True,FULL_OBSERVED_JOURNEY,VALID_WITH_WARNING,2,subscriptions
event_238a1430e67851b8,EventInstance,event_238a1430e67851b8,10,2024-04-29T00:00:00,SUBSCRIPTION_START,False,False,FULL_OBSERVED_JOURNEY,VALID,2,subscriptions
event_23909d224f063653,EventInstance,event_23909d224f063653,4,2024-11-30T00:00:00,SUBSCRIPTION_START,False,False,PRE_FIRST_CHURN,VALID,2,subscriptions
event_239fda8d6455d6b7,EventInstance,event_239fda8d6455d6b7,2,2024-06-06T00:00:00,SUBSCRIPTION_START,False,True,LANDMARK_60D_JOURNEY,VALID_WITH_WARNING,2,subscriptions
event_23c9350afb928bca,EventInstance,event_23c9350afb928bca,9,2024-02-08T00:00:00,SUBSCRIPTION_START,False,False,FULL_OBSERVED_JOURNEY,VALID,2,subscriptions
event_23dd21b1d1256312,EventInstance,event_23dd21b1d1256312,15,2024-12-26T00:00:00,FEATURE,False,False,FULL_OBSERVED_JOURNEY,VALID,3,feature_usage
event_23df501745ef3fb6,EventInstance,event_23df501745ef3fb6,23,2024-12-27T00:00:00,SUBSCRIPTION_END,True,False,FULL_OBSERVED_JOURNEY,VALID,8,subscriptions
event_23f7ef42ee9956de,EventInstance,event_23f7ef42ee9956de,3,2024-03-05T00:00:00,SUBSCRIPTION_START,False,False,FULL_OBSERVED_JOURNEY,VALID,2,subscriptions
event_24008da68f3d0876,EventInstance,event_24008da68f3d0876,1,2023-12-01T00:00:00,SUBSCRIPTION_START,True,False,LANDMARK_30D_JOURNEY,VALID,2,subscriptions
event_2402e52432288858,EventInstance,event_2402e52432288858,10,2024-11-04T00:00:00,SUBSCRIPTION_START,False,False,FULL_OBSERVED_JOURNEY,VALID,2,subscriptions
event_241292b56b05a4ec,EventInstance,event_241292b56b05a4ec,3,2024-04-20T00:00:00,FEATURE,False,False,LANDMARK_90D_JOURNEY,VALID,3,feature_usage
event_2430372b68878132,EventInstance,event_2430372b68878132,3,2024-03-05T01:00:00,SUPPORT_CLOSE,False,False,FULL_OBSERVED_JOURNEY,VALID,5,support_tickets
event_244eb432b3841713,EventInstance,event_244eb432b3841713,6,2024-03-20T00:00:00,CHURN,True,False,LANDMARK_90D_JOURNEY,VALID,6,churn_events
event_245fbd5a2319daa0,EventInstance,event_245fbd5a2319daa0,17,2024-09-29T00:00:00,SUBSCRIPTION_END,False,False,FULL_OBSERVED_JOURNEY,VALID,8,subscriptions
event_2497f1056041666d,EventInstance,event_2497f1056041666d,8,2024-11-13T00:00:00,SUBSCRIPTION_START,False,False,PRE_FIRST_CHURN,VALID,2,subscriptions
event_24a0a9d8f175a86c,EventInstance,event_24a0a9d8f175a86c,15,2024-11-03T00:00:00,SUBSCRIPTION_END,True,True,LANDMARK_90D_JOURNEY,VALID_WITH_WARNING,8,subscriptions
event_24be6c922dbfa1e9,EventInstance,event_24be6c922dbfa1e9,8,2024-10-21T00:00:00,SUBSCRIPTION_START,False,False,FULL_OBSERVED_JOURNEY,VALID,2,subscriptions
event_24c52d3bf5c4a419,EventInstance,event_24c52d3bf5c4a419,8,2024-10-10T00:00:00,SUBSCRIPTION_START,False,False,LANDMARK_90D_JOURNEY,VALID,2,subscriptions
event_24d72a1fc5f365df,EventInstance,event_24d72a1fc5f365df,15,2024-10-04T00:00:00,FEATURE,False,False,FULL_OBSERVED_JOURNEY,VALID,3,feature_usage
event_24dcb6c4ba3ff31b,EventInstance,event_24dcb6c4ba3ff31b,5,2024-11-14T00:00:00,SUPPORT_OPEN,False,False,LANDMARK_30D_JOURNEY,VALID,4,support_tickets
event_24f4608716ba7e1f,EventInstance,event_24f4608716ba7e1f,5,2024-08-15T00:00:00,FEATURE,False,False,LANDMARK_90D_JOURNEY,VALID,3,feature_usage
event_24f969355bcb0632,EventInstance,event_24f969355bcb0632,3,2024-05-05T00:00:00,FEATURE,False,False,LANDMARK_90D_JOURNEY,VALID,3,feature_usage
event_250f05c790b7fbc7,EventInstance,event_250f05c790b7fbc7,2,2024-11-27T00:00:00,FEATURE,False,False,BETWEEN_RECURRING_CHURNS,VALID,3,feature_usage
event_2515e6b1261939cd,EventInstance,event_2515e6b1261939cd,39,2024-11-04T00:00:00,FEATURE,False,False,FULL_OBSERVED_JOURNEY,VALID,3,feature_usage
event_25457c35fe8326a8,EventInstance,event_25457c35fe8326a8,3,2023-12-05T17:00:00,SUPPORT_CLOSE,False,False,FULL_OBSERVED_JOURNEY,VALID,5,support_tickets
event_254ea0e3f9b2e0b0,EventInstance,event_254ea0e3f9b2e0b0,8,2024-10-21T00:00:00,SUBSCRIPTION_START,True,False,LANDMARK_30D_JOURNEY,VALID,2,subscriptions
event_259d180590b8e90a,EventInstance,event_259d180590b8e90a,6,2024-12-19T00:00:00,SUBSCRIPTION_START,False,True,FULL_OBSERVED_JOURNEY,VALID_WITH_WARNING,2,subscriptions
event_25ec9daac995be71,EventInstance,event_25ec9daac995be71,22,2024-08-12T00:00:00,FEATURE,False,False,FULL_OBSERVED_JOURNEY,VALID,3,feature_usage
event_25fa2d9978f664f4,EventInstance,event_25fa2d9978f664f4,19,2024-10-11T00:00:00,FEATURE,False,False,FULL_OBSERVED_JOURNEY,VALID,3,feature_usage
event_26168629a08ea5da,EventInstance,event_26168629a08ea5da,5,2023-11-20T00:00:00,SUBSCRIPTION_START,True,False,LANDMARK_30D_JOURNEY,VALID,2,subscriptions
event_2628de6f04c1cb70,EventInstance,event_2628de6f04c1cb70,11,2024-11-26T00:00:00,FEATURE,False,False,FULL_OBSERVED_JOURNEY,VALID,3,feature_usage
event_263e8c4f42f67c97,EventInstance,event_263e8c4f42f67c97,13,2024-07-11T00:00:00,FEATURE,False,False,FULL_OBSERVED_JOURNEY,VALID,3,feature_usage
event_26924f12d55bd9a6,EventInstance,event_26924f12d55bd9a6,24,2024-06-11T00:00:00,FEATURE,False,False,FULL_OBSERVED_JOURNEY,VALID,3,feature_usage
event_2694ccdd09b31c3a,EventInstance,event_2694ccdd09b31c3a,7,2024-09-05T00:00:00,SUBSCRIPTION_END,False,False,FULL_OBSERVED_JOURNEY,VALID,8,subscriptions
event_26c15e6d207e9c9b,EventInstance,event_26c15e6d207e9c9b,1,2023-01-24T00:00:00,ACCOUNT,True,False,FULL_OBSERVED_JOURNEY,VALID,1,accounts
event_26d8939bf2a30217,EventInstance,event_26d8939bf2a30217,5,2024-10-08T00:00:00,SUBSCRIPTION_START,False,False,LANDMARK_90D_JOURNEY,VALID,2,subscriptions
event_26f83cd9760741a1,EventInstance,event_26f83cd9760741a1,19,2024-08-08T00:00:00,FEATURE,False,False,FULL_OBSERVED_JOURNEY,VALID,3,feature_usage
event_270caae58571b8b0,EventInstance,event_270caae58571b8b0,9,2024-12-06T00:00:00,SUBSCRIPTION_START,False,False,FULL_OBSERVED_JOURNEY,VALID,2,subscriptions
event_272c0b67eecf71a0,EventInstance,event_272c0b67eecf71a0,6,2023-08-09T00:00:00,FEATURE,False,True,FULL_OBSERVED_JOURNEY,VALID_WITH_WARNING,3,feature_usage
event_27315acd7e287dee,EventInstance,event_27315acd7e287dee,12,2024-06-14T00:00:00,FEATURE,False,False,LANDMARK_90D_JOURNEY,VALID,3,feature_usage
event_2737cffc6614a48e,EventInstance,event_2737cffc6614a48e,17,2024-10-16T00:00:00,SUBSCRIPTION_START,False,False,FULL_OBSERVED_JOURNEY,VALID,2,subscriptions
event_274b8036f5a1d4fb,EventInstance,event_274b8036f5a1d4fb,12,2024-05-13T00:00:00,SUBSCRIPTION_START,False,False,FULL_OBSERVED_JOURNEY,VALID,2,subscriptions
event_274c08a7d52d54a4,EventInstance,event_274c08a7d52d54a4,11,2024-04-16T00:00:00,SUBSCRIPTION_START,False,False,FULL_OBSERVED_JOURNEY,VALID,2,subscriptions
event_27787571f2c4c59e,EventInstance,event_27787571f2c4c59e,4,2024-08-14T00:00:00,SUBSCRIPTION_START,False,False,FULL_OBSERVED_JOURNEY,VALID,2,subscriptions
event_27790533d46320ec,EventInstance,event_27790533d46320ec,22,2024-09-07T00:00:00,SUBSCRIPTION_START,False,False,FULL_OBSERVED_JOURNEY,VALID,2,subscriptions
event_279370c4cc3a4674,EventInstance,event_279370c4cc3a4674,15,2024-07-30T00:00:00,SUBSCRIPTION_START,False,False,FULL_OBSERVED_JOURNEY,VALID,2,subscriptions
event_27b2ee8a068113dd,EventInstance,event_27b2ee8a068113dd,27,2024-08-10T00:00:00,FEATURE,False,False,FULL_OBSERVED_JOURNEY,VALID,3,feature_usage
event_27b8a2e90cd23d9c,EventInstance,event_27b8a2e90cd23d9c,10,2024-11-07T00:00:00,FEATURE,False,False,FULL_OBSERVED_JOURNEY,VALID,3,feature_usage
event_27d60386e9b5d98f,EventInstance,event_27d60386e9b5d98f,11,2024-03-26T00:00:00,FEATURE,False,False,FULL_OBSERVED_JOURNEY,VALID,3,feature_usage
event_27e20fedaedc9fbf,EventInstance,event_27e20fedaedc9fbf,3,2024-10-21T00:00:00,SUBSCRIPTION_START,False,False,PRE_FIRST_CHURN,VALID,2,subscriptions
event_27e76012f2e261bd,EventInstance,event_27e76012f2e261bd,14,2024-07-06T00:00:00,FEATURE,False,False,PRE_FIRST_CHURN,VALID,3,feature_usage
event_27f4486b826fde4b,EventInstance,event_27f4486b826fde4b,25,2024-12-04T00:00:00,FEATURE,False,False,FULL_OBSERVED_JOURNEY,VALID,3,feature_usage
event_280747ca62a1f65f,EventInstance,event_280747ca62a1f65f,1,2024-04-05T00:00:00,ACCOUNT,True,False,PRE_FIRST_CHURN,VALID,1,accounts
event_2815027ce5cb5d2f,EventInstance,event_2815027ce5cb5d2f,12,2024-05-12T00:00:00,FEATURE,False,False,FULL_OBSERVED_JOURNEY,VALID,3,feature_usage
event_28291f47bf241e46,EventInstance,event_28291f47bf241e46,14,2024-05-30T00:00:00,FEATURE,False,False,FULL_OBSERVED_JOURNEY,VALID,3,feature_usage
event_282ebda9778f9880,EventInstance,event_282ebda9778f9880,9,2024-09-14T00:00:00,FEATURE,False,False,FULL_OBSERVED_JOURNEY,VALID,3,feature_usage
event_284240b7814c6e63,EventInstance,event_284240b7814c6e63,22,2024-11-12T00:00:00,FEATURE,False,False,FULL_OBSERVED_JOURNEY,VALID,3,feature_usage
event_2844bef47253b388,EventInstance,event_2844bef47253b388,8,2024-10-05T00:00:00,CHURN,True,True,LANDMARK_30D_JOURNEY,VALID_WITH_WARNING,6,churn_events
event_2849e7b714fa53cf,EventInstance,event_2849e7b714fa53cf,2,2024-08-12T00:00:00,CHURN,True,True,LANDMARK_90D_JOURNEY,VALID_WITH_WARNING,6,churn_events
event_284d9bb74c3cf827,EventInstance,event_284d9bb74c3cf827,15,2024-08-24T00:00:00,FEATURE,False,False,FULL_OBSERVED_JOURNEY,VALID,3,feature_usage
event_28694df6caf8c2e1,EventInstance,event_28694df6caf8c2e1,9,2024-12-17T00:00:00,SUBSCRIPTION_START,True,False,LANDMARK_30D_JOURNEY,VALID,2,subscriptions
event_287d08a107bf5dae,EventInstance,event_287d08a107bf5dae,7,2024-10-09T00:00:00,SUBSCRIPTION_START,False,False,FULL_OBSERVED_JOURNEY,VALID,2,subscriptions
event_2880bc56f92d93a0,EventInstance,event_2880bc56f92d93a0,16,2024-05-05T00:00:00,CHURN,True,True,PRE_FIRST_CHURN,VALID_WITH_WARNING,6,churn_events
event_28ab00667aa9b905,EventInstance,event_28ab00667aa9b905,16,2024-07-11T00:00:00,FEATURE,False,False,FULL_OBSERVED_JOURNEY,VALID,3,feature_usage
event_28c6d87d8ce3902a,EventInstance,event_28c6d87d8ce3902a,19,2024-08-30T00:00:00,FEATURE,False,False,FULL_OBSERVED_JOURNEY,VALID,3,feature_usage
event_28db8e1166810bf3,EventInstance,event_28db8e1166810bf3,2,2024-11-22T00:00:00,SUBSCRIPTION_END,False,False,LANDMARK_30D_JOURNEY,VALID,8,subscriptions
event_28ed17bc2158bdd7,EventInstance,event_28ed17bc2158bdd7,9,2023-05-06T00:00:00,FEATURE,False,False,LANDMARK_90D_JOURNEY,VALID,3,feature_usage
event_28f5dab787ebc8de,EventInstance,event_28f5dab787ebc8de,13,2024-12-02T00:00:00,SUBSCRIPTION_START,False,True,FULL_OBSERVED_JOURNEY,VALID_WITH_WARNING,2,subscriptions
event_290920d9bb637af0,EventInstance,event_290920d9bb637af0,34,2024-10-19T00:00:00,SUBSCRIPTION_END,False,False,FULL_OBSERVED_JOURNEY,VALID,8,subscriptions
event_292f3c689a3852bc,EventInstance,event_292f3c689a3852bc,2,2024-06-09T00:00:00,SUPPORT_OPEN,False,False,FULL_OBSERVED_JOURNEY,VALID,4,support_tickets
event_295f09b42c798cea,EventInstance,event_295f09b42c798cea,1,2024-11-03T00:00:00,ACCOUNT,True,False,FULL_OBSERVED_JOURNEY,VALID,1,accounts
event_297138bdd01d66b5,EventInstance,event_297138bdd01d66b5,3,2024-05-04T00:00:00,SUBSCRIPTION_START,False,False,LANDMARK_90D_JOURNEY,VALID,2,subscriptions
event_29956b60cc824edb,EventInstance,event_29956b60cc824edb,16,2024-12-31T00:00:00,SUBSCRIPTION_START,True,False,FULL_OBSERVED_JOURNEY,VALID,2,subscriptions
event_299828992a6e6acd,EventInstance,event_299828992a6e6acd,6,2024-05-11T00:00:00,FEATURE,False,False,FULL_OBSERVED_JOURNEY,VALID,3,feature_usage
event_29c4c24c67de91d6,EventInstance,event_29c4c24c67de91d6,1,2024-09-16T00:00:00,ACCOUNT,True,False,FULL_OBSERVED_JOURNEY,VALID,1,accounts
event_29d7007fb0f999d4,EventInstance,event_29d7007fb0f999d4,8,2024-12-27T00:00:00,SUBSCRIPTION_START,False,False,FULL_OBSERVED_JOURNEY,VALID,2,subscriptions
event_29f484537af342b1,EventInstance,event_29f484537af342b1,1,2024-08-24T00:00:00,SUBSCRIPTION_START,True,False,LANDMARK_90D_JOURNEY,VALID,2,subscriptions
event_2a4cf23bc754cc8a,EventInstance,event_2a4cf23bc754cc8a,2,2024-08-03T00:00:00,SUPPORT_OPEN,False,False,PRE_FIRST_CHURN,VALID,4,support_tickets
event_2a5433ab09f6c604,EventInstance,event_2a5433ab09f6c604,26,2024-02-29T00:00:00,FEATURE,False,False,FULL_OBSERVED_JOURNEY,VALID,3,feature_usage
event_2a7663dbb6935314,EventInstance,event_2a7663dbb6935314,10,2024-05-13T00:00:00,SUPPORT_OPEN,False,False,FULL_OBSERVED_JOURNEY,VALID,4,support_tickets
event_2a79031705a44fd4,EventInstance,event_2a79031705a44fd4,46,2024-11-20T00:00:00,SUBSCRIPTION_END,False,True,FULL_OBSERVED_JOURNEY,VALID_WITH_WARNING,8,subscriptions
event_2a983443307fc098,EventInstance,event_2a983443307fc098,3,2024-09-10T00:00:00,SUBSCRIPTION_START,False,False,LANDMARK_30D_JOURNEY,VALID,2,subscriptions
event_2ab09d4d08d6b52d,EventInstance,event_2ab09d4d08d6b52d,24,2024-12-31T00:00:00,FEATURE,True,False,FULL_OBSERVED_JOURNEY,VALID,3,feature_usage
event_2ab519fa8482867d,EventInstance,event_2ab519fa8482867d,13,2024-11-10T00:00:00,SUBSCRIPTION_START,True,False,LANDMARK_90D_JOURNEY,VALID,2,subscriptions
event_2ab6848d51c2dcd3,EventInstance,event_2ab6848d51c2dcd3,1,2024-07-22T00:00:00,SUBSCRIPTION_START,True,False,LANDMARK_60D_JOURNEY,VALID,2,subscriptions
event_2aef31f0d5fc2964,EventInstance,event_2aef31f0d5fc2964,5,2024-03-21T00:00:00,FEATURE,False,False,FULL_OBSERVED_JOURNEY,VALID,3,feature_usage
event_2b2043f5e8bbec93,EventInstance,event_2b2043f5e8bbec93,5,2024-03-06T00:00:00,SUBSCRIPTION_START,False,False,FULL_OBSERVED_JOURNEY,VALID,2,subscriptions
event_2b5b0cc44d5db232,EventInstance,event_2b5b0cc44d5db232,1,2023-09-16T00:00:00,SUBSCRIPTION_START,True,False,LANDMARK_60D_JOURNEY,VALID,2,subscriptions
event_2b63691a3f0a14fa,EventInstance,event_2b63691a3f0a14fa,2,2024-09-18T00:00:00,SUBSCRIPTION_START,False,False,FULL_OBSERVED_JOURNEY,VALID,2,subscriptions
event_2b73b28f2364ab84,EventInstance,event_2b73b28f2364ab84,5,2024-09-23T00:00:00,SUBSCRIPTION_START,False,False,PRE_FIRST_CHURN,VALID,2,subscriptions
event_2b84ebabe07be471,EventInstance,event_2b84ebabe07be471,12,2024-12-24T00:00:00,SUBSCRIPTION_START,False,True,LANDMARK_60D_JOURNEY,VALID_WITH_WARNING,2,subscriptions
event_2b8548a93b81d835,EventInstance,event_2b8548a93b81d835,16,2024-06-13T00:00:00,FEATURE,False,False,FULL_OBSERVED_JOURNEY,VALID,3,feature_usage
event_2b91e87a5fe65920,EventInstance,event_2b91e87a5fe65920,13,2024-07-18T00:00:00,SUBSCRIPTION_START,False,False,FULL_OBSERVED_JOURNEY,VALID,2,subscriptions
event_2bbd12c14ce02187,EventInstance,event_2bbd12c14ce02187,16,2023-12-16T00:00:00,FEATURE,False,False,FULL_OBSERVED_JOURNEY,VALID,3,feature_usage
event_2bcdd5fd19a16b39,EventInstance,event_2bcdd5fd19a16b39,13,2024-12-27T00:00:00,CHURN,True,True,FULL_OBSERVED_JOURNEY,VALID_WITH_WARNING,6,churn_events
event_2bf384f83151698b,EventInstance,event_2bf384f83151698b,3,2024-10-23T00:00:00,CHURN,True,False,PRE_FIRST_CHURN,VALID,6,churn_events
event_2bf411f53a750d3d,EventInstance,event_2bf411f53a750d3d,2,2024-06-01T00:00:00,SUBSCRIPTION_START,False,False,LANDMARK_60D_JOURNEY,VALID,2,subscriptions
event_2c043c1a6bde2932,EventInstance,event_2c043c1a6bde2932,6,2024-09-25T00:00:00,FEATURE,False,False,LANDMARK_30D_JOURNEY,VALID,3,feature_usage
event_2c176fe2461238f7,EventInstance,event_2c176fe2461238f7,12,2024-10-15T00:00:00,FEATURE,False,False,PRE_FIRST_CHURN,VALID,3,feature_usage
event_2c3f898455c831db,EventInstance,event_2c3f898455c831db,2,2024-07-29T00:00:00,SUBSCRIPTION_START,False,True,PRE_FIRST_CHURN,VALID_WITH_WARNING,2,subscriptions
event_2c4bb0dda58bddd9,EventInstance,event_2c4bb0dda58bddd9,28,2024-12-12T00:00:00,FEATURE,False,False,FULL_OBSERVED_JOURNEY,VALID,3,feature_usage
event_2c648838312994ee,EventInstance,event_2c648838312994ee,13,2023-11-28T00:00:00,FEATURE,False,False,FULL_OBSERVED_JOURNEY,VALID,3,feature_usage
event_2c71c4e7eb7c35bf,EventInstance,event_2c71c4e7eb7c35bf,12,2024-11-27T00:00:00,SUBSCRIPTION_START,False,False,FULL_OBSERVED_JOURNEY,VALID,2,subscriptions
event_2c87d0257f674a8c,EventInstance,event_2c87d0257f674a8c,5,2024-09-01T00:00:00,SUBSCRIPTION_END,False,False,LANDMARK_90D_JOURNEY,VALID,8,subscriptions
event_2c88d17aa1eb4724,EventInstance,event_2c88d17aa1eb4724,1,2023-05-04T00:00:00,ACCOUNT,True,False,FULL_OBSERVED_JOURNEY,VALID,1,accounts
event_2cb53318d6913c60,EventInstance,event_2cb53318d6913c60,2,2024-09-25T00:00:00,SUBSCRIPTION_START,False,False,FULL_OBSERVED_JOURNEY,VALID,2,subscriptions
event_2cc0bfc5eb56cbf1,EventInstance,event_2cc0bfc5eb56cbf1,17,2024-12-22T00:00:00,SUBSCRIPTION_END,False,True,FULL_OBSERVED_JOURNEY,VALID_WITH_WARNING,8,subscriptions
event_2cc218b3a5db6755,EventInstance,event_2cc218b3a5db6755,5,2023-09-27T00:00:00,FEATURE,False,False,FULL_OBSERVED_JOURNEY,VALID,3,feature_usage
event_2cc44f65f639753d,EventInstance,event_2cc44f65f639753d,6,2023-09-28T00:00:00,SUBSCRIPTION_START,False,False,FULL_OBSERVED_JOURNEY,VALID,2,subscriptions
event_2cef5fe2321d9bba,EventInstance,event_2cef5fe2321d9bba,5,2024-11-15T00:00:00,SUBSCRIPTION_START,False,False,LANDMARK_60D_JOURNEY,VALID,2,subscriptions
event_2d12ba90c25c9740,EventInstance,event_2d12ba90c25c9740,3,2024-08-01T00:00:00,SUBSCRIPTION_START,False,True,PRE_FIRST_CHURN,VALID_WITH_WARNING,2,subscriptions
event_2d1e1b4d12fbda61,EventInstance,event_2d1e1b4d12fbda61,13,2024-12-09T00:00:00,SUBSCRIPTION_START,False,False,FULL_OBSERVED_JOURNEY,VALID,2,subscriptions
event_2d1e3eda9e41897e,EventInstance,event_2d1e3eda9e41897e,19,2023-10-26T00:00:00,CHURN,True,True,PRE_FIRST_CHURN,VALID_WITH_WARNING,6,churn_events
event_2d22da7204ce9e9d,EventInstance,event_2d22da7204ce9e9d,21,2024-11-08T00:00:00,FEATURE,False,False,FULL_OBSERVED_JOURNEY,VALID,3,feature_usage
event_2d25bbb206be04fd,EventInstance,event_2d25bbb206be04fd,10,2024-04-11T00:00:00,SUPPORT_OPEN,False,True,FULL_OBSERVED_JOURNEY,VALID_WITH_WARNING,4,support_tickets
event_2d39d919209d0786,EventInstance,event_2d39d919209d0786,40,2024-12-26T00:00:00,FEATURE,True,False,FULL_OBSERVED_JOURNEY,VALID,3,feature_usage
event_2d413d6cc730667b,EventInstance,event_2d413d6cc730667b,3,2023-10-15T00:00:00,SUBSCRIPTION_START,False,False,FULL_OBSERVED_JOURNEY,VALID,2,subscriptions
event_2d4f5295f5c987f9,EventInstance,event_2d4f5295f5c987f9,4,2024-01-25T00:00:00,FEATURE,True,False,LANDMARK_30D_JOURNEY,VALID,3,feature_usage
event_2d67ee7ee5a7969d,EventInstance,event_2d67ee7ee5a7969d,12,2024-12-23T00:00:00,SUBSCRIPTION_START,False,True,LANDMARK_30D_JOURNEY,VALID_WITH_WARNING,2,subscriptions
event_2d6a6e639f257d47,EventInstance,event_2d6a6e639f257d47,6,2024-08-23T00:00:00,FEATURE,False,False,FULL_OBSERVED_JOURNEY,VALID,3,feature_usage
event_2d6f6ee7fb2abdc7,EventInstance,event_2d6f6ee7fb2abdc7,20,2024-10-05T00:00:00,SUBSCRIPTION_START,False,False,FULL_OBSERVED_JOURNEY,VALID,2,subscriptions
event_2d712b70ed19a734,EventInstance,event_2d712b70ed19a734,1,2024-10-26T00:00:00,SUBSCRIPTION_START,True,False,LANDMARK_60D_JOURNEY,VALID,2,subscriptions
event_2d76570b1feccf02,EventInstance,event_2d76570b1feccf02,5,2023-12-26T00:00:00,SUBSCRIPTION_START,False,False,FULL_OBSERVED_JOURNEY,VALID,2,subscriptions
event_2d7ab75567729150,EventInstance,event_2d7ab75567729150,7,2023-10-16T00:00:00,FEATURE,False,False,FULL_OBSERVED_JOURNEY,VALID,3,feature_usage
event_2d7ae56442f4d508,EventInstance,event_2d7ae56442f4d508,26,2024-08-01T00:00:00,FEATURE,False,False,FULL_OBSERVED_JOURNEY,VALID,3,feature_usage
event_2db9066d4a46b272,EventInstance,event_2db9066d4a46b272,3,2024-05-19T00:00:00,CHURN,True,True,LANDMARK_60D_JOURNEY,VALID_WITH_WARNING,6,churn_events
event_2dc3bc2a8a92f7b5,EventInstance,event_2dc3bc2a8a92f7b5,11,2024-06-11T00:00:00,FEATURE,False,False,LANDMARK_90D_JOURNEY,VALID,3,feature_usage
event_2dc78d2b87d0f075,EventInstance,event_2dc78d2b87d0f075,1,2024-08-02T00:00:00,SUBSCRIPTION_START,True,False,LANDMARK_60D_JOURNEY,VALID,2,subscriptions
event_2dfd73d993e52fb8,EventInstance,event_2dfd73d993e52fb8,23,2024-11-23T02:00:00,SUPPORT_CLOSE,False,False,FULL_OBSERVED_JOURNEY,VALID,5,support_tickets
event_2e2e3e3e19c57f8a,EventInstance,event_2e2e3e3e19c57f8a,2,2024-08-29T00:00:00,CHURN,True,False,LANDMARK_60D_JOURNEY,VALID,6,churn_events
event_2e66f4ae4aef3da4,EventInstance,event_2e66f4ae4aef3da4,1,2023-02-28T00:00:00,ACCOUNT,True,False,FULL_OBSERVED_JOURNEY,VALID,1,accounts
event_2e70754e556977fc,EventInstance,event_2e70754e556977fc,7,2024-06-02T00:00:00,FEATURE,False,False,FULL_OBSERVED_JOURNEY,VALID,3,feature_usage
event_2e91bee13d19dc7f,EventInstance,event_2e91bee13d19dc7f,13,2024-12-23T00:00:00,SUBSCRIPTION_START,False,True,PRE_FIRST_CHURN,VALID_WITH_WARNING,2,subscriptions
event_2ea07a6cf7bd4058,EventInstance,event_2ea07a6cf7bd4058,2,2024-03-23T00:00:00,SUBSCRIPTION_START,False,False,LANDMARK_90D_JOURNEY,VALID,2,subscriptions
event_2ea5baf253ef9458,EventInstance,event_2ea5baf253ef9458,6,2024-03-17T00:00:00,CHURN,True,True,LANDMARK_90D_JOURNEY,VALID_WITH_WARNING,6,churn_events
event_2ea668e71e8fff89,EventInstance,event_2ea668e71e8fff89,6,2024-10-09T00:00:00,SUBSCRIPTION_START,False,False,LANDMARK_90D_JOURNEY,VALID,2,subscriptions
event_2edace2539a015ad,EventInstance,event_2edace2539a015ad,9,2024-10-27T00:00:00,SUBSCRIPTION_START,False,False,FULL_OBSERVED_JOURNEY,VALID,2,subscriptions
event_2ee0ac4400e0f415,EventInstance,event_2ee0ac4400e0f415,5,2024-06-18T00:00:00,FEATURE,False,False,FULL_OBSERVED_JOURNEY,VALID,3,feature_usage
event_2ee0c69c112ac87e,EventInstance,event_2ee0c69c112ac87e,24,2024-07-10T00:00:00,FEATURE,False,False,FULL_OBSERVED_JOURNEY,VALID,3,feature_usage
event_2ef997e56f023859,EventInstance,event_2ef997e56f023859,20,2024-09-29T00:00:00,SUBSCRIPTION_START,False,False,FULL_OBSERVED_JOURNEY,VALID,2,subscriptions
event_2f103aebc39acfba,EventInstance,event_2f103aebc39acfba,1,2024-07-29T00:00:00,CHURN,True,True,BETWEEN_RECURRING_CHURNS,VALID_WITH_WARNING,6,churn_events
event_2f1668a707e426b6,EventInstance,event_2f1668a707e426b6,28,2024-10-02T00:00:00,FEATURE,False,False,FULL_OBSERVED_JOURNEY,VALID,3,feature_usage
event_2f268c1599eb4b64,EventInstance,event_2f268c1599eb4b64,17,2024-03-13T00:00:00,SUBSCRIPTION_START,False,False,FULL_OBSERVED_JOURNEY,VALID,2,subscriptions
event_2f27244ba6f1fe0b,EventInstance,event_2f27244ba6f1fe0b,29,2024-12-14T00:00:00,SUBSCRIPTION_START,False,False,FULL_OBSERVED_JOURNEY,VALID,2,subscriptions
event_2f31027975654168,EventInstance,event_2f31027975654168,12,2024-06-04T00:00:00,FEATURE,False,False,FULL_OBSERVED_JOURNEY,VALID,3,feature_usage
event_2f6d15d8306c87e8,EventInstance,event_2f6d15d8306c87e8,16,2024-07-24T00:00:00,FEATURE,False,False,FULL_OBSERVED_JOURNEY,VALID,3,feature_usage
event_2f70b77db4db06bd,EventInstance,event_2f70b77db4db06bd,11,2024-11-27T00:00:00,SUBSCRIPTION_START,False,False,FULL_OBSERVED_JOURNEY,VALID,2,subscriptions
event_2f81c35e2ca334c3,EventInstance,event_2f81c35e2ca334c3,1,2024-04-07T00:00:00,ACCOUNT,True,False,FULL_OBSERVED_JOURNEY,VALID,1,accounts
event_2fa0b7affa2cf0f6,EventInstance,event_2fa0b7affa2cf0f6,14,2023-09-17T00:00:00,FEATURE,False,False,FULL_OBSERVED_JOURNEY,VALID,3,feature_usage
event_2fb8d420f3020c84,EventInstance,event_2fb8d420f3020c84,3,2024-08-17T00:00:00,SUBSCRIPTION_START,False,False,LANDMARK_60D_JOURNEY,VALID,2,subscriptions
event_2fb9642ffabaccd3,EventInstance,event_2fb9642ffabaccd3,30,2024-12-11T00:00:00,FEATURE,False,False,FULL_OBSERVED_JOURNEY,VALID,3,feature_usage
event_2fd62a3ef8903479,EventInstance,event_2fd62a3ef8903479,2,2023-12-08T00:00:00,CHURN,True,False,LANDMARK_30D_JOURNEY,VALID,6,churn_events
event_300a317fae585c8f,EventInstance,event_300a317fae585c8f,1,2024-08-26T00:00:00,SUBSCRIPTION_START,True,False,LANDMARK_30D_JOURNEY,VALID,2,subscriptions
event_300a3478a9489b3c,EventInstance,event_300a3478a9489b3c,43,2024-12-15T00:00:00,SUBSCRIPTION_END,True,True,FULL_OBSERVED_JOURNEY,VALID_WITH_WARNING,8,subscriptions
event_300d70c1ef2b9b05,EventInstance,event_300d70c1ef2b9b05,5,2024-07-03T00:00:00,FEATURE,False,False,LANDMARK_90D_JOURNEY,VALID,3,feature_usage
event_300f8fbc083a37e7,EventInstance,event_300f8fbc083a37e7,20,2024-10-23T00:00:00,FEATURE,False,False,FULL_OBSERVED_JOURNEY,VALID,3,feature_usage
event_301b8633dc0ccc62,EventInstance,event_301b8633dc0ccc62,3,2023-09-12T10:00:00,SUPPORT_CLOSE,True,False,LANDMARK_30D_JOURNEY,VALID,5,support_tickets
event_302191026be6a0f9,EventInstance,event_302191026be6a0f9,15,2024-11-10T00:00:00,SUBSCRIPTION_START,False,True,LANDMARK_90D_JOURNEY,VALID_WITH_WARNING,2,subscriptions
event_302331e2235e1e74,EventInstance,event_302331e2235e1e74,6,2024-10-15T00:00:00,SUBSCRIPTION_START,False,False,LANDMARK_30D_JOURNEY,VALID,2,subscriptions
event_3056e705b6531150,EventInstance,event_3056e705b6531150,2,2023-06-27T00:00:00,SUBSCRIPTION_START,False,False,FULL_OBSERVED_JOURNEY,VALID,2,subscriptions
event_305bb833bfccd3c3,EventInstance,event_305bb833bfccd3c3,4,2024-10-15T00:00:00,FEATURE,False,False,LANDMARK_30D_JOURNEY,VALID,3,feature_usage
event_305e2fa7a8826b81,EventInstance,event_305e2fa7a8826b81,7,2024-10-03T00:00:00,SUBSCRIPTION_START,False,False,LANDMARK_30D_JOURNEY,VALID,2,subscriptions
event_305e9bc99808911d,EventInstance,event_305e9bc99808911d,7,2023-12-16T00:00:00,SUBSCRIPTION_START,False,False,FULL_OBSERVED_JOURNEY,VALID,2,subscriptions
event_308381de01f41f40,EventInstance,event_308381de01f41f40,26,2024-12-31T00:00:00,SUBSCRIPTION_END,True,True,FULL_OBSERVED_JOURNEY,VALID_WITH_WARNING,8,subscriptions
event_309015676a54b1b7,EventInstance,event_309015676a54b1b7,1,2024-09-29T00:00:00,ACCOUNT,True,False,PRE_FIRST_CHURN,VALID,1,accounts
event_30c5b468745f694b,EventInstance,event_30c5b468745f694b,10,2024-10-23T00:00:00,FEATURE,False,False,FULL_OBSERVED_JOURNEY,VALID,3,feature_usage
event_30f55ee99df97dbc,EventInstance,event_30f55ee99df97dbc,25,2024-07-30T00:00:00,FEATURE,False,True,FULL_OBSERVED_JOURNEY,VALID_WITH_WARNING,3,feature_usage
event_310754b1a3a77e41,EventInstance,event_310754b1a3a77e41,7,2024-09-18T00:00:00,SUPPORT_OPEN,False,True,LANDMARK_60D_JOURNEY,VALID_WITH_WARNING,4,support_tickets
event_3129a92ef5587360,EventInstance,event_3129a92ef5587360,3,2023-09-14T00:00:00,SUBSCRIPTION_START,False,False,LANDMARK_90D_JOURNEY,VALID,2,subscriptions
event_317a0e5fa12ad1a6,EventInstance,event_317a0e5fa12ad1a6,1,2024-04-24T00:00:00,SUBSCRIPTION_START,True,False,LANDMARK_90D_JOURNEY,VALID,2,subscriptions
event_31a9f3295e84c937,EventInstance,event_31a9f3295e84c937,7,2024-11-05T00:00:00,REACTIVATION,True,True,BETWEEN_RECURRING_CHURNS,VALID_WITH_WARNING,7,churn_events
event_31b4d9a4c7a64477,EventInstance,event_31b4d9a4c7a64477,2,2023-12-12T00:00:00,SUBSCRIPTION_START,False,False,PRE_FIRST_CHURN,VALID,2,subscriptions
event_31be69f042f395a5,EventInstance,event_31be69f042f395a5,7,2024-03-01T00:00:00,SUBSCRIPTION_END,False,False,FULL_OBSERVED_JOURNEY,VALID,8,subscriptions
event_31df35bc7d6d505f,EventInstance,event_31df35bc7d6d505f,4,2023-07-18T00:00:00,FEATURE,False,False,LANDMARK_60D_JOURNEY,VALID,3,feature_usage
event_31f67c6421033da9,EventInstance,event_31f67c6421033da9,2,2023-04-17T00:00:00,FEATURE,False,False,LANDMARK_90D_JOURNEY,VALID,3,feature_usage
event_3206c68b53838ff8,EventInstance,event_3206c68b53838ff8,10,2024-10-05T00:00:00,SUBSCRIPTION_START,True,False,LANDMARK_60D_JOURNEY,VALID,2,subscriptions
event_3207974868053beb,EventInstance,event_3207974868053beb,8,2024-12-12T00:00:00,SUBSCRIPTION_START,False,False,PRE_FIRST_CHURN,VALID,2,subscriptions
event_321ba6f2a51668bc,EventInstance,event_321ba6f2a51668bc,13,2024-12-08T00:00:00,FEATURE,False,False,FULL_OBSERVED_JOURNEY,VALID,3,feature_usage
event_321ce973db56394b,EventInstance,event_321ce973db56394b,55,2024-11-23T16:00:00,SUPPORT_CLOSE,False,False,FULL_OBSERVED_JOURNEY,VALID,5,support_tickets
event_3293202b83471158,EventInstance,event_3293202b83471158,29,2024-07-10T00:00:00,SUBSCRIPTION_START,False,False,BETWEEN_RECURRING_CHURNS,VALID,2,subscriptions
event_32aaa79c2e54bcd8,EventInstance,event_32aaa79c2e54bcd8,9,2024-10-28T00:00:00,SUBSCRIPTION_START,False,False,FULL_OBSERVED_JOURNEY,VALID,2,subscriptions
event_32d3080ca2b5d910,EventInstance,event_32d3080ca2b5d910,28,2024-09-27T00:00:00,FEATURE,False,False,FULL_OBSERVED_JOURNEY,VALID,3,feature_usage
event_32f58c1789ec0907,EventInstance,event_32f58c1789ec0907,20,2024-07-14T00:00:00,SUPPORT_OPEN,False,True,FULL_OBSERVED_JOURNEY,VALID_WITH_WARNING,4,support_tickets
event_330d1042e02dd3a6,EventInstance,event_330d1042e02dd3a6,8,2023-12-12T00:00:00,FEATURE,False,False,FULL_OBSERVED_JOURNEY,VALID,3,feature_usage
event_3360b6a19fd8cc9c,EventInstance,event_3360b6a19fd8cc9c,2,2023-10-15T00:00:00,SUBSCRIPTION_START,False,False,LANDMARK_60D_JOURNEY,VALID,2,subscriptions
event_3382ca6c5099b906,EventInstance,event_3382ca6c5099b906,1,2024-01-02T00:00:00,SUBSCRIPTION_START,True,False,LANDMARK_90D_JOURNEY,VALID,2,subscriptions
event_338ae46867e4d443,EventInstance,event_338ae46867e4d443,6,2024-08-20T00:00:00,FEATURE,False,False,FULL_OBSERVED_JOURNEY,VALID,3,feature_usage
event_338b35ae0e1bdc22,EventInstance,event_338b35ae0e1bdc22,24,2024-12-29T00:00:00,SUBSCRIPTION_END,False,True,FULL_OBSERVED_JOURNEY,VALID_WITH_WARNING,8,subscriptions
event_3399ace99ec5bea8,EventInstance,event_3399ace99ec5bea8,6,2024-12-18T00:00:00,SUBSCRIPTION_START,False,False,LANDMARK_30D_JOURNEY,VALID,2,subscriptions
event_339f3b187bce437a,EventInstance,event_339f3b187bce437a,6,2024-09-14T00:00:00,SUBSCRIPTION_START,False,False,LANDMARK_90D_JOURNEY,VALID,2,subscriptions
event_33b20728a979fe6c,EventInstance,event_33b20728a979fe6c,2,2024-03-18T00:00:00,SUBSCRIPTION_START,False,False,FULL_OBSERVED_JOURNEY,VALID,2,subscriptions
event_33c6f9ca7b188c49,EventInstance,event_33c6f9ca7b188c49,6,2024-09-11T00:00:00,SUBSCRIPTION_START,False,True,LANDMARK_90D_JOURNEY,VALID_WITH_WARNING,2,subscriptions
event_33d6a2aea6b261dc,EventInstance,event_33d6a2aea6b261dc,18,2024-10-28T00:00:00,FEATURE,False,False,PRE_FIRST_CHURN,VALID,3,feature_usage
event_33da98047f090f33,EventInstance,event_33da98047f090f33,4,2024-10-24T00:00:00,SUBSCRIPTION_START,False,True,PRE_FIRST_CHURN,VALID_WITH_WARNING,2,subscriptions
event_33f10b3255680351,EventInstance,event_33f10b3255680351,25,2024-09-02T00:00:00,FEATURE,False,False,FULL_OBSERVED_JOURNEY,VALID,3,feature_usage
event_3413a48c3b9bdaef,EventInstance,event_3413a48c3b9bdaef,5,2024-11-03T00:00:00,SUPPORT_OPEN,False,True,BETWEEN_RECURRING_CHURNS,VALID_WITH_WARNING,4,support_tickets
event_3435c0459de6fade,EventInstance,event_3435c0459de6fade,9,2024-11-09T00:00:00,FEATURE,False,False,LANDMARK_60D_JOURNEY,VALID,3,feature_usage
event_34475874854c8524,EventInstance,event_34475874854c8524,19,2024-07-12T00:00:00,FEATURE,False,False,FULL_OBSERVED_JOURNEY,VALID,3,feature_usage
event_3454e7d71db7d1fb,EventInstance,event_3454e7d71db7d1fb,8,2024-12-03T00:00:00,SUBSCRIPTION_START,False,False,FULL_OBSERVED_JOURNEY,VALID,2,subscriptions
event_34643d703c01d9a9,EventInstance,event_34643d703c01d9a9,1,2023-08-10T00:00:00,CHURN,True,True,BETWEEN_RECURRING_CHURNS,VALID_WITH_WARNING,6,churn_events
event_3464bb79cb303a99,EventInstance,event_3464bb79cb303a99,12,2024-10-28T00:00:00,FEATURE,False,True,LANDMARK_90D_JOURNEY,VALID_WITH_WARNING,3,feature_usage
event_34665fa8ed2e5749,EventInstance,event_34665fa8ed2e5749,10,2024-11-23T00:00:00,SUBSCRIPTION_START,False,False,FULL_OBSERVED_JOURNEY,VALID,2,subscriptions
event_3467486216a2c1b4,EventInstance,event_3467486216a2c1b4,6,2024-10-17T00:00:00,SUBSCRIPTION_START,False,False,FULL_OBSERVED_JOURNEY,VALID,2,subscriptions
event_3473b07fdee12654,EventInstance,event_3473b07fdee12654,2,2024-05-20T00:00:00,FEATURE,False,False,LANDMARK_90D_JOURNEY,VALID,3,feature_usage
event_34a54eb654c12c56,EventInstance,event_34a54eb654c12c56,13,2024-11-09T00:00:00,SUBSCRIPTION_START,False,False,FULL_OBSERVED_JOURNEY,VALID,2,subscriptions
event_34af63bed94a9487,EventInstance,event_34af63bed94a9487,7,2024-10-16T00:00:00,SUBSCRIPTION_START,False,True,LANDMARK_90D_JOURNEY,VALID_WITH_WARNING,2,subscriptions
event_34bb493cf8eac642,EventInstance,event_34bb493cf8eac642,18,2024-12-09T10:00:00,SUPPORT_CLOSE,False,True,PRE_FIRST_CHURN,VALID_WITH_WARNING,5,support_tickets
event_34c11cb057186b2b,EventInstance,event_34c11cb057186b2b,15,2024-07-03T00:00:00,SUBSCRIPTION_START,False,False,FULL_OBSERVED_JOURNEY,VALID,2,subscriptions
event_34c44b79c7c389ea,EventInstance,event_34c44b79c7c389ea,8,2024-10-04T00:00:00,FEATURE,False,False,FULL_OBSERVED_JOURNEY,VALID,3,feature_usage
event_34f560a1fd9ea163,EventInstance,event_34f560a1fd9ea163,2,2024-02-27T00:00:00,SUBSCRIPTION_START,False,False,FULL_OBSERVED_JOURNEY,VALID,2,subscriptions
event_3504b59ed72e305e,EventInstance,event_3504b59ed72e305e,1,2024-05-28T00:00:00,SUBSCRIPTION_START,True,False,LANDMARK_60D_JOURNEY,VALID,2,subscriptions
event_35087bc95f9c4d85,EventInstance,event_35087bc95f9c4d85,10,2024-06-12T00:00:00,SUPPORT_OPEN,False,False,FULL_OBSERVED_JOURNEY,VALID,4,support_tickets
event_3539b0e1df3cbf10,EventInstance,event_3539b0e1df3cbf10,2,2024-08-01T00:00:00,SUBSCRIPTION_START,False,False,LANDMARK_90D_JOURNEY,VALID,2,subscriptions
event_355281f87bddba47,EventInstance,event_355281f87bddba47,21,2024-09-01T00:00:00,FEATURE,False,False,FULL_OBSERVED_JOURNEY,VALID,3,feature_usage
event_355ae4576ca01aab,EventInstance,event_355ae4576ca01aab,16,2023-10-19T00:00:00,FEATURE,False,True,PRE_FIRST_CHURN,VALID_WITH_WARNING,3,feature_usage
event_35729cae58a08147,EventInstance,event_35729cae58a08147,14,2024-08-04T00:00:00,FEATURE,False,False,FULL_OBSERVED_JOURNEY,VALID,3,feature_usage
event_3576f62e9747c94c,EventInstance,event_3576f62e9747c94c,4,2024-10-03T00:00:00,SUBSCRIPTION_START,False,False,LANDMARK_60D_JOURNEY,VALID,2,subscriptions
event_3586699130b3df09,EventInstance,event_3586699130b3df09,8,2024-04-23T00:00:00,SUBSCRIPTION_START,False,False,FULL_OBSERVED_JOURNEY,VALID,2,subscriptions
event_358ae944b38649b6,EventInstance,event_358ae944b38649b6,18,2024-10-21T00:00:00,SUBSCRIPTION_START,False,False,FULL_OBSERVED_JOURNEY,VALID,2,subscriptions
event_35915df16195119a,EventInstance,event_35915df16195119a,3,2024-03-11T00:00:00,SUBSCRIPTION_START,False,False,FULL_OBSERVED_JOURNEY,VALID,2,subscriptions
event_359cd0e0f6969a23,EventInstance,event_359cd0e0f6969a23,31,2024-11-08T00:00:00,FEATURE,False,False,FULL_OBSERVED_JOURNEY,VALID,3,feature_usage
event_35b1bf1130de3d30,EventInstance,event_35b1bf1130de3d30,2,2023-12-04T00:00:00,SUBSCRIPTION_START,False,False,FULL_OBSERVED_JOURNEY,VALID,2,subscriptions
event_35ba65539e505a3c,EventInstance,event_35ba65539e505a3c,6,2024-11-06T00:00:00,SUBSCRIPTION_START,False,False,FULL_OBSERVED_JOURNEY,VALID,2,subscriptions
event_35e914b8e3e768a1,EventInstance,event_35e914b8e3e768a1,1,2024-01-04T00:00:00,SUBSCRIPTION_START,True,False,LANDMARK_30D_JOURNEY,VALID,2,subscriptions
event_3610b7449053fada,EventInstance,event_3610b7449053fada,28,2024-12-14T00:00:00,FEATURE,False,False,FULL_OBSERVED_JOURNEY,VALID,3,feature_usage
event_362620ad143aa078,EventInstance,event_362620ad143aa078,2,2024-01-15T00:00:00,SUBSCRIPTION_START,False,False,LANDMARK_90D_JOURNEY,VALID,2,subscriptions
event_363b071a8f613b32,EventInstance,event_363b071a8f613b32,9,2024-08-19T00:00:00,SUBSCRIPTION_START,True,False,LANDMARK_90D_JOURNEY,VALID,2,subscriptions
event_366c839e35de2373,EventInstance,event_366c839e35de2373,15,2024-07-04T00:00:00,SUBSCRIPTION_START,True,False,LANDMARK_90D_JOURNEY,VALID,2,subscriptions
event_367f46cf220aed69,EventInstance,event_367f46cf220aed69,8,2024-01-31T00:00:00,FEATURE,False,False,FULL_OBSERVED_JOURNEY,VALID,3,feature_usage
event_36930ce508a31160,EventInstance,event_36930ce508a31160,13,2023-12-25T00:00:00,CHURN,True,True,BETWEEN_RECURRING_CHURNS,VALID_WITH_WARNING,6,churn_events
event_369cc55d35491ae0,EventInstance,event_369cc55d35491ae0,11,2024-08-04T00:00:00,FEATURE,False,False,FULL_OBSERVED_JOURNEY,VALID,3,feature_usage
event_36a14aebfeed4a6c,EventInstance,event_36a14aebfeed4a6c,15,2024-11-05T00:00:00,SUBSCRIPTION_START,False,False,FULL_OBSERVED_JOURNEY,VALID,2,subscriptions
event_36a7f8753b7a1f78,EventInstance,event_36a7f8753b7a1f78,1,2024-05-28T00:00:00,SUBSCRIPTION_START,True,False,LANDMARK_90D_JOURNEY,VALID,2,subscriptions
event_36b2ba222853fca3,EventInstance,event_36b2ba222853fca3,46,2024-10-08T00:00:00,FEATURE,False,False,FULL_OBSERVED_JOURNEY,VALID,3,feature_usage
event_36e6f8c5fdf581cf,EventInstance,event_36e6f8c5fdf581cf,15,2024-06-29T00:00:00,SUBSCRIPTION_END,False,False,FULL_OBSERVED_JOURNEY,VALID,8,subscriptions
event_36e7b6795c8a29a5,EventInstance,event_36e7b6795c8a29a5,10,2024-04-04T00:00:00,FEATURE,True,True,LANDMARK_90D_JOURNEY,VALID_WITH_WARNING,3,feature_usage
event_370a241714f15b72,EventInstance,event_370a241714f15b72,6,2024-10-26T09:00:00,SUPPORT_CLOSE,False,False,PRE_FIRST_CHURN,VALID,5,support_tickets
event_3729199e6ede912a,EventInstance,event_3729199e6ede912a,1,2023-10-21T00:00:00,SUBSCRIPTION_START,True,False,LANDMARK_30D_JOURNEY,VALID,2,subscriptions
event_37385369efab162d,EventInstance,event_37385369efab162d,23,2024-11-21T00:00:00,FEATURE,True,False,FULL_OBSERVED_JOURNEY,VALID,3,feature_usage
event_3778c3c173ec640f,EventInstance,event_3778c3c173ec640f,12,2024-02-01T00:00:00,FEATURE,False,False,FULL_OBSERVED_JOURNEY,VALID,3,feature_usage
event_378105568b2369c3,EventInstance,event_378105568b2369c3,7,2024-04-10T00:00:00,FEATURE,False,False,FULL_OBSERVED_JOURNEY,VALID,3,feature_usage
event_37a4d7449f60ca4f,EventInstance,event_37a4d7449f60ca4f,13,2024-11-24T00:00:00,SUBSCRIPTION_START,False,False,LANDMARK_90D_JOURNEY,VALID,2,subscriptions
event_37aab4a35cbe271f,EventInstance,event_37aab4a35cbe271f,9,2024-12-28T00:00:00,SUBSCRIPTION_START,True,False,FULL_OBSERVED_JOURNEY,VALID,2,subscriptions
event_37afc3cdc05b43f0,EventInstance,event_37afc3cdc05b43f0,5,2024-03-10T00:00:00,FEATURE,False,False,LANDMARK_90D_JOURNEY,VALID,3,feature_usage
event_37d4d0595ad76371,EventInstance,event_37d4d0595ad76371,5,2024-02-04T00:00:00,FEATURE,False,False,LANDMARK_90D_JOURNEY,VALID,3,feature_usage
event_37ed230b4473df5d,EventInstance,event_37ed230b4473df5d,9,2024-11-30T00:00:00,SUBSCRIPTION_START,False,False,FULL_OBSERVED_JOURNEY,VALID,2,subscriptions
event_37ed428bd242e943,EventInstance,event_37ed428bd242e943,18,2024-08-10T00:00:00,FEATURE,False,False,FULL_OBSERVED_JOURNEY,VALID,3,feature_usage
event_380b7f44fa1a021f,EventInstance,event_380b7f44fa1a021f,3,2024-08-10T00:00:00,CHURN,True,True,LANDMARK_30D_JOURNEY,VALID_WITH_WARNING,6,churn_events
event_38259791e747adec,EventInstance,event_38259791e747adec,2,2024-09-20T00:00:00,SUBSCRIPTION_START,False,False,BETWEEN_RECURRING_CHURNS,VALID,2,subscriptions
event_3834d4511c2afb6f,EventInstance,event_3834d4511c2afb6f,4,2023-10-24T00:00:00,SUBSCRIPTION_START,False,False,LANDMARK_90D_JOURNEY,VALID,2,subscriptions
event_388bbf6bf5756ab8,EventInstance,event_388bbf6bf5756ab8,2,2023-11-28T00:00:00,SUBSCRIPTION_START,False,False,LANDMARK_30D_JOURNEY,VALID,2,subscriptions
event_38905eab1006dc9f,EventInstance,event_38905eab1006dc9f,6,2023-08-30T00:00:00,SUBSCRIPTION_START,True,False,LANDMARK_90D_JOURNEY,VALID,2,subscriptions
event_389881ca31b29947,EventInstance,event_389881ca31b29947,1,2023-10-28T00:00:00,SUBSCRIPTION_START,True,False,LANDMARK_90D_JOURNEY,VALID,2,subscriptions
event_38af757d6a4a3340,EventInstance,event_38af757d6a4a3340,3,2024-11-30T00:00:00,SUBSCRIPTION_START,False,False,LANDMARK_30D_JOURNEY,VALID,2,subscriptions
event_38c610644a2d748e,EventInstance,event_38c610644a2d748e,17,2024-09-12T00:00:00,FEATURE,False,False,FULL_OBSERVED_JOURNEY,VALID,3,feature_usage
event_38d45f73139b3c79,EventInstance,event_38d45f73139b3c79,6,2024-01-15T00:00:00,SUBSCRIPTION_START,False,False,FULL_OBSERVED_JOURNEY,VALID,2,subscriptions
event_38d517e559bc5a6d,EventInstance,event_38d517e559bc5a6d,2,2024-11-26T00:00:00,SUBSCRIPTION_START,False,True,PRE_FIRST_CHURN,VALID_WITH_WARNING,2,subscriptions
event_38dc05707ea6ef78,EventInstance,event_38dc05707ea6ef78,9,2023-12-27T00:00:00,CHURN,True,True,FULL_OBSERVED_JOURNEY,VALID_WITH_WARNING,6,churn_events
event_392b001d2ecb9acd,EventInstance,event_392b001d2ecb9acd,3,2023-12-31T00:00:00,SUBSCRIPTION_START,False,False,FULL_OBSERVED_JOURNEY,VALID,2,subscriptions
event_398d5822a83ac91a,EventInstance,event_398d5822a83ac91a,20,2024-11-29T00:00:00,SUBSCRIPTION_START,True,False,LANDMARK_90D_JOURNEY,VALID,2,subscriptions
event_3998db580375cd2c,EventInstance,event_3998db580375cd2c,5,2024-06-02T00:00:00,SUBSCRIPTION_START,False,False,FULL_OBSERVED_JOURNEY,VALID,2,subscriptions
event_39e1d07f413125c4,EventInstance,event_39e1d07f413125c4,2,2024-03-06T00:00:00,SUBSCRIPTION_START,False,False,FULL_OBSERVED_JOURNEY,VALID,2,subscriptions
event_39e69407426b61a5,EventInstance,event_39e69407426b61a5,7,2024-10-08T00:00:00,SUBSCRIPTION_START,False,False,LANDMARK_90D_JOURNEY,VALID,2,subscriptions
event_3a05560115c26921,EventInstance,event_3a05560115c26921,22,2024-11-03T00:00:00,SUBSCRIPTION_START,False,False,FULL_OBSERVED_JOURNEY,VALID,2,subscriptions
event_3a169bed49b6dee2,EventInstance,event_3a169bed49b6dee2,15,2024-09-27T00:00:00,SUBSCRIPTION_END,False,False,FULL_OBSERVED_JOURNEY,VALID,8,subscriptions
event_3a1938a414249e5f,EventInstance,event_3a1938a414249e5f,42,2024-08-23T00:00:00,FEATURE,False,False,FULL_OBSERVED_JOURNEY,VALID,3,feature_usage
event_3a243cd7caca8d05,EventInstance,event_3a243cd7caca8d05,2,2024-09-06T00:00:00,SUBSCRIPTION_START,False,True,PRE_FIRST_CHURN,VALID_WITH_WARNING,2,subscriptions
event_3a4c13e43ac8868c,EventInstance,event_3a4c13e43ac8868c,13,2024-09-04T01:00:00,SUPPORT_CLOSE,False,False,FULL_OBSERVED_JOURNEY,VALID,5,support_tickets
event_3a52790dbe19c503,EventInstance,event_3a52790dbe19c503,24,2024-10-03T00:00:00,FEATURE,False,False,FULL_OBSERVED_JOURNEY,VALID,3,feature_usage
event_3a54227f6b126aad,EventInstance,event_3a54227f6b126aad,1,2024-01-18T00:00:00,SUBSCRIPTION_START,True,False,LANDMARK_60D_JOURNEY,VALID,2,subscriptions
event_3a788a5cc884ef4a,EventInstance,event_3a788a5cc884ef4a,2,2024-01-19T00:00:00,SUBSCRIPTION_START,False,False,FULL_OBSERVED_JOURNEY,VALID,2,subscriptions
event_3a789a4a0ed44120,EventInstance,event_3a789a4a0ed44120,3,2023-04-11T00:00:00,SUBSCRIPTION_START,True,False,LANDMARK_30D_JOURNEY,VALID,2,subscriptions
event_3a7ee956944abb36,EventInstance,event_3a7ee956944abb36,13,2024-09-30T19:00:00,SUPPORT_CLOSE,False,True,FULL_OBSERVED_JOURNEY,VALID_WITH_WARNING,5,support_tickets
event_3ae123cea0952ab2,EventInstance,event_3ae123cea0952ab2,1,2024-07-23T00:00:00,SUBSCRIPTION_START,True,False,LANDMARK_30D_JOURNEY,VALID,2,subscriptions
event_3afe5077179763ac,EventInstance,event_3afe5077179763ac,1,2024-12-07T00:00:00,ACCOUNT,True,False,FULL_OBSERVED_JOURNEY,VALID,1,accounts
event_3aff94dfaceaa632,EventInstance,event_3aff94dfaceaa632,4,2024-02-28T00:00:00,SUPPORT_OPEN,False,True,LANDMARK_90D_JOURNEY,VALID_WITH_WARNING,4,support_tickets
event_3b031e416ab7c73d,EventInstance,event_3b031e416ab7c73d,3,2024-09-17T10:00:00,SUPPORT_CLOSE,False,False,LANDMARK_30D_JOURNEY,VALID,5,support_tickets
event_3b2983a3d993d65d,EventInstance,event_3b2983a3d993d65d,3,2024-01-26T00:00:00,SUBSCRIPTION_START,False,True,FULL_OBSERVED_JOURNEY,VALID_WITH_WARNING,2,subscriptions
event_3b73a7a6f4d5b157,EventInstance,event_3b73a7a6f4d5b157,22,2024-07-22T00:00:00,FEATURE,False,False,FULL_OBSERVED_JOURNEY,VALID,3,feature_usage
event_3b763169e660a75d,EventInstance,event_3b763169e660a75d,22,2024-05-26T00:00:00,SUPPORT_OPEN,False,False,FULL_OBSERVED_JOURNEY,VALID,4,support_tickets
event_3b7f0b86dbb9ae4e,EventInstance,event_3b7f0b86dbb9ae4e,16,2024-06-20T00:00:00,FEATURE,False,False,FULL_OBSERVED_JOURNEY,VALID,3,feature_usage
event_3b917e61f837f511,EventInstance,event_3b917e61f837f511,2,2023-07-04T00:00:00,SUBSCRIPTION_START,False,False,LANDMARK_30D_JOURNEY,VALID,2,subscriptions
event_3bafdd8efea952f2,EventInstance,event_3bafdd8efea952f2,7,2024-09-30T00:00:00,SUBSCRIPTION_START,False,False,LANDMARK_90D_JOURNEY,VALID,2,subscriptions
event_3bc2082d1c44d503,EventInstance,event_3bc2082d1c44d503,2,2023-06-30T00:00:00,SUBSCRIPTION_START,True,False,LANDMARK_60D_JOURNEY,VALID,2,subscriptions
event_3bcb3b653518e856,EventInstance,event_3bcb3b653518e856,6,2023-04-05T00:00:00,SUBSCRIPTION_START,False,False,LANDMARK_60D_JOURNEY,VALID,2,subscriptions
event_3c0e137b69bf2cda,EventInstance,event_3c0e137b69bf2cda,4,2024-07-14T00:00:00,SUBSCRIPTION_START,False,False,LANDMARK_60D_JOURNEY,VALID,2,subscriptions
event_3c33b02709a192fe,EventInstance,event_3c33b02709a192fe,26,2024-09-16T00:00:00,SUBSCRIPTION_START,False,False,FULL_OBSERVED_JOURNEY,VALID,2,subscriptions
event_3c552f07c7f9eef9,EventInstance,event_3c552f07c7f9eef9,8,2024-10-20T00:00:00,SUBSCRIPTION_END,False,False,FULL_OBSERVED_JOURNEY,VALID,8,subscriptions
event_3c84657b6984e75f,EventInstance,event_3c84657b6984e75f,16,2024-10-05T00:00:00,FEATURE,False,False,FULL_OBSERVED_JOURNEY,VALID,3,feature_usage
event_3ca802a7b4e16782,EventInstance,event_3ca802a7b4e16782,31,2024-10-06T00:00:00,FEATURE,False,False,FULL_OBSERVED_JOURNEY,VALID,3,feature_usage
event_3cbe842e5fa2a45f,EventInstance,event_3cbe842e5fa2a45f,49,2024-10-28T00:00:00,FEATURE,False,False,FULL_OBSERVED_JOURNEY,VALID,3,feature_usage
event_3cc6e80b4d208c29,EventInstance,event_3cc6e80b4d208c29,12,2024-12-21T00:00:00,SUBSCRIPTION_START,False,False,FULL_OBSERVED_JOURNEY,VALID,2,subscriptions
event_3d0e755f727a6859,EventInstance,event_3d0e755f727a6859,9,2024-02-25T00:00:00,FEATURE,False,False,FULL_OBSERVED_JOURNEY,VALID,3,feature_usage
event_3d1450ce0508b867,EventInstance,event_3d1450ce0508b867,13,2024-02-10T00:00:00,FEATURE,False,False,FULL_OBSERVED_JOURNEY,VALID,3,feature_usage
event_3d16f6a8ac3e659a,EventInstance,event_3d16f6a8ac3e659a,22,2024-12-04T00:00:00,SUBSCRIPTION_START,False,False,FULL_OBSERVED_JOURNEY,VALID,2,subscriptions
event_3d1bd8b9f7a294fc,EventInstance,event_3d1bd8b9f7a294fc,3,2024-05-13T09:00:00,SUPPORT_CLOSE,False,False,FULL_OBSERVED_JOURNEY,VALID,5,support_tickets
event_3d3b33c59d5c2a54,EventInstance,event_3d3b33c59d5c2a54,18,2024-05-07T00:00:00,FEATURE,False,False,FULL_OBSERVED_JOURNEY,VALID,3,feature_usage
event_3d694c4785a458cc,EventInstance,event_3d694c4785a458cc,16,2024-12-27T00:00:00,FEATURE,True,False,FULL_OBSERVED_JOURNEY,VALID,3,feature_usage
event_3d6e6e993bb615ab,EventInstance,event_3d6e6e993bb615ab,2,2024-08-09T00:00:00,SUBSCRIPTION_START,False,False,LANDMARK_60D_JOURNEY,VALID,2,subscriptions
event_3d8a64c6728493a3,EventInstance,event_3d8a64c6728493a3,19,2024-12-29T00:00:00,SUBSCRIPTION_END,True,True,FULL_OBSERVED_JOURNEY,VALID_WITH_WARNING,8,subscriptions
event_3d9bbc4a89f1bc82,EventInstance,event_3d9bbc4a89f1bc82,17,2024-10-31T00:00:00,CHURN,True,True,LANDMARK_90D_JOURNEY,VALID_WITH_WARNING,6,churn_events
event_3da22435a9f4e4ae,EventInstance,event_3da22435a9f4e4ae,28,2024-09-24T00:00:00,FEATURE,False,False,FULL_OBSERVED_JOURNEY,VALID,3,feature_usage
event_3db21091da3882f7,EventInstance,event_3db21091da3882f7,8,2024-02-29T00:00:00,SUPPORT_OPEN,False,True,FULL_OBSERVED_JOURNEY,VALID_WITH_WARNING,4,support_tickets
event_3dd8f2c202a87b6c,EventInstance,event_3dd8f2c202a87b6c,12,2024-12-08T00:00:00,FEATURE,False,False,FULL_OBSERVED_JOURNEY,VALID,3,feature_usage
event_3de9f5a5ad4c3c9d,EventInstance,event_3de9f5a5ad4c3c9d,4,2024-10-08T00:00:00,SUBSCRIPTION_START,False,False,LANDMARK_60D_JOURNEY,VALID,2,subscriptions
event_3df3bcfeb5d85052,EventInstance,event_3df3bcfeb5d85052,3,2024-12-27T00:00:00,SUBSCRIPTION_START,False,True,FULL_OBSERVED_JOURNEY,VALID_WITH_WARNING,2,subscriptions
event_3df9f0ef46aa8b36,EventInstance,event_3df9f0ef46aa8b36,19,2024-08-24T00:00:00,SUBSCRIPTION_START,False,False,FULL_OBSERVED_JOURNEY,VALID,2,subscriptions
event_3dfdeb14777ff0a3,EventInstance,event_3dfdeb14777ff0a3,3,2024-12-09T00:00:00,FEATURE,False,False,LANDMARK_30D_JOURNEY,VALID,3,feature_usage
event_3e0321aa9d2c3917,EventInstance,event_3e0321aa9d2c3917,11,2023-07-10T00:00:00,FEATURE,False,False,FULL_OBSERVED_JOURNEY,VALID,3,feature_usage
event_3e081be011c0534f,EventInstance,event_3e081be011c0534f,27,2024-12-23T00:00:00,FEATURE,False,False,FULL_OBSERVED_JOURNEY,VALID,3,feature_usage
event_3e1283e1c52351dc,EventInstance,event_3e1283e1c52351dc,31,2024-12-26T00:00:00,FEATURE,False,False,FULL_OBSERVED_JOURNEY,VALID,3,feature_usage
event_3e1588d4e89ca53f,EventInstance,event_3e1588d4e89ca53f,2,2024-06-21T00:00:00,SUBSCRIPTION_START,False,False,FULL_OBSERVED_JOURNEY,VALID,2,subscriptions
event_3e2b6f038bd88932,EventInstance,event_3e2b6f038bd88932,3,2024-04-11T00:00:00,SUPPORT_OPEN,False,False,PRE_FIRST_CHURN,VALID,4,support_tickets
event_3e50a24a44d8e463,EventInstance,event_3e50a24a44d8e463,6,2024-11-04T17:00:00,SUPPORT_CLOSE,False,True,BETWEEN_RECURRING_CHURNS,VALID_WITH_WARNING,5,support_tickets
event_3e583194297175fa,EventInstance,event_3e583194297175fa,1,2024-06-17T00:00:00,SUBSCRIPTION_START,True,False,LANDMARK_90D_JOURNEY,VALID,2,subscriptions
event_3e999a00e8a03f86,EventInstance,event_3e999a00e8a03f86,37,2024-12-10T00:00:00,FEATURE,False,False,FULL_OBSERVED_JOURNEY,VALID,3,feature_usage
event_3e9a7e1846fc4a20,EventInstance,event_3e9a7e1846fc4a20,1,2024-04-11T00:00:00,SUBSCRIPTION_START,True,False,LANDMARK_90D_JOURNEY,VALID,2,subscriptions
event_3e9f890be81a52f2,EventInstance,event_3e9f890be81a52f2,12,2024-07-11T00:00:00,FEATURE,False,False,FULL_OBSERVED_JOURNEY,VALID,3,feature_usage
event_3ea2c41626f91d9b,EventInstance,event_3ea2c41626f91d9b,23,2024-12-02T00:00:00,FEATURE,False,False,FULL_OBSERVED_JOURNEY,VALID,3,feature_usage
event_3ea99fa419fdcc6c,EventInstance,event_3ea99fa419fdcc6c,6,2024-06-24T00:00:00,SUBSCRIPTION_START,False,False,FULL_OBSERVED_JOURNEY,VALID,2,subscriptions
event_3ed9ab285dc0c10c,EventInstance,event_3ed9ab285dc0c10c,3,2024-09-29T00:00:00,SUBSCRIPTION_START,False,False,LANDMARK_90D_JOURNEY,VALID,2,subscriptions
event_3ee2245c78aee132,EventInstance,event_3ee2245c78aee132,2,2024-09-28T00:00:00,CHURN,True,False,LANDMARK_60D_JOURNEY,VALID,6,churn_events
event_3ef07a263d8d5ae3,EventInstance,event_3ef07a263d8d5ae3,12,2024-10-15T11:00:00,SUPPORT_CLOSE,False,False,FULL_OBSERVED_JOURNEY,VALID,5,support_tickets
event_3f2ac70294136d0b,EventInstance,event_3f2ac70294136d0b,25,2024-10-04T00:00:00,SUBSCRIPTION_START,False,False,FULL_OBSERVED_JOURNEY,VALID,2,subscriptions
event_3f2ead6bc066e68f,EventInstance,event_3f2ead6bc066e68f,20,2024-09-27T00:00:00,FEATURE,False,False,FULL_OBSERVED_JOURNEY,VALID,3,feature_usage
event_3f4a0f523b866cb9,EventInstance,event_3f4a0f523b866cb9,26,2024-12-22T00:00:00,SUBSCRIPTION_START,False,False,FULL_OBSERVED_JOURNEY,VALID,2,subscriptions
event_3f8b8850f5fb165e,EventInstance,event_3f8b8850f5fb165e,1,2023-09-04T00:00:00,ACCOUNT,True,False,FULL_OBSERVED_JOURNEY,VALID,1,accounts
event_3f918509a691978b,EventInstance,event_3f918509a691978b,14,2024-09-24T00:00:00,SUBSCRIPTION_START,False,False,FULL_OBSERVED_JOURNEY,VALID,2,subscriptions
event_3fa7ec1a8066c054,EventInstance,event_3fa7ec1a8066c054,2,2023-09-27T00:00:00,SUBSCRIPTION_START,True,False,LANDMARK_30D_JOURNEY,VALID,2,subscriptions
event_3fc198fb0690a2e5,EventInstance,event_3fc198fb0690a2e5,13,2024-09-12T00:00:00,FEATURE,False,False,FULL_OBSERVED_JOURNEY,VALID,3,feature_usage
event_3fdbc7d0c0335680,EventInstance,event_3fdbc7d0c0335680,3,2023-11-11T05:00:00,SUPPORT_CLOSE,False,True,FULL_OBSERVED_JOURNEY,VALID_WITH_WARNING,5,support_tickets
event_3fea3c59f1a4841c,EventInstance,event_3fea3c59f1a4841c,19,2024-07-07T00:00:00,FEATURE,False,False,FULL_OBSERVED_JOURNEY,VALID,3,feature_usage
event_401b47e4e89ad0d4,EventInstance,event_401b47e4e89ad0d4,7,2024-04-22T00:00:00,FEATURE,False,False,FULL_OBSERVED_JOURNEY,VALID,3,feature_usage
event_404b38ea8c83494d,EventInstance,event_404b38ea8c83494d,5,2024-09-21T00:00:00,SUBSCRIPTION_START,False,False,LANDMARK_60D_JOURNEY,VALID,2,subscriptions
event_4055d706e6c016f4,EventInstance,event_4055d706e6c016f4,19,2024-12-10T00:00:00,SUBSCRIPTION_START,False,False,PRE_FIRST_CHURN,VALID,2,subscriptions
event_4087b8657ede4d5b,EventInstance,event_4087b8657ede4d5b,7,2024-02-17T00:00:00,FEATURE,False,False,LANDMARK_90D_JOURNEY,VALID,3,feature_usage
event_40a08a1198e39f91,EventInstance,event_40a08a1198e39f91,12,2024-12-31T00:00:00,SUBSCRIPTION_START,False,True,FULL_OBSERVED_JOURNEY,VALID_WITH_WARNING,2,subscriptions
event_40a5dab89068e3f5,EventInstance,event_40a5dab89068e3f5,32,2024-12-03T00:00:00,FEATURE,False,False,FULL_OBSERVED_JOURNEY,VALID,3,feature_usage
event_40b162ca80f1d097,EventInstance,event_40b162ca80f1d097,23,2024-12-28T00:00:00,SUBSCRIPTION_START,True,False,FULL_OBSERVED_JOURNEY,VALID,2,subscriptions
event_40e85f5df0a6798c,EventInstance,event_40e85f5df0a6798c,9,2023-04-25T00:00:00,FEATURE,False,False,FULL_OBSERVED_JOURNEY,VALID,3,feature_usage
event_410815a75a0fe97e,EventInstance,event_410815a75a0fe97e,6,2023-10-15T00:00:00,SUBSCRIPTION_START,False,False,FULL_OBSERVED_JOURNEY,VALID,2,subscriptions
event_410fdc8e2bc4e139,EventInstance,event_410fdc8e2bc4e139,29,2024-04-08T00:00:00,SUBSCRIPTION_START,False,False,FULL_OBSERVED_JOURNEY,VALID,2,subscriptions
event_417c297c706fea35,EventInstance,event_417c297c706fea35,11,2024-05-03T00:00:00,FEATURE,False,False,BETWEEN_RECURRING_CHURNS,VALID,3,feature_usage
event_418b3970261587a8,EventInstance,event_418b3970261587a8,3,2023-10-22T00:00:00,FEATURE,False,False,LANDMARK_60D_JOURNEY,VALID,3,feature_usage
event_419269179e6cb5cb,EventInstance,event_419269179e6cb5cb,22,2024-09-14T00:00:00,SUBSCRIPTION_START,False,False,FULL_OBSERVED_JOURNEY,VALID,2,subscriptions
event_41c20aa2b46b16e8,EventInstance,event_41c20aa2b46b16e8,3,2024-11-29T00:00:00,SUBSCRIPTION_START,False,True,BETWEEN_RECURRING_CHURNS,VALID_WITH_WARNING,2,subscriptions
event_42049eae42aa8a8e,EventInstance,event_42049eae42aa8a8e,16,2024-07-09T00:00:00,SUBSCRIPTION_END,False,False,FULL_OBSERVED_JOURNEY,VALID,8,subscriptions
event_4237d21762b43e6e,EventInstance,event_4237d21762b43e6e,7,2024-06-12T00:00:00,SUBSCRIPTION_END,False,True,LANDMARK_90D_JOURNEY,VALID_WITH_WARNING,8,subscriptions
event_423eeb3a67f77750,EventInstance,event_423eeb3a67f77750,6,2024-12-09T00:00:00,FEATURE,False,False,PRE_FIRST_CHURN,VALID,3,feature_usage
event_425d77ba91e2e5e1,EventInstance,event_425d77ba91e2e5e1,5,2024-12-09T00:00:00,FEATURE,False,False,LANDMARK_30D_JOURNEY,VALID,3,feature_usage
event_428e49e56734827e,EventInstance,event_428e49e56734827e,8,2024-04-02T00:00:00,SUBSCRIPTION_START,False,True,LANDMARK_90D_JOURNEY,VALID_WITH_WARNING,2,subscriptions
event_42b34b74f73d60c2,EventInstance,event_42b34b74f73d60c2,10,2024-08-09T00:00:00,SUBSCRIPTION_START,False,False,PRE_FIRST_CHURN,VALID,2,subscriptions
event_42c992fc0dd4094c,EventInstance,event_42c992fc0dd4094c,4,2023-04-02T00:00:00,FEATURE,False,False,LANDMARK_60D_JOURNEY,VALID,3,feature_usage
event_42d33fc99892360b,EventInstance,event_42d33fc99892360b,21,2024-09-17T00:00:00,SUPPORT_OPEN,False,True,FULL_OBSERVED_JOURNEY,VALID_WITH_WARNING,4,support_tickets
event_42d38711f3c71907,EventInstance,event_42d38711f3c71907,6,2024-07-13T00:00:00,SUBSCRIPTION_START,False,False,FULL_OBSERVED_JOURNEY,VALID,2,subscriptions
event_42f3bb51b13668a4,EventInstance,event_42f3bb51b13668a4,4,2024-09-13T00:00:00,FEATURE,False,False,LANDMARK_90D_JOURNEY,VALID,3,feature_usage
event_430774a8b716cc77,EventInstance,event_430774a8b716cc77,2,2024-02-22T00:00:00,FEATURE,False,True,LANDMARK_90D_JOURNEY,VALID_WITH_WARNING,3,feature_usage
event_4320340fb3b35229,EventInstance,event_4320340fb3b35229,1,2024-09-06T00:00:00,ACCOUNT,True,True,PRE_FIRST_CHURN,VALID_WITH_WARNING,1,accounts
event_4328aaa2a3e4ed99,EventInstance,event_4328aaa2a3e4ed99,10,2024-04-26T00:00:00,SUBSCRIPTION_START,False,False,FULL_OBSERVED_JOURNEY,VALID,2,subscriptions
event_433a94cb266a9997,EventInstance,event_433a94cb266a9997,3,2024-09-03T00:00:00,SUBSCRIPTION_START,False,False,LANDMARK_90D_JOURNEY,VALID,2,subscriptions
event_433bf465286d8e9f,EventInstance,event_433bf465286d8e9f,10,2024-09-16T00:00:00,SUPPORT_OPEN,False,False,PRE_FIRST_CHURN,VALID,4,support_tickets
event_433c6575d5b2df46,EventInstance,event_433c6575d5b2df46,1,2024-09-18T00:00:00,SUBSCRIPTION_START,True,False,LANDMARK_60D_JOURNEY,VALID,2,subscriptions
event_43419e8e1c17a207,EventInstance,event_43419e8e1c17a207,12,2024-05-16T00:00:00,FEATURE,False,False,FULL_OBSERVED_JOURNEY,VALID,3,feature_usage
event_4347fa2769a9d89f,EventInstance,event_4347fa2769a9d89f,11,2024-05-06T00:00:00,FEATURE,False,False,FULL_OBSERVED_JOURNEY,VALID,3,feature_usage
event_4356f140a28ad44a,EventInstance,event_4356f140a28ad44a,1,2024-11-17T00:00:00,ACCOUNT,True,False,PRE_FIRST_CHURN,VALID,1,accounts
event_437e85b5cfe4e3cd,EventInstance,event_437e85b5cfe4e3cd,18,2024-11-12T00:00:00,SUBSCRIPTION_START,False,False,FULL_OBSERVED_JOURNEY,VALID,2,subscriptions
event_43aec2e99d01ff17,EventInstance,event_43aec2e99d01ff17,1,2024-11-23T00:00:00,CHURN,True,True,BETWEEN_RECURRING_CHURNS,VALID_WITH_WARNING,6,churn_events
event_43e8a6544847889b,EventInstance,event_43e8a6544847889b,6,2024-04-20T00:00:00,FEATURE,False,False,FULL_OBSERVED_JOURNEY,VALID,3,feature_usage
event_43f303f38c9f4e06,EventInstance,event_43f303f38c9f4e06,2,2024-06-08T00:00:00,SUBSCRIPTION_START,False,False,FULL_OBSERVED_JOURNEY,VALID,2,subscriptions
event_445c12d1cceebe38,EventInstance,event_445c12d1cceebe38,5,2024-10-24T00:00:00,FEATURE,False,False,LANDMARK_90D_JOURNEY,VALID,3,feature_usage
event_4498308dc672a7b9,EventInstance,event_4498308dc672a7b9,30,2024-12-20T00:00:00,SUBSCRIPTION_START,False,False,FULL_OBSERVED_JOURNEY,VALID,2,subscriptions
event_449cee0061b32c42,EventInstance,event_449cee0061b32c42,4,2024-10-05T00:00:00,CHURN,True,True,LANDMARK_60D_JOURNEY,VALID_WITH_WARNING,6,churn_events
event_450558f010577459,EventInstance,event_450558f010577459,10,2024-12-08T00:00:00,SUBSCRIPTION_START,False,False,FULL_OBSERVED_JOURNEY,VALID,2,subscriptions
event_451bf44ef0b5daf5,EventInstance,event_451bf44ef0b5daf5,29,2024-10-13T00:00:00,SUBSCRIPTION_START,False,False,FULL_OBSERVED_JOURNEY,VALID,2,subscriptions
event_452ec4f06252f689,EventInstance,event_452ec4f06252f689,2,2024-04-07T00:00:00,SUBSCRIPTION_START,True,False,LANDMARK_30D_JOURNEY,VALID,2,subscriptions
event_453d7049e887aaa3,EventInstance,event_453d7049e887aaa3,9,2023-09-28T00:00:00,FEATURE,False,False,FULL_OBSERVED_JOURNEY,VALID,3,feature_usage
event_458fa90d5899264b,EventInstance,event_458fa90d5899264b,5,2024-04-24T00:00:00,SUPPORT_OPEN,False,False,LANDMARK_60D_JOURNEY,VALID,4,support_tickets
event_4594f82b79d66fc1,EventInstance,event_4594f82b79d66fc1,8,2024-04-18T00:00:00,REACTIVATION,True,True,FULL_OBSERVED_JOURNEY,VALID_WITH_WARNING,7,churn_events
event_45b45f34c642f604,EventInstance,event_45b45f34c642f604,6,2024-09-13T00:00:00,FEATURE,False,False,FULL_OBSERVED_JOURNEY,VALID,3,feature_usage
event_45b814bf0272d8aa,EventInstance,event_45b814bf0272d8aa,4,2023-02-15T00:00:00,FEATURE,False,False,FULL_OBSERVED_JOURNEY,VALID,3,feature_usage
event_45f618409bb15851,EventInstance,event_45f618409bb15851,19,2024-12-30T00:00:00,FEATURE,True,False,FULL_OBSERVED_JOURNEY,VALID,3,feature_usage
event_45f9df2f5b83aec1,EventInstance,event_45f9df2f5b83aec1,8,2024-06-19T00:00:00,SUBSCRIPTION_START,False,False,LANDMARK_90D_JOURNEY,VALID,2,subscriptions
event_463b2dff19c9288b,EventInstance,event_463b2dff19c9288b,29,2024-12-30T00:00:00,SUBSCRIPTION_END,True,False,FULL_OBSERVED_JOURNEY,VALID,8,subscriptions
event_4663478516dd51b5,EventInstance,event_4663478516dd51b5,20,2024-12-28T00:00:00,SUBSCRIPTION_START,False,False,FULL_OBSERVED_JOURNEY,VALID,2,subscriptions
event_466d584179262810,EventInstance,event_466d584179262810,17,2024-08-07T00:00:00,FEATURE,False,False,FULL_OBSERVED_JOURNEY,VALID,3,feature_usage
event_469fdf4dba4d6bec,EventInstance,event_469fdf4dba4d6bec,16,2024-12-13T00:00:00,FEATURE,False,False,FULL_OBSERVED_JOURNEY,VALID,3,feature_usage
event_46a7256d43549acb,EventInstance,event_46a7256d43549acb,4,2023-11-29T00:00:00,SUBSCRIPTION_START,False,False,FULL_OBSERVED_JOURNEY,VALID,2,subscriptions
event_46b553cfb1cb34c1,EventInstance,event_46b553cfb1cb34c1,2,2024-09-16T00:00:00,SUBSCRIPTION_START,False,False,FULL_OBSERVED_JOURNEY,VALID,2,subscriptions
event_46bcb98878b04378,EventInstance,event_46bcb98878b04378,30,2024-11-04T16:00:00,SUPPORT_CLOSE,False,False,FULL_OBSERVED_JOURNEY,VALID,5,support_tickets
event_46c6f24f7a2317f1,EventInstance,event_46c6f24f7a2317f1,31,2024-10-25T00:00:00,FEATURE,False,False,FULL_OBSERVED_JOURNEY,VALID,3,feature_usage
event_46d8a71078fe5a1e,EventInstance,event_46d8a71078fe5a1e,15,2024-12-07T00:00:00,SUBSCRIPTION_START,False,False,FULL_OBSERVED_JOURNEY,VALID,2,subscriptions
event_46e297da946b8eee,EventInstance,event_46e297da946b8eee,8,2024-03-11T00:00:00,SUBSCRIPTION_START,False,False,FULL_OBSERVED_JOURNEY,VALID,2,subscriptions
event_46e772cbff833325,EventInstance,event_46e772cbff833325,22,2024-12-03T00:00:00,FEATURE,False,False,FULL_OBSERVED_JOURNEY,VALID,3,feature_usage
event_4720a1008fdef478,EventInstance,event_4720a1008fdef478,15,2024-10-19T00:00:00,FEATURE,False,True,LANDMARK_90D_JOURNEY,VALID_WITH_WARNING,3,feature_usage
event_476abc3f1bb9ffa3,EventInstance,event_476abc3f1bb9ffa3,18,2024-10-20T00:00:00,FEATURE,False,True,FULL_OBSERVED_JOURNEY,VALID_WITH_WARNING,3,feature_usage
event_477f330df6b11ac6,EventInstance,event_477f330df6b11ac6,30,2024-10-17T00:00:00,SUBSCRIPTION_START,False,False,FULL_OBSERVED_JOURNEY,VALID,2,subscriptions
event_47836246d5e96873,EventInstance,event_47836246d5e96873,10,2023-07-08T00:00:00,FEATURE,False,False,FULL_OBSERVED_JOURNEY,VALID,3,feature_usage
event_47845dc77ddd7715,EventInstance,event_47845dc77ddd7715,7,2024-08-01T00:00:00,SUBSCRIPTION_START,False,False,FULL_OBSERVED_JOURNEY,VALID,2,subscriptions
event_478e16aea41f18f6,EventInstance,event_478e16aea41f18f6,31,2024-08-05T00:00:00,FEATURE,False,False,BETWEEN_RECURRING_CHURNS,VALID,3,feature_usage
event_47a196e26d1e8c04,EventInstance,event_47a196e26d1e8c04,4,2023-12-20T00:00:00,SUBSCRIPTION_START,False,False,FULL_OBSERVED_JOURNEY,VALID,2,subscriptions
event_47a55b38bcb54902,EventInstance,event_47a55b38bcb54902,19,2024-10-30T00:00:00,FEATURE,False,False,PRE_FIRST_CHURN,VALID,3,feature_usage
event_47ac330d9a2ba092,EventInstance,event_47ac330d9a2ba092,16,2024-10-12T04:00:00,SUPPORT_CLOSE,False,False,FULL_OBSERVED_JOURNEY,VALID,5,support_tickets
event_47ac55ae82069cb8,EventInstance,event_47ac55ae82069cb8,35,2024-12-14T00:00:00,FEATURE,False,False,FULL_OBSERVED_JOURNEY,VALID,3,feature_usage
event_47dad23609eb2d4e,EventInstance,event_47dad23609eb2d4e,3,2023-11-18T00:00:00,SUBSCRIPTION_START,False,False,PRE_FIRST_CHURN,VALID,2,subscriptions
event_481c2ad20c9137ab,EventInstance,event_481c2ad20c9137ab,8,2024-12-15T00:00:00,SUBSCRIPTION_START,False,True,LANDMARK_30D_JOURNEY,VALID_WITH_WARNING,2,subscriptions
event_483c8c0eedc734f6,EventInstance,event_483c8c0eedc734f6,18,2024-08-15T00:00:00,SUBSCRIPTION_START,False,False,FULL_OBSERVED_JOURNEY,VALID,2,subscriptions
event_484cd0d8bcb3545b,EventInstance,event_484cd0d8bcb3545b,10,2024-01-01T00:00:00,SUBSCRIPTION_START,False,False,FULL_OBSERVED_JOURNEY,VALID,2,subscriptions
event_485e50a01ccccce4,EventInstance,event_485e50a01ccccce4,21,2024-07-20T00:00:00,FEATURE,False,False,FULL_OBSERVED_JOURNEY,VALID,3,feature_usage
event_486469892893a80a,EventInstance,event_486469892893a80a,13,2024-12-19T00:00:00,SUBSCRIPTION_START,True,False,FULL_OBSERVED_JOURNEY,VALID,2,subscriptions
event_486772608023c4f5,EventInstance,event_486772608023c4f5,16,2024-10-26T00:00:00,SUBSCRIPTION_START,False,False,PRE_FIRST_CHURN,VALID,2,subscriptions
event_487f4120c824d2ae,EventInstance,event_487f4120c824d2ae,17,2024-04-29T00:00:00,FEATURE,False,False,FULL_OBSERVED_JOURNEY,VALID,3,feature_usage
event_4880bfe6295c01ad,EventInstance,event_4880bfe6295c01ad,2,2024-08-27T00:00:00,SUBSCRIPTION_START,False,False,LANDMARK_90D_JOURNEY,VALID,2,subscriptions
event_4898d132529b2104,EventInstance,event_4898d132529b2104,17,2024-12-26T00:00:00,SUBSCRIPTION_END,False,False,FULL_OBSERVED_JOURNEY,VALID,8,subscriptions
event_48ae17fcd2ef97c7,EventInstance,event_48ae17fcd2ef97c7,14,2024-08-17T00:00:00,FEATURE,False,False,FULL_OBSERVED_JOURNEY,VALID,3,feature_usage
event_48b35b33409a45bb,EventInstance,event_48b35b33409a45bb,5,2024-11-05T00:00:00,FEATURE,False,False,PRE_FIRST_CHURN,VALID,3,feature_usage
event_48ba0d24300004d7,EventInstance,event_48ba0d24300004d7,5,2024-08-03T00:00:00,CHURN,True,True,LANDMARK_60D_JOURNEY,VALID_WITH_WARNING,6,churn_events
event_48cac6e5cbf128eb,EventInstance,event_48cac6e5cbf128eb,11,2024-10-28T00:00:00,FEATURE,False,False,PRE_FIRST_CHURN,VALID,3,feature_usage
event_48eed85677ce8834,EventInstance,event_48eed85677ce8834,1,2024-01-10T00:00:00,SUBSCRIPTION_START,True,False,LANDMARK_90D_JOURNEY,VALID,2,subscriptions
event_48fb826009cc3259,EventInstance,event_48fb826009cc3259,6,2024-08-05T00:00:00,SUBSCRIPTION_START,True,False,LANDMARK_60D_JOURNEY,VALID,2,subscriptions
event_48fd50446b9283ce,EventInstance,event_48fd50446b9283ce,9,2024-10-28T00:00:00,SUBSCRIPTION_START,False,False,LANDMARK_90D_JOURNEY,VALID,2,subscriptions
event_491b6df192b7d98d,EventInstance,event_491b6df192b7d98d,11,2024-12-17T00:00:00,SUBSCRIPTION_START,False,True,FULL_OBSERVED_JOURNEY,VALID_WITH_WARNING,2,subscriptions
event_491d25ca2fed6514,EventInstance,event_491d25ca2fed6514,5,2024-12-21T00:00:00,SUBSCRIPTION_START,False,False,FULL_OBSERVED_JOURNEY,VALID,2,subscriptions
event_492c55af2005451d,EventInstance,event_492c55af2005451d,1,2023-05-10T00:00:00,SUBSCRIPTION_START,True,False,LANDMARK_30D_JOURNEY,VALID,2,subscriptions
event_492f23ead1af53bf,EventInstance,event_492f23ead1af53bf,6,2024-08-09T00:00:00,SUBSCRIPTION_START,True,False,LANDMARK_60D_JOURNEY,VALID,2,subscriptions
event_4944044b53a83547,EventInstance,event_4944044b53a83547,35,2024-12-10T00:00:00,FEATURE,False,False,FULL_OBSERVED_JOURNEY,VALID,3,feature_usage
event_4944592ddfdf676c,EventInstance,event_4944592ddfdf676c,9,2024-12-26T00:00:00,SUBSCRIPTION_START,False,False,POST_REACTIVATION,VALID,2,subscriptions
event_4958c3d4dc878732,EventInstance,event_4958c3d4dc878732,11,2024-03-18T00:00:00,FEATURE,False,False,PRE_FIRST_CHURN,VALID,3,feature_usage
event_496984527e2ee83e,EventInstance,event_496984527e2ee83e,26,2024-11-03T00:00:00,FEATURE,False,False,FULL_OBSERVED_JOURNEY,VALID,3,feature_usage
event_4972759b28101157,EventInstance,event_4972759b28101157,30,2024-09-18T23:00:00,SUPPORT_CLOSE,False,True,FULL_OBSERVED_JOURNEY,VALID_WITH_WARNING,5,support_tickets
event_497300f8f98e49ee,EventInstance,event_497300f8f98e49ee,8,2024-11-28T00:00:00,SUBSCRIPTION_START,False,False,FULL_OBSERVED_JOURNEY,VALID,2,subscriptions
event_499021950012e572,EventInstance,event_499021950012e572,2,2023-11-27T00:00:00,SUBSCRIPTION_START,False,False,LANDMARK_60D_JOURNEY,VALID,2,subscriptions
event_49b29f497fd02c2c,EventInstance,event_49b29f497fd02c2c,8,2023-04-05T00:00:00,SUBSCRIPTION_START,False,False,LANDMARK_90D_JOURNEY,VALID,2,subscriptions
event_49b8a5067cda2ac0,EventInstance,event_49b8a5067cda2ac0,4,2024-10-23T00:00:00,FEATURE,False,False,BETWEEN_RECURRING_CHURNS,VALID,3,feature_usage
event_49ce24603afa15ef,EventInstance,event_49ce24603afa15ef,4,2024-08-08T00:00:00,SUBSCRIPTION_START,False,False,PRE_FIRST_CHURN,VALID,2,subscriptions
event_49dbb46cc95955c0,EventInstance,event_49dbb46cc95955c0,14,2024-07-21T00:00:00,SUBSCRIPTION_START,False,False,FULL_OBSERVED_JOURNEY,VALID,2,subscriptions
event_49ec87e925495776,EventInstance,event_49ec87e925495776,21,2024-11-14T00:00:00,FEATURE,False,False,FULL_OBSERVED_JOURNEY,VALID,3,feature_usage
event_49f678a9247a76d4,EventInstance,event_49f678a9247a76d4,33,2024-12-29T00:00:00,SUBSCRIPTION_START,False,False,FULL_OBSERVED_JOURNEY,VALID,2,subscriptions
event_4a18496d104f7238,EventInstance,event_4a18496d104f7238,9,2024-12-01T00:00:00,SUBSCRIPTION_START,False,False,LANDMARK_90D_JOURNEY,VALID,2,subscriptions
event_4a1b53935e8a6362,EventInstance,event_4a1b53935e8a6362,2,2024-11-10T00:00:00,SUBSCRIPTION_START,False,False,FULL_OBSERVED_JOURNEY,VALID,2,subscriptions
event_4a1c7e318248be99,EventInstance,event_4a1c7e318248be99,6,2024-07-05T00:00:00,SUBSCRIPTION_START,True,False,LANDMARK_90D_JOURNEY,VALID,2,subscriptions
event_4a3dcfe67ff95e9d,EventInstance,event_4a3dcfe67ff95e9d,11,2024-01-05T00:00:00,FEATURE,False,False,FULL_OBSERVED_JOURNEY,VALID,3,feature_usage
event_4a6bf2155e28aed8,EventInstance,event_4a6bf2155e28aed8,16,2024-04-28T00:00:00,FEATURE,False,False,FULL_OBSERVED_JOURNEY,VALID,3,feature_usage
event_4a76e8123fa95cc6,EventInstance,event_4a76e8123fa95cc6,22,2024-09-27T00:00:00,FEATURE,False,True,FULL_OBSERVED_JOURNEY,VALID_WITH_WARNING,3,feature_usage
event_4a9b5e49de1a0ed8,EventInstance,event_4a9b5e49de1a0ed8,5,2023-03-28T00:00:00,SUBSCRIPTION_START,False,False,LANDMARK_90D_JOURNEY,VALID,2,subscriptions
event_4aa5ab98c382f86b,EventInstance,event_4aa5ab98c382f86b,9,2024-10-26T00:00:00,FEATURE,False,False,LANDMARK_90D_JOURNEY,VALID,3,feature_usage
event_4ac65f9f0b551bb4,EventInstance,event_4ac65f9f0b551bb4,10,2024-09-27T00:00:00,SUBSCRIPTION_START,False,False,LANDMARK_90D_JOURNEY,VALID,2,subscriptions
event_4ac74a6d80fcacc2,EventInstance,event_4ac74a6d80fcacc2,22,2024-09-17T17:00:00,SUPPORT_CLOSE,False,True,FULL_OBSERVED_JOURNEY,VALID_WITH_WARNING,5,support_tickets
event_4ae3d53aaca1721a,EventInstance,event_4ae3d53aaca1721a,19,2024-10-17T00:00:00,SUBSCRIPTION_START,False,False,FULL_OBSERVED_JOURNEY,VALID,2,subscriptions
event_4af0e624f67b7d3f,EventInstance,event_4af0e624f67b7d3f,25,2024-07-20T00:00:00,SUBSCRIPTION_END,False,False,FULL_OBSERVED_JOURNEY,VALID,8,subscriptions
event_4b0929b47b4c0f35,EventInstance,event_4b0929b47b4c0f35,8,2023-04-09T00:00:00,FEATURE,False,False,FULL_OBSERVED_JOURNEY,VALID,3,feature_usage
event_4b127c03bb4c484a,EventInstance,event_4b127c03bb4c484a,22,2024-11-29T00:00:00,FEATURE,True,False,FULL_OBSERVED_JOURNEY,VALID,3,feature_usage
event_4b18804306bd213d,EventInstance,event_4b18804306bd213d,18,2024-09-25T00:00:00,FEATURE,False,False,FULL_OBSERVED_JOURNEY,VALID,3,feature_usage
event_4b2311591a69f50f,EventInstance,event_4b2311591a69f50f,14,2024-12-24T00:00:00,SUBSCRIPTION_START,False,False,FULL_OBSERVED_JOURNEY,VALID,2,subscriptions
event_4b23c45f25130d73,EventInstance,event_4b23c45f25130d73,6,2023-12-03T00:00:00,SUBSCRIPTION_START,False,False,FULL_OBSERVED_JOURNEY,VALID,2,subscriptions
event_4b2829195f569923,EventInstance,event_4b2829195f569923,16,2024-05-20T00:00:00,SUBSCRIPTION_START,False,False,FULL_OBSERVED_JOURNEY,VALID,2,subscriptions
event_4b28eaaf4b5e4910,EventInstance,event_4b28eaaf4b5e4910,3,2024-07-05T00:00:00,SUBSCRIPTION_START,False,False,LANDMARK_90D_JOURNEY,VALID,2,subscriptions
event_4b5a1f03d43343a4,EventInstance,event_4b5a1f03d43343a4,5,2024-02-28T20:00:00,SUPPORT_CLOSE,False,True,LANDMARK_90D_JOURNEY,VALID_WITH_WARNING,5,support_tickets
event_4b82a8b7ae494e5e,EventInstance,event_4b82a8b7ae494e5e,22,2023-12-10T00:00:00,FEATURE,False,False,FULL_OBSERVED_JOURNEY,VALID,3,feature_usage
event_4b85862402670e46,EventInstance,event_4b85862402670e46,29,2024-09-18T00:00:00,SUPPORT_OPEN,False,True,FULL_OBSERVED_JOURNEY,VALID_WITH_WARNING,4,support_tickets
event_4b99392abfdceefc,EventInstance,event_4b99392abfdceefc,3,2023-12-10T00:00:00,SUBSCRIPTION_START,False,False,FULL_OBSERVED_JOURNEY,VALID,2,subscriptions
event_4bcf3411f6947cb4,EventInstance,event_4bcf3411f6947cb4,23,2024-08-02T00:00:00,FEATURE,False,True,FULL_OBSERVED_JOURNEY,VALID_WITH_WARNING,3,feature_usage
event_4bea89beefc77e17,EventInstance,event_4bea89beefc77e17,8,2024-09-27T00:00:00,SUBSCRIPTION_START,False,False,LANDMARK_90D_JOURNEY,VALID,2,subscriptions
event_4bfef367b3a93eb0,EventInstance,event_4bfef367b3a93eb0,3,2024-01-05T00:00:00,SUBSCRIPTION_START,False,False,LANDMARK_60D_JOURNEY,VALID,2,subscriptions
event_4c139d46b8c03a0f,EventInstance,event_4c139d46b8c03a0f,13,2024-07-01T14:00:00,SUPPORT_CLOSE,False,False,PRE_FIRST_CHURN,VALID,5,support_tickets
event_4c30824778947199,EventInstance,event_4c30824778947199,4,2024-01-14T00:00:00,SUBSCRIPTION_START,False,False,FULL_OBSERVED_JOURNEY,VALID,2,subscriptions
event_4c596d572efd25f2,EventInstance,event_4c596d572efd25f2,11,2024-12-16T00:00:00,SUBSCRIPTION_END,False,False,FULL_OBSERVED_JOURNEY,VALID,8,subscriptions
event_4c68ae03e83c50a5,EventInstance,event_4c68ae03e83c50a5,1,2023-12-10T00:00:00,SUBSCRIPTION_START,True,False,LANDMARK_90D_JOURNEY,VALID,2,subscriptions
event_4c791e5ebf4515c2,EventInstance,event_4c791e5ebf4515c2,3,2023-03-14T00:00:00,SUPPORT_OPEN,False,True,PRE_FIRST_CHURN,VALID_WITH_WARNING,4,support_tickets
event_4c8b828bc7e31d14,EventInstance,event_4c8b828bc7e31d14,11,2024-09-17T10:00:00,SUPPORT_CLOSE,False,False,PRE_FIRST_CHURN,VALID,5,support_tickets
event_4c9a2c1ba817ec5a,EventInstance,event_4c9a2c1ba817ec5a,1,2024-09-11T00:00:00,ACCOUNT,True,False,FULL_OBSERVED_JOURNEY,VALID,1,accounts
event_4cab022231c57b70,EventInstance,event_4cab022231c57b70,2,2024-08-29T00:00:00,FEATURE,False,False,LANDMARK_90D_JOURNEY,VALID,3,feature_usage
event_4cb0d2c3be3211ee,EventInstance,event_4cb0d2c3be3211ee,10,2024-12-19T00:00:00,SUBSCRIPTION_START,False,False,FULL_OBSERVED_JOURNEY,VALID,2,subscriptions
event_4cb6b9f99d7c9d1a,EventInstance,event_4cb6b9f99d7c9d1a,27,2024-09-13T00:00:00,FEATURE,False,False,FULL_OBSERVED_JOURNEY,VALID,3,feature_usage
event_4ce3da3c8dee5e78,EventInstance,event_4ce3da3c8dee5e78,3,2023-07-24T00:00:00,FEATURE,False,False,FULL_OBSERVED_JOURNEY,VALID,3,feature_usage
event_4d1a36b430bf22a9,EventInstance,event_4d1a36b430bf22a9,16,2024-08-29T00:00:00,FEATURE,False,False,FULL_OBSERVED_JOURNEY,VALID,3,feature_usage
event_4d5c0a72a68634f4,EventInstance,event_4d5c0a72a68634f4,12,2024-11-30T00:00:00,FEATURE,False,False,FULL_OBSERVED_JOURNEY,VALID,3,feature_usage
event_4d6b311f2f403145,EventInstance,event_4d6b311f2f403145,5,2024-03-17T00:00:00,SUBSCRIPTION_START,False,False,PRE_FIRST_CHURN,VALID,2,subscriptions
event_4d785f5245e0fed0,EventInstance,event_4d785f5245e0fed0,8,2024-09-02T00:00:00,FEATURE,False,False,LANDMARK_90D_JOURNEY,VALID,3,feature_usage
event_4d814eac3aacfbe2,EventInstance,event_4d814eac3aacfbe2,17,2024-12-19T00:00:00,FEATURE,False,True,FULL_OBSERVED_JOURNEY,VALID_WITH_WARNING,3,feature_usage
event_4d8b2be93f33fdd7,EventInstance,event_4d8b2be93f33fdd7,39,2024-08-02T00:00:00,SUBSCRIPTION_START,False,False,FULL_OBSERVED_JOURNEY,VALID,2,subscriptions
event_4daa1451e59a5e9b,EventInstance,event_4daa1451e59a5e9b,1,2024-07-11T00:00:00,SUBSCRIPTION_START,True,False,LANDMARK_60D_JOURNEY,VALID,2,subscriptions
event_4db3ab460852e040,EventInstance,event_4db3ab460852e040,2,2024-02-02T00:00:00,SUBSCRIPTION_START,False,False,LANDMARK_90D_JOURNEY,VALID,2,subscriptions
event_4dc9b568f754690a,EventInstance,event_4dc9b568f754690a,21,2024-07-18T00:00:00,SUBSCRIPTION_START,False,False,FULL_OBSERVED_JOURNEY,VALID,2,subscriptions
event_4dedf414816f5ec1,EventInstance,event_4dedf414816f5ec1,4,2024-02-20T00:00:00,SUBSCRIPTION_START,False,False,FULL_OBSERVED_JOURNEY,VALID,2,subscriptions
event_4dfbdbdfe61661f6,EventInstance,event_4dfbdbdfe61661f6,16,2024-08-27T00:00:00,FEATURE,False,False,FULL_OBSERVED_JOURNEY,VALID,3,feature_usage
event_4dfc72368b556360,EventInstance,event_4dfc72368b556360,8,2024-07-15T00:00:00,CHURN,True,False,LANDMARK_60D_JOURNEY,VALID,6,churn_events
event_4e0142af433a7b37,EventInstance,event_4e0142af433a7b37,8,2024-11-26T00:00:00,FEATURE,False,False,FULL_OBSERVED_JOURNEY,VALID,3,feature_usage
event_4e188fdad6928ab2,EventInstance,event_4e188fdad6928ab2,3,2024-11-02T12:00:00,SUPPORT_CLOSE,False,True,BETWEEN_RECURRING_CHURNS,VALID_WITH_WARNING,5,support_tickets
event_4e2c280fb0aaea73,EventInstance,event_4e2c280fb0aaea73,9,2023-12-21T00:00:00,FEATURE,False,False,FULL_OBSERVED_JOURNEY,VALID,3,feature_usage
event_4e516db0e9453e38,EventInstance,event_4e516db0e9453e38,34,2024-10-28T00:00:00,FEATURE,False,False,FULL_OBSERVED_JOURNEY,VALID,3,feature_usage
event_4e52165bb978f76f,EventInstance,event_4e52165bb978f76f,42,2024-12-15T00:00:00,FEATURE,False,True,FULL_OBSERVED_JOURNEY,VALID_WITH_WARNING,3,feature_usage
event_4e5e2784772b5982,EventInstance,event_4e5e2784772b5982,8,2024-03-23T00:00:00,SUPPORT_OPEN,False,False,FULL_OBSERVED_JOURNEY,VALID,4,support_tickets
event_4e7b3b430be1ba0c,EventInstance,event_4e7b3b430be1ba0c,5,2023-12-02T00:00:00,FEATURE,False,False,FULL_OBSERVED_JOURNEY,VALID,3,feature_usage
event_4ea29f4104648dab,EventInstance,event_4ea29f4104648dab,4,2023-08-16T13:00:00,SUPPORT_CLOSE,False,False,FULL_OBSERVED_JOURNEY,VALID,5,support_tickets
event_4ea83a652c1cb616,EventInstance,event_4ea83a652c1cb616,3,2023-08-31T00:00:00,FEATURE,False,False,BETWEEN_RECURRING_CHURNS,VALID,3,feature_usage
event_4eaf6208b2b7d7f9,EventInstance,event_4eaf6208b2b7d7f9,18,2024-11-18T00:00:00,SUBSCRIPTION_START,False,False,FULL_OBSERVED_JOURNEY,VALID,2,subscriptions
event_4eaf96b425bb71c6,EventInstance,event_4eaf96b425bb71c6,9,2024-12-22T00:00:00,SUBSCRIPTION_END,False,False,FULL_OBSERVED_JOURNEY,VALID,8,subscriptions
event_4eb06a36ca2c8a69,EventInstance,event_4eb06a36ca2c8a69,3,2023-04-24T00:00:00,SUBSCRIPTION_START,False,False,LANDMARK_90D_JOURNEY,VALID,2,subscriptions
event_4eb54fdca0061072,EventInstance,event_4eb54fdca0061072,1,2024-04-09T00:00:00,SUBSCRIPTION_START,True,False,LANDMARK_90D_JOURNEY,VALID,2,subscriptions
event_4ec5efde6cf41257,EventInstance,event_4ec5efde6cf41257,30,2024-10-17T00:00:00,SUBSCRIPTION_START,False,False,FULL_OBSERVED_JOURNEY,VALID,2,subscriptions
event_4ecb69bfa9c60dbb,EventInstance,event_4ecb69bfa9c60dbb,5,2024-06-04T00:00:00,SUBSCRIPTION_START,False,False,PRE_FIRST_CHURN,VALID,2,subscriptions
event_4ed59c3fbe78c2f5,EventInstance,event_4ed59c3fbe78c2f5,27,2024-12-05T00:00:00,FEATURE,False,False,FULL_OBSERVED_JOURNEY,VALID,3,feature_usage
event_4edf518d588a5308,EventInstance,event_4edf518d588a5308,15,2024-06-02T00:00:00,SUBSCRIPTION_START,False,False,FULL_OBSERVED_JOURNEY,VALID,2,subscriptions
event_4eebc25971430844,EventInstance,event_4eebc25971430844,26,2024-09-02T00:00:00,SUBSCRIPTION_START,False,False,FULL_OBSERVED_JOURNEY,VALID,2,subscriptions
event_4ef38e4af936b0e8,EventInstance,event_4ef38e4af936b0e8,4,2024-01-08T00:00:00,SUBSCRIPTION_START,True,False,LANDMARK_60D_JOURNEY,VALID,2,subscriptions
event_4f164ce0a7b39b59,EventInstance,event_4f164ce0a7b39b59,26,2024-08-04T00:00:00,FEATURE,False,False,FULL_OBSERVED_JOURNEY,VALID,3,feature_usage
event_4f3ed519b4072311,EventInstance,event_4f3ed519b4072311,2,2023-08-19T00:00:00,SUBSCRIPTION_START,False,False,FULL_OBSERVED_JOURNEY,VALID,2,subscriptions
event_4f785495df9f6bba,EventInstance,event_4f785495df9f6bba,9,2024-11-08T00:00:00,CHURN,True,True,PRE_FIRST_CHURN,VALID_WITH_WARNING,6,churn_events
event_4f823ba3ff124f73,EventInstance,event_4f823ba3ff124f73,10,2024-09-30T00:00:00,SUBSCRIPTION_START,False,False,BETWEEN_RECURRING_CHURNS,VALID,2,subscriptions
event_4f940ea2e88b45e1,EventInstance,event_4f940ea2e88b45e1,4,2024-08-09T00:00:00,SUBSCRIPTION_START,False,True,PRE_FIRST_CHURN,VALID_WITH_WARNING,2,subscriptions
event_4fa224ab242fc4c3,EventInstance,event_4fa224ab242fc4c3,26,2024-12-26T00:00:00,FEATURE,False,False,FULL_OBSERVED_JOURNEY,VALID,3,feature_usage
event_4fdcc0dba28aca78,EventInstance,event_4fdcc0dba28aca78,5,2024-09-07T03:00:00,SUPPORT_CLOSE,False,False,LANDMARK_90D_JOURNEY,VALID,5,support_tickets
event_4febeda62d332034,EventInstance,event_4febeda62d332034,16,2024-02-18T00:00:00,FEATURE,False,True,BETWEEN_RECURRING_CHURNS,VALID_WITH_WARNING,3,feature_usage
event_4ff1d3521d2171cd,EventInstance,event_4ff1d3521d2171cd,26,2024-08-08T00:00:00,SUPPORT_OPEN,False,False,FULL_OBSERVED_JOURNEY,VALID,4,support_tickets
event_4ffe8ee8fcf7360b,EventInstance,event_4ffe8ee8fcf7360b,2,2024-09-26T00:00:00,CHURN,True,False,LANDMARK_60D_JOURNEY,VALID,6,churn_events
event_5035e043168037e2,EventInstance,event_5035e043168037e2,12,2024-10-19T00:00:00,FEATURE,False,False,FULL_OBSERVED_JOURNEY,VALID,3,feature_usage
event_5038df903f236654,EventInstance,event_5038df903f236654,7,2024-10-19T00:00:00,SUBSCRIPTION_START,False,False,FULL_OBSERVED_JOURNEY,VALID,2,subscriptions
event_503e1222a44e4f84,EventInstance,event_503e1222a44e4f84,14,2024-07-01T00:00:00,FEATURE,False,False,FULL_OBSERVED_JOURNEY,VALID,3,feature_usage
event_504c4a35559488ee,EventInstance,event_504c4a35559488ee,7,2024-12-01T00:00:00,SUBSCRIPTION_START,False,False,FULL_OBSERVED_JOURNEY,VALID,2,subscriptions
event_505b93810dee4e9e,EventInstance,event_505b93810dee4e9e,1,2024-07-21T00:00:00,SUBSCRIPTION_START,True,False,LANDMARK_90D_JOURNEY,VALID,2,subscriptions
event_50a0a7ca68ab25b6,EventInstance,event_50a0a7ca68ab25b6,8,2024-11-16T00:00:00,SUBSCRIPTION_START,False,False,FULL_OBSERVED_JOURNEY,VALID,2,subscriptions
event_50accca54e7f1208,EventInstance,event_50accca54e7f1208,1,2023-03-11T00:00:00,SUBSCRIPTION_START,True,False,LANDMARK_60D_JOURNEY,VALID,2,subscriptions
event_50c7e9bd22fc3f53,EventInstance,event_50c7e9bd22fc3f53,9,2023-07-10T00:00:00,SUBSCRIPTION_START,False,False,PRE_FIRST_CHURN,VALID,2,subscriptions
event_50cab32187f9f603,EventInstance,event_50cab32187f9f603,4,2024-08-14T00:00:00,SUBSCRIPTION_END,False,False,LANDMARK_90D_JOURNEY,VALID,8,subscriptions
event_50dd1279d3ee154d,EventInstance,event_50dd1279d3ee154d,11,2024-11-27T00:00:00,SUBSCRIPTION_START,False,False,FULL_OBSERVED_JOURNEY,VALID,2,subscriptions
event_50fb874bd7ffac45,EventInstance,event_50fb874bd7ffac45,9,2024-09-30T00:00:00,SUBSCRIPTION_START,False,False,LANDMARK_90D_JOURNEY,VALID,2,subscriptions
event_51125e04f9143f89,EventInstance,event_51125e04f9143f89,17,2024-10-18T00:00:00,SUBSCRIPTION_START,False,False,FULL_OBSERVED_JOURNEY,VALID,2,subscriptions
event_51134750c3e43a63,EventInstance,event_51134750c3e43a63,3,2023-08-30T00:00:00,SUBSCRIPTION_START,True,False,LANDMARK_90D_JOURNEY,VALID,2,subscriptions
event_5149e82db38145e6,EventInstance,event_5149e82db38145e6,2,2023-08-18T00:00:00,SUBSCRIPTION_START,False,False,BETWEEN_RECURRING_CHURNS,VALID,2,subscriptions
event_5151f0b6d25c6e66,EventInstance,event_5151f0b6d25c6e66,6,2024-07-21T00:00:00,SUBSCRIPTION_START,False,False,BETWEEN_CHURN_AND_REACTIVATION,VALID,2,subscriptions
event_515e51e515b7cc4a,EventInstance,event_515e51e515b7cc4a,18,2023-10-26T00:00:00,FEATURE,False,True,PRE_FIRST_CHURN,VALID_WITH_WARNING,3,feature_usage
event_515f906742fd25b2,EventInstance,event_515f906742fd25b2,4,2024-11-29T00:00:00,SUBSCRIPTION_START,False,False,LANDMARK_30D_JOURNEY,VALID,2,subscriptions
event_51d29ae95f63cf95,EventInstance,event_51d29ae95f63cf95,19,2024-11-21T00:00:00,SUBSCRIPTION_END,False,False,FULL_OBSERVED_JOURNEY,VALID,8,subscriptions
event_51e878b563823577,EventInstance,event_51e878b563823577,42,2024-10-26T00:00:00,FEATURE,False,True,FULL_OBSERVED_JOURNEY,VALID_WITH_WARNING,3,feature_usage
event_5247cbc832d42903,EventInstance,event_5247cbc832d42903,5,2024-07-26T00:00:00,SUBSCRIPTION_START,False,False,FULL_OBSERVED_JOURNEY,VALID,2,subscriptions
event_524c037df33421ab,EventInstance,event_524c037df33421ab,4,2024-08-20T00:00:00,SUBSCRIPTION_START,False,False,BETWEEN_RECURRING_CHURNS,VALID,2,subscriptions
event_52615ab805585256,EventInstance,event_52615ab805585256,10,2024-11-05T00:00:00,SUBSCRIPTION_START,False,False,FULL_OBSERVED_JOURNEY,VALID,2,subscriptions
event_5262c3494a55bc91,EventInstance,event_5262c3494a55bc91,4,2024-10-10T00:00:00,CHURN,True,False,FULL_OBSERVED_JOURNEY,VALID,6,churn_events
event_52a4bfa409f82e22,EventInstance,event_52a4bfa409f82e22,2,2024-10-20T00:00:00,SUBSCRIPTION_START,False,False,PRE_FIRST_CHURN,VALID,2,subscriptions
event_5306ed57193f90f1,EventInstance,event_5306ed57193f90f1,12,2024-12-06T00:00:00,FEATURE,False,False,BETWEEN_RECURRING_CHURNS,VALID,3,feature_usage
event_531a1c151b79930f,EventInstance,event_531a1c151b79930f,5,2024-06-02T00:00:00,SUBSCRIPTION_START,False,False,LANDMARK_90D_JOURNEY,VALID,2,subscriptions
event_536ebe0a91484a43,EventInstance,event_536ebe0a91484a43,12,2023-08-18T10:00:00,SUPPORT_CLOSE,False,False,PRE_FIRST_CHURN,VALID,5,support_tickets
event_5370ca72730ca889,EventInstance,event_5370ca72730ca889,14,2024-05-24T00:00:00,SUBSCRIPTION_END,False,False,FULL_OBSERVED_JOURNEY,VALID,8,subscriptions
event_5379dd2b1fcc13ca,EventInstance,event_5379dd2b1fcc13ca,19,2024-12-09T00:00:00,SUBSCRIPTION_START,False,False,FULL_OBSERVED_JOURNEY,VALID,2,subscriptions
event_53970905d25b6174,EventInstance,event_53970905d25b6174,6,2024-06-19T00:00:00,SUBSCRIPTION_START,False,False,LANDMARK_90D_JOURNEY,VALID,2,subscriptions
event_539e3195903875bc,EventInstance,event_539e3195903875bc,17,2024-12-17T00:00:00,FEATURE,False,False,FULL_OBSERVED_JOURNEY,VALID,3,feature_usage
event_53adfd48a9d58c19,EventInstance,event_53adfd48a9d58c19,1,2024-02-25T00:00:00,ACCOUNT,True,False,FULL_OBSERVED_JOURNEY,VALID,1,accounts
event_53e8c06112535f27,EventInstance,event_53e8c06112535f27,11,2024-04-10T00:00:00,FEATURE,False,False,FULL_OBSERVED_JOURNEY,VALID,3,feature_usage
event_53f9c73544423f56,EventInstance,event_53f9c73544423f56,4,2024-05-16T00:00:00,SUBSCRIPTION_START,False,False,LANDMARK_90D_JOURNEY,VALID,2,subscriptions
event_5424261c787200a0,EventInstance,event_5424261c787200a0,14,2024-12-16T00:00:00,CHURN,True,True,BETWEEN_RECURRING_CHURNS,VALID_WITH_WARNING,6,churn_events
event_544920fa882bf016,EventInstance,event_544920fa882bf016,4,2024-12-07T00:00:00,SUBSCRIPTION_START,False,True,BETWEEN_RECURRING_CHURNS,VALID_WITH_WARNING,2,subscriptions
event_544c972817df85f1,EventInstance,event_544c972817df85f1,45,2024-10-01T00:00:00,FEATURE,False,False,FULL_OBSERVED_JOURNEY,VALID,3,feature_usage
event_54549bbcc1f2ea65,EventInstance,event_54549bbcc1f2ea65,18,2024-06-12T00:00:00,SUBSCRIPTION_START,False,False,BETWEEN_RECURRING_CHURNS,VALID,2,subscriptions
event_54685db4f3ba9692,EventInstance,event_54685db4f3ba9692,1,2023-01-02T00:00:00,ACCOUNT,True,False,FULL_OBSERVED_JOURNEY,VALID,1,accounts
event_547c6f0e30cecb89,EventInstance,event_547c6f0e30cecb89,8,2024-09-24T00:00:00,SUBSCRIPTION_START,False,True,FULL_OBSERVED_JOURNEY,VALID_WITH_WARNING,2,subscriptions
event_550e9eb2cf3d54fb,EventInstance,event_550e9eb2cf3d54fb,2,2024-09-07T00:00:00,SUBSCRIPTION_START,False,False,LANDMARK_30D_JOURNEY,VALID,2,subscriptions
event_551b28c9e300471e,EventInstance,event_551b28c9e300471e,7,2024-10-17T00:00:00,SUBSCRIPTION_START,False,False,LANDMARK_90D_JOURNEY,VALID,2,subscriptions
event_551ef9994f757718,EventInstance,event_551ef9994f757718,2,2024-03-31T00:00:00,SUBSCRIPTION_START,False,False,LANDMARK_90D_JOURNEY,VALID,2,subscriptions
event_55297295c2a32a69,EventInstance,event_55297295c2a32a69,1,2023-08-25T00:00:00,CHURN,True,False,BETWEEN_CHURN_AND_REACTIVATION,VALID,6,churn_events
event_554d594b47ee4553,EventInstance,event_554d594b47ee4553,18,2024-11-03T00:00:00,CHURN,True,True,LANDMARK_90D_JOURNEY,VALID_WITH_WARNING,6,churn_events
event_556f930efa79714b,EventInstance,event_556f930efa79714b,2,2023-06-14T00:00:00,SUBSCRIPTION_START,False,False,FULL_OBSERVED_JOURNEY,VALID,2,subscriptions
event_55721eaeedffff4e,EventInstance,event_55721eaeedffff4e,13,2024-12-30T15:00:00,SUPPORT_CLOSE,True,True,POST_REACTIVATION,VALID_WITH_WARNING,5,support_tickets
event_55808639427cdd53,EventInstance,event_55808639427cdd53,4,2024-09-12T00:00:00,SUBSCRIPTION_START,False,False,LANDMARK_90D_JOURNEY,VALID,2,subscriptions
event_5586511de9289447,EventInstance,event_5586511de9289447,25,2024-07-11T00:00:00,FEATURE,False,True,FULL_OBSERVED_JOURNEY,VALID_WITH_WARNING,3,feature_usage
event_55b9849b1e2f6200,EventInstance,event_55b9849b1e2f6200,10,2024-07-30T07:00:00,SUPPORT_CLOSE,False,False,FULL_OBSERVED_JOURNEY,VALID,5,support_tickets
event_55d7030f826a3b72,EventInstance,event_55d7030f826a3b72,25,2024-11-19T00:00:00,SUBSCRIPTION_START,False,False,FULL_OBSERVED_JOURNEY,VALID,2,subscriptions
event_55ff425a7c08bb69,EventInstance,event_55ff425a7c08bb69,1,2024-08-23T00:00:00,ACCOUNT,True,True,FULL_OBSERVED_JOURNEY,VALID_WITH_WARNING,1,accounts
event_561f31efc7e24bde,EventInstance,event_561f31efc7e24bde,13,2024-12-31T00:00:00,SUBSCRIPTION_START,False,True,FULL_OBSERVED_JOURNEY,VALID_WITH_WARNING,2,subscriptions
event_568d45f637be0e74,EventInstance,event_568d45f637be0e74,3,2024-10-03T00:00:00,CHURN,True,False,LANDMARK_60D_JOURNEY,VALID,6,churn_events
event_56a173b8b497fba2,EventInstance,event_56a173b8b497fba2,4,2024-02-25T11:00:00,SUPPORT_CLOSE,False,False,LANDMARK_60D_JOURNEY,VALID,5,support_tickets
event_56b1b911f412b3e5,EventInstance,event_56b1b911f412b3e5,15,2024-07-10T00:00:00,SUPPORT_OPEN,False,False,PRE_FIRST_CHURN,VALID,4,support_tickets
event_56fba9f5d82cd34e,EventInstance,event_56fba9f5d82cd34e,1,2024-07-31T00:00:00,ACCOUNT,True,False,FULL_OBSERVED_JOURNEY,VALID,1,accounts
event_575701289d4be654,EventInstance,event_575701289d4be654,5,2023-08-02T00:00:00,SUPPORT_OPEN,False,False,LANDMARK_60D_JOURNEY,VALID,4,support_tickets
event_578055a44327ca11,EventInstance,event_578055a44327ca11,17,2024-07-16T00:00:00,FEATURE,False,False,FULL_OBSERVED_JOURNEY,VALID,3,feature_usage
event_578190e49a9011f6,EventInstance,event_578190e49a9011f6,10,2024-12-04T00:00:00,FEATURE,False,False,LANDMARK_60D_JOURNEY,VALID,3,feature_usage
event_579b385c2d2f5f15,EventInstance,event_579b385c2d2f5f15,1,2024-06-27T00:00:00,ACCOUNT,True,False,FULL_OBSERVED_JOURNEY,VALID,1,accounts
event_57a51d5ca1ba3a5c,EventInstance,event_57a51d5ca1ba3a5c,4,2023-11-30T00:00:00,SUPPORT_OPEN,False,False,LANDMARK_90D_JOURNEY,VALID,4,support_tickets
event_57a622dced613f25,EventInstance,event_57a622dced613f25,22,2024-04-16T00:00:00,SUBSCRIPTION_START,False,False,BETWEEN_RECURRING_CHURNS,VALID,2,subscriptions
event_57aeeb510952547e,EventInstance,event_57aeeb510952547e,1,2024-07-11T00:00:00,SUBSCRIPTION_START,True,False,LANDMARK_30D_JOURNEY,VALID,2,subscriptions
event_57db232c774745ec,EventInstance,event_57db232c774745ec,3,2024-06-07T00:00:00,FEATURE,False,False,LANDMARK_60D_JOURNEY,VALID,3,feature_usage
event_5803e22eb12ccaf4,EventInstance,event_5803e22eb12ccaf4,11,2024-11-05T00:00:00,SUBSCRIPTION_START,False,False,FULL_OBSERVED_JOURNEY,VALID,2,subscriptions
event_58204d24ba495fb3,EventInstance,event_58204d24ba495fb3,28,2024-10-27T00:00:00,FEATURE,False,False,FULL_OBSERVED_JOURNEY,VALID,3,feature_usage
event_582114f802979435,EventInstance,event_582114f802979435,11,2023-11-04T00:00:00,SUBSCRIPTION_START,False,False,FULL_OBSERVED_JOURNEY,VALID,2,subscriptions
event_58651d3cf2416d78,EventInstance,event_58651d3cf2416d78,4,2024-06-25T00:00:00,FEATURE,True,False,LANDMARK_30D_JOURNEY,VALID,3,feature_usage
event_58a0bb7fe4477568,EventInstance,event_58a0bb7fe4477568,5,2024-02-28T00:00:00,SUPPORT_OPEN,False,False,FULL_OBSERVED_JOURNEY,VALID,4,support_tickets
event_58ae88c9abb965fc,EventInstance,event_58ae88c9abb965fc,1,2023-10-22T00:00:00,ACCOUNT,True,False,FULL_OBSERVED_JOURNEY,VALID,1,accounts
event_58b79c7c3f4dd241,EventInstance,event_58b79c7c3f4dd241,11,2024-09-28T00:00:00,SUBSCRIPTION_START,False,False,FULL_OBSERVED_JOURNEY,VALID,2,subscriptions
event_58ccab9d27e3c48e,EventInstance,event_58ccab9d27e3c48e,19,2024-06-21T00:00:00,FEATURE,False,False,FULL_OBSERVED_JOURNEY,VALID,3,feature_usage
event_58f39f10a7f42447,EventInstance,event_58f39f10a7f42447,12,2024-11-10T00:00:00,SUBSCRIPTION_START,False,False,LANDMARK_90D_JOURNEY,VALID,2,subscriptions
event_5901964dfa9197fe,EventInstance,event_5901964dfa9197fe,12,2024-07-24T00:00:00,FEATURE,False,False,FULL_OBSERVED_JOURNEY,VALID,3,feature_usage
event_592a087cbfa9e504,EventInstance,event_592a087cbfa9e504,17,2024-07-03T00:00:00,FEATURE,False,False,FULL_OBSERVED_JOURNEY,VALID,3,feature_usage
event_599d9a2ec9bbc009,EventInstance,event_599d9a2ec9bbc009,16,2024-12-21T00:00:00,SUBSCRIPTION_END,False,False,FULL_OBSERVED_JOURNEY,VALID,8,subscriptions
event_59d84c1942490b83,EventInstance,event_59d84c1942490b83,17,2024-07-28T00:00:00,FEATURE,False,False,FULL_OBSERVED_JOURNEY,VALID,3,feature_usage
event_59dbf62881d1d799,EventInstance,event_59dbf62881d1d799,38,2024-12-30T00:00:00,FEATURE,False,False,FULL_OBSERVED_JOURNEY,VALID,3,feature_usage
event_5a16415c575aeddd,EventInstance,event_5a16415c575aeddd,8,2024-05-16T00:00:00,SUBSCRIPTION_START,False,False,FULL_OBSERVED_JOURNEY,VALID,2,subscriptions
event_5a290815a626c092,EventInstance,event_5a290815a626c092,4,2024-07-15T00:00:00,SUBSCRIPTION_START,False,True,LANDMARK_90D_JOURNEY,VALID_WITH_WARNING,2,subscriptions
event_5a3d3419be44e0e1,EventInstance,event_5a3d3419be44e0e1,6,2024-06-12T00:00:00,SUBSCRIPTION_START,False,False,FULL_OBSERVED_JOURNEY,VALID,2,subscriptions
event_5a4634918d5dbd68,EventInstance,event_5a4634918d5dbd68,54,2024-11-22T00:00:00,FEATURE,False,False,FULL_OBSERVED_JOURNEY,VALID,3,feature_usage
event_5a49ea99e03aad6e,EventInstance,event_5a49ea99e03aad6e,48,2024-10-26T00:00:00,FEATURE,False,False,FULL_OBSERVED_JOURNEY,VALID,3,feature_usage
event_5a787e49e049f78e,EventInstance,event_5a787e49e049f78e,14,2023-11-12T00:00:00,SUBSCRIPTION_START,False,False,FULL_OBSERVED_JOURNEY,VALID,2,subscriptions
event_5a891dd58b83e439,EventInstance,event_5a891dd58b83e439,28,2024-12-27T00:00:00,SUBSCRIPTION_START,True,False,FULL_OBSERVED_JOURNEY,VALID,2,subscriptions
event_5ab5b1dafe951e85,EventInstance,event_5ab5b1dafe951e85,6,2024-06-21T00:00:00,SUBSCRIPTION_START,True,False,LANDMARK_60D_JOURNEY,VALID,2,subscriptions
event_5ab7d3e40dff4e93,EventInstance,event_5ab7d3e40dff4e93,3,2024-02-14T00:00:00,FEATURE,False,False,BETWEEN_RECURRING_CHURNS,VALID,3,feature_usage
event_5adfc989b4b721d8,EventInstance,event_5adfc989b4b721d8,6,2024-11-16T00:00:00,SUBSCRIPTION_START,False,False,LANDMARK_60D_JOURNEY,VALID,2,subscriptions
event_5ae43b9c30cd6b4a,EventInstance,event_5ae43b9c30cd6b4a,14,2024-07-03T00:00:00,FEATURE,False,False,LANDMARK_90D_JOURNEY,VALID,3,feature_usage
event_5b045ffdc6950787,EventInstance,event_5b045ffdc6950787,32,2024-12-05T00:00:00,FEATURE,False,False,FULL_OBSERVED_JOURNEY,VALID,3,feature_usage
event_5b0e0cafa1f962d9,EventInstance,event_5b0e0cafa1f962d9,2,2023-03-21T00:00:00,CHURN,True,False,LANDMARK_90D_JOURNEY,VALID,6,churn_events
event_5b2046402e33ee38,EventInstance,event_5b2046402e33ee38,7,2024-03-31T00:00:00,FEATURE,False,False,PRE_FIRST_CHURN,VALID,3,feature_usage
event_5b2b32b65fd990b5,EventInstance,event_5b2b32b65fd990b5,4,2024-04-22T00:00:00,FEATURE,False,False,LANDMARK_90D_JOURNEY,VALID,3,feature_usage
event_5b330065098c06a4,EventInstance,event_5b330065098c06a4,14,2024-10-19T00:00:00,SUBSCRIPTION_START,False,True,LANDMARK_90D_JOURNEY,VALID_WITH_WARNING,2,subscriptions
event_5b38756258daff9e,EventInstance,event_5b38756258daff9e,4,2024-09-13T00:00:00,FEATURE,False,False,LANDMARK_30D_JOURNEY,VALID,3,feature_usage
event_5b510fbfd13fbfe9,EventInstance,event_5b510fbfd13fbfe9,28,2024-09-16T00:00:00,SUBSCRIPTION_START,False,True,FULL_OBSERVED_JOURNEY,VALID_WITH_WARNING,2,subscriptions
event_5b626a165c93a0f1,EventInstance,event_5b626a165c93a0f1,2,2023-10-21T00:00:00,CHURN,True,False,LANDMARK_90D_JOURNEY,VALID,6,churn_events
event_5b7390f970b03bd4,EventInstance,event_5b7390f970b03bd4,10,2024-04-27T00:00:00,SUBSCRIPTION_START,False,False,FULL_OBSERVED_JOURNEY,VALID,2,subscriptions
event_5b78c2c6f28941fb,EventInstance,event_5b78c2c6f28941fb,11,2024-01-05T00:00:00,FEATURE,False,False,FULL_OBSERVED_JOURNEY,VALID,3,feature_usage
event_5b933f4c73c9a47b,EventInstance,event_5b933f4c73c9a47b,15,2024-12-29T00:00:00,SUBSCRIPTION_START,True,False,FULL_OBSERVED_JOURNEY,VALID,2,subscriptions
event_5b9628edba081ea0,EventInstance,event_5b9628edba081ea0,4,2023-03-14T15:00:00,SUPPORT_CLOSE,False,True,PRE_FIRST_CHURN,VALID_WITH_WARNING,5,support_tickets
event_5bafed6365216d75,EventInstance,event_5bafed6365216d75,12,2024-08-05T00:00:00,SUBSCRIPTION_START,False,False,FULL_OBSERVED_JOURNEY,VALID,2,subscriptions
event_5bf3bd4c6ba26048,EventInstance,event_5bf3bd4c6ba26048,13,2024-05-14T00:00:00,SUBSCRIPTION_START,False,False,BETWEEN_RECURRING_CHURNS,VALID,2,subscriptions
event_5bf8a19507e7ce3b,EventInstance,event_5bf8a19507e7ce3b,3,2023-11-06T00:00:00,SUBSCRIPTION_END,True,False,LANDMARK_60D_JOURNEY,VALID,8,subscriptions
event_5bfc4077c80ef424,EventInstance,event_5bfc4077c80ef424,5,2024-10-18T00:00:00,CHURN,True,True,BETWEEN_RECURRING_CHURNS,VALID_WITH_WARNING,6,churn_events
event_5c3e18c73b7922ce,EventInstance,event_5c3e18c73b7922ce,1,2024-09-01T00:00:00,REACTIVATION,True,True,POST_REACTIVATION,VALID_WITH_WARNING,7,churn_events
event_5c44e44d3af7b867,EventInstance,event_5c44e44d3af7b867,1,2024-09-02T00:00:00,ACCOUNT,True,False,FULL_OBSERVED_JOURNEY,VALID,1,accounts
event_5c6284aa46a1c431,EventInstance,event_5c6284aa46a1c431,26,2024-10-26T00:00:00,FEATURE,False,False,FULL_OBSERVED_JOURNEY,VALID,3,feature_usage
event_5c6be4b4afab3bbf,EventInstance,event_5c6be4b4afab3bbf,2,2024-10-30T00:00:00,SUBSCRIPTION_START,False,False,LANDMARK_30D_JOURNEY,VALID,2,subscriptions
event_5c91c33e0aba4818,EventInstance,event_5c91c33e0aba4818,6,2024-04-25T07:00:00,SUPPORT_CLOSE,False,False,LANDMARK_60D_JOURNEY,VALID,5,support_tickets
event_5cc3029cf8a3cf86,EventInstance,event_5cc3029cf8a3cf86,2,2024-08-03T00:00:00,SUPPORT_OPEN,False,False,FULL_OBSERVED_JOURNEY,VALID,4,support_tickets
event_5ce86de03cbfb791,EventInstance,event_5ce86de03cbfb791,7,2024-07-10T00:00:00,FEATURE,False,True,LANDMARK_90D_JOURNEY,VALID_WITH_WARNING,3,feature_usage
event_5cf57384e912450d,EventInstance,event_5cf57384e912450d,5,2024-01-28T00:00:00,SUPPORT_OPEN,False,True,LANDMARK_60D_JOURNEY,VALID_WITH_WARNING,4,support_tickets
event_5d04fc270625f036,EventInstance,event_5d04fc270625f036,12,2024-12-14T00:00:00,SUBSCRIPTION_START,True,False,LANDMARK_60D_JOURNEY,VALID,2,subscriptions
event_5d131cd3f6d76746,EventInstance,event_5d131cd3f6d76746,14,2023-12-26T00:00:00,FEATURE,False,False,BETWEEN_RECURRING_CHURNS,VALID,3,feature_usage
event_5d40ca88393174c9,EventInstance,event_5d40ca88393174c9,20,2024-09-02T00:00:00,SUPPORT_OPEN,False,False,FULL_OBSERVED_JOURNEY,VALID,4,support_tickets
event_5d718c71ccde6acf,EventInstance,event_5d718c71ccde6acf,8,2024-09-23T00:00:00,SUPPORT_OPEN,False,True,FULL_OBSERVED_JOURNEY,VALID_WITH_WARNING,4,support_tickets
event_5d99a23e077e73c2,EventInstance,event_5d99a23e077e73c2,4,2024-09-12T00:00:00,SUBSCRIPTION_START,False,False,LANDMARK_60D_JOURNEY,VALID,2,subscriptions
event_5db315b3a99ace04,EventInstance,event_5db315b3a99ace04,13,2024-10-22T00:00:00,FEATURE,False,True,LANDMARK_90D_JOURNEY,VALID_WITH_WARNING,3,feature_usage
event_5dcdeaea058aa47f,EventInstance,event_5dcdeaea058aa47f,3,2024-02-24T00:00:00,SUPPORT_OPEN,False,False,LANDMARK_60D_JOURNEY,VALID,4,support_tickets
event_5dd5b69a78cc5770,EventInstance,event_5dd5b69a78cc5770,5,2024-06-12T00:00:00,SUBSCRIPTION_START,True,False,LANDMARK_90D_JOURNEY,VALID,2,subscriptions
event_5ddfacce7240454d,EventInstance,event_5ddfacce7240454d,8,2024-02-19T00:00:00,FEATURE,False,False,FULL_OBSERVED_JOURNEY,VALID,3,feature_usage
event_5de13f8508cc8caa,EventInstance,event_5de13f8508cc8caa,14,2024-05-28T00:00:00,SUBSCRIPTION_START,False,False,FULL_OBSERVED_JOURNEY,VALID,2,subscriptions
event_5de84fabe68ee011,EventInstance,event_5de84fabe68ee011,5,2024-12-11T00:00:00,SUBSCRIPTION_START,False,False,FULL_OBSERVED_JOURNEY,VALID,2,subscriptions
event_5deb8dd60668a00f,EventInstance,event_5deb8dd60668a00f,6,2024-07-23T00:00:00,SUBSCRIPTION_START,False,True,LANDMARK_90D_JOURNEY,VALID_WITH_WARNING,2,subscriptions
event_5e4435b334cfa0fe,EventInstance,event_5e4435b334cfa0fe,11,2024-12-07T00:00:00,FEATURE,False,True,LANDMARK_90D_JOURNEY,VALID_WITH_WARNING,3,feature_usage
event_5e4873654177b9c7,EventInstance,event_5e4873654177b9c7,19,2024-11-06T23:00:00,SUPPORT_CLOSE,False,True,FULL_OBSERVED_JOURNEY,VALID_WITH_WARNING,5,support_tickets
event_5e73853ba31f80cc,EventInstance,event_5e73853ba31f80cc,4,2023-07-18T00:00:00,FEATURE,False,False,LANDMARK_30D_JOURNEY,VALID,3,feature_usage
event_5e924194507c7904,EventInstance,event_5e924194507c7904,25,2024-10-26T00:00:00,FEATURE,False,False,FULL_OBSERVED_JOURNEY,VALID,3,feature_usage
event_5ea37fb7a50248b4,EventInstance,event_5ea37fb7a50248b4,29,2024-11-05T00:00:00,FEATURE,False,False,FULL_OBSERVED_JOURNEY,VALID,3,feature_usage
event_5ebe3c76e2e6aaf0,EventInstance,event_5ebe3c76e2e6aaf0,5,2024-10-15T00:00:00,SUBSCRIPTION_START,False,False,FULL_OBSERVED_JOURNEY,VALID,2,subscriptions
event_5eceb092f919ce76,EventInstance,event_5eceb092f919ce76,2,2024-12-07T00:00:00,SUBSCRIPTION_START,False,False,FULL_OBSERVED_JOURNEY,VALID,2,subscriptions
event_5efde026ebd192db,EventInstance,event_5efde026ebd192db,2,2024-09-07T00:00:00,SUBSCRIPTION_START,False,False,LANDMARK_30D_JOURNEY,VALID,2,subscriptions
event_5f2593af027138da,EventInstance,event_5f2593af027138da,2,2024-01-30T00:00:00,SUBSCRIPTION_START,False,True,LANDMARK_90D_JOURNEY,VALID_WITH_WARNING,2,subscriptions
event_5f2bb4628a6ebc11,EventInstance,event_5f2bb4628a6ebc11,7,2024-12-01T00:00:00,FEATURE,False,False,FULL_OBSERVED_JOURNEY,VALID,3,feature_usage
event_5f2f1cdaa476ac8a,EventInstance,event_5f2f1cdaa476ac8a,14,2024-11-18T00:00:00,SUBSCRIPTION_START,False,False,FULL_OBSERVED_JOURNEY,VALID,2,subscriptions
event_5f3e6034bd369fa7,EventInstance,event_5f3e6034bd369fa7,32,2024-12-14T00:00:00,SUBSCRIPTION_START,False,False,FULL_OBSERVED_JOURNEY,VALID,2,subscriptions
event_5f5b4d45641a7580,EventInstance,event_5f5b4d45641a7580,25,2024-08-27T00:00:00,SUBSCRIPTION_START,False,False,FULL_OBSERVED_JOURNEY,VALID,2,subscriptions
event_5f744eb749446e23,EventInstance,event_5f744eb749446e23,28,2024-11-03T00:00:00,FEATURE,False,False,FULL_OBSERVED_JOURNEY,VALID,3,feature_usage
event_5f87e963a9db71f8,EventInstance,event_5f87e963a9db71f8,13,2024-06-17T00:00:00,SUBSCRIPTION_START,False,False,FULL_OBSERVED_JOURNEY,VALID,2,subscriptions
event_5f95b5ffd73ab0ef,EventInstance,event_5f95b5ffd73ab0ef,12,2024-02-11T00:00:00,SUPPORT_OPEN,False,False,FULL_OBSERVED_JOURNEY,VALID,4,support_tickets
event_5fb25df729910553,EventInstance,event_5fb25df729910553,4,2024-11-09T00:00:00,SUBSCRIPTION_START,False,False,LANDMARK_30D_JOURNEY,VALID,2,subscriptions
event_5fb9262eae96cac9,EventInstance,event_5fb9262eae96cac9,23,2024-04-24T00:00:00,FEATURE,False,False,BETWEEN_RECURRING_CHURNS,VALID,3,feature_usage
event_5fccd71ebb815197,EventInstance,event_5fccd71ebb815197,8,2024-08-13T00:00:00,SUBSCRIPTION_START,False,False,LANDMARK_90D_JOURNEY,VALID,2,subscriptions
event_5fee50fe23ebab2e,EventInstance,event_5fee50fe23ebab2e,2,2024-08-11T00:00:00,SUBSCRIPTION_START,False,False,LANDMARK_60D_JOURNEY,VALID,2,subscriptions
event_602b22ebedc05514,EventInstance,event_602b22ebedc05514,7,2024-12-15T00:00:00,SUBSCRIPTION_START,True,False,LANDMARK_90D_JOURNEY,VALID,2,subscriptions
event_60456af08c58f8fa,EventInstance,event_60456af08c58f8fa,9,2024-07-24T00:00:00,FEATURE,False,False,FULL_OBSERVED_JOURNEY,VALID,3,feature_usage
event_605000b9b8967e71,EventInstance,event_605000b9b8967e71,24,2024-07-08T00:00:00,FEATURE,False,False,FULL_OBSERVED_JOURNEY,VALID,3,feature_usage
event_6057e6390c495528,EventInstance,event_6057e6390c495528,3,2023-08-11T00:00:00,SUBSCRIPTION_START,False,False,LANDMARK_90D_JOURNEY,VALID,2,subscriptions
event_605c9af951438491,EventInstance,event_605c9af951438491,22,2024-10-12T00:00:00,FEATURE,False,False,FULL_OBSERVED_JOURNEY,VALID,3,feature_usage
event_6066e968f45367f7,EventInstance,event_6066e968f45367f7,2,2024-12-31T00:00:00,SUBSCRIPTION_START,False,True,FULL_OBSERVED_JOURNEY,VALID_WITH_WARNING,2,subscriptions
event_60839762f14d6810,EventInstance,event_60839762f14d6810,26,2024-09-19T00:00:00,SUBSCRIPTION_START,False,False,FULL_OBSERVED_JOURNEY,VALID,2,subscriptions
event_60b414324e383f37,EventInstance,event_60b414324e383f37,1,2024-09-05T00:00:00,SUBSCRIPTION_START,True,False,LANDMARK_30D_JOURNEY,VALID,2,subscriptions
event_60d9350e6096a707,EventInstance,event_60d9350e6096a707,4,2024-04-12T00:00:00,SUPPORT_CLOSE,False,False,PRE_FIRST_CHURN,VALID,5,support_tickets
event_6128ed1e0bcd5d76,EventInstance,event_6128ed1e0bcd5d76,17,2024-07-16T00:00:00,FEATURE,False,False,FULL_OBSERVED_JOURNEY,VALID,3,feature_usage
event_6136f23b398fffba,EventInstance,event_6136f23b398fffba,36,2024-12-19T00:00:00,CHURN,True,True,FULL_OBSERVED_JOURNEY,VALID_WITH_WARNING,6,churn_events
event_617918bfe672fa0d,EventInstance,event_617918bfe672fa0d,2,2024-09-30T00:00:00,SUBSCRIPTION_START,False,False,LANDMARK_60D_JOURNEY,VALID,2,subscriptions
event_6190bff94ee449bc,EventInstance,event_6190bff94ee449bc,2,2024-11-25T00:00:00,SUBSCRIPTION_START,False,False,LANDMARK_30D_JOURNEY,VALID,2,subscriptions
event_61ae35e5d36fc6ae,EventInstance,event_61ae35e5d36fc6ae,5,2023-08-02T00:00:00,SUPPORT_OPEN,True,False,LANDMARK_30D_JOURNEY,VALID,4,support_tickets
event_61b133020a551409,EventInstance,event_61b133020a551409,3,2023-04-19T00:00:00,SUBSCRIPTION_START,False,False,FULL_OBSERVED_JOURNEY,VALID,2,subscriptions
event_61b2cbea2985f2d5,EventInstance,event_61b2cbea2985f2d5,11,2024-12-13T00:00:00,SUBSCRIPTION_START,False,False,FULL_OBSERVED_JOURNEY,VALID,2,subscriptions
event_61b3234f8b0d8e02,EventInstance,event_61b3234f8b0d8e02,16,2024-11-13T00:00:00,SUBSCRIPTION_START,False,True,FULL_OBSERVED_JOURNEY,VALID_WITH_WARNING,2,subscriptions
event_61e3358ddc916b7d,EventInstance,event_61e3358ddc916b7d,8,2024-04-22T00:00:00,FEATURE,False,False,FULL_OBSERVED_JOURNEY,VALID,3,feature_usage
event_6207a385e42df7aa,EventInstance,event_6207a385e42df7aa,33,2024-10-25T00:00:00,SUBSCRIPTION_START,False,False,FULL_OBSERVED_JOURNEY,VALID,2,subscriptions
event_62107269cf63dffc,EventInstance,event_62107269cf63dffc,10,2024-10-09T00:00:00,FEATURE,False,False,FULL_OBSERVED_JOURNEY,VALID,3,feature_usage
event_62122f5612c4e2f5,EventInstance,event_62122f5612c4e2f5,2,2024-04-09T00:00:00,SUBSCRIPTION_START,False,False,PRE_FIRST_CHURN,VALID,2,subscriptions
event_6224f9c92c3a6003,EventInstance,event_6224f9c92c3a6003,18,2024-12-31T00:00:00,FEATURE,True,False,FULL_OBSERVED_JOURNEY,VALID,3,feature_usage
event_62426c7fe99e9ef6,EventInstance,event_62426c7fe99e9ef6,9,2024-09-12T05:00:00,SUPPORT_CLOSE,False,True,PRE_FIRST_CHURN,VALID_WITH_WARNING,5,support_tickets
event_626268565258540f,EventInstance,event_626268565258540f,5,2024-06-19T00:00:00,SUBSCRIPTION_START,False,True,LANDMARK_30D_JOURNEY,VALID_WITH_WARNING,2,subscriptions
event_626f68fa594169fd,EventInstance,event_626f68fa594169fd,9,2024-08-04T00:00:00,SUBSCRIPTION_START,False,False,PRE_FIRST_CHURN,VALID,2,subscriptions
event_62709eb27cd7d53b,EventInstance,event_62709eb27cd7d53b,2,2024-08-06T00:00:00,SUBSCRIPTION_START,False,False,LANDMARK_30D_JOURNEY,VALID,2,subscriptions
event_62a9fd173e0679a6,EventInstance,event_62a9fd173e0679a6,11,2024-09-28T00:00:00,SUBSCRIPTION_END,False,False,LANDMARK_90D_JOURNEY,VALID,8,subscriptions
event_62ad697ce13ed0d7,EventInstance,event_62ad697ce13ed0d7,14,2024-05-01T00:00:00,FEATURE,False,False,FULL_OBSERVED_JOURNEY,VALID,3,feature_usage
event_62b508be4e47263d,EventInstance,event_62b508be4e47263d,4,2024-10-14T00:00:00,SUBSCRIPTION_START,False,False,FULL_OBSERVED_JOURNEY,VALID,2,subscriptions
event_62b548d2f39b61cb,EventInstance,event_62b548d2f39b61cb,6,2024-07-31T00:00:00,FEATURE,False,False,FULL_OBSERVED_JOURNEY,VALID,3,feature_usage
event_62bb4851721b63bf,EventInstance,event_62bb4851721b63bf,8,2024-10-03T00:00:00,SUBSCRIPTION_START,False,False,LANDMARK_90D_JOURNEY,VALID,2,subscriptions
event_62c4ed7ac97c16f4,EventInstance,event_62c4ed7ac97c16f4,1,2024-08-17T00:00:00,SUBSCRIPTION_START,True,False,LANDMARK_60D_JOURNEY,VALID,2,subscriptions
event_63485f948b8b936d,EventInstance,event_63485f948b8b936d,20,2024-12-25T00:00:00,SUBSCRIPTION_START,False,False,FULL_OBSERVED_JOURNEY,VALID,2,subscriptions
event_634fc0096195138e,EventInstance,event_634fc0096195138e,4,2024-02-02T00:00:00,FEATURE,False,False,LANDMARK_90D_JOURNEY,VALID,3,feature_usage
event_6397f50402df6490,EventInstance,event_6397f50402df6490,2,2024-03-05T00:00:00,SUBSCRIPTION_START,False,True,FULL_OBSERVED_JOURNEY,VALID_WITH_WARNING,2,subscriptions
event_63cd9e9093e9f7b8,EventInstance,event_63cd9e9093e9f7b8,1,2024-03-22T00:00:00,ACCOUNT,True,False,FULL_OBSERVED_JOURNEY,VALID,1,accounts
event_63d7b9baddc99596,EventInstance,event_63d7b9baddc99596,12,2024-10-27T00:00:00,SUBSCRIPTION_START,False,False,FULL_OBSERVED_JOURNEY,VALID,2,subscriptions
event_63e27861b8a96566,EventInstance,event_63e27861b8a96566,6,2024-09-01T00:00:00,FEATURE,False,True,BETWEEN_RECURRING_CHURNS,VALID_WITH_WARNING,3,feature_usage
event_63f7c36283cb2504,EventInstance,event_63f7c36283cb2504,53,2024-11-21T00:00:00,SUPPORT_OPEN,False,False,FULL_OBSERVED_JOURNEY,VALID,4,support_tickets
event_63fb8fe86ee6f331,EventInstance,event_63fb8fe86ee6f331,19,2024-08-22T00:00:00,SUBSCRIPTION_START,False,True,FULL_OBSERVED_JOURNEY,VALID_WITH_WARNING,2,subscriptions
event_640d96a2f6a949a0,EventInstance,event_640d96a2f6a949a0,8,2024-12-26T00:00:00,SUBSCRIPTION_START,False,False,FULL_OBSERVED_JOURNEY,VALID,2,subscriptions
event_643c3921a7627026,EventInstance,event_643c3921a7627026,3,2024-01-24T00:00:00,SUBSCRIPTION_START,False,False,LANDMARK_30D_JOURNEY,VALID,2,subscriptions
event_644e870474d14929,EventInstance,event_644e870474d14929,16,2024-09-04T00:00:00,SUBSCRIPTION_START,False,False,FULL_OBSERVED_JOURNEY,VALID,2,subscriptions
event_6453c6b76960e4fc,EventInstance,event_6453c6b76960e4fc,9,2024-01-16T00:00:00,SUBSCRIPTION_START,False,False,FULL_OBSERVED_JOURNEY,VALID,2,subscriptions
event_645f2906f8e881a8,EventInstance,event_645f2906f8e881a8,11,2024-11-30T00:00:00,SUBSCRIPTION_START,False,False,FULL_OBSERVED_JOURNEY,VALID,2,subscriptions
event_6484c17bb3e9029b,EventInstance,event_6484c17bb3e9029b,10,2024-11-09T00:00:00,SUBSCRIPTION_START,False,False,FULL_OBSERVED_JOURNEY,VALID,2,subscriptions
event_648cb7a43b340493,EventInstance,event_648cb7a43b340493,9,2024-03-09T00:00:00,FEATURE,True,False,LANDMARK_90D_JOURNEY,VALID,3,feature_usage
event_64cabe63e3e3a99f,EventInstance,event_64cabe63e3e3a99f,33,2024-11-28T00:00:00,SUBSCRIPTION_START,False,False,FULL_OBSERVED_JOURNEY,VALID,2,subscriptions
event_64cfbc206e663757,EventInstance,event_64cfbc206e663757,4,2024-01-25T00:00:00,FEATURE,False,False,FULL_OBSERVED_JOURNEY,VALID,3,feature_usage
event_64d1ef40d0341b97,EventInstance,event_64d1ef40d0341b97,30,2024-09-20T00:00:00,FEATURE,False,False,FULL_OBSERVED_JOURNEY,VALID,3,feature_usage
event_64f5378fa9d86f21,EventInstance,event_64f5378fa9d86f21,20,2024-12-08T00:00:00,SUBSCRIPTION_END,False,False,FULL_OBSERVED_JOURNEY,VALID,8,subscriptions
event_65583c1586c7bf45,EventInstance,event_65583c1586c7bf45,2,2024-07-16T00:00:00,SUBSCRIPTION_START,True,False,LANDMARK_30D_JOURNEY,VALID,2,subscriptions
event_655d2c4eba410a2f,EventInstance,event_655d2c4eba410a2f,7,2024-11-02T00:00:00,FEATURE,False,False,FULL_OBSERVED_JOURNEY,VALID,3,feature_usage
event_6572377d49a62b1c,EventInstance,event_6572377d49a62b1c,3,2023-11-10T00:00:00,SUBSCRIPTION_START,False,False,FULL_OBSERVED_JOURNEY,VALID,2,subscriptions
event_6581b754608804ad,EventInstance,event_6581b754608804ad,9,2024-11-11T00:00:00,SUBSCRIPTION_START,False,False,FULL_OBSERVED_JOURNEY,VALID,2,subscriptions
event_658532fd8834083f,EventInstance,event_658532fd8834083f,1,2023-01-03T00:00:00,ACCOUNT,True,False,PRE_FIRST_CHURN,VALID,1,accounts
event_659efa6b7c5978fe,EventInstance,event_659efa6b7c5978fe,7,2024-10-16T00:00:00,FEATURE,False,False,LANDMARK_30D_JOURNEY,VALID,3,feature_usage
event_65bd75ba0ceba3ab,EventInstance,event_65bd75ba0ceba3ab,11,2024-05-12T00:00:00,FEATURE,False,False,FULL_OBSERVED_JOURNEY,VALID,3,feature_usage
event_65c42213e9f54663,EventInstance,event_65c42213e9f54663,7,2024-12-12T00:00:00,CHURN,True,True,LANDMARK_30D_JOURNEY,VALID_WITH_WARNING,6,churn_events
event_65ccd5b8286f5669,EventInstance,event_65ccd5b8286f5669,2,2024-09-25T00:00:00,SUBSCRIPTION_END,False,False,LANDMARK_90D_JOURNEY,VALID,8,subscriptions
event_65e16ba3c75ba58b,EventInstance,event_65e16ba3c75ba58b,19,2024-07-13T00:00:00,FEATURE,False,False,FULL_OBSERVED_JOURNEY,VALID,3,feature_usage
event_661201e85ffe20bb,EventInstance,event_661201e85ffe20bb,30,2024-08-10T00:00:00,FEATURE,False,False,FULL_OBSERVED_JOURNEY,VALID,3,feature_usage
event_662910ba9e327a9c,EventInstance,event_662910ba9e327a9c,4,2023-06-16T00:00:00,SUPPORT_OPEN,False,False,LANDMARK_90D_JOURNEY,VALID,4,support_tickets
event_663d6d32881886a9,EventInstance,event_663d6d32881886a9,15,2024-06-14T00:00:00,FEATURE,False,False,FULL_OBSERVED_JOURNEY,VALID,3,feature_usage
event_664cfb4cfd9e22ac,EventInstance,event_664cfb4cfd9e22ac,15,2024-11-24T00:00:00,FEATURE,False,False,FULL_OBSERVED_JOURNEY,VALID,3,feature_usage
event_667b48ea6e374ca7,EventInstance,event_667b48ea6e374ca7,1,2024-10-12T00:00:00,CHURN,True,True,BETWEEN_RECURRING_CHURNS,VALID_WITH_WARNING,6,churn_events
event_6688620f53f2e951,EventInstance,event_6688620f53f2e951,6,2024-01-28T19:00:00,SUPPORT_CLOSE,True,True,LANDMARK_60D_JOURNEY,VALID_WITH_WARNING,5,support_tickets
event_66904eb168629876,EventInstance,event_66904eb168629876,8,2024-06-07T00:00:00,FEATURE,False,False,FULL_OBSERVED_JOURNEY,VALID,3,feature_usage
event_66adc326ed4e0e23,EventInstance,event_66adc326ed4e0e23,7,2024-10-05T00:00:00,FEATURE,False,True,PRE_FIRST_CHURN,VALID_WITH_WARNING,3,feature_usage
event_66bbef870d70d375,EventInstance,event_66bbef870d70d375,13,2024-04-10T00:00:00,FEATURE,False,False,FULL_OBSERVED_JOURNEY,VALID,3,feature_usage
event_66bf04ba95a2b192,EventInstance,event_66bf04ba95a2b192,3,2024-03-02T00:00:00,SUBSCRIPTION_START,False,False,LANDMARK_60D_JOURNEY,VALID,2,subscriptions
event_66c49b434aa62f3c,EventInstance,event_66c49b434aa62f3c,19,2024-06-08T00:00:00,SUBSCRIPTION_START,False,False,FULL_OBSERVED_JOURNEY,VALID,2,subscriptions
event_66c7b4338244af10,EventInstance,event_66c7b4338244af10,2,2024-06-09T00:00:00,SUBSCRIPTION_START,False,False,LANDMARK_30D_JOURNEY,VALID,2,subscriptions
event_66de06ebd59455c4,EventInstance,event_66de06ebd59455c4,5,2024-06-02T00:00:00,SUBSCRIPTION_START,False,False,LANDMARK_90D_JOURNEY,VALID,2,subscriptions
event_66e10699983da409,EventInstance,event_66e10699983da409,6,2024-08-17T00:00:00,FEATURE,False,False,FULL_OBSERVED_JOURNEY,VALID,3,feature_usage
event_66ea4b249a6ad3b1,EventInstance,event_66ea4b249a6ad3b1,7,2023-12-29T00:00:00,SUBSCRIPTION_START,False,False,PRE_FIRST_CHURN,VALID,2,subscriptions
event_66ef207d8b11842a,EventInstance,event_66ef207d8b11842a,17,2023-10-25T00:00:00,SUBSCRIPTION_START,False,False,PRE_FIRST_CHURN,VALID,2,subscriptions
event_6706d42faae396be,EventInstance,event_6706d42faae396be,3,2024-09-15T00:00:00,SUBSCRIPTION_START,False,True,POST_REACTIVATION,VALID_WITH_WARNING,2,subscriptions
event_671ee350f7408c43,EventInstance,event_671ee350f7408c43,10,2024-09-13T00:00:00,SUBSCRIPTION_START,False,True,LANDMARK_90D_JOURNEY,VALID_WITH_WARNING,2,subscriptions
event_6722687690f8c1ab,EventInstance,event_6722687690f8c1ab,1,2023-12-09T00:00:00,CHURN,True,True,BETWEEN_RECURRING_CHURNS,VALID_WITH_WARNING,6,churn_events
event_6741ca39bc1208ac,EventInstance,event_6741ca39bc1208ac,8,2024-03-26T00:00:00,FEATURE,False,True,LANDMARK_90D_JOURNEY,VALID_WITH_WARNING,3,feature_usage
event_67729ed2207f18a7,EventInstance,event_67729ed2207f18a7,11,2024-09-14T00:00:00,FEATURE,True,False,LANDMARK_90D_JOURNEY,VALID,3,feature_usage
event_677763015fe8bafe,EventInstance,event_677763015fe8bafe,1,2023-10-02T00:00:00,SUBSCRIPTION_START,True,False,FULL_OBSERVED_JOURNEY,VALID,2,subscriptions
event_67b20bd281c0c5cc,EventInstance,event_67b20bd281c0c5cc,8,2024-01-15T00:00:00,SUBSCRIPTION_START,False,False,FULL_OBSERVED_JOURNEY,VALID,2,subscriptions
event_67c0ada2c864865e,EventInstance,event_67c0ada2c864865e,2,2024-12-12T00:00:00,SUBSCRIPTION_START,False,False,FULL_OBSERVED_JOURNEY,VALID,2,subscriptions
event_67d3554539fa833d,EventInstance,event_67d3554539fa833d,20,2024-11-03T00:00:00,FEATURE,False,False,FULL_OBSERVED_JOURNEY,VALID,3,feature_usage
event_67d3d88ff414a17b,EventInstance,event_67d3d88ff414a17b,1,2024-06-11T00:00:00,SUBSCRIPTION_START,True,False,LANDMARK_90D_JOURNEY,VALID,2,subscriptions
event_67ed5192a4b9d1af,EventInstance,event_67ed5192a4b9d1af,16,2024-11-30T00:00:00,SUBSCRIPTION_START,True,False,LANDMARK_90D_JOURNEY,VALID,2,subscriptions
event_6842f562f0a79834,EventInstance,event_6842f562f0a79834,8,2023-08-18T00:00:00,FEATURE,True,False,LANDMARK_60D_JOURNEY,VALID,3,feature_usage
event_6856c0ec9bb26884,EventInstance,event_6856c0ec9bb26884,36,2024-09-29T00:00:00,FEATURE,False,False,BETWEEN_RECURRING_CHURNS,VALID,3,feature_usage
event_687e1269fe658acd,EventInstance,event_687e1269fe658acd,13,2024-12-15T00:00:00,SUBSCRIPTION_START,False,False,FULL_OBSERVED_JOURNEY,VALID,2,subscriptions
event_688f8ecd5fee1a4f,EventInstance,event_688f8ecd5fee1a4f,9,2024-12-30T00:00:00,SUBSCRIPTION_START,False,True,FULL_OBSERVED_JOURNEY,VALID_WITH_WARNING,2,subscriptions
event_689b00a5a9a10438,EventInstance,event_689b00a5a9a10438,8,2024-12-25T00:00:00,SUBSCRIPTION_START,False,False,LANDMARK_30D_JOURNEY,VALID,2,subscriptions
event_68a6098747a8b574,EventInstance,event_68a6098747a8b574,1,2023-12-08T00:00:00,ACCOUNT,True,False,PRE_FIRST_CHURN,VALID,1,accounts
event_68b1596b0903ab5e,EventInstance,event_68b1596b0903ab5e,4,2024-08-05T00:00:00,SUBSCRIPTION_START,False,False,FULL_OBSERVED_JOURNEY,VALID,2,subscriptions
event_68c23cb947bc333a,EventInstance,event_68c23cb947bc333a,2,2024-09-16T00:00:00,SUBSCRIPTION_START,False,False,FULL_OBSERVED_JOURNEY,VALID,2,subscriptions
event_68d65268a0415db9,EventInstance,event_68d65268a0415db9,5,2024-11-13T00:00:00,CHURN,True,True,FULL_OBSERVED_JOURNEY,VALID_WITH_WARNING,6,churn_events
event_68e2581e845e0eb7,EventInstance,event_68e2581e845e0eb7,7,2024-12-12T00:00:00,SUBSCRIPTION_START,False,False,LANDMARK_30D_JOURNEY,VALID,2,subscriptions
event_6903a1c2e6ea98ef,EventInstance,event_6903a1c2e6ea98ef,29,2024-09-02T00:00:00,FEATURE,False,False,FULL_OBSERVED_JOURNEY,VALID,3,feature_usage
event_6906e5e64c742a28,EventInstance,event_6906e5e64c742a28,16,2024-05-20T00:00:00,FEATURE,False,False,FULL_OBSERVED_JOURNEY,VALID,3,feature_usage
event_69099aff7b564fc5,EventInstance,event_69099aff7b564fc5,2,2024-06-22T00:00:00,SUBSCRIPTION_START,False,False,LANDMARK_60D_JOURNEY,VALID,2,subscriptions
event_692b205921ee0916,EventInstance,event_692b205921ee0916,11,2024-12-18T00:00:00,SUBSCRIPTION_START,False,False,PRE_FIRST_CHURN,VALID,2,subscriptions
event_69530db40c551c20,EventInstance,event_69530db40c551c20,6,2024-07-26T00:00:00,SUBSCRIPTION_START,False,False,FULL_OBSERVED_JOURNEY,VALID,2,subscriptions
event_695b86da9eb56cf5,EventInstance,event_695b86da9eb56cf5,11,2024-04-29T00:00:00,SUBSCRIPTION_START,False,False,FULL_OBSERVED_JOURNEY,VALID,2,subscriptions
event_695cd6790e5d6510,EventInstance,event_695cd6790e5d6510,17,2024-12-25T00:00:00,FEATURE,False,True,FULL_OBSERVED_JOURNEY,VALID_WITH_WARNING,3,feature_usage
event_69605d74feeadc22,EventInstance,event_69605d74feeadc22,25,2024-09-04T00:00:00,FEATURE,False,False,FULL_OBSERVED_JOURNEY,VALID,3,feature_usage
event_698bd632c82c6991,EventInstance,event_698bd632c82c6991,7,2023-04-03T00:00:00,FEATURE,False,False,LANDMARK_90D_JOURNEY,VALID,3,feature_usage
event_69922729272b11ec,EventInstance,event_69922729272b11ec,2,2024-10-10T00:00:00,SUBSCRIPTION_START,False,False,LANDMARK_60D_JOURNEY,VALID,2,subscriptions
event_69b3980c411d37a5,EventInstance,event_69b3980c411d37a5,4,2023-12-11T00:00:00,SUBSCRIPTION_START,False,False,FULL_OBSERVED_JOURNEY,VALID,2,subscriptions
event_69da0f5b4615cfd7,EventInstance,event_69da0f5b4615cfd7,5,2023-12-06T00:00:00,SUBSCRIPTION_START,False,False,FULL_OBSERVED_JOURNEY,VALID,2,subscriptions
event_6a698c0416726595,EventInstance,event_6a698c0416726595,2,2024-07-13T00:00:00,SUBSCRIPTION_START,False,False,LANDMARK_60D_JOURNEY,VALID,2,subscriptions
event_6a76fb50b3adbe40,EventInstance,event_6a76fb50b3adbe40,10,2024-05-06T00:00:00,FEATURE,False,False,FULL_OBSERVED_JOURNEY,VALID,3,feature_usage
event_6a82804409506b7c,EventInstance,event_6a82804409506b7c,11,2023-07-27T00:00:00,FEATURE,False,False,FULL_OBSERVED_JOURNEY,VALID,3,feature_usage
event_6a994f110c5107c8,EventInstance,event_6a994f110c5107c8,18,2024-12-27T00:00:00,SUBSCRIPTION_START,False,False,FULL_OBSERVED_JOURNEY,VALID,2,subscriptions
event_6aab70af99b1963d,EventInstance,event_6aab70af99b1963d,7,2024-11-23T00:00:00,SUBSCRIPTION_START,False,False,LANDMARK_60D_JOURNEY,VALID,2,subscriptions
event_6abd97506545527b,EventInstance,event_6abd97506545527b,9,2024-02-29T08:00:00,SUPPORT_CLOSE,False,True,FULL_OBSERVED_JOURNEY,VALID_WITH_WARNING,5,support_tickets
event_6ad7c18a014db598,EventInstance,event_6ad7c18a014db598,19,2024-10-18T00:00:00,SUBSCRIPTION_START,False,False,FULL_OBSERVED_JOURNEY,VALID,2,subscriptions
event_6addffbc842cf95e,EventInstance,event_6addffbc842cf95e,22,2024-09-08T00:00:00,FEATURE,False,False,FULL_OBSERVED_JOURNEY,VALID,3,feature_usage
event_6b2f0ed04b1ce7ff,EventInstance,event_6b2f0ed04b1ce7ff,1,2024-02-02T00:00:00,SUBSCRIPTION_START,True,False,LANDMARK_90D_JOURNEY,VALID,2,subscriptions
event_6b35ffb2adb94342,EventInstance,event_6b35ffb2adb94342,5,2024-09-22T00:00:00,SUBSCRIPTION_START,False,False,LANDMARK_30D_JOURNEY,VALID,2,subscriptions
event_6b5b1c59bec37153,EventInstance,event_6b5b1c59bec37153,17,2024-10-27T00:00:00,CHURN,True,True,PRE_FIRST_CHURN,VALID_WITH_WARNING,6,churn_events
event_6b8ace572e707aed,EventInstance,event_6b8ace572e707aed,6,2024-03-16T00:00:00,FEATURE,False,False,FULL_OBSERVED_JOURNEY,VALID,3,feature_usage
event_6b98e77ca77a2bf0,EventInstance,event_6b98e77ca77a2bf0,19,2024-10-06T00:00:00,FEATURE,False,False,FULL_OBSERVED_JOURNEY,VALID,3,feature_usage
event_6bafe23cbc9784ef,EventInstance,event_6bafe23cbc9784ef,18,2024-08-20T00:00:00,SUPPORT_OPEN,False,True,FULL_OBSERVED_JOURNEY,VALID_WITH_WARNING,4,support_tickets
event_6bc0650ca0887498,EventInstance,event_6bc0650ca0887498,47,2024-11-25T00:00:00,SUBSCRIPTION_START,False,False,FULL_OBSERVED_JOURNEY,VALID,2,subscriptions
event_6bd5c28c24d9156c,EventInstance,event_6bd5c28c24d9156c,13,2024-02-16T00:00:00,FEATURE,False,False,FULL_OBSERVED_JOURNEY,VALID,3,feature_usage
event_6bf1a2ee9e1792d2,EventInstance,event_6bf1a2ee9e1792d2,5,2024-09-13T00:00:00,SUBSCRIPTION_START,False,False,LANDMARK_90D_JOURNEY,VALID,2,subscriptions
event_6c013a8130db6761,EventInstance,event_6c013a8130db6761,3,2024-06-11T06:00:00,SUPPORT_CLOSE,False,False,FULL_OBSERVED_JOURNEY,VALID,5,support_tickets
event_6c02734b5c6adf7a,EventInstance,event_6c02734b5c6adf7a,1,2024-01-30T00:00:00,SUBSCRIPTION_START,True,False,LANDMARK_30D_JOURNEY,VALID,2,subscriptions
event_6c0650d0902f9d53,EventInstance,event_6c0650d0902f9d53,4,2024-09-15T00:00:00,SUBSCRIPTION_START,False,True,POST_REACTIVATION,VALID_WITH_WARNING,2,subscriptions
event_6c0973162d6ee03d,EventInstance,event_6c0973162d6ee03d,3,2024-07-16T00:00:00,SUBSCRIPTION_START,False,False,PRE_FIRST_CHURN,VALID,2,subscriptions
event_6c0bb89c461cffd5,EventInstance,event_6c0bb89c461cffd5,6,2023-10-28T00:00:00,FEATURE,False,False,FULL_OBSERVED_JOURNEY,VALID,3,feature_usage
event_6c75fcb58b712bb0,EventInstance,event_6c75fcb58b712bb0,5,2024-08-07T00:00:00,SUBSCRIPTION_START,True,False,LANDMARK_90D_JOURNEY,VALID,2,subscriptions
event_6c7a6f81ce187899,EventInstance,event_6c7a6f81ce187899,10,2024-09-29T00:00:00,FEATURE,False,False,FULL_OBSERVED_JOURNEY,VALID,3,feature_usage
event_6c7d18a2d9b94350,EventInstance,event_6c7d18a2d9b94350,33,2024-12-02T00:00:00,FEATURE,False,False,FULL_OBSERVED_JOURNEY,VALID,3,feature_usage
event_6c86f57b260075c9,EventInstance,event_6c86f57b260075c9,17,2024-12-09T00:00:00,FEATURE,False,True,PRE_FIRST_CHURN,VALID_WITH_WARNING,3,feature_usage
event_6cb092670e0b9626,EventInstance,event_6cb092670e0b9626,1,2024-09-27T00:00:00,SUBSCRIPTION_START,True,False,LANDMARK_30D_JOURNEY,VALID,2,subscriptions
event_6ce50b3775d94b5d,EventInstance,event_6ce50b3775d94b5d,13,2024-11-29T00:00:00,FEATURE,False,False,FULL_OBSERVED_JOURNEY,VALID,3,feature_usage
event_6cff5cb32e08f304,EventInstance,event_6cff5cb32e08f304,1,2024-09-30T00:00:00,SUBSCRIPTION_START,True,False,LANDMARK_30D_JOURNEY,VALID,2,subscriptions
event_6d13c64207cdc852,EventInstance,event_6d13c64207cdc852,1,2024-04-28T00:00:00,ACCOUNT,True,False,PRE_FIRST_CHURN,VALID,1,accounts
event_6d14c824e9a66dc0,EventInstance,event_6d14c824e9a66dc0,27,2024-09-20T00:00:00,FEATURE,False,False,FULL_OBSERVED_JOURNEY,VALID,3,feature_usage
event_6d202a041022d35a,EventInstance,event_6d202a041022d35a,14,2024-08-18T00:00:00,FEATURE,False,False,FULL_OBSERVED_JOURNEY,VALID,3,feature_usage
event_6d23cccd32359edb,EventInstance,event_6d23cccd32359edb,13,2023-10-04T00:00:00,SUBSCRIPTION_START,False,False,PRE_FIRST_CHURN,VALID,2,subscriptions
event_6d2e68a386c796dc,EventInstance,event_6d2e68a386c796dc,2,2024-07-30T00:00:00,SUBSCRIPTION_START,False,False,PRE_FIRST_CHURN,VALID,2,subscriptions
event_6d4f57dd734251a3,EventInstance,event_6d4f57dd734251a3,23,2024-06-06T00:00:00,SUBSCRIPTION_START,False,False,FULL_OBSERVED_JOURNEY,VALID,2,subscriptions
event_6d5bfe19ae155146,EventInstance,event_6d5bfe19ae155146,2,2023-06-30T00:00:00,SUBSCRIPTION_START,False,False,FULL_OBSERVED_JOURNEY,VALID,2,subscriptions
event_6d5f20709ef20e04,EventInstance,event_6d5f20709ef20e04,4,2024-12-31T00:00:00,SUBSCRIPTION_START,False,True,FULL_OBSERVED_JOURNEY,VALID_WITH_WARNING,2,subscriptions
event_6d77fbf803230999,EventInstance,event_6d77fbf803230999,4,2024-06-15T00:00:00,FEATURE,False,False,FULL_OBSERVED_JOURNEY,VALID,3,feature_usage
event_6d7a72dd91b192dd,EventInstance,event_6d7a72dd91b192dd,12,2024-06-30T00:00:00,SUPPORT_OPEN,False,False,PRE_FIRST_CHURN,VALID,4,support_tickets
event_6d9969b21142a261,EventInstance,event_6d9969b21142a261,6,2024-09-13T00:00:00,SUBSCRIPTION_START,False,False,LANDMARK_60D_JOURNEY,VALID,2,subscriptions
event_6da8dcd992b4354e,EventInstance,event_6da8dcd992b4354e,7,2024-01-22T00:00:00,SUPPORT_OPEN,False,False,FULL_OBSERVED_JOURNEY,VALID,4,support_tickets
event_6dc453af8d9a4fa6,EventInstance,event_6dc453af8d9a4fa6,4,2023-11-24T00:00:00,SUBSCRIPTION_START,False,False,FULL_OBSERVED_JOURNEY,VALID,2,subscriptions
event_6e0000ed5b4f9b3c,EventInstance,event_6e0000ed5b4f9b3c,5,2024-05-13T00:00:00,SUBSCRIPTION_START,False,True,PRE_FIRST_CHURN,VALID_WITH_WARNING,2,subscriptions
event_6e2294d231255afe,EventInstance,event_6e2294d231255afe,27,2024-12-10T00:00:00,SUBSCRIPTION_START,False,False,FULL_OBSERVED_JOURNEY,VALID,2,subscriptions
event_6e3567bd9b997e67,EventInstance,event_6e3567bd9b997e67,4,2024-06-04T00:00:00,SUBSCRIPTION_START,False,False,LANDMARK_90D_JOURNEY,VALID,2,subscriptions
event_6e64ba164ade024a,EventInstance,event_6e64ba164ade024a,4,2024-09-12T00:00:00,SUBSCRIPTION_START,False,True,LANDMARK_90D_JOURNEY,VALID_WITH_WARNING,2,subscriptions
event_6e71dfd01f3c6b49,EventInstance,event_6e71dfd01f3c6b49,2,2024-11-29T00:00:00,SUPPORT_OPEN,False,False,FULL_OBSERVED_JOURNEY,VALID,4,support_tickets
event_6e83f05113d139a1,EventInstance,event_6e83f05113d139a1,4,2024-08-14T00:00:00,SUPPORT_OPEN,False,False,LANDMARK_60D_JOURNEY,VALID,4,support_tickets
event_6e8d3d254225f6f3,EventInstance,event_6e8d3d254225f6f3,21,2024-11-17T00:00:00,SUBSCRIPTION_START,False,False,FULL_OBSERVED_JOURNEY,VALID,2,subscriptions
event_6e9057e865e67ef9,EventInstance,event_6e9057e865e67ef9,2,2024-07-16T00:00:00,SUBSCRIPTION_START,False,False,LANDMARK_60D_JOURNEY,VALID,2,subscriptions
event_6e952baaee5a95fb,EventInstance,event_6e952baaee5a95fb,4,2024-11-06T00:00:00,SUBSCRIPTION_START,False,False,LANDMARK_90D_JOURNEY,VALID,2,subscriptions
event_6eb1431e20d1bdca,EventInstance,event_6eb1431e20d1bdca,8,2024-03-18T16:00:00,SUPPORT_CLOSE,False,True,FULL_OBSERVED_JOURNEY,VALID_WITH_WARNING,5,support_tickets
event_6eb8c4e7c9b01118,EventInstance,event_6eb8c4e7c9b01118,1,2024-10-16T00:00:00,ACCOUNT,True,False,FULL_OBSERVED_JOURNEY,VALID,1,accounts
event_6eba2812d111f957,EventInstance,event_6eba2812d111f957,8,2024-09-03T00:00:00,CHURN,True,True,PRE_FIRST_CHURN,VALID_WITH_WARNING,6,churn_events
event_6ee699a8079a7cde,EventInstance,event_6ee699a8079a7cde,7,2024-09-09T00:00:00,FEATURE,False,False,PRE_FIRST_CHURN,VALID,3,feature_usage
event_6f07af5d0cea7c4c,EventInstance,event_6f07af5d0cea7c4c,3,2024-06-24T00:00:00,SUBSCRIPTION_START,False,False,LANDMARK_30D_JOURNEY,VALID,2,subscriptions
event_6f1bc63fa59f49c8,EventInstance,event_6f1bc63fa59f49c8,24,2024-09-17T00:00:00,FEATURE,False,False,FULL_OBSERVED_JOURNEY,VALID,3,feature_usage
event_6f20ef0b35b4ab9c,EventInstance,event_6f20ef0b35b4ab9c,33,2024-10-10T00:00:00,SUBSCRIPTION_END,False,False,FULL_OBSERVED_JOURNEY,VALID,8,subscriptions
event_6f35d592dd736f3e,EventInstance,event_6f35d592dd736f3e,6,2024-12-14T00:00:00,SUBSCRIPTION_START,True,False,LANDMARK_30D_JOURNEY,VALID,2,subscriptions
event_6f3f0108b494c8a1,EventInstance,event_6f3f0108b494c8a1,9,2024-04-20T00:00:00,SUBSCRIPTION_START,False,False,FULL_OBSERVED_JOURNEY,VALID,2,subscriptions
event_6f4718efe6f6616f,EventInstance,event_6f4718efe6f6616f,10,2024-06-22T00:00:00,SUBSCRIPTION_START,False,False,FULL_OBSERVED_JOURNEY,VALID,2,subscriptions
event_6f4d55a56339868b,EventInstance,event_6f4d55a56339868b,2,2023-11-20T00:00:00,FEATURE,False,False,FULL_OBSERVED_JOURNEY,VALID,3,feature_usage
event_6f7fb43f65ca5626,EventInstance,event_6f7fb43f65ca5626,3,2024-10-11T00:00:00,SUBSCRIPTION_START,False,False,LANDMARK_30D_JOURNEY,VALID,2,subscriptions
event_6f881ad697325f95,EventInstance,event_6f881ad697325f95,24,2024-02-02T00:00:00,SUBSCRIPTION_START,False,False,FULL_OBSERVED_JOURNEY,VALID,2,subscriptions
event_6f8abaf0b2c28ffe,EventInstance,event_6f8abaf0b2c28ffe,2,2023-06-27T00:00:00,SUBSCRIPTION_START,False,False,FULL_OBSERVED_JOURNEY,VALID,2,subscriptions
event_6f92c740c61641a4,EventInstance,event_6f92c740c61641a4,20,2024-12-07T00:00:00,FEATURE,False,False,FULL_OBSERVED_JOURNEY,VALID,3,feature_usage
event_6fcd3fe565ee33d3,EventInstance,event_6fcd3fe565ee33d3,15,2024-11-24T00:00:00,SUBSCRIPTION_END,False,False,FULL_OBSERVED_JOURNEY,VALID,8,subscriptions
event_70124f360ede8415,EventInstance,event_70124f360ede8415,1,2023-03-20T00:00:00,SUBSCRIPTION_START,True,False,FULL_OBSERVED_JOURNEY,VALID,2,subscriptions
event_7014dc5ee71734c5,EventInstance,event_7014dc5ee71734c5,2,2024-03-29T00:00:00,SUBSCRIPTION_START,False,False,FULL_OBSERVED_JOURNEY,VALID,2,subscriptions
event_7026c286ed688c64,EventInstance,event_7026c286ed688c64,7,2024-07-12T05:00:00,SUPPORT_CLOSE,False,False,LANDMARK_60D_JOURNEY,VALID,5,support_tickets
event_7037de9726265d05,EventInstance,event_7037de9726265d05,7,2024-01-29T00:00:00,SUBSCRIPTION_START,False,False,FULL_OBSERVED_JOURNEY,VALID,2,subscriptions
event_705895a73d1e2cf3,EventInstance,event_705895a73d1e2cf3,1,2024-05-09T00:00:00,SUBSCRIPTION_START,True,False,LANDMARK_90D_JOURNEY,VALID,2,subscriptions
event_7065e1f362d53efe,EventInstance,event_7065e1f362d53efe,2,2024-06-20T00:00:00,SUBSCRIPTION_START,True,False,LANDMARK_30D_JOURNEY,VALID,2,subscriptions
event_70802720a25b3071,EventInstance,event_70802720a25b3071,1,2024-07-26T00:00:00,ACCOUNT,True,False,FULL_OBSERVED_JOURNEY,VALID,1,accounts
event_708e83f8d4cec69c,EventInstance,event_708e83f8d4cec69c,1,2024-10-23T00:00:00,SUBSCRIPTION_START,True,False,LANDMARK_60D_JOURNEY,VALID,2,subscriptions
event_70affcecec3b8740,EventInstance,event_70affcecec3b8740,1,2024-11-21T00:00:00,CHURN,True,True,BETWEEN_CHURN_AND_REACTIVATION,VALID_WITH_WARNING,6,churn_events
event_70bb02819b999bba,EventInstance,event_70bb02819b999bba,1,2024-05-14T00:00:00,SUBSCRIPTION_START,True,True,LANDMARK_60D_JOURNEY,VALID_WITH_WARNING,2,subscriptions
event_70c722a4ebcf66df,EventInstance,event_70c722a4ebcf66df,25,2024-12-23T00:00:00,SUBSCRIPTION_END,False,False,FULL_OBSERVED_JOURNEY,VALID,8,subscriptions
event_70ca510b9cc2732f,EventInstance,event_70ca510b9cc2732f,4,2024-10-30T00:00:00,SUBSCRIPTION_START,False,False,FULL_OBSERVED_JOURNEY,VALID,2,subscriptions
event_70cdeba2ccc0a2ce,EventInstance,event_70cdeba2ccc0a2ce,5,2024-10-01T00:00:00,SUBSCRIPTION_START,False,False,FULL_OBSERVED_JOURNEY,VALID,2,subscriptions
event_70e8eb57ef96c373,EventInstance,event_70e8eb57ef96c373,9,2024-08-03T00:00:00,FEATURE,False,False,BETWEEN_CHURN_AND_REACTIVATION,VALID,3,feature_usage
event_70f0c4a9c01207d9,EventInstance,event_70f0c4a9c01207d9,9,2024-11-20T00:00:00,SUBSCRIPTION_START,False,False,FULL_OBSERVED_JOURNEY,VALID,2,subscriptions
event_7130d71df936c3b4,EventInstance,event_7130d71df936c3b4,23,2024-10-06T00:00:00,SUBSCRIPTION_START,False,False,FULL_OBSERVED_JOURNEY,VALID,2,subscriptions
event_713d0021050ccc84,EventInstance,event_713d0021050ccc84,3,2023-11-28T00:00:00,SUBSCRIPTION_START,False,False,LANDMARK_90D_JOURNEY,VALID,2,subscriptions
event_713e87f3eb864574,EventInstance,event_713e87f3eb864574,6,2024-12-07T00:00:00,CHURN,True,True,BETWEEN_RECURRING_CHURNS,VALID_WITH_WARNING,6,churn_events
event_7164d682781f6cb0,EventInstance,event_7164d682781f6cb0,6,2024-09-30T00:00:00,SUBSCRIPTION_START,False,False,LANDMARK_60D_JOURNEY,VALID,2,subscriptions
event_718710573f4faf2e,EventInstance,event_718710573f4faf2e,10,2024-02-18T00:00:00,SUPPORT_CLOSE,False,False,FULL_OBSERVED_JOURNEY,VALID,5,support_tickets
event_718c7d2414b03f77,EventInstance,event_718c7d2414b03f77,2,2024-03-16T00:00:00,SUBSCRIPTION_START,False,False,FULL_OBSERVED_JOURNEY,VALID,2,subscriptions
event_7190ac434b3724ec,EventInstance,event_7190ac434b3724ec,23,2024-12-17T00:00:00,FEATURE,False,False,FULL_OBSERVED_JOURNEY,VALID,3,feature_usage
event_71d184de3298b5b3,EventInstance,event_71d184de3298b5b3,24,2024-10-17T00:00:00,FEATURE,False,False,FULL_OBSERVED_JOURNEY,VALID,3,feature_usage
event_720c82c3adb602b8,EventInstance,event_720c82c3adb602b8,21,2024-12-18T00:00:00,FEATURE,False,False,FULL_OBSERVED_JOURNEY,VALID,3,feature_usage
event_72192f85d8049da4,EventInstance,event_72192f85d8049da4,2,2024-11-23T00:00:00,SUBSCRIPTION_START,False,True,BETWEEN_CHURN_AND_REACTIVATION,VALID_WITH_WARNING,2,subscriptions
event_72a94ad76302589f,EventInstance,event_72a94ad76302589f,2,2024-06-26T00:00:00,SUBSCRIPTION_START,False,False,LANDMARK_90D_JOURNEY,VALID,2,subscriptions
event_72b439bf3d7287dc,EventInstance,event_72b439bf3d7287dc,2,2024-10-07T00:00:00,SUBSCRIPTION_START,False,False,PRE_FIRST_CHURN,VALID,2,subscriptions
event_72c6cea64dcde940,EventInstance,event_72c6cea64dcde940,7,2024-10-16T00:00:00,FEATURE,False,False,LANDMARK_60D_JOURNEY,VALID,3,feature_usage
event_72d0245bc7034269,EventInstance,event_72d0245bc7034269,34,2024-12-09T00:00:00,FEATURE,False,False,FULL_OBSERVED_JOURNEY,VALID,3,feature_usage
event_72e4ff81d2c00dea,EventInstance,event_72e4ff81d2c00dea,3,2024-11-19T00:00:00,CHURN,True,True,BETWEEN_RECURRING_CHURNS,VALID_WITH_WARNING,6,churn_events
event_72ea95917b3355a5,EventInstance,event_72ea95917b3355a5,4,2024-07-11T00:00:00,FEATURE,False,False,FULL_OBSERVED_JOURNEY,VALID,3,feature_usage
event_7303f10f747d5bc7,EventInstance,event_7303f10f747d5bc7,5,2023-12-21T00:00:00,SUBSCRIPTION_START,False,False,FULL_OBSERVED_JOURNEY,VALID,2,subscriptions
event_7319844878851a5c,EventInstance,event_7319844878851a5c,3,2024-10-04T00:00:00,FEATURE,False,False,BETWEEN_RECURRING_CHURNS,VALID,3,feature_usage
event_732e5f00a556b142,EventInstance,event_732e5f00a556b142,5,2024-10-09T00:00:00,FEATURE,False,False,FULL_OBSERVED_JOURNEY,VALID,3,feature_usage
event_734dfc04f728c0ff,EventInstance,event_734dfc04f728c0ff,8,2024-02-22T00:00:00,FEATURE,False,False,FULL_OBSERVED_JOURNEY,VALID,3,feature_usage
event_73cdcfa642dbfa25,EventInstance,event_73cdcfa642dbfa25,8,2024-11-04T00:00:00,SUBSCRIPTION_START,False,False,LANDMARK_90D_JOURNEY,VALID,2,subscriptions
event_73ce883ed6a72d15,EventInstance,event_73ce883ed6a72d15,7,2024-09-09T00:00:00,SUBSCRIPTION_START,False,False,PRE_FIRST_CHURN,VALID,2,subscriptions
event_73e375f078890abf,EventInstance,event_73e375f078890abf,3,2024-09-11T00:00:00,SUBSCRIPTION_START,True,False,LANDMARK_60D_JOURNEY,VALID,2,subscriptions
event_73f661adc67ae8af,EventInstance,event_73f661adc67ae8af,5,2023-08-14T01:00:00,SUPPORT_CLOSE,False,False,LANDMARK_90D_JOURNEY,VALID,5,support_tickets
event_74188913a1af2bbb,EventInstance,event_74188913a1af2bbb,4,2024-06-30T00:00:00,SUBSCRIPTION_START,False,False,LANDMARK_90D_JOURNEY,VALID,2,subscriptions
event_742a102ae8d81d9c,EventInstance,event_742a102ae8d81d9c,4,2024-09-18T00:00:00,SUBSCRIPTION_START,False,False,LANDMARK_30D_JOURNEY,VALID,2,subscriptions
event_742f7b8cab20be23,EventInstance,event_742f7b8cab20be23,3,2024-01-30T00:00:00,FEATURE,True,False,LANDMARK_30D_JOURNEY,VALID,3,feature_usage
event_74322b0a9c32a4d9,EventInstance,event_74322b0a9c32a4d9,3,2023-11-22T00:00:00,SUBSCRIPTION_START,False,False,FULL_OBSERVED_JOURNEY,VALID,2,subscriptions
event_743a830ab9349e22,EventInstance,event_743a830ab9349e22,18,2024-11-09T00:00:00,FEATURE,False,False,FULL_OBSERVED_JOURNEY,VALID,3,feature_usage
event_7448501aa42bf38b,EventInstance,event_7448501aa42bf38b,28,2024-03-19T00:00:00,SUBSCRIPTION_START,False,False,FULL_OBSERVED_JOURNEY,VALID,2,subscriptions
event_7453e201f18cd45e,EventInstance,event_7453e201f18cd45e,7,2024-11-11T00:00:00,SUBSCRIPTION_START,True,False,LANDMARK_60D_JOURNEY,VALID,2,subscriptions
event_7495bda229f2a5d4,EventInstance,event_7495bda229f2a5d4,18,2024-12-17T00:00:00,FEATURE,False,False,FULL_OBSERVED_JOURNEY,VALID,3,feature_usage
event_74a39cc66c5bdd13,EventInstance,event_74a39cc66c5bdd13,5,2023-10-28T00:00:00,FEATURE,True,False,LANDMARK_60D_JOURNEY,VALID,3,feature_usage
event_74ab239b9f5ac7f8,EventInstance,event_74ab239b9f5ac7f8,3,2024-11-01T00:00:00,SUBSCRIPTION_START,False,False,FULL_OBSERVED_JOURNEY,VALID,2,subscriptions
event_74b61e2000a4bf8a,EventInstance,event_74b61e2000a4bf8a,6,2024-11-01T00:00:00,SUBSCRIPTION_START,False,False,LANDMARK_60D_JOURNEY,VALID,2,subscriptions
event_74b87982588a04d3,EventInstance,event_74b87982588a04d3,4,2023-12-26T02:00:00,SUPPORT_CLOSE,True,True,LANDMARK_30D_JOURNEY,VALID_WITH_WARNING,5,support_tickets
event_74ff562d6eeb1271,EventInstance,event_74ff562d6eeb1271,5,2024-06-09T00:00:00,SUBSCRIPTION_START,False,False,FULL_OBSERVED_JOURNEY,VALID,2,subscriptions
event_7523929782b54b72,EventInstance,event_7523929782b54b72,29,2024-11-05T00:00:00,SUBSCRIPTION_START,False,False,FULL_OBSERVED_JOURNEY,VALID,2,subscriptions
event_753aa6f7584c25db,EventInstance,event_753aa6f7584c25db,13,2024-08-11T00:00:00,SUBSCRIPTION_START,False,False,FULL_OBSERVED_JOURNEY,VALID,2,subscriptions
event_7564157107bab8bf,EventInstance,event_7564157107bab8bf,4,2024-09-30T00:00:00,SUBSCRIPTION_START,False,False,FULL_OBSERVED_JOURNEY,VALID,2,subscriptions
event_756e614be4b8c0e6,EventInstance,event_756e614be4b8c0e6,3,2024-07-24T00:00:00,FEATURE,False,False,LANDMARK_60D_JOURNEY,VALID,3,feature_usage
event_758160b8d5682a39,EventInstance,event_758160b8d5682a39,23,2024-12-07T00:00:00,FEATURE,False,False,FULL_OBSERVED_JOURNEY,VALID,3,feature_usage
event_75e9ff2eae3369aa,EventInstance,event_75e9ff2eae3369aa,23,2024-09-18T00:00:00,SUBSCRIPTION_START,False,False,FULL_OBSERVED_JOURNEY,VALID,2,subscriptions
event_75ecd6ea70ff7bf4,EventInstance,event_75ecd6ea70ff7bf4,5,2024-11-19T00:00:00,SUBSCRIPTION_START,True,False,LANDMARK_30D_JOURNEY,VALID,2,subscriptions
event_75f862cc03ee01f7,EventInstance,event_75f862cc03ee01f7,4,2023-09-25T12:00:00,SUPPORT_CLOSE,False,False,FULL_OBSERVED_JOURNEY,VALID,5,support_tickets
event_760107f710d00c11,EventInstance,event_760107f710d00c11,21,2024-12-09T00:00:00,SUBSCRIPTION_END,False,False,FULL_OBSERVED_JOURNEY,VALID,8,subscriptions
event_7649a9606c4346cf,EventInstance,event_7649a9606c4346cf,5,2024-06-19T00:00:00,SUBSCRIPTION_START,False,True,LANDMARK_60D_JOURNEY,VALID_WITH_WARNING,2,subscriptions
event_7671ea4e77d99758,EventInstance,event_7671ea4e77d99758,27,2024-09-10T00:00:00,FEATURE,False,False,FULL_OBSERVED_JOURNEY,VALID,3,feature_usage
event_7675e97e1d276c88,EventInstance,event_7675e97e1d276c88,6,2024-02-17T00:00:00,FEATURE,False,False,FULL_OBSERVED_JOURNEY,VALID,3,feature_usage
event_7679080394a01a44,EventInstance,event_7679080394a01a44,3,2024-11-21T00:00:00,SUBSCRIPTION_START,False,False,LANDMARK_60D_JOURNEY,VALID,2,subscriptions
event_76886e72d256a584,EventInstance,event_76886e72d256a584,1,2024-09-13T00:00:00,CHURN,True,True,BETWEEN_RECURRING_CHURNS,VALID_WITH_WARNING,6,churn_events
event_76ad8d4706d63d43,EventInstance,event_76ad8d4706d63d43,14,2024-04-18T00:00:00,FEATURE,False,False,FULL_OBSERVED_JOURNEY,VALID,3,feature_usage
event_76c665f319f4ea96,EventInstance,event_76c665f319f4ea96,6,2024-10-17T00:00:00,SUBSCRIPTION_START,False,False,FULL_OBSERVED_JOURNEY,VALID,2,subscriptions
event_76d26e0361d5643e,EventInstance,event_76d26e0361d5643e,10,2024-12-10T00:00:00,SUBSCRIPTION_START,False,False,FULL_OBSERVED_JOURNEY,VALID,2,subscriptions
event_76e3323eadf58b8e,EventInstance,event_76e3323eadf58b8e,9,2024-05-24T00:00:00,FEATURE,True,False,LANDMARK_60D_JOURNEY,VALID,3,feature_usage
event_76f2bef72b8c05bc,EventInstance,event_76f2bef72b8c05bc,4,2023-08-10T00:00:00,FEATURE,False,False,FULL_OBSERVED_JOURNEY,VALID,3,feature_usage
event_775605263bec61fe,EventInstance,event_775605263bec61fe,26,2024-12-28T00:00:00,FEATURE,False,False,FULL_OBSERVED_JOURNEY,VALID,3,feature_usage
event_7787374fcd295054,EventInstance,event_7787374fcd295054,3,2024-12-31T00:00:00,SUBSCRIPTION_START,False,True,FULL_OBSERVED_JOURNEY,VALID_WITH_WARNING,2,subscriptions
event_7794988cfc4d0473,EventInstance,event_7794988cfc4d0473,13,2023-08-03T00:00:00,FEATURE,False,False,FULL_OBSERVED_JOURNEY,VALID,3,feature_usage
event_77bc19a92d1b40c4,EventInstance,event_77bc19a92d1b40c4,3,2024-01-16T00:00:00,SUBSCRIPTION_START,False,False,FULL_OBSERVED_JOURNEY,VALID,2,subscriptions
event_77d9de2944bab4ee,EventInstance,event_77d9de2944bab4ee,11,2023-12-05T00:00:00,SUBSCRIPTION_START,False,False,FULL_OBSERVED_JOURNEY,VALID,2,subscriptions
event_7806203b5363ece9,EventInstance,event_7806203b5363ece9,8,2024-09-19T00:00:00,SUBSCRIPTION_START,False,False,LANDMARK_90D_JOURNEY,VALID,2,subscriptions
event_781f5ec0d0f98cca,EventInstance,event_781f5ec0d0f98cca,1,2023-08-14T00:00:00,SUBSCRIPTION_START,True,False,LANDMARK_30D_JOURNEY,VALID,2,subscriptions
event_783661afe2e92b2a,EventInstance,event_783661afe2e92b2a,10,2024-03-23T00:00:00,SUBSCRIPTION_START,False,False,FULL_OBSERVED_JOURNEY,VALID,2,subscriptions
event_7842d1e979bc5544,EventInstance,event_7842d1e979bc5544,5,2024-01-09T00:00:00,SUPPORT_OPEN,False,True,FULL_OBSERVED_JOURNEY,VALID_WITH_WARNING,4,support_tickets
event_786e2aab06ab0e34,EventInstance,event_786e2aab06ab0e34,11,2024-10-09T00:00:00,FEATURE,False,False,LANDMARK_90D_JOURNEY,VALID,3,feature_usage
event_789a38ee0818e23f,EventInstance,event_789a38ee0818e23f,19,2024-05-09T00:00:00,FEATURE,False,False,FULL_OBSERVED_JOURNEY,VALID,3,feature_usage
event_78a325b3078042fd,EventInstance,event_78a325b3078042fd,3,2024-09-09T00:00:00,FEATURE,False,False,FULL_OBSERVED_JOURNEY,VALID,3,feature_usage
event_78a6ee151f43c373,EventInstance,event_78a6ee151f43c373,14,2024-12-09T00:00:00,SUBSCRIPTION_START,False,True,FULL_OBSERVED_JOURNEY,VALID_WITH_WARNING,2,subscriptions
event_78a90fb4f8f3eeb6,EventInstance,event_78a90fb4f8f3eeb6,5,2024-10-14T00:00:00,SUBSCRIPTION_START,False,False,LANDMARK_90D_JOURNEY,VALID,2,subscriptions
event_78ad98dfd4b4c8fe,EventInstance,event_78ad98dfd4b4c8fe,28,2024-12-25T00:00:00,FEATURE,True,False,FULL_OBSERVED_JOURNEY,VALID,3,feature_usage
event_78b2403f50ac1062,EventInstance,event_78b2403f50ac1062,1,2024-01-30T00:00:00,SUBSCRIPTION_START,True,False,LANDMARK_30D_JOURNEY,VALID,2,subscriptions
event_78d3add70cc8acc4,EventInstance,event_78d3add70cc8acc4,19,2024-07-30T00:00:00,SUBSCRIPTION_START,False,False,PRE_FIRST_CHURN,VALID,2,subscriptions
event_78d6e7f2c6bb0593,EventInstance,event_78d6e7f2c6bb0593,7,2024-10-20T00:00:00,SUBSCRIPTION_START,False,False,FULL_OBSERVED_JOURNEY,VALID,2,subscriptions
event_78da42e517de3bd7,EventInstance,event_78da42e517de3bd7,18,2024-05-11T00:00:00,SUBSCRIPTION_START,False,False,FULL_OBSERVED_JOURNEY,VALID,2,subscriptions
event_79003b0093acf8d4,EventInstance,event_79003b0093acf8d4,1,2023-09-30T00:00:00,SUBSCRIPTION_START,True,False,LANDMARK_30D_JOURNEY,VALID,2,subscriptions
event_791fe9924f72a65a,EventInstance,event_791fe9924f72a65a,31,2024-10-20T00:00:00,FEATURE,False,False,FULL_OBSERVED_JOURNEY,VALID,3,feature_usage
event_793fac8ef3274426,EventInstance,event_793fac8ef3274426,1,2024-10-21T00:00:00,SUBSCRIPTION_START,True,False,LANDMARK_30D_JOURNEY,VALID,2,subscriptions
event_796c8cbe732e63df,EventInstance,event_796c8cbe732e63df,10,2024-12-02T00:00:00,SUBSCRIPTION_START,False,False,FULL_OBSERVED_JOURNEY,VALID,2,subscriptions
event_79795760cf25fc62,EventInstance,event_79795760cf25fc62,2,2024-02-27T00:00:00,SUBSCRIPTION_START,False,False,LANDMARK_60D_JOURNEY,VALID,2,subscriptions
event_798fefd5b1e85623,EventInstance,event_798fefd5b1e85623,19,2024-10-29T00:00:00,SUBSCRIPTION_START,False,False,FULL_OBSERVED_JOURNEY,VALID,2,subscriptions
event_7993989522b395fb,EventInstance,event_7993989522b395fb,1,2023-10-16T00:00:00,SUBSCRIPTION_START,True,False,LANDMARK_30D_JOURNEY,VALID,2,subscriptions
event_79af8474c024f7a8,EventInstance,event_79af8474c024f7a8,27,2024-08-05T00:00:00,FEATURE,False,True,FULL_OBSERVED_JOURNEY,VALID_WITH_WARNING,3,feature_usage
event_79b0c8347dba78ae,EventInstance,event_79b0c8347dba78ae,24,2024-05-07T00:00:00,SUBSCRIPTION_START,False,True,BETWEEN_RECURRING_CHURNS,VALID_WITH_WARNING,2,subscriptions
event_79b7122cd848e993,EventInstance,event_79b7122cd848e993,12,2024-12-16T00:00:00,SUBSCRIPTION_START,False,False,FULL_OBSERVED_JOURNEY,VALID,2,subscriptions
event_79c75a3ed94b09c7,EventInstance,event_79c75a3ed94b09c7,17,2024-12-11T00:00:00,SUBSCRIPTION_START,True,False,FULL_OBSERVED_JOURNEY,VALID,2,subscriptions
event_79e1505f2fe6bba3,EventInstance,event_79e1505f2fe6bba3,4,2024-07-26T00:00:00,SUBSCRIPTION_START,False,False,LANDMARK_60D_JOURNEY,VALID,2,subscriptions
event_79e8e79a688110ad,EventInstance,event_79e8e79a688110ad,2,2024-06-21T00:00:00,SUBSCRIPTION_START,False,False,PRE_FIRST_CHURN,VALID,2,subscriptions
event_79f5bcf521670729,EventInstance,event_79f5bcf521670729,18,2024-07-30T00:00:00,FEATURE,False,False,FULL_OBSERVED_JOURNEY,VALID,3,feature_usage
event_79f9734a3f26fdb2,EventInstance,event_79f9734a3f26fdb2,3,2024-11-28T00:00:00,SUBSCRIPTION_START,False,True,PRE_FIRST_CHURN,VALID_WITH_WARNING,2,subscriptions
event_7a69851ef4cfe083,EventInstance,event_7a69851ef4cfe083,4,2024-09-13T00:00:00,FEATURE,False,False,LANDMARK_30D_JOURNEY,VALID,3,feature_usage
event_7a74ff2802461ae4,EventInstance,event_7a74ff2802461ae4,4,2024-12-20T00:00:00,SUBSCRIPTION_START,False,False,FULL_OBSERVED_JOURNEY,VALID,2,subscriptions
event_7aa7e2c291e8fe52,EventInstance,event_7aa7e2c291e8fe52,2,2024-11-28T00:00:00,CHURN,True,False,LANDMARK_30D_JOURNEY,VALID,6,churn_events
event_7ab833a6da09a513,EventInstance,event_7ab833a6da09a513,16,2024-01-27T00:00:00,FEATURE,False,False,FULL_OBSERVED_JOURNEY,VALID,3,feature_usage
event_7ac3f384e2419c90,EventInstance,event_7ac3f384e2419c90,11,2024-09-01T00:00:00,REACTIVATION,True,True,BETWEEN_CHURN_AND_REACTIVATION,VALID_WITH_WARNING,7,churn_events
event_7acca8cee103bbcd,EventInstance,event_7acca8cee103bbcd,3,2023-07-02T20:00:00,SUPPORT_CLOSE,False,False,FULL_OBSERVED_JOURNEY,VALID,5,support_tickets
event_7ad92c01b9ebf2aa,EventInstance,event_7ad92c01b9ebf2aa,3,2024-11-26T00:00:00,CHURN,True,True,PRE_FIRST_CHURN,VALID_WITH_WARNING,6,churn_events
event_7b4ac23c10d3c8f9,EventInstance,event_7b4ac23c10d3c8f9,14,2024-08-25T00:00:00,FEATURE,False,False,FULL_OBSERVED_JOURNEY,VALID,3,feature_usage
event_7b88ead6a16e2708,EventInstance,event_7b88ead6a16e2708,3,2024-10-01T00:00:00,FEATURE,False,False,LANDMARK_60D_JOURNEY,VALID,3,feature_usage
event_7b98446ba3f38833,EventInstance,event_7b98446ba3f38833,28,2024-10-24T00:00:00,FEATURE,False,False,FULL_OBSERVED_JOURNEY,VALID,3,feature_usage
event_7bd0f65427b7ec60,EventInstance,event_7bd0f65427b7ec60,36,2024-12-04T00:00:00,FEATURE,False,True,FULL_OBSERVED_JOURNEY,VALID_WITH_WARNING,3,feature_usage
event_7bd4d43daad39bcb,EventInstance,event_7bd4d43daad39bcb,15,2024-10-23T00:00:00,FEATURE,False,False,LANDMARK_90D_JOURNEY,VALID,3,feature_usage
event_7bdfdb7267b64611,EventInstance,event_7bdfdb7267b64611,1,2024-07-17T00:00:00,SUBSCRIPTION_START,True,False,LANDMARK_30D_JOURNEY,VALID,2,subscriptions
event_7c3553b53a21b292,EventInstance,event_7c3553b53a21b292,3,2023-07-14T00:00:00,SUBSCRIPTION_START,False,False,LANDMARK_30D_JOURNEY,VALID,2,subscriptions
event_7c3cacd6a1787dbe,EventInstance,event_7c3cacd6a1787dbe,39,2024-12-24T00:00:00,FEATURE,False,False,FULL_OBSERVED_JOURNEY,VALID,3,feature_usage
event_7c8194b6b28d3bfd,EventInstance,event_7c8194b6b28d3bfd,5,2024-12-05T00:00:00,CHURN,True,True,BETWEEN_RECURRING_CHURNS,VALID_WITH_WARNING,6,churn_events
event_7cb5b9eb4ccce472,EventInstance,event_7cb5b9eb4ccce472,37,2024-10-01T00:00:00,FEATURE,False,False,BETWEEN_RECURRING_CHURNS,VALID,3,feature_usage
event_7cbaaa936ad76a80,EventInstance,event_7cbaaa936ad76a80,10,2024-11-02T00:00:00,SUBSCRIPTION_END,False,True,LANDMARK_90D_JOURNEY,VALID_WITH_WARNING,8,subscriptions
event_7cf725f6a10cfba1,EventInstance,event_7cf725f6a10cfba1,24,2024-11-29T00:00:00,FEATURE,False,False,FULL_OBSERVED_JOURNEY,VALID,3,feature_usage
event_7cf8d83285b6b66a,EventInstance,event_7cf8d83285b6b66a,13,2024-06-07T00:00:00,SUBSCRIPTION_START,False,False,FULL_OBSERVED_JOURNEY,VALID,2,subscriptions
event_7d0699c8026ee86a,EventInstance,event_7d0699c8026ee86a,5,2024-06-14T00:00:00,SUBSCRIPTION_START,False,False,PRE_FIRST_CHURN,VALID,2,subscriptions
event_7d10c4795496c5df,EventInstance,event_7d10c4795496c5df,8,2024-03-08T00:00:00,SUBSCRIPTION_START,True,False,LANDMARK_60D_JOURNEY,VALID,2,subscriptions
event_7d22500071339ed7,EventInstance,event_7d22500071339ed7,33,2024-09-20T00:00:00,FEATURE,False,False,FULL_OBSERVED_JOURNEY,VALID,3,feature_usage
event_7d356f632d4beed6,EventInstance,event_7d356f632d4beed6,14,2024-11-20T00:00:00,FEATURE,False,False,LANDMARK_90D_JOURNEY,VALID,3,feature_usage
event_7d50307fdd3f5697,EventInstance,event_7d50307fdd3f5697,11,2023-05-12T19:00:00,SUPPORT_CLOSE,True,True,LANDMARK_90D_JOURNEY,VALID_WITH_WARNING,5,support_tickets
event_7d6b68f059d0bf79,EventInstance,event_7d6b68f059d0bf79,15,2024-05-01T00:00:00,FEATURE,False,False,PRE_FIRST_CHURN,VALID,3,feature_usage
event_7d6e430418fa3afb,EventInstance,event_7d6e430418fa3afb,20,2024-12-10T00:00:00,FEATURE,False,False,FULL_OBSERVED_JOURNEY,VALID,3,feature_usage
event_7d70280409bdee8e,EventInstance,event_7d70280409bdee8e,7,2024-10-27T00:00:00,SUBSCRIPTION_START,False,False,PRE_FIRST_CHURN,VALID,2,subscriptions
event_7d7745a0e2b6d83a,EventInstance,event_7d7745a0e2b6d83a,8,2024-04-02T00:00:00,SUBSCRIPTION_END,True,False,LANDMARK_90D_JOURNEY,VALID,8,subscriptions
event_7db2659994fb2695,EventInstance,event_7db2659994fb2695,1,2024-12-27T00:00:00,ACCOUNT,True,True,FULL_OBSERVED_JOURNEY,VALID_WITH_WARNING,1,accounts
event_7e340e0d033f78e5,EventInstance,event_7e340e0d033f78e5,5,2024-08-26T00:00:00,SUBSCRIPTION_START,False,False,FULL_OBSERVED_JOURNEY,VALID,2,subscriptions
event_7e35e97bbb7b2096,EventInstance,event_7e35e97bbb7b2096,3,2024-08-19T00:00:00,FEATURE,False,False,BETWEEN_RECURRING_CHURNS,VALID,3,feature_usage
event_7e4b19faf7365321,EventInstance,event_7e4b19faf7365321,10,2024-11-29T00:00:00,CHURN,True,True,FULL_OBSERVED_JOURNEY,VALID_WITH_WARNING,6,churn_events
event_7e6159eeeaac80c8,EventInstance,event_7e6159eeeaac80c8,6,2023-09-11T00:00:00,FEATURE,False,False,BETWEEN_RECURRING_CHURNS,VALID,3,feature_usage
event_7e6f1ae9532922ea,EventInstance,event_7e6f1ae9532922ea,23,2024-10-24T00:00:00,FEATURE,False,False,FULL_OBSERVED_JOURNEY,VALID,3,feature_usage
event_7e8cfec9a0aa6d54,EventInstance,event_7e8cfec9a0aa6d54,3,2023-12-13T00:00:00,SUPPORT_OPEN,False,False,FULL_OBSERVED_JOURNEY,VALID,4,support_tickets
event_7ed1aad64a9d2fbb,EventInstance,event_7ed1aad64a9d2fbb,2,2023-12-02T00:00:00,SUBSCRIPTION_START,True,False,LANDMARK_30D_JOURNEY,VALID,2,subscriptions
event_7ef51dd0adfea8cb,EventInstance,event_7ef51dd0adfea8cb,9,2024-02-15T00:00:00,FEATURE,False,False,PRE_FIRST_CHURN,VALID,3,feature_usage
event_7f090d2d5424c875,EventInstance,event_7f090d2d5424c875,6,2024-11-13T00:00:00,SUBSCRIPTION_START,False,False,LANDMARK_60D_JOURNEY,VALID,2,subscriptions
event_7f0f1c45a556b02d,EventInstance,event_7f0f1c45a556b02d,4,2024-03-28T00:00:00,SUBSCRIPTION_START,False,False,FULL_OBSERVED_JOURNEY,VALID,2,subscriptions
event_7f146c3e95a8e122,EventInstance,event_7f146c3e95a8e122,4,2024-12-10T00:00:00,SUBSCRIPTION_START,False,True,FULL_OBSERVED_JOURNEY,VALID_WITH_WARNING,2,subscriptions
event_7f293cf1d7251a39,EventInstance,event_7f293cf1d7251a39,10,2023-12-16T00:00:00,FEATURE,False,False,FULL_OBSERVED_JOURNEY,VALID,3,feature_usage
event_7fafb6908879854e,EventInstance,event_7fafb6908879854e,1,2024-01-26T00:00:00,SUBSCRIPTION_START,True,False,LANDMARK_30D_JOURNEY,VALID,2,subscriptions
event_7fd1e7e79ff3509e,EventInstance,event_7fd1e7e79ff3509e,7,2024-03-18T00:00:00,SUPPORT_CLOSE,False,True,LANDMARK_90D_JOURNEY,VALID_WITH_WARNING,5,support_tickets
event_7fd95a124fad77bf,EventInstance,event_7fd95a124fad77bf,10,2024-12-30T00:00:00,SUBSCRIPTION_START,False,True,FULL_OBSERVED_JOURNEY,VALID_WITH_WARNING,2,subscriptions
event_7ff52768b87affe4,EventInstance,event_7ff52768b87affe4,5,2024-12-02T00:00:00,SUBSCRIPTION_START,False,False,LANDMARK_30D_JOURNEY,VALID,2,subscriptions
event_800147d179148cdd,EventInstance,event_800147d179148cdd,5,2024-10-09T00:00:00,SUBSCRIPTION_START,False,False,LANDMARK_60D_JOURNEY,VALID,2,subscriptions
event_801ab0029e253a4c,EventInstance,event_801ab0029e253a4c,7,2023-06-05T00:00:00,SUPPORT_CLOSE,False,False,FULL_OBSERVED_JOURNEY,VALID,5,support_tickets
event_8026d3724774c86d,EventInstance,event_8026d3724774c86d,1,2024-04-19T00:00:00,SUBSCRIPTION_START,True,False,LANDMARK_90D_JOURNEY,VALID,2,subscriptions
event_804a4a56dafa4816,EventInstance,event_804a4a56dafa4816,6,2024-11-26T00:00:00,SUPPORT_OPEN,False,False,LANDMARK_60D_JOURNEY,VALID,4,support_tickets
event_805427d61df98516,EventInstance,event_805427d61df98516,19,2024-10-26T00:00:00,FEATURE,False,False,FULL_OBSERVED_JOURNEY,VALID,3,feature_usage
event_807ed1679b8fe3d5,EventInstance,event_807ed1679b8fe3d5,10,2024-01-01T00:00:00,SUBSCRIPTION_START,False,False,FULL_OBSERVED_JOURNEY,VALID,2,subscriptions
event_8082854562ba119b,EventInstance,event_8082854562ba119b,27,2024-12-30T00:00:00,FEATURE,True,False,FULL_OBSERVED_JOURNEY,VALID,3,feature_usage
event_80b3bad67d008985,EventInstance,event_80b3bad67d008985,3,2024-05-13T00:00:00,SUBSCRIPTION_START,False,False,FULL_OBSERVED_JOURNEY,VALID,2,subscriptions
event_80bdea1c05b819f9,EventInstance,event_80bdea1c05b819f9,7,2024-08-01T00:00:00,SUBSCRIPTION_START,False,False,FULL_OBSERVED_JOURNEY,VALID,2,subscriptions
event_80c1459843615219,EventInstance,event_80c1459843615219,6,2024-05-04T00:00:00,FEATURE,False,False,LANDMARK_90D_JOURNEY,VALID,3,feature_usage
event_80c2d7f755ccc20a,EventInstance,event_80c2d7f755ccc20a,16,2024-08-02T00:00:00,FEATURE,False,False,FULL_OBSERVED_JOURNEY,VALID,3,feature_usage
event_80c55a9589454dce,EventInstance,event_80c55a9589454dce,4,2024-06-21T00:00:00,SUBSCRIPTION_START,False,False,FULL_OBSERVED_JOURNEY,VALID,2,subscriptions
event_80c5bbb3a7c1799f,EventInstance,event_80c5bbb3a7c1799f,26,2024-10-24T00:00:00,FEATURE,False,False,FULL_OBSERVED_JOURNEY,VALID,3,feature_usage
event_80f3778e960bbf25,EventInstance,event_80f3778e960bbf25,1,2023-07-03T00:00:00,SUBSCRIPTION_START,True,False,LANDMARK_60D_JOURNEY,VALID,2,subscriptions
event_80f5a55cb4ab6b25,EventInstance,event_80f5a55cb4ab6b25,5,2024-12-20T00:00:00,SUBSCRIPTION_START,False,False,LANDMARK_30D_JOURNEY,VALID,2,subscriptions
event_81357ce7052b2ae5,EventInstance,event_81357ce7052b2ae5,15,2024-06-01T00:00:00,FEATURE,False,False,FULL_OBSERVED_JOURNEY,VALID,3,feature_usage
event_8155394604a2f1b1,EventInstance,event_8155394604a2f1b1,4,2024-09-05T00:00:00,SUPPORT_OPEN,False,False,LANDMARK_90D_JOURNEY,VALID,4,support_tickets
event_81aca6e12cc528d3,EventInstance,event_81aca6e12cc528d3,2,2024-08-31T00:00:00,SUBSCRIPTION_START,False,True,LANDMARK_90D_JOURNEY,VALID_WITH_WARNING,2,subscriptions
event_81b599ed2ebd522d,EventInstance,event_81b599ed2ebd522d,1,2023-04-27T00:00:00,ACCOUNT,True,False,FULL_OBSERVED_JOURNEY,VALID,1,accounts
event_81bbf8fc33e9b4a7,EventInstance,event_81bbf8fc33e9b4a7,17,2024-10-02T00:00:00,FEATURE,False,False,FULL_OBSERVED_JOURNEY,VALID,3,feature_usage
event_81e45f4c6286c323,EventInstance,event_81e45f4c6286c323,21,2024-12-26T00:00:00,SUBSCRIPTION_START,True,False,FULL_OBSERVED_JOURNEY,VALID,2,subscriptions
event_8203e5deb623ae83,EventInstance,event_8203e5deb623ae83,4,2024-08-06T00:00:00,SUBSCRIPTION_START,True,False,LANDMARK_60D_JOURNEY,VALID,2,subscriptions
event_82329c463073866a,EventInstance,event_82329c463073866a,40,2024-12-21T00:00:00,SUPPORT_OPEN,False,True,FULL_OBSERVED_JOURNEY,VALID_WITH_WARNING,4,support_tickets
event_82348a0dbfb9d9f9,EventInstance,event_82348a0dbfb9d9f9,5,2024-12-15T00:00:00,SUBSCRIPTION_START,False,False,FULL_OBSERVED_JOURNEY,VALID,2,subscriptions
event_82360f06bf614c82,EventInstance,event_82360f06bf614c82,6,2024-11-16T15:00:00,SUPPORT_CLOSE,False,False,LANDMARK_30D_JOURNEY,VALID,5,support_tickets
event_825a5d276da86683,EventInstance,event_825a5d276da86683,7,2024-12-31T00:00:00,SUBSCRIPTION_START,True,True,FULL_OBSERVED_JOURNEY,VALID_WITH_WARNING,2,subscriptions
event_8261625da3e6ba43,EventInstance,event_8261625da3e6ba43,24,2024-07-27T09:00:00,SUPPORT_CLOSE,False,True,FULL_OBSERVED_JOURNEY,VALID_WITH_WARNING,5,support_tickets
event_827e0dee4097c5cd,EventInstance,event_827e0dee4097c5cd,19,2024-09-27T00:00:00,SUBSCRIPTION_START,False,False,FULL_OBSERVED_JOURNEY,VALID,2,subscriptions
event_829dc49e33eb49c7,EventInstance,event_829dc49e33eb49c7,22,2024-11-20T00:00:00,SUBSCRIPTION_START,False,False,PRE_FIRST_CHURN,VALID,2,subscriptions
event_82d16d3839821490,EventInstance,event_82d16d3839821490,3,2024-09-17T00:00:00,SUBSCRIPTION_START,False,False,LANDMARK_60D_JOURNEY,VALID,2,subscriptions
event_82d7b39c26679a9b,EventInstance,event_82d7b39c26679a9b,3,2024-10-13T00:00:00,FEATURE,False,False,LANDMARK_90D_JOURNEY,VALID,3,feature_usage
event_82eb38d6378c1ee1,EventInstance,event_82eb38d6378c1ee1,7,2024-11-17T00:00:00,SUBSCRIPTION_START,False,False,FULL_OBSERVED_JOURNEY,VALID,2,subscriptions
event_82fe9609908ed3f2,EventInstance,event_82fe9609908ed3f2,18,2024-10-17T00:00:00,FEATURE,False,False,FULL_OBSERVED_JOURNEY,VALID,3,feature_usage
event_830cbf218f44712d,EventInstance,event_830cbf218f44712d,1,2024-06-21T00:00:00,SUBSCRIPTION_START,True,False,LANDMARK_60D_JOURNEY,VALID,2,subscriptions
event_8341de5127a097dd,EventInstance,event_8341de5127a097dd,29,2024-09-16T00:00:00,FEATURE,False,True,FULL_OBSERVED_JOURNEY,VALID_WITH_WARNING,3,feature_usage
event_8357bd5506af9e0c,EventInstance,event_8357bd5506af9e0c,18,2024-12-05T00:00:00,SUBSCRIPTION_START,False,False,FULL_OBSERVED_JOURNEY,VALID,2,subscriptions
event_83a6739e850101be,EventInstance,event_83a6739e850101be,3,2023-10-22T00:00:00,FEATURE,False,False,LANDMARK_90D_JOURNEY,VALID,3,feature_usage
event_83aff28f6c4743ff,EventInstance,event_83aff28f6c4743ff,11,2024-12-09T11:00:00,SUPPORT_CLOSE,False,True,LANDMARK_60D_JOURNEY,VALID_WITH_WARNING,5,support_tickets
event_83dc64d5038afe29,EventInstance,event_83dc64d5038afe29,6,2023-10-30T00:00:00,SUBSCRIPTION_START,False,False,FULL_OBSERVED_JOURNEY,VALID,2,subscriptions
event_83fdb93bd0fd221f,EventInstance,event_83fdb93bd0fd221f,7,2024-02-17T00:00:00,SUBSCRIPTION_START,False,False,FULL_OBSERVED_JOURNEY,VALID,2,subscriptions
event_844182adc0ad2b79,EventInstance,event_844182adc0ad2b79,21,2024-11-18T00:00:00,SUBSCRIPTION_START,False,False,PRE_FIRST_CHURN,VALID,2,subscriptions
event_846b0013316c480a,EventInstance,event_846b0013316c480a,13,2024-07-18T00:00:00,FEATURE,False,False,FULL_OBSERVED_JOURNEY,VALID,3,feature_usage
event_8470de2db62be5d8,EventInstance,event_8470de2db62be5d8,13,2024-05-25T00:00:00,SUBSCRIPTION_START,False,False,FULL_OBSERVED_JOURNEY,VALID,2,subscriptions
event_8475df4eb7e73422,EventInstance,event_8475df4eb7e73422,13,2024-07-04T00:00:00,FEATURE,False,False,FULL_OBSERVED_JOURNEY,VALID,3,feature_usage
event_8477058c60c4e4b6,EventInstance,event_8477058c60c4e4b6,2,2023-04-25T00:00:00,SUBSCRIPTION_START,True,False,LANDMARK_60D_JOURNEY,VALID,2,subscriptions
event_8495f99bf6506560,EventInstance,event_8495f99bf6506560,3,2023-08-07T00:00:00,FEATURE,False,False,FULL_OBSERVED_JOURNEY,VALID,3,feature_usage
event_84af58ef349d3726,EventInstance,event_84af58ef349d3726,9,2024-06-25T00:00:00,SUBSCRIPTION_START,True,False,LANDMARK_90D_JOURNEY,VALID,2,subscriptions
event_84b08be9107a4f01,EventInstance,event_84b08be9107a4f01,12,2024-09-30T00:00:00,SUPPORT_OPEN,False,True,FULL_OBSERVED_JOURNEY,VALID_WITH_WARNING,4,support_tickets
event_84cfdbe579b2f1dd,EventInstance,event_84cfdbe579b2f1dd,21,2024-05-22T00:00:00,FEATURE,False,False,FULL_OBSERVED_JOURNEY,VALID,3,feature_usage
event_84ddf86b6fb36a4e,EventInstance,event_84ddf86b6fb36a4e,17,2024-06-10T00:00:00,FEATURE,False,True,BETWEEN_RECURRING_CHURNS,VALID_WITH_WARNING,3,feature_usage
event_84e2575826b8e55e,EventInstance,event_84e2575826b8e55e,6,2024-11-10T00:00:00,SUBSCRIPTION_END,False,False,LANDMARK_90D_JOURNEY,VALID,8,subscriptions
event_850f996fa4d97560,EventInstance,event_850f996fa4d97560,6,2024-06-21T00:00:00,SUBSCRIPTION_START,True,False,LANDMARK_30D_JOURNEY,VALID,2,subscriptions
event_85124ee488d31ed6,EventInstance,event_85124ee488d31ed6,17,2024-07-09T00:00:00,SUBSCRIPTION_START,False,False,FULL_OBSERVED_JOURNEY,VALID,2,subscriptions
event_851ea8dd2c6cf387,EventInstance,event_851ea8dd2c6cf387,15,2024-12-06T00:00:00,FEATURE,False,False,PRE_FIRST_CHURN,VALID,3,feature_usage
event_852e836b593aabb6,EventInstance,event_852e836b593aabb6,1,2024-11-18T00:00:00,SUBSCRIPTION_START,True,False,LANDMARK_30D_JOURNEY,VALID,2,subscriptions
event_853b06d9cc12a7c3,EventInstance,event_853b06d9cc12a7c3,30,2024-09-19T00:00:00,FEATURE,False,False,FULL_OBSERVED_JOURNEY,VALID,3,feature_usage
event_8556a0876dcb68e5,EventInstance,event_8556a0876dcb68e5,1,2023-08-09T00:00:00,SUBSCRIPTION_START,True,False,LANDMARK_60D_JOURNEY,VALID,2,subscriptions
event_8556b77a55e1a507,EventInstance,event_8556b77a55e1a507,14,2024-12-09T00:00:00,SUBSCRIPTION_START,False,False,FULL_OBSERVED_JOURNEY,VALID,2,subscriptions
event_85a15aac714df0b8,EventInstance,event_85a15aac714df0b8,1,2023-08-10T00:00:00,CHURN,True,True,BETWEEN_CHURN_AND_REACTIVATION,VALID_WITH_WARNING,6,churn_events
event_860436718d20158d,EventInstance,event_860436718d20158d,2,2023-03-14T00:00:00,SUPPORT_OPEN,False,True,LANDMARK_90D_JOURNEY,VALID_WITH_WARNING,4,support_tickets
event_862dfb655ce49721,EventInstance,event_862dfb655ce49721,28,2024-09-03T00:00:00,FEATURE,False,False,FULL_OBSERVED_JOURNEY,VALID,3,feature_usage
event_86394366c24ce92a,EventInstance,event_86394366c24ce92a,2,2024-09-05T00:00:00,SUPPORT_OPEN,False,False,LANDMARK_90D_JOURNEY,VALID,4,support_tickets
event_8643606a9e2bfabe,EventInstance,event_8643606a9e2bfabe,22,2024-12-19T00:00:00,FEATURE,False,False,FULL_OBSERVED_JOURNEY,VALID,3,feature_usage
event_8650de8c0f3958df,EventInstance,event_8650de8c0f3958df,10,2024-05-01T00:00:00,SUBSCRIPTION_START,False,False,BETWEEN_RECURRING_CHURNS,VALID,2,subscriptions
event_8684a6ba47f0f13f,EventInstance,event_8684a6ba47f0f13f,6,2023-03-27T00:00:00,SUBSCRIPTION_START,False,False,FULL_OBSERVED_JOURNEY,VALID,2,subscriptions
event_86a4ac553dad248b,EventInstance,event_86a4ac553dad248b,20,2024-10-21T00:00:00,FEATURE,False,False,FULL_OBSERVED_JOURNEY,VALID,3,feature_usage
event_86b66dd6e64535d8,EventInstance,event_86b66dd6e64535d8,1,2023-03-21T00:00:00,SUBSCRIPTION_START,True,False,LANDMARK_30D_JOURNEY,VALID,2,subscriptions
event_86c21e6db503241f,EventInstance,event_86c21e6db503241f,7,2024-11-27T22:00:00,SUPPORT_CLOSE,False,False,LANDMARK_60D_JOURNEY,VALID,5,support_tickets
event_86d80fbb755c3bad,EventInstance,event_86d80fbb755c3bad,1,2023-07-03T00:00:00,SUBSCRIPTION_START,True,False,LANDMARK_60D_JOURNEY,VALID,2,subscriptions
event_86feb8d3c2b11a0e,EventInstance,event_86feb8d3c2b11a0e,14,2024-12-10T00:00:00,SUBSCRIPTION_START,False,False,FULL_OBSERVED_JOURNEY,VALID,2,subscriptions
event_8731822fb0db9eac,EventInstance,event_8731822fb0db9eac,4,2024-08-12T00:00:00,FEATURE,True,False,LANDMARK_30D_JOURNEY,VALID,3,feature_usage
event_87414fd137d054ae,EventInstance,event_87414fd137d054ae,15,2024-07-29T00:00:00,FEATURE,False,False,FULL_OBSERVED_JOURNEY,VALID,3,feature_usage
event_874f4179f8714eaf,EventInstance,event_874f4179f8714eaf,7,2023-06-02T00:00:00,FEATURE,False,False,PRE_FIRST_CHURN,VALID,3,feature_usage
event_8752bba7be3ed933,EventInstance,event_8752bba7be3ed933,6,2024-08-20T00:00:00,FEATURE,False,False,PRE_FIRST_CHURN,VALID,3,feature_usage
event_87536ff6386ccfa3,EventInstance,event_87536ff6386ccfa3,15,2024-12-13T00:00:00,SUBSCRIPTION_START,False,False,FULL_OBSERVED_JOURNEY,VALID,2,subscriptions
event_8765881bba8d4fb3,EventInstance,event_8765881bba8d4fb3,35,2024-07-03T00:00:00,SUBSCRIPTION_START,False,False,FULL_OBSERVED_JOURNEY,VALID,2,subscriptions
event_87669d9d8724621f,EventInstance,event_87669d9d8724621f,38,2024-10-22T00:00:00,CHURN,True,True,BETWEEN_RECURRING_CHURNS,VALID_WITH_WARNING,6,churn_events
event_87a16a8534747bd2,EventInstance,event_87a16a8534747bd2,7,2024-10-13T00:00:00,SUBSCRIPTION_START,True,False,LANDMARK_60D_JOURNEY,VALID,2,subscriptions
event_87bf55d56cf40a93,EventInstance,event_87bf55d56cf40a93,16,2024-05-26T00:00:00,SUBSCRIPTION_START,False,False,FULL_OBSERVED_JOURNEY,VALID,2,subscriptions
event_87e69d8acfa1b336,EventInstance,event_87e69d8acfa1b336,2,2023-02-10T00:00:00,SUPPORT_OPEN,False,False,FULL_OBSERVED_JOURNEY,VALID,4,support_tickets
event_87e6c4705302620b,EventInstance,event_87e6c4705302620b,8,2024-09-12T00:00:00,CHURN,True,True,FULL_OBSERVED_JOURNEY,VALID_WITH_WARNING,6,churn_events
event_87ebe45fc0b52c45,EventInstance,event_87ebe45fc0b52c45,9,2024-04-08T00:00:00,SUBSCRIPTION_START,False,False,FULL_OBSERVED_JOURNEY,VALID,2,subscriptions
event_87f1a1d472741ed5,EventInstance,event_87f1a1d472741ed5,10,2023-07-21T00:00:00,FEATURE,False,False,FULL_OBSERVED_JOURNEY,VALID,3,feature_usage
event_88551840ff73c66f,EventInstance,event_88551840ff73c66f,2,2024-01-24T00:00:00,SUBSCRIPTION_START,False,False,LANDMARK_30D_JOURNEY,VALID,2,subscriptions
event_886ebbbf7f1b009f,EventInstance,event_886ebbbf7f1b009f,11,2024-05-13T00:00:00,FEATURE,False,False,FULL_OBSERVED_JOURNEY,VALID,3,feature_usage
event_887f450b15a2fae3,EventInstance,event_887f450b15a2fae3,4,2024-09-27T00:00:00,SUBSCRIPTION_START,False,False,FULL_OBSERVED_JOURNEY,VALID,2,subscriptions
event_888b4af855818df0,EventInstance,event_888b4af855818df0,5,2024-09-18T00:00:00,SUBSCRIPTION_START,False,False,LANDMARK_90D_JOURNEY,VALID,2,subscriptions
event_88908c33df8cd437,EventInstance,event_88908c33df8cd437,9,2024-12-15T00:00:00,SUBSCRIPTION_START,False,True,PRE_FIRST_CHURN,VALID_WITH_WARNING,2,subscriptions
event_889109d0d60b4e2b,EventInstance,event_889109d0d60b4e2b,1,2024-08-27T00:00:00,SUBSCRIPTION_START,True,False,LANDMARK_30D_JOURNEY,VALID,2,subscriptions
event_88c5ba5ac9684ef5,EventInstance,event_88c5ba5ac9684ef5,8,2024-12-29T00:00:00,CHURN,True,True,FULL_OBSERVED_JOURNEY,VALID_WITH_WARNING,6,churn_events
event_88e10c56f084890b,EventInstance,event_88e10c56f084890b,11,2024-12-05T00:00:00,SUBSCRIPTION_START,False,True,FULL_OBSERVED_JOURNEY,VALID_WITH_WARNING,2,subscriptions
event_88ecd8875ed24189,EventInstance,event_88ecd8875ed24189,15,2024-07-08T16:00:00,SUPPORT_CLOSE,False,False,FULL_OBSERVED_JOURNEY,VALID,5,support_tickets
event_8907e05b2a11444a,EventInstance,event_8907e05b2a11444a,1,2024-05-12T00:00:00,ACCOUNT,True,False,FULL_OBSERVED_JOURNEY,VALID,1,accounts
event_894f1788adbf0e78,EventInstance,event_894f1788adbf0e78,1,2024-06-21T00:00:00,SUBSCRIPTION_START,True,False,LANDMARK_60D_JOURNEY,VALID,2,subscriptions
event_89593a7900abed3a,EventInstance,event_89593a7900abed3a,5,2023-08-27T00:00:00,SUBSCRIPTION_START,False,False,FULL_OBSERVED_JOURNEY,VALID,2,subscriptions
event_89b2cd21fe298af1,EventInstance,event_89b2cd21fe298af1,22,2024-06-17T00:00:00,FEATURE,False,False,FULL_OBSERVED_JOURNEY,VALID,3,feature_usage
event_89e2df1453e53962,EventInstance,event_89e2df1453e53962,21,2024-12-19T00:00:00,FEATURE,False,False,FULL_OBSERVED_JOURNEY,VALID,3,feature_usage
event_89e493c498c83fa1,EventInstance,event_89e493c498c83fa1,13,2024-10-10T00:00:00,FEATURE,False,False,LANDMARK_90D_JOURNEY,VALID,3,feature_usage
event_8a204635c7ba696c,EventInstance,event_8a204635c7ba696c,1,2024-06-16T00:00:00,ACCOUNT,True,False,PRE_FIRST_CHURN,VALID,1,accounts
event_8a4168ebc15be058,EventInstance,event_8a4168ebc15be058,1,2024-06-28T00:00:00,SUBSCRIPTION_START,True,False,LANDMARK_30D_JOURNEY,VALID,2,subscriptions
event_8a4802111bf6d445,EventInstance,event_8a4802111bf6d445,39,2024-10-03T16:00:00,SUPPORT_CLOSE,False,True,FULL_OBSERVED_JOURNEY,VALID_WITH_WARNING,5,support_tickets
event_8a538cde414140ca,EventInstance,event_8a538cde414140ca,4,2024-05-16T00:00:00,SUBSCRIPTION_START,False,False,LANDMARK_90D_JOURNEY,VALID,2,subscriptions
event_8a8496dc321026a5,EventInstance,event_8a8496dc321026a5,35,2024-12-04T00:00:00,FEATURE,False,True,FULL_OBSERVED_JOURNEY,VALID_WITH_WARNING,3,feature_usage
event_8aaa3de7fcac6f6b,EventInstance,event_8aaa3de7fcac6f6b,5,2023-11-18T00:00:00,CHURN,True,True,FULL_OBSERVED_JOURNEY,VALID_WITH_WARNING,6,churn_events
event_8ab217b9358fcf04,EventInstance,event_8ab217b9358fcf04,3,2024-05-04T00:00:00,SUBSCRIPTION_START,False,False,LANDMARK_90D_JOURNEY,VALID,2,subscriptions
event_8ac9afaf04cab2b8,EventInstance,event_8ac9afaf04cab2b8,38,2024-12-26T00:00:00,FEATURE,True,False,FULL_OBSERVED_JOURNEY,VALID,3,feature_usage
event_8ae0690b15a2a779,EventInstance,event_8ae0690b15a2a779,27,2024-03-01T00:00:00,FEATURE,False,False,FULL_OBSERVED_JOURNEY,VALID,3,feature_usage
event_8b0d562ed468eac3,EventInstance,event_8b0d562ed468eac3,7,2024-12-13T00:00:00,SUBSCRIPTION_START,False,True,FULL_OBSERVED_JOURNEY,VALID_WITH_WARNING,2,subscriptions
event_8b0d61d56eabb9bd,EventInstance,event_8b0d61d56eabb9bd,13,2024-04-22T00:00:00,FEATURE,False,False,FULL_OBSERVED_JOURNEY,VALID,3,feature_usage
event_8b1a9a8682f8ea31,EventInstance,event_8b1a9a8682f8ea31,5,2024-02-24T00:00:00,FEATURE,False,False,FULL_OBSERVED_JOURNEY,VALID,3,feature_usage
event_8b1df40804545414,EventInstance,event_8b1df40804545414,32,2024-11-19T00:00:00,SUBSCRIPTION_START,False,False,FULL_OBSERVED_JOURNEY,VALID,2,subscriptions
event_8b4f01d7737bb089,EventInstance,event_8b4f01d7737bb089,44,2024-11-12T00:00:00,SUBSCRIPTION_START,False,False,FULL_OBSERVED_JOURNEY,VALID,2,subscriptions
event_8b527e46d3d736df,EventInstance,event_8b527e46d3d736df,8,2023-06-10T00:00:00,SUBSCRIPTION_START,False,False,FULL_OBSERVED_JOURNEY,VALID,2,subscriptions
event_8b62434f10aaa802,EventInstance,event_8b62434f10aaa802,18,2023-10-15T00:00:00,SUBSCRIPTION_START,False,False,FULL_OBSERVED_JOURNEY,VALID,2,subscriptions
event_8b661ea7adc6d3c2,EventInstance,event_8b661ea7adc6d3c2,3,2024-07-05T00:00:00,SUBSCRIPTION_START,False,False,LANDMARK_60D_JOURNEY,VALID,2,subscriptions
event_8b75c7f67b4649ea,EventInstance,event_8b75c7f67b4649ea,13,2024-12-09T00:00:00,FEATURE,False,False,FULL_OBSERVED_JOURNEY,VALID,3,feature_usage
event_8b96c963fa3b2cb5,EventInstance,event_8b96c963fa3b2cb5,4,2023-12-01T00:00:00,FEATURE,False,False,FULL_OBSERVED_JOURNEY,VALID,3,feature_usage
event_8bad6d6d69859e71,EventInstance,event_8bad6d6d69859e71,9,2024-09-21T00:00:00,SUBSCRIPTION_START,False,True,LANDMARK_90D_JOURNEY,VALID_WITH_WARNING,2,subscriptions
event_8bea74534b237f6c,EventInstance,event_8bea74534b237f6c,5,2024-07-16T00:00:00,SUBSCRIPTION_START,False,False,FULL_OBSERVED_JOURNEY,VALID,2,subscriptions
event_8c035186786cc69e,EventInstance,event_8c035186786cc69e,18,2024-10-09T00:00:00,SUBSCRIPTION_START,False,False,FULL_OBSERVED_JOURNEY,VALID,2,subscriptions
event_8c064557047a051f,EventInstance,event_8c064557047a051f,5,2023-03-16T00:00:00,FEATURE,False,False,FULL_OBSERVED_JOURNEY,VALID,3,feature_usage
event_8c6617b26c941208,EventInstance,event_8c6617b26c941208,14,2024-12-22T00:00:00,SUBSCRIPTION_START,False,True,FULL_OBSERVED_JOURNEY,VALID_WITH_WARNING,2,subscriptions
event_8c8a0382ff220192,EventInstance,event_8c8a0382ff220192,2,2024-02-24T00:00:00,SUBSCRIPTION_START,True,False,LANDMARK_90D_JOURNEY,VALID,2,subscriptions
event_8c981b4767e685f5,EventInstance,event_8c981b4767e685f5,16,2024-11-30T00:00:00,SUBSCRIPTION_START,False,False,FULL_OBSERVED_JOURNEY,VALID,2,subscriptions
event_8cc0a386d918b58a,EventInstance,event_8cc0a386d918b58a,9,2024-04-26T00:00:00,SUBSCRIPTION_START,False,False,FULL_OBSERVED_JOURNEY,VALID,2,subscriptions
event_8cc63b6498f77e39,EventInstance,event_8cc63b6498f77e39,9,2024-04-14T00:00:00,FEATURE,False,False,BETWEEN_RECURRING_CHURNS,VALID,3,feature_usage
event_8ce6915f97142f35,EventInstance,event_8ce6915f97142f35,8,2024-07-25T19:00:00,SUPPORT_CLOSE,False,True,BETWEEN_CHURN_AND_REACTIVATION,VALID_WITH_WARNING,5,support_tickets
event_8cec4a8fb0956052,EventInstance,event_8cec4a8fb0956052,1,2023-04-30T00:00:00,SUBSCRIPTION_START,True,False,LANDMARK_60D_JOURNEY,VALID,2,subscriptions
event_8cf4596d90f7d1a2,EventInstance,event_8cf4596d90f7d1a2,1,2024-06-17T00:00:00,SUBSCRIPTION_START,True,False,LANDMARK_60D_JOURNEY,VALID,2,subscriptions
event_8cf4b6592f2bc75f,EventInstance,event_8cf4b6592f2bc75f,2,2024-02-19T00:00:00,FEATURE,False,False,LANDMARK_90D_JOURNEY,VALID,3,feature_usage
event_8d1b555240d40398,EventInstance,event_8d1b555240d40398,3,2024-01-22T00:00:00,SUPPORT_OPEN,False,True,BETWEEN_CHURN_AND_REACTIVATION,VALID_WITH_WARNING,4,support_tickets
event_8d5d13416c7f1130,EventInstance,event_8d5d13416c7f1130,6,2024-09-30T00:00:00,SUBSCRIPTION_START,False,False,LANDMARK_90D_JOURNEY,VALID,2,subscriptions
event_8d964dfa3603486e,EventInstance,event_8d964dfa3603486e,3,2024-07-08T00:00:00,SUBSCRIPTION_START,False,False,LANDMARK_60D_JOURNEY,VALID,2,subscriptions
event_8dbd8ec32780e141,EventInstance,event_8dbd8ec32780e141,21,2024-10-01T00:00:00,FEATURE,False,False,FULL_OBSERVED_JOURNEY,VALID,3,feature_usage
event_8dcb9cc78299ebd1,EventInstance,event_8dcb9cc78299ebd1,18,2024-06-19T00:00:00,FEATURE,False,False,FULL_OBSERVED_JOURNEY,VALID,3,feature_usage
event_8dd88c9fb06fadff,EventInstance,event_8dd88c9fb06fadff,25,2024-02-15T00:00:00,FEATURE,False,False,FULL_OBSERVED_JOURNEY,VALID,3,feature_usage
event_8de5f70a35308942,EventInstance,event_8de5f70a35308942,4,2024-05-17T00:00:00,SUBSCRIPTION_START,False,False,PRE_FIRST_CHURN,VALID,2,subscriptions
event_8e076d3cf288516c,EventInstance,event_8e076d3cf288516c,7,2024-11-21T00:00:00,SUBSCRIPTION_START,False,False,FULL_OBSERVED_JOURNEY,VALID,2,subscriptions
event_8e136dacd333150b,EventInstance,event_8e136dacd333150b,4,2023-11-29T00:00:00,SUBSCRIPTION_START,False,False,PRE_FIRST_CHURN,VALID,2,subscriptions
event_8e1887c81e358223,EventInstance,event_8e1887c81e358223,5,2024-10-18T00:00:00,SUBSCRIPTION_START,False,False,LANDMARK_60D_JOURNEY,VALID,2,subscriptions
event_8e26b24c1d853cd8,EventInstance,event_8e26b24c1d853cd8,1,2024-03-16T00:00:00,SUBSCRIPTION_START,True,False,LANDMARK_60D_JOURNEY,VALID,2,subscriptions
event_8e2efb6c212a5e48,EventInstance,event_8e2efb6c212a5e48,1,2024-08-05T00:00:00,ACCOUNT,True,True,LANDMARK_90D_JOURNEY,VALID_WITH_WARNING,1,accounts
event_8e45ed1e087a8753,EventInstance,event_8e45ed1e087a8753,17,2024-12-04T00:00:00,FEATURE,False,False,FULL_OBSERVED_JOURNEY,VALID,3,feature_usage
event_8e6e53f00c5b7ab9,EventInstance,event_8e6e53f00c5b7ab9,34,2024-08-23T00:00:00,FEATURE,False,False,BETWEEN_RECURRING_CHURNS,VALID,3,feature_usage
event_8e822b3dda7939a7,EventInstance,event_8e822b3dda7939a7,10,2024-09-29T00:00:00,SUBSCRIPTION_END,False,False,PRE_FIRST_CHURN,VALID,8,subscriptions
event_8ee846eef871f510,EventInstance,event_8ee846eef871f510,10,2024-03-21T00:00:00,SUBSCRIPTION_END,False,False,FULL_OBSERVED_JOURNEY,VALID,8,subscriptions
event_8eee5d30a56cde53,EventInstance,event_8eee5d30a56cde53,3,2024-08-13T13:00:00,SUPPORT_CLOSE,False,True,LANDMARK_60D_JOURNEY,VALID_WITH_WARNING,5,support_tickets
event_8fabecce28968a21,EventInstance,event_8fabecce28968a21,10,2023-11-22T00:00:00,FEATURE,False,False,FULL_OBSERVED_JOURNEY,VALID,3,feature_usage
event_8fadfa9530ca3b11,EventInstance,event_8fadfa9530ca3b11,50,2024-12-15T00:00:00,FEATURE,False,False,FULL_OBSERVED_JOURNEY,VALID,3,feature_usage
event_9006802ecd5cf41e,EventInstance,event_9006802ecd5cf41e,19,2024-03-05T00:00:00,FEATURE,False,False,FULL_OBSERVED_JOURNEY,VALID,3,feature_usage
event_901cfdc606ba6023,EventInstance,event_901cfdc606ba6023,4,2024-06-01T00:00:00,SUBSCRIPTION_START,False,False,FULL_OBSERVED_JOURNEY,VALID,2,subscriptions
event_9022648957145d3a,EventInstance,event_9022648957145d3a,7,2024-02-06T00:00:00,SUBSCRIPTION_START,False,False,FULL_OBSERVED_JOURNEY,VALID,2,subscriptions
event_904aeab1e13bcb11,EventInstance,event_904aeab1e13bcb11,1,2023-03-27T00:00:00,SUBSCRIPTION_START,True,False,LANDMARK_30D_JOURNEY,VALID,2,subscriptions
event_9065fd1a1d5ef8ca,EventInstance,event_9065fd1a1d5ef8ca,9,2024-11-19T00:00:00,SUPPORT_OPEN,False,False,FULL_OBSERVED_JOURNEY,VALID,4,support_tickets
event_9070dcb6af310a03,EventInstance,event_9070dcb6af310a03,6,2023-12-24T00:00:00,FEATURE,False,False,PRE_FIRST_CHURN,VALID,3,feature_usage
event_907b50d9750c560e,EventInstance,event_907b50d9750c560e,17,2024-10-30T00:00:00,FEATURE,False,False,FULL_OBSERVED_JOURNEY,VALID,3,feature_usage
event_9086f856487fc6c0,EventInstance,event_9086f856487fc6c0,4,2023-09-03T00:00:00,REACTIVATION,True,True,BETWEEN_CHURN_AND_REACTIVATION,VALID_WITH_WARNING,7,churn_events
event_909a4ecb543e9299,EventInstance,event_909a4ecb543e9299,3,2024-01-01T00:00:00,SUBSCRIPTION_START,False,False,FULL_OBSERVED_JOURNEY,VALID,2,subscriptions
event_90cbb3af6acf56a9,EventInstance,event_90cbb3af6acf56a9,7,2024-10-18T00:00:00,SUBSCRIPTION_START,True,False,LANDMARK_90D_JOURNEY,VALID,2,subscriptions
event_90cc5f22120e5297,EventInstance,event_90cc5f22120e5297,3,2024-09-04T00:00:00,SUBSCRIPTION_START,False,False,LANDMARK_90D_JOURNEY,VALID,2,subscriptions
event_90ce9fc3c58e822e,EventInstance,event_90ce9fc3c58e822e,9,2024-10-04T00:00:00,SUBSCRIPTION_START,False,False,LANDMARK_90D_JOURNEY,VALID,2,subscriptions
event_90e4c497c2b9d51e,EventInstance,event_90e4c497c2b9d51e,1,2024-11-19T00:00:00,SUBSCRIPTION_START,True,True,BETWEEN_RECURRING_CHURNS,VALID_WITH_WARNING,2,subscriptions
event_90f6a71a9965b98f,EventInstance,event_90f6a71a9965b98f,3,2024-12-03T00:00:00,SUBSCRIPTION_START,False,False,LANDMARK_30D_JOURNEY,VALID,2,subscriptions
event_90fea67322b26657,EventInstance,event_90fea67322b26657,25,2024-09-22T00:00:00,FEATURE,False,False,FULL_OBSERVED_JOURNEY,VALID,3,feature_usage
event_91302ce7cfbc3b4b,EventInstance,event_91302ce7cfbc3b4b,20,2024-12-16T00:00:00,FEATURE,False,False,FULL_OBSERVED_JOURNEY,VALID,3,feature_usage
event_9150a50f1359bd3f,EventInstance,event_9150a50f1359bd3f,2,2023-09-01T00:00:00,FEATURE,True,False,LANDMARK_30D_JOURNEY,VALID,3,feature_usage
event_915bc39f139e9c65,EventInstance,event_915bc39f139e9c65,6,2024-12-11T00:00:00,SUBSCRIPTION_END,False,False,LANDMARK_30D_JOURNEY,VALID,8,subscriptions
event_91bdcdad37ae5088,EventInstance,event_91bdcdad37ae5088,22,2024-12-16T00:00:00,FEATURE,False,False,FULL_OBSERVED_JOURNEY,VALID,3,feature_usage
event_91cb193bc5770100,EventInstance,event_91cb193bc5770100,1,2023-08-30T00:00:00,SUBSCRIPTION_START,True,False,LANDMARK_60D_JOURNEY,VALID,2,subscriptions
event_91e77c303b2742ff,EventInstance,event_91e77c303b2742ff,20,2024-03-14T00:00:00,FEATURE,False,False,FULL_OBSERVED_JOURNEY,VALID,3,feature_usage
event_91f93e682922bc8d,EventInstance,event_91f93e682922bc8d,5,2023-12-17T00:00:00,FEATURE,False,False,PRE_FIRST_CHURN,VALID,3,feature_usage
event_921af9ca5e3f4cd4,EventInstance,event_921af9ca5e3f4cd4,12,2023-11-18T00:00:00,SUBSCRIPTION_START,False,False,BETWEEN_RECURRING_CHURNS,VALID,2,subscriptions
event_9236c0f9797aac75,EventInstance,event_9236c0f9797aac75,15,2024-06-21T00:00:00,SUBSCRIPTION_START,False,False,FULL_OBSERVED_JOURNEY,VALID,2,subscriptions
event_9257683edd6ed738,EventInstance,event_9257683edd6ed738,14,2024-12-03T00:00:00,FEATURE,False,False,PRE_FIRST_CHURN,VALID,3,feature_usage
event_925c912f4b4be8c9,EventInstance,event_925c912f4b4be8c9,35,2024-10-26T00:00:00,SUBSCRIPTION_START,False,False,FULL_OBSERVED_JOURNEY,VALID,2,subscriptions
event_9277d7a54dc78a3a,EventInstance,event_9277d7a54dc78a3a,22,2024-07-01T00:00:00,FEATURE,False,False,FULL_OBSERVED_JOURNEY,VALID,3,feature_usage
event_92996d316a95bf5e,EventInstance,event_92996d316a95bf5e,27,2024-09-25T00:00:00,FEATURE,False,True,FULL_OBSERVED_JOURNEY,VALID_WITH_WARNING,3,feature_usage
event_93089b769677a019,EventInstance,event_93089b769677a019,2,2023-06-30T00:00:00,SUPPORT_OPEN,False,False,FULL_OBSERVED_JOURNEY,VALID,4,support_tickets
event_933608676da529d7,EventInstance,event_933608676da529d7,3,2024-04-19T00:00:00,FEATURE,True,False,LANDMARK_90D_JOURNEY,VALID,3,feature_usage
event_935685d0dff51aca,EventInstance,event_935685d0dff51aca,6,2024-08-09T00:00:00,SUBSCRIPTION_START,False,False,LANDMARK_90D_JOURNEY,VALID,2,subscriptions
event_935b0197e75a9565,EventInstance,event_935b0197e75a9565,16,2024-09-21T00:00:00,FEATURE,False,False,FULL_OBSERVED_JOURNEY,VALID,3,feature_usage
event_937187682e00ec18,EventInstance,event_937187682e00ec18,6,2024-10-11T00:00:00,FEATURE,False,False,FULL_OBSERVED_JOURNEY,VALID,3,feature_usage
event_93aa8c1fcf156cc5,EventInstance,event_93aa8c1fcf156cc5,1,2024-01-12T00:00:00,SUBSCRIPTION_START,True,False,LANDMARK_30D_JOURNEY,VALID,2,subscriptions
event_93b5ba0c28408755,EventInstance,event_93b5ba0c28408755,5,2024-02-27T00:00:00,SUPPORT_OPEN,False,False,LANDMARK_60D_JOURNEY,VALID,4,support_tickets
event_93c97d8fbae46db5,EventInstance,event_93c97d8fbae46db5,23,2024-10-13T00:00:00,FEATURE,False,False,FULL_OBSERVED_JOURNEY,VALID,3,feature_usage
event_93cd224a00d79f3d,EventInstance,event_93cd224a00d79f3d,10,2024-12-12T00:00:00,FEATURE,False,False,FULL_OBSERVED_JOURNEY,VALID,3,feature_usage
event_93de33e1ec186ed4,EventInstance,event_93de33e1ec186ed4,14,2024-10-27T00:00:00,SUBSCRIPTION_START,False,False,LANDMARK_90D_JOURNEY,VALID,2,subscriptions
event_9401a35eec35c6b4,EventInstance,event_9401a35eec35c6b4,2,2024-05-11T00:00:00,SUPPORT_OPEN,False,False,FULL_OBSERVED_JOURNEY,VALID,4,support_tickets
event_94035dd80717531c,EventInstance,event_94035dd80717531c,2,2024-12-08T00:00:00,SUBSCRIPTION_START,False,False,FULL_OBSERVED_JOURNEY,VALID,2,subscriptions
event_94311e48e199e321,EventInstance,event_94311e48e199e321,8,2024-03-29T00:00:00,SUPPORT_OPEN,False,True,FULL_OBSERVED_JOURNEY,VALID_WITH_WARNING,4,support_tickets
event_945b468c67db13d1,EventInstance,event_945b468c67db13d1,33,2024-08-13T00:00:00,SUBSCRIPTION_START,False,False,BETWEEN_RECURRING_CHURNS,VALID,2,subscriptions
event_946cdc64f0086754,EventInstance,event_946cdc64f0086754,17,2024-07-26T00:00:00,FEATURE,False,False,FULL_OBSERVED_JOURNEY,VALID,3,feature_usage
event_947a60b835118fdc,EventInstance,event_947a60b835118fdc,20,2024-12-19T00:00:00,CHURN,True,True,PRE_FIRST_CHURN,VALID_WITH_WARNING,6,churn_events
event_94a0d58862d4451b,EventInstance,event_94a0d58862d4451b,4,2024-07-24T00:00:00,FEATURE,False,False,PRE_FIRST_CHURN,VALID,3,feature_usage
event_94ad9887eb333593,EventInstance,event_94ad9887eb333593,9,2024-10-09T00:00:00,FEATURE,False,False,LANDMARK_90D_JOURNEY,VALID,3,feature_usage
event_94be53dd86cb1b8c,EventInstance,event_94be53dd86cb1b8c,9,2024-12-09T00:00:00,SUBSCRIPTION_START,False,False,FULL_OBSERVED_JOURNEY,VALID,2,subscriptions
event_94c689da3c504931,EventInstance,event_94c689da3c504931,23,2024-09-27T00:00:00,FEATURE,False,True,FULL_OBSERVED_JOURNEY,VALID_WITH_WARNING,3,feature_usage
event_94ce48a1db1050d7,EventInstance,event_94ce48a1db1050d7,27,2024-05-24T00:00:00,SUBSCRIPTION_START,False,False,BETWEEN_RECURRING_CHURNS,VALID,2,subscriptions
event_94df693e07eb5c41,EventInstance,event_94df693e07eb5c41,21,2024-07-19T00:00:00,FEATURE,False,False,FULL_OBSERVED_JOURNEY,VALID,3,feature_usage
event_94e3c37475890d90,EventInstance,event_94e3c37475890d90,7,2024-02-11T00:00:00,SUBSCRIPTION_START,False,False,FULL_OBSERVED_JOURNEY,VALID,2,subscriptions
event_94e4e7c4fc9cc5f8,EventInstance,event_94e4e7c4fc9cc5f8,14,2024-09-01T00:00:00,SUBSCRIPTION_START,False,False,FULL_OBSERVED_JOURNEY,VALID,2,subscriptions
event_94e70698b0e49780,EventInstance,event_94e70698b0e49780,5,2024-09-20T00:00:00,SUBSCRIPTION_START,False,False,POST_REACTIVATION,VALID,2,subscriptions
event_94edb9e984f7acc5,EventInstance,event_94edb9e984f7acc5,12,2023-07-13T00:00:00,SUBSCRIPTION_START,False,False,FULL_OBSERVED_JOURNEY,VALID,2,subscriptions
event_94f00f1e2e5f0ac3,EventInstance,event_94f00f1e2e5f0ac3,7,2024-09-06T00:00:00,FEATURE,False,False,BETWEEN_RECURRING_CHURNS,VALID,3,feature_usage
event_94fa273a1be14852,EventInstance,event_94fa273a1be14852,1,2024-07-24T00:00:00,SUBSCRIPTION_START,True,False,LANDMARK_60D_JOURNEY,VALID,2,subscriptions
event_95100c5939d91518,EventInstance,event_95100c5939d91518,57,2024-12-17T00:00:00,FEATURE,False,False,FULL_OBSERVED_JOURNEY,VALID,3,feature_usage
event_9512f2e093a8ca8f,EventInstance,event_9512f2e093a8ca8f,7,2024-11-19T00:00:00,FEATURE,False,False,LANDMARK_90D_JOURNEY,VALID,3,feature_usage
event_951fc688769d2c05,EventInstance,event_951fc688769d2c05,6,2024-10-20T00:00:00,SUBSCRIPTION_START,False,False,LANDMARK_30D_JOURNEY,VALID,2,subscriptions
event_9530dafefc7e40d7,EventInstance,event_9530dafefc7e40d7,1,2024-07-10T00:00:00,ACCOUNT,True,False,FULL_OBSERVED_JOURNEY,VALID,1,accounts
event_954b7ea626c3bdb3,EventInstance,event_954b7ea626c3bdb3,4,2024-03-02T00:00:00,SUBSCRIPTION_START,False,False,PRE_FIRST_CHURN,VALID,2,subscriptions
event_9562ee8b56f76092,EventInstance,event_9562ee8b56f76092,2,2023-07-09T00:00:00,SUBSCRIPTION_START,False,False,FULL_OBSERVED_JOURNEY,VALID,2,subscriptions
event_95bf6308adcc8de4,EventInstance,event_95bf6308adcc8de4,4,2024-03-09T00:00:00,FEATURE,False,False,FULL_OBSERVED_JOURNEY,VALID,3,feature_usage
event_962b0feacc647cc1,EventInstance,event_962b0feacc647cc1,7,2023-05-06T00:00:00,FEATURE,True,False,LANDMARK_90D_JOURNEY,VALID,3,feature_usage
event_96763accf730e8ae,EventInstance,event_96763accf730e8ae,3,2024-09-07T00:00:00,FEATURE,False,False,LANDMARK_90D_JOURNEY,VALID,3,feature_usage
event_968fe9fc642fe618,EventInstance,event_968fe9fc642fe618,8,2023-11-22T00:00:00,SUBSCRIPTION_START,False,False,FULL_OBSERVED_JOURNEY,VALID,2,subscriptions
event_96bf93f1d6d4bc5f,EventInstance,event_96bf93f1d6d4bc5f,32,2024-12-02T00:00:00,FEATURE,False,True,FULL_OBSERVED_JOURNEY,VALID_WITH_WARNING,3,feature_usage
event_96c3581226244d36,EventInstance,event_96c3581226244d36,4,2024-06-19T00:00:00,SUBSCRIPTION_START,False,True,LANDMARK_30D_JOURNEY,VALID_WITH_WARNING,2,subscriptions
event_971243af3a192234,EventInstance,event_971243af3a192234,2,2024-08-13T00:00:00,SUBSCRIPTION_START,False,False,BETWEEN_RECURRING_CHURNS,VALID,2,subscriptions
event_97457a5c885b3f37,EventInstance,event_97457a5c885b3f37,2,2024-04-25T00:00:00,SUBSCRIPTION_START,False,False,LANDMARK_90D_JOURNEY,VALID,2,subscriptions
event_97505ecb0690e2fd,EventInstance,event_97505ecb0690e2fd,12,2024-10-13T00:00:00,SUBSCRIPTION_START,False,True,FULL_OBSERVED_JOURNEY,VALID_WITH_WARNING,2,subscriptions
event_975468f5e8bc95d0,EventInstance,event_975468f5e8bc95d0,32,2024-08-27T00:00:00,FEATURE,False,False,FULL_OBSERVED_JOURNEY,VALID,3,feature_usage
event_9792ab7fefb0530a,EventInstance,event_9792ab7fefb0530a,10,2024-10-24T00:00:00,SUBSCRIPTION_START,False,False,PRE_FIRST_CHURN,VALID,2,subscriptions
event_97a03098730b0788,EventInstance,event_97a03098730b0788,1,2024-05-11T00:00:00,ACCOUNT,True,False,FULL_OBSERVED_JOURNEY,VALID,1,accounts
event_97e39fab2e855556,EventInstance,event_97e39fab2e855556,1,2024-05-15T00:00:00,SUBSCRIPTION_START,True,False,LANDMARK_60D_JOURNEY,VALID,2,subscriptions
event_97eff4c34af4a9c1,EventInstance,event_97eff4c34af4a9c1,24,2024-12-15T00:00:00,FEATURE,False,False,FULL_OBSERVED_JOURNEY,VALID,3,feature_usage
event_986a4281bca9c2c4,EventInstance,event_986a4281bca9c2c4,14,2024-04-19T19:00:00,SUPPORT_CLOSE,False,False,PRE_FIRST_CHURN,VALID,5,support_tickets
event_988b85b5257add30,EventInstance,event_988b85b5257add30,14,2024-06-22T00:00:00,FEATURE,False,False,FULL_OBSERVED_JOURNEY,VALID,3,feature_usage
event_9890b1d070d84240,EventInstance,event_9890b1d070d84240,2,2024-02-27T00:00:00,CHURN,True,False,LANDMARK_30D_JOURNEY,VALID,6,churn_events
event_9897e0c20e2b9826,EventInstance,event_9897e0c20e2b9826,31,2024-11-19T00:00:00,FEATURE,False,True,FULL_OBSERVED_JOURNEY,VALID_WITH_WARNING,3,feature_usage
event_9935047b9dc24015,EventInstance,event_9935047b9dc24015,20,2024-10-27T00:00:00,SUBSCRIPTION_START,False,False,FULL_OBSERVED_JOURNEY,VALID,2,subscriptions
event_994df33ade388099,EventInstance,event_994df33ade388099,4,2024-04-29T00:00:00,SUBSCRIPTION_START,True,False,LANDMARK_90D_JOURNEY,VALID,2,subscriptions
event_997a30bee7628087,EventInstance,event_997a30bee7628087,12,2024-10-26T00:00:00,SUPPORT_OPEN,False,True,LANDMARK_90D_JOURNEY,VALID_WITH_WARNING,4,support_tickets
event_998369186dc855d5,EventInstance,event_998369186dc855d5,30,2024-11-07T00:00:00,SUBSCRIPTION_START,False,False,FULL_OBSERVED_JOURNEY,VALID,2,subscriptions
event_998ba90844bee014,EventInstance,event_998ba90844bee014,32,2024-12-14T00:00:00,FEATURE,False,False,FULL_OBSERVED_JOURNEY,VALID,3,feature_usage
event_99b9b6851a329602,EventInstance,event_99b9b6851a329602,15,2024-03-21T00:00:00,SUPPORT_OPEN,False,False,FULL_OBSERVED_JOURNEY,VALID,4,support_tickets
event_99c86ad210019faa,EventInstance,event_99c86ad210019faa,11,2024-06-23T00:00:00,SUBSCRIPTION_END,False,False,FULL_OBSERVED_JOURNEY,VALID,8,subscriptions
event_99fb7e0caca714af,EventInstance,event_99fb7e0caca714af,16,2024-10-09T00:00:00,SUBSCRIPTION_START,False,False,FULL_OBSERVED_JOURNEY,VALID,2,subscriptions
event_99fe307c3538fe06,EventInstance,event_99fe307c3538fe06,3,2024-09-10T00:00:00,SUBSCRIPTION_START,False,False,LANDMARK_30D_JOURNEY,VALID,2,subscriptions
event_9a0b3feece6d5447,EventInstance,event_9a0b3feece6d5447,4,2024-10-30T00:00:00,SUBSCRIPTION_START,False,False,PRE_FIRST_CHURN,VALID,2,subscriptions
event_9a1262d98cd55f6e,EventInstance,event_9a1262d98cd55f6e,11,2024-07-07T00:00:00,SUBSCRIPTION_START,False,False,FULL_OBSERVED_JOURNEY,VALID,2,subscriptions
event_9a1411d07ca4e3ca,EventInstance,event_9a1411d07ca4e3ca,1,2024-05-28T00:00:00,SUBSCRIPTION_START,True,False,LANDMARK_30D_JOURNEY,VALID,2,subscriptions
event_9a39aab4b34a54b6,EventInstance,event_9a39aab4b34a54b6,1,2024-02-19T00:00:00,SUBSCRIPTION_START,True,False,LANDMARK_30D_JOURNEY,VALID,2,subscriptions
event_9a471274afd31e99,EventInstance,event_9a471274afd31e99,5,2024-11-19T00:00:00,SUBSCRIPTION_START,False,False,LANDMARK_60D_JOURNEY,VALID,2,subscriptions
event_9a6d226265a96840,EventInstance,event_9a6d226265a96840,22,2024-09-05T00:00:00,FEATURE,False,False,FULL_OBSERVED_JOURNEY,VALID,3,feature_usage
event_9a79cf184cf78edf,EventInstance,event_9a79cf184cf78edf,5,2024-12-05T00:00:00,SUBSCRIPTION_START,False,False,PRE_FIRST_CHURN,VALID,2,subscriptions
event_9a7a2e50702f1139,EventInstance,event_9a7a2e50702f1139,3,2024-11-29T00:00:00,SUBSCRIPTION_START,False,False,LANDMARK_30D_JOURNEY,VALID,2,subscriptions
event_9a7a402f60732b94,EventInstance,event_9a7a402f60732b94,2,2024-07-18T00:00:00,SUBSCRIPTION_START,True,False,LANDMARK_30D_JOURNEY,VALID,2,subscriptions
event_9ab6c3bc72806189,EventInstance,event_9ab6c3bc72806189,13,2024-08-06T00:00:00,SUBSCRIPTION_START,False,False,FULL_OBSERVED_JOURNEY,VALID,2,subscriptions
event_9ac077a2510e6002,EventInstance,event_9ac077a2510e6002,5,2024-03-17T00:00:00,SUPPORT_OPEN,False,True,LANDMARK_90D_JOURNEY,VALID_WITH_WARNING,4,support_tickets
event_9b32846496895318,EventInstance,event_9b32846496895318,4,2024-11-15T00:00:00,SUBSCRIPTION_START,False,False,BETWEEN_RECURRING_CHURNS,VALID,2,subscriptions
event_9b5ae40bb925ee86,EventInstance,event_9b5ae40bb925ee86,6,2024-11-28T00:00:00,FEATURE,False,False,FULL_OBSERVED_JOURNEY,VALID,3,feature_usage
event_9ba551cecf823578,EventInstance,event_9ba551cecf823578,2,2023-07-11T00:00:00,FEATURE,False,False,LANDMARK_90D_JOURNEY,VALID,3,feature_usage
event_9bc35fa89a844e51,EventInstance,event_9bc35fa89a844e51,19,2024-11-22T00:00:00,SUBSCRIPTION_START,False,False,FULL_OBSERVED_JOURNEY,VALID,2,subscriptions
event_9be397e9494b681e,EventInstance,event_9be397e9494b681e,2,2024-04-24T00:00:00,SUBSCRIPTION_START,False,False,LANDMARK_90D_JOURNEY,VALID,2,subscriptions
event_9be921d8cdc45dc0,EventInstance,event_9be921d8cdc45dc0,2,2023-08-30T00:00:00,SUBSCRIPTION_START,False,False,FULL_OBSERVED_JOURNEY,VALID,2,subscriptions
event_9c27e1b63da0d374,EventInstance,event_9c27e1b63da0d374,38,2024-10-02T00:00:00,SUPPORT_OPEN,False,True,FULL_OBSERVED_JOURNEY,VALID_WITH_WARNING,4,support_tickets
event_9c51b5f9c1f3a06b,EventInstance,event_9c51b5f9c1f3a06b,15,2024-12-30T00:00:00,FEATURE,False,False,FULL_OBSERVED_JOURNEY,VALID,3,feature_usage
event_9c5ef57c26406242,EventInstance,event_9c5ef57c26406242,16,2024-12-22T00:00:00,SUBSCRIPTION_START,False,True,FULL_OBSERVED_JOURNEY,VALID_WITH_WARNING,2,subscriptions
event_9c6eb08f81b517cf,EventInstance,event_9c6eb08f81b517cf,10,2024-11-21T00:00:00,SUBSCRIPTION_START,False,False,FULL_OBSERVED_JOURNEY,VALID,2,subscriptions
event_9c825db61988cc4e,EventInstance,event_9c825db61988cc4e,10,2024-12-15T00:00:00,SUBSCRIPTION_START,False,True,PRE_FIRST_CHURN,VALID_WITH_WARNING,2,subscriptions
event_9c8f67a2f9aff064,EventInstance,event_9c8f67a2f9aff064,4,2023-03-12T00:00:00,SUBSCRIPTION_START,False,False,FULL_OBSERVED_JOURNEY,VALID,2,subscriptions
event_9cc88612ddaeca25,EventInstance,event_9cc88612ddaeca25,3,2024-04-01T00:00:00,FEATURE,False,True,LANDMARK_60D_JOURNEY,VALID_WITH_WARNING,3,feature_usage
event_9cca79e1738530f1,EventInstance,event_9cca79e1738530f1,21,2024-07-14T05:00:00,SUPPORT_CLOSE,False,True,FULL_OBSERVED_JOURNEY,VALID_WITH_WARNING,5,support_tickets
event_9ce8130a18b9f6d6,EventInstance,event_9ce8130a18b9f6d6,2,2024-05-27T00:00:00,SUBSCRIPTION_START,False,True,LANDMARK_90D_JOURNEY,VALID_WITH_WARNING,2,subscriptions
event_9dce1262bb4ba653,EventInstance,event_9dce1262bb4ba653,4,2024-12-02T00:00:00,CHURN,True,True,PRE_FIRST_CHURN,VALID_WITH_WARNING,6,churn_events
event_9e047c51a8ccf033,EventInstance,event_9e047c51a8ccf033,18,2024-07-01T00:00:00,SUBSCRIPTION_START,False,False,FULL_OBSERVED_JOURNEY,VALID,2,subscriptions
event_9e2ff5f6ebc9a35f,EventInstance,event_9e2ff5f6ebc9a35f,18,2024-06-02T00:00:00,FEATURE,False,True,FULL_OBSERVED_JOURNEY,VALID_WITH_WARNING,3,feature_usage
event_9e38fccc57f7269b,EventInstance,event_9e38fccc57f7269b,2,2023-03-21T00:00:00,CHURN,True,False,LANDMARK_60D_JOURNEY,VALID,6,churn_events
event_9e57602e0df23975,EventInstance,event_9e57602e0df23975,26,2024-10-15T00:00:00,SUBSCRIPTION_START,False,False,FULL_OBSERVED_JOURNEY,VALID,2,subscriptions
event_9e5eac8808fdc455,EventInstance,event_9e5eac8808fdc455,10,2024-09-21T00:00:00,SUBSCRIPTION_START,False,False,FULL_OBSERVED_JOURNEY,VALID,2,subscriptions
event_9e84e822e3639b13,EventInstance,event_9e84e822e3639b13,16,2024-07-26T12:00:00,SUPPORT_CLOSE,False,False,FULL_OBSERVED_JOURNEY,VALID,5,support_tickets
event_9e886df57b5ff860,EventInstance,event_9e886df57b5ff860,1,2024-02-02T00:00:00,SUBSCRIPTION_START,True,True,LANDMARK_30D_JOURNEY,VALID_WITH_WARNING,2,subscriptions
event_9eb0751a5bab91bd,EventInstance,event_9eb0751a5bab91bd,17,2024-11-07T00:00:00,FEATURE,False,False,FULL_OBSERVED_JOURNEY,VALID,3,feature_usage
event_9eb3d809a62f8a20,EventInstance,event_9eb3d809a62f8a20,15,2024-09-01T00:00:00,FEATURE,False,False,FULL_OBSERVED_JOURNEY,VALID,3,feature_usage
event_9ec6df54f1d1a4c7,EventInstance,event_9ec6df54f1d1a4c7,6,2024-01-10T21:00:00,SUPPORT_CLOSE,False,True,FULL_OBSERVED_JOURNEY,VALID_WITH_WARNING,5,support_tickets
event_9ecb5c8dd7af8899,EventInstance,event_9ecb5c8dd7af8899,11,2024-09-02T00:00:00,FEATURE,False,False,FULL_OBSERVED_JOURNEY,VALID,3,feature_usage
event_9ecd76984bb2035e,EventInstance,event_9ecd76984bb2035e,3,2024-08-16T00:00:00,SUBSCRIPTION_START,False,False,LANDMARK_90D_JOURNEY,VALID,2,subscriptions
event_9ed6842e4b381608,EventInstance,event_9ed6842e4b381608,10,2023-05-12T00:00:00,SUPPORT_OPEN,False,True,LANDMARK_90D_JOURNEY,VALID_WITH_WARNING,4,support_tickets
event_9efb4e6ab60b7d1d,EventInstance,event_9efb4e6ab60b7d1d,7,2024-02-20T00:00:00,SUBSCRIPTION_START,False,False,FULL_OBSERVED_JOURNEY,VALID,2,subscriptions
event_9f6268d5bc5ddf90,EventInstance,event_9f6268d5bc5ddf90,21,2024-06-24T00:00:00,FEATURE,False,False,FULL_OBSERVED_JOURNEY,VALID,3,feature_usage
event_9f7e63ecd40e9dff,EventInstance,event_9f7e63ecd40e9dff,11,2024-06-02T00:00:00,SUBSCRIPTION_START,False,False,FULL_OBSERVED_JOURNEY,VALID,2,subscriptions
event_9fa8bc6f50dfe603,EventInstance,event_9fa8bc6f50dfe603,25,2024-10-13T00:00:00,FEATURE,False,False,FULL_OBSERVED_JOURNEY,VALID,3,feature_usage
event_9fba58b2e32252d8,EventInstance,event_9fba58b2e32252d8,8,2024-09-12T00:00:00,SUPPORT_OPEN,False,True,PRE_FIRST_CHURN,VALID_WITH_WARNING,4,support_tickets
event_9ff20d0cd9abee78,EventInstance,event_9ff20d0cd9abee78,3,2024-11-03T00:00:00,SUBSCRIPTION_START,False,False,LANDMARK_60D_JOURNEY,VALID,2,subscriptions
event_a02e0faa48c57066,EventInstance,event_a02e0faa48c57066,33,2024-12-27T00:00:00,FEATURE,True,False,FULL_OBSERVED_JOURNEY,VALID,3,feature_usage
event_a0479b950ae30fc6,EventInstance,event_a0479b950ae30fc6,9,2024-05-04T00:00:00,FEATURE,False,False,FULL_OBSERVED_JOURNEY,VALID,3,feature_usage
event_a05b3af69d884dc0,EventInstance,event_a05b3af69d884dc0,6,2023-12-02T23:00:00,SUPPORT_CLOSE,False,False,FULL_OBSERVED_JOURNEY,VALID,5,support_tickets
event_a067bbbb2e921065,EventInstance,event_a067bbbb2e921065,2,2024-06-10T00:00:00,FEATURE,False,False,LANDMARK_60D_JOURNEY,VALID,3,feature_usage
event_a08c464dde4ad6a8,EventInstance,event_a08c464dde4ad6a8,19,2024-04-24T00:00:00,SUBSCRIPTION_START,False,False,FULL_OBSERVED_JOURNEY,VALID,2,subscriptions
event_a08e5d929aed4ab2,EventInstance,event_a08e5d929aed4ab2,11,2024-07-05T00:00:00,SUBSCRIPTION_START,False,False,FULL_OBSERVED_JOURNEY,VALID,2,subscriptions
event_a0948f7db4b6fb66,EventInstance,event_a0948f7db4b6fb66,1,2023-08-13T00:00:00,SUBSCRIPTION_START,True,False,LANDMARK_30D_JOURNEY,VALID,2,subscriptions
event_a09b9e3176d19307,EventInstance,event_a09b9e3176d19307,5,2023-11-30T00:00:00,SUPPORT_OPEN,False,False,FULL_OBSERVED_JOURNEY,VALID,4,support_tickets
event_a0c2270f3fbbf9da,EventInstance,event_a0c2270f3fbbf9da,38,2024-11-02T00:00:00,FEATURE,False,False,FULL_OBSERVED_JOURNEY,VALID,3,feature_usage
event_a1129ebfead15b08,EventInstance,event_a1129ebfead15b08,19,2024-06-20T00:00:00,CHURN,True,True,BETWEEN_RECURRING_CHURNS,VALID_WITH_WARNING,6,churn_events
event_a129652bac515307,EventInstance,event_a129652bac515307,1,2023-07-30T00:00:00,SUBSCRIPTION_START,True,False,LANDMARK_90D_JOURNEY,VALID,2,subscriptions
event_a12d5d3cd04d70ab,EventInstance,event_a12d5d3cd04d70ab,4,2024-10-18T00:00:00,SUBSCRIPTION_START,False,False,LANDMARK_90D_JOURNEY,VALID,2,subscriptions
event_a12ef688095dd103,EventInstance,event_a12ef688095dd103,9,2023-11-27T00:00:00,SUBSCRIPTION_END,False,False,FULL_OBSERVED_JOURNEY,VALID,8,subscriptions
event_a1311698e9cffe49,EventInstance,event_a1311698e9cffe49,4,2024-02-03T21:00:00,SUPPORT_CLOSE,False,True,LANDMARK_90D_JOURNEY,VALID_WITH_WARNING,5,support_tickets
event_a13583f7b3cded4f,EventInstance,event_a13583f7b3cded4f,3,2024-05-07T00:00:00,SUBSCRIPTION_START,False,False,FULL_OBSERVED_JOURNEY,VALID,2,subscriptions
event_a13602c0ec328a04,EventInstance,event_a13602c0ec328a04,6,2024-12-05T00:00:00,CHURN,True,True,BETWEEN_RECURRING_CHURNS,VALID_WITH_WARNING,6,churn_events
event_a14e2b543684f619,EventInstance,event_a14e2b543684f619,28,2024-11-06T00:00:00,SUBSCRIPTION_START,False,False,FULL_OBSERVED_JOURNEY,VALID,2,subscriptions
event_a161aa784bd085df,EventInstance,event_a161aa784bd085df,4,2023-10-24T00:00:00,SUBSCRIPTION_START,False,False,LANDMARK_60D_JOURNEY,VALID,2,subscriptions
event_a1657c1d52e652b0,EventInstance,event_a1657c1d52e652b0,2,2023-05-24T00:00:00,SUBSCRIPTION_START,False,False,LANDMARK_90D_JOURNEY,VALID,2,subscriptions
event_a17d18a1811aff4d,EventInstance,event_a17d18a1811aff4d,19,2024-08-17T00:00:00,FEATURE,False,False,FULL_OBSERVED_JOURNEY,VALID,3,feature_usage
event_a1ac81a48a914846,EventInstance,event_a1ac81a48a914846,1,2024-01-30T00:00:00,SUBSCRIPTION_START,True,False,LANDMARK_60D_JOURNEY,VALID,2,subscriptions
event_a1c7f87b6c2f6bb2,EventInstance,event_a1c7f87b6c2f6bb2,14,2024-05-18T00:00:00,FEATURE,False,False,BETWEEN_RECURRING_CHURNS,VALID,3,feature_usage
event_a1cdb679efed033b,EventInstance,event_a1cdb679efed033b,4,2024-08-07T00:00:00,SUBSCRIPTION_START,False,False,PRE_FIRST_CHURN,VALID,2,subscriptions
event_a1d4a514c590af33,EventInstance,event_a1d4a514c590af33,1,2023-11-28T00:00:00,ACCOUNT,True,False,FULL_OBSERVED_JOURNEY,VALID,1,accounts
event_a1db3be6318f26e2,EventInstance,event_a1db3be6318f26e2,3,2024-11-28T00:00:00,SUBSCRIPTION_END,False,False,LANDMARK_30D_JOURNEY,VALID,8,subscriptions
event_a1fc86555e81d095,EventInstance,event_a1fc86555e81d095,6,2024-07-17T00:00:00,FEATURE,False,False,FULL_OBSERVED_JOURNEY,VALID,3,feature_usage
event_a21ebf8cb1e5d76a,EventInstance,event_a21ebf8cb1e5d76a,8,2024-09-12T00:00:00,CHURN,True,True,PRE_FIRST_CHURN,VALID_WITH_WARNING,6,churn_events
event_a22a6d51842045f3,EventInstance,event_a22a6d51842045f3,1,2024-01-19T00:00:00,SUBSCRIPTION_START,True,False,LANDMARK_60D_JOURNEY,VALID,2,subscriptions
event_a24997dbafbf56d4,EventInstance,event_a24997dbafbf56d4,5,2024-09-05T00:00:00,FEATURE,False,False,FULL_OBSERVED_JOURNEY,VALID,3,feature_usage
event_a257621ba912ce72,EventInstance,event_a257621ba912ce72,30,2024-11-30T00:00:00,SUBSCRIPTION_START,False,False,FULL_OBSERVED_JOURNEY,VALID,2,subscriptions
event_a259be318913378c,EventInstance,event_a259be318913378c,23,2024-07-26T00:00:00,SUPPORT_OPEN,False,True,FULL_OBSERVED_JOURNEY,VALID_WITH_WARNING,4,support_tickets
event_a25bdc40a0df14fc,EventInstance,event_a25bdc40a0df14fc,6,2024-05-16T00:00:00,CHURN,True,True,PRE_FIRST_CHURN,VALID_WITH_WARNING,6,churn_events
event_a273ef00d1d896d9,EventInstance,event_a273ef00d1d896d9,3,2024-09-27T00:00:00,CHURN,True,False,FULL_OBSERVED_JOURNEY,VALID,6,churn_events
event_a2759726159395a1,EventInstance,event_a2759726159395a1,25,2024-12-26T00:00:00,SUBSCRIPTION_START,False,False,FULL_OBSERVED_JOURNEY,VALID,2,subscriptions
event_a293ec4b1a880e7f,EventInstance,event_a293ec4b1a880e7f,6,2023-12-10T00:00:00,SUBSCRIPTION_START,False,False,LANDMARK_90D_JOURNEY,VALID,2,subscriptions
event_a29840cccf4a45ce,EventInstance,event_a29840cccf4a45ce,5,2024-09-13T00:00:00,CHURN,True,True,LANDMARK_90D_JOURNEY,VALID_WITH_WARNING,6,churn_events
event_a2d5931142b8373b,EventInstance,event_a2d5931142b8373b,15,2024-05-18T00:00:00,FEATURE,False,False,FULL_OBSERVED_JOURNEY,VALID,3,feature_usage
event_a2e350f4d20c30cb,EventInstance,event_a2e350f4d20c30cb,8,2024-10-01T00:00:00,SUBSCRIPTION_START,False,False,LANDMARK_90D_JOURNEY,VALID,2,subscriptions
event_a2e518b3c389cc82,EventInstance,event_a2e518b3c389cc82,2,2024-10-23T00:00:00,FEATURE,False,False,LANDMARK_30D_JOURNEY,VALID,3,feature_usage
event_a3364856c0067e9a,EventInstance,event_a3364856c0067e9a,2,2024-03-23T00:00:00,SUBSCRIPTION_START,True,False,LANDMARK_30D_JOURNEY,VALID,2,subscriptions
event_a3699ebc75fa9b8a,EventInstance,event_a3699ebc75fa9b8a,32,2024-10-12T12:00:00,SUPPORT_CLOSE,False,True,FULL_OBSERVED_JOURNEY,VALID_WITH_WARNING,5,support_tickets
event_a399d671d06e5fbe,EventInstance,event_a399d671d06e5fbe,11,2024-12-18T00:00:00,CHURN,True,True,FULL_OBSERVED_JOURNEY,VALID_WITH_WARNING,6,churn_events
event_a3b16a88c333c05f,EventInstance,event_a3b16a88c333c05f,17,2023-10-06T00:00:00,FEATURE,False,False,FULL_OBSERVED_JOURNEY,VALID,3,feature_usage
event_a3c318371bd5b453,EventInstance,event_a3c318371bd5b453,5,2023-12-28T00:00:00,FEATURE,False,False,FULL_OBSERVED_JOURNEY,VALID,3,feature_usage
event_a3f5e924d9ed48a6,EventInstance,event_a3f5e924d9ed48a6,18,2024-10-09T00:00:00,SUBSCRIPTION_START,False,False,FULL_OBSERVED_JOURNEY,VALID,2,subscriptions
event_a4661e667830e7aa,EventInstance,event_a4661e667830e7aa,4,2024-01-23T04:00:00,SUPPORT_CLOSE,False,True,BETWEEN_CHURN_AND_REACTIVATION,VALID_WITH_WARNING,5,support_tickets
event_a4685bc8da661e0b,EventInstance,event_a4685bc8da661e0b,8,2024-04-15T00:00:00,SUBSCRIPTION_START,False,False,FULL_OBSERVED_JOURNEY,VALID,2,subscriptions
event_a469bd3ba8f3f3b4,EventInstance,event_a469bd3ba8f3f3b4,3,2024-11-03T00:00:00,SUBSCRIPTION_START,False,False,LANDMARK_30D_JOURNEY,VALID,2,subscriptions
event_a46bc2283ba03597,EventInstance,event_a46bc2283ba03597,20,2024-11-12T00:00:00,FEATURE,False,True,PRE_FIRST_CHURN,VALID_WITH_WARNING,3,feature_usage
event_a4763a4a2b6ccb3c,EventInstance,event_a4763a4a2b6ccb3c,3,2024-09-28T00:00:00,CHURN,True,False,FULL_OBSERVED_JOURNEY,VALID,6,churn_events
event_a48368bb64691788,EventInstance,event_a48368bb64691788,4,2024-08-21T00:00:00,SUBSCRIPTION_START,True,False,LANDMARK_60D_JOURNEY,VALID,2,subscriptions
event_a4858e38b4803235,EventInstance,event_a4858e38b4803235,9,2024-09-27T00:00:00,FEATURE,False,False,FULL_OBSERVED_JOURNEY,VALID,3,feature_usage
event_a493c3731bdcea70,EventInstance,event_a493c3731bdcea70,12,2024-06-03T00:00:00,FEATURE,False,False,FULL_OBSERVED_JOURNEY,VALID,3,feature_usage
event_a4a411fb37403a5c,EventInstance,event_a4a411fb37403a5c,3,2023-08-07T00:00:00,FEATURE,False,False,FULL_OBSERVED_JOURNEY,VALID,3,feature_usage
event_a4a5e978eb8ec0e5,EventInstance,event_a4a5e978eb8ec0e5,5,2024-09-05T00:00:00,SUBSCRIPTION_START,False,True,LANDMARK_60D_JOURNEY,VALID_WITH_WARNING,2,subscriptions
event_a4bd3aed0528d8fd,EventInstance,event_a4bd3aed0528d8fd,3,2024-02-08T00:00:00,SUBSCRIPTION_START,False,False,FULL_OBSERVED_JOURNEY,VALID,2,subscriptions
event_a4be0328f2ee79a1,EventInstance,event_a4be0328f2ee79a1,4,2024-03-17T00:00:00,SUBSCRIPTION_START,False,False,LANDMARK_60D_JOURNEY,VALID,2,subscriptions
event_a51328ec9542ead8,EventInstance,event_a51328ec9542ead8,7,2024-12-24T00:00:00,SUBSCRIPTION_START,False,False,FULL_OBSERVED_JOURNEY,VALID,2,subscriptions
event_a518575ea74a9b91,EventInstance,event_a518575ea74a9b91,24,2024-12-08T00:00:00,FEATURE,False,False,FULL_OBSERVED_JOURNEY,VALID,3,feature_usage
event_a51e1b9a805bb6d9,EventInstance,event_a51e1b9a805bb6d9,15,2024-10-19T00:00:00,SUBSCRIPTION_START,False,False,PRE_FIRST_CHURN,VALID,2,subscriptions
event_a53ca4d456fcab32,EventInstance,event_a53ca4d456fcab32,14,2024-01-13T00:00:00,FEATURE,False,False,FULL_OBSERVED_JOURNEY,VALID,3,feature_usage
event_a585733437bb471e,EventInstance,event_a585733437bb471e,5,2024-08-24T00:00:00,SUPPORT_OPEN,False,True,LANDMARK_90D_JOURNEY,VALID_WITH_WARNING,4,support_tickets
event_a5892b8c1e3e12ce,EventInstance,event_a5892b8c1e3e12ce,4,2024-12-03T00:00:00,SUBSCRIPTION_START,False,False,FULL_OBSERVED_JOURNEY,VALID,2,subscriptions
event_a5c641532f7726d1,EventInstance,event_a5c641532f7726d1,1,2023-11-15T00:00:00,SUBSCRIPTION_START,True,False,LANDMARK_90D_JOURNEY,VALID,2,subscriptions
event_a5c693230208830d,EventInstance,event_a5c693230208830d,11,2024-05-14T12:00:00,SUPPORT_CLOSE,False,False,FULL_OBSERVED_JOURNEY,VALID,5,support_tickets
event_a5cb90df2820de18,EventInstance,event_a5cb90df2820de18,5,2024-08-20T00:00:00,FEATURE,True,False,LANDMARK_60D_JOURNEY,VALID,3,feature_usage
event_a5d0d649fdf874a7,EventInstance,event_a5d0d649fdf874a7,29,2024-12-15T00:00:00,FEATURE,False,False,FULL_OBSERVED_JOURNEY,VALID,3,feature_usage
event_a5f47675b1e2d24a,EventInstance,event_a5f47675b1e2d24a,1,2023-10-07T00:00:00,ACCOUNT,True,False,FULL_OBSERVED_JOURNEY,VALID,1,accounts
event_a5fcc494c8d5eb9e,EventInstance,event_a5fcc494c8d5eb9e,5,2023-12-02T23:00:00,SUPPORT_CLOSE,False,False,LANDMARK_90D_JOURNEY,VALID,5,support_tickets
event_a62e555bd3aa382c,EventInstance,event_a62e555bd3aa382c,18,2024-10-01T00:00:00,FEATURE,False,False,FULL_OBSERVED_JOURNEY,VALID,3,feature_usage
event_a647e462819ddc3e,EventInstance,event_a647e462819ddc3e,2,2024-02-08T00:00:00,SUBSCRIPTION_START,False,False,LANDMARK_30D_JOURNEY,VALID,2,subscriptions
event_a64f4d7149067085,EventInstance,event_a64f4d7149067085,9,2024-05-06T00:00:00,FEATURE,False,False,FULL_OBSERVED_JOURNEY,VALID,3,feature_usage
event_a668ce3d3b77c95b,EventInstance,event_a668ce3d3b77c95b,10,2024-10-03T00:00:00,SUBSCRIPTION_START,False,False,LANDMARK_90D_JOURNEY,VALID,2,subscriptions
event_a679a31af8bc5dc7,EventInstance,event_a679a31af8bc5dc7,21,2024-11-06T00:00:00,FEATURE,False,False,FULL_OBSERVED_JOURNEY,VALID,3,feature_usage
event_a67e5f4dc5fd1740,EventInstance,event_a67e5f4dc5fd1740,11,2024-12-26T00:00:00,SUBSCRIPTION_START,False,True,FULL_OBSERVED_JOURNEY,VALID_WITH_WARNING,2,subscriptions
event_a6d31c66e1beebf4,EventInstance,event_a6d31c66e1beebf4,2,2023-12-27T00:00:00,SUBSCRIPTION_START,False,False,FULL_OBSERVED_JOURNEY,VALID,2,subscriptions
event_a6eebe91ed0503dd,EventInstance,event_a6eebe91ed0503dd,9,2024-04-03T00:00:00,SUBSCRIPTION_START,False,False,LANDMARK_90D_JOURNEY,VALID,2,subscriptions
event_a6ef24ceb1227f1b,EventInstance,event_a6ef24ceb1227f1b,8,2024-09-28T00:00:00,SUBSCRIPTION_END,False,False,FULL_OBSERVED_JOURNEY,VALID,8,subscriptions
event_a6f726b2228589d1,EventInstance,event_a6f726b2228589d1,18,2024-08-12T00:00:00,FEATURE,False,False,FULL_OBSERVED_JOURNEY,VALID,3,feature_usage
event_a72830b9f60095c9,EventInstance,event_a72830b9f60095c9,6,2023-12-24T00:00:00,FEATURE,False,False,FULL_OBSERVED_JOURNEY,VALID,3,feature_usage
event_a72a1af365e49975,EventInstance,event_a72a1af365e49975,4,2024-03-11T00:00:00,FEATURE,False,False,BETWEEN_RECURRING_CHURNS,VALID,3,feature_usage
event_a74768413ce5bc3f,EventInstance,event_a74768413ce5bc3f,17,2024-04-23T00:00:00,FEATURE,False,False,FULL_OBSERVED_JOURNEY,VALID,3,feature_usage
event_a74edeecffa816d3,EventInstance,event_a74edeecffa816d3,2,2024-11-02T00:00:00,SUPPORT_OPEN,False,True,BETWEEN_RECURRING_CHURNS,VALID_WITH_WARNING,4,support_tickets
event_a7613a9a5f3b403a,EventInstance,event_a7613a9a5f3b403a,14,2024-10-15T00:00:00,SUBSCRIPTION_START,False,False,FULL_OBSERVED_JOURNEY,VALID,2,subscriptions
event_a7b08151830dbe68,EventInstance,event_a7b08151830dbe68,4,2024-07-23T00:00:00,SUBSCRIPTION_START,True,False,LANDMARK_60D_JOURNEY,VALID,2,subscriptions
event_a7c4094fb9f89b58,EventInstance,event_a7c4094fb9f89b58,9,2023-10-05T00:00:00,SUPPORT_OPEN,False,True,BETWEEN_RECURRING_CHURNS,VALID_WITH_WARNING,4,support_tickets
event_a7ce47f5548bf4af,EventInstance,event_a7ce47f5548bf4af,5,2023-09-06T00:00:00,SUPPORT_OPEN,False,True,FULL_OBSERVED_JOURNEY,VALID_WITH_WARNING,4,support_tickets
event_a7e165681e808607,EventInstance,event_a7e165681e808607,5,2023-05-18T00:00:00,FEATURE,False,False,FULL_OBSERVED_JOURNEY,VALID,3,feature_usage
event_a837af6f2623a463,EventInstance,event_a837af6f2623a463,8,2024-11-09T00:00:00,SUBSCRIPTION_START,False,False,FULL_OBSERVED_JOURNEY,VALID,2,subscriptions
event_a85337b664b559c2,EventInstance,event_a85337b664b559c2,1,2024-08-02T00:00:00,SUBSCRIPTION_START,True,False,LANDMARK_30D_JOURNEY,VALID,2,subscriptions
event_a85a7b0a65494a02,EventInstance,event_a85a7b0a65494a02,1,2024-09-03T00:00:00,SUBSCRIPTION_START,True,False,LANDMARK_90D_JOURNEY,VALID,2,subscriptions
event_a85c372582305712,EventInstance,event_a85c372582305712,26,2024-12-09T00:00:00,SUBSCRIPTION_END,True,False,FULL_OBSERVED_JOURNEY,VALID,8,subscriptions
event_a86fc2e69d35fb9f,EventInstance,event_a86fc2e69d35fb9f,17,2024-10-24T00:00:00,SUBSCRIPTION_START,False,False,PRE_FIRST_CHURN,VALID,2,subscriptions
event_a87218e14af36432,EventInstance,event_a87218e14af36432,4,2024-02-03T00:00:00,CHURN,True,True,FULL_OBSERVED_JOURNEY,VALID_WITH_WARNING,6,churn_events
event_a885a8842148fa0f,EventInstance,event_a885a8842148fa0f,1,2023-11-25T00:00:00,SUBSCRIPTION_START,True,False,LANDMARK_30D_JOURNEY,VALID,2,subscriptions
event_a8949d3d23b7e281,EventInstance,event_a8949d3d23b7e281,1,2024-01-10T00:00:00,CHURN,True,True,BETWEEN_RECURRING_CHURNS,VALID_WITH_WARNING,6,churn_events
event_a89c73880584f7fc,EventInstance,event_a89c73880584f7fc,11,2024-11-21T00:00:00,FEATURE,False,False,FULL_OBSERVED_JOURNEY,VALID,3,feature_usage
event_a89ccb95c35bb065,EventInstance,event_a89ccb95c35bb065,32,2024-10-22T00:00:00,FEATURE,False,False,FULL_OBSERVED_JOURNEY,VALID,3,feature_usage
event_a8a61bf48fa01764,EventInstance,event_a8a61bf48fa01764,6,2023-04-02T00:00:00,FEATURE,False,False,LANDMARK_90D_JOURNEY,VALID,3,feature_usage
event_a8b7866a42b73793,EventInstance,event_a8b7866a42b73793,6,2024-03-28T00:00:00,SUBSCRIPTION_START,False,False,FULL_OBSERVED_JOURNEY,VALID,2,subscriptions
event_a8cc78281194110d,EventInstance,event_a8cc78281194110d,10,2024-06-28T00:00:00,SUBSCRIPTION_START,False,False,FULL_OBSERVED_JOURNEY,VALID,2,subscriptions
event_a908fde802aac77b,EventInstance,event_a908fde802aac77b,13,2024-07-31T00:00:00,FEATURE,False,False,FULL_OBSERVED_JOURNEY,VALID,3,feature_usage
event_a91b287da50d83c8,EventInstance,event_a91b287da50d83c8,19,2024-10-22T00:00:00,FEATURE,False,False,FULL_OBSERVED_JOURNEY,VALID,3,feature_usage
event_a959bed92476162c,EventInstance,event_a959bed92476162c,1,2024-03-31T00:00:00,SUBSCRIPTION_START,True,False,LANDMARK_30D_JOURNEY,VALID,2,subscriptions
event_a96fd25e8cca649f,EventInstance,event_a96fd25e8cca649f,5,2024-12-12T00:00:00,SUBSCRIPTION_START,False,False,LANDMARK_30D_JOURNEY,VALID,2,subscriptions
event_a99332c75558ccad,EventInstance,event_a99332c75558ccad,20,2023-11-02T00:00:00,FEATURE,False,False,FULL_OBSERVED_JOURNEY,VALID,3,feature_usage
event_a99b8a0f5706a7b5,EventInstance,event_a99b8a0f5706a7b5,6,2024-06-01T00:00:00,FEATURE,False,False,FULL_OBSERVED_JOURNEY,VALID,3,feature_usage
event_a9a2ae2e02c16e03,EventInstance,event_a9a2ae2e02c16e03,2,2023-11-16T00:00:00,SUBSCRIPTION_START,False,False,PRE_FIRST_CHURN,VALID,2,subscriptions
event_a9ce6f75f055adf4,EventInstance,event_a9ce6f75f055adf4,8,2024-03-07T00:00:00,SUBSCRIPTION_START,False,False,FULL_OBSERVED_JOURNEY,VALID,2,subscriptions
event_a9f60abf59fbc305,EventInstance,event_a9f60abf59fbc305,21,2024-11-11T00:00:00,FEATURE,False,False,FULL_OBSERVED_JOURNEY,VALID,3,feature_usage
event_a9f9107b69399594,EventInstance,event_a9f9107b69399594,7,2024-09-14T00:00:00,SUBSCRIPTION_START,False,False,LANDMARK_90D_JOURNEY,VALID,2,subscriptions
event_aa32f9817538c0b2,EventInstance,event_aa32f9817538c0b2,2,2024-09-01T00:00:00,SUPPORT_OPEN,False,True,LANDMARK_90D_JOURNEY,VALID_WITH_WARNING,4,support_tickets
event_aa82c57d7708c042,EventInstance,event_aa82c57d7708c042,19,2024-12-27T00:00:00,SUBSCRIPTION_START,False,False,FULL_OBSERVED_JOURNEY,VALID,2,subscriptions
event_aaa67e36c865b283,EventInstance,event_aaa67e36c865b283,12,2024-12-18T00:00:00,FEATURE,False,False,FULL_OBSERVED_JOURNEY,VALID,3,feature_usage
event_aaae8b1dc13f40b0,EventInstance,event_aaae8b1dc13f40b0,6,2024-10-06T00:00:00,SUBSCRIPTION_START,False,False,FULL_OBSERVED_JOURNEY,VALID,2,subscriptions
event_aab68681d7c2bec7,EventInstance,event_aab68681d7c2bec7,13,2024-12-24T00:00:00,SUBSCRIPTION_START,False,True,LANDMARK_60D_JOURNEY,VALID_WITH_WARNING,2,subscriptions
event_aabab1fe117a9fb2,EventInstance,event_aabab1fe117a9fb2,1,2023-11-22T00:00:00,ACCOUNT,True,False,FULL_OBSERVED_JOURNEY,VALID,1,accounts
event_aabcc67141da8098,EventInstance,event_aabcc67141da8098,3,2024-06-22T00:00:00,FEATURE,False,False,FULL_OBSERVED_JOURNEY,VALID,3,feature_usage
event_aae59629f9afda75,EventInstance,event_aae59629f9afda75,1,2023-11-20T00:00:00,SUBSCRIPTION_START,True,False,LANDMARK_60D_JOURNEY,VALID,2,subscriptions
event_aaf8d43235f9e390,EventInstance,event_aaf8d43235f9e390,2,2024-09-07T00:00:00,SUBSCRIPTION_START,False,False,FULL_OBSERVED_JOURNEY,VALID,2,subscriptions
event_ab15105b64bdd2bc,EventInstance,event_ab15105b64bdd2bc,28,2024-08-14T00:00:00,FEATURE,False,False,FULL_OBSERVED_JOURNEY,VALID,3,feature_usage
event_ab98869569d156ca,EventInstance,event_ab98869569d156ca,2,2024-08-07T00:00:00,SUBSCRIPTION_START,True,False,LANDMARK_30D_JOURNEY,VALID,2,subscriptions
event_abb66b546143e797,EventInstance,event_abb66b546143e797,27,2024-08-09T02:00:00,SUPPORT_CLOSE,False,False,FULL_OBSERVED_JOURNEY,VALID,5,support_tickets
event_abbb5d7ff8f930dd,EventInstance,event_abbb5d7ff8f930dd,24,2024-12-02T00:00:00,SUBSCRIPTION_START,False,True,FULL_OBSERVED_JOURNEY,VALID_WITH_WARNING,2,subscriptions
event_abfdede99bda9431,EventInstance,event_abfdede99bda9431,10,2024-10-20T00:00:00,SUBSCRIPTION_START,False,False,LANDMARK_90D_JOURNEY,VALID,2,subscriptions
event_ac0322170af0e8ff,EventInstance,event_ac0322170af0e8ff,4,2023-03-21T00:00:00,CHURN,True,False,LANDMARK_90D_JOURNEY,VALID,6,churn_events
event_ac1b01ceca2d314f,EventInstance,event_ac1b01ceca2d314f,7,2024-10-14T00:00:00,SUBSCRIPTION_START,False,False,FULL_OBSERVED_JOURNEY,VALID,2,subscriptions
event_ac4dbab0b6bdd977,EventInstance,event_ac4dbab0b6bdd977,1,2024-08-31T00:00:00,SUBSCRIPTION_START,True,False,LANDMARK_90D_JOURNEY,VALID,2,subscriptions
event_ac6b43b727340758,EventInstance,event_ac6b43b727340758,4,2024-03-09T09:00:00,SUPPORT_CLOSE,False,False,LANDMARK_90D_JOURNEY,VALID,5,support_tickets
event_ac92bfc4321dfdd7,EventInstance,event_ac92bfc4321dfdd7,15,2024-05-07T00:00:00,FEATURE,False,False,FULL_OBSERVED_JOURNEY,VALID,3,feature_usage
event_acce8474cc719cea,EventInstance,event_acce8474cc719cea,15,2024-12-13T11:00:00,SUPPORT_CLOSE,False,True,FULL_OBSERVED_JOURNEY,VALID_WITH_WARNING,5,support_tickets
event_acd6d32164a46ffc,EventInstance,event_acd6d32164a46ffc,9,2024-09-23T00:00:00,SUBSCRIPTION_START,False,False,LANDMARK_90D_JOURNEY,VALID,2,subscriptions
event_ad054b09f2f27ebd,EventInstance,event_ad054b09f2f27ebd,2,2024-02-27T00:00:00,SUBSCRIPTION_START,True,False,LANDMARK_30D_JOURNEY,VALID,2,subscriptions
event_ad05900fada1b77c,EventInstance,event_ad05900fada1b77c,11,2024-01-13T00:00:00,FEATURE,False,False,FULL_OBSERVED_JOURNEY,VALID,3,feature_usage
event_ad51c1ff140998c1,EventInstance,event_ad51c1ff140998c1,11,2024-12-30T00:00:00,SUPPORT_OPEN,False,True,POST_REACTIVATION,VALID_WITH_WARNING,4,support_tickets
event_ad56b401f701b4d8,EventInstance,event_ad56b401f701b4d8,12,2024-05-21T00:00:00,SUBSCRIPTION_START,False,False,FULL_OBSERVED_JOURNEY,VALID,2,subscriptions
event_ad78061942d4366f,EventInstance,event_ad78061942d4366f,5,2024-07-01T20:00:00,SUPPORT_CLOSE,False,False,LANDMARK_60D_JOURNEY,VALID,5,support_tickets
event_ad7ee52b2d86f03d,EventInstance,event_ad7ee52b2d86f03d,17,2024-12-15T00:00:00,SUBSCRIPTION_END,False,False,FULL_OBSERVED_JOURNEY,VALID,8,subscriptions
event_ad8c9b0a2f16e649,EventInstance,event_ad8c9b0a2f16e649,9,2024-12-30T00:00:00,SUBSCRIPTION_START,True,False,FULL_OBSERVED_JOURNEY,VALID,2,subscriptions
event_ad9438c2ebe5f2ed,EventInstance,event_ad9438c2ebe5f2ed,2,2023-11-07T00:00:00,SUBSCRIPTION_START,False,False,PRE_FIRST_CHURN,VALID,2,subscriptions
event_adaa463ee45c62e1,EventInstance,event_adaa463ee45c62e1,3,2024-07-13T00:00:00,CHURN,True,True,LANDMARK_90D_JOURNEY,VALID_WITH_WARNING,6,churn_events
event_adb888b5bdcf30ea,EventInstance,event_adb888b5bdcf30ea,1,2024-01-22T00:00:00,SUBSCRIPTION_START,True,False,LANDMARK_90D_JOURNEY,VALID,2,subscriptions
event_adee75243ec5af89,EventInstance,event_adee75243ec5af89,7,2024-11-20T00:00:00,SUBSCRIPTION_START,True,False,LANDMARK_60D_JOURNEY,VALID,2,subscriptions
event_ae37e8a4de9d6882,EventInstance,event_ae37e8a4de9d6882,1,2024-08-17T00:00:00,SUBSCRIPTION_START,True,False,LANDMARK_90D_JOURNEY,VALID,2,subscriptions
event_ae3f4781085801b2,EventInstance,event_ae3f4781085801b2,33,2024-12-16T00:00:00,SUBSCRIPTION_START,True,False,FULL_OBSERVED_JOURNEY,VALID,2,subscriptions
event_ae4c4a24b065b7ff,EventInstance,event_ae4c4a24b065b7ff,9,2024-12-05T14:00:00,SUPPORT_CLOSE,False,True,LANDMARK_60D_JOURNEY,VALID_WITH_WARNING,5,support_tickets
event_ae5883e6a71d339d,EventInstance,event_ae5883e6a71d339d,10,2024-08-06T00:00:00,SUBSCRIPTION_START,False,False,FULL_OBSERVED_JOURNEY,VALID,2,subscriptions
event_ae69250f38de0b1a,EventInstance,event_ae69250f38de0b1a,2,2023-11-11T00:00:00,SUPPORT_OPEN,False,True,FULL_OBSERVED_JOURNEY,VALID_WITH_WARNING,4,support_tickets
event_ae6affc069f40f3e,EventInstance,event_ae6affc069f40f3e,12,2024-12-30T00:00:00,SUBSCRIPTION_END,False,True,POST_REACTIVATION,VALID_WITH_WARNING,8,subscriptions
event_ae778f341a82baf5,EventInstance,event_ae778f341a82baf5,36,2024-12-20T00:00:00,FEATURE,True,False,FULL_OBSERVED_JOURNEY,VALID,3,feature_usage
event_aeaf9f3e4530df77,EventInstance,event_aeaf9f3e4530df77,41,2024-12-21T08:00:00,SUPPORT_CLOSE,True,True,FULL_OBSERVED_JOURNEY,VALID_WITH_WARNING,5,support_tickets
event_aeb510d48d3e77fc,EventInstance,event_aeb510d48d3e77fc,12,2024-01-16T00:00:00,SUBSCRIPTION_START,False,False,FULL_OBSERVED_JOURNEY,VALID,2,subscriptions
event_aec065b5432ee501,EventInstance,event_aec065b5432ee501,2,2024-06-26T00:00:00,CHURN,True,False,LANDMARK_60D_JOURNEY,VALID,6,churn_events
event_aec6c06b212dda48,EventInstance,event_aec6c06b212dda48,5,2024-06-20T00:00:00,SUBSCRIPTION_START,False,False,BETWEEN_CHURN_AND_REACTIVATION,VALID,2,subscriptions
event_aedb7277ab120039,EventInstance,event_aedb7277ab120039,40,2024-11-10T00:00:00,FEATURE,False,False,FULL_OBSERVED_JOURNEY,VALID,3,feature_usage
event_af157729ba831d92,EventInstance,event_af157729ba831d92,1,2023-08-24T00:00:00,SUBSCRIPTION_START,True,False,LANDMARK_30D_JOURNEY,VALID,2,subscriptions
event_af5c95ec161039bc,EventInstance,event_af5c95ec161039bc,1,2024-03-08T00:00:00,ACCOUNT,True,True,PRE_FIRST_CHURN,VALID_WITH_WARNING,1,accounts
event_af5ec19edf6a3450,EventInstance,event_af5ec19edf6a3450,18,2024-12-29T00:00:00,SUBSCRIPTION_START,False,True,FULL_OBSERVED_JOURNEY,VALID_WITH_WARNING,2,subscriptions
event_af94c60bd037f7cd,EventInstance,event_af94c60bd037f7cd,5,2024-04-23T00:00:00,SUBSCRIPTION_START,False,False,LANDMARK_90D_JOURNEY,VALID,2,subscriptions
event_af9ed4ffee11f208,EventInstance,event_af9ed4ffee11f208,1,2023-10-16T00:00:00,SUBSCRIPTION_START,True,False,LANDMARK_90D_JOURNEY,VALID,2,subscriptions
event_afa3976973d55dd2,EventInstance,event_afa3976973d55dd2,1,2024-01-28T00:00:00,ACCOUNT,True,False,FULL_OBSERVED_JOURNEY,VALID,1,accounts
event_afcf7bf893f8d4dc,EventInstance,event_afcf7bf893f8d4dc,11,2024-12-09T00:00:00,SUBSCRIPTION_START,False,True,FULL_OBSERVED_JOURNEY,VALID_WITH_WARNING,2,subscriptions
event_afeb16419357b5a4,EventInstance,event_afeb16419357b5a4,15,2024-05-13T00:00:00,FEATURE,False,False,FULL_OBSERVED_JOURNEY,VALID,3,feature_usage
event_afedbd06efd71f43,EventInstance,event_afedbd06efd71f43,7,2024-06-19T00:00:00,SUBSCRIPTION_START,False,False,FULL_OBSERVED_JOURNEY,VALID,2,subscriptions
event_b056310723dea187,EventInstance,event_b056310723dea187,14,2024-08-29T00:00:00,FEATURE,False,False,FULL_OBSERVED_JOURNEY,VALID,3,feature_usage
event_b061c4e1674e90ad,EventInstance,event_b061c4e1674e90ad,5,2024-09-13T00:00:00,SUBSCRIPTION_START,False,False,LANDMARK_60D_JOURNEY,VALID,2,subscriptions
event_b0678671e270afe4,EventInstance,event_b0678671e270afe4,16,2024-11-06T00:00:00,SUBSCRIPTION_START,False,False,FULL_OBSERVED_JOURNEY,VALID,2,subscriptions
event_b06cb2d4aca7fb83,EventInstance,event_b06cb2d4aca7fb83,1,2023-02-12T00:00:00,ACCOUNT,True,False,FULL_OBSERVED_JOURNEY,VALID,1,accounts
event_b07a05c561da3f1e,EventInstance,event_b07a05c561da3f1e,2,2023-08-18T00:00:00,SUBSCRIPTION_START,False,False,BETWEEN_CHURN_AND_REACTIVATION,VALID,2,subscriptions
event_b08ee7e2a1a14f21,EventInstance,event_b08ee7e2a1a14f21,4,2024-09-24T00:00:00,SUBSCRIPTION_START,False,False,LANDMARK_90D_JOURNEY,VALID,2,subscriptions
event_b093a3208e7509df,EventInstance,event_b093a3208e7509df,8,2024-01-24T14:00:00,SUPPORT_CLOSE,False,False,FULL_OBSERVED_JOURNEY,VALID,5,support_tickets
event_b09862c75cd793e4,EventInstance,event_b09862c75cd793e4,6,2024-02-09T00:00:00,SUBSCRIPTION_START,False,False,FULL_OBSERVED_JOURNEY,VALID,2,subscriptions
event_b0c09b5d78f50518,EventInstance,event_b0c09b5d78f50518,2,2024-12-27T00:00:00,SUBSCRIPTION_START,False,True,FULL_OBSERVED_JOURNEY,VALID_WITH_WARNING,2,subscriptions
event_b0c648583f373be1,EventInstance,event_b0c648583f373be1,34,2024-10-25T00:00:00,SUBSCRIPTION_START,False,False,FULL_OBSERVED_JOURNEY,VALID,2,subscriptions
event_b0e15dddb9895396,EventInstance,event_b0e15dddb9895396,11,2024-01-19T00:00:00,FEATURE,False,False,FULL_OBSERVED_JOURNEY,VALID,3,feature_usage
event_b1040c68d5d9ceb9,EventInstance,event_b1040c68d5d9ceb9,3,2024-09-26T00:00:00,FEATURE,True,False,LANDMARK_90D_JOURNEY,VALID,3,feature_usage
event_b108dc3e0732e230,EventInstance,event_b108dc3e0732e230,16,2024-07-02T00:00:00,SUBSCRIPTION_START,False,False,FULL_OBSERVED_JOURNEY,VALID,2,subscriptions
event_b108ec7b0f1ddfba,EventInstance,event_b108ec7b0f1ddfba,8,2024-10-20T00:00:00,SUBSCRIPTION_END,False,False,LANDMARK_90D_JOURNEY,VALID,8,subscriptions
event_b10c9e3ee830c330,EventInstance,event_b10c9e3ee830c330,6,2024-11-20T00:00:00,FEATURE,False,False,FULL_OBSERVED_JOURNEY,VALID,3,feature_usage
event_b11b7cdf6090b6f8,EventInstance,event_b11b7cdf6090b6f8,25,2024-12-26T00:00:00,FEATURE,False,False,FULL_OBSERVED_JOURNEY,VALID,3,feature_usage
event_b11e9ba27bad4628,EventInstance,event_b11e9ba27bad4628,24,2024-10-03T00:00:00,CHURN,True,True,FULL_OBSERVED_JOURNEY,VALID_WITH_WARNING,6,churn_events
event_b12812dd6b4b7c5a,EventInstance,event_b12812dd6b4b7c5a,2,2024-07-24T00:00:00,SUBSCRIPTION_START,False,False,LANDMARK_30D_JOURNEY,VALID,2,subscriptions
event_b12d384700a73e41,EventInstance,event_b12d384700a73e41,1,2024-04-01T00:00:00,SUBSCRIPTION_START,True,False,LANDMARK_90D_JOURNEY,VALID,2,subscriptions
event_b12e4dbff89d5a34,EventInstance,event_b12e4dbff89d5a34,1,2024-09-09T00:00:00,SUBSCRIPTION_START,True,False,LANDMARK_30D_JOURNEY,VALID,2,subscriptions
event_b1308f3b8bc76036,EventInstance,event_b1308f3b8bc76036,16,2024-10-28T00:00:00,SUBSCRIPTION_END,False,False,FULL_OBSERVED_JOURNEY,VALID,8,subscriptions
event_b13206d2e50b797b,EventInstance,event_b13206d2e50b797b,6,2024-03-02T00:00:00,FEATURE,False,False,LANDMARK_90D_JOURNEY,VALID,3,feature_usage
event_b134ee7ccfef9101,EventInstance,event_b134ee7ccfef9101,2,2023-09-11T00:00:00,SUPPORT_OPEN,False,False,LANDMARK_30D_JOURNEY,VALID,4,support_tickets
event_b15a86617804950e,EventInstance,event_b15a86617804950e,25,2024-11-16T00:00:00,SUBSCRIPTION_START,False,False,FULL_OBSERVED_JOURNEY,VALID,2,subscriptions
event_b19d662df43aaf69,EventInstance,event_b19d662df43aaf69,3,2024-09-01T06:00:00,SUPPORT_CLOSE,False,True,LANDMARK_90D_JOURNEY,VALID_WITH_WARNING,5,support_tickets
event_b1a64f4cdcf50d24,EventInstance,event_b1a64f4cdcf50d24,9,2024-11-29T00:00:00,SUBSCRIPTION_START,False,True,FULL_OBSERVED_JOURNEY,VALID_WITH_WARNING,2,subscriptions
event_b1c31b73e74335d3,EventInstance,event_b1c31b73e74335d3,39,2024-12-31T00:00:00,FEATURE,True,False,FULL_OBSERVED_JOURNEY,VALID,3,feature_usage
event_b1d047ab608bc9e8,EventInstance,event_b1d047ab608bc9e8,5,2024-11-05T00:00:00,FEATURE,False,False,FULL_OBSERVED_JOURNEY,VALID,3,feature_usage
event_b1d20ef12e3dc388,EventInstance,event_b1d20ef12e3dc388,5,2024-07-18T00:00:00,SUBSCRIPTION_START,False,False,LANDMARK_60D_JOURNEY,VALID,2,subscriptions
event_b1f9f31983e6151b,EventInstance,event_b1f9f31983e6151b,1,2024-03-16T00:00:00,SUBSCRIPTION_START,True,False,LANDMARK_30D_JOURNEY,VALID,2,subscriptions
event_b215b11e2d41aee1,EventInstance,event_b215b11e2d41aee1,7,2023-04-04T00:00:00,FEATURE,False,False,FULL_OBSERVED_JOURNEY,VALID,3,feature_usage
event_b23767c6af689b3b,EventInstance,event_b23767c6af689b3b,26,2024-09-25T00:00:00,SUBSCRIPTION_START,False,True,FULL_OBSERVED_JOURNEY,VALID_WITH_WARNING,2,subscriptions
event_b238743f89398809,EventInstance,event_b238743f89398809,3,2023-05-28T00:00:00,SUBSCRIPTION_START,False,False,LANDMARK_90D_JOURNEY,VALID,2,subscriptions
event_b2510e9afaa9aa94,EventInstance,event_b2510e9afaa9aa94,32,2024-12-26T00:00:00,SUPPORT_OPEN,False,True,FULL_OBSERVED_JOURNEY,VALID_WITH_WARNING,4,support_tickets
event_b273f26f9b1954b2,EventInstance,event_b273f26f9b1954b2,25,2024-05-07T00:00:00,SUPPORT_OPEN,False,True,BETWEEN_RECURRING_CHURNS,VALID_WITH_WARNING,4,support_tickets
event_b282e67fef35a2ce,EventInstance,event_b282e67fef35a2ce,11,2024-12-04T00:00:00,FEATURE,False,False,BETWEEN_RECURRING_CHURNS,VALID,3,feature_usage
event_b2d9fa6208483b80,EventInstance,event_b2d9fa6208483b80,5,2024-11-19T00:00:00,SUBSCRIPTION_START,False,False,FULL_OBSERVED_JOURNEY,VALID,2,subscriptions
event_b2e36a2ee325ae93,EventInstance,event_b2e36a2ee325ae93,6,2024-02-16T00:00:00,SUBSCRIPTION_START,False,False,FULL_OBSERVED_JOURNEY,VALID,2,subscriptions
event_b2e5eef08db40ae2,EventInstance,event_b2e5eef08db40ae2,12,2024-02-05T00:00:00,SUPPORT_OPEN,False,False,FULL_OBSERVED_JOURNEY,VALID,4,support_tickets
event_b303e285fe597c9a,EventInstance,event_b303e285fe597c9a,9,2024-02-17T00:00:00,SUPPORT_OPEN,False,False,FULL_OBSERVED_JOURNEY,VALID,4,support_tickets
event_b31b47979f4e2015,EventInstance,event_b31b47979f4e2015,31,2024-10-10T00:00:00,SUPPORT_OPEN,False,True,FULL_OBSERVED_JOURNEY,VALID_WITH_WARNING,4,support_tickets
event_b345b4969702f34b,EventInstance,event_b345b4969702f34b,21,2024-12-29T00:00:00,SUBSCRIPTION_START,False,True,FULL_OBSERVED_JOURNEY,VALID_WITH_WARNING,2,subscriptions
event_b351089b34bc3a69,EventInstance,event_b351089b34bc3a69,2,2024-08-22T00:00:00,SUBSCRIPTION_START,False,False,FULL_OBSERVED_JOURNEY,VALID,2,subscriptions
event_b35dc7dd64cfe67c,EventInstance,event_b35dc7dd64cfe67c,14,2024-07-23T00:00:00,FEATURE,False,False,FULL_OBSERVED_JOURNEY,VALID,3,feature_usage
event_b363adc9f43834b6,EventInstance,event_b363adc9f43834b6,8,2024-07-18T00:00:00,SUBSCRIPTION_START,False,False,FULL_OBSERVED_JOURNEY,VALID,2,subscriptions
event_b36832a2f4f015b1,EventInstance,event_b36832a2f4f015b1,3,2024-10-25T00:00:00,SUBSCRIPTION_START,False,False,PRE_FIRST_CHURN,VALID,2,subscriptions
event_b38d2884f30fae6c,EventInstance,event_b38d2884f30fae6c,3,2024-03-23T00:00:00,SUBSCRIPTION_START,False,False,FULL_OBSERVED_JOURNEY,VALID,2,subscriptions
event_b3a9171b264af442,EventInstance,event_b3a9171b264af442,1,2024-11-27T00:00:00,SUBSCRIPTION_START,True,False,LANDMARK_30D_JOURNEY,VALID,2,subscriptions
event_b3a968a48d0bb0ef,EventInstance,event_b3a968a48d0bb0ef,7,2024-07-07T00:00:00,SUBSCRIPTION_START,False,False,FULL_OBSERVED_JOURNEY,VALID,2,subscriptions
event_b3d7647121e88d0c,EventInstance,event_b3d7647121e88d0c,18,2024-05-25T00:00:00,FEATURE,False,False,FULL_OBSERVED_JOURNEY,VALID,3,feature_usage
event_b3dfdeda80cf2f9d,EventInstance,event_b3dfdeda80cf2f9d,2,2024-04-02T00:00:00,SUBSCRIPTION_START,False,False,PRE_FIRST_CHURN,VALID,2,subscriptions
event_b3f5f34496200394,EventInstance,event_b3f5f34496200394,38,2024-12-11T00:00:00,FEATURE,False,False,FULL_OBSERVED_JOURNEY,VALID,3,feature_usage
event_b4048c7e07faa860,EventInstance,event_b4048c7e07faa860,23,2024-10-26T00:00:00,FEATURE,False,False,FULL_OBSERVED_JOURNEY,VALID,3,feature_usage
event_b43cae15038541b7,EventInstance,event_b43cae15038541b7,7,2024-03-06T00:00:00,FEATURE,False,False,BETWEEN_RECURRING_CHURNS,VALID,3,feature_usage
event_b44a529948b6aa41,EventInstance,event_b44a529948b6aa41,15,2024-09-10T00:00:00,FEATURE,False,False,FULL_OBSERVED_JOURNEY,VALID,3,feature_usage
event_b45142963f2dac3f,EventInstance,event_b45142963f2dac3f,18,2024-10-05T00:00:00,FEATURE,False,False,FULL_OBSERVED_JOURNEY,VALID,3,feature_usage
event_b46ceaabe3a44833,EventInstance,event_b46ceaabe3a44833,8,2024-10-20T00:00:00,SUBSCRIPTION_START,False,True,FULL_OBSERVED_JOURNEY,VALID_WITH_WARNING,2,subscriptions
event_b49f854d74c69647,EventInstance,event_b49f854d74c69647,3,2023-02-12T00:00:00,SUBSCRIPTION_START,False,False,FULL_OBSERVED_JOURNEY,VALID,2,subscriptions
event_b4a2f2ac7941f3f6,EventInstance,event_b4a2f2ac7941f3f6,15,2024-12-29T00:00:00,SUBSCRIPTION_START,True,False,FULL_OBSERVED_JOURNEY,VALID,2,subscriptions
event_b4bb740d4b8ef339,EventInstance,event_b4bb740d4b8ef339,26,2024-12-29T00:00:00,SUBSCRIPTION_START,False,True,FULL_OBSERVED_JOURNEY,VALID_WITH_WARNING,2,subscriptions
event_b4e1033e37e76d6d,EventInstance,event_b4e1033e37e76d6d,10,2024-10-10T00:00:00,SUBSCRIPTION_START,False,False,LANDMARK_90D_JOURNEY,VALID,2,subscriptions
event_b4e7d89e444d1fca,EventInstance,event_b4e7d89e444d1fca,9,2024-12-14T00:00:00,SUBSCRIPTION_START,False,False,FULL_OBSERVED_JOURNEY,VALID,2,subscriptions
event_b515aed574a96517,EventInstance,event_b515aed574a96517,20,2024-10-15T00:00:00,SUBSCRIPTION_START,False,False,FULL_OBSERVED_JOURNEY,VALID,2,subscriptions
event_b516f3eed45d30b1,EventInstance,event_b516f3eed45d30b1,15,2024-07-14T00:00:00,FEATURE,False,False,FULL_OBSERVED_JOURNEY,VALID,3,feature_usage
event_b5365f76b755a838,EventInstance,event_b5365f76b755a838,19,2024-12-21T00:00:00,FEATURE,False,False,FULL_OBSERVED_JOURNEY,VALID,3,feature_usage
event_b53bc9fcc7b45457,EventInstance,event_b53bc9fcc7b45457,14,2024-12-28T00:00:00,SUBSCRIPTION_START,False,False,FULL_OBSERVED_JOURNEY,VALID,2,subscriptions
event_b540f46333a94cca,EventInstance,event_b540f46333a94cca,10,2024-03-31T00:00:00,SUBSCRIPTION_START,False,False,FULL_OBSERVED_JOURNEY,VALID,2,subscriptions
event_b549a4547636e635,EventInstance,event_b549a4547636e635,2,2024-02-02T00:00:00,SUBSCRIPTION_START,False,False,PRE_FIRST_CHURN,VALID,2,subscriptions
event_b559d5ce0a21f0dd,EventInstance,event_b559d5ce0a21f0dd,2,2024-08-11T00:00:00,CHURN,True,False,LANDMARK_60D_JOURNEY,VALID,6,churn_events
event_b5735ff1b1fc3df9,EventInstance,event_b5735ff1b1fc3df9,1,2023-03-11T00:00:00,SUBSCRIPTION_START,True,False,LANDMARK_90D_JOURNEY,VALID,2,subscriptions
event_b579fb29510805c1,EventInstance,event_b579fb29510805c1,37,2024-07-25T00:00:00,SUBSCRIPTION_START,False,False,FULL_OBSERVED_JOURNEY,VALID,2,subscriptions
event_b586342d6a405e12,EventInstance,event_b586342d6a405e12,6,2024-10-07T00:00:00,SUBSCRIPTION_START,False,False,LANDMARK_90D_JOURNEY,VALID,2,subscriptions
event_b5afd41d180ca87e,EventInstance,event_b5afd41d180ca87e,7,2023-09-21T00:00:00,FEATURE,False,False,BETWEEN_RECURRING_CHURNS,VALID,3,feature_usage
event_b5c4a73998452261,EventInstance,event_b5c4a73998452261,2,2024-05-16T00:00:00,SUBSCRIPTION_START,False,False,LANDMARK_60D_JOURNEY,VALID,2,subscriptions
event_b5c4a7a60db53296,EventInstance,event_b5c4a7a60db53296,14,2024-04-21T00:00:00,FEATURE,False,False,FULL_OBSERVED_JOURNEY,VALID,3,feature_usage
event_b5c672b8c8bc5fe1,EventInstance,event_b5c672b8c8bc5fe1,3,2024-09-19T00:00:00,SUBSCRIPTION_START,True,False,LANDMARK_30D_JOURNEY,VALID,2,subscriptions
event_b5d9adfe5ba8a7f1,EventInstance,event_b5d9adfe5ba8a7f1,16,2024-11-10T00:00:00,FEATURE,True,True,LANDMARK_90D_JOURNEY,VALID_WITH_WARNING,3,feature_usage
event_b5daa8d4d1cabefc,EventInstance,event_b5daa8d4d1cabefc,9,2024-10-28T00:00:00,SUBSCRIPTION_START,False,False,FULL_OBSERVED_JOURNEY,VALID,2,subscriptions
event_b5e5d2b70fa754b4,EventInstance,event_b5e5d2b70fa754b4,5,2024-08-20T00:00:00,FEATURE,True,False,LANDMARK_60D_JOURNEY,VALID,3,feature_usage
event_b5e87fd4200b0ea9,EventInstance,event_b5e87fd4200b0ea9,1,2024-02-22T00:00:00,SUBSCRIPTION_START,True,True,LANDMARK_90D_JOURNEY,VALID_WITH_WARNING,2,subscriptions
event_b5efa37d16ff5b17,EventInstance,event_b5efa37d16ff5b17,8,2024-11-30T00:00:00,SUBSCRIPTION_START,False,False,LANDMARK_60D_JOURNEY,VALID,2,subscriptions
event_b5f8ce56f8b3d024,EventInstance,event_b5f8ce56f8b3d024,36,2024-12-15T00:00:00,SUBSCRIPTION_START,False,False,FULL_OBSERVED_JOURNEY,VALID,2,subscriptions
event_b60ad1ff1cf079bd,EventInstance,event_b60ad1ff1cf079bd,4,2023-05-03T00:00:00,FEATURE,False,False,FULL_OBSERVED_JOURNEY,VALID,3,feature_usage
event_b6251f849dd13edb,EventInstance,event_b6251f849dd13edb,9,2024-04-11T00:00:00,FEATURE,False,False,FULL_OBSERVED_JOURNEY,VALID,3,feature_usage
event_b6622ebb108186f4,EventInstance,event_b6622ebb108186f4,12,2024-12-26T00:00:00,SUBSCRIPTION_START,False,True,FULL_OBSERVED_JOURNEY,VALID_WITH_WARNING,2,subscriptions
event_b679c56541377bdc,EventInstance,event_b679c56541377bdc,22,2024-12-31T00:00:00,SUBSCRIPTION_END,True,False,FULL_OBSERVED_JOURNEY,VALID,8,subscriptions
event_b681bc2e18000d26,EventInstance,event_b681bc2e18000d26,15,2024-12-11T00:00:00,SUBSCRIPTION_END,False,False,FULL_OBSERVED_JOURNEY,VALID,8,subscriptions
event_b6843f68288ccd46,EventInstance,event_b6843f68288ccd46,3,2024-08-28T00:00:00,SUBSCRIPTION_START,False,False,LANDMARK_60D_JOURNEY,VALID,2,subscriptions
event_b68e1feb28582b57,EventInstance,event_b68e1feb28582b57,2,2024-08-01T00:00:00,SUBSCRIPTION_START,True,False,LANDMARK_90D_JOURNEY,VALID,2,subscriptions
event_b6916a5027e23029,EventInstance,event_b6916a5027e23029,2,2024-11-19T00:00:00,CHURN,True,True,BETWEEN_RECURRING_CHURNS,VALID_WITH_WARNING,6,churn_events
event_b69aee2a4fc8898e,EventInstance,event_b69aee2a4fc8898e,33,2024-10-18T00:00:00,FEATURE,False,False,FULL_OBSERVED_JOURNEY,VALID,3,feature_usage
event_b6bde78249bb722f,EventInstance,event_b6bde78249bb722f,6,2024-12-12T00:00:00,SUBSCRIPTION_START,False,False,FULL_OBSERVED_JOURNEY,VALID,2,subscriptions
event_b6d1804bf0237dd0,EventInstance,event_b6d1804bf0237dd0,25,2024-12-02T00:00:00,FEATURE,True,True,FULL_OBSERVED_JOURNEY,VALID_WITH_WARNING,3,feature_usage
event_b6e4343d2796025f,EventInstance,event_b6e4343d2796025f,2,2024-10-23T00:00:00,FEATURE,False,False,LANDMARK_60D_JOURNEY,VALID,3,feature_usage
event_b6e63eabe27fb376,EventInstance,event_b6e63eabe27fb376,6,2024-06-12T00:00:00,SUBSCRIPTION_START,False,False,PRE_FIRST_CHURN,VALID,2,subscriptions
event_b6fa85359ac9d716,EventInstance,event_b6fa85359ac9d716,12,2024-06-16T00:00:00,SUBSCRIPTION_START,False,False,FULL_OBSERVED_JOURNEY,VALID,2,subscriptions
event_b705500b1c16198f,EventInstance,event_b705500b1c16198f,8,2024-01-01T00:00:00,SUBSCRIPTION_START,False,False,LANDMARK_90D_JOURNEY,VALID,2,subscriptions
event_b72bd571711d03ed,EventInstance,event_b72bd571711d03ed,12,2024-05-20T00:00:00,SUBSCRIPTION_START,False,False,FULL_OBSERVED_JOURNEY,VALID,2,subscriptions
event_b75dcb8159b3763e,EventInstance,event_b75dcb8159b3763e,14,2024-12-22T00:00:00,FEATURE,False,False,FULL_OBSERVED_JOURNEY,VALID,3,feature_usage
event_b76c1d2e1e548712,EventInstance,event_b76c1d2e1e548712,10,2024-12-16T00:00:00,SUBSCRIPTION_START,False,False,FULL_OBSERVED_JOURNEY,VALID,2,subscriptions
event_b7c82f83490ef980,EventInstance,event_b7c82f83490ef980,27,2024-09-30T00:00:00,FEATURE,False,False,FULL_OBSERVED_JOURNEY,VALID,3,feature_usage
event_b7eef667480a011c,EventInstance,event_b7eef667480a011c,4,2024-06-16T00:00:00,SUBSCRIPTION_START,False,False,FULL_OBSERVED_JOURNEY,VALID,2,subscriptions
event_b841c97a5996a83b,EventInstance,event_b841c97a5996a83b,12,2024-10-07T00:00:00,SUBSCRIPTION_START,False,False,LANDMARK_90D_JOURNEY,VALID,2,subscriptions
event_b8549475090d8bc0,EventInstance,event_b8549475090d8bc0,22,2024-12-27T00:00:00,FEATURE,False,False,FULL_OBSERVED_JOURNEY,VALID,3,feature_usage
event_b8552d1fa900cd63,EventInstance,event_b8552d1fa900cd63,9,2024-10-11T00:00:00,SUBSCRIPTION_START,False,False,LANDMARK_90D_JOURNEY,VALID,2,subscriptions
event_b8b89745be11e23f,EventInstance,event_b8b89745be11e23f,50,2024-10-30T00:00:00,FEATURE,False,False,FULL_OBSERVED_JOURNEY,VALID,3,feature_usage
event_b8b9c0b93ce2d132,EventInstance,event_b8b9c0b93ce2d132,15,2024-10-14T00:00:00,SUPPORT_OPEN,False,True,FULL_OBSERVED_JOURNEY,VALID_WITH_WARNING,4,support_tickets
event_b8d98a1da71ef7c1,EventInstance,event_b8d98a1da71ef7c1,2,2024-01-01T00:00:00,CHURN,True,False,BETWEEN_CHURN_AND_REACTIVATION,VALID,6,churn_events
event_b8e3fcb806c2513d,EventInstance,event_b8e3fcb806c2513d,9,2024-03-24T20:00:00,SUPPORT_CLOSE,False,False,FULL_OBSERVED_JOURNEY,VALID,5,support_tickets
event_b8fec01557d33349,EventInstance,event_b8fec01557d33349,3,2024-04-11T00:00:00,SUPPORT_OPEN,False,False,FULL_OBSERVED_JOURNEY,VALID,4,support_tickets
event_b923533f7eddf30b,EventInstance,event_b923533f7eddf30b,38,2024-12-21T00:00:00,FEATURE,False,False,FULL_OBSERVED_JOURNEY,VALID,3,feature_usage
event_b928c7b8f9dba3b5,EventInstance,event_b928c7b8f9dba3b5,4,2024-10-06T00:00:00,SUBSCRIPTION_START,False,True,LANDMARK_90D_JOURNEY,VALID_WITH_WARNING,2,subscriptions
event_b95f96c202b5ac04,EventInstance,event_b95f96c202b5ac04,18,2024-02-20T22:00:00,SUPPORT_CLOSE,False,True,BETWEEN_RECURRING_CHURNS,VALID_WITH_WARNING,5,support_tickets
event_b962d1e21b78bd84,EventInstance,event_b962d1e21b78bd84,1,2024-09-06T00:00:00,ACCOUNT,True,False,FULL_OBSERVED_JOURNEY,VALID,1,accounts
event_b96f8f1b4b2c7eef,EventInstance,event_b96f8f1b4b2c7eef,11,2024-10-15T00:00:00,FEATURE,False,False,FULL_OBSERVED_JOURNEY,VALID,3,feature_usage
event_b97235be18d19d53,EventInstance,event_b97235be18d19d53,2,2023-07-04T00:00:00,SUBSCRIPTION_START,False,False,LANDMARK_60D_JOURNEY,VALID,2,subscriptions
event_b98f65ee0fe236f2,EventInstance,event_b98f65ee0fe236f2,7,2024-02-15T00:00:00,SUBSCRIPTION_START,False,True,FULL_OBSERVED_JOURNEY,VALID_WITH_WARNING,2,subscriptions
event_b9a5cb3a3d2a0a4f,EventInstance,event_b9a5cb3a3d2a0a4f,1,2024-02-23T00:00:00,ACCOUNT,True,False,FULL_OBSERVED_JOURNEY,VALID,1,accounts
event_b9cb722fdee16d9d,EventInstance,event_b9cb722fdee16d9d,7,2024-10-08T00:00:00,FEATURE,True,False,LANDMARK_30D_JOURNEY,VALID,3,feature_usage
event_b9ccf319dec56c06,EventInstance,event_b9ccf319dec56c06,1,2023-07-14T00:00:00,SUBSCRIPTION_START,True,False,LANDMARK_60D_JOURNEY,VALID,2,subscriptions
event_b9ec226d1da6771c,EventInstance,event_b9ec226d1da6771c,3,2023-02-11T13:00:00,SUPPORT_CLOSE,False,False,FULL_OBSERVED_JOURNEY,VALID,5,support_tickets
event_b9fa7967e3d29a53,EventInstance,event_b9fa7967e3d29a53,2,2024-09-23T00:00:00,SUBSCRIPTION_START,False,False,LANDMARK_60D_JOURNEY,VALID,2,subscriptions
event_b9fb743bc946e27e,EventInstance,event_b9fb743bc946e27e,5,2024-07-18T00:00:00,SUBSCRIPTION_START,False,False,LANDMARK_90D_JOURNEY,VALID,2,subscriptions
event_b9fecda98c0418ae,EventInstance,event_b9fecda98c0418ae,9,2024-12-31T00:00:00,FEATURE,True,False,FULL_OBSERVED_JOURNEY,VALID,3,feature_usage
event_ba112d86b79a208a,EventInstance,event_ba112d86b79a208a,4,2024-07-14T00:00:00,SUBSCRIPTION_START,False,False,LANDMARK_90D_JOURNEY,VALID,2,subscriptions
event_ba1347dbd64382bb,EventInstance,event_ba1347dbd64382bb,3,2024-08-11T00:00:00,CHURN,True,False,FULL_OBSERVED_JOURNEY,VALID,6,churn_events
event_ba4769eb34beaaf1,EventInstance,event_ba4769eb34beaaf1,6,2024-08-25T14:00:00,SUPPORT_CLOSE,False,True,LANDMARK_90D_JOURNEY,VALID_WITH_WARNING,5,support_tickets
event_ba5bd948c0348195,EventInstance,event_ba5bd948c0348195,8,2024-11-19T00:00:00,SUBSCRIPTION_END,False,False,POST_REACTIVATION,VALID,8,subscriptions
event_ba84a08764c1acb1,EventInstance,event_ba84a08764c1acb1,2,2024-11-28T00:00:00,SUBSCRIPTION_START,False,True,PRE_FIRST_CHURN,VALID_WITH_WARNING,2,subscriptions
event_bab5f9817fcaf012,EventInstance,event_bab5f9817fcaf012,8,2024-10-24T00:00:00,FEATURE,False,False,LANDMARK_90D_JOURNEY,VALID,3,feature_usage
event_bad8c367787827d6,EventInstance,event_bad8c367787827d6,14,2024-12-23T00:00:00,SUBSCRIPTION_END,False,True,PRE_FIRST_CHURN,VALID_WITH_WARNING,8,subscriptions
event_bb24edbcab799465,EventInstance,event_bb24edbcab799465,8,2024-05-14T12:00:00,SUPPORT_CLOSE,False,False,LANDMARK_90D_JOURNEY,VALID,5,support_tickets
event_bb7202195525dfcc,EventInstance,event_bb7202195525dfcc,6,2024-03-05T00:00:00,SUBSCRIPTION_END,False,False,BETWEEN_RECURRING_CHURNS,VALID,8,subscriptions
event_bb882b5b84593b8b,EventInstance,event_bb882b5b84593b8b,4,2024-02-24T00:00:00,FEATURE,True,False,LANDMARK_30D_JOURNEY,VALID,3,feature_usage
event_bb9dd5e69070691a,EventInstance,event_bb9dd5e69070691a,10,2024-04-18T00:00:00,FEATURE,False,False,FULL_OBSERVED_JOURNEY,VALID,3,feature_usage
event_bc022398b00f6759,EventInstance,event_bc022398b00f6759,12,2024-07-25T00:00:00,SUBSCRIPTION_START,False,False,FULL_OBSERVED_JOURNEY,VALID,2,subscriptions
event_bc0d96bd3d0c92ce,EventInstance,event_bc0d96bd3d0c92ce,2,2024-07-30T00:00:00,SUBSCRIPTION_START,False,False,FULL_OBSERVED_JOURNEY,VALID,2,subscriptions
event_bc0e9b2bc92e4847,EventInstance,event_bc0e9b2bc92e4847,26,2024-10-20T00:00:00,FEATURE,False,False,FULL_OBSERVED_JOURNEY,VALID,3,feature_usage
event_bc3cce13b9ec31ee,EventInstance,event_bc3cce13b9ec31ee,11,2024-12-22T00:00:00,SUBSCRIPTION_START,True,False,FULL_OBSERVED_JOURNEY,VALID,2,subscriptions
event_bc4218af787f3749,EventInstance,event_bc4218af787f3749,3,2024-09-29T00:00:00,SUBSCRIPTION_START,False,False,LANDMARK_60D_JOURNEY,VALID,2,subscriptions
event_bc461dc825d00f97,EventInstance,event_bc461dc825d00f97,35,2024-12-11T00:00:00,FEATURE,False,False,FULL_OBSERVED_JOURNEY,VALID,3,feature_usage
event_bc4db3979cd2b46f,EventInstance,event_bc4db3979cd2b46f,11,2024-12-12T00:00:00,SUBSCRIPTION_START,False,False,LANDMARK_60D_JOURNEY,VALID,2,subscriptions
event_bc6b4b48f93f1e19,EventInstance,event_bc6b4b48f93f1e19,6,2024-09-07T00:00:00,FEATURE,False,False,PRE_FIRST_CHURN,VALID,3,feature_usage
event_bc955bc8225ad8a6,EventInstance,event_bc955bc8225ad8a6,23,2024-12-14T00:00:00,FEATURE,False,False,FULL_OBSERVED_JOURNEY,VALID,3,feature_usage
event_bca327f955094b5f,EventInstance,event_bca327f955094b5f,23,2024-07-05T00:00:00,FEATURE,False,False,FULL_OBSERVED_JOURNEY,VALID,3,feature_usage
event_bcba2ace311cfb9f,EventInstance,event_bcba2ace311cfb9f,13,2024-12-16T00:00:00,SUBSCRIPTION_START,False,True,BETWEEN_RECURRING_CHURNS,VALID_WITH_WARNING,2,subscriptions
event_bcf629ba792b0ae1,EventInstance,event_bcf629ba792b0ae1,20,2024-06-11T00:00:00,FEATURE,False,False,FULL_OBSERVED_JOURNEY,VALID,3,feature_usage
event_bcfa52fab9c4495a,EventInstance,event_bcfa52fab9c4495a,11,2024-06-04T00:00:00,FEATURE,False,False,FULL_OBSERVED_JOURNEY,VALID,3,feature_usage
event_bcfcbfcbeef544c7,EventInstance,event_bcfcbfcbeef544c7,31,2024-12-19T00:00:00,FEATURE,True,False,FULL_OBSERVED_JOURNEY,VALID,3,feature_usage
event_bd0302daede94bec,EventInstance,event_bd0302daede94bec,10,2024-12-09T00:00:00,SUPPORT_OPEN,False,True,LANDMARK_60D_JOURNEY,VALID_WITH_WARNING,4,support_tickets
event_bd2028001a1420b1,EventInstance,event_bd2028001a1420b1,1,2024-08-31T00:00:00,SUBSCRIPTION_START,True,True,LANDMARK_90D_JOURNEY,VALID_WITH_WARNING,2,subscriptions
event_bd2dac267fd00aa8,EventInstance,event_bd2dac267fd00aa8,2,2024-06-06T00:00:00,SUBSCRIPTION_START,False,True,LANDMARK_30D_JOURNEY,VALID_WITH_WARNING,2,subscriptions
event_bd42db5546c75286,EventInstance,event_bd42db5546c75286,32,2024-04-29T00:00:00,FEATURE,False,False,FULL_OBSERVED_JOURNEY,VALID,3,feature_usage
event_bd432fb4dbdefe8e,EventInstance,event_bd432fb4dbdefe8e,14,2024-03-03T00:00:00,FEATURE,False,False,FULL_OBSERVED_JOURNEY,VALID,3,feature_usage
event_bd79ba5a7aa99720,EventInstance,event_bd79ba5a7aa99720,6,2024-12-23T00:00:00,SUBSCRIPTION_START,True,False,LANDMARK_30D_JOURNEY,VALID,2,subscriptions
event_bd7a86afb337ddbb,EventInstance,event_bd7a86afb337ddbb,3,2023-09-23T00:00:00,SUPPORT_OPEN,False,False,FULL_OBSERVED_JOURNEY,VALID,4,support_tickets
event_bdc7fe60e200c89a,EventInstance,event_bdc7fe60e200c89a,1,2024-11-24T00:00:00,ACCOUNT,True,False,PRE_FIRST_CHURN,VALID,1,accounts
event_bdef65ac726cd570,EventInstance,event_bdef65ac726cd570,3,2024-04-05T00:00:00,SUBSCRIPTION_START,True,False,LANDMARK_90D_JOURNEY,VALID,2,subscriptions
event_be133a85fd7002c9,EventInstance,event_be133a85fd7002c9,4,2024-12-20T00:00:00,SUBSCRIPTION_START,False,False,FULL_OBSERVED_JOURNEY,VALID,2,subscriptions
event_be162d159d52347e,EventInstance,event_be162d159d52347e,8,2024-11-02T00:00:00,SUBSCRIPTION_START,False,False,PRE_FIRST_CHURN,VALID,2,subscriptions
event_be233269705ce934,EventInstance,event_be233269705ce934,34,2024-09-22T00:00:00,FEATURE,False,False,FULL_OBSERVED_JOURNEY,VALID,3,feature_usage
event_be2a72b0c7f27d93,EventInstance,event_be2a72b0c7f27d93,3,2024-03-16T00:00:00,FEATURE,True,False,LANDMARK_60D_JOURNEY,VALID,3,feature_usage
event_be3bcfdfdb406727,EventInstance,event_be3bcfdfdb406727,8,2023-11-15T00:00:00,SUBSCRIPTION_START,False,False,FULL_OBSERVED_JOURNEY,VALID,2,subscriptions
event_be648f1643d3d024,EventInstance,event_be648f1643d3d024,9,2024-09-21T00:00:00,CHURN,True,True,LANDMARK_60D_JOURNEY,VALID_WITH_WARNING,6,churn_events
event_be900b41f4b282b6,EventInstance,event_be900b41f4b282b6,18,2024-12-24T00:00:00,SUBSCRIPTION_END,False,False,FULL_OBSERVED_JOURNEY,VALID,8,subscriptions
event_becf05d4965a6e40,EventInstance,event_becf05d4965a6e40,2,2024-08-02T00:00:00,SUBSCRIPTION_START,False,False,FULL_OBSERVED_JOURNEY,VALID,2,subscriptions
event_bed8cc15b29d1ea4,EventInstance,event_bed8cc15b29d1ea4,16,2024-06-10T00:00:00,FEATURE,False,True,BETWEEN_RECURRING_CHURNS,VALID_WITH_WARNING,3,feature_usage
event_bede8ca189222eef,EventInstance,event_bede8ca189222eef,15,2024-08-28T00:00:00,SUBSCRIPTION_START,False,False,FULL_OBSERVED_JOURNEY,VALID,2,subscriptions
event_bf2e0f29ecadaff6,EventInstance,event_bf2e0f29ecadaff6,5,2023-04-15T00:00:00,SUBSCRIPTION_START,False,False,PRE_FIRST_CHURN,VALID,2,subscriptions
event_bf7c41053640c9d1,EventInstance,event_bf7c41053640c9d1,11,2024-10-11T00:00:00,FEATURE,False,True,FULL_OBSERVED_JOURNEY,VALID_WITH_WARNING,3,feature_usage
event_bf8891c029c1af39,EventInstance,event_bf8891c029c1af39,19,2023-10-16T00:00:00,FEATURE,False,False,FULL_OBSERVED_JOURNEY,VALID,3,feature_usage
event_bfa5a83e977a5dc3,EventInstance,event_bfa5a83e977a5dc3,2,2023-12-03T10:00:00,SUPPORT_CLOSE,False,False,FULL_OBSERVED_JOURNEY,VALID,5,support_tickets
event_bfd45e0419703abd,EventInstance,event_bfd45e0419703abd,7,2024-08-29T00:00:00,FEATURE,False,False,LANDMARK_90D_JOURNEY,VALID,3,feature_usage
event_bfd8da8208c613d4,EventInstance,event_bfd8da8208c613d4,34,2024-06-25T00:00:00,FEATURE,False,False,FULL_OBSERVED_JOURNEY,VALID,3,feature_usage
event_bff0f5b68acc1028,EventInstance,event_bff0f5b68acc1028,28,2024-09-14T00:00:00,FEATURE,False,False,FULL_OBSERVED_JOURNEY,VALID,3,feature_usage
event_c00318f2a127460c,EventInstance,event_c00318f2a127460c,15,2024-08-24T00:00:00,FEATURE,False,False,FULL_OBSERVED_JOURNEY,VALID,3,feature_usage
event_c041a7a43b75703f,EventInstance,event_c041a7a43b75703f,8,2024-09-20T04:00:00,SUPPORT_CLOSE,False,True,LANDMARK_60D_JOURNEY,VALID_WITH_WARNING,5,support_tickets
event_c047687d65f625d0,EventInstance,event_c047687d65f625d0,2,2023-08-02T00:00:00,SUBSCRIPTION_START,False,False,PRE_FIRST_CHURN,VALID,2,subscriptions
event_c050dd2225b4b884,EventInstance,event_c050dd2225b4b884,22,2024-12-29T00:00:00,SUBSCRIPTION_START,False,True,FULL_OBSERVED_JOURNEY,VALID_WITH_WARNING,2,subscriptions
event_c05531be16defa16,EventInstance,event_c05531be16defa16,11,2024-11-25T00:00:00,FEATURE,False,False,FULL_OBSERVED_JOURNEY,VALID,3,feature_usage
event_c06c8d3b0477ba63,EventInstance,event_c06c8d3b0477ba63,2,2024-01-30T00:00:00,SUBSCRIPTION_START,False,False,PRE_FIRST_CHURN,VALID,2,subscriptions
event_c06db708538ee0ae,EventInstance,event_c06db708538ee0ae,3,2024-12-01T22:00:00,SUPPORT_CLOSE,False,False,FULL_OBSERVED_JOURNEY,VALID,5,support_tickets
event_c0be00db906f67ac,EventInstance,event_c0be00db906f67ac,14,2024-08-19T00:00:00,SUPPORT_CLOSE,False,False,FULL_OBSERVED_JOURNEY,VALID,5,support_tickets
event_c100b476e1c50590,EventInstance,event_c100b476e1c50590,30,2024-10-25T18:00:00,SUPPORT_CLOSE,False,True,FULL_OBSERVED_JOURNEY,VALID_WITH_WARNING,5,support_tickets
event_c16ac2a8622b4631,EventInstance,event_c16ac2a8622b4631,9,2024-09-27T00:00:00,SUBSCRIPTION_START,False,False,PRE_FIRST_CHURN,VALID,2,subscriptions
event_c1713f161b913c3e,EventInstance,event_c1713f161b913c3e,13,2023-08-18T00:00:00,SUBSCRIPTION_START,False,False,FULL_OBSERVED_JOURNEY,VALID,2,subscriptions
event_c1814b749a61e67e,EventInstance,event_c1814b749a61e67e,23,2024-12-19T00:00:00,FEATURE,True,False,FULL_OBSERVED_JOURNEY,VALID,3,feature_usage
event_c1b4ad51bbbffec8,EventInstance,event_c1b4ad51bbbffec8,3,2024-08-04T02:00:00,SUPPORT_CLOSE,False,False,PRE_FIRST_CHURN,VALID,5,support_tickets
event_c1b5c73338abd127,EventInstance,event_c1b5c73338abd127,5,2023-10-24T00:00:00,SUBSCRIPTION_START,False,False,FULL_OBSERVED_JOURNEY,VALID,2,subscriptions
event_c1eae27977507b6d,EventInstance,event_c1eae27977507b6d,19,2024-09-17T00:00:00,FEATURE,False,False,FULL_OBSERVED_JOURNEY,VALID,3,feature_usage
event_c1f48a50ed718133,EventInstance,event_c1f48a50ed718133,31,2024-12-25T00:00:00,SUBSCRIPTION_START,False,False,FULL_OBSERVED_JOURNEY,VALID,2,subscriptions
event_c1f61c607e661fc2,EventInstance,event_c1f61c607e661fc2,2,2024-03-06T00:00:00,SUBSCRIPTION_START,False,False,LANDMARK_60D_JOURNEY,VALID,2,subscriptions
event_c2074703e0548523,EventInstance,event_c2074703e0548523,5,2023-09-25T00:00:00,SUBSCRIPTION_START,False,False,FULL_OBSERVED_JOURNEY,VALID,2,subscriptions
event_c2097898d400f670,EventInstance,event_c2097898d400f670,8,2024-01-05T00:00:00,SUBSCRIPTION_START,False,False,PRE_FIRST_CHURN,VALID,2,subscriptions
event_c20f89c6253e1ff5,EventInstance,event_c20f89c6253e1ff5,7,2024-08-19T08:00:00,SUPPORT_CLOSE,True,False,LANDMARK_60D_JOURNEY,VALID,5,support_tickets
event_c232816598600a88,EventInstance,event_c232816598600a88,14,2024-12-11T00:00:00,SUPPORT_OPEN,False,True,FULL_OBSERVED_JOURNEY,VALID_WITH_WARNING,4,support_tickets
event_c238967b05a91775,EventInstance,event_c238967b05a91775,19,2024-12-28T00:00:00,SUBSCRIPTION_START,True,False,FULL_OBSERVED_JOURNEY,VALID,2,subscriptions
event_c2614573591c0309,EventInstance,event_c2614573591c0309,21,2023-11-09T00:00:00,FEATURE,False,False,FULL_OBSERVED_JOURNEY,VALID,3,feature_usage
event_c2616f470ad758f4,EventInstance,event_c2616f470ad758f4,11,2024-11-27T00:00:00,FEATURE,True,False,LANDMARK_60D_JOURNEY,VALID,3,feature_usage
event_c268b54452f031f4,EventInstance,event_c268b54452f031f4,1,2024-04-01T00:00:00,SUBSCRIPTION_START,True,False,LANDMARK_90D_JOURNEY,VALID,2,subscriptions
event_c27b6529159c932a,EventInstance,event_c27b6529159c932a,12,2024-07-10T00:00:00,FEATURE,False,False,FULL_OBSERVED_JOURNEY,VALID,3,feature_usage
event_c2802556bab6bf79,EventInstance,event_c2802556bab6bf79,4,2024-10-14T00:00:00,SUBSCRIPTION_START,False,False,LANDMARK_90D_JOURNEY,VALID,2,subscriptions
event_c299c595911f0596,EventInstance,event_c299c595911f0596,7,2024-04-19T00:00:00,FEATURE,False,False,FULL_OBSERVED_JOURNEY,VALID,3,feature_usage
event_c29d7bc8bf242f0f,EventInstance,event_c29d7bc8bf242f0f,1,2024-10-16T00:00:00,ACCOUNT,True,False,PRE_FIRST_CHURN,VALID,1,accounts
event_c29db2ab4553d118,EventInstance,event_c29db2ab4553d118,8,2024-07-10T00:00:00,FEATURE,False,True,LANDMARK_90D_JOURNEY,VALID_WITH_WARNING,3,feature_usage
event_c2d806f771d47428,EventInstance,event_c2d806f771d47428,16,2024-12-26T00:00:00,SUBSCRIPTION_START,True,False,FULL_OBSERVED_JOURNEY,VALID,2,subscriptions
event_c2f24a5e9912f437,EventInstance,event_c2f24a5e9912f437,1,2024-08-10T00:00:00,ACCOUNT,True,False,FULL_OBSERVED_JOURNEY,VALID,1,accounts
event_c30dca219866f7d5,EventInstance,event_c30dca219866f7d5,4,2023-10-22T00:00:00,FEATURE,False,False,FULL_OBSERVED_JOURNEY,VALID,3,feature_usage
event_c34ac9bb084dec98,EventInstance,event_c34ac9bb084dec98,4,2024-06-09T23:00:00,SUPPORT_CLOSE,False,False,LANDMARK_90D_JOURNEY,VALID,5,support_tickets
event_c3542eb5cbb52864,EventInstance,event_c3542eb5cbb52864,13,2024-05-17T00:00:00,FEATURE,False,False,FULL_OBSERVED_JOURNEY,VALID,3,feature_usage
event_c355f7364d064d4c,EventInstance,event_c355f7364d064d4c,15,2024-12-21T00:00:00,SUBSCRIPTION_END,False,False,FULL_OBSERVED_JOURNEY,VALID,8,subscriptions
event_c358ad2833f6b764,EventInstance,event_c358ad2833f6b764,12,2024-11-17T00:00:00,FEATURE,False,False,FULL_OBSERVED_JOURNEY,VALID,3,feature_usage
event_c39a1adb24c9b326,EventInstance,event_c39a1adb24c9b326,3,2024-09-28T00:00:00,SUBSCRIPTION_START,False,False,LANDMARK_90D_JOURNEY,VALID,2,subscriptions
event_c3a7c012cd7b3143,EventInstance,event_c3a7c012cd7b3143,7,2024-03-07T12:00:00,SUPPORT_CLOSE,False,False,FULL_OBSERVED_JOURNEY,VALID,5,support_tickets
event_c3aaf2c4a0949c4b,EventInstance,event_c3aaf2c4a0949c4b,34,2024-12-08T00:00:00,FEATURE,False,False,FULL_OBSERVED_JOURNEY,VALID,3,feature_usage
event_c3af82a8f631f454,EventInstance,event_c3af82a8f631f454,27,2024-12-28T00:00:00,FEATURE,True,False,FULL_OBSERVED_JOURNEY,VALID,3,feature_usage
event_c3c06d75c4fc3362,EventInstance,event_c3c06d75c4fc3362,13,2024-04-27T00:00:00,SUBSCRIPTION_START,False,False,FULL_OBSERVED_JOURNEY,VALID,2,subscriptions
event_c3e5ed09688dc233,EventInstance,event_c3e5ed09688dc233,3,2024-08-12T00:00:00,FEATURE,False,False,LANDMARK_60D_JOURNEY,VALID,3,feature_usage
event_c3f8b8d97a99e7c6,EventInstance,event_c3f8b8d97a99e7c6,18,2024-07-10T00:00:00,SUBSCRIPTION_START,False,False,FULL_OBSERVED_JOURNEY,VALID,2,subscriptions
event_c4219b12159b8646,EventInstance,event_c4219b12159b8646,1,2023-06-16T00:00:00,SUBSCRIPTION_START,True,False,LANDMARK_60D_JOURNEY,VALID,2,subscriptions
event_c43e8c660c582289,EventInstance,event_c43e8c660c582289,1,2024-08-25T00:00:00,SUBSCRIPTION_START,True,False,LANDMARK_60D_JOURNEY,VALID,2,subscriptions
event_c443278a0e4fa3d5,EventInstance,event_c443278a0e4fa3d5,3,2024-02-27T00:00:00,CHURN,True,False,PRE_FIRST_CHURN,VALID,6,churn_events
event_c44e5bb3f209e8c5,EventInstance,event_c44e5bb3f209e8c5,43,2024-08-28T00:00:00,FEATURE,False,False,FULL_OBSERVED_JOURNEY,VALID,3,feature_usage
event_c45b02e2cb9fe0da,EventInstance,event_c45b02e2cb9fe0da,3,2023-10-21T00:00:00,CHURN,True,False,PRE_FIRST_CHURN,VALID,6,churn_events
event_c46b3b0728be1f31,EventInstance,event_c46b3b0728be1f31,31,2024-10-19T00:00:00,FEATURE,False,False,FULL_OBSERVED_JOURNEY,VALID,3,feature_usage
event_c47fd670915e1a64,EventInstance,event_c47fd670915e1a64,5,2024-08-16T00:00:00,SUBSCRIPTION_START,False,False,FULL_OBSERVED_JOURNEY,VALID,2,subscriptions
event_c4ac1414522dba0a,EventInstance,event_c4ac1414522dba0a,2,2024-11-12T00:00:00,SUBSCRIPTION_END,False,False,BETWEEN_RECURRING_CHURNS,VALID,8,subscriptions
event_c4ace881d1847c67,EventInstance,event_c4ace881d1847c67,1,2023-03-05T00:00:00,ACCOUNT,True,False,PRE_FIRST_CHURN,VALID,1,accounts
event_c4c98fed145c5743,EventInstance,event_c4c98fed145c5743,22,2024-07-14T00:00:00,FEATURE,False,False,FULL_OBSERVED_JOURNEY,VALID,3,feature_usage
event_c4db7b85c9fe783b,EventInstance,event_c4db7b85c9fe783b,5,2024-10-16T00:00:00,SUBSCRIPTION_START,False,False,LANDMARK_30D_JOURNEY,VALID,2,subscriptions
event_c4f6389e9cd875a0,EventInstance,event_c4f6389e9cd875a0,1,2024-06-11T00:00:00,SUBSCRIPTION_START,True,False,LANDMARK_60D_JOURNEY,VALID,2,subscriptions
event_c502c82d3c367731,EventInstance,event_c502c82d3c367731,7,2024-03-17T00:00:00,SUPPORT_OPEN,False,True,FULL_OBSERVED_JOURNEY,VALID_WITH_WARNING,4,support_tickets
event_c52c317c1d4a6b8b,EventInstance,event_c52c317c1d4a6b8b,9,2024-11-02T00:00:00,SUBSCRIPTION_START,False,False,FULL_OBSERVED_JOURNEY,VALID,2,subscriptions
event_c54d201cfda3801f,EventInstance,event_c54d201cfda3801f,3,2024-07-16T00:00:00,SUBSCRIPTION_START,False,False,FULL_OBSERVED_JOURNEY,VALID,2,subscriptions
event_c5753a56776d3b7b,EventInstance,event_c5753a56776d3b7b,5,2024-12-21T00:00:00,SUBSCRIPTION_START,False,False,FULL_OBSERVED_JOURNEY,VALID,2,subscriptions
event_c5894a50c23d5487,EventInstance,event_c5894a50c23d5487,2,2024-03-04T00:00:00,SUPPORT_OPEN,False,True,FULL_OBSERVED_JOURNEY,VALID_WITH_WARNING,4,support_tickets
event_c58dc79f19c7a871,EventInstance,event_c58dc79f19c7a871,10,2024-06-05T00:00:00,FEATURE,False,False,LANDMARK_90D_JOURNEY,VALID,3,feature_usage
event_c5a79b40083948f2,EventInstance,event_c5a79b40083948f2,5,2023-03-21T00:00:00,CHURN,True,False,PRE_FIRST_CHURN,VALID,6,churn_events
event_c5c8b7cdc4e9dcce,EventInstance,event_c5c8b7cdc4e9dcce,10,2024-08-17T00:00:00,FEATURE,False,False,BETWEEN_CHURN_AND_REACTIVATION,VALID,3,feature_usage
event_c5e43a7684b5120b,EventInstance,event_c5e43a7684b5120b,19,2024-10-12T00:00:00,FEATURE,False,False,FULL_OBSERVED_JOURNEY,VALID,3,feature_usage
event_c5e5d6fa96e1511a,EventInstance,event_c5e5d6fa96e1511a,12,2024-12-09T00:00:00,SUBSCRIPTION_START,True,False,LANDMARK_90D_JOURNEY,VALID,2,subscriptions
event_c5f4a90a6605e616,EventInstance,event_c5f4a90a6605e616,6,2024-09-28T00:00:00,FEATURE,True,False,LANDMARK_60D_JOURNEY,VALID,3,feature_usage
event_c5fe085175103ef7,EventInstance,event_c5fe085175103ef7,1,2023-12-12T00:00:00,SUBSCRIPTION_START,True,False,LANDMARK_30D_JOURNEY,VALID,2,subscriptions
event_c61c6342e09aae7b,EventInstance,event_c61c6342e09aae7b,27,2024-12-29T00:00:00,SUBSCRIPTION_END,True,True,FULL_OBSERVED_JOURNEY,VALID_WITH_WARNING,8,subscriptions
event_c62314ed8bca2f41,EventInstance,event_c62314ed8bca2f41,1,2023-03-23T00:00:00,SUBSCRIPTION_START,True,False,LANDMARK_60D_JOURNEY,VALID,2,subscriptions
event_c6522029e2b8cd7f,EventInstance,event_c6522029e2b8cd7f,27,2024-12-09T00:00:00,FEATURE,False,False,FULL_OBSERVED_JOURNEY,VALID,3,feature_usage
event_c6522f838a73d206,EventInstance,event_c6522f838a73d206,15,2024-03-24T00:00:00,FEATURE,False,False,FULL_OBSERVED_JOURNEY,VALID,3,feature_usage
event_c68d6cb63370175e,EventInstance,event_c68d6cb63370175e,35,2024-10-30T00:00:00,FEATURE,False,False,FULL_OBSERVED_JOURNEY,VALID,3,feature_usage
event_c6ac0809b9fda00f,EventInstance,event_c6ac0809b9fda00f,20,2024-11-04T00:00:00,SUBSCRIPTION_START,False,False,FULL_OBSERVED_JOURNEY,VALID,2,subscriptions
event_c6bf5b5662400c22,EventInstance,event_c6bf5b5662400c22,1,2023-07-19T00:00:00,ACCOUNT,True,False,PRE_FIRST_CHURN,VALID,1,accounts
event_c6c0d8ac4cd9853e,EventInstance,event_c6c0d8ac4cd9853e,4,2024-11-29T00:00:00,FEATURE,False,True,BETWEEN_RECURRING_CHURNS,VALID_WITH_WARNING,3,feature_usage
event_c6ca89855e1431c9,EventInstance,event_c6ca89855e1431c9,2,2024-09-12T00:00:00,FEATURE,False,False,POST_REACTIVATION,VALID,3,feature_usage
event_c6cc5762b82ca69e,EventInstance,event_c6cc5762b82ca69e,4,2024-09-16T00:00:00,SUBSCRIPTION_START,False,False,LANDMARK_90D_JOURNEY,VALID,2,subscriptions
event_c6fd97860f0a9300,EventInstance,event_c6fd97860f0a9300,5,2024-12-07T00:00:00,SUBSCRIPTION_START,False,True,BETWEEN_RECURRING_CHURNS,VALID_WITH_WARNING,2,subscriptions
event_c718a7a7924b470d,EventInstance,event_c718a7a7924b470d,10,2024-01-01T00:00:00,SUBSCRIPTION_START,False,False,FULL_OBSERVED_JOURNEY,VALID,2,subscriptions
event_c765c9db8f36dded,EventInstance,event_c765c9db8f36dded,5,2024-09-15T00:00:00,SUPPORT_OPEN,False,False,FULL_OBSERVED_JOURNEY,VALID,4,support_tickets
event_c77e9c0c924c5b02,EventInstance,event_c77e9c0c924c5b02,11,2024-10-23T00:00:00,FEATURE,False,False,LANDMARK_90D_JOURNEY,VALID,3,feature_usage
event_c77ea62b97773686,EventInstance,event_c77ea62b97773686,3,2024-05-07T00:00:00,SUBSCRIPTION_START,True,False,LANDMARK_60D_JOURNEY,VALID,2,subscriptions
event_c79f5bbb2e371b06,EventInstance,event_c79f5bbb2e371b06,2,2024-09-16T00:00:00,SUPPORT_OPEN,False,False,LANDMARK_30D_JOURNEY,VALID,4,support_tickets
event_c7a46915e3bf0406,EventInstance,event_c7a46915e3bf0406,18,2024-11-04T00:00:00,SUPPORT_OPEN,False,True,FULL_OBSERVED_JOURNEY,VALID_WITH_WARNING,4,support_tickets
event_c7a53384e31105dd,EventInstance,event_c7a53384e31105dd,4,2023-12-15T20:00:00,SUPPORT_CLOSE,False,False,FULL_OBSERVED_JOURNEY,VALID,5,support_tickets
event_c7c9e7a89de94940,EventInstance,event_c7c9e7a89de94940,3,2024-10-11T00:00:00,SUBSCRIPTION_START,False,False,BETWEEN_RECURRING_CHURNS,VALID,2,subscriptions
event_c7cc4d18b811e805,EventInstance,event_c7cc4d18b811e805,27,2024-11-23T00:00:00,FEATURE,False,False,FULL_OBSERVED_JOURNEY,VALID,3,feature_usage
event_c7e629a6f5653e83,EventInstance,event_c7e629a6f5653e83,4,2024-06-19T00:00:00,SUBSCRIPTION_START,False,True,LANDMARK_60D_JOURNEY,VALID_WITH_WARNING,2,subscriptions
event_c7fa72791499ae1c,EventInstance,event_c7fa72791499ae1c,5,2024-04-01T00:00:00,SUBSCRIPTION_START,False,False,FULL_OBSERVED_JOURNEY,VALID,2,subscriptions
event_c808af6b8120491d,EventInstance,event_c808af6b8120491d,1,2024-07-31T00:00:00,ACCOUNT,True,False,FULL_OBSERVED_JOURNEY,VALID,1,accounts
event_c849d2ff62f5dcb4,EventInstance,event_c849d2ff62f5dcb4,3,2024-12-13T00:00:00,SUBSCRIPTION_START,False,False,FULL_OBSERVED_JOURNEY,VALID,2,subscriptions
event_c8508c1ffd74d916,EventInstance,event_c8508c1ffd74d916,6,2024-12-02T00:00:00,SUBSCRIPTION_START,False,False,LANDMARK_60D_JOURNEY,VALID,2,subscriptions
event_c859d35c7dc4b179,EventInstance,event_c859d35c7dc4b179,31,2024-11-08T00:00:00,SUBSCRIPTION_START,False,False,FULL_OBSERVED_JOURNEY,VALID,2,subscriptions
event_c8e902e563eba6d1,EventInstance,event_c8e902e563eba6d1,2,2023-12-10T00:00:00,SUBSCRIPTION_START,False,False,FULL_OBSERVED_JOURNEY,VALID,2,subscriptions
event_c9123140e3356263,EventInstance,event_c9123140e3356263,1,2023-11-27T00:00:00,ACCOUNT,True,False,FULL_OBSERVED_JOURNEY,VALID,1,accounts
event_c93e1a33cf2b6b69,EventInstance,event_c93e1a33cf2b6b69,8,2024-12-21T00:00:00,FEATURE,False,True,FULL_OBSERVED_JOURNEY,VALID_WITH_WARNING,3,feature_usage
event_c94dcdb88dc0d857,EventInstance,event_c94dcdb88dc0d857,2,2024-08-28T00:00:00,SUBSCRIPTION_START,False,False,LANDMARK_90D_JOURNEY,VALID,2,subscriptions
event_c96268dd315da715,EventInstance,event_c96268dd315da715,7,2023-12-10T00:00:00,SUBSCRIPTION_START,False,False,FULL_OBSERVED_JOURNEY,VALID,2,subscriptions
event_c96986040765101d,EventInstance,event_c96986040765101d,7,2024-06-25T00:00:00,SUBSCRIPTION_START,True,False,LANDMARK_90D_JOURNEY,VALID,2,subscriptions
event_c970566480b9e304,EventInstance,event_c970566480b9e304,5,2023-06-17T11:00:00,SUPPORT_CLOSE,True,False,LANDMARK_90D_JOURNEY,VALID,5,support_tickets
event_c976dc11922edc85,EventInstance,event_c976dc11922edc85,2,2024-10-01T00:00:00,SUPPORT_OPEN,False,False,LANDMARK_90D_JOURNEY,VALID,4,support_tickets
event_c984b427cf81c901,EventInstance,event_c984b427cf81c901,14,2024-12-23T00:00:00,SUBSCRIPTION_START,False,False,FULL_OBSERVED_JOURNEY,VALID,2,subscriptions
event_c9a24e501ab7c614,EventInstance,event_c9a24e501ab7c614,10,2024-05-04T00:00:00,SUBSCRIPTION_START,False,False,FULL_OBSERVED_JOURNEY,VALID,2,subscriptions
event_c9c1228cd154e429,EventInstance,event_c9c1228cd154e429,2,2024-04-12T00:00:00,SUBSCRIPTION_START,False,False,LANDMARK_90D_JOURNEY,VALID,2,subscriptions
event_c9c4ac0ebc560701,EventInstance,event_c9c4ac0ebc560701,8,2024-12-14T00:00:00,SUBSCRIPTION_START,False,False,LANDMARK_30D_JOURNEY,VALID,2,subscriptions
event_c9c5e6c3e89f027d,EventInstance,event_c9c5e6c3e89f027d,7,2023-09-07T00:00:00,FEATURE,False,False,FULL_OBSERVED_JOURNEY,VALID,3,feature_usage
event_c9cb76749df7933f,EventInstance,event_c9cb76749df7933f,7,2023-11-09T00:00:00,FEATURE,False,False,FULL_OBSERVED_JOURNEY,VALID,3,feature_usage
event_ca279814225a8b09,EventInstance,event_ca279814225a8b09,8,2024-10-16T00:00:00,SUBSCRIPTION_START,False,False,FULL_OBSERVED_JOURNEY,VALID,2,subscriptions
event_ca816a75f2093ef7,EventInstance,event_ca816a75f2093ef7,11,2024-10-26T00:00:00,SUBSCRIPTION_START,False,False,FULL_OBSERVED_JOURNEY,VALID,2,subscriptions
event_caaddee64d1f4134,EventInstance,event_caaddee64d1f4134,2,2024-04-09T00:00:00,SUBSCRIPTION_START,False,False,LANDMARK_90D_JOURNEY,VALID,2,subscriptions
event_caae3497cc7f9b30,EventInstance,event_caae3497cc7f9b30,4,2024-11-12T00:00:00,SUBSCRIPTION_END,False,False,LANDMARK_60D_JOURNEY,VALID,8,subscriptions
event_caf0d7c3d54b1f47,EventInstance,event_caf0d7c3d54b1f47,7,2023-08-11T00:00:00,SUBSCRIPTION_START,False,False,LANDMARK_60D_JOURNEY,VALID,2,subscriptions
event_cb0af1104635fea4,EventInstance,event_cb0af1104635fea4,7,2023-12-13T00:00:00,FEATURE,False,False,FULL_OBSERVED_JOURNEY,VALID,3,feature_usage
event_cb157ac3a3ccdc30,EventInstance,event_cb157ac3a3ccdc30,7,2024-11-09T00:00:00,SUBSCRIPTION_START,False,False,FULL_OBSERVED_JOURNEY,VALID,2,subscriptions
event_cb15ae0d7d6c3adc,EventInstance,event_cb15ae0d7d6c3adc,9,2024-10-07T00:00:00,SUBSCRIPTION_START,False,False,FULL_OBSERVED_JOURNEY,VALID,2,subscriptions
event_cb2c05a513ea3538,EventInstance,event_cb2c05a513ea3538,1,2024-01-02T00:00:00,SUBSCRIPTION_START,True,False,LANDMARK_30D_JOURNEY,VALID,2,subscriptions
event_cb4316af839c21b7,EventInstance,event_cb4316af839c21b7,6,2024-11-13T00:00:00,SUBSCRIPTION_START,False,False,FULL_OBSERVED_JOURNEY,VALID,2,subscriptions
event_cb59a2a750de4732,EventInstance,event_cb59a2a750de4732,43,2024-10-26T00:00:00,FEATURE,False,True,FULL_OBSERVED_JOURNEY,VALID_WITH_WARNING,3,feature_usage
event_cb7394ada1c4ba51,EventInstance,event_cb7394ada1c4ba51,8,2024-07-20T00:00:00,SUBSCRIPTION_START,False,False,PRE_FIRST_CHURN,VALID,2,subscriptions
event_cb7922a3ae0acc36,EventInstance,event_cb7922a3ae0acc36,19,2024-07-08T00:00:00,FEATURE,False,False,FULL_OBSERVED_JOURNEY,VALID,3,feature_usage
event_cb7d135a2f336cd7,EventInstance,event_cb7d135a2f336cd7,36,2024-07-21T00:00:00,FEATURE,False,False,FULL_OBSERVED_JOURNEY,VALID,3,feature_usage
event_cba966d10bb5b3b0,EventInstance,event_cba966d10bb5b3b0,2,2023-11-04T00:00:00,FEATURE,True,False,LANDMARK_90D_JOURNEY,VALID,3,feature_usage
event_cbe0193662111487,EventInstance,event_cbe0193662111487,14,2024-12-16T00:00:00,SUBSCRIPTION_START,False,False,FULL_OBSERVED_JOURNEY,VALID,2,subscriptions
event_cbe4e619ff345c50,EventInstance,event_cbe4e619ff345c50,18,2024-04-14T00:00:00,CHURN,True,True,FULL_OBSERVED_JOURNEY,VALID_WITH_WARNING,6,churn_events
event_cbfa1b498c4089da,EventInstance,event_cbfa1b498c4089da,5,2024-08-22T00:00:00,SUBSCRIPTION_START,False,False,FULL_OBSERVED_JOURNEY,VALID,2,subscriptions
event_cc17b717966a798a,EventInstance,event_cc17b717966a798a,22,2024-09-16T00:00:00,SUBSCRIPTION_START,False,False,FULL_OBSERVED_JOURNEY,VALID,2,subscriptions
event_cc47b68a2d001eb0,EventInstance,event_cc47b68a2d001eb0,4,2024-06-29T00:00:00,SUBSCRIPTION_START,False,False,LANDMARK_90D_JOURNEY,VALID,2,subscriptions
event_cc8e1315761d57f6,EventInstance,event_cc8e1315761d57f6,18,2024-07-24T00:00:00,SUBSCRIPTION_START,False,False,FULL_OBSERVED_JOURNEY,VALID,2,subscriptions
event_cca56ce9e20fbcd5,EventInstance,event_cca56ce9e20fbcd5,20,2024-07-11T00:00:00,FEATURE,False,False,FULL_OBSERVED_JOURNEY,VALID,3,feature_usage
event_cca9dc3bddf5c42b,EventInstance,event_cca9dc3bddf5c42b,20,2024-09-01T00:00:00,SUPPORT_OPEN,False,True,FULL_OBSERVED_JOURNEY,VALID_WITH_WARNING,4,support_tickets
event_ccfe248a4c4067e6,EventInstance,event_ccfe248a4c4067e6,12,2024-01-27T00:00:00,FEATURE,False,False,FULL_OBSERVED_JOURNEY,VALID,3,feature_usage
event_cd2728e3108171c1,EventInstance,event_cd2728e3108171c1,7,2024-05-13T00:00:00,SUPPORT_OPEN,False,False,LANDMARK_90D_JOURNEY,VALID,4,support_tickets
event_cd3c651c31f676aa,EventInstance,event_cd3c651c31f676aa,14,2024-10-06T00:00:00,FEATURE,False,False,PRE_FIRST_CHURN,VALID,3,feature_usage
event_cd56c450071627ab,EventInstance,event_cd56c450071627ab,22,2024-11-21T00:00:00,SUPPORT_OPEN,False,False,FULL_OBSERVED_JOURNEY,VALID,4,support_tickets
event_cd64058249fb23a0,EventInstance,event_cd64058249fb23a0,7,2024-03-25T00:00:00,FEATURE,False,False,FULL_OBSERVED_JOURNEY,VALID,3,feature_usage
event_cd736a275f99cdd9,EventInstance,event_cd736a275f99cdd9,11,2024-06-14T00:00:00,SUPPORT_CLOSE,False,False,FULL_OBSERVED_JOURNEY,VALID,5,support_tickets
event_cd790d6a92ff5f11,EventInstance,event_cd790d6a92ff5f11,2,2024-01-11T00:00:00,SUBSCRIPTION_START,True,False,LANDMARK_30D_JOURNEY,VALID,2,subscriptions
event_cd8ab66466f9a6b2,EventInstance,event_cd8ab66466f9a6b2,10,2024-04-18T00:00:00,SUBSCRIPTION_START,False,False,FULL_OBSERVED_JOURNEY,VALID,2,subscriptions
event_cdfdc212e51bf1f8,EventInstance,event_cdfdc212e51bf1f8,17,2024-10-15T00:00:00,FEATURE,False,False,FULL_OBSERVED_JOURNEY,VALID,3,feature_usage
event_ce12c2589fb219a3,EventInstance,event_ce12c2589fb219a3,10,2024-05-23T00:00:00,SUBSCRIPTION_START,False,False,FULL_OBSERVED_JOURNEY,VALID,2,subscriptions
event_ce36d976298570f1,EventInstance,event_ce36d976298570f1,5,2024-02-23T00:00:00,SUBSCRIPTION_END,False,False,BETWEEN_RECURRING_CHURNS,VALID,8,subscriptions
event_ce3bbd21048f755c,EventInstance,event_ce3bbd21048f755c,8,2024-03-23T00:00:00,SUBSCRIPTION_START,False,False,FULL_OBSERVED_JOURNEY,VALID,2,subscriptions
event_ce3ff51006f564e8,EventInstance,event_ce3ff51006f564e8,4,2024-11-12T00:00:00,SUBSCRIPTION_END,False,False,LANDMARK_30D_JOURNEY,VALID,8,subscriptions
event_ce435c17467e4367,EventInstance,event_ce435c17467e4367,18,2024-02-25T00:00:00,FEATURE,False,False,FULL_OBSERVED_JOURNEY,VALID,3,feature_usage
event_ce7b9e509b15b244,EventInstance,event_ce7b9e509b15b244,41,2024-08-20T00:00:00,FEATURE,False,False,FULL_OBSERVED_JOURNEY,VALID,3,feature_usage
event_cea1aa7da45bc17e,EventInstance,event_cea1aa7da45bc17e,10,2024-11-24T00:00:00,FEATURE,False,False,BETWEEN_RECURRING_CHURNS,VALID,3,feature_usage
event_cea921b39f86496c,EventInstance,event_cea921b39f86496c,13,2024-07-02T00:00:00,SUBSCRIPTION_START,False,False,LANDMARK_90D_JOURNEY,VALID,2,subscriptions
event_ceac905942c029ab,EventInstance,event_ceac905942c029ab,8,2024-12-05T02:00:00,SUPPORT_CLOSE,False,True,LANDMARK_60D_JOURNEY,VALID_WITH_WARNING,5,support_tickets
event_ceccd46a5e616471,EventInstance,event_ceccd46a5e616471,30,2024-11-19T00:00:00,SUBSCRIPTION_START,False,True,FULL_OBSERVED_JOURNEY,VALID_WITH_WARNING,2,subscriptions
event_cf4c6687d5dea673,EventInstance,event_cf4c6687d5dea673,6,2024-11-12T00:00:00,SUBSCRIPTION_START,False,True,PRE_FIRST_CHURN,VALID_WITH_WARNING,2,subscriptions
event_cf541e911659d295,EventInstance,event_cf541e911659d295,4,2024-12-11T00:00:00,SUBSCRIPTION_END,False,False,LANDMARK_30D_JOURNEY,VALID,8,subscriptions
event_cf73fe681005d4a4,EventInstance,event_cf73fe681005d4a4,25,2024-12-31T00:00:00,SUBSCRIPTION_START,False,True,FULL_OBSERVED_JOURNEY,VALID_WITH_WARNING,2,subscriptions
event_cf9ccf91ba790e42,EventInstance,event_cf9ccf91ba790e42,12,2024-03-21T00:00:00,FEATURE,False,False,PRE_FIRST_CHURN,VALID,3,feature_usage
event_cfbb6988711965f2,EventInstance,event_cfbb6988711965f2,18,2024-07-20T00:00:00,FEATURE,False,False,PRE_FIRST_CHURN,VALID,3,feature_usage
event_cfbe2d07ac014f72,EventInstance,event_cfbe2d07ac014f72,8,2024-09-21T00:00:00,SUBSCRIPTION_START,False,True,LANDMARK_90D_JOURNEY,VALID_WITH_WARNING,2,subscriptions
event_cfcb186cfec989b4,EventInstance,event_cfcb186cfec989b4,13,2024-11-14T00:00:00,SUBSCRIPTION_START,False,False,FULL_OBSERVED_JOURNEY,VALID,2,subscriptions
event_cfdecc924f0330f9,EventInstance,event_cfdecc924f0330f9,29,2024-10-03T00:00:00,SUBSCRIPTION_START,False,False,FULL_OBSERVED_JOURNEY,VALID,2,subscriptions
event_d008aa4cc38fb27f,EventInstance,event_d008aa4cc38fb27f,20,2024-09-01T00:00:00,FEATURE,False,False,FULL_OBSERVED_JOURNEY,VALID,3,feature_usage
event_d0163de886f7ddd6,EventInstance,event_d0163de886f7ddd6,27,2024-11-08T00:00:00,FEATURE,False,False,FULL_OBSERVED_JOURNEY,VALID,3,feature_usage
event_d03599bf2f241b71,EventInstance,event_d03599bf2f241b71,3,2024-01-14T00:00:00,SUBSCRIPTION_START,False,False,LANDMARK_90D_JOURNEY,VALID,2,subscriptions
event_d04a1275418e752b,EventInstance,event_d04a1275418e752b,2,2024-06-26T00:00:00,SUBSCRIPTION_START,False,False,LANDMARK_60D_JOURNEY,VALID,2,subscriptions
event_d065197d07182187,EventInstance,event_d065197d07182187,10,2024-01-22T00:00:00,FEATURE,False,False,FULL_OBSERVED_JOURNEY,VALID,3,feature_usage
event_d06987f4145f1f5e,EventInstance,event_d06987f4145f1f5e,9,2024-03-11T00:00:00,SUBSCRIPTION_START,False,False,FULL_OBSERVED_JOURNEY,VALID,2,subscriptions
event_d0809fb49098bb35,EventInstance,event_d0809fb49098bb35,19,2024-06-12T00:00:00,FEATURE,False,False,FULL_OBSERVED_JOURNEY,VALID,3,feature_usage
event_d0a4232a00734d3a,EventInstance,event_d0a4232a00734d3a,25,2024-10-09T00:00:00,FEATURE,False,False,FULL_OBSERVED_JOURNEY,VALID,3,feature_usage
event_d0a9b5c8a664dc86,EventInstance,event_d0a9b5c8a664dc86,7,2024-09-05T00:00:00,SUBSCRIPTION_END,False,False,PRE_FIRST_CHURN,VALID,8,subscriptions
event_d0b2735301e3634f,EventInstance,event_d0b2735301e3634f,13,2024-02-13T16:00:00,SUPPORT_CLOSE,False,False,FULL_OBSERVED_JOURNEY,VALID,5,support_tickets
event_d0b56f516e3b9ff3,EventInstance,event_d0b56f516e3b9ff3,14,2024-03-13T00:00:00,FEATURE,False,False,FULL_OBSERVED_JOURNEY,VALID,3,feature_usage
event_d0b8397595ce9628,EventInstance,event_d0b8397595ce9628,24,2024-12-13T00:00:00,FEATURE,False,False,FULL_OBSERVED_JOURNEY,VALID,3,feature_usage
event_d0bd1bf8925394c9,EventInstance,event_d0bd1bf8925394c9,38,2024-07-31T00:00:00,FEATURE,False,False,FULL_OBSERVED_JOURNEY,VALID,3,feature_usage
event_d10e7db6f46833e9,EventInstance,event_d10e7db6f46833e9,18,2024-10-27T00:00:00,SUBSCRIPTION_START,False,False,FULL_OBSERVED_JOURNEY,VALID,2,subscriptions
event_d111a5a2a62fcab5,EventInstance,event_d111a5a2a62fcab5,12,2024-04-21T00:00:00,SUBSCRIPTION_START,False,False,FULL_OBSERVED_JOURNEY,VALID,2,subscriptions
event_d114a160fa201877,EventInstance,event_d114a160fa201877,9,2024-05-24T00:00:00,SUBSCRIPTION_START,False,False,LANDMARK_90D_JOURNEY,VALID,2,subscriptions
event_d12a20d18e3a3481,EventInstance,event_d12a20d18e3a3481,4,2024-08-24T00:00:00,SUBSCRIPTION_START,False,False,FULL_OBSERVED_JOURNEY,VALID,2,subscriptions
event_d14281217ebf7a22,EventInstance,event_d14281217ebf7a22,23,2024-08-14T00:00:00,FEATURE,False,False,FULL_OBSERVED_JOURNEY,VALID,3,feature_usage
event_d1480f1af262085c,EventInstance,event_d1480f1af262085c,3,2024-05-11T00:00:00,FEATURE,False,False,LANDMARK_90D_JOURNEY,VALID,3,feature_usage
event_d1488cafc373620f,EventInstance,event_d1488cafc373620f,12,2024-10-20T00:00:00,SUBSCRIPTION_START,False,False,LANDMARK_90D_JOURNEY,VALID,2,subscriptions
event_d189db6a5a96e997,EventInstance,event_d189db6a5a96e997,9,2024-12-10T00:00:00,SUBSCRIPTION_START,False,False,FULL_OBSERVED_JOURNEY,VALID,2,subscriptions
event_d19f9bc1c410bdfc,EventInstance,event_d19f9bc1c410bdfc,4,2024-07-23T00:00:00,SUBSCRIPTION_START,True,False,LANDMARK_60D_JOURNEY,VALID,2,subscriptions
event_d1a864cac3657558,EventInstance,event_d1a864cac3657558,29,2024-08-07T00:00:00,SUBSCRIPTION_END,False,False,FULL_OBSERVED_JOURNEY,VALID,8,subscriptions
event_d1b911338331ca86,EventInstance,event_d1b911338331ca86,13,2024-05-29T00:00:00,FEATURE,False,False,FULL_OBSERVED_JOURNEY,VALID,3,feature_usage
event_d1bc15dabde8a881,EventInstance,event_d1bc15dabde8a881,11,2024-12-21T00:00:00,SUBSCRIPTION_START,False,False,LANDMARK_30D_JOURNEY,VALID,2,subscriptions
event_d1c1d4bd0796f7f1,EventInstance,event_d1c1d4bd0796f7f1,7,2024-11-12T00:00:00,FEATURE,False,True,PRE_FIRST_CHURN,VALID_WITH_WARNING,3,feature_usage
event_d1c3de83b29bd025,EventInstance,event_d1c3de83b29bd025,1,2024-09-07T00:00:00,SUBSCRIPTION_START,True,False,LANDMARK_90D_JOURNEY,VALID,2,subscriptions
event_d1d5551f8dd9cabd,EventInstance,event_d1d5551f8dd9cabd,7,2023-12-12T00:00:00,FEATURE,False,False,LANDMARK_90D_JOURNEY,VALID,3,feature_usage
event_d20f87a663f67715,EventInstance,event_d20f87a663f67715,22,2024-12-31T00:00:00,FEATURE,True,False,FULL_OBSERVED_JOURNEY,VALID,3,feature_usage
event_d2188aa7bfb413d0,EventInstance,event_d2188aa7bfb413d0,15,2024-01-21T00:00:00,FEATURE,False,False,FULL_OBSERVED_JOURNEY,VALID,3,feature_usage
event_d22cc29e57eb3fdb,EventInstance,event_d22cc29e57eb3fdb,10,2024-12-27T00:00:00,SUBSCRIPTION_START,False,False,POST_REACTIVATION,VALID,2,subscriptions
event_d242d9117fcac741,EventInstance,event_d242d9117fcac741,17,2024-07-18T00:00:00,FEATURE,False,False,PRE_FIRST_CHURN,VALID,3,feature_usage
event_d24735963c303f45,EventInstance,event_d24735963c303f45,2,2024-08-27T00:00:00,SUBSCRIPTION_START,False,False,LANDMARK_30D_JOURNEY,VALID,2,subscriptions
event_d2548fe51cf5e335,EventInstance,event_d2548fe51cf5e335,12,2023-07-30T00:00:00,FEATURE,False,False,FULL_OBSERVED_JOURNEY,VALID,3,feature_usage
event_d260d7580aa8488f,EventInstance,event_d260d7580aa8488f,8,2023-09-11T00:00:00,SUPPORT_OPEN,False,False,FULL_OBSERVED_JOURNEY,VALID,4,support_tickets
event_d2738b148b2f4993,EventInstance,event_d2738b148b2f4993,1,2024-03-27T00:00:00,SUBSCRIPTION_START,True,False,LANDMARK_60D_JOURNEY,VALID,2,subscriptions
event_d2ee4c8ad1438c5a,EventInstance,event_d2ee4c8ad1438c5a,1,2023-04-02T00:00:00,SUBSCRIPTION_START,True,False,LANDMARK_30D_JOURNEY,VALID,2,subscriptions
event_d32d4812a3ad4623,EventInstance,event_d32d4812a3ad4623,4,2024-01-01T00:00:00,CHURN,True,True,FULL_OBSERVED_JOURNEY,VALID_WITH_WARNING,6,churn_events
event_d344506de708ae01,EventInstance,event_d344506de708ae01,41,2024-12-04T00:00:00,SUBSCRIPTION_START,False,False,FULL_OBSERVED_JOURNEY,VALID,2,subscriptions
event_d34c498bcc7dc4ac,EventInstance,event_d34c498bcc7dc4ac,11,2024-04-13T22:00:00,SUPPORT_CLOSE,False,True,FULL_OBSERVED_JOURNEY,VALID_WITH_WARNING,5,support_tickets
event_d34f673675c8bd5d,EventInstance,event_d34f673675c8bd5d,10,2023-10-08T00:00:00,SUPPORT_CLOSE,False,True,BETWEEN_RECURRING_CHURNS,VALID_WITH_WARNING,5,support_tickets
event_d34f7e4c3d69ca19,EventInstance,event_d34f7e4c3d69ca19,6,2024-10-16T00:00:00,FEATURE,True,False,LANDMARK_90D_JOURNEY,VALID,3,feature_usage
event_d34fd37fb0594a88,EventInstance,event_d34fd37fb0594a88,22,2024-09-07T00:00:00,SUBSCRIPTION_START,False,False,FULL_OBSERVED_JOURNEY,VALID,2,subscriptions
event_d36206f0a3111e34,EventInstance,event_d36206f0a3111e34,11,2024-04-27T00:00:00,FEATURE,False,False,FULL_OBSERVED_JOURNEY,VALID,3,feature_usage
event_d367baacf39330e2,EventInstance,event_d367baacf39330e2,24,2024-10-12T00:00:00,SUBSCRIPTION_START,False,False,FULL_OBSERVED_JOURNEY,VALID,2,subscriptions
event_d37ba91bdd883eff,EventInstance,event_d37ba91bdd883eff,5,2024-10-08T00:00:00,SUBSCRIPTION_START,False,False,FULL_OBSERVED_JOURNEY,VALID,2,subscriptions
event_d3a348908169399a,EventInstance,event_d3a348908169399a,7,2024-07-24T00:00:00,FEATURE,False,False,PRE_FIRST_CHURN,VALID,3,feature_usage
event_d3dd10f2ce05ecc5,EventInstance,event_d3dd10f2ce05ecc5,11,2024-08-10T00:00:00,CHURN,True,True,PRE_FIRST_CHURN,VALID_WITH_WARNING,6,churn_events
event_d3e4d0eb9417ec99,EventInstance,event_d3e4d0eb9417ec99,5,2023-09-25T00:00:00,SUBSCRIPTION_START,False,False,FULL_OBSERVED_JOURNEY,VALID,2,subscriptions
event_d3fa05490aac63e8,EventInstance,event_d3fa05490aac63e8,14,2024-12-31T00:00:00,SUBSCRIPTION_START,True,True,FULL_OBSERVED_JOURNEY,VALID_WITH_WARNING,2,subscriptions
event_d425d4cc40296e53,EventInstance,event_d425d4cc40296e53,16,2024-12-19T00:00:00,SUBSCRIPTION_START,False,True,FULL_OBSERVED_JOURNEY,VALID_WITH_WARNING,2,subscriptions
event_d449c7b2ca5ddb5c,EventInstance,event_d449c7b2ca5ddb5c,7,2024-10-13T00:00:00,SUBSCRIPTION_START,False,False,LANDMARK_90D_JOURNEY,VALID,2,subscriptions
event_d45a56e2f720e3bd,EventInstance,event_d45a56e2f720e3bd,2,2024-05-02T00:00:00,FEATURE,False,True,LANDMARK_60D_JOURNEY,VALID_WITH_WARNING,3,feature_usage
event_d47382f916c148af,EventInstance,event_d47382f916c148af,5,2024-01-26T00:00:00,FEATURE,False,False,FULL_OBSERVED_JOURNEY,VALID,3,feature_usage
event_d480b8ce68d345c7,EventInstance,event_d480b8ce68d345c7,8,2024-11-26T00:00:00,SUBSCRIPTION_START,True,False,LANDMARK_30D_JOURNEY,VALID,2,subscriptions
event_d492a26904df8a1a,EventInstance,event_d492a26904df8a1a,10,2024-08-13T00:00:00,SUBSCRIPTION_START,True,False,LANDMARK_90D_JOURNEY,VALID,2,subscriptions
event_d4a1162d678cda47,EventInstance,event_d4a1162d678cda47,23,2024-11-12T00:00:00,FEATURE,False,False,FULL_OBSERVED_JOURNEY,VALID,3,feature_usage
event_d4bbf6c47e0bb4f9,EventInstance,event_d4bbf6c47e0bb4f9,2,2023-08-31T00:00:00,SUBSCRIPTION_START,False,False,LANDMARK_90D_JOURNEY,VALID,2,subscriptions
event_d4f0474b1a03dcae,EventInstance,event_d4f0474b1a03dcae,15,2024-06-08T00:00:00,FEATURE,False,False,BETWEEN_RECURRING_CHURNS,VALID,3,feature_usage
event_d52a4df1c50c03d1,EventInstance,event_d52a4df1c50c03d1,22,2024-11-15T00:00:00,FEATURE,False,False,FULL_OBSERVED_JOURNEY,VALID,3,feature_usage
event_d53eb6ce34488433,EventInstance,event_d53eb6ce34488433,23,2024-07-08T00:00:00,FEATURE,False,False,FULL_OBSERVED_JOURNEY,VALID,3,feature_usage
event_d54769d4ed82150d,EventInstance,event_d54769d4ed82150d,2,2024-04-02T00:00:00,FEATURE,False,False,LANDMARK_90D_JOURNEY,VALID,3,feature_usage
event_d58e489d05ef1e54,EventInstance,event_d58e489d05ef1e54,3,2023-12-19T00:00:00,FEATURE,False,False,FULL_OBSERVED_JOURNEY,VALID,3,feature_usage
event_d5ab01fdc6a66b95,EventInstance,event_d5ab01fdc6a66b95,14,2024-10-08T00:00:00,FEATURE,False,False,FULL_OBSERVED_JOURNEY,VALID,3,feature_usage
event_d5c5d29562d29ba9,EventInstance,event_d5c5d29562d29ba9,28,2024-10-29T00:00:00,SUBSCRIPTION_END,False,False,FULL_OBSERVED_JOURNEY,VALID,8,subscriptions
event_d5e76bf203d9231c,EventInstance,event_d5e76bf203d9231c,16,2024-12-30T00:00:00,FEATURE,True,False,FULL_OBSERVED_JOURNEY,VALID,3,feature_usage
event_d61255efcee356e8,EventInstance,event_d61255efcee356e8,1,2024-03-01T00:00:00,ACCOUNT,True,False,FULL_OBSERVED_JOURNEY,VALID,1,accounts
event_d651e6b926d289d3,EventInstance,event_d651e6b926d289d3,15,2024-10-11T00:00:00,SUPPORT_OPEN,False,False,FULL_OBSERVED_JOURNEY,VALID,4,support_tickets
event_d67f38dce190cdf1,EventInstance,event_d67f38dce190cdf1,1,2024-10-06T00:00:00,SUBSCRIPTION_START,True,False,LANDMARK_60D_JOURNEY,VALID,2,subscriptions
event_d6d25eae588e23c8,EventInstance,event_d6d25eae588e23c8,16,2024-08-23T00:00:00,SUBSCRIPTION_START,False,False,FULL_OBSERVED_JOURNEY,VALID,2,subscriptions
event_d6e21c021451f4c4,EventInstance,event_d6e21c021451f4c4,3,2024-11-23T00:00:00,REACTIVATION,True,True,BETWEEN_CHURN_AND_REACTIVATION,VALID_WITH_WARNING,7,churn_events
event_d6fec0911a1cc67d,EventInstance,event_d6fec0911a1cc67d,1,2023-11-06T00:00:00,ACCOUNT,True,False,PRE_FIRST_CHURN,VALID,1,accounts
event_d70922bdf3d96c04,EventInstance,event_d70922bdf3d96c04,13,2024-12-23T00:00:00,SUBSCRIPTION_END,False,True,LANDMARK_30D_JOURNEY,VALID_WITH_WARNING,8,subscriptions
event_d7141619ffc32e7c,EventInstance,event_d7141619ffc32e7c,8,2024-12-05T00:00:00,SUBSCRIPTION_START,False,False,FULL_OBSERVED_JOURNEY,VALID,2,subscriptions
event_d73275d27d64a0cc,EventInstance,event_d73275d27d64a0cc,1,2024-03-02T00:00:00,ACCOUNT,True,False,FULL_OBSERVED_JOURNEY,VALID,1,accounts
event_d7473256fcd2b92d,EventInstance,event_d7473256fcd2b92d,23,2024-12-29T00:00:00,CHURN,True,True,FULL_OBSERVED_JOURNEY,VALID_WITH_WARNING,6,churn_events
event_d751e15c1283b581,EventInstance,event_d751e15c1283b581,13,2024-10-26T18:00:00,SUPPORT_CLOSE,False,True,LANDMARK_90D_JOURNEY,VALID_WITH_WARNING,5,support_tickets
event_d76d0bc69a478824,EventInstance,event_d76d0bc69a478824,19,2024-09-10T00:00:00,FEATURE,False,True,FULL_OBSERVED_JOURNEY,VALID_WITH_WARNING,3,feature_usage
event_d76efc01d2f3dc10,EventInstance,event_d76efc01d2f3dc10,1,2024-05-24T00:00:00,SUBSCRIPTION_START,True,False,LANDMARK_90D_JOURNEY,VALID,2,subscriptions
event_d78d8dba0901ddc9,EventInstance,event_d78d8dba0901ddc9,45,2024-11-15T00:00:00,FEATURE,False,False,FULL_OBSERVED_JOURNEY,VALID,3,feature_usage
event_d7c766a7ddef7fc1,EventInstance,event_d7c766a7ddef7fc1,13,2024-08-17T00:00:00,SUPPORT_OPEN,False,False,FULL_OBSERVED_JOURNEY,VALID,4,support_tickets
event_d7fea1877fe06592,EventInstance,event_d7fea1877fe06592,11,2024-10-05T00:00:00,SUBSCRIPTION_START,False,False,PRE_FIRST_CHURN,VALID,2,subscriptions
event_d806bb5c8da5d59d,EventInstance,event_d806bb5c8da5d59d,12,2024-05-15T00:00:00,SUBSCRIPTION_START,False,False,FULL_OBSERVED_JOURNEY,VALID,2,subscriptions
event_d833a64f16cf85c1,EventInstance,event_d833a64f16cf85c1,6,2024-09-27T00:00:00,SUBSCRIPTION_START,False,False,LANDMARK_90D_JOURNEY,VALID,2,subscriptions
event_d833c94647581657,EventInstance,event_d833c94647581657,10,2024-03-31T00:00:00,SUBSCRIPTION_START,False,False,FULL_OBSERVED_JOURNEY,VALID,2,subscriptions
event_d84772f2a5e18fd2,EventInstance,event_d84772f2a5e18fd2,13,2024-07-29T00:00:00,FEATURE,False,False,FULL_OBSERVED_JOURNEY,VALID,3,feature_usage
event_d85e2c97b26009fb,EventInstance,event_d85e2c97b26009fb,2,2024-07-16T00:00:00,SUBSCRIPTION_START,False,False,LANDMARK_60D_JOURNEY,VALID,2,subscriptions
event_d865485ee28262c0,EventInstance,event_d865485ee28262c0,2,2024-02-08T00:00:00,SUBSCRIPTION_START,False,False,LANDMARK_60D_JOURNEY,VALID,2,subscriptions
event_d86f49a80d64254e,EventInstance,event_d86f49a80d64254e,12,2024-06-05T00:00:00,FEATURE,False,False,FULL_OBSERVED_JOURNEY,VALID,3,feature_usage
event_d894b43fa1dcace4,EventInstance,event_d894b43fa1dcace4,21,2024-10-26T00:00:00,FEATURE,False,False,FULL_OBSERVED_JOURNEY,VALID,3,feature_usage
event_d895419f7f8b567e,EventInstance,event_d895419f7f8b567e,7,2024-10-03T00:00:00,SUBSCRIPTION_START,True,False,LANDMARK_30D_JOURNEY,VALID,2,subscriptions
event_d8a2fc51e5c2eca4,EventInstance,event_d8a2fc51e5c2eca4,3,2023-11-09T00:00:00,SUBSCRIPTION_START,False,False,FULL_OBSERVED_JOURNEY,VALID,2,subscriptions
event_d8c89877cb53360c,EventInstance,event_d8c89877cb53360c,6,2024-10-02T00:00:00,SUBSCRIPTION_END,False,False,POST_REACTIVATION,VALID,8,subscriptions
event_d8cdbafe98f5f7eb,EventInstance,event_d8cdbafe98f5f7eb,3,2023-03-14T15:00:00,SUPPORT_CLOSE,False,True,LANDMARK_90D_JOURNEY,VALID_WITH_WARNING,5,support_tickets
event_d8e9cf45b6f282ac,EventInstance,event_d8e9cf45b6f282ac,14,2024-03-13T00:00:00,SUBSCRIPTION_START,False,False,FULL_OBSERVED_JOURNEY,VALID,2,subscriptions
event_d9299f41477ade1a,EventInstance,event_d9299f41477ade1a,1,2023-04-12T00:00:00,SUBSCRIPTION_START,True,False,LANDMARK_90D_JOURNEY,VALID,2,subscriptions
event_d93a19ee90946274,EventInstance,event_d93a19ee90946274,20,2024-11-01T00:00:00,FEATURE,False,False,FULL_OBSERVED_JOURNEY,VALID,3,feature_usage
event_d9449215fd01af82,EventInstance,event_d9449215fd01af82,25,2024-08-17T00:00:00,SUBSCRIPTION_START,False,False,FULL_OBSERVED_JOURNEY,VALID,2,subscriptions
event_d95b2bfd5490ff25,EventInstance,event_d95b2bfd5490ff25,6,2023-09-06T21:00:00,SUPPORT_CLOSE,False,True,FULL_OBSERVED_JOURNEY,VALID_WITH_WARNING,5,support_tickets
event_d95d52a311e849d1,EventInstance,event_d95d52a311e849d1,34,2024-11-30T00:00:00,FEATURE,False,False,FULL_OBSERVED_JOURNEY,VALID,3,feature_usage
event_d9660a7fe333b1fe,EventInstance,event_d9660a7fe333b1fe,16,2024-11-28T00:00:00,SUBSCRIPTION_START,False,False,FULL_OBSERVED_JOURNEY,VALID,2,subscriptions
event_d971e8b66a242d8a,EventInstance,event_d971e8b66a242d8a,1,2023-08-30T00:00:00,SUBSCRIPTION_START,True,False,LANDMARK_90D_JOURNEY,VALID,2,subscriptions
event_d972941668d44e3c,EventInstance,event_d972941668d44e3c,23,2024-09-15T00:00:00,FEATURE,False,False,FULL_OBSERVED_JOURNEY,VALID,3,feature_usage
event_d974594bea9d241c,EventInstance,event_d974594bea9d241c,11,2024-01-26T00:00:00,FEATURE,False,False,FULL_OBSERVED_JOURNEY,VALID,3,feature_usage
event_d978ddf7003a330e,EventInstance,event_d978ddf7003a330e,15,2024-05-14T00:00:00,FEATURE,False,False,FULL_OBSERVED_JOURNEY,VALID,3,feature_usage
event_d9b63a43238d5ad6,EventInstance,event_d9b63a43238d5ad6,28,2024-08-05T00:00:00,SUBSCRIPTION_END,False,True,FULL_OBSERVED_JOURNEY,VALID_WITH_WARNING,8,subscriptions
event_d9c7166ae3c6f6e7,EventInstance,event_d9c7166ae3c6f6e7,2,2023-12-16T00:00:00,FEATURE,True,False,LANDMARK_60D_JOURNEY,VALID,3,feature_usage
event_d9ccb00100ba8407,EventInstance,event_d9ccb00100ba8407,11,2024-02-27T00:00:00,SUBSCRIPTION_START,False,False,FULL_OBSERVED_JOURNEY,VALID,2,subscriptions
event_d9e85780d068d010,EventInstance,event_d9e85780d068d010,10,2024-12-13T00:00:00,CHURN,True,True,LANDMARK_60D_JOURNEY,VALID_WITH_WARNING,6,churn_events
event_d9ff4462fa9009f4,EventInstance,event_d9ff4462fa9009f4,14,2024-10-22T00:00:00,SUBSCRIPTION_END,False,True,LANDMARK_90D_JOURNEY,VALID_WITH_WARNING,8,subscriptions
event_da09f3abe606403b,EventInstance,event_da09f3abe606403b,19,2024-08-24T00:00:00,FEATURE,False,False,FULL_OBSERVED_JOURNEY,VALID,3,feature_usage
event_da0cf932556747c5,EventInstance,event_da0cf932556747c5,7,2024-12-11T00:00:00,SUBSCRIPTION_END,False,False,PRE_FIRST_CHURN,VALID,8,subscriptions
event_da278c2b232413f3,EventInstance,event_da278c2b232413f3,2,2024-09-24T00:00:00,SUBSCRIPTION_START,False,False,BETWEEN_RECURRING_CHURNS,VALID,2,subscriptions
event_da3453875d305b03,EventInstance,event_da3453875d305b03,1,2023-12-13T00:00:00,SUBSCRIPTION_START,True,False,LANDMARK_30D_JOURNEY,VALID,2,subscriptions
event_da5249023adae464,EventInstance,event_da5249023adae464,4,2024-08-06T00:00:00,SUBSCRIPTION_START,False,True,FULL_OBSERVED_JOURNEY,VALID_WITH_WARNING,2,subscriptions
event_da5ec5987c07acae,EventInstance,event_da5ec5987c07acae,2,2023-11-05T00:00:00,SUBSCRIPTION_START,False,False,FULL_OBSERVED_JOURNEY,VALID,2,subscriptions
event_da764a282413b2e8,EventInstance,event_da764a282413b2e8,10,2024-12-18T00:00:00,SUBSCRIPTION_START,False,False,LANDMARK_30D_JOURNEY,VALID,2,subscriptions
event_da7b3ea333531f42,EventInstance,event_da7b3ea333531f42,5,2023-10-21T09:00:00,SUPPORT_CLOSE,True,True,LANDMARK_30D_JOURNEY,VALID_WITH_WARNING,5,support_tickets
event_da808a9b07dcb6f8,EventInstance,event_da808a9b07dcb6f8,5,2024-04-12T00:00:00,SUBSCRIPTION_START,False,False,FULL_OBSERVED_JOURNEY,VALID,2,subscriptions
event_da842ebef0720b8b,EventInstance,event_da842ebef0720b8b,9,2023-12-01T00:00:00,SUBSCRIPTION_START,False,False,FULL_OBSERVED_JOURNEY,VALID,2,subscriptions
event_da896354b5be5790,EventInstance,event_da896354b5be5790,3,2024-06-07T11:00:00,SUPPORT_CLOSE,False,False,LANDMARK_60D_JOURNEY,VALID,5,support_tickets
event_daa1e434ab01a36a,EventInstance,event_daa1e434ab01a36a,21,2024-12-26T00:00:00,FEATURE,True,False,FULL_OBSERVED_JOURNEY,VALID,3,feature_usage
event_dac71b43ab775e4d,EventInstance,event_dac71b43ab775e4d,3,2024-08-06T00:00:00,SUBSCRIPTION_START,False,True,FULL_OBSERVED_JOURNEY,VALID_WITH_WARNING,2,subscriptions
event_dad5e74d3f8d0b65,EventInstance,event_dad5e74d3f8d0b65,4,2024-08-22T00:00:00,SUBSCRIPTION_START,False,False,LANDMARK_90D_JOURNEY,VALID,2,subscriptions
event_daf7558cccf14b22,EventInstance,event_daf7558cccf14b22,17,2024-09-11T00:00:00,FEATURE,False,False,FULL_OBSERVED_JOURNEY,VALID,3,feature_usage
event_db0970dbaa5b2e6a,EventInstance,event_db0970dbaa5b2e6a,31,2024-12-07T00:00:00,SUBSCRIPTION_END,False,False,FULL_OBSERVED_JOURNEY,VALID,8,subscriptions
event_db1d1a811147c49d,EventInstance,event_db1d1a811147c49d,1,2024-11-08T00:00:00,CHURN,True,True,BETWEEN_RECURRING_CHURNS,VALID_WITH_WARNING,6,churn_events
event_db319ebb6ae14e57,EventInstance,event_db319ebb6ae14e57,1,2024-01-25T00:00:00,ACCOUNT,True,False,PRE_FIRST_CHURN,VALID,1,accounts
event_db922bb182104896,EventInstance,event_db922bb182104896,20,2024-03-07T12:00:00,SUPPORT_CLOSE,False,True,BETWEEN_RECURRING_CHURNS,VALID_WITH_WARNING,5,support_tickets
event_dbab1ce1b6bf21ab,EventInstance,event_dbab1ce1b6bf21ab,25,2024-12-20T00:00:00,FEATURE,False,False,FULL_OBSERVED_JOURNEY,VALID,3,feature_usage
event_dbcc7a558b78fbab,EventInstance,event_dbcc7a558b78fbab,6,2024-10-09T00:00:00,SUBSCRIPTION_START,False,False,FULL_OBSERVED_JOURNEY,VALID,2,subscriptions
event_dbd33d2e984f0d5d,EventInstance,event_dbd33d2e984f0d5d,16,2024-10-15T00:00:00,FEATURE,False,False,PRE_FIRST_CHURN,VALID,3,feature_usage
event_dbd8e1ee2bdeef3a,EventInstance,event_dbd8e1ee2bdeef3a,14,2024-11-03T00:00:00,FEATURE,False,True,LANDMARK_90D_JOURNEY,VALID_WITH_WARNING,3,feature_usage
event_dbdcf56b1e3a8e66,EventInstance,event_dbdcf56b1e3a8e66,1,2023-06-16T00:00:00,SUBSCRIPTION_START,True,False,LANDMARK_90D_JOURNEY,VALID,2,subscriptions
event_dbf3ce8eb537be79,EventInstance,event_dbf3ce8eb537be79,5,2024-09-25T00:00:00,FEATURE,False,False,LANDMARK_90D_JOURNEY,VALID,3,feature_usage
event_dbf647e93493b838,EventInstance,event_dbf647e93493b838,2,2024-03-27T00:00:00,SUBSCRIPTION_START,False,False,FULL_OBSERVED_JOURNEY,VALID,2,subscriptions
event_dc08389b8e359479,EventInstance,event_dc08389b8e359479,51,2024-12-17T00:00:00,SUBSCRIPTION_END,True,False,FULL_OBSERVED_JOURNEY,VALID,8,subscriptions
event_dc2910056c38301a,EventInstance,event_dc2910056c38301a,8,2024-10-25T00:00:00,FEATURE,True,False,LANDMARK_30D_JOURNEY,VALID,3,feature_usage
event_dc2ceeb4c0827c17,EventInstance,event_dc2ceeb4c0827c17,9,2024-11-03T00:00:00,SUBSCRIPTION_START,False,False,LANDMARK_60D_JOURNEY,VALID,2,subscriptions
event_dc6e1d8e9f839ae3,EventInstance,event_dc6e1d8e9f839ae3,24,2024-09-10T00:00:00,FEATURE,False,False,FULL_OBSERVED_JOURNEY,VALID,3,feature_usage
event_dc8843b3d4d553a6,EventInstance,event_dc8843b3d4d553a6,3,2024-11-11T00:00:00,SUBSCRIPTION_START,False,False,FULL_OBSERVED_JOURNEY,VALID,2,subscriptions
event_dc8b775046aa2d64,EventInstance,event_dc8b775046aa2d64,11,2024-11-05T00:00:00,SUBSCRIPTION_START,True,False,LANDMARK_90D_JOURNEY,VALID,2,subscriptions
event_dc8c71629922405a,EventInstance,event_dc8c71629922405a,5,2024-07-16T00:00:00,SUBSCRIPTION_START,False,False,LANDMARK_90D_JOURNEY,VALID,2,subscriptions
event_dc94ef2caed59263,EventInstance,event_dc94ef2caed59263,7,2024-09-25T00:00:00,FEATURE,False,False,LANDMARK_90D_JOURNEY,VALID,3,feature_usage
event_dca72ea5bd514382,EventInstance,event_dca72ea5bd514382,1,2024-08-26T00:00:00,SUBSCRIPTION_START,True,False,LANDMARK_90D_JOURNEY,VALID,2,subscriptions
event_dcc14b518e7ac975,EventInstance,event_dcc14b518e7ac975,39,2024-12-15T00:00:00,FEATURE,False,False,FULL_OBSERVED_JOURNEY,VALID,3,feature_usage
event_dce7d4e774ebdd2d,EventInstance,event_dce7d4e774ebdd2d,1,2024-07-29T00:00:00,ACCOUNT,True,False,PRE_FIRST_CHURN,VALID,1,accounts
event_dcebc098b1c54660,EventInstance,event_dcebc098b1c54660,10,2024-11-23T00:00:00,CHURN,True,True,PRE_FIRST_CHURN,VALID_WITH_WARNING,6,churn_events
event_dcf3206d50e25207,EventInstance,event_dcf3206d50e25207,10,2024-11-07T00:00:00,SUBSCRIPTION_START,True,False,LANDMARK_60D_JOURNEY,VALID,2,subscriptions
event_dd10aefbd389ad12,EventInstance,event_dd10aefbd389ad12,1,2024-05-31T00:00:00,SUBSCRIPTION_START,True,False,LANDMARK_60D_JOURNEY,VALID,2,subscriptions
event_dd1ac4fe7c9868a7,EventInstance,event_dd1ac4fe7c9868a7,4,2024-08-31T00:00:00,SUBSCRIPTION_START,False,False,LANDMARK_60D_JOURNEY,VALID,2,subscriptions
event_dd40c747d4560556,EventInstance,event_dd40c747d4560556,5,2024-03-26T00:00:00,FEATURE,True,False,LANDMARK_60D_JOURNEY,VALID,3,feature_usage
event_dd445a34982a249c,EventInstance,event_dd445a34982a249c,3,2024-02-10T00:00:00,FEATURE,False,False,LANDMARK_90D_JOURNEY,VALID,3,feature_usage
event_dd501073de82a510,EventInstance,event_dd501073de82a510,3,2024-10-07T00:00:00,SUBSCRIPTION_START,False,False,FULL_OBSERVED_JOURNEY,VALID,2,subscriptions
event_dd699679ea4b087b,EventInstance,event_dd699679ea4b087b,10,2024-12-07T00:00:00,SUBSCRIPTION_START,False,True,LANDMARK_90D_JOURNEY,VALID_WITH_WARNING,2,subscriptions
event_dd7d49dd52c9aab8,EventInstance,event_dd7d49dd52c9aab8,7,2024-12-21T00:00:00,SUBSCRIPTION_START,False,False,LANDMARK_30D_JOURNEY,VALID,2,subscriptions
event_dd8e9ef90b0c3947,EventInstance,event_dd8e9ef90b0c3947,21,2024-09-04T17:00:00,SUPPORT_CLOSE,False,False,FULL_OBSERVED_JOURNEY,VALID,5,support_tickets
event_dd90b0301356824a,EventInstance,event_dd90b0301356824a,3,2023-10-09T00:00:00,SUBSCRIPTION_START,False,False,LANDMARK_30D_JOURNEY,VALID,2,subscriptions
event_dda18525c0667751,EventInstance,event_dda18525c0667751,4,2024-07-24T00:00:00,FEATURE,False,False,FULL_OBSERVED_JOURNEY,VALID,3,feature_usage
event_ddaa440404b275f9,EventInstance,event_ddaa440404b275f9,13,2024-12-18T00:00:00,SUBSCRIPTION_START,False,False,FULL_OBSERVED_JOURNEY,VALID,2,subscriptions
event_ddb16318cc3c1500,EventInstance,event_ddb16318cc3c1500,4,2024-05-05T00:00:00,FEATURE,False,False,FULL_OBSERVED_JOURNEY,VALID,3,feature_usage
event_ddcb9db8da15d2f4,EventInstance,event_ddcb9db8da15d2f4,9,2024-12-15T00:00:00,SUBSCRIPTION_START,False,True,LANDMARK_30D_JOURNEY,VALID_WITH_WARNING,2,subscriptions
event_ddfac722a58a3d8b,EventInstance,event_ddfac722a58a3d8b,16,2023-10-02T08:00:00,SUPPORT_CLOSE,False,False,FULL_OBSERVED_JOURNEY,VALID,5,support_tickets
event_ddfce44ab0a0d5a1,EventInstance,event_ddfce44ab0a0d5a1,6,2024-10-14T00:00:00,SUBSCRIPTION_END,False,False,FULL_OBSERVED_JOURNEY,VALID,8,subscriptions
event_de085ba6b470ef42,EventInstance,event_de085ba6b470ef42,1,2024-10-31T00:00:00,CHURN,True,False,BETWEEN_RECURRING_CHURNS,VALID,6,churn_events
event_de19ae2aaaa891d8,EventInstance,event_de19ae2aaaa891d8,6,2024-08-27T00:00:00,FEATURE,False,False,PRE_FIRST_CHURN,VALID,3,feature_usage
event_de386b45ed011232,EventInstance,event_de386b45ed011232,36,2024-09-30T00:00:00,SUPPORT_OPEN,False,True,FULL_OBSERVED_JOURNEY,VALID_WITH_WARNING,4,support_tickets
event_de429ef487bbd9a6,EventInstance,event_de429ef487bbd9a6,2,2023-10-16T00:00:00,SUBSCRIPTION_START,False,False,FULL_OBSERVED_JOURNEY,VALID,2,subscriptions
event_de59401ed7cf4dc1,EventInstance,event_de59401ed7cf4dc1,3,2024-05-10T04:00:00,SUPPORT_CLOSE,False,True,PRE_FIRST_CHURN,VALID_WITH_WARNING,5,support_tickets
event_de61ee3ff799838b,EventInstance,event_de61ee3ff799838b,8,2023-10-31T00:00:00,SUBSCRIPTION_START,False,False,FULL_OBSERVED_JOURNEY,VALID,2,subscriptions
event_de8959a7d21296e4,EventInstance,event_de8959a7d21296e4,9,2024-11-26T00:00:00,SUBSCRIPTION_START,False,False,FULL_OBSERVED_JOURNEY,VALID,2,subscriptions
event_dec9c9d8670fb4f9,EventInstance,event_dec9c9d8670fb4f9,1,2024-07-29T00:00:00,ACCOUNT,True,True,PRE_FIRST_CHURN,VALID_WITH_WARNING,1,accounts
event_dee602270356e024,EventInstance,event_dee602270356e024,49,2024-12-13T00:00:00,FEATURE,False,False,FULL_OBSERVED_JOURNEY,VALID,3,feature_usage
event_deeb2988082b2930,EventInstance,event_deeb2988082b2930,10,2024-11-23T00:00:00,SUBSCRIPTION_START,False,False,LANDMARK_60D_JOURNEY,VALID,2,subscriptions
event_deffc9c97b83265b,EventInstance,event_deffc9c97b83265b,30,2024-07-18T00:00:00,FEATURE,False,False,BETWEEN_RECURRING_CHURNS,VALID,3,feature_usage
event_df1925f2085e585e,EventInstance,event_df1925f2085e585e,2,2024-06-17T00:00:00,SUBSCRIPTION_START,False,False,FULL_OBSERVED_JOURNEY,VALID,2,subscriptions
event_df2378566b2e884a,EventInstance,event_df2378566b2e884a,3,2024-06-27T00:00:00,SUBSCRIPTION_START,False,False,LANDMARK_60D_JOURNEY,VALID,2,subscriptions
event_df83981af7833b1e,EventInstance,event_df83981af7833b1e,20,2024-08-28T00:00:00,FEATURE,False,False,FULL_OBSERVED_JOURNEY,VALID,3,feature_usage
event_df8f856c542705d8,EventInstance,event_df8f856c542705d8,4,2024-02-15T12:00:00,SUPPORT_CLOSE,False,True,BETWEEN_RECURRING_CHURNS,VALID_WITH_WARNING,5,support_tickets
event_df9850c83ba690ae,EventInstance,event_df9850c83ba690ae,1,2024-10-28T00:00:00,SUBSCRIPTION_START,True,False,LANDMARK_30D_JOURNEY,VALID,2,subscriptions
event_dfe9018f5b0f81be,EventInstance,event_dfe9018f5b0f81be,12,2024-09-18T00:00:00,SUBSCRIPTION_START,False,False,PRE_FIRST_CHURN,VALID,2,subscriptions
event_dffd87d2bb98e7e9,EventInstance,event_dffd87d2bb98e7e9,4,2024-09-16T00:00:00,SUBSCRIPTION_END,False,False,LANDMARK_90D_JOURNEY,VALID,8,subscriptions
event_e005e4c880c5f14a,EventInstance,event_e005e4c880c5f14a,29,2024-10-06T00:00:00,FEATURE,False,False,FULL_OBSERVED_JOURNEY,VALID,3,feature_usage
event_e00863525cb73609,EventInstance,event_e00863525cb73609,3,2024-08-03T00:00:00,SUBSCRIPTION_START,False,False,LANDMARK_90D_JOURNEY,VALID,2,subscriptions
event_e016e372c2c12084,EventInstance,event_e016e372c2c12084,15,2024-12-24T00:00:00,SUBSCRIPTION_START,False,False,FULL_OBSERVED_JOURNEY,VALID,2,subscriptions
event_e02f9bfaec31abf2,EventInstance,event_e02f9bfaec31abf2,6,2024-07-10T00:00:00,SUPPORT_OPEN,False,False,LANDMARK_60D_JOURNEY,VALID,4,support_tickets
event_e0302394b3cf2ab8,EventInstance,event_e0302394b3cf2ab8,9,2024-04-03T00:00:00,SUBSCRIPTION_START,False,False,FULL_OBSERVED_JOURNEY,VALID,2,subscriptions
event_e0348e79ba669bac,EventInstance,event_e0348e79ba669bac,4,2024-04-11T00:00:00,SUBSCRIPTION_START,False,False,FULL_OBSERVED_JOURNEY,VALID,2,subscriptions
event_e041332b6cf75d20,EventInstance,event_e041332b6cf75d20,8,2024-11-27T00:00:00,FEATURE,False,False,FULL_OBSERVED_JOURNEY,VALID,3,feature_usage
event_e04b819bb686b537,EventInstance,event_e04b819bb686b537,10,2024-12-24T00:00:00,SUBSCRIPTION_START,False,True,FULL_OBSERVED_JOURNEY,VALID_WITH_WARNING,2,subscriptions
event_e05c4096ebf73558,EventInstance,event_e05c4096ebf73558,7,2024-11-26T00:00:00,SUPPORT_OPEN,False,True,FULL_OBSERVED_JOURNEY,VALID_WITH_WARNING,4,support_tickets
event_e07d8ebed90fe25b,EventInstance,event_e07d8ebed90fe25b,1,2024-07-11T00:00:00,SUBSCRIPTION_START,True,False,LANDMARK_30D_JOURNEY,VALID,2,subscriptions
event_e0811195e40b108d,EventInstance,event_e0811195e40b108d,1,2023-09-02T00:00:00,SUBSCRIPTION_START,True,False,LANDMARK_30D_JOURNEY,VALID,2,subscriptions
event_e08af6787f89a481,EventInstance,event_e08af6787f89a481,24,2024-08-02T00:00:00,SUBSCRIPTION_END,False,True,FULL_OBSERVED_JOURNEY,VALID_WITH_WARNING,8,subscriptions
event_e0da9bbe8b3e0a83,EventInstance,event_e0da9bbe8b3e0a83,1,2023-06-11T00:00:00,SUBSCRIPTION_START,True,False,LANDMARK_60D_JOURNEY,VALID,2,subscriptions
event_e0e943ae5042d1bc,EventInstance,event_e0e943ae5042d1bc,2,2023-10-08T00:00:00,SUBSCRIPTION_START,False,False,FULL_OBSERVED_JOURNEY,VALID,2,subscriptions
event_e101e05df146d763,EventInstance,event_e101e05df146d763,1,2023-08-02T00:00:00,SUBSCRIPTION_START,True,False,LANDMARK_90D_JOURNEY,VALID,2,subscriptions
event_e10646bbe28d157d,EventInstance,event_e10646bbe28d157d,1,2024-01-07T00:00:00,ACCOUNT,True,False,FULL_OBSERVED_JOURNEY,VALID,1,accounts
event_e141f660c3d7e8df,EventInstance,event_e141f660c3d7e8df,5,2024-08-11T00:00:00,SUBSCRIPTION_START,False,False,FULL_OBSERVED_JOURNEY,VALID,2,subscriptions
event_e158f7c31a0cd308,EventInstance,event_e158f7c31a0cd308,14,2024-10-07T00:00:00,SUBSCRIPTION_START,False,False,FULL_OBSERVED_JOURNEY,VALID,2,subscriptions
event_e15e0b885b6aa9e1,EventInstance,event_e15e0b885b6aa9e1,2,2024-07-13T00:00:00,SUBSCRIPTION_START,True,False,LANDMARK_30D_JOURNEY,VALID,2,subscriptions
event_e1730024fe1af354,EventInstance,event_e1730024fe1af354,12,2024-12-06T00:00:00,FEATURE,False,False,FULL_OBSERVED_JOURNEY,VALID,3,feature_usage
event_e1e7a064202cd75c,EventInstance,event_e1e7a064202cd75c,2,2024-10-27T00:00:00,SUBSCRIPTION_START,False,False,LANDMARK_60D_JOURNEY,VALID,2,subscriptions
event_e1fe9a8c6a41e7bc,EventInstance,event_e1fe9a8c6a41e7bc,1,2024-08-08T00:00:00,SUBSCRIPTION_START,True,False,LANDMARK_60D_JOURNEY,VALID,2,subscriptions
event_e2282d86e221f13e,EventInstance,event_e2282d86e221f13e,6,2024-09-25T00:00:00,FEATURE,False,False,LANDMARK_30D_JOURNEY,VALID,3,feature_usage
event_e234c3b375414fdc,EventInstance,event_e234c3b375414fdc,7,2024-12-29T00:00:00,SUBSCRIPTION_START,False,True,FULL_OBSERVED_JOURNEY,VALID_WITH_WARNING,2,subscriptions
event_e25d8cfcc8072841,EventInstance,event_e25d8cfcc8072841,8,2024-03-02T00:00:00,SUBSCRIPTION_START,False,False,FULL_OBSERVED_JOURNEY,VALID,2,subscriptions
event_e277cf573da80899,EventInstance,event_e277cf573da80899,11,2023-11-01T00:00:00,SUBSCRIPTION_END,False,False,BETWEEN_RECURRING_CHURNS,VALID,8,subscriptions
event_e279baad6db88d37,EventInstance,event_e279baad6db88d37,11,2024-11-09T00:00:00,FEATURE,False,False,LANDMARK_90D_JOURNEY,VALID,3,feature_usage
event_e29e086aadaee89a,EventInstance,event_e29e086aadaee89a,1,2024-11-13T00:00:00,SUBSCRIPTION_START,True,False,FULL_OBSERVED_JOURNEY,VALID,2,subscriptions
event_e2c31cddd5af42c0,EventInstance,event_e2c31cddd5af42c0,13,2024-02-10T00:00:00,FEATURE,False,False,FULL_OBSERVED_JOURNEY,VALID,3,feature_usage
event_e2dba9dfb2e5eaa9,EventInstance,event_e2dba9dfb2e5eaa9,23,2024-09-29T00:00:00,SUBSCRIPTION_START,False,False,FULL_OBSERVED_JOURNEY,VALID,2,subscriptions
event_e2ed4f108793d85e,EventInstance,event_e2ed4f108793d85e,10,2023-08-01T00:00:00,FEATURE,False,False,PRE_FIRST_CHURN,VALID,3,feature_usage
event_e309c78c75e5c0a1,EventInstance,event_e309c78c75e5c0a1,16,2024-09-16T00:00:00,SUBSCRIPTION_START,False,False,FULL_OBSERVED_JOURNEY,VALID,2,subscriptions
event_e3170bf83f6b3d3e,EventInstance,event_e3170bf83f6b3d3e,7,2024-12-26T00:00:00,SUBSCRIPTION_START,False,False,FULL_OBSERVED_JOURNEY,VALID,2,subscriptions
event_e3187dd59498c97e,EventInstance,event_e3187dd59498c97e,22,2024-11-21T00:00:00,SUBSCRIPTION_START,False,False,FULL_OBSERVED_JOURNEY,VALID,2,subscriptions
event_e33597701dfe8b1c,EventInstance,event_e33597701dfe8b1c,21,2024-08-11T00:00:00,FEATURE,False,False,FULL_OBSERVED_JOURNEY,VALID,3,feature_usage
event_e33a877068c40a2a,EventInstance,event_e33a877068c40a2a,1,2024-12-31T00:00:00,ACCOUNT,True,True,FULL_OBSERVED_JOURNEY,VALID_WITH_WARNING,1,accounts
event_e38d542ab8bca260,EventInstance,event_e38d542ab8bca260,21,2024-09-23T00:00:00,FEATURE,False,False,FULL_OBSERVED_JOURNEY,VALID,3,feature_usage
event_e3beba7c1a46a250,EventInstance,event_e3beba7c1a46a250,13,2024-10-19T00:00:00,FEATURE,False,False,LANDMARK_90D_JOURNEY,VALID,3,feature_usage
event_e3e60838b4d75822,EventInstance,event_e3e60838b4d75822,6,2024-10-15T00:00:00,SUBSCRIPTION_START,False,False,LANDMARK_60D_JOURNEY,VALID,2,subscriptions
event_e3fd51efba86e65d,EventInstance,event_e3fd51efba86e65d,17,2024-06-02T00:00:00,SUBSCRIPTION_START,False,True,FULL_OBSERVED_JOURNEY,VALID_WITH_WARNING,2,subscriptions
event_e42013c2394509c6,EventInstance,event_e42013c2394509c6,2,2024-08-02T00:00:00,SUBSCRIPTION_START,False,False,LANDMARK_90D_JOURNEY,VALID,2,subscriptions
event_e49cf68e8a630a71,EventInstance,event_e49cf68e8a630a71,20,2024-07-17T00:00:00,SUBSCRIPTION_START,False,False,FULL_OBSERVED_JOURNEY,VALID,2,subscriptions
event_e4e39d324b107cca,EventInstance,event_e4e39d324b107cca,17,2024-05-19T00:00:00,FEATURE,False,False,FULL_OBSERVED_JOURNEY,VALID,3,feature_usage
event_e56ce0de313aadae,EventInstance,event_e56ce0de313aadae,3,2024-09-02T00:00:00,SUBSCRIPTION_START,False,False,FULL_OBSERVED_JOURNEY,VALID,2,subscriptions
event_e57e2a72a4d9d4c2,EventInstance,event_e57e2a72a4d9d4c2,21,2024-04-12T00:00:00,FEATURE,False,False,BETWEEN_RECURRING_CHURNS,VALID,3,feature_usage
event_e580b7c10ba27831,EventInstance,event_e580b7c10ba27831,8,2024-11-10T00:00:00,FEATURE,False,False,BETWEEN_RECURRING_CHURNS,VALID,3,feature_usage
event_e581e0316d916134,EventInstance,event_e581e0316d916134,3,2023-12-15T10:00:00,SUPPORT_CLOSE,False,False,LANDMARK_60D_JOURNEY,VALID,5,support_tickets
event_e59e00ec29143e77,EventInstance,event_e59e00ec29143e77,5,2024-10-24T00:00:00,SUPPORT_OPEN,False,True,PRE_FIRST_CHURN,VALID_WITH_WARNING,4,support_tickets
event_e5a4145c86b835f9,EventInstance,event_e5a4145c86b835f9,21,2024-12-10T00:00:00,SUBSCRIPTION_START,False,False,FULL_OBSERVED_JOURNEY,VALID,2,subscriptions
event_e5b79bc15fb7569f,EventInstance,event_e5b79bc15fb7569f,20,2024-06-15T00:00:00,FEATURE,False,False,FULL_OBSERVED_JOURNEY,VALID,3,feature_usage
event_e5bec07c6e9b25da,EventInstance,event_e5bec07c6e9b25da,6,2024-02-29T09:00:00,SUPPORT_CLOSE,False,False,FULL_OBSERVED_JOURNEY,VALID,5,support_tickets
event_e5c6ec2a767c32aa,EventInstance,event_e5c6ec2a767c32aa,11,2024-06-21T00:00:00,SUBSCRIPTION_START,False,False,FULL_OBSERVED_JOURNEY,VALID,2,subscriptions
event_e5c8b74cd72d1148,EventInstance,event_e5c8b74cd72d1148,5,2024-11-07T00:00:00,SUBSCRIPTION_START,False,False,LANDMARK_90D_JOURNEY,VALID,2,subscriptions
event_e6019a6b44f89e4f,EventInstance,event_e6019a6b44f89e4f,4,2023-07-21T00:00:00,SUBSCRIPTION_START,False,False,FULL_OBSERVED_JOURNEY,VALID,2,subscriptions
event_e616cbe127c6322c,EventInstance,event_e616cbe127c6322c,2,2023-04-21T00:00:00,FEATURE,True,False,LANDMARK_30D_JOURNEY,VALID,3,feature_usage
event_e625c171b8181b6c,EventInstance,event_e625c171b8181b6c,27,2024-10-25T00:00:00,FEATURE,False,False,FULL_OBSERVED_JOURNEY,VALID,3,feature_usage
event_e62678c4debf6326,EventInstance,event_e62678c4debf6326,9,2024-10-22T00:00:00,SUBSCRIPTION_START,False,False,PRE_FIRST_CHURN,VALID,2,subscriptions
event_e645d37565e1b011,EventInstance,event_e645d37565e1b011,24,2024-08-05T00:00:00,FEATURE,False,False,FULL_OBSERVED_JOURNEY,VALID,3,feature_usage
event_e67235c843b9ddff,EventInstance,event_e67235c843b9ddff,8,2024-05-08T00:00:00,SUBSCRIPTION_START,False,False,PRE_FIRST_CHURN,VALID,2,subscriptions
event_e6906aa61c464690,EventInstance,event_e6906aa61c464690,18,2024-09-29T00:00:00,SUBSCRIPTION_END,False,False,FULL_OBSERVED_JOURNEY,VALID,8,subscriptions
event_e6943fd6be64c841,EventInstance,event_e6943fd6be64c841,3,2024-08-10T00:00:00,SUBSCRIPTION_START,False,False,FULL_OBSERVED_JOURNEY,VALID,2,subscriptions
event_e69cb3612622fcf3,EventInstance,event_e69cb3612622fcf3,3,2024-08-05T00:00:00,CHURN,True,True,LANDMARK_90D_JOURNEY,VALID_WITH_WARNING,6,churn_events
event_e6a24c0f0c344201,EventInstance,event_e6a24c0f0c344201,3,2024-08-14T00:00:00,SUBSCRIPTION_START,True,False,LANDMARK_30D_JOURNEY,VALID,2,subscriptions
event_e6b7e69abf23efc0,EventInstance,event_e6b7e69abf23efc0,4,2023-08-13T00:00:00,SUPPORT_OPEN,False,False,LANDMARK_60D_JOURNEY,VALID,4,support_tickets
event_e6ca1226aa76dc73,EventInstance,event_e6ca1226aa76dc73,5,2024-08-10T00:00:00,SUBSCRIPTION_START,False,False,PRE_FIRST_CHURN,VALID,2,subscriptions
event_e6ffc57de772ac8c,EventInstance,event_e6ffc57de772ac8c,10,2024-11-04T00:00:00,SUBSCRIPTION_START,False,False,FULL_OBSERVED_JOURNEY,VALID,2,subscriptions
event_e71d31a6583a1099,EventInstance,event_e71d31a6583a1099,4,2024-06-30T00:00:00,SUPPORT_OPEN,False,False,LANDMARK_60D_JOURNEY,VALID,4,support_tickets
event_e72211769d9e9338,EventInstance,event_e72211769d9e9338,15,2024-11-24T00:00:00,SUBSCRIPTION_END,False,False,LANDMARK_90D_JOURNEY,VALID,8,subscriptions
event_e72940ffebc771a8,EventInstance,event_e72940ffebc771a8,24,2024-09-01T00:00:00,SUBSCRIPTION_START,False,False,FULL_OBSERVED_JOURNEY,VALID,2,subscriptions
event_e7359411fd7855fe,EventInstance,event_e7359411fd7855fe,3,2024-06-07T00:00:00,FEATURE,False,False,LANDMARK_30D_JOURNEY,VALID,3,feature_usage
event_e7c455fdc7d83d5e,EventInstance,event_e7c455fdc7d83d5e,14,2024-12-25T00:00:00,SUBSCRIPTION_START,False,False,LANDMARK_30D_JOURNEY,VALID,2,subscriptions
event_e7f9f5a6b36cfa4b,EventInstance,event_e7f9f5a6b36cfa4b,21,2024-10-08T00:00:00,FEATURE,False,False,FULL_OBSERVED_JOURNEY,VALID,3,feature_usage
event_e809c3717401d2d3,EventInstance,event_e809c3717401d2d3,1,2024-09-17T00:00:00,CHURN,True,True,BETWEEN_RECURRING_CHURNS,VALID_WITH_WARNING,6,churn_events
event_e82ace6ce2101b44,EventInstance,event_e82ace6ce2101b44,10,2024-04-29T00:00:00,SUBSCRIPTION_START,False,False,FULL_OBSERVED_JOURNEY,VALID,2,subscriptions
event_e833d2288a4213ef,EventInstance,event_e833d2288a4213ef,17,2024-06-29T00:00:00,SUBSCRIPTION_START,False,False,FULL_OBSERVED_JOURNEY,VALID,2,subscriptions
event_e83dcdf1d51f39f4,EventInstance,event_e83dcdf1d51f39f4,15,2024-09-28T00:00:00,FEATURE,False,False,FULL_OBSERVED_JOURNEY,VALID,3,feature_usage
event_e8468e60e8adb446,EventInstance,event_e8468e60e8adb446,4,2024-11-02T00:00:00,SUBSCRIPTION_START,False,False,FULL_OBSERVED_JOURNEY,VALID,2,subscriptions
event_e85a82f11756ed33,EventInstance,event_e85a82f11756ed33,4,2024-11-24T00:00:00,SUBSCRIPTION_START,False,False,LANDMARK_60D_JOURNEY,VALID,2,subscriptions
event_e864976dd78f634f,EventInstance,event_e864976dd78f634f,1,2024-06-21T00:00:00,SUBSCRIPTION_START,True,False,LANDMARK_30D_JOURNEY,VALID,2,subscriptions
event_e897b7aebb5198e4,EventInstance,event_e897b7aebb5198e4,4,2024-09-11T00:00:00,SUBSCRIPTION_START,False,False,FULL_OBSERVED_JOURNEY,VALID,2,subscriptions
event_e8af8a997c919bff,EventInstance,event_e8af8a997c919bff,10,2024-11-23T00:00:00,FEATURE,False,False,FULL_OBSERVED_JOURNEY,VALID,3,feature_usage
event_e8b53c981f32a8d7,EventInstance,event_e8b53c981f32a8d7,4,2023-04-13T00:00:00,SUBSCRIPTION_START,False,False,PRE_FIRST_CHURN,VALID,2,subscriptions
event_e8cd5cbcab062efb,EventInstance,event_e8cd5cbcab062efb,9,2024-11-14T00:00:00,FEATURE,True,False,LANDMARK_90D_JOURNEY,VALID,3,feature_usage
event_e8e38cd8b5e26337,EventInstance,event_e8e38cd8b5e26337,2,2023-11-01T00:00:00,SUPPORT_OPEN,False,True,LANDMARK_30D_JOURNEY,VALID_WITH_WARNING,4,support_tickets
event_e904702fa386edcc,EventInstance,event_e904702fa386edcc,6,2024-02-06T00:00:00,SUBSCRIPTION_START,False,False,LANDMARK_90D_JOURNEY,VALID,2,subscriptions
event_e9069aa691fda432,EventInstance,event_e9069aa691fda432,6,2024-06-24T00:00:00,FEATURE,False,False,PRE_FIRST_CHURN,VALID,3,feature_usage
event_e9083309b16a20e4,EventInstance,event_e9083309b16a20e4,2,2024-10-23T00:00:00,SUBSCRIPTION_START,False,False,FULL_OBSERVED_JOURNEY,VALID,2,subscriptions
event_e92a93e349b4e756,EventInstance,event_e92a93e349b4e756,15,2023-11-24T00:00:00,SUBSCRIPTION_END,False,False,FULL_OBSERVED_JOURNEY,VALID,8,subscriptions
event_e953e1051bf0db48,EventInstance,event_e953e1051bf0db48,5,2024-09-28T00:00:00,SUBSCRIPTION_START,False,True,FULL_OBSERVED_JOURNEY,VALID_WITH_WARNING,2,subscriptions
event_e973c1a5125917a1,EventInstance,event_e973c1a5125917a1,1,2024-07-23T00:00:00,SUBSCRIPTION_START,True,False,LANDMARK_90D_JOURNEY,VALID,2,subscriptions
event_e986e7d7821799c0,EventInstance,event_e986e7d7821799c0,12,2024-05-24T00:00:00,SUBSCRIPTION_START,False,False,FULL_OBSERVED_JOURNEY,VALID,2,subscriptions
event_e9b81e161017cf4d,EventInstance,event_e9b81e161017cf4d,21,2024-07-15T00:00:00,FEATURE,False,False,FULL_OBSERVED_JOURNEY,VALID,3,feature_usage
event_e9c439900add31f1,EventInstance,event_e9c439900add31f1,4,2024-05-08T00:00:00,SUBSCRIPTION_START,False,False,PRE_FIRST_CHURN,VALID,2,subscriptions
event_e9dbd0f53b56f8e0,EventInstance,event_e9dbd0f53b56f8e0,8,2024-04-06T00:00:00,FEATURE,False,False,FULL_OBSERVED_JOURNEY,VALID,3,feature_usage
event_e9e5b6e9cff5532a,EventInstance,event_e9e5b6e9cff5532a,4,2024-05-25T00:00:00,SUBSCRIPTION_START,False,False,FULL_OBSERVED_JOURNEY,VALID,2,subscriptions
event_e9f65253384d7c10,EventInstance,event_e9f65253384d7c10,6,2024-12-11T00:00:00,SUBSCRIPTION_START,False,False,LANDMARK_30D_JOURNEY,VALID,2,subscriptions
event_e9fcca3833e7874c,EventInstance,event_e9fcca3833e7874c,5,2024-07-26T00:00:00,SUBSCRIPTION_START,False,False,PRE_FIRST_CHURN,VALID,2,subscriptions
event_ea102c75623f4222,EventInstance,event_ea102c75623f4222,16,2024-05-11T00:00:00,FEATURE,False,False,FULL_OBSERVED_JOURNEY,VALID,3,feature_usage
event_ea1b49a66345e691,EventInstance,event_ea1b49a66345e691,17,2024-02-22T00:00:00,FEATURE,False,False,FULL_OBSERVED_JOURNEY,VALID,3,feature_usage
event_ea20c982d03d41f7,EventInstance,event_ea20c982d03d41f7,5,2024-08-14T00:00:00,FEATURE,False,False,PRE_FIRST_CHURN,VALID,3,feature_usage
event_ea232f26dba7e4ae,EventInstance,event_ea232f26dba7e4ae,6,2024-03-26T00:00:00,FEATURE,False,False,PRE_FIRST_CHURN,VALID,3,feature_usage
event_ea6c298dad361a18,EventInstance,event_ea6c298dad361a18,26,2024-09-04T00:00:00,CHURN,True,True,FULL_OBSERVED_JOURNEY,VALID_WITH_WARNING,6,churn_events
event_ea783256abd5da0f,EventInstance,event_ea783256abd5da0f,1,2024-06-08T00:00:00,SUBSCRIPTION_START,True,False,LANDMARK_60D_JOURNEY,VALID,2,subscriptions
event_ea8a733e3404fb55,EventInstance,event_ea8a733e3404fb55,3,2023-08-11T00:00:00,SUBSCRIPTION_START,False,False,LANDMARK_60D_JOURNEY,VALID,2,subscriptions
event_ea9073bc55e7c386,EventInstance,event_ea9073bc55e7c386,1,2024-01-11T00:00:00,SUBSCRIPTION_START,True,False,LANDMARK_90D_JOURNEY,VALID,2,subscriptions
event_eac6a0926032a991,EventInstance,event_eac6a0926032a991,31,2024-08-23T00:00:00,FEATURE,False,False,FULL_OBSERVED_JOURNEY,VALID,3,feature_usage
event_eacc784c7128fc3d,EventInstance,event_eacc784c7128fc3d,24,2024-10-25T00:00:00,FEATURE,False,False,FULL_OBSERVED_JOURNEY,VALID,3,feature_usage
event_eaf21accf88b1230,EventInstance,event_eaf21accf88b1230,14,2024-10-18T00:00:00,SUBSCRIPTION_START,False,False,PRE_FIRST_CHURN,VALID,2,subscriptions
event_eafff7258d4cea70,EventInstance,event_eafff7258d4cea70,13,2024-10-17T00:00:00,FEATURE,False,False,PRE_FIRST_CHURN,VALID,3,feature_usage
event_eb08df3f56c1ca7a,EventInstance,event_eb08df3f56c1ca7a,3,2024-09-07T03:00:00,SUPPORT_CLOSE,False,False,LANDMARK_90D_JOURNEY,VALID,5,support_tickets
event_eb393901d7ccaff1,EventInstance,event_eb393901d7ccaff1,3,2024-05-08T00:00:00,SUBSCRIPTION_START,False,False,LANDMARK_90D_JOURNEY,VALID,2,subscriptions
event_eb58aa5af62c3242,EventInstance,event_eb58aa5af62c3242,2,2024-08-18T00:00:00,SUBSCRIPTION_START,False,False,LANDMARK_90D_JOURNEY,VALID,2,subscriptions
event_eb6e9158d4e902c4,EventInstance,event_eb6e9158d4e902c4,47,2024-10-23T00:00:00,FEATURE,False,False,FULL_OBSERVED_JOURNEY,VALID,3,feature_usage
event_eba1675a0f76d7db,EventInstance,event_eba1675a0f76d7db,1,2024-09-27T00:00:00,SUBSCRIPTION_START,True,False,LANDMARK_60D_JOURNEY,VALID,2,subscriptions
event_eba6823ba7a77076,EventInstance,event_eba6823ba7a77076,23,2024-07-27T00:00:00,SUBSCRIPTION_START,False,False,FULL_OBSERVED_JOURNEY,VALID,2,subscriptions
event_ebad15cd31189158,EventInstance,event_ebad15cd31189158,20,2024-08-09T00:00:00,FEATURE,False,False,FULL_OBSERVED_JOURNEY,VALID,3,feature_usage
event_ebca0c6fb2814acd,EventInstance,event_ebca0c6fb2814acd,24,2024-09-02T00:00:00,SUBSCRIPTION_START,False,False,FULL_OBSERVED_JOURNEY,VALID,2,subscriptions
event_ebde0021841fecd1,EventInstance,event_ebde0021841fecd1,5,2024-09-24T00:00:00,SUBSCRIPTION_START,False,False,LANDMARK_30D_JOURNEY,VALID,2,subscriptions
event_ec0a24208179e06f,EventInstance,event_ec0a24208179e06f,15,2024-12-22T00:00:00,SUBSCRIPTION_START,False,True,FULL_OBSERVED_JOURNEY,VALID_WITH_WARNING,2,subscriptions
event_ec16c1c51f62abc7,EventInstance,event_ec16c1c51f62abc7,1,2024-10-18T00:00:00,ACCOUNT,True,False,FULL_OBSERVED_JOURNEY,VALID,1,accounts
event_ec35b98055f94119,EventInstance,event_ec35b98055f94119,2,2024-10-14T00:00:00,SUBSCRIPTION_START,False,False,BETWEEN_RECURRING_CHURNS,VALID,2,subscriptions
event_ec37072bdcb8d802,EventInstance,event_ec37072bdcb8d802,14,2024-11-04T00:00:00,SUBSCRIPTION_START,False,False,FULL_OBSERVED_JOURNEY,VALID,2,subscriptions
event_ec3e3613ac028bea,EventInstance,event_ec3e3613ac028bea,5,2024-05-17T00:00:00,FEATURE,False,False,FULL_OBSERVED_JOURNEY,VALID,3,feature_usage
event_ec6303902f976906,EventInstance,event_ec6303902f976906,8,2024-08-24T00:00:00,SUBSCRIPTION_START,False,False,FULL_OBSERVED_JOURNEY,VALID,2,subscriptions
event_ec63c1a4c538fb32,EventInstance,event_ec63c1a4c538fb32,9,2024-09-26T00:00:00,FEATURE,False,False,BETWEEN_RECURRING_CHURNS,VALID,3,feature_usage
event_ec6690787af01427,EventInstance,event_ec6690787af01427,7,2024-03-03T00:00:00,SUBSCRIPTION_START,False,False,LANDMARK_60D_JOURNEY,VALID,2,subscriptions
event_ec6daa56c3fb356b,EventInstance,event_ec6daa56c3fb356b,9,2024-05-27T00:00:00,FEATURE,False,True,PRE_FIRST_CHURN,VALID_WITH_WARNING,3,feature_usage
event_ec71fac4c4c9437d,EventInstance,event_ec71fac4c4c9437d,7,2024-10-13T00:00:00,SUBSCRIPTION_START,False,False,FULL_OBSERVED_JOURNEY,VALID,2,subscriptions
event_ec83868ca34c1754,EventInstance,event_ec83868ca34c1754,30,2024-04-14T00:00:00,SUBSCRIPTION_START,False,False,FULL_OBSERVED_JOURNEY,VALID,2,subscriptions
event_ec8870d1ad8a3d59,EventInstance,event_ec8870d1ad8a3d59,9,2024-06-08T00:00:00,FEATURE,False,False,FULL_OBSERVED_JOURNEY,VALID,3,feature_usage
event_ec91bd51c34db751,EventInstance,event_ec91bd51c34db751,9,2024-12-28T00:00:00,SUBSCRIPTION_START,True,False,LANDMARK_30D_JOURNEY,VALID,2,subscriptions
event_ec9a9a56dd98ed1c,EventInstance,event_ec9a9a56dd98ed1c,8,2024-12-03T00:00:00,SUBSCRIPTION_START,False,False,FULL_OBSERVED_JOURNEY,VALID,2,subscriptions
event_ecab5d53b21ab793,EventInstance,event_ecab5d53b21ab793,7,2024-02-15T00:00:00,SUBSCRIPTION_START,False,False,FULL_OBSERVED_JOURNEY,VALID,2,subscriptions
event_ecc2410a444f5eeb,EventInstance,event_ecc2410a444f5eeb,4,2024-07-26T00:00:00,SUBSCRIPTION_START,False,False,LANDMARK_60D_JOURNEY,VALID,2,subscriptions
event_ecd4cbf9677ec17a,EventInstance,event_ecd4cbf9677ec17a,2,2024-08-13T00:00:00,SUPPORT_OPEN,False,True,LANDMARK_60D_JOURNEY,VALID_WITH_WARNING,4,support_tickets
event_ecdf30a89fb4e3c5,EventInstance,event_ecdf30a89fb4e3c5,4,2024-04-13T14:00:00,SUPPORT_CLOSE,False,False,FULL_OBSERVED_JOURNEY,VALID,5,support_tickets
event_ed23c0275f7463a4,EventInstance,event_ed23c0275f7463a4,14,2024-12-16T00:00:00,SUBSCRIPTION_START,False,False,FULL_OBSERVED_JOURNEY,VALID,2,subscriptions
event_ed24cc3381f4f21d,EventInstance,event_ed24cc3381f4f21d,1,2023-11-21T00:00:00,ACCOUNT,True,False,FULL_OBSERVED_JOURNEY,VALID,1,accounts
event_ed268c0ad585baa1,EventInstance,event_ed268c0ad585baa1,5,2024-11-25T00:00:00,CHURN,True,True,LANDMARK_60D_JOURNEY,VALID_WITH_WARNING,6,churn_events
event_ed2ab67ab1356db7,EventInstance,event_ed2ab67ab1356db7,10,2023-11-02T00:00:00,FEATURE,False,False,FULL_OBSERVED_JOURNEY,VALID,3,feature_usage
event_ed2bb3e5a3a3443c,EventInstance,event_ed2bb3e5a3a3443c,40,2024-08-09T00:00:00,FEATURE,False,False,FULL_OBSERVED_JOURNEY,VALID,3,feature_usage
event_ed3619e16cb1763c,EventInstance,event_ed3619e16cb1763c,10,2024-10-16T00:00:00,SUBSCRIPTION_START,False,False,LANDMARK_90D_JOURNEY,VALID,2,subscriptions
event_ed4e48f1dbd5b471,EventInstance,event_ed4e48f1dbd5b471,5,2024-08-12T00:00:00,CHURN,True,True,PRE_FIRST_CHURN,VALID_WITH_WARNING,6,churn_events
event_ed7507ee6a92e27d,EventInstance,event_ed7507ee6a92e27d,34,2024-12-30T00:00:00,SUBSCRIPTION_END,True,False,FULL_OBSERVED_JOURNEY,VALID,8,subscriptions
event_ed82a4d59c897514,EventInstance,event_ed82a4d59c897514,33,2024-06-06T00:00:00,SUBSCRIPTION_END,False,False,FULL_OBSERVED_JOURNEY,VALID,8,subscriptions
event_ed8811dcd3771dc2,EventInstance,event_ed8811dcd3771dc2,5,2024-01-17T00:00:00,SUBSCRIPTION_START,False,False,FULL_OBSERVED_JOURNEY,VALID,2,subscriptions
event_eda0c6e3f03df9ea,EventInstance,event_eda0c6e3f03df9ea,2,2024-06-07T00:00:00,FEATURE,False,False,LANDMARK_60D_JOURNEY,VALID,3,feature_usage
event_edd4dc701444ea5f,EventInstance,event_edd4dc701444ea5f,6,2024-06-12T00:00:00,FEATURE,False,True,LANDMARK_90D_JOURNEY,VALID_WITH_WARNING,3,feature_usage
event_edd6250d4c4ae103,EventInstance,event_edd6250d4c4ae103,7,2023-09-04T00:00:00,SUPPORT_OPEN,False,True,FULL_OBSERVED_JOURNEY,VALID_WITH_WARNING,4,support_tickets
event_ede63ada5e0dfe19,EventInstance,event_ede63ada5e0dfe19,12,2024-09-06T00:00:00,SUBSCRIPTION_START,False,False,FULL_OBSERVED_JOURNEY,VALID,2,subscriptions
event_ede8558f80d543ac,EventInstance,event_ede8558f80d543ac,9,2023-09-13T22:00:00,SUPPORT_CLOSE,False,False,FULL_OBSERVED_JOURNEY,VALID,5,support_tickets
event_ee12717208e5fe3e,EventInstance,event_ee12717208e5fe3e,5,2023-04-03T00:00:00,FEATURE,False,False,LANDMARK_60D_JOURNEY,VALID,3,feature_usage
event_ee23ceb469befbd7,EventInstance,event_ee23ceb469befbd7,3,2024-01-06T00:00:00,SUBSCRIPTION_START,False,False,FULL_OBSERVED_JOURNEY,VALID,2,subscriptions
event_ee408dee9d15fc90,EventInstance,event_ee408dee9d15fc90,6,2024-12-22T00:00:00,SUBSCRIPTION_END,False,False,FULL_OBSERVED_JOURNEY,VALID,8,subscriptions
event_ee4bf0a2f200ff1e,EventInstance,event_ee4bf0a2f200ff1e,1,2024-09-21T00:00:00,SUBSCRIPTION_START,True,False,LANDMARK_60D_JOURNEY,VALID,2,subscriptions
event_eebb8db42f3a1799,EventInstance,event_eebb8db42f3a1799,7,2023-12-23T00:00:00,SUBSCRIPTION_START,False,False,FULL_OBSERVED_JOURNEY,VALID,2,subscriptions
event_eed120262da99e8b,EventInstance,event_eed120262da99e8b,10,2024-12-07T00:00:00,CHURN,True,True,FULL_OBSERVED_JOURNEY,VALID_WITH_WARNING,6,churn_events
event_ef1aaf9f9c9d01a2,EventInstance,event_ef1aaf9f9c9d01a2,1,2023-09-20T00:00:00,SUBSCRIPTION_START,True,False,LANDMARK_30D_JOURNEY,VALID,2,subscriptions
event_ef2ca1bd0e88a351,EventInstance,event_ef2ca1bd0e88a351,2,2023-01-27T00:00:00,SUPPORT_OPEN,False,False,FULL_OBSERVED_JOURNEY,VALID,4,support_tickets
event_ef4e0855658a2871,EventInstance,event_ef4e0855658a2871,3,2024-10-01T00:00:00,FEATURE,False,False,LANDMARK_30D_JOURNEY,VALID,3,feature_usage
event_ef574fe51fcf1e7a,EventInstance,event_ef574fe51fcf1e7a,1,2024-08-01T00:00:00,SUBSCRIPTION_START,True,False,LANDMARK_90D_JOURNEY,VALID,2,subscriptions
event_ef7d779a658de738,EventInstance,event_ef7d779a658de738,17,2024-11-13T00:00:00,FEATURE,False,True,FULL_OBSERVED_JOURNEY,VALID_WITH_WARNING,3,feature_usage
event_ef857aa7b22cabe2,EventInstance,event_ef857aa7b22cabe2,13,2024-12-26T00:00:00,FEATURE,True,True,FULL_OBSERVED_JOURNEY,VALID_WITH_WARNING,3,feature_usage
event_ef9c3c8e27c3b08c,EventInstance,event_ef9c3c8e27c3b08c,12,2024-10-26T00:00:00,SUBSCRIPTION_END,False,False,LANDMARK_90D_JOURNEY,VALID,8,subscriptions
event_efa5928ba3557358,EventInstance,event_efa5928ba3557358,7,2024-12-21T00:00:00,SUBSCRIPTION_START,False,True,FULL_OBSERVED_JOURNEY,VALID_WITH_WARNING,2,subscriptions
event_efac9b737980e84a,EventInstance,event_efac9b737980e84a,16,2024-10-20T00:00:00,CHURN,True,True,LANDMARK_90D_JOURNEY,VALID_WITH_WARNING,6,churn_events
event_efc583c71195e63c,EventInstance,event_efc583c71195e63c,6,2024-12-28T00:00:00,SUBSCRIPTION_START,False,True,FULL_OBSERVED_JOURNEY,VALID_WITH_WARNING,2,subscriptions
event_efcad648ab3c9d74,EventInstance,event_efcad648ab3c9d74,31,2024-10-27T00:00:00,SUBSCRIPTION_START,False,False,FULL_OBSERVED_JOURNEY,VALID,2,subscriptions
event_efdaaa4ff5d27fb8,EventInstance,event_efdaaa4ff5d27fb8,7,2024-03-04T00:00:00,SUBSCRIPTION_START,False,False,LANDMARK_90D_JOURNEY,VALID,2,subscriptions
event_efebc83e1d546398,EventInstance,event_efebc83e1d546398,11,2024-10-02T00:00:00,FEATURE,False,False,LANDMARK_90D_JOURNEY,VALID,3,feature_usage
event_efef8551499af1e4,EventInstance,event_efef8551499af1e4,32,2024-11-11T00:00:00,FEATURE,False,False,FULL_OBSERVED_JOURNEY,VALID,3,feature_usage
event_f00d2e2b53a4f890,EventInstance,event_f00d2e2b53a4f890,2,2024-06-14T00:00:00,CHURN,True,False,LANDMARK_90D_JOURNEY,VALID,6,churn_events
event_f01d9708bb3634b0,EventInstance,event_f01d9708bb3634b0,29,2024-09-15T00:00:00,FEATURE,False,False,FULL_OBSERVED_JOURNEY,VALID,3,feature_usage
event_f02105ae81a78923,EventInstance,event_f02105ae81a78923,1,2023-02-16T00:00:00,SUBSCRIPTION_START,True,False,LANDMARK_30D_JOURNEY,VALID,2,subscriptions
event_f0854117c8505e12,EventInstance,event_f0854117c8505e12,1,2024-05-24T00:00:00,SUBSCRIPTION_START,True,False,LANDMARK_60D_JOURNEY,VALID,2,subscriptions
event_f08cf39fca3fffc7,EventInstance,event_f08cf39fca3fffc7,9,2024-03-21T00:00:00,FEATURE,False,False,FULL_OBSERVED_JOURNEY,VALID,3,feature_usage
event_f094b951b5141c24,EventInstance,event_f094b951b5141c24,4,2024-01-03T00:00:00,FEATURE,False,False,LANDMARK_60D_JOURNEY,VALID,3,feature_usage
event_f0b35b8de8003745,EventInstance,event_f0b35b8de8003745,3,2024-02-13T00:00:00,SUPPORT_OPEN,False,True,BETWEEN_RECURRING_CHURNS,VALID_WITH_WARNING,4,support_tickets
event_f0d7441f76791aca,EventInstance,event_f0d7441f76791aca,3,2023-08-15T00:00:00,SUPPORT_OPEN,False,False,FULL_OBSERVED_JOURNEY,VALID,4,support_tickets
event_f0daa1ff1a59a26d,EventInstance,event_f0daa1ff1a59a26d,3,2024-10-02T21:00:00,SUPPORT_CLOSE,False,False,LANDMARK_90D_JOURNEY,VALID,5,support_tickets
event_f0e13515d734980f,EventInstance,event_f0e13515d734980f,4,2023-11-07T00:00:00,FEATURE,False,False,LANDMARK_30D_JOURNEY,VALID,3,feature_usage
event_f0ee2cbd7fef3b49,EventInstance,event_f0ee2cbd7fef3b49,2,2024-07-22T00:00:00,SUBSCRIPTION_START,False,False,FULL_OBSERVED_JOURNEY,VALID,2,subscriptions
event_f0ee79125ba2edb0,EventInstance,event_f0ee79125ba2edb0,26,2024-12-07T00:00:00,FEATURE,False,False,FULL_OBSERVED_JOURNEY,VALID,3,feature_usage
event_f1085665eb812b07,EventInstance,event_f1085665eb812b07,2,2024-06-16T00:00:00,SUBSCRIPTION_START,False,False,LANDMARK_90D_JOURNEY,VALID,2,subscriptions
event_f11534bf9e2aa27e,EventInstance,event_f11534bf9e2aa27e,10,2024-03-03T00:00:00,SUBSCRIPTION_START,False,False,PRE_FIRST_CHURN,VALID,2,subscriptions
event_f12cf8d19eed86ed,EventInstance,event_f12cf8d19eed86ed,19,2024-11-10T00:00:00,SUBSCRIPTION_START,False,False,FULL_OBSERVED_JOURNEY,VALID,2,subscriptions
event_f144c6504333a91b,EventInstance,event_f144c6504333a91b,5,2024-12-31T00:00:00,SUBSCRIPTION_START,False,True,FULL_OBSERVED_JOURNEY,VALID_WITH_WARNING,2,subscriptions
event_f16da4e4988573b1,EventInstance,event_f16da4e4988573b1,4,2023-10-21T00:00:00,SUPPORT_OPEN,False,True,LANDMARK_30D_JOURNEY,VALID_WITH_WARNING,4,support_tickets
event_f173f24e91554a05,EventInstance,event_f173f24e91554a05,1,2024-03-06T00:00:00,SUBSCRIPTION_START,True,False,LANDMARK_30D_JOURNEY,VALID,2,subscriptions
event_f185ab8cf1d4a2e4,EventInstance,event_f185ab8cf1d4a2e4,3,2024-06-10T00:00:00,SUBSCRIPTION_START,False,False,FULL_OBSERVED_JOURNEY,VALID,2,subscriptions
event_f1cb8a988f84dd94,EventInstance,event_f1cb8a988f84dd94,25,2024-10-10T00:00:00,FEATURE,False,False,FULL_OBSERVED_JOURNEY,VALID,3,feature_usage
event_f1db2e2cd973d18b,EventInstance,event_f1db2e2cd973d18b,13,2024-12-08T00:00:00,FEATURE,False,False,FULL_OBSERVED_JOURNEY,VALID,3,feature_usage
event_f1db2ebbba3195b6,EventInstance,event_f1db2ebbba3195b6,12,2024-12-21T00:00:00,SUBSCRIPTION_START,False,False,PRE_FIRST_CHURN,VALID,2,subscriptions
event_f1decdcbafee066b,EventInstance,event_f1decdcbafee066b,9,2024-07-31T00:00:00,FEATURE,False,False,FULL_OBSERVED_JOURNEY,VALID,3,feature_usage
event_f22096980ccbceae,EventInstance,event_f22096980ccbceae,13,2024-11-12T00:00:00,FEATURE,False,False,LANDMARK_90D_JOURNEY,VALID,3,feature_usage
event_f22c6ba2e5bbb33b,EventInstance,event_f22c6ba2e5bbb33b,13,2024-09-01T00:00:00,SUBSCRIPTION_START,False,False,FULL_OBSERVED_JOURNEY,VALID,2,subscriptions
event_f29ffa18a9652ccf,EventInstance,event_f29ffa18a9652ccf,4,2024-10-19T00:00:00,FEATURE,False,False,LANDMARK_60D_JOURNEY,VALID,3,feature_usage
event_f2a156943dbe8059,EventInstance,event_f2a156943dbe8059,6,2024-03-05T00:00:00,SUPPORT_OPEN,False,False,FULL_OBSERVED_JOURNEY,VALID,4,support_tickets
event_f2b4545262408746,EventInstance,event_f2b4545262408746,14,2024-07-21T00:00:00,SUBSCRIPTION_START,False,False,FULL_OBSERVED_JOURNEY,VALID,2,subscriptions
event_f3273a5fb7d75145,EventInstance,event_f3273a5fb7d75145,31,2024-04-28T00:00:00,FEATURE,False,False,FULL_OBSERVED_JOURNEY,VALID,3,feature_usage
event_f33ca8905257fd0b,EventInstance,event_f33ca8905257fd0b,10,2024-09-21T00:00:00,FEATURE,False,True,LANDMARK_90D_JOURNEY,VALID_WITH_WARNING,3,feature_usage
event_f33d66ecafa1d41d,EventInstance,event_f33d66ecafa1d41d,2,2023-10-07T00:00:00,SUBSCRIPTION_START,False,False,LANDMARK_30D_JOURNEY,VALID,2,subscriptions
event_f350f78931c5f2da,EventInstance,event_f350f78931c5f2da,4,2024-12-05T00:00:00,SUBSCRIPTION_START,False,False,LANDMARK_30D_JOURNEY,VALID,2,subscriptions
event_f37632db5d83ec93,EventInstance,event_f37632db5d83ec93,5,2023-07-17T00:00:00,SUPPORT_OPEN,False,False,FULL_OBSERVED_JOURNEY,VALID,4,support_tickets
event_f37f65cd6d720b16,EventInstance,event_f37f65cd6d720b16,3,2024-10-28T00:00:00,SUBSCRIPTION_START,False,False,LANDMARK_60D_JOURNEY,VALID,2,subscriptions
event_f38e9409aa7b570e,EventInstance,event_f38e9409aa7b570e,13,2024-02-06T15:00:00,SUPPORT_CLOSE,False,False,FULL_OBSERVED_JOURNEY,VALID,5,support_tickets
event_f3a270cf16cdfd1a,EventInstance,event_f3a270cf16cdfd1a,17,2024-08-04T00:00:00,SUBSCRIPTION_END,False,False,FULL_OBSERVED_JOURNEY,VALID,8,subscriptions
event_f3d945f7369ed986,EventInstance,event_f3d945f7369ed986,10,2024-05-29T00:00:00,SUBSCRIPTION_START,False,False,PRE_FIRST_CHURN,VALID,2,subscriptions
event_f4182e89c678dc19,EventInstance,event_f4182e89c678dc19,1,2024-03-16T00:00:00,ACCOUNT,True,False,FULL_OBSERVED_JOURNEY,VALID,1,accounts
event_f429c215fe64967e,EventInstance,event_f429c215fe64967e,7,2024-10-23T00:00:00,FEATURE,False,False,LANDMARK_30D_JOURNEY,VALID,3,feature_usage
event_f42ab2f8ae0000a2,EventInstance,event_f42ab2f8ae0000a2,26,2024-09-05T00:00:00,FEATURE,False,False,FULL_OBSERVED_JOURNEY,VALID,3,feature_usage
event_f4416a2ce98c8454,EventInstance,event_f4416a2ce98c8454,4,2024-09-19T00:00:00,SUBSCRIPTION_START,False,False,LANDMARK_60D_JOURNEY,VALID,2,subscriptions
event_f44320437c7668e2,EventInstance,event_f44320437c7668e2,13,2024-09-22T00:00:00,SUBSCRIPTION_START,False,False,PRE_FIRST_CHURN,VALID,2,subscriptions
event_f463a3b4f85bdf68,EventInstance,event_f463a3b4f85bdf68,4,2024-07-31T00:00:00,SUBSCRIPTION_START,False,False,LANDMARK_60D_JOURNEY,VALID,2,subscriptions
event_f463c8ede423c0c1,EventInstance,event_f463c8ede423c0c1,4,2024-09-13T00:00:00,SUBSCRIPTION_START,True,False,LANDMARK_30D_JOURNEY,VALID,2,subscriptions
event_f46d303b945978f1,EventInstance,event_f46d303b945978f1,11,2024-11-08T00:00:00,SUBSCRIPTION_START,False,False,FULL_OBSERVED_JOURNEY,VALID,2,subscriptions
event_f48aaf45a96ab745,EventInstance,event_f48aaf45a96ab745,24,2024-07-30T00:00:00,SUBSCRIPTION_START,False,True,FULL_OBSERVED_JOURNEY,VALID_WITH_WARNING,2,subscriptions
event_f4cefaec2f2594bc,EventInstance,event_f4cefaec2f2594bc,20,2024-12-10T00:00:00,FEATURE,False,False,FULL_OBSERVED_JOURNEY,VALID,3,feature_usage
event_f4e27221eefab774,EventInstance,event_f4e27221eefab774,5,2024-10-04T00:00:00,FEATURE,False,False,FULL_OBSERVED_JOURNEY,VALID,3,feature_usage
event_f4eab2766c14852b,EventInstance,event_f4eab2766c14852b,2,2024-01-30T00:00:00,SUBSCRIPTION_START,False,False,FULL_OBSERVED_JOURNEY,VALID,2,subscriptions
event_f4f4b53aa4460776,EventInstance,event_f4f4b53aa4460776,12,2024-05-07T00:00:00,SUBSCRIPTION_START,False,False,BETWEEN_RECURRING_CHURNS,VALID,2,subscriptions
event_f4f8a5bc1611d3f4,EventInstance,event_f4f8a5bc1611d3f4,15,2024-10-08T00:00:00,FEATURE,False,False,PRE_FIRST_CHURN,VALID,3,feature_usage
event_f513be4397d13bcb,EventInstance,event_f513be4397d13bcb,17,2024-08-28T00:00:00,SUBSCRIPTION_START,False,False,FULL_OBSERVED_JOURNEY,VALID,2,subscriptions
event_f51aa3ea5b60d9d0,EventInstance,event_f51aa3ea5b60d9d0,9,2024-03-31T00:00:00,FEATURE,True,False,LANDMARK_90D_JOURNEY,VALID,3,feature_usage
event_f51ad3575b7cd81e,EventInstance,event_f51ad3575b7cd81e,13,2024-12-24T00:00:00,SUBSCRIPTION_START,False,False,FULL_OBSERVED_JOURNEY,VALID,2,subscriptions
event_f52ef115d5c1bbc6,EventInstance,event_f52ef115d5c1bbc6,3,2024-07-07T00:00:00,SUBSCRIPTION_START,True,False,LANDMARK_90D_JOURNEY,VALID,2,subscriptions
event_f5313ba19db4c815,EventInstance,event_f5313ba19db4c815,15,2023-09-30T00:00:00,SUPPORT_OPEN,False,False,FULL_OBSERVED_JOURNEY,VALID,4,support_tickets
event_f536c4ea7a65240c,EventInstance,event_f536c4ea7a65240c,1,2023-08-13T00:00:00,ACCOUNT,True,False,FULL_OBSERVED_JOURNEY,VALID,1,accounts
event_f59eab0104492825,EventInstance,event_f59eab0104492825,3,2023-12-26T00:00:00,SUPPORT_OPEN,False,True,LANDMARK_30D_JOURNEY,VALID_WITH_WARNING,4,support_tickets
event_f5a6247e17b097b9,EventInstance,event_f5a6247e17b097b9,20,2024-10-12T00:00:00,SUBSCRIPTION_START,False,False,FULL_OBSERVED_JOURNEY,VALID,2,subscriptions
event_f5c5114f5b728fad,EventInstance,event_f5c5114f5b728fad,23,2024-08-31T00:00:00,SUBSCRIPTION_START,False,False,FULL_OBSERVED_JOURNEY,VALID,2,subscriptions
event_f5d2d0c2e937b8c2,EventInstance,event_f5d2d0c2e937b8c2,4,2024-08-08T00:00:00,SUBSCRIPTION_START,False,False,FULL_OBSERVED_JOURNEY,VALID,2,subscriptions
event_f602f26bc0d623e5,EventInstance,event_f602f26bc0d623e5,3,2024-02-27T00:00:00,SUBSCRIPTION_START,False,False,PRE_FIRST_CHURN,VALID,2,subscriptions
event_f60ed5921db0737d,EventInstance,event_f60ed5921db0737d,3,2024-09-25T00:00:00,SUBSCRIPTION_START,False,False,FULL_OBSERVED_JOURNEY,VALID,2,subscriptions
event_f62588a0fd181dfd,EventInstance,event_f62588a0fd181dfd,6,2024-01-10T00:00:00,FEATURE,False,False,FULL_OBSERVED_JOURNEY,VALID,3,feature_usage
event_f626ce6234cae43c,EventInstance,event_f626ce6234cae43c,7,2024-11-02T00:00:00,FEATURE,False,False,LANDMARK_60D_JOURNEY,VALID,3,feature_usage
event_f6333adbdfb9e2e6,EventInstance,event_f6333adbdfb9e2e6,2,2024-11-19T00:00:00,SUBSCRIPTION_START,False,False,PRE_FIRST_CHURN,VALID,2,subscriptions
event_f6463d13024a0449,EventInstance,event_f6463d13024a0449,11,2024-10-23T00:00:00,SUBSCRIPTION_START,False,False,LANDMARK_90D_JOURNEY,VALID,2,subscriptions
event_f64a8b43fad96788,EventInstance,event_f64a8b43fad96788,14,2023-10-12T00:00:00,SUBSCRIPTION_START,False,False,PRE_FIRST_CHURN,VALID,2,subscriptions
event_f66102f57862891c,EventInstance,event_f66102f57862891c,9,2024-06-09T00:00:00,SUBSCRIPTION_START,False,False,FULL_OBSERVED_JOURNEY,VALID,2,subscriptions
event_f66b75bc92046b62,EventInstance,event_f66b75bc92046b62,4,2024-05-17T00:00:00,FEATURE,True,False,LANDMARK_90D_JOURNEY,VALID,3,feature_usage
event_f67941f64f38673b,EventInstance,event_f67941f64f38673b,9,2024-12-03T00:00:00,SUBSCRIPTION_END,False,False,LANDMARK_60D_JOURNEY,VALID,8,subscriptions
event_f69413c4aaa2ea64,EventInstance,event_f69413c4aaa2ea64,3,2024-07-10T00:00:00,FEATURE,False,False,LANDMARK_60D_JOURNEY,VALID,3,feature_usage
event_f69ab09235794944,EventInstance,event_f69ab09235794944,1,2024-11-28T00:00:00,ACCOUNT,True,False,FULL_OBSERVED_JOURNEY,VALID,1,accounts
event_f6a0cbfee1d49c7b,EventInstance,event_f6a0cbfee1d49c7b,1,2023-04-21T00:00:00,SUBSCRIPTION_START,True,False,LANDMARK_30D_JOURNEY,VALID,2,subscriptions
event_f6beaaa6831207ad,EventInstance,event_f6beaaa6831207ad,12,2024-10-18T00:00:00,SUBSCRIPTION_START,False,False,LANDMARK_90D_JOURNEY,VALID,2,subscriptions
event_f72f5c7508b7557f,EventInstance,event_f72f5c7508b7557f,27,2024-12-05T00:00:00,FEATURE,False,False,FULL_OBSERVED_JOURNEY,VALID,3,feature_usage
event_f7823c23bdc11373,EventInstance,event_f7823c23bdc11373,8,2023-09-23T00:00:00,FEATURE,False,False,BETWEEN_RECURRING_CHURNS,VALID,3,feature_usage
event_f7aad3e3b44a94b0,EventInstance,event_f7aad3e3b44a94b0,12,2024-12-05T00:00:00,SUBSCRIPTION_START,False,True,FULL_OBSERVED_JOURNEY,VALID_WITH_WARNING,2,subscriptions
event_f7acd581076cf749,EventInstance,event_f7acd581076cf749,35,2024-09-27T00:00:00,FEATURE,False,False,FULL_OBSERVED_JOURNEY,VALID,3,feature_usage
event_f80b48e8b552eb67,EventInstance,event_f80b48e8b552eb67,1,2024-02-02T00:00:00,SUBSCRIPTION_START,True,False,LANDMARK_30D_JOURNEY,VALID,2,subscriptions
event_f8b4626ab793f7db,EventInstance,event_f8b4626ab793f7db,1,2024-07-26T00:00:00,ACCOUNT,True,False,PRE_FIRST_CHURN,VALID,1,accounts
event_f8be3684000c872d,EventInstance,event_f8be3684000c872d,6,2023-04-05T00:00:00,SUBSCRIPTION_START,False,False,LANDMARK_90D_JOURNEY,VALID,2,subscriptions
event_f8ca8a10e40cab39,EventInstance,event_f8ca8a10e40cab39,31,2024-12-20T00:00:00,FEATURE,True,False,FULL_OBSERVED_JOURNEY,VALID,3,feature_usage
event_f9072705177c7a1f,EventInstance,event_f9072705177c7a1f,3,2024-09-30T00:00:00,SUBSCRIPTION_START,True,False,LANDMARK_60D_JOURNEY,VALID,2,subscriptions
event_f911e84823cd945c,EventInstance,event_f911e84823cd945c,3,2024-09-19T00:00:00,SUBSCRIPTION_START,False,False,LANDMARK_90D_JOURNEY,VALID,2,subscriptions
event_f919155043c7c716,EventInstance,event_f919155043c7c716,2,2023-12-04T00:00:00,SUPPORT_OPEN,False,False,FULL_OBSERVED_JOURNEY,VALID,4,support_tickets
event_f92a7205aab44d61,EventInstance,event_f92a7205aab44d61,2,2023-03-11T00:00:00,SUBSCRIPTION_START,False,False,PRE_FIRST_CHURN,VALID,2,subscriptions
event_f92d2d3825a1f140,EventInstance,event_f92d2d3825a1f140,11,2024-05-08T00:00:00,FEATURE,False,False,FULL_OBSERVED_JOURNEY,VALID,3,feature_usage
event_f93627f4b4f906b2,EventInstance,event_f93627f4b4f906b2,6,2024-09-16T00:00:00,SUPPORT_CLOSE,False,False,FULL_OBSERVED_JOURNEY,VALID,5,support_tickets
event_f943f086d2830952,EventInstance,event_f943f086d2830952,21,2024-07-13T00:00:00,FEATURE,False,False,FULL_OBSERVED_JOURNEY,VALID,3,feature_usage
event_f94dd86b5194f1d4,EventInstance,event_f94dd86b5194f1d4,52,2024-11-13T00:00:00,FEATURE,False,False,FULL_OBSERVED_JOURNEY,VALID,3,feature_usage
event_f962bc0ce6ed5926,EventInstance,event_f962bc0ce6ed5926,5,2024-10-09T00:00:00,SUBSCRIPTION_START,False,False,LANDMARK_60D_JOURNEY,VALID,2,subscriptions
event_f965694753e4bce7,EventInstance,event_f965694753e4bce7,4,2023-11-18T00:00:00,SUBSCRIPTION_START,False,True,FULL_OBSERVED_JOURNEY,VALID_WITH_WARNING,2,subscriptions
event_f982182ad8f34121,EventInstance,event_f982182ad8f34121,1,2023-09-28T00:00:00,ACCOUNT,True,False,FULL_OBSERVED_JOURNEY,VALID,1,accounts
event_f9b6c684cd15b043,EventInstance,event_f9b6c684cd15b043,7,2024-04-01T00:00:00,SUBSCRIPTION_START,False,False,LANDMARK_90D_JOURNEY,VALID,2,subscriptions
event_f9c1be8f3257f0c1,EventInstance,event_f9c1be8f3257f0c1,6,2023-05-17T00:00:00,FEATURE,False,False,PRE_FIRST_CHURN,VALID,3,feature_usage
event_f9f205098f702a60,EventInstance,event_f9f205098f702a60,15,2024-12-26T00:00:00,CHURN,True,True,LANDMARK_30D_JOURNEY,VALID_WITH_WARNING,6,churn_events
event_f9fad50d7e824a6b,EventInstance,event_f9fad50d7e824a6b,5,2024-10-06T00:00:00,CHURN,True,True,LANDMARK_90D_JOURNEY,VALID_WITH_WARNING,6,churn_events
event_fa0a94a67076845f,EventInstance,event_fa0a94a67076845f,1,2023-07-03T00:00:00,SUBSCRIPTION_START,True,False,LANDMARK_30D_JOURNEY,VALID,2,subscriptions
event_fa100849b507b560,EventInstance,event_fa100849b507b560,12,2024-12-09T00:00:00,SUBSCRIPTION_END,False,True,FULL_OBSERVED_JOURNEY,VALID_WITH_WARNING,8,subscriptions
event_fa4fa89e84c6f197,EventInstance,event_fa4fa89e84c6f197,9,2024-12-04T00:00:00,SUBSCRIPTION_START,False,False,FULL_OBSERVED_JOURNEY,VALID,2,subscriptions
event_fa97f1253a976acd,EventInstance,event_fa97f1253a976acd,12,2024-12-03T00:00:00,SUBSCRIPTION_START,False,False,FULL_OBSERVED_JOURNEY,VALID,2,subscriptions
event_faa281a9cedd2294,EventInstance,event_faa281a9cedd2294,3,2023-11-20T00:00:00,SUBSCRIPTION_START,False,False,FULL_OBSERVED_JOURNEY,VALID,2,subscriptions
event_fab47064ff2447f0,EventInstance,event_fab47064ff2447f0,1,2023-08-15T00:00:00,SUBSCRIPTION_START,True,False,LANDMARK_90D_JOURNEY,VALID,2,subscriptions
event_fac5c298d465a9fb,EventInstance,event_fac5c298d465a9fb,15,2024-12-09T00:00:00,SUBSCRIPTION_END,False,True,FULL_OBSERVED_JOURNEY,VALID_WITH_WARNING,8,subscriptions
event_faec4ce2f701d680,EventInstance,event_faec4ce2f701d680,2,2024-08-16T00:00:00,SUBSCRIPTION_START,True,True,LANDMARK_30D_JOURNEY,VALID_WITH_WARNING,2,subscriptions
event_fb0afbf3f9f414a1,EventInstance,event_fb0afbf3f9f414a1,11,2024-10-13T00:00:00,SUPPORT_OPEN,False,False,FULL_OBSERVED_JOURNEY,VALID,4,support_tickets
event_fb0b53e2e6d119d3,EventInstance,event_fb0b53e2e6d119d3,8,2024-07-25T00:00:00,FEATURE,False,False,FULL_OBSERVED_JOURNEY,VALID,3,feature_usage
event_fb189b5fae5d58b7,EventInstance,event_fb189b5fae5d58b7,2,2023-02-23T00:00:00,FEATURE,True,False,LANDMARK_30D_JOURNEY,VALID,3,feature_usage
event_fb4cb90403b96382,EventInstance,event_fb4cb90403b96382,6,2024-02-03T00:00:00,FEATURE,False,False,FULL_OBSERVED_JOURNEY,VALID,3,feature_usage
event_fb6e251a99161dfb,EventInstance,event_fb6e251a99161dfb,3,2024-01-03T00:00:00,CHURN,True,False,PRE_FIRST_CHURN,VALID,6,churn_events
event_fb7d189467dc9a73,EventInstance,event_fb7d189467dc9a73,4,2024-10-03T00:00:00,CHURN,True,False,FULL_OBSERVED_JOURNEY,VALID,6,churn_events
event_fbb774843f1e5f85,EventInstance,event_fbb774843f1e5f85,8,2024-09-07T00:00:00,FEATURE,False,False,FULL_OBSERVED_JOURNEY,VALID,3,feature_usage
event_fbc008eb36f6d54c,EventInstance,event_fbc008eb36f6d54c,7,2024-10-27T00:00:00,FEATURE,False,False,POST_REACTIVATION,VALID,3,feature_usage
event_fbdf8e1915e4961c,EventInstance,event_fbdf8e1915e4961c,24,2024-12-21T00:00:00,FEATURE,False,False,FULL_OBSERVED_JOURNEY,VALID,3,feature_usage
event_fbe86412c1c1a594,EventInstance,event_fbe86412c1c1a594,3,2023-08-18T00:00:00,SUBSCRIPTION_START,False,False,LANDMARK_60D_JOURNEY,VALID,2,subscriptions
event_fbfa9e371af31674,EventInstance,event_fbfa9e371af31674,8,2023-06-12T00:00:00,FEATURE,False,False,PRE_FIRST_CHURN,VALID,3,feature_usage
event_fc12846102e3d160,EventInstance,event_fc12846102e3d160,5,2023-04-03T00:00:00,FEATURE,False,False,LANDMARK_90D_JOURNEY,VALID,3,feature_usage
event_fc2380224f4228eb,EventInstance,event_fc2380224f4228eb,1,2023-03-22T00:00:00,ACCOUNT,True,False,FULL_OBSERVED_JOURNEY,VALID,1,accounts
event_fc2e4664748f2005,EventInstance,event_fc2e4664748f2005,7,2024-11-25T00:00:00,SUBSCRIPTION_END,False,False,LANDMARK_30D_JOURNEY,VALID,8,subscriptions
event_fc44d7e6453d69c4,EventInstance,event_fc44d7e6453d69c4,33,2024-12-07T00:00:00,FEATURE,False,False,FULL_OBSERVED_JOURNEY,VALID,3,feature_usage
event_fc7d7daac5ca1cf0,EventInstance,event_fc7d7daac5ca1cf0,5,2024-09-03T00:00:00,CHURN,True,False,LANDMARK_60D_JOURNEY,VALID,6,churn_events
event_fcb46e99224bd9f7,EventInstance,event_fcb46e99224bd9f7,3,2024-10-25T00:00:00,SUBSCRIPTION_START,False,False,FULL_OBSERVED_JOURNEY,VALID,2,subscriptions
event_fcb5ef298a890f7a,EventInstance,event_fcb5ef298a890f7a,2,2024-01-30T00:00:00,SUBSCRIPTION_START,True,False,LANDMARK_30D_JOURNEY,VALID,2,subscriptions
event_fcbdc745ce392f6a,EventInstance,event_fcbdc745ce392f6a,4,2024-12-28T00:00:00,SUBSCRIPTION_START,False,True,FULL_OBSERVED_JOURNEY,VALID_WITH_WARNING,2,subscriptions
event_fcf156d146d3c6ce,EventInstance,event_fcf156d146d3c6ce,8,2024-07-22T00:00:00,FEATURE,False,False,FULL_OBSERVED_JOURNEY,VALID,3,feature_usage
event_fd87180a737a5221,EventInstance,event_fd87180a737a5221,13,2024-10-13T00:00:00,FEATURE,False,True,FULL_OBSERVED_JOURNEY,VALID_WITH_WARNING,3,feature_usage
event_fdb7eef5c736718b,EventInstance,event_fdb7eef5c736718b,3,2024-11-08T00:00:00,SUBSCRIPTION_START,False,False,LANDMARK_30D_JOURNEY,VALID,2,subscriptions
event_fdbf3d25bd6ba6fe,EventInstance,event_fdbf3d25bd6ba6fe,29,2024-12-09T00:00:00,FEATURE,False,False,FULL_OBSERVED_JOURNEY,VALID,3,feature_usage
event_fe21431d668152d6,EventInstance,event_fe21431d668152d6,13,2024-11-01T00:00:00,SUBSCRIPTION_START,False,True,FULL_OBSERVED_JOURNEY,VALID_WITH_WARNING,2,subscriptions
event_fe3da362b8aebbe1,EventInstance,event_fe3da362b8aebbe1,31,2024-12-20T00:00:00,FEATURE,True,False,FULL_OBSERVED_JOURNEY,VALID,3,feature_usage
event_fe58e58f77cb6ff3,EventInstance,event_fe58e58f77cb6ff3,33,2024-11-22T00:00:00,FEATURE,False,False,FULL_OBSERVED_JOURNEY,VALID,3,feature_usage
event_fe6c5b671dabfeea,EventInstance,event_fe6c5b671dabfeea,5,2024-05-09T00:00:00,CHURN,True,True,BETWEEN_RECURRING_CHURNS,VALID_WITH_WARNING,6,churn_events
event_fe75e7255d60ce2f,EventInstance,event_fe75e7255d60ce2f,1,2023-11-14T00:00:00,ACCOUNT,True,False,PRE_FIRST_CHURN,VALID,1,accounts
event_fe831b8274f3039a,EventInstance,event_fe831b8274f3039a,1,2024-04-25T00:00:00,ACCOUNT,True,False,FULL_OBSERVED_JOURNEY,VALID,1,accounts
event_fe9b367ccf996bdb,EventInstance,event_fe9b367ccf996bdb,3,2023-12-23T00:00:00,SUBSCRIPTION_START,True,False,LANDMARK_30D_JOURNEY,VALID,2,subscriptions
event_fea0eae2bdb885c8,EventInstance,event_fea0eae2bdb885c8,13,2024-12-02T00:00:00,SUBSCRIPTION_START,False,True,FULL_OBSERVED_JOURNEY,VALID_WITH_WARNING,2,subscriptions
event_fec90e556a12166f,EventInstance,event_fec90e556a12166f,6,2024-09-28T00:00:00,SUBSCRIPTION_START,False,True,FULL_OBSERVED_JOURNEY,VALID_WITH_WARNING,2,subscriptions
event_feca4cce01815629,EventInstance,event_feca4cce01815629,5,2024-05-05T00:00:00,SUBSCRIPTION_START,False,False,FULL_OBSERVED_JOURNEY,VALID,2,subscriptions
event_fecba8ec017582d5,EventInstance,event_fecba8ec017582d5,5,2024-07-01T00:00:00,SUBSCRIPTION_START,False,False,LANDMARK_90D_JOURNEY,VALID,2,subscriptions
event_fed5e16816512c02,EventInstance,event_fed5e16816512c02,20,2024-08-30T00:00:00,FEATURE,False,False,FULL_OBSERVED_JOURNEY,VALID,3,feature_usage
event_fee291cf510310eb,EventInstance,event_fee291cf510310eb,2,2023-12-10T00:00:00,SUBSCRIPTION_END,False,False,BETWEEN_RECURRING_CHURNS,VALID,8,subscriptions
event_ff0b729b31184d30,EventInstance,event_ff0b729b31184d30,1,2023-11-14T00:00:00,SUBSCRIPTION_START,True,False,LANDMARK_60D_JOURNEY,VALID,2,subscriptions
event_ff15743ef1ce5238,EventInstance,event_ff15743ef1ce5238,21,2024-09-01T09:00:00,SUPPORT_CLOSE,False,True,FULL_OBSERVED_JOURNEY,VALID_WITH_WARNING,5,support_tickets
event_ff3b1f646e5bfaaa,EventInstance,event_ff3b1f646e5bfaaa,11,2024-09-01T00:00:00,FEATURE,False,False,FULL_OBSERVED_JOURNEY,VALID,3,feature_usage
event_ff4f6b9ecb7e53fb,EventInstance,event_ff4f6b9ecb7e53fb,3,2024-07-26T00:00:00,FEATURE,False,False,LANDMARK_60D_JOURNEY,VALID,3,feature_usage
event_ff89336390085fa9,EventInstance,event_ff89336390085fa9,21,2024-11-29T00:00:00,SUBSCRIPTION_START,False,False,FULL_OBSERVED_JOURNEY,VALID,2,subscriptions
event_ffb2806c2ab2d4d6,EventInstance,event_ffb2806c2ab2d4d6,27,2024-10-16T00:00:00,SUBSCRIPTION_START,False,False,FULL_OBSERVED_JOURNEY,VALID,2,subscriptions
event_ffdd20bd6dff81bf,EventInstance,event_ffdd20bd6dff81bf,21,2024-09-07T00:00:00,FEATURE,False,False,FULL_OBSERVED_JOURNEY,VALID,3,feature_usage
event_ffea01b648373597,EventInstance,event_ffea01b648373597,15,2024-07-25T00:00:00,SUPPORT_OPEN,False,False,FULL_OBSERVED_JOURNEY,VALID,4,support_tickets
event_fff160ff8a1a9b71,EventInstance,event_fff160ff8a1a9b71,16,2024-10-26T00:00:00,SUBSCRIPTION_END,False,False,LANDMARK_90D_JOURNEY,VALID,8,subscriptions
