:START_ID,:END_ID,:TYPE,classification_source,relationship_key
journey_708786a1250d1a41,taxonomy_j09,CLASSIFIED_AS,ACCOUNT_TAXONOMY_PHASE5,rel_00074a041dc276c2
journey_d53f0665196375cd,taxonomy_j04,CLASSIFIED_AS,ACCOUNT_TAXONOMY_PHASE5,rel_001116e21ae67790
journey_d7600a123470eca5,taxonomy_j08,CLASSIFIED_AS,ACCOUNT_TAXONOMY_PHASE5,rel_00202b97a3ef7594
journey_f201aee0b21ed116,taxonomy_j05,CLASSIFIED_AS,ACCOUNT_TAXONOMY_PHASE5,rel_002d1d9c34679f7b
journey_30c1238500db9f87,taxonomy_j03,CLASSIFIED_AS,ACCOUNT_TAXONOMY_PHASE5,rel_003fdb8c5fff97ef
journey_26e92b6e3fa22676,taxonomy_j07,CLASSIFIED_AS,ACCOUNT_TAXONOMY_PHASE5,rel_0053c7c4e2e3a8c6
journey_930cccc754439815,taxonomy_j08,CLASSIFIED_AS,ACCOUNT_TAXONOMY_PHASE5,rel_00575618d9082217
journey_d2c424da9caa83fd,taxonomy_j10,CLASSIFIED_AS,ACCOUNT_TAXONOMY_PHASE5,rel_005c95c6787a8437
journey_c47d4a203a603a00,taxonomy_j01,CLASSIFIED_AS,ACCOUNT_TAXONOMY_PHASE5,rel_0061acc7b34427a3
journey_a0466e5499751aee,taxonomy_j03,CLASSIFIED_AS,ACCOUNT_TAXONOMY_PHASE5,rel_0092732c26daa79e
journey_a26909d6db116715,taxonomy_j09,CLASSIFIED_AS,ACCOUNT_TAXONOMY_PHASE5,rel_00b42d3f70f38c92
journey_877fe122b6dcf259,taxonomy_j04,CLASSIFIED_AS,ACCOUNT_TAXONOMY_PHASE5,rel_00c35bd0ab90060f
journey_1afb8e4932e70cf3,taxonomy_j08,CLASSIFIED_AS,ACCOUNT_TAXONOMY_PHASE5,rel_00d46687f5116e37
journey_b7fd80679f1f8f1d,taxonomy_j09,CLASSIFIED_AS,ACCOUNT_TAXONOMY_PHASE5,rel_00ff253c84e1afcf
journey_c37b7a048192fca9,taxonomy_j04,CLASSIFIED_AS,ACCOUNT_TAXONOMY_PHASE5,rel_0108a930683de9c8
journey_1be60fdd47497e98,taxonomy_j05,CLASSIFIED_AS,ACCOUNT_TAXONOMY_PHASE5,rel_012011d1da7aaa37
journey_2a2efe5c13660f7f,taxonomy_j08,CLASSIFIED_AS,ACCOUNT_TAXONOMY_PHASE5,rel_012d5a9edb5f9608
journey_25853c5d50b8e9e7,taxonomy_j09,CLASSIFIED_AS,ACCOUNT_TAXONOMY_PHASE5,rel_013d3d17454f9284
journey_ed7eb2d83bd01a70,taxonomy_j03,CLASSIFIED_AS,ACCOUNT_TAXONOMY_PHASE5,rel_0153fa160466e4d4
journey_05c1342d971f512d,taxonomy_j05,CLASSIFIED_AS,ACCOUNT_TAXONOMY_PHASE5,rel_0158544d7f4e54a6
journey_e268e48a4b7ee503,taxonomy_j01,CLASSIFIED_AS,ACCOUNT_TAXONOMY_PHASE5,rel_01666fb4b8c77d31
journey_407adc461d96f754,taxonomy_j10,CLASSIFIED_AS,ACCOUNT_TAXONOMY_PHASE5,rel_016a8a3a3c312d9f
journey_893fd7b64b393152,taxonomy_j05,CLASSIFIED_AS,ACCOUNT_TAXONOMY_PHASE5,rel_016cf79e65a7cafc
journey_3d974f874b1125f0,taxonomy_j05,CLASSIFIED_AS,ACCOUNT_TAXONOMY_PHASE5,rel_01736bd6395a975f
journey_ad1777d3e9bee739,taxonomy_j04,CLASSIFIED_AS,ACCOUNT_TAXONOMY_PHASE5,rel_019137f112eb930d
journey_fb2ec51d99b7cb0f,taxonomy_j04,CLASSIFIED_AS,ACCOUNT_TAXONOMY_PHASE5,rel_01a16f37faf87e92
journey_0b5a8a3698ef0883,taxonomy_j04,CLASSIFIED_AS,ACCOUNT_TAXONOMY_PHASE5,rel_01a621c23054b269
journey_f927ee8628a4f343,taxonomy_j04,CLASSIFIED_AS,ACCOUNT_TAXONOMY_PHASE5,rel_01b1ae523b2a53a6
journey_32c03e96b38c2717,taxonomy_j05,CLASSIFIED_AS,ACCOUNT_TAXONOMY_PHASE5,rel_01d7dc622dc8d0ef
journey_3c4333724a9bb7fc,taxonomy_j09,CLASSIFIED_AS,ACCOUNT_TAXONOMY_PHASE5,rel_01f00a1254c854fc
journey_e7387161e15a2749,taxonomy_j04,CLASSIFIED_AS,ACCOUNT_TAXONOMY_PHASE5,rel_0213f1c61f21bd8b
journey_103ff1cf85bce7fe,taxonomy_j09,CLASSIFIED_AS,ACCOUNT_TAXONOMY_PHASE5,rel_02552f526a15bcd7
journey_d09c3a91c6f2abd8,taxonomy_j04,CLASSIFIED_AS,ACCOUNT_TAXONOMY_PHASE5,rel_025ee8136739b9fd
journey_08fe51e3f898596b,taxonomy_j10,CLASSIFIED_AS,ACCOUNT_TAXONOMY_PHASE5,rel_02629f707d12db44
journey_ce56416bb0057e34,taxonomy_j05,CLASSIFIED_AS,ACCOUNT_TAXONOMY_PHASE5,rel_0275c46fe9217d1f
journey_f3c00f24390d1055,taxonomy_j05,CLASSIFIED_AS,ACCOUNT_TAXONOMY_PHASE5,rel_0296efc11022b77a
journey_84a2edfed61af600,taxonomy_j04,CLASSIFIED_AS,ACCOUNT_TAXONOMY_PHASE5,rel_02aa8846fdce8ede
journey_2daa9853d7a040fb,taxonomy_j04,CLASSIFIED_AS,ACCOUNT_TAXONOMY_PHASE5,rel_02b211cd20b3229c
journey_265ee310980fa950,taxonomy_j05,CLASSIFIED_AS,ACCOUNT_TAXONOMY_PHASE5,rel_02bc4fa0d834da52
journey_69343dc21529ae2e,taxonomy_j08,CLASSIFIED_AS,ACCOUNT_TAXONOMY_PHASE5,rel_02c0001c5b6ef702
journey_563ca1230d3142a2,taxonomy_j04,CLASSIFIED_AS,ACCOUNT_TAXONOMY_PHASE5,rel_02c4504ccfab2cce
journey_9fc9365324ccf480,taxonomy_j10,CLASSIFIED_AS,ACCOUNT_TAXONOMY_PHASE5,rel_02cc95b11025e53f
journey_dd3f8c1f88f77877,taxonomy_j09,CLASSIFIED_AS,ACCOUNT_TAXONOMY_PHASE5,rel_02e5fbd1cb7f4044
journey_49b266f9c42220c2,taxonomy_j04,CLASSIFIED_AS,ACCOUNT_TAXONOMY_PHASE5,rel_02e86a07ebf1b5e5
journey_27cc6751723b3c6a,taxonomy_j04,CLASSIFIED_AS,ACCOUNT_TAXONOMY_PHASE5,rel_02f15d2ce2e9ebcd
journey_458753d77f3dec90,taxonomy_j09,CLASSIFIED_AS,ACCOUNT_TAXONOMY_PHASE5,rel_02ff2d9f2c7cb2bb
journey_6ca8319129b50a31,taxonomy_j01,CLASSIFIED_AS,ACCOUNT_TAXONOMY_PHASE5,rel_0318d8aed3927197
journey_8306bd20fc039be7,taxonomy_j09,CLASSIFIED_AS,ACCOUNT_TAXONOMY_PHASE5,rel_03471392270c3e50
journey_92e97557606fd2a5,taxonomy_j08,CLASSIFIED_AS,ACCOUNT_TAXONOMY_PHASE5,rel_0355ff4ff0d202a8
journey_17f098dd15d37c51,taxonomy_j04,CLASSIFIED_AS,ACCOUNT_TAXONOMY_PHASE5,rel_0363081693374511
journey_be90d5719c1fde93,taxonomy_j04,CLASSIFIED_AS,ACCOUNT_TAXONOMY_PHASE5,rel_0378414dcb38ff74
journey_37fd3ecd3a7ae7cb,taxonomy_j01,CLASSIFIED_AS,ACCOUNT_TAXONOMY_PHASE5,rel_03881238c50b324c
journey_bc66db76e3eef385,taxonomy_j05,CLASSIFIED_AS,ACCOUNT_TAXONOMY_PHASE5,rel_038a052a40c2e918
journey_414e99feab52ff38,taxonomy_j01,CLASSIFIED_AS,ACCOUNT_TAXONOMY_PHASE5,rel_038e347d1f90ebd5
journey_26cefc1ca8f6bbe3,taxonomy_j04,CLASSIFIED_AS,ACCOUNT_TAXONOMY_PHASE5,rel_039bfcf0330ff8ec
journey_774de896583b0f40,taxonomy_j04,CLASSIFIED_AS,ACCOUNT_TAXONOMY_PHASE5,rel_03a037348030abcf
journey_3a13080cbd0ed794,taxonomy_j09,CLASSIFIED_AS,ACCOUNT_TAXONOMY_PHASE5,rel_03b26d0fd597d7af
journey_d07c20d588b905b3,taxonomy_j04,CLASSIFIED_AS,ACCOUNT_TAXONOMY_PHASE5,rel_03b595e045913d5b
journey_eae9056a8e5a3303,taxonomy_j05,CLASSIFIED_AS,ACCOUNT_TAXONOMY_PHASE5,rel_03ba8875247814b4
journey_71d5bdd4ebbad8f6,taxonomy_j01,CLASSIFIED_AS,ACCOUNT_TAXONOMY_PHASE5,rel_03d1455d9670a84d
journey_6f409bcff1a269de,taxonomy_j01,CLASSIFIED_AS,ACCOUNT_TAXONOMY_PHASE5,rel_03d8fceeca203898
journey_324dd511bc111ef8,taxonomy_j04,CLASSIFIED_AS,ACCOUNT_TAXONOMY_PHASE5,rel_03eb68f46e903d12
journey_88e757c43060add1,taxonomy_j03,CLASSIFIED_AS,ACCOUNT_TAXONOMY_PHASE5,rel_03f8ecda290aef8d
journey_9956d38d8d552b9e,taxonomy_j05,CLASSIFIED_AS,ACCOUNT_TAXONOMY_PHASE5,rel_0402facd43993f33
journey_04e76f150912f80a,taxonomy_j05,CLASSIFIED_AS,ACCOUNT_TAXONOMY_PHASE5,rel_040598fc2bea8582
journey_5d13209dd5d6b640,taxonomy_j04,CLASSIFIED_AS,ACCOUNT_TAXONOMY_PHASE5,rel_040fffae521f51f3
journey_5da01ecfd765ff95,taxonomy_j04,CLASSIFIED_AS,ACCOUNT_TAXONOMY_PHASE5,rel_042342253b333ce9
journey_b1de36620f6e74c7,taxonomy_j04,CLASSIFIED_AS,ACCOUNT_TAXONOMY_PHASE5,rel_04382971a4f5dc02
journey_650149813e7f0673,taxonomy_j05,CLASSIFIED_AS,ACCOUNT_TAXONOMY_PHASE5,rel_044638157718ca5d
journey_729e16bc5542d10e,taxonomy_j04,CLASSIFIED_AS,ACCOUNT_TAXONOMY_PHASE5,rel_04494c3e699b0233
journey_838e3ec48103cd81,taxonomy_j09,CLASSIFIED_AS,ACCOUNT_TAXONOMY_PHASE5,rel_044d6c473a2ec204
journey_5ea9db6cac83b056,taxonomy_j09,CLASSIFIED_AS,ACCOUNT_TAXONOMY_PHASE5,rel_0457bfaef884e816
journey_0ec45cabe96ab4b8,taxonomy_j03,CLASSIFIED_AS,ACCOUNT_TAXONOMY_PHASE5,rel_0492dbfd71354c59
journey_1ecf831d475242fc,taxonomy_j04,CLASSIFIED_AS,ACCOUNT_TAXONOMY_PHASE5,rel_04b312f729bf6114
journey_3337e41484a9cebe,taxonomy_j08,CLASSIFIED_AS,ACCOUNT_TAXONOMY_PHASE5,rel_04b3e459a80891ab
journey_900c9b1b3f64d203,taxonomy_j05,CLASSIFIED_AS,ACCOUNT_TAXONOMY_PHASE5,rel_04c92ce8dc99e228
journey_5720df635bfd3e2b,taxonomy_j08,CLASSIFIED_AS,ACCOUNT_TAXONOMY_PHASE5,rel_04d3bb9100369465
journey_c54a5fc4e253229c,taxonomy_j04,CLASSIFIED_AS,ACCOUNT_TAXONOMY_PHASE5,rel_04f6184776f37ddc
journey_5ac275895b7095e9,taxonomy_j03,CLASSIFIED_AS,ACCOUNT_TAXONOMY_PHASE5,rel_0506d495d98ae74a
journey_7329631acd119566,taxonomy_j04,CLASSIFIED_AS,ACCOUNT_TAXONOMY_PHASE5,rel_0507b4ede913d0fa
journey_c9916faf7d9fe9d7,taxonomy_j06,CLASSIFIED_AS,ACCOUNT_TAXONOMY_PHASE5,rel_050d33966baec5fb
journey_a8e92818879346d3,taxonomy_j08,CLASSIFIED_AS,ACCOUNT_TAXONOMY_PHASE5,rel_051b75fa2f5c9b66
journey_16e9676014dbe6b9,taxonomy_j04,CLASSIFIED_AS,ACCOUNT_TAXONOMY_PHASE5,rel_0533cf942e64de5f
journey_5dc6bb7b29f69440,taxonomy_j04,CLASSIFIED_AS,ACCOUNT_TAXONOMY_PHASE5,rel_05580810c92fde90
journey_97b47a7428093dee,taxonomy_j04,CLASSIFIED_AS,ACCOUNT_TAXONOMY_PHASE5,rel_056b4e90d906e286
journey_4e4c3de91b0ebb1c,taxonomy_j05,CLASSIFIED_AS,ACCOUNT_TAXONOMY_PHASE5,rel_0591238390c28bb9
journey_32dec6b677bb30a2,taxonomy_j04,CLASSIFIED_AS,ACCOUNT_TAXONOMY_PHASE5,rel_05953a6bc17708d3
journey_0084364b888cebbe,taxonomy_j07,CLASSIFIED_AS,ACCOUNT_TAXONOMY_PHASE5,rel_059a0ba2dc90f501
journey_0392a5c6934f106a,taxonomy_j03,CLASSIFIED_AS,ACCOUNT_TAXONOMY_PHASE5,rel_05ac88e3c00160d0
journey_540773496c8a2186,taxonomy_j04,CLASSIFIED_AS,ACCOUNT_TAXONOMY_PHASE5,rel_05b772e5aaedf14e
journey_4bbf45106789da4d,taxonomy_j05,CLASSIFIED_AS,ACCOUNT_TAXONOMY_PHASE5,rel_05c4bcff7002f02b
journey_ed05f42e782708f6,taxonomy_j01,CLASSIFIED_AS,ACCOUNT_TAXONOMY_PHASE5,rel_05c65732200e4079
journey_7b464ef27b9f6038,taxonomy_j04,CLASSIFIED_AS,ACCOUNT_TAXONOMY_PHASE5,rel_05c7c306c793786a
journey_3078d396df07021f,taxonomy_j04,CLASSIFIED_AS,ACCOUNT_TAXONOMY_PHASE5,rel_05daaf8550fd0f5d
journey_77bb46ef1c6fabfa,taxonomy_j08,CLASSIFIED_AS,ACCOUNT_TAXONOMY_PHASE5,rel_05edb045498cd306
journey_2dbf6a3735002889,taxonomy_j09,CLASSIFIED_AS,ACCOUNT_TAXONOMY_PHASE5,rel_060029853b83c959
journey_a35f7b919ba6b55e,taxonomy_j04,CLASSIFIED_AS,ACCOUNT_TAXONOMY_PHASE5,rel_06383061edd127e5
journey_a7106180083afb3d,taxonomy_j04,CLASSIFIED_AS,ACCOUNT_TAXONOMY_PHASE5,rel_064f1a91de685e3c
journey_a009004ceffc91c3,taxonomy_j09,CLASSIFIED_AS,ACCOUNT_TAXONOMY_PHASE5,rel_066cb81e884e72d5
journey_909af22a97281ab0,taxonomy_j09,CLASSIFIED_AS,ACCOUNT_TAXONOMY_PHASE5,rel_0673269007d2ff5a
journey_381a15b77b624d68,taxonomy_j04,CLASSIFIED_AS,ACCOUNT_TAXONOMY_PHASE5,rel_0690efe92ac05975
journey_c608847516873edc,taxonomy_j03,CLASSIFIED_AS,ACCOUNT_TAXONOMY_PHASE5,rel_0692a77bc7b8d05c
journey_c23aab67d59fa85c,taxonomy_j04,CLASSIFIED_AS,ACCOUNT_TAXONOMY_PHASE5,rel_06ad1284569464e4
journey_4c5b773ff14806c5,taxonomy_j09,CLASSIFIED_AS,ACCOUNT_TAXONOMY_PHASE5,rel_06b83090603f099c
journey_58cd9cb27255bddc,taxonomy_j04,CLASSIFIED_AS,ACCOUNT_TAXONOMY_PHASE5,rel_06ba24e926592ea6
journey_d5e922de6e16e342,taxonomy_j08,CLASSIFIED_AS,ACCOUNT_TAXONOMY_PHASE5,rel_06baa185744cc07d
journey_698d9fcba5c53301,taxonomy_j05,CLASSIFIED_AS,ACCOUNT_TAXONOMY_PHASE5,rel_06bc86f48cc8bd7a
journey_28457db7204acfae,taxonomy_j08,CLASSIFIED_AS,ACCOUNT_TAXONOMY_PHASE5,rel_06d98ccdaa02d943
journey_6bfdfe072b89ed64,taxonomy_j09,CLASSIFIED_AS,ACCOUNT_TAXONOMY_PHASE5,rel_06e1e4369a828974
journey_860e586f62f9622a,taxonomy_j05,CLASSIFIED_AS,ACCOUNT_TAXONOMY_PHASE5,rel_06f668a003649708
journey_a57842fd561d551a,taxonomy_j05,CLASSIFIED_AS,ACCOUNT_TAXONOMY_PHASE5,rel_0705e5d8832b3860
journey_e0e3748ed6fe5843,taxonomy_j01,CLASSIFIED_AS,ACCOUNT_TAXONOMY_PHASE5,rel_070dde244452b573
journey_f517dae61b6dceee,taxonomy_j10,CLASSIFIED_AS,ACCOUNT_TAXONOMY_PHASE5,rel_07146d1d43618975
journey_f4fe4980ca2d3d60,taxonomy_j04,CLASSIFIED_AS,ACCOUNT_TAXONOMY_PHASE5,rel_075b6a3603ed7b83
journey_29f54a26aa5c8d08,taxonomy_j10,CLASSIFIED_AS,ACCOUNT_TAXONOMY_PHASE5,rel_077542dd9e60bb6b
journey_8da83078bcd2f46f,taxonomy_j07,CLASSIFIED_AS,ACCOUNT_TAXONOMY_PHASE5,rel_078853dbeaa9aed5
journey_3505d63287ed9a37,taxonomy_j10,CLASSIFIED_AS,ACCOUNT_TAXONOMY_PHASE5,rel_078fa23d3b0b72de
journey_2c6e80b375c71d6b,taxonomy_j05,CLASSIFIED_AS,ACCOUNT_TAXONOMY_PHASE5,rel_07ac2aef2942b1d2
journey_8908516554b30df5,taxonomy_j08,CLASSIFIED_AS,ACCOUNT_TAXONOMY_PHASE5,rel_07ad8b2d2643db46
journey_aa98e9376cd85c8d,taxonomy_j05,CLASSIFIED_AS,ACCOUNT_TAXONOMY_PHASE5,rel_07aee0a85036ac3c
journey_5d7f6e994c90f467,taxonomy_j05,CLASSIFIED_AS,ACCOUNT_TAXONOMY_PHASE5,rel_07c04a15afaf38d3
journey_76518885eb8a8a9c,taxonomy_j05,CLASSIFIED_AS,ACCOUNT_TAXONOMY_PHASE5,rel_07cec5516ffd563f
journey_bcae63cc72ea1014,taxonomy_j09,CLASSIFIED_AS,ACCOUNT_TAXONOMY_PHASE5,rel_07dd105bcb343ec0
journey_309df8b9dd3d4492,taxonomy_j10,CLASSIFIED_AS,ACCOUNT_TAXONOMY_PHASE5,rel_07e5f627ff837a2f
journey_1c080a7bad159574,taxonomy_j08,CLASSIFIED_AS,ACCOUNT_TAXONOMY_PHASE5,rel_07e628387e53dadd
journey_367b84d21025e770,taxonomy_j10,CLASSIFIED_AS,ACCOUNT_TAXONOMY_PHASE5,rel_07e73d5bf344d241
journey_4b0953d62b46f19f,taxonomy_j02,CLASSIFIED_AS,ACCOUNT_TAXONOMY_PHASE5,rel_07e7f3e5f23c569c
journey_378fad413ac53fde,taxonomy_j01,CLASSIFIED_AS,ACCOUNT_TAXONOMY_PHASE5,rel_07f2c0b4e1b570cb
journey_be0838073237f63d,taxonomy_j09,CLASSIFIED_AS,ACCOUNT_TAXONOMY_PHASE5,rel_07f348d2270225ed
journey_ccfdf469ec11c860,taxonomy_j08,CLASSIFIED_AS,ACCOUNT_TAXONOMY_PHASE5,rel_0802bb73573beb61
journey_b276a69fb45048c7,taxonomy_j01,CLASSIFIED_AS,ACCOUNT_TAXONOMY_PHASE5,rel_0802cb5b0aa75960
journey_044de88c2ee5e5d0,taxonomy_j05,CLASSIFIED_AS,ACCOUNT_TAXONOMY_PHASE5,rel_0824d42007c2faa6
journey_77f5f6ef5b6ed361,taxonomy_j03,CLASSIFIED_AS,ACCOUNT_TAXONOMY_PHASE5,rel_082b691388bd6e47
journey_649c71ef11c8eff8,taxonomy_j08,CLASSIFIED_AS,ACCOUNT_TAXONOMY_PHASE5,rel_0839afb2f0f0beda
journey_0f7464361744b4f6,taxonomy_j08,CLASSIFIED_AS,ACCOUNT_TAXONOMY_PHASE5,rel_0844148ecaebbc30
journey_6f2ab92f93923a40,taxonomy_j04,CLASSIFIED_AS,ACCOUNT_TAXONOMY_PHASE5,rel_084527bff9615030
journey_d938d44a1c68b04f,taxonomy_j04,CLASSIFIED_AS,ACCOUNT_TAXONOMY_PHASE5,rel_08467056ba02f1bd
journey_d395b23040715596,taxonomy_j08,CLASSIFIED_AS,ACCOUNT_TAXONOMY_PHASE5,rel_084d8563c634c0ca
journey_4554069c07d84034,taxonomy_j04,CLASSIFIED_AS,ACCOUNT_TAXONOMY_PHASE5,rel_0857f738c27ea959
journey_eccfdacd94724d47,taxonomy_j10,CLASSIFIED_AS,ACCOUNT_TAXONOMY_PHASE5,rel_08630d5bfdba4018
journey_3aa55a990adb569d,taxonomy_j09,CLASSIFIED_AS,ACCOUNT_TAXONOMY_PHASE5,rel_0870049a942083f1
journey_02f38ab7b5b4fd53,taxonomy_j10,CLASSIFIED_AS,ACCOUNT_TAXONOMY_PHASE5,rel_087aa3318304817d
journey_ec64f9242cb8c45d,taxonomy_j03,CLASSIFIED_AS,ACCOUNT_TAXONOMY_PHASE5,rel_08909978375516db
journey_bec6ee81567efbc1,taxonomy_j09,CLASSIFIED_AS,ACCOUNT_TAXONOMY_PHASE5,rel_089fd7da4e9c619c
journey_45e52c25469e49a7,taxonomy_j09,CLASSIFIED_AS,ACCOUNT_TAXONOMY_PHASE5,rel_08a739b303589f6c
journey_4759f695b1bba01c,taxonomy_j08,CLASSIFIED_AS,ACCOUNT_TAXONOMY_PHASE5,rel_08be9b32dcca7dcb
journey_132908bea2af1ac6,taxonomy_j04,CLASSIFIED_AS,ACCOUNT_TAXONOMY_PHASE5,rel_08bf83fd181e4a52
journey_af0d92d411159460,taxonomy_j04,CLASSIFIED_AS,ACCOUNT_TAXONOMY_PHASE5,rel_08d3acb123095384
journey_158fdf7fc5a9a14c,taxonomy_j08,CLASSIFIED_AS,ACCOUNT_TAXONOMY_PHASE5,rel_08dc36cd502a16c7
journey_08e7ff87651e6561,taxonomy_j04,CLASSIFIED_AS,ACCOUNT_TAXONOMY_PHASE5,rel_08fa4bb85e427cdd
journey_4a152bf6f327c7cf,taxonomy_j09,CLASSIFIED_AS,ACCOUNT_TAXONOMY_PHASE5,rel_090c874574dd0d48
journey_36bc84ce9b50327d,taxonomy_j05,CLASSIFIED_AS,ACCOUNT_TAXONOMY_PHASE5,rel_092cbafc8e03eb9c
journey_4974cc3f65ee0f97,taxonomy_j04,CLASSIFIED_AS,ACCOUNT_TAXONOMY_PHASE5,rel_0943f7077f874610
journey_e6d12e3bb4d20e9f,taxonomy_j10,CLASSIFIED_AS,ACCOUNT_TAXONOMY_PHASE5,rel_094401a52e64a2c8
journey_28eb96c65507b409,taxonomy_j05,CLASSIFIED_AS,ACCOUNT_TAXONOMY_PHASE5,rel_094d118d42c9a71e
journey_ea247333bb903816,taxonomy_j05,CLASSIFIED_AS,ACCOUNT_TAXONOMY_PHASE5,rel_095d533900dda285
journey_585966768ad05fce,taxonomy_j04,CLASSIFIED_AS,ACCOUNT_TAXONOMY_PHASE5,rel_096f4cffdfe2e5cb
journey_5b7454f3ddb2171c,taxonomy_j05,CLASSIFIED_AS,ACCOUNT_TAXONOMY_PHASE5,rel_097c79b82086ccfb
journey_b668a57429367299,taxonomy_j07,CLASSIFIED_AS,ACCOUNT_TAXONOMY_PHASE5,rel_0987330cd01a1917
journey_30437f1f5bdfc3e9,taxonomy_j04,CLASSIFIED_AS,ACCOUNT_TAXONOMY_PHASE5,rel_098f3f8b34bdede2
journey_f6f52182c998e22f,taxonomy_j07,CLASSIFIED_AS,ACCOUNT_TAXONOMY_PHASE5,rel_0997c7f654841dcc
journey_10497a1b3ecb1e59,taxonomy_j08,CLASSIFIED_AS,ACCOUNT_TAXONOMY_PHASE5,rel_09ae3e55f887aa04
journey_c5a564b4b56dde5b,taxonomy_j01,CLASSIFIED_AS,ACCOUNT_TAXONOMY_PHASE5,rel_09c6bb7e22241eb9
journey_e9835f8b2d2a0b93,taxonomy_j04,CLASSIFIED_AS,ACCOUNT_TAXONOMY_PHASE5,rel_09daf623f6e754e0
journey_e9591bbdf88f8211,taxonomy_j04,CLASSIFIED_AS,ACCOUNT_TAXONOMY_PHASE5,rel_09eab337237fa818
journey_abe2f1e987c506e5,taxonomy_j01,CLASSIFIED_AS,ACCOUNT_TAXONOMY_PHASE5,rel_0a19a3078f60530e
journey_499eaabf369b0286,taxonomy_j04,CLASSIFIED_AS,ACCOUNT_TAXONOMY_PHASE5,rel_0a3a88983ab915cc
journey_bd0b10f90c8ef6f5,taxonomy_j02,CLASSIFIED_AS,ACCOUNT_TAXONOMY_PHASE5,rel_0a48272276658725
journey_ab3d68da2c9d652d,taxonomy_j04,CLASSIFIED_AS,ACCOUNT_TAXONOMY_PHASE5,rel_0a4d11e3c48c2d7f
journey_4e09b6806abdec8b,taxonomy_j04,CLASSIFIED_AS,ACCOUNT_TAXONOMY_PHASE5,rel_0a51107968d60993
journey_f8b9a0ce5a482803,taxonomy_j04,CLASSIFIED_AS,ACCOUNT_TAXONOMY_PHASE5,rel_0a5185bcded01372
journey_6c0ac0b36bd12edd,taxonomy_j04,CLASSIFIED_AS,ACCOUNT_TAXONOMY_PHASE5,rel_0a69ee8b12b3b919
journey_53f9fd8bcacf9aac,taxonomy_j05,CLASSIFIED_AS,ACCOUNT_TAXONOMY_PHASE5,rel_0a7434b1f2e40ede
journey_b19b5a4d11817182,taxonomy_j04,CLASSIFIED_AS,ACCOUNT_TAXONOMY_PHASE5,rel_0a7909e0a2ddb574
journey_7bc72c549ecf3204,taxonomy_j10,CLASSIFIED_AS,ACCOUNT_TAXONOMY_PHASE5,rel_0a7ead35bd7be9f4
journey_a2fcf3cafee76e91,taxonomy_j09,CLASSIFIED_AS,ACCOUNT_TAXONOMY_PHASE5,rel_0a92a59276ccf9a9
journey_20aa6a605c650989,taxonomy_j04,CLASSIFIED_AS,ACCOUNT_TAXONOMY_PHASE5,rel_0a9379bb8cd3c126
journey_5ea5f6e932435196,taxonomy_j01,CLASSIFIED_AS,ACCOUNT_TAXONOMY_PHASE5,rel_0a9b18e0555efeab
journey_6364b9727411358b,taxonomy_j02,CLASSIFIED_AS,ACCOUNT_TAXONOMY_PHASE5,rel_0abd6cdfdfc4b25f
journey_b6e3acd4d99b1135,taxonomy_j01,CLASSIFIED_AS,ACCOUNT_TAXONOMY_PHASE5,rel_0ac0d136189f7b46
journey_704e85bdc42460c0,taxonomy_j04,CLASSIFIED_AS,ACCOUNT_TAXONOMY_PHASE5,rel_0ac308d62056c203
journey_7c832e038efa3807,taxonomy_j03,CLASSIFIED_AS,ACCOUNT_TAXONOMY_PHASE5,rel_0ae757d96bc664d0
journey_a482f48ad93a905a,taxonomy_j04,CLASSIFIED_AS,ACCOUNT_TAXONOMY_PHASE5,rel_0af101fc80f19226
journey_e6e8fa435d0987e4,taxonomy_j01,CLASSIFIED_AS,ACCOUNT_TAXONOMY_PHASE5,rel_0af33a7fbd17c826
journey_b8559ff0aa073129,taxonomy_j04,CLASSIFIED_AS,ACCOUNT_TAXONOMY_PHASE5,rel_0b1c2590573cd7f6
journey_6f7185f9abb62b56,taxonomy_j09,CLASSIFIED_AS,ACCOUNT_TAXONOMY_PHASE5,rel_0b1c9d1f4afffa1e
journey_bb43d2a290ffac23,taxonomy_j04,CLASSIFIED_AS,ACCOUNT_TAXONOMY_PHASE5,rel_0b21f29c258c4d31
journey_e6ec97417f21987a,taxonomy_j10,CLASSIFIED_AS,ACCOUNT_TAXONOMY_PHASE5,rel_0b2b8f019dbbe073
journey_e905a3534244c455,taxonomy_j01,CLASSIFIED_AS,ACCOUNT_TAXONOMY_PHASE5,rel_0b2f6b72ebd0fb4d
journey_46a9459a16fcb13c,taxonomy_j04,CLASSIFIED_AS,ACCOUNT_TAXONOMY_PHASE5,rel_0b33844091a52152
journey_6cc989786b3e95ec,taxonomy_j01,CLASSIFIED_AS,ACCOUNT_TAXONOMY_PHASE5,rel_0b3514e3ab63181f
journey_c444ee6982f5f240,taxonomy_j04,CLASSIFIED_AS,ACCOUNT_TAXONOMY_PHASE5,rel_0b37cf42224b9c0f
journey_8dd1983bfaf85aa5,taxonomy_j05,CLASSIFIED_AS,ACCOUNT_TAXONOMY_PHASE5,rel_0b43b55912bc2d4c
journey_3092b4b454c2d84b,taxonomy_j04,CLASSIFIED_AS,ACCOUNT_TAXONOMY_PHASE5,rel_0b488f9228ce698a
journey_d222290fa43bae4c,taxonomy_j08,CLASSIFIED_AS,ACCOUNT_TAXONOMY_PHASE5,rel_0b4f0a924d77b31b
journey_63dadbcf56977d62,taxonomy_j05,CLASSIFIED_AS,ACCOUNT_TAXONOMY_PHASE5,rel_0b80199b7b315612
journey_18882c2ef0ab8d66,taxonomy_j09,CLASSIFIED_AS,ACCOUNT_TAXONOMY_PHASE5,rel_0b83b4367943dfe3
journey_054c7fec5bfaf41f,taxonomy_j10,CLASSIFIED_AS,ACCOUNT_TAXONOMY_PHASE5,rel_0b9ebcefe9e8c4fe
journey_a2c799550fc07a8f,taxonomy_j07,CLASSIFIED_AS,ACCOUNT_TAXONOMY_PHASE5,rel_0ba84980f02f39d9
journey_513bcd6b91865330,taxonomy_j04,CLASSIFIED_AS,ACCOUNT_TAXONOMY_PHASE5,rel_0bb6b24f9ab71096
journey_1e0516a853bf1fc2,taxonomy_j04,CLASSIFIED_AS,ACCOUNT_TAXONOMY_PHASE5,rel_0bda578339d1116f
journey_c53b8e020a72cb3a,taxonomy_j08,CLASSIFIED_AS,ACCOUNT_TAXONOMY_PHASE5,rel_0bdfdc380f3f0864
journey_9fe1bd3953a29969,taxonomy_j08,CLASSIFIED_AS,ACCOUNT_TAXONOMY_PHASE5,rel_0be06817468e7847
journey_58be21b4e3d0f3f3,taxonomy_j02,CLASSIFIED_AS,ACCOUNT_TAXONOMY_PHASE5,rel_0bfd12315f9f807a
journey_d44b3f6d5470b243,taxonomy_j03,CLASSIFIED_AS,ACCOUNT_TAXONOMY_PHASE5,rel_0c073c7f7277bcf2
journey_8525ad5a04461acf,taxonomy_j04,CLASSIFIED_AS,ACCOUNT_TAXONOMY_PHASE5,rel_0c2585355c5301e3
journey_18461206fad541eb,taxonomy_j03,CLASSIFIED_AS,ACCOUNT_TAXONOMY_PHASE5,rel_0c2f31e74cb83748
journey_91da5a8d9b4e7b8c,taxonomy_j08,CLASSIFIED_AS,ACCOUNT_TAXONOMY_PHASE5,rel_0c33b1dc13c4372b
journey_1fa0eae86784f47f,taxonomy_j04,CLASSIFIED_AS,ACCOUNT_TAXONOMY_PHASE5,rel_0c415a363275cb05
journey_4d0204096dcc7723,taxonomy_j08,CLASSIFIED_AS,ACCOUNT_TAXONOMY_PHASE5,rel_0c4d00ce8f144705
journey_90c278bd5e4399a4,taxonomy_j10,CLASSIFIED_AS,ACCOUNT_TAXONOMY_PHASE5,rel_0c61f137a3573811
journey_3663e7d3d8433f43,taxonomy_j03,CLASSIFIED_AS,ACCOUNT_TAXONOMY_PHASE5,rel_0c6f0c71f782caa9
journey_476784c22adcc6d9,taxonomy_j03,CLASSIFIED_AS,ACCOUNT_TAXONOMY_PHASE5,rel_0c71a3e69ab1942a
journey_9aa21b662caee740,taxonomy_j02,CLASSIFIED_AS,ACCOUNT_TAXONOMY_PHASE5,rel_0ca126e1a5c93a2b
journey_abaccfb6a6a0d9b8,taxonomy_j05,CLASSIFIED_AS,ACCOUNT_TAXONOMY_PHASE5,rel_0caef87cf6c83a24
journey_e072bd07316b02cf,taxonomy_j09,CLASSIFIED_AS,ACCOUNT_TAXONOMY_PHASE5,rel_0cc867b37dacc4c5
journey_397e87d5b8ec8bcc,taxonomy_j09,CLASSIFIED_AS,ACCOUNT_TAXONOMY_PHASE5,rel_0cf7261866e76565
journey_0e891b170a6278b3,taxonomy_j07,CLASSIFIED_AS,ACCOUNT_TAXONOMY_PHASE5,rel_0d0250d4a6845d86
journey_9011a2a2b5fd2b4d,taxonomy_j04,CLASSIFIED_AS,ACCOUNT_TAXONOMY_PHASE5,rel_0d093214f799c69c
journey_32d5441529f6b659,taxonomy_j09,CLASSIFIED_AS,ACCOUNT_TAXONOMY_PHASE5,rel_0d0f4110da7bf661
journey_1e1ad48318833749,taxonomy_j09,CLASSIFIED_AS,ACCOUNT_TAXONOMY_PHASE5,rel_0d1034812daac63b
journey_200511b52e878aaf,taxonomy_j05,CLASSIFIED_AS,ACCOUNT_TAXONOMY_PHASE5,rel_0d2234b50b8d3434
journey_73e2474b6e067da6,taxonomy_j09,CLASSIFIED_AS,ACCOUNT_TAXONOMY_PHASE5,rel_0d269a57575fa4cc
journey_4d9774031d1a115a,taxonomy_j04,CLASSIFIED_AS,ACCOUNT_TAXONOMY_PHASE5,rel_0d492978126cdab1
journey_f82eb265717eedcf,taxonomy_j04,CLASSIFIED_AS,ACCOUNT_TAXONOMY_PHASE5,rel_0d594e4fed0d04f6
journey_39d3772a8a78c016,taxonomy_j10,CLASSIFIED_AS,ACCOUNT_TAXONOMY_PHASE5,rel_0d771ff2a7385bc6
journey_74cfd5fe654b659c,taxonomy_j05,CLASSIFIED_AS,ACCOUNT_TAXONOMY_PHASE5,rel_0d7cc979db5434d3
journey_302c91ac1ec774fd,taxonomy_j09,CLASSIFIED_AS,ACCOUNT_TAXONOMY_PHASE5,rel_0d8ba0eeacb11392
journey_c6288fb4eef1ab5a,taxonomy_j09,CLASSIFIED_AS,ACCOUNT_TAXONOMY_PHASE5,rel_0da902b690f99335
journey_1f610df2115be7da,taxonomy_j09,CLASSIFIED_AS,ACCOUNT_TAXONOMY_PHASE5,rel_0dac7eed5181edc9
journey_812643f6e3a29965,taxonomy_j04,CLASSIFIED_AS,ACCOUNT_TAXONOMY_PHASE5,rel_0db9e1cc89a97534
journey_8e47eea36e2a733a,taxonomy_j04,CLASSIFIED_AS,ACCOUNT_TAXONOMY_PHASE5,rel_0dbe0461a4cace85
journey_f6c8b0cadb966f73,taxonomy_j07,CLASSIFIED_AS,ACCOUNT_TAXONOMY_PHASE5,rel_0dc8b8a0ed3b87bb
journey_3dbd6c8013b7a414,taxonomy_j08,CLASSIFIED_AS,ACCOUNT_TAXONOMY_PHASE5,rel_0dceed2c561ba1c4
journey_ebcf5c50d7b66239,taxonomy_j05,CLASSIFIED_AS,ACCOUNT_TAXONOMY_PHASE5,rel_0de2f3c59fb8f031
journey_539c20cf58823478,taxonomy_j09,CLASSIFIED_AS,ACCOUNT_TAXONOMY_PHASE5,rel_0de9b5a19bac53f9
journey_62e3e664f16172b6,taxonomy_j01,CLASSIFIED_AS,ACCOUNT_TAXONOMY_PHASE5,rel_0dfb14c39ec5d6d2
journey_d0fbfc4428a01723,taxonomy_j08,CLASSIFIED_AS,ACCOUNT_TAXONOMY_PHASE5,rel_0dfb97056a623d96
journey_4f5c68baa3c0b70d,taxonomy_j04,CLASSIFIED_AS,ACCOUNT_TAXONOMY_PHASE5,rel_0e008cb7d4193546
journey_4950dbdac64b2acc,taxonomy_j09,CLASSIFIED_AS,ACCOUNT_TAXONOMY_PHASE5,rel_0e0c241bfe9e9f04
journey_21870473c33d027b,taxonomy_j01,CLASSIFIED_AS,ACCOUNT_TAXONOMY_PHASE5,rel_0e18a3950d69fdcc
journey_2063a7feccf3daac,taxonomy_j04,CLASSIFIED_AS,ACCOUNT_TAXONOMY_PHASE5,rel_0e1a712411aaa39f
journey_670e8ad4483abb32,taxonomy_j10,CLASSIFIED_AS,ACCOUNT_TAXONOMY_PHASE5,rel_0e27085477456df7
journey_1b03061e07cbabfa,taxonomy_j01,CLASSIFIED_AS,ACCOUNT_TAXONOMY_PHASE5,rel_0e37de2bf44cfa35
journey_c1bf0b87efc79be4,taxonomy_j03,CLASSIFIED_AS,ACCOUNT_TAXONOMY_PHASE5,rel_0e4828bcda8d69f4
journey_c349daf95c445808,taxonomy_j04,CLASSIFIED_AS,ACCOUNT_TAXONOMY_PHASE5,rel_0e552a89d770ec6b
journey_e9acfe334853a8e0,taxonomy_j09,CLASSIFIED_AS,ACCOUNT_TAXONOMY_PHASE5,rel_0e87fea97ad216d7
journey_d856b7f5959983ba,taxonomy_j04,CLASSIFIED_AS,ACCOUNT_TAXONOMY_PHASE5,rel_0e9bad70211d0e20
journey_9eafe4d61156ebe2,taxonomy_j08,CLASSIFIED_AS,ACCOUNT_TAXONOMY_PHASE5,rel_0ea97e427a8db142
journey_3b2a6fac9ac6c125,taxonomy_j05,CLASSIFIED_AS,ACCOUNT_TAXONOMY_PHASE5,rel_0ec545bc6827b1e9
journey_c1058624fed58379,taxonomy_j04,CLASSIFIED_AS,ACCOUNT_TAXONOMY_PHASE5,rel_0ed7a6ca3cbbf101
journey_a64aa454c681e5ab,taxonomy_j01,CLASSIFIED_AS,ACCOUNT_TAXONOMY_PHASE5,rel_0eda173c175024ab
journey_817fd1ab92934880,taxonomy_j10,CLASSIFIED_AS,ACCOUNT_TAXONOMY_PHASE5,rel_0edbd630f7f92e12
journey_2e2273a698a06899,taxonomy_j04,CLASSIFIED_AS,ACCOUNT_TAXONOMY_PHASE5,rel_0ef3cf904e1f06ae
journey_65efa4c04a66e33d,taxonomy_j04,CLASSIFIED_AS,ACCOUNT_TAXONOMY_PHASE5,rel_0f078ffe4431ec4c
journey_c01faa0e5ecdcced,taxonomy_j01,CLASSIFIED_AS,ACCOUNT_TAXONOMY_PHASE5,rel_0f12c8d7cec587c3
journey_dddec07bb3bfe6f5,taxonomy_j10,CLASSIFIED_AS,ACCOUNT_TAXONOMY_PHASE5,rel_0f1c97461094f7ab
journey_b898d59d29712270,taxonomy_j01,CLASSIFIED_AS,ACCOUNT_TAXONOMY_PHASE5,rel_0f3a8f20b402c1b4
journey_a7b43b8ab7d45f38,taxonomy_j04,CLASSIFIED_AS,ACCOUNT_TAXONOMY_PHASE5,rel_0f44bbf79d64ac25
journey_85800a8b92951264,taxonomy_j09,CLASSIFIED_AS,ACCOUNT_TAXONOMY_PHASE5,rel_0f50821aac9cb02c
journey_5cf889c987ef4b50,taxonomy_j10,CLASSIFIED_AS,ACCOUNT_TAXONOMY_PHASE5,rel_0f64fbc87a3824c2
journey_afd9e408177a44ee,taxonomy_j04,CLASSIFIED_AS,ACCOUNT_TAXONOMY_PHASE5,rel_0f8a6742cbf8d220
journey_005de666633f65f1,taxonomy_j04,CLASSIFIED_AS,ACCOUNT_TAXONOMY_PHASE5,rel_0f91988c0131c31c
journey_b317892b16ae30da,taxonomy_j10,CLASSIFIED_AS,ACCOUNT_TAXONOMY_PHASE5,rel_0f9a19f2683387b8
journey_6229e8894a328977,taxonomy_j05,CLASSIFIED_AS,ACCOUNT_TAXONOMY_PHASE5,rel_0fc6e6cf77da20fe
journey_90462de2d25a6289,taxonomy_j04,CLASSIFIED_AS,ACCOUNT_TAXONOMY_PHASE5,rel_0fea28077e532b34
journey_aba6c8b39e9c9ea3,taxonomy_j09,CLASSIFIED_AS,ACCOUNT_TAXONOMY_PHASE5,rel_0ff68d906698da39
journey_7b0c2bf629933da9,taxonomy_j09,CLASSIFIED_AS,ACCOUNT_TAXONOMY_PHASE5,rel_101e2c3a46e59747
journey_65e69ca28216d42b,taxonomy_j03,CLASSIFIED_AS,ACCOUNT_TAXONOMY_PHASE5,rel_1022620364c5d656
journey_3d9548d37681fd1e,taxonomy_j09,CLASSIFIED_AS,ACCOUNT_TAXONOMY_PHASE5,rel_102f8e70f1bc34ec
journey_ef69c752653d5b5f,taxonomy_j10,CLASSIFIED_AS,ACCOUNT_TAXONOMY_PHASE5,rel_10304c78222a7943
journey_147d2ee1585514bd,taxonomy_j01,CLASSIFIED_AS,ACCOUNT_TAXONOMY_PHASE5,rel_10357ac87662446a
journey_d29e4a6759e3c01d,taxonomy_j01,CLASSIFIED_AS,ACCOUNT_TAXONOMY_PHASE5,rel_10360ac617515e41
journey_691b93eef979c8c4,taxonomy_j04,CLASSIFIED_AS,ACCOUNT_TAXONOMY_PHASE5,rel_104128f1c96b62dd
journey_d14d9700ad2d776a,taxonomy_j08,CLASSIFIED_AS,ACCOUNT_TAXONOMY_PHASE5,rel_105dc68e10f234b4
journey_f991f2d61851dbce,taxonomy_j09,CLASSIFIED_AS,ACCOUNT_TAXONOMY_PHASE5,rel_10617a232b869020
journey_37a1c103747b0298,taxonomy_j04,CLASSIFIED_AS,ACCOUNT_TAXONOMY_PHASE5,rel_1067ce43c859b8c5
journey_c784c893f73a74fc,taxonomy_j08,CLASSIFIED_AS,ACCOUNT_TAXONOMY_PHASE5,rel_1068fd5a4442e052
journey_354843b38b61ceef,taxonomy_j04,CLASSIFIED_AS,ACCOUNT_TAXONOMY_PHASE5,rel_106eefc1a305075a
journey_7c207ccad2d4a38e,taxonomy_j10,CLASSIFIED_AS,ACCOUNT_TAXONOMY_PHASE5,rel_1078a86ed1ceffc4
journey_f8621752e810a26b,taxonomy_j04,CLASSIFIED_AS,ACCOUNT_TAXONOMY_PHASE5,rel_108b1b7114084151
journey_4fa138d9d44168aa,taxonomy_j07,CLASSIFIED_AS,ACCOUNT_TAXONOMY_PHASE5,rel_1098753925d2cf46
journey_3a2202c653c1b54c,taxonomy_j03,CLASSIFIED_AS,ACCOUNT_TAXONOMY_PHASE5,rel_10cfbddc85317859
journey_0735a404d59135f6,taxonomy_j04,CLASSIFIED_AS,ACCOUNT_TAXONOMY_PHASE5,rel_10d9384200a70329
journey_37a2ded974566289,taxonomy_j04,CLASSIFIED_AS,ACCOUNT_TAXONOMY_PHASE5,rel_10e850c8e6a35619
journey_07b1f7a663ad3a46,taxonomy_j04,CLASSIFIED_AS,ACCOUNT_TAXONOMY_PHASE5,rel_10e8b07d7b606134
journey_8dd268b1fabd843b,taxonomy_j09,CLASSIFIED_AS,ACCOUNT_TAXONOMY_PHASE5,rel_110e2d7f333972c8
journey_582cbc6d0c2ad79d,taxonomy_j08,CLASSIFIED_AS,ACCOUNT_TAXONOMY_PHASE5,rel_1115ab2d0554e18f
journey_030939ca762232fd,taxonomy_j05,CLASSIFIED_AS,ACCOUNT_TAXONOMY_PHASE5,rel_1118542cc045a12b
journey_fbd7d380f2890830,taxonomy_j04,CLASSIFIED_AS,ACCOUNT_TAXONOMY_PHASE5,rel_111aa3acc8017bf1
journey_a3424db7b906d8de,taxonomy_j04,CLASSIFIED_AS,ACCOUNT_TAXONOMY_PHASE5,rel_113414531f9cf329
journey_99b285287af4cbf3,taxonomy_j10,CLASSIFIED_AS,ACCOUNT_TAXONOMY_PHASE5,rel_113dc0a7795b0097
journey_2813d791a92836e7,taxonomy_j09,CLASSIFIED_AS,ACCOUNT_TAXONOMY_PHASE5,rel_114c0acb98e5f536
journey_b451cf6b448e257b,taxonomy_j08,CLASSIFIED_AS,ACCOUNT_TAXONOMY_PHASE5,rel_116d4d42ad08cbd1
journey_6f8cbe480e166adf,taxonomy_j04,CLASSIFIED_AS,ACCOUNT_TAXONOMY_PHASE5,rel_1183f9d488ac73a9
journey_e16313fb7ebdfd62,taxonomy_j04,CLASSIFIED_AS,ACCOUNT_TAXONOMY_PHASE5,rel_11a14051ebbef9ba
journey_1ded679231047949,taxonomy_j08,CLASSIFIED_AS,ACCOUNT_TAXONOMY_PHASE5,rel_11a7314bd2b25961
journey_cd7dc08e8504164d,taxonomy_j09,CLASSIFIED_AS,ACCOUNT_TAXONOMY_PHASE5,rel_11ac1808d4d5313d
journey_c827c0c267c95930,taxonomy_j04,CLASSIFIED_AS,ACCOUNT_TAXONOMY_PHASE5,rel_11ae89fe905a6102
journey_44c32e9c31785474,taxonomy_j04,CLASSIFIED_AS,ACCOUNT_TAXONOMY_PHASE5,rel_11b6cae5f71d972b
journey_74c7f83dba0867af,taxonomy_j04,CLASSIFIED_AS,ACCOUNT_TAXONOMY_PHASE5,rel_11b96f8da7eab0d5
journey_5e72decd7bc44402,taxonomy_j04,CLASSIFIED_AS,ACCOUNT_TAXONOMY_PHASE5,rel_11d69a54faa8593e
journey_bb05c5fdeb4922a9,taxonomy_j09,CLASSIFIED_AS,ACCOUNT_TAXONOMY_PHASE5,rel_11f2793157dc62d3
journey_7116ae554aa67d88,taxonomy_j03,CLASSIFIED_AS,ACCOUNT_TAXONOMY_PHASE5,rel_11fcfe56c7bfffba
journey_1feeaaa1eb2faf76,taxonomy_j04,CLASSIFIED_AS,ACCOUNT_TAXONOMY_PHASE5,rel_12053c5d009775e8
journey_abbe7052aaf11d3c,taxonomy_j05,CLASSIFIED_AS,ACCOUNT_TAXONOMY_PHASE5,rel_120d73112e97bf71
journey_5754cc23d8ae6414,taxonomy_j10,CLASSIFIED_AS,ACCOUNT_TAXONOMY_PHASE5,rel_120e86aea7a9cebb
journey_94a8c511a6ece8d1,taxonomy_j01,CLASSIFIED_AS,ACCOUNT_TAXONOMY_PHASE5,rel_12171017b0aea03d
journey_6655e25f7f6e012e,taxonomy_j01,CLASSIFIED_AS,ACCOUNT_TAXONOMY_PHASE5,rel_12191737c959767c
journey_9bfbebbfb186e4a0,taxonomy_j04,CLASSIFIED_AS,ACCOUNT_TAXONOMY_PHASE5,rel_121af17c2cac73c1
journey_8b9e12993a4e6a54,taxonomy_j08,CLASSIFIED_AS,ACCOUNT_TAXONOMY_PHASE5,rel_121f05805f57e9c9
journey_54722592dd2198b2,taxonomy_j05,CLASSIFIED_AS,ACCOUNT_TAXONOMY_PHASE5,rel_12312f3242891081
journey_19fa74ebf1468447,taxonomy_j04,CLASSIFIED_AS,ACCOUNT_TAXONOMY_PHASE5,rel_1238e74719170d07
journey_3d555e880a6c07a3,taxonomy_j01,CLASSIFIED_AS,ACCOUNT_TAXONOMY_PHASE5,rel_124ecce435d2138e
journey_3fe42afbc5178831,taxonomy_j02,CLASSIFIED_AS,ACCOUNT_TAXONOMY_PHASE5,rel_1252e216896d9276
journey_5ccfe8930ee64eb2,taxonomy_j09,CLASSIFIED_AS,ACCOUNT_TAXONOMY_PHASE5,rel_125fdb05c2105201
journey_41cfa857b9bb5615,taxonomy_j06,CLASSIFIED_AS,ACCOUNT_TAXONOMY_PHASE5,rel_1268b6a18e9bf536
journey_c721a825b2918f81,taxonomy_j04,CLASSIFIED_AS,ACCOUNT_TAXONOMY_PHASE5,rel_128235f90ae110b0
journey_b1eebbc8f63bf37d,taxonomy_j04,CLASSIFIED_AS,ACCOUNT_TAXONOMY_PHASE5,rel_1291289d9e1919ae
journey_c9133c61fdfa15a1,taxonomy_j08,CLASSIFIED_AS,ACCOUNT_TAXONOMY_PHASE5,rel_12983952d0c6518e
journey_a4d7b5cf3f0d39fc,taxonomy_j03,CLASSIFIED_AS,ACCOUNT_TAXONOMY_PHASE5,rel_12de01584f9ffb33
journey_c925691723a72b02,taxonomy_j04,CLASSIFIED_AS,ACCOUNT_TAXONOMY_PHASE5,rel_12ea2f0595c93ba2
journey_daa8ebcfea357a50,taxonomy_j08,CLASSIFIED_AS,ACCOUNT_TAXONOMY_PHASE5,rel_12f8bbbac66175ee
journey_4774f5d5db2eb21a,taxonomy_j08,CLASSIFIED_AS,ACCOUNT_TAXONOMY_PHASE5,rel_12f903aab7c4e80b
journey_673443aabe089586,taxonomy_j08,CLASSIFIED_AS,ACCOUNT_TAXONOMY_PHASE5,rel_13079b480d18fd48
journey_d9e5903d0b7be27a,taxonomy_j01,CLASSIFIED_AS,ACCOUNT_TAXONOMY_PHASE5,rel_131fd278909a7878
journey_273605227fe437f3,taxonomy_j09,CLASSIFIED_AS,ACCOUNT_TAXONOMY_PHASE5,rel_13259bdd2ab17d15
journey_66a3cd9329cac75c,taxonomy_j04,CLASSIFIED_AS,ACCOUNT_TAXONOMY_PHASE5,rel_133af2eddfd4581e
journey_3dcf97eb58fa7e1a,taxonomy_j04,CLASSIFIED_AS,ACCOUNT_TAXONOMY_PHASE5,rel_134a93961cd300b0
journey_263f0fd8ca10fbdc,taxonomy_j01,CLASSIFIED_AS,ACCOUNT_TAXONOMY_PHASE5,rel_13632615ca6da1f8
journey_8d6b517d482e19ee,taxonomy_j09,CLASSIFIED_AS,ACCOUNT_TAXONOMY_PHASE5,rel_137627b5d5620e21
journey_1662ed809b78882c,taxonomy_j09,CLASSIFIED_AS,ACCOUNT_TAXONOMY_PHASE5,rel_1380dfcdb25b3459
journey_9e5ae3dc5117943d,taxonomy_j07,CLASSIFIED_AS,ACCOUNT_TAXONOMY_PHASE5,rel_1383a5f40f58136c
journey_63efcbb6f5a4fd8e,taxonomy_j10,CLASSIFIED_AS,ACCOUNT_TAXONOMY_PHASE5,rel_13908be86d01a8ae
journey_e6a4955ff9688c21,taxonomy_j08,CLASSIFIED_AS,ACCOUNT_TAXONOMY_PHASE5,rel_13a370004b4edf37
journey_04e733795f4536bb,taxonomy_j08,CLASSIFIED_AS,ACCOUNT_TAXONOMY_PHASE5,rel_13a7581cdd9cdf1e
journey_c4b38a29ecb609f2,taxonomy_j01,CLASSIFIED_AS,ACCOUNT_TAXONOMY_PHASE5,rel_13b5bddddf9ff48e
journey_640dac50cdd326dd,taxonomy_j03,CLASSIFIED_AS,ACCOUNT_TAXONOMY_PHASE5,rel_13bfc8d0496be3a6
journey_5719f9046e74e5d1,taxonomy_j04,CLASSIFIED_AS,ACCOUNT_TAXONOMY_PHASE5,rel_13c315ad7effd867
journey_1ed534e9a2f1ff80,taxonomy_j04,CLASSIFIED_AS,ACCOUNT_TAXONOMY_PHASE5,rel_13c428907f5d3edd
journey_c83ee68b97aa5717,taxonomy_j05,CLASSIFIED_AS,ACCOUNT_TAXONOMY_PHASE5,rel_13c6aaa3f3ec8c7b
journey_a4de04a05cd47f32,taxonomy_j04,CLASSIFIED_AS,ACCOUNT_TAXONOMY_PHASE5,rel_13e9702187aac05f
journey_edf247a18f7357d8,taxonomy_j01,CLASSIFIED_AS,ACCOUNT_TAXONOMY_PHASE5,rel_140f826fa8042d20
journey_3518238a32d96ecc,taxonomy_j03,CLASSIFIED_AS,ACCOUNT_TAXONOMY_PHASE5,rel_142274c41dd59aa0
journey_98ffb068e6aabef2,taxonomy_j04,CLASSIFIED_AS,ACCOUNT_TAXONOMY_PHASE5,rel_1432de05c6385469
journey_cd4359d2460cdbc2,taxonomy_j10,CLASSIFIED_AS,ACCOUNT_TAXONOMY_PHASE5,rel_143a8ed515ad241f
journey_29f19074c399b6a2,taxonomy_j09,CLASSIFIED_AS,ACCOUNT_TAXONOMY_PHASE5,rel_1453593cd4d77f7a
journey_2603527464c497f2,taxonomy_j04,CLASSIFIED_AS,ACCOUNT_TAXONOMY_PHASE5,rel_14573f5a6b1d1e68
journey_96dc351acbdf8a66,taxonomy_j01,CLASSIFIED_AS,ACCOUNT_TAXONOMY_PHASE5,rel_146186b8b0fdd540
journey_482df38aeaf6a715,taxonomy_j08,CLASSIFIED_AS,ACCOUNT_TAXONOMY_PHASE5,rel_146c8a7b19ed484d
journey_e75864bafd551c39,taxonomy_j02,CLASSIFIED_AS,ACCOUNT_TAXONOMY_PHASE5,rel_149a623b68cd83f3
journey_89bdb315e8244b7b,taxonomy_j01,CLASSIFIED_AS,ACCOUNT_TAXONOMY_PHASE5,rel_14a1b1de4ada834d
journey_d499d07b07338cc4,taxonomy_j09,CLASSIFIED_AS,ACCOUNT_TAXONOMY_PHASE5,rel_14a57e3757fe19a1
journey_7c4a7f752dd878cd,taxonomy_j01,CLASSIFIED_AS,ACCOUNT_TAXONOMY_PHASE5,rel_14b432b0d7c3fd2e
journey_f5d115707e22c1d4,taxonomy_j04,CLASSIFIED_AS,ACCOUNT_TAXONOMY_PHASE5,rel_14c30dcce596ea75
journey_f0d63ead9e92c3e0,taxonomy_j01,CLASSIFIED_AS,ACCOUNT_TAXONOMY_PHASE5,rel_14e13b1b4787f725
journey_d2da610920dba44a,taxonomy_j04,CLASSIFIED_AS,ACCOUNT_TAXONOMY_PHASE5,rel_14e37483702f0bca
journey_4b993fe3f85576fd,taxonomy_j04,CLASSIFIED_AS,ACCOUNT_TAXONOMY_PHASE5,rel_14e81efd3973ec10
journey_d2b5e40b922c204c,taxonomy_j01,CLASSIFIED_AS,ACCOUNT_TAXONOMY_PHASE5,rel_14f78444b5e0f06e
journey_f74228f3ad985b4d,taxonomy_j09,CLASSIFIED_AS,ACCOUNT_TAXONOMY_PHASE5,rel_14fe083b7d025ddd
journey_7cf2adb29624b6ac,taxonomy_j03,CLASSIFIED_AS,ACCOUNT_TAXONOMY_PHASE5,rel_15023e4470813291
journey_ff35dc09e88ffcb8,taxonomy_j08,CLASSIFIED_AS,ACCOUNT_TAXONOMY_PHASE5,rel_150590e4b683ff96
journey_6e09d1479d83eb71,taxonomy_j09,CLASSIFIED_AS,ACCOUNT_TAXONOMY_PHASE5,rel_151faf6dc90faf29
journey_62999ec67d1e7709,taxonomy_j09,CLASSIFIED_AS,ACCOUNT_TAXONOMY_PHASE5,rel_1531dc3c84121f46
journey_9c79fe89e58d9d63,taxonomy_j05,CLASSIFIED_AS,ACCOUNT_TAXONOMY_PHASE5,rel_156747f7ced1242d
journey_0e90471631c0e803,taxonomy_j07,CLASSIFIED_AS,ACCOUNT_TAXONOMY_PHASE5,rel_15766667344f6480
journey_14e804ed1ee2dacf,taxonomy_j05,CLASSIFIED_AS,ACCOUNT_TAXONOMY_PHASE5,rel_159aa5894c84e209
journey_eac2bc639d84953f,taxonomy_j04,CLASSIFIED_AS,ACCOUNT_TAXONOMY_PHASE5,rel_159faa2e340b22d2
journey_f44334ef204bc795,taxonomy_j08,CLASSIFIED_AS,ACCOUNT_TAXONOMY_PHASE5,rel_15a530726e77b01a
journey_9c699925afe5c374,taxonomy_j10,CLASSIFIED_AS,ACCOUNT_TAXONOMY_PHASE5,rel_15c7073174741048
journey_3707cc3c677aa826,taxonomy_j08,CLASSIFIED_AS,ACCOUNT_TAXONOMY_PHASE5,rel_15d1e2653e59f702
journey_bd9d027ba0029c33,taxonomy_j04,CLASSIFIED_AS,ACCOUNT_TAXONOMY_PHASE5,rel_15ecdf32d058a142
journey_b8d1ef2ed462a2f9,taxonomy_j10,CLASSIFIED_AS,ACCOUNT_TAXONOMY_PHASE5,rel_15fad8abca584af0
journey_7bc67662c74d8d57,taxonomy_j03,CLASSIFIED_AS,ACCOUNT_TAXONOMY_PHASE5,rel_160cc42c923f4d17
journey_60058e6766ae1567,taxonomy_j05,CLASSIFIED_AS,ACCOUNT_TAXONOMY_PHASE5,rel_161243397df61fa6
journey_fcbfd869b5fdb547,taxonomy_j01,CLASSIFIED_AS,ACCOUNT_TAXONOMY_PHASE5,rel_1616616ad22c9f9d
journey_04d996cf8a05753f,taxonomy_j03,CLASSIFIED_AS,ACCOUNT_TAXONOMY_PHASE5,rel_161d88d2d5e02f1e
journey_b7cde7b9c4e10988,taxonomy_j05,CLASSIFIED_AS,ACCOUNT_TAXONOMY_PHASE5,rel_162d5960fad7cb0b
journey_4a908190afdec206,taxonomy_j01,CLASSIFIED_AS,ACCOUNT_TAXONOMY_PHASE5,rel_163f489cfad4d649
journey_21ad46fc48574f44,taxonomy_j09,CLASSIFIED_AS,ACCOUNT_TAXONOMY_PHASE5,rel_1671b90ea4d3d343
journey_572b18954d87d790,taxonomy_j08,CLASSIFIED_AS,ACCOUNT_TAXONOMY_PHASE5,rel_16a20a39b71718c7
journey_010f675f34e9ad85,taxonomy_j03,CLASSIFIED_AS,ACCOUNT_TAXONOMY_PHASE5,rel_16aa6bb0da4ac096
journey_6f397663d16b3274,taxonomy_j08,CLASSIFIED_AS,ACCOUNT_TAXONOMY_PHASE5,rel_16c7e98a9a9a4066
journey_b79dd16c36cdfb1d,taxonomy_j08,CLASSIFIED_AS,ACCOUNT_TAXONOMY_PHASE5,rel_16d3dac3682eba9f
journey_a6e273597015fc4f,taxonomy_j08,CLASSIFIED_AS,ACCOUNT_TAXONOMY_PHASE5,rel_16dee65b226b6f6c
journey_487d2af7fad96554,taxonomy_j05,CLASSIFIED_AS,ACCOUNT_TAXONOMY_PHASE5,rel_16ef7a127dd33ac5
journey_93ef14fe49c20b42,taxonomy_j04,CLASSIFIED_AS,ACCOUNT_TAXONOMY_PHASE5,rel_17120818956a8c49
journey_da2f1a35d8376315,taxonomy_j08,CLASSIFIED_AS,ACCOUNT_TAXONOMY_PHASE5,rel_1712e47897abb240
journey_873da55a7405d7a7,taxonomy_j01,CLASSIFIED_AS,ACCOUNT_TAXONOMY_PHASE5,rel_1713bcbeac80e8e1
journey_da960365e3710703,taxonomy_j04,CLASSIFIED_AS,ACCOUNT_TAXONOMY_PHASE5,rel_173170bbdda5460a
journey_a58f7a50c6d94298,taxonomy_j07,CLASSIFIED_AS,ACCOUNT_TAXONOMY_PHASE5,rel_17342883917c90b8
journey_a3637b66fe2e95c5,taxonomy_j08,CLASSIFIED_AS,ACCOUNT_TAXONOMY_PHASE5,rel_17619b5a2e26179d
journey_c91ffdbeea0eb721,taxonomy_j09,CLASSIFIED_AS,ACCOUNT_TAXONOMY_PHASE5,rel_1761a3b1c760e767
journey_d1019afb173dee3b,taxonomy_j07,CLASSIFIED_AS,ACCOUNT_TAXONOMY_PHASE5,rel_17620f7644f6a505
journey_0ae7e8fa209fa26e,taxonomy_j10,CLASSIFIED_AS,ACCOUNT_TAXONOMY_PHASE5,rel_1765eee17987b422
journey_f0b712955300f86b,taxonomy_j04,CLASSIFIED_AS,ACCOUNT_TAXONOMY_PHASE5,rel_177362ffdfd279f8
journey_bdaab02ef7b3743f,taxonomy_j05,CLASSIFIED_AS,ACCOUNT_TAXONOMY_PHASE5,rel_177495285648520d
journey_2c7646e3ea33a020,taxonomy_j10,CLASSIFIED_AS,ACCOUNT_TAXONOMY_PHASE5,rel_177bb95b69e265d6
journey_3eb3826f32013a61,taxonomy_j09,CLASSIFIED_AS,ACCOUNT_TAXONOMY_PHASE5,rel_178e94afe37f6ec0
journey_44f077b7c10b1d7d,taxonomy_j04,CLASSIFIED_AS,ACCOUNT_TAXONOMY_PHASE5,rel_179e8e6f4d4d3619
journey_215ee692a14ff543,taxonomy_j05,CLASSIFIED_AS,ACCOUNT_TAXONOMY_PHASE5,rel_17a64fe1cd08f016
journey_75c5cc29f03bd6b0,taxonomy_j03,CLASSIFIED_AS,ACCOUNT_TAXONOMY_PHASE5,rel_17e4dfece246bd66
journey_1b21a510fc8d6f8a,taxonomy_j08,CLASSIFIED_AS,ACCOUNT_TAXONOMY_PHASE5,rel_17f3f94d10e41a59
journey_097f3a0f0eb74689,taxonomy_j09,CLASSIFIED_AS,ACCOUNT_TAXONOMY_PHASE5,rel_17f963fb16e64182
journey_851ab2079026d797,taxonomy_j07,CLASSIFIED_AS,ACCOUNT_TAXONOMY_PHASE5,rel_17ff02f61d33d591
journey_8afd6d08585cdbc3,taxonomy_j10,CLASSIFIED_AS,ACCOUNT_TAXONOMY_PHASE5,rel_1805ad4ff0464cee
journey_bcec1e0deff8e777,taxonomy_j04,CLASSIFIED_AS,ACCOUNT_TAXONOMY_PHASE5,rel_1809427b6a1b9cd3
journey_e8b10f33cb4dea61,taxonomy_j03,CLASSIFIED_AS,ACCOUNT_TAXONOMY_PHASE5,rel_1813c233d99ac905
journey_cb5dd82350cf3b8b,taxonomy_j01,CLASSIFIED_AS,ACCOUNT_TAXONOMY_PHASE5,rel_181d3c448b4b7325
journey_48ee26fee57018f5,taxonomy_j04,CLASSIFIED_AS,ACCOUNT_TAXONOMY_PHASE5,rel_184342dd11339d2f
journey_6549d91a0843f83a,taxonomy_j05,CLASSIFIED_AS,ACCOUNT_TAXONOMY_PHASE5,rel_1844f90693b2eee6
journey_cbadbbc2bab2b0b7,taxonomy_j08,CLASSIFIED_AS,ACCOUNT_TAXONOMY_PHASE5,rel_184dbe46334a569e
journey_0c37bd05106ef432,taxonomy_j08,CLASSIFIED_AS,ACCOUNT_TAXONOMY_PHASE5,rel_186af4570de31168
journey_c69746bed17dc956,taxonomy_j08,CLASSIFIED_AS,ACCOUNT_TAXONOMY_PHASE5,rel_18711925b7ef33d9
journey_e76aeb0124f05f9c,taxonomy_j03,CLASSIFIED_AS,ACCOUNT_TAXONOMY_PHASE5,rel_18795dd2f07319bb
journey_0ee645ef98dfd79f,taxonomy_j04,CLASSIFIED_AS,ACCOUNT_TAXONOMY_PHASE5,rel_187b571af6e87541
journey_5a8e57b6d5426e7d,taxonomy_j04,CLASSIFIED_AS,ACCOUNT_TAXONOMY_PHASE5,rel_18a31bce225afaa8
journey_ca0d5ce5a38736d0,taxonomy_j04,CLASSIFIED_AS,ACCOUNT_TAXONOMY_PHASE5,rel_18b85fff225823b1
journey_655c78b181f043bc,taxonomy_j04,CLASSIFIED_AS,ACCOUNT_TAXONOMY_PHASE5,rel_18c9e8b01ae3aa08
journey_469bc89274ea5643,taxonomy_j08,CLASSIFIED_AS,ACCOUNT_TAXONOMY_PHASE5,rel_18dacb35589323ac
journey_741b73c5c7e6df9c,taxonomy_j05,CLASSIFIED_AS,ACCOUNT_TAXONOMY_PHASE5,rel_18e13b30969db37a
journey_3e85ab1190006ba5,taxonomy_j01,CLASSIFIED_AS,ACCOUNT_TAXONOMY_PHASE5,rel_18e1b91c5087cbe2
journey_b8a218790ad674d6,taxonomy_j04,CLASSIFIED_AS,ACCOUNT_TAXONOMY_PHASE5,rel_18f80e441a39dd9e
journey_6273887b5af344df,taxonomy_j03,CLASSIFIED_AS,ACCOUNT_TAXONOMY_PHASE5,rel_18fa992218f2cf5f
journey_5b92127a13cdb471,taxonomy_j05,CLASSIFIED_AS,ACCOUNT_TAXONOMY_PHASE5,rel_190576ff70e94ec9
journey_460cb3b0becb8ea4,taxonomy_j09,CLASSIFIED_AS,ACCOUNT_TAXONOMY_PHASE5,rel_19111d6f468948b8
journey_c857574d7bc913ee,taxonomy_j09,CLASSIFIED_AS,ACCOUNT_TAXONOMY_PHASE5,rel_1914373e6d93bf51
journey_b9d68fa2bf21cdf9,taxonomy_j05,CLASSIFIED_AS,ACCOUNT_TAXONOMY_PHASE5,rel_19289597cee7baec
journey_9de3e63f603f8914,taxonomy_j01,CLASSIFIED_AS,ACCOUNT_TAXONOMY_PHASE5,rel_1933b07e36fccf18
journey_fd5ecad7ce719452,taxonomy_j08,CLASSIFIED_AS,ACCOUNT_TAXONOMY_PHASE5,rel_194aa64da1f86429
journey_51b065741b59f0e5,taxonomy_j05,CLASSIFIED_AS,ACCOUNT_TAXONOMY_PHASE5,rel_197125cce74f51a1
journey_a7eac607b065e298,taxonomy_j04,CLASSIFIED_AS,ACCOUNT_TAXONOMY_PHASE5,rel_197ae383ae9ccb6d
journey_8087d68ac3eb9cf5,taxonomy_j07,CLASSIFIED_AS,ACCOUNT_TAXONOMY_PHASE5,rel_197c00d435971d99
journey_ce040a0477280424,taxonomy_j01,CLASSIFIED_AS,ACCOUNT_TAXONOMY_PHASE5,rel_1987339979c4e704
journey_5561195ffa20a43a,taxonomy_j01,CLASSIFIED_AS,ACCOUNT_TAXONOMY_PHASE5,rel_19997e2be62943b8
journey_8b1346dede82c742,taxonomy_j01,CLASSIFIED_AS,ACCOUNT_TAXONOMY_PHASE5,rel_19a6a098af383422
journey_cc6160e6e305bbf2,taxonomy_j08,CLASSIFIED_AS,ACCOUNT_TAXONOMY_PHASE5,rel_19a9a68d88f42d70
journey_18b6d944782534c2,taxonomy_j08,CLASSIFIED_AS,ACCOUNT_TAXONOMY_PHASE5,rel_19aecc5b6c41c6cc
journey_a79b28fd23a21b99,taxonomy_j03,CLASSIFIED_AS,ACCOUNT_TAXONOMY_PHASE5,rel_19ca39362654a8b7
journey_0942ba5c20a03a2e,taxonomy_j10,CLASSIFIED_AS,ACCOUNT_TAXONOMY_PHASE5,rel_1a08e45020cd67de
journey_6f6615926318fb5b,taxonomy_j09,CLASSIFIED_AS,ACCOUNT_TAXONOMY_PHASE5,rel_1a0cca3f532d070b
journey_4075753002b66481,taxonomy_j08,CLASSIFIED_AS,ACCOUNT_TAXONOMY_PHASE5,rel_1a12ba8eb220c489
journey_6625390a94c6d516,taxonomy_j05,CLASSIFIED_AS,ACCOUNT_TAXONOMY_PHASE5,rel_1a1a37e298d0d934
journey_f25370567568fe52,taxonomy_j05,CLASSIFIED_AS,ACCOUNT_TAXONOMY_PHASE5,rel_1a1b63c55266fae3
journey_53454e317c59f800,taxonomy_j08,CLASSIFIED_AS,ACCOUNT_TAXONOMY_PHASE5,rel_1a33a4a0a8354198
journey_97589d37ff2e9f77,taxonomy_j05,CLASSIFIED_AS,ACCOUNT_TAXONOMY_PHASE5,rel_1a34712603c7ec06
journey_34a28fba13c62bc6,taxonomy_j04,CLASSIFIED_AS,ACCOUNT_TAXONOMY_PHASE5,rel_1a523dc5caa74c7c
journey_446ed4e646322a36,taxonomy_j05,CLASSIFIED_AS,ACCOUNT_TAXONOMY_PHASE5,rel_1a584460bdf12ac2
journey_83c502bd3aec7072,taxonomy_j01,CLASSIFIED_AS,ACCOUNT_TAXONOMY_PHASE5,rel_1a5f6925284ceead
journey_e5a7167101257d4f,taxonomy_j04,CLASSIFIED_AS,ACCOUNT_TAXONOMY_PHASE5,rel_1a68099a9bb7688c
journey_001fc5b974a7afed,taxonomy_j04,CLASSIFIED_AS,ACCOUNT_TAXONOMY_PHASE5,rel_1a82c11887c66cc4
journey_f95e0d31ecbdbf0a,taxonomy_j05,CLASSIFIED_AS,ACCOUNT_TAXONOMY_PHASE5,rel_1a9d85dda779ee2b
journey_a1939d1a13ecee06,taxonomy_j01,CLASSIFIED_AS,ACCOUNT_TAXONOMY_PHASE5,rel_1a9f9ea045329478
journey_888356cc5306dce4,taxonomy_j01,CLASSIFIED_AS,ACCOUNT_TAXONOMY_PHASE5,rel_1aae0959cf9c694e
journey_b42a14914c37e2a0,taxonomy_j04,CLASSIFIED_AS,ACCOUNT_TAXONOMY_PHASE5,rel_1abbf823df60fc53
journey_dc6a2535b8c3ce29,taxonomy_j03,CLASSIFIED_AS,ACCOUNT_TAXONOMY_PHASE5,rel_1acae5700ea59a3f
journey_6f052db4d3cb0588,taxonomy_j08,CLASSIFIED_AS,ACCOUNT_TAXONOMY_PHASE5,rel_1ace69fd46b6676d
journey_805e5e86225bb52c,taxonomy_j04,CLASSIFIED_AS,ACCOUNT_TAXONOMY_PHASE5,rel_1af81f2979b78486
journey_e969ba4221351297,taxonomy_j01,CLASSIFIED_AS,ACCOUNT_TAXONOMY_PHASE5,rel_1b12b1854a1e966b
journey_49c12bdd921c0a27,taxonomy_j10,CLASSIFIED_AS,ACCOUNT_TAXONOMY_PHASE5,rel_1b16704fad4bc05d
journey_bb912a10ee162baa,taxonomy_j08,CLASSIFIED_AS,ACCOUNT_TAXONOMY_PHASE5,rel_1b17e326dd86de3a
journey_17c623e88ae7750b,taxonomy_j02,CLASSIFIED_AS,ACCOUNT_TAXONOMY_PHASE5,rel_1b1bc5f523698851
journey_561ff557eb34b0d7,taxonomy_j09,CLASSIFIED_AS,ACCOUNT_TAXONOMY_PHASE5,rel_1b210f20ef0eca79
journey_f5a031dd9e842aed,taxonomy_j05,CLASSIFIED_AS,ACCOUNT_TAXONOMY_PHASE5,rel_1b3fc5a390093697
journey_f711a03a8ba52555,taxonomy_j04,CLASSIFIED_AS,ACCOUNT_TAXONOMY_PHASE5,rel_1b5e6285c72bd7c8
journey_76d6b58e3a7859ec,taxonomy_j04,CLASSIFIED_AS,ACCOUNT_TAXONOMY_PHASE5,rel_1b68019bf9fdf5d1
journey_ed6222a101855b19,taxonomy_j04,CLASSIFIED_AS,ACCOUNT_TAXONOMY_PHASE5,rel_1b686f902f996f5a
journey_ec57528c304ba034,taxonomy_j08,CLASSIFIED_AS,ACCOUNT_TAXONOMY_PHASE5,rel_1b8fe3c827e12596
journey_99d4192ed4c4682d,taxonomy_j01,CLASSIFIED_AS,ACCOUNT_TAXONOMY_PHASE5,rel_1b9101acac2dbba4
journey_c66a1ad6a598e149,taxonomy_j04,CLASSIFIED_AS,ACCOUNT_TAXONOMY_PHASE5,rel_1b9fe4ee1c0e2d49
journey_3e21c417b99629a6,taxonomy_j04,CLASSIFIED_AS,ACCOUNT_TAXONOMY_PHASE5,rel_1ba90698d5216789
journey_bef457ddfd8ba51d,taxonomy_j08,CLASSIFIED_AS,ACCOUNT_TAXONOMY_PHASE5,rel_1bafbbcfec7a3617
journey_16427d9d27a39678,taxonomy_j04,CLASSIFIED_AS,ACCOUNT_TAXONOMY_PHASE5,rel_1bb97d463e880770
journey_25abc64bdc7c4619,taxonomy_j03,CLASSIFIED_AS,ACCOUNT_TAXONOMY_PHASE5,rel_1bbfd37a1f0f7b11
journey_604d5d576b9847af,taxonomy_j06,CLASSIFIED_AS,ACCOUNT_TAXONOMY_PHASE5,rel_1bc4f3a988d2eb1f
journey_ae54f46819b6ac71,taxonomy_j05,CLASSIFIED_AS,ACCOUNT_TAXONOMY_PHASE5,rel_1bca89132907805e
journey_4f750f6f1c9cfce5,taxonomy_j05,CLASSIFIED_AS,ACCOUNT_TAXONOMY_PHASE5,rel_1bd10996fa74e64f
journey_f8ccf10f7043a3cf,taxonomy_j01,CLASSIFIED_AS,ACCOUNT_TAXONOMY_PHASE5,rel_1bd506e241931db8
journey_9ff0feeb7fe8033a,taxonomy_j05,CLASSIFIED_AS,ACCOUNT_TAXONOMY_PHASE5,rel_1bd5331f04fa6cdc
journey_9d44153677022afd,taxonomy_j04,CLASSIFIED_AS,ACCOUNT_TAXONOMY_PHASE5,rel_1be3ce3bcbd2b54f
journey_bcb8110e821acd52,taxonomy_j08,CLASSIFIED_AS,ACCOUNT_TAXONOMY_PHASE5,rel_1be8c8cf28cfca1f
journey_89b05e7abee23f75,taxonomy_j04,CLASSIFIED_AS,ACCOUNT_TAXONOMY_PHASE5,rel_1c169aab0f9a8aa6
journey_85cb2ef7ee66ad55,taxonomy_j01,CLASSIFIED_AS,ACCOUNT_TAXONOMY_PHASE5,rel_1c28009a1de506d7
journey_f4c3024dc2336a88,taxonomy_j01,CLASSIFIED_AS,ACCOUNT_TAXONOMY_PHASE5,rel_1c28b494fd89b8ed
journey_f9aec0c00ef9fe33,taxonomy_j05,CLASSIFIED_AS,ACCOUNT_TAXONOMY_PHASE5,rel_1c3ca6d8fe90fcb2
journey_f183baf73bb1cdd2,taxonomy_j04,CLASSIFIED_AS,ACCOUNT_TAXONOMY_PHASE5,rel_1c42fae8f3c683c1
journey_c158185efc3e7509,taxonomy_j03,CLASSIFIED_AS,ACCOUNT_TAXONOMY_PHASE5,rel_1c44ac54c80dca73
journey_0c1480bf367e9c30,taxonomy_j01,CLASSIFIED_AS,ACCOUNT_TAXONOMY_PHASE5,rel_1c4542e58855e0ee
journey_1cd546bf6a1c0b09,taxonomy_j04,CLASSIFIED_AS,ACCOUNT_TAXONOMY_PHASE5,rel_1c722257f4b39342
journey_a40f22f64a002397,taxonomy_j04,CLASSIFIED_AS,ACCOUNT_TAXONOMY_PHASE5,rel_1c896e588101e5f9
journey_911a33958f278baf,taxonomy_j05,CLASSIFIED_AS,ACCOUNT_TAXONOMY_PHASE5,rel_1c97df6f0dbcc3c1
journey_76162f57b937f98a,taxonomy_j08,CLASSIFIED_AS,ACCOUNT_TAXONOMY_PHASE5,rel_1cb8b202ebb6c498
journey_82ec0b03c175c47d,taxonomy_j05,CLASSIFIED_AS,ACCOUNT_TAXONOMY_PHASE5,rel_1cdb9d6d50755c8e
journey_fffc0ee5af20866d,taxonomy_j04,CLASSIFIED_AS,ACCOUNT_TAXONOMY_PHASE5,rel_1cef2ada0e1a6e9c
journey_b36b0aacf6868632,taxonomy_j04,CLASSIFIED_AS,ACCOUNT_TAXONOMY_PHASE5,rel_1d0a46440afa13ef
journey_35a7a40b972a6ec1,taxonomy_j01,CLASSIFIED_AS,ACCOUNT_TAXONOMY_PHASE5,rel_1d152c8ec8459fca
journey_c1988cbaa4621133,taxonomy_j08,CLASSIFIED_AS,ACCOUNT_TAXONOMY_PHASE5,rel_1d1875050e9a2376
journey_aa4bf2e3e411b9b2,taxonomy_j08,CLASSIFIED_AS,ACCOUNT_TAXONOMY_PHASE5,rel_1d235abd9442ef57
journey_0718d82cde80d5e6,taxonomy_j01,CLASSIFIED_AS,ACCOUNT_TAXONOMY_PHASE5,rel_1d2f2eba366718f1
journey_5a6885b783276468,taxonomy_j04,CLASSIFIED_AS,ACCOUNT_TAXONOMY_PHASE5,rel_1d30a1efed335f08
journey_8b09dca731c12034,taxonomy_j04,CLASSIFIED_AS,ACCOUNT_TAXONOMY_PHASE5,rel_1d404589098bbaf8
journey_2dcdb21d19f89edd,taxonomy_j09,CLASSIFIED_AS,ACCOUNT_TAXONOMY_PHASE5,rel_1d5b0eb62c7b13a3
journey_2aef4b27f9b582d3,taxonomy_j08,CLASSIFIED_AS,ACCOUNT_TAXONOMY_PHASE5,rel_1d6ead1bb8d2f913
journey_fa7d895d001ca201,taxonomy_j04,CLASSIFIED_AS,ACCOUNT_TAXONOMY_PHASE5,rel_1dbaeffc45bcb528
journey_60c417ef6a284d22,taxonomy_j09,CLASSIFIED_AS,ACCOUNT_TAXONOMY_PHASE5,rel_1de0bd33f21a18ec
journey_e5da5f6d7e29a795,taxonomy_j05,CLASSIFIED_AS,ACCOUNT_TAXONOMY_PHASE5,rel_1e046d82b4da1914
journey_704f66b9e13e3dc5,taxonomy_j03,CLASSIFIED_AS,ACCOUNT_TAXONOMY_PHASE5,rel_1e20a7b714a0ec29
journey_e5608fe0d6d9cb8f,taxonomy_j09,CLASSIFIED_AS,ACCOUNT_TAXONOMY_PHASE5,rel_1e472e144b524e7a
journey_1514f0126c22fac8,taxonomy_j04,CLASSIFIED_AS,ACCOUNT_TAXONOMY_PHASE5,rel_1e4936d2b53df693
journey_0c17acf4574589a6,taxonomy_j01,CLASSIFIED_AS,ACCOUNT_TAXONOMY_PHASE5,rel_1e55cdf27c9e568c
journey_6c8440ebaba46c11,taxonomy_j09,CLASSIFIED_AS,ACCOUNT_TAXONOMY_PHASE5,rel_1e72d546ff038e70
journey_0652646fbcd1933f,taxonomy_j03,CLASSIFIED_AS,ACCOUNT_TAXONOMY_PHASE5,rel_1e755405d85f0d41
journey_4337f257017b2313,taxonomy_j05,CLASSIFIED_AS,ACCOUNT_TAXONOMY_PHASE5,rel_1e95f7b8dba8afc6
journey_ff4e3ec02d552805,taxonomy_j10,CLASSIFIED_AS,ACCOUNT_TAXONOMY_PHASE5,rel_1e9af2e4d64d895c
journey_015c3ce384a11c60,taxonomy_j07,CLASSIFIED_AS,ACCOUNT_TAXONOMY_PHASE5,rel_1e9f01259cf06393
journey_bf8644582819e666,taxonomy_j03,CLASSIFIED_AS,ACCOUNT_TAXONOMY_PHASE5,rel_1ecb1ec2549a9ddc
journey_aacc54ccacdcbbff,taxonomy_j04,CLASSIFIED_AS,ACCOUNT_TAXONOMY_PHASE5,rel_1ed3683a24153805
journey_c5d7105b2ca97aff,taxonomy_j05,CLASSIFIED_AS,ACCOUNT_TAXONOMY_PHASE5,rel_1ed3f90ff23efaba
journey_65444d52384bfde2,taxonomy_j01,CLASSIFIED_AS,ACCOUNT_TAXONOMY_PHASE5,rel_1ee25f8603df4f25
journey_a8578d68a29ebd62,taxonomy_j05,CLASSIFIED_AS,ACCOUNT_TAXONOMY_PHASE5,rel_1ee42c1310543a75
journey_e07283fc1a347ea7,taxonomy_j04,CLASSIFIED_AS,ACCOUNT_TAXONOMY_PHASE5,rel_1ee9eb48d609089b
journey_a8a8bd9eb52b8681,taxonomy_j03,CLASSIFIED_AS,ACCOUNT_TAXONOMY_PHASE5,rel_1effb41e40ab5544
journey_be34cbd4eb479b5c,taxonomy_j01,CLASSIFIED_AS,ACCOUNT_TAXONOMY_PHASE5,rel_1f0a5546a40fb976
journey_bb7396ed0ed23292,taxonomy_j09,CLASSIFIED_AS,ACCOUNT_TAXONOMY_PHASE5,rel_1f1ba3e18e9a19da
journey_250a041df726b379,taxonomy_j01,CLASSIFIED_AS,ACCOUNT_TAXONOMY_PHASE5,rel_1f247b6756c17b48
journey_24c0de114ae7461c,taxonomy_j08,CLASSIFIED_AS,ACCOUNT_TAXONOMY_PHASE5,rel_1f2a4f1d38a3cb51
journey_05e0f23329fa997b,taxonomy_j10,CLASSIFIED_AS,ACCOUNT_TAXONOMY_PHASE5,rel_1f2cf6b340d8f0ca
journey_23ed8a45bbf11672,taxonomy_j05,CLASSIFIED_AS,ACCOUNT_TAXONOMY_PHASE5,rel_1f5196777c169dbc
journey_23f36d6d24d7be56,taxonomy_j08,CLASSIFIED_AS,ACCOUNT_TAXONOMY_PHASE5,rel_1f9347af110541c6
journey_3940ebf1503140c3,taxonomy_j04,CLASSIFIED_AS,ACCOUNT_TAXONOMY_PHASE5,rel_1f9f3fd2c1a73551
journey_c081c20adb7347e3,taxonomy_j08,CLASSIFIED_AS,ACCOUNT_TAXONOMY_PHASE5,rel_1fad71c69e37db37
journey_9a5cdf03eefb2f2b,taxonomy_j08,CLASSIFIED_AS,ACCOUNT_TAXONOMY_PHASE5,rel_1fb0a7aef73c9e53
journey_0b97719c2c0e555a,taxonomy_j04,CLASSIFIED_AS,ACCOUNT_TAXONOMY_PHASE5,rel_1fbfe297f3148310
journey_d093a7515580f3e3,taxonomy_j10,CLASSIFIED_AS,ACCOUNT_TAXONOMY_PHASE5,rel_1fc0c1ecbb9c0cf4
journey_5c4376641186878e,taxonomy_j04,CLASSIFIED_AS,ACCOUNT_TAXONOMY_PHASE5,rel_1fe23caababee1e5
journey_e20ab4ce7fc097cd,taxonomy_j04,CLASSIFIED_AS,ACCOUNT_TAXONOMY_PHASE5,rel_1fe23ffe65e660f1
journey_16875cf38731711f,taxonomy_j04,CLASSIFIED_AS,ACCOUNT_TAXONOMY_PHASE5,rel_2009100e0135ef09
journey_ce8c6f9a7670e4a6,taxonomy_j06,CLASSIFIED_AS,ACCOUNT_TAXONOMY_PHASE5,rel_2010fc38a8809b78
journey_959751f0a88fd96c,taxonomy_j10,CLASSIFIED_AS,ACCOUNT_TAXONOMY_PHASE5,rel_2023da625634b6ea
journey_b0af6ca9b62051ae,taxonomy_j04,CLASSIFIED_AS,ACCOUNT_TAXONOMY_PHASE5,rel_203f7012ff4bfbde
journey_805f57f2c9d71a55,taxonomy_j05,CLASSIFIED_AS,ACCOUNT_TAXONOMY_PHASE5,rel_205d96057fbffcb1
journey_b8f310ed65408018,taxonomy_j10,CLASSIFIED_AS,ACCOUNT_TAXONOMY_PHASE5,rel_208d68717e2dd0ed
journey_84b7ad2b1b38acf1,taxonomy_j04,CLASSIFIED_AS,ACCOUNT_TAXONOMY_PHASE5,rel_20933df68ac759fe
journey_990be8e6f9301460,taxonomy_j08,CLASSIFIED_AS,ACCOUNT_TAXONOMY_PHASE5,rel_209373b1b978d82b
journey_1a3846732ff5c9cb,taxonomy_j08,CLASSIFIED_AS,ACCOUNT_TAXONOMY_PHASE5,rel_209dfd017776f52f
journey_b7ed78c4b291f3a1,taxonomy_j09,CLASSIFIED_AS,ACCOUNT_TAXONOMY_PHASE5,rel_209e112ec43a51c8
journey_9959e7f3d1873444,taxonomy_j04,CLASSIFIED_AS,ACCOUNT_TAXONOMY_PHASE5,rel_20a80bb9f4f6239d
journey_252759933df6d0eb,taxonomy_j09,CLASSIFIED_AS,ACCOUNT_TAXONOMY_PHASE5,rel_20b401b48bb838f2
journey_2436703ef8085fcc,taxonomy_j04,CLASSIFIED_AS,ACCOUNT_TAXONOMY_PHASE5,rel_20b62ada62d061b9
journey_a90ca46b05ac6519,taxonomy_j04,CLASSIFIED_AS,ACCOUNT_TAXONOMY_PHASE5,rel_20cc5ed3093e615b
journey_84ccdda272fd1561,taxonomy_j08,CLASSIFIED_AS,ACCOUNT_TAXONOMY_PHASE5,rel_20dc89e0c4ce2e31
journey_351a2d018cd588ae,taxonomy_j05,CLASSIFIED_AS,ACCOUNT_TAXONOMY_PHASE5,rel_20e4308fc49b06d5
journey_c98246a2273a48cb,taxonomy_j04,CLASSIFIED_AS,ACCOUNT_TAXONOMY_PHASE5,rel_20f96911c2d07d6a
journey_74940d51fdefcaea,taxonomy_j04,CLASSIFIED_AS,ACCOUNT_TAXONOMY_PHASE5,rel_210186b020d9ef03
journey_bcd8c113e901d623,taxonomy_j03,CLASSIFIED_AS,ACCOUNT_TAXONOMY_PHASE5,rel_210a5bf264dc9733
journey_e6615db638638f19,taxonomy_j08,CLASSIFIED_AS,ACCOUNT_TAXONOMY_PHASE5,rel_2118ae7e256cd60a
journey_26829ec5f87ac006,taxonomy_j04,CLASSIFIED_AS,ACCOUNT_TAXONOMY_PHASE5,rel_211ded3e937d2fa3
journey_bad07906a36bb703,taxonomy_j10,CLASSIFIED_AS,ACCOUNT_TAXONOMY_PHASE5,rel_21348b330db27df7
journey_df1627da0e7f1a34,taxonomy_j05,CLASSIFIED_AS,ACCOUNT_TAXONOMY_PHASE5,rel_213f767fbd2c6689
journey_7f338a8719f5fa0b,taxonomy_j03,CLASSIFIED_AS,ACCOUNT_TAXONOMY_PHASE5,rel_2166e7ed36be83d6
journey_ebb34916b97094b5,taxonomy_j04,CLASSIFIED_AS,ACCOUNT_TAXONOMY_PHASE5,rel_2167f5ccbd124abc
journey_a841202a261b8d19,taxonomy_j09,CLASSIFIED_AS,ACCOUNT_TAXONOMY_PHASE5,rel_217cf4f9c9c395ae
journey_46968ca88233a8d7,taxonomy_j10,CLASSIFIED_AS,ACCOUNT_TAXONOMY_PHASE5,rel_217e1c97c540811f
journey_ae749205c5603d32,taxonomy_j04,CLASSIFIED_AS,ACCOUNT_TAXONOMY_PHASE5,rel_218ad0e7e7cfa093
journey_83da9857215bbc04,taxonomy_j04,CLASSIFIED_AS,ACCOUNT_TAXONOMY_PHASE5,rel_2190e3c91bbef5c4
journey_d8a749deb34141ad,taxonomy_j04,CLASSIFIED_AS,ACCOUNT_TAXONOMY_PHASE5,rel_21bd5ff27de6f26d
journey_593670bb94cd9836,taxonomy_j09,CLASSIFIED_AS,ACCOUNT_TAXONOMY_PHASE5,rel_21be04e974fd667d
journey_8852fa8281d59a7b,taxonomy_j04,CLASSIFIED_AS,ACCOUNT_TAXONOMY_PHASE5,rel_21d88808de21676c
journey_9715552203e9a6cd,taxonomy_j04,CLASSIFIED_AS,ACCOUNT_TAXONOMY_PHASE5,rel_21da3221c06fd1f3
journey_d7c910b4efcf9a7d,taxonomy_j04,CLASSIFIED_AS,ACCOUNT_TAXONOMY_PHASE5,rel_21ddcb2a40cd01fa
journey_f6deb43494389ce2,taxonomy_j01,CLASSIFIED_AS,ACCOUNT_TAXONOMY_PHASE5,rel_21f0c06d6b1e46fe
journey_3a1596944cd2dbc6,taxonomy_j09,CLASSIFIED_AS,ACCOUNT_TAXONOMY_PHASE5,rel_21fd0854f4b3dc6b
journey_774aca028fd7f9c9,taxonomy_j08,CLASSIFIED_AS,ACCOUNT_TAXONOMY_PHASE5,rel_2210223bb2987bbc
journey_6c8e2595d7c2089a,taxonomy_j05,CLASSIFIED_AS,ACCOUNT_TAXONOMY_PHASE5,rel_221eaad0fe4f81b2
journey_b9f7df0b0cfec3d0,taxonomy_j03,CLASSIFIED_AS,ACCOUNT_TAXONOMY_PHASE5,rel_22201d8b1fdeb5af
journey_8413f58f2d54304e,taxonomy_j03,CLASSIFIED_AS,ACCOUNT_TAXONOMY_PHASE5,rel_22220ae8ccc558e9
journey_3e281097ae7f252f,taxonomy_j04,CLASSIFIED_AS,ACCOUNT_TAXONOMY_PHASE5,rel_22284ad7e8bc837c
journey_673ff00aeb66b93d,taxonomy_j09,CLASSIFIED_AS,ACCOUNT_TAXONOMY_PHASE5,rel_222ebe08a1853b1a
journey_4e3d04bfeb911df2,taxonomy_j04,CLASSIFIED_AS,ACCOUNT_TAXONOMY_PHASE5,rel_225bff8feca53ac4
journey_08d4076cb15e89e6,taxonomy_j04,CLASSIFIED_AS,ACCOUNT_TAXONOMY_PHASE5,rel_22690ef8d8822d63
journey_51f13f84c7d46a2f,taxonomy_j05,CLASSIFIED_AS,ACCOUNT_TAXONOMY_PHASE5,rel_2296fef4201d2670
journey_7d144fca0c4a1db4,taxonomy_j08,CLASSIFIED_AS,ACCOUNT_TAXONOMY_PHASE5,rel_22a19d99299d04f0
journey_8832260851231d4d,taxonomy_j05,CLASSIFIED_AS,ACCOUNT_TAXONOMY_PHASE5,rel_22adb0f9bd25d6f6
journey_d46272b101a78f84,taxonomy_j08,CLASSIFIED_AS,ACCOUNT_TAXONOMY_PHASE5,rel_22b773f7e7f6d989
journey_5f731538a204784d,taxonomy_j04,CLASSIFIED_AS,ACCOUNT_TAXONOMY_PHASE5,rel_22e639b3890640d8
journey_faeee39e7f63f322,taxonomy_j04,CLASSIFIED_AS,ACCOUNT_TAXONOMY_PHASE5,rel_2313e13596c03ef6
journey_346ce1b4a71fe633,taxonomy_j04,CLASSIFIED_AS,ACCOUNT_TAXONOMY_PHASE5,rel_231c83583a7b49d9
journey_ba2e9e7f9c8d0af9,taxonomy_j04,CLASSIFIED_AS,ACCOUNT_TAXONOMY_PHASE5,rel_232ec43c8d295eb4
journey_1dcc2db055289b8e,taxonomy_j05,CLASSIFIED_AS,ACCOUNT_TAXONOMY_PHASE5,rel_233bbf835f57ce12
journey_48830f60031c19fb,taxonomy_j09,CLASSIFIED_AS,ACCOUNT_TAXONOMY_PHASE5,rel_234806c1c60c39cb
journey_bdd76bd78cb63207,taxonomy_j10,CLASSIFIED_AS,ACCOUNT_TAXONOMY_PHASE5,rel_234eb04ba10c533d
journey_fccb604d833d53c8,taxonomy_j01,CLASSIFIED_AS,ACCOUNT_TAXONOMY_PHASE5,rel_235f11f9bdbea6d1
journey_485bcc922440a64d,taxonomy_j05,CLASSIFIED_AS,ACCOUNT_TAXONOMY_PHASE5,rel_236f71475c981e0f
journey_c9b491af3eecd4a5,taxonomy_j07,CLASSIFIED_AS,ACCOUNT_TAXONOMY_PHASE5,rel_23851c664728cc7b
journey_1d55f62b7b44e922,taxonomy_j10,CLASSIFIED_AS,ACCOUNT_TAXONOMY_PHASE5,rel_239ef41d378dbaf2
journey_c334828ecea5bab6,taxonomy_j08,CLASSIFIED_AS,ACCOUNT_TAXONOMY_PHASE5,rel_23a351470373f363
journey_6731d227fd4078ad,taxonomy_j04,CLASSIFIED_AS,ACCOUNT_TAXONOMY_PHASE5,rel_23a3f6cc5cab3249
journey_02c764e2db4a2a8d,taxonomy_j04,CLASSIFIED_AS,ACCOUNT_TAXONOMY_PHASE5,rel_23b901261d2ed4d7
journey_c3c50ebd4e2f8a28,taxonomy_j04,CLASSIFIED_AS,ACCOUNT_TAXONOMY_PHASE5,rel_23c2c3e6af9e1e60
journey_aac6ba6e61111686,taxonomy_j02,CLASSIFIED_AS,ACCOUNT_TAXONOMY_PHASE5,rel_23c693b6a9126589
journey_b7d3d61ec9d425b3,taxonomy_j05,CLASSIFIED_AS,ACCOUNT_TAXONOMY_PHASE5,rel_23d1514900b60c6c
journey_b46f9063f1b9c5a6,taxonomy_j04,CLASSIFIED_AS,ACCOUNT_TAXONOMY_PHASE5,rel_23ec7a90f501a863
journey_fa2e2d174f11372f,taxonomy_j01,CLASSIFIED_AS,ACCOUNT_TAXONOMY_PHASE5,rel_23f2e4c43ca3b4f5
journey_9c3269cd1fe46479,taxonomy_j06,CLASSIFIED_AS,ACCOUNT_TAXONOMY_PHASE5,rel_23f33c3c24ed7e0a
journey_06bf978ade373c1c,taxonomy_j04,CLASSIFIED_AS,ACCOUNT_TAXONOMY_PHASE5,rel_23ff85632e79309d
journey_62ccf74d66855036,taxonomy_j09,CLASSIFIED_AS,ACCOUNT_TAXONOMY_PHASE5,rel_2404bb75b647e5a6
journey_17c3d3ad93e8f8e4,taxonomy_j09,CLASSIFIED_AS,ACCOUNT_TAXONOMY_PHASE5,rel_24171340a8031b83
journey_6b7d2a7aeeb9c36a,taxonomy_j09,CLASSIFIED_AS,ACCOUNT_TAXONOMY_PHASE5,rel_242ab45b3a59c26e
journey_e69d6fc87bb0a9a5,taxonomy_j04,CLASSIFIED_AS,ACCOUNT_TAXONOMY_PHASE5,rel_242d5bc669ec9eea
journey_eeeb355628d6400a,taxonomy_j10,CLASSIFIED_AS,ACCOUNT_TAXONOMY_PHASE5,rel_24433a684ca4010f
journey_c12755e0978d8869,taxonomy_j09,CLASSIFIED_AS,ACCOUNT_TAXONOMY_PHASE5,rel_2444f43c59cd175c
journey_787c72fecdfd84c7,taxonomy_j05,CLASSIFIED_AS,ACCOUNT_TAXONOMY_PHASE5,rel_244a08af4e76209c
journey_7bf7b86db41ac83f,taxonomy_j01,CLASSIFIED_AS,ACCOUNT_TAXONOMY_PHASE5,rel_244e43c85b775006
journey_10eee8cff9e27b14,taxonomy_j04,CLASSIFIED_AS,ACCOUNT_TAXONOMY_PHASE5,rel_245833723d7aa25d
journey_88c65396bdf683e4,taxonomy_j04,CLASSIFIED_AS,ACCOUNT_TAXONOMY_PHASE5,rel_247998c220560098
journey_1150bac7f11cc8a5,taxonomy_j03,CLASSIFIED_AS,ACCOUNT_TAXONOMY_PHASE5,rel_2497bc72d96351c0
journey_159ac16f451099b6,taxonomy_j08,CLASSIFIED_AS,ACCOUNT_TAXONOMY_PHASE5,rel_249de3968c46663d
journey_a1e2548f7402fd56,taxonomy_j10,CLASSIFIED_AS,ACCOUNT_TAXONOMY_PHASE5,rel_24a91d43d337029d
journey_cb817e5971345111,taxonomy_j08,CLASSIFIED_AS,ACCOUNT_TAXONOMY_PHASE5,rel_24ab1f27e8ae1cf9
journey_1375a5315b65bc23,taxonomy_j06,CLASSIFIED_AS,ACCOUNT_TAXONOMY_PHASE5,rel_24abc693735a4a15
journey_c20184a97e08d714,taxonomy_j07,CLASSIFIED_AS,ACCOUNT_TAXONOMY_PHASE5,rel_24ad4e90b5fd117e
journey_2d358d42460e2458,taxonomy_j04,CLASSIFIED_AS,ACCOUNT_TAXONOMY_PHASE5,rel_24b3ac9342d41834
journey_d2557926fc07e809,taxonomy_j08,CLASSIFIED_AS,ACCOUNT_TAXONOMY_PHASE5,rel_24c7b3aca2261f16
journey_69d39029a375cb5a,taxonomy_j10,CLASSIFIED_AS,ACCOUNT_TAXONOMY_PHASE5,rel_24d1d3ae38e9124b
journey_af4b1f5bd57dff70,taxonomy_j05,CLASSIFIED_AS,ACCOUNT_TAXONOMY_PHASE5,rel_24ea4f1ffb2105cc
journey_8208ae2fc6045224,taxonomy_j04,CLASSIFIED_AS,ACCOUNT_TAXONOMY_PHASE5,rel_24f0362cd46a1a90
journey_f6a0706bcb7c00b7,taxonomy_j01,CLASSIFIED_AS,ACCOUNT_TAXONOMY_PHASE5,rel_24fa8c9d9fca5bb3
journey_2e67c8e123bccf06,taxonomy_j05,CLASSIFIED_AS,ACCOUNT_TAXONOMY_PHASE5,rel_24faa220ef9ab543
journey_0bc159b013e7f128,taxonomy_j04,CLASSIFIED_AS,ACCOUNT_TAXONOMY_PHASE5,rel_251f56998aa34d2e
journey_8b2d7733c0a6b0bc,taxonomy_j10,CLASSIFIED_AS,ACCOUNT_TAXONOMY_PHASE5,rel_253fc6ddab494a67
journey_1a569224041432a4,taxonomy_j08,CLASSIFIED_AS,ACCOUNT_TAXONOMY_PHASE5,rel_25416a6d85707b55
journey_08132a355313e455,taxonomy_j04,CLASSIFIED_AS,ACCOUNT_TAXONOMY_PHASE5,rel_255a71a8ed5af60e
journey_9cb756dfb6098586,taxonomy_j08,CLASSIFIED_AS,ACCOUNT_TAXONOMY_PHASE5,rel_2568740c7721f57e
journey_8c12548b05a078ae,taxonomy_j10,CLASSIFIED_AS,ACCOUNT_TAXONOMY_PHASE5,rel_258dfa144a7a71d1
journey_17871e163cad3682,taxonomy_j05,CLASSIFIED_AS,ACCOUNT_TAXONOMY_PHASE5,rel_258ecb39b175d8a8
journey_0ff05d693e50d15b,taxonomy_j05,CLASSIFIED_AS,ACCOUNT_TAXONOMY_PHASE5,rel_25979892d4082a47
journey_4339e6330ebc4a45,taxonomy_j10,CLASSIFIED_AS,ACCOUNT_TAXONOMY_PHASE5,rel_25c076107570cd6e
journey_34b122c675c1c25f,taxonomy_j04,CLASSIFIED_AS,ACCOUNT_TAXONOMY_PHASE5,rel_25c6cb4132f87e46
journey_7f79fe49837bb03e,taxonomy_j04,CLASSIFIED_AS,ACCOUNT_TAXONOMY_PHASE5,rel_25d48fa5f011dada
journey_df3cd0f1738933b8,taxonomy_j07,CLASSIFIED_AS,ACCOUNT_TAXONOMY_PHASE5,rel_25e9c46d165806fc
journey_2a73d437a0757f06,taxonomy_j04,CLASSIFIED_AS,ACCOUNT_TAXONOMY_PHASE5,rel_25ec8a4d68c2bbac
journey_25b2b5bb14a12d5c,taxonomy_j05,CLASSIFIED_AS,ACCOUNT_TAXONOMY_PHASE5,rel_261858fc7df5c326
journey_dee1627f735e396e,taxonomy_j09,CLASSIFIED_AS,ACCOUNT_TAXONOMY_PHASE5,rel_26474f91fb3af092
journey_353aaf6f8284f465,taxonomy_j04,CLASSIFIED_AS,ACCOUNT_TAXONOMY_PHASE5,rel_264a039ad50bcde8
journey_5e9276998915ccaf,taxonomy_j09,CLASSIFIED_AS,ACCOUNT_TAXONOMY_PHASE5,rel_264c82b51095c507
journey_a17744aa840f81c9,taxonomy_j05,CLASSIFIED_AS,ACCOUNT_TAXONOMY_PHASE5,rel_26593768e4679298
journey_90143c279fc271d9,taxonomy_j09,CLASSIFIED_AS,ACCOUNT_TAXONOMY_PHASE5,rel_266539f4f02c209f
journey_d25f38222acd8bca,taxonomy_j03,CLASSIFIED_AS,ACCOUNT_TAXONOMY_PHASE5,rel_267ee21cd95167d4
journey_43bfa55a05e9c166,taxonomy_j04,CLASSIFIED_AS,ACCOUNT_TAXONOMY_PHASE5,rel_268d4a7cb85fad51
journey_686e084689b952ba,taxonomy_j03,CLASSIFIED_AS,ACCOUNT_TAXONOMY_PHASE5,rel_268f2b2879c8ed31
journey_9e954146795f05ff,taxonomy_j08,CLASSIFIED_AS,ACCOUNT_TAXONOMY_PHASE5,rel_26ae059787d125a9
journey_6453bcd04494ee62,taxonomy_j01,CLASSIFIED_AS,ACCOUNT_TAXONOMY_PHASE5,rel_26b08644f749c968
journey_486d566ce906c534,taxonomy_j03,CLASSIFIED_AS,ACCOUNT_TAXONOMY_PHASE5,rel_26b09b1a6b0e419d
journey_283e5a9d0a09aaab,taxonomy_j05,CLASSIFIED_AS,ACCOUNT_TAXONOMY_PHASE5,rel_26b2a452e02f2c5f
journey_33aa3e11cdc880f2,taxonomy_j03,CLASSIFIED_AS,ACCOUNT_TAXONOMY_PHASE5,rel_26b682d83aac4fe8
journey_5a83ff01d5a2432e,taxonomy_j04,CLASSIFIED_AS,ACCOUNT_TAXONOMY_PHASE5,rel_26c995dea7a07cd0
journey_b0057a0cf523e255,taxonomy_j10,CLASSIFIED_AS,ACCOUNT_TAXONOMY_PHASE5,rel_26d8f6f55bbe9585
journey_88d2416ca227325e,taxonomy_j04,CLASSIFIED_AS,ACCOUNT_TAXONOMY_PHASE5,rel_271cd4e1cda21f7e
journey_36fdb549ca744fe8,taxonomy_j08,CLASSIFIED_AS,ACCOUNT_TAXONOMY_PHASE5,rel_27261a5cec9956d6
journey_475333a3daf63b81,taxonomy_j01,CLASSIFIED_AS,ACCOUNT_TAXONOMY_PHASE5,rel_2739920de793600f
journey_79a87ef8a5cb2d9a,taxonomy_j08,CLASSIFIED_AS,ACCOUNT_TAXONOMY_PHASE5,rel_27475aac28411739
journey_13658fe3356e4289,taxonomy_j07,CLASSIFIED_AS,ACCOUNT_TAXONOMY_PHASE5,rel_274d6140a6a3d7c6
journey_51c2ed5a283ba812,taxonomy_j01,CLASSIFIED_AS,ACCOUNT_TAXONOMY_PHASE5,rel_2762e2a39a197668
journey_a1df7aed3e24305f,taxonomy_j01,CLASSIFIED_AS,ACCOUNT_TAXONOMY_PHASE5,rel_276a2d2e7794ab74
journey_ec66b5f35b0da57e,taxonomy_j08,CLASSIFIED_AS,ACCOUNT_TAXONOMY_PHASE5,rel_2793ed61bcf7f08c
journey_4e9fdb6a1ad93e2d,taxonomy_j05,CLASSIFIED_AS,ACCOUNT_TAXONOMY_PHASE5,rel_27a162bb6c39677c
journey_fcf24ffeb35b1e12,taxonomy_j09,CLASSIFIED_AS,ACCOUNT_TAXONOMY_PHASE5,rel_27cab86dde31a3c9
journey_0a37552faf7934af,taxonomy_j05,CLASSIFIED_AS,ACCOUNT_TAXONOMY_PHASE5,rel_27e6a97c0bb7fdfe
journey_bc04a7d9ac91a8a7,taxonomy_j08,CLASSIFIED_AS,ACCOUNT_TAXONOMY_PHASE5,rel_27ebe2d1868476ac
journey_49ca79ee0418fa9a,taxonomy_j04,CLASSIFIED_AS,ACCOUNT_TAXONOMY_PHASE5,rel_280aed4fa76b58ae
journey_06a12381ff961959,taxonomy_j08,CLASSIFIED_AS,ACCOUNT_TAXONOMY_PHASE5,rel_280b65a2bb284b9b
journey_2dd84d25827f524d,taxonomy_j10,CLASSIFIED_AS,ACCOUNT_TAXONOMY_PHASE5,rel_2812f785e67928db
journey_509f412b0646962d,taxonomy_j05,CLASSIFIED_AS,ACCOUNT_TAXONOMY_PHASE5,rel_2813da9774c9b813
journey_cbaeebce89c31256,taxonomy_j01,CLASSIFIED_AS,ACCOUNT_TAXONOMY_PHASE5,rel_2824107266a4b6a8
journey_a0b289fefed747cd,taxonomy_j08,CLASSIFIED_AS,ACCOUNT_TAXONOMY_PHASE5,rel_283de7ab601ca977
journey_2e1f26fce8145f0b,taxonomy_j08,CLASSIFIED_AS,ACCOUNT_TAXONOMY_PHASE5,rel_2847d955aed64696
journey_558d5875efc0c66f,taxonomy_j03,CLASSIFIED_AS,ACCOUNT_TAXONOMY_PHASE5,rel_284c3617021d118b
journey_07afe72ec70e134e,taxonomy_j04,CLASSIFIED_AS,ACCOUNT_TAXONOMY_PHASE5,rel_28598d369445c403
journey_d69da5b560a36052,taxonomy_j08,CLASSIFIED_AS,ACCOUNT_TAXONOMY_PHASE5,rel_28673deaca768cca
journey_8e5e5306ecae41e2,taxonomy_j05,CLASSIFIED_AS,ACCOUNT_TAXONOMY_PHASE5,rel_287f97f1f2b56680
journey_b6bbeab4052ad53c,taxonomy_j04,CLASSIFIED_AS,ACCOUNT_TAXONOMY_PHASE5,rel_28871126fae0b20b
journey_3e1e7f06741cf67f,taxonomy_j01,CLASSIFIED_AS,ACCOUNT_TAXONOMY_PHASE5,rel_289c8d0c7d2e437f
journey_7940fd5202e5c32f,taxonomy_j09,CLASSIFIED_AS,ACCOUNT_TAXONOMY_PHASE5,rel_289f84aa78a6e508
journey_e0731b0df7344420,taxonomy_j05,CLASSIFIED_AS,ACCOUNT_TAXONOMY_PHASE5,rel_28ba53efd1b906d1
journey_8d8dcfd48cac056c,taxonomy_j03,CLASSIFIED_AS,ACCOUNT_TAXONOMY_PHASE5,rel_28e10af4e916a8e7
journey_2aa3d67bb9c19572,taxonomy_j08,CLASSIFIED_AS,ACCOUNT_TAXONOMY_PHASE5,rel_28ecf34234a47e95
journey_12e7afcaf67a3b93,taxonomy_j04,CLASSIFIED_AS,ACCOUNT_TAXONOMY_PHASE5,rel_28f2f4e60471227d
journey_f43ae5982188fcbe,taxonomy_j09,CLASSIFIED_AS,ACCOUNT_TAXONOMY_PHASE5,rel_28f6f3929c4f7479
journey_6cad9d56be09e77c,taxonomy_j08,CLASSIFIED_AS,ACCOUNT_TAXONOMY_PHASE5,rel_28f8a56725e88ab8
journey_371d6a820ed215a8,taxonomy_j08,CLASSIFIED_AS,ACCOUNT_TAXONOMY_PHASE5,rel_290e6416f21d22e4
journey_6f9dd2a641aaac6c,taxonomy_j02,CLASSIFIED_AS,ACCOUNT_TAXONOMY_PHASE5,rel_292634062af275bf
journey_b9361c2d2cd4e064,taxonomy_j08,CLASSIFIED_AS,ACCOUNT_TAXONOMY_PHASE5,rel_293777b694568ea8
journey_dafcaaca8cd9819b,taxonomy_j04,CLASSIFIED_AS,ACCOUNT_TAXONOMY_PHASE5,rel_2937e6835567f6d7
journey_a2acf4eaa69bdda7,taxonomy_j04,CLASSIFIED_AS,ACCOUNT_TAXONOMY_PHASE5,rel_293a67df90fdabe5
journey_24c9b56feac3cbb0,taxonomy_j07,CLASSIFIED_AS,ACCOUNT_TAXONOMY_PHASE5,rel_293da2504183cdbb
journey_22a67b6ad63453bb,taxonomy_j10,CLASSIFIED_AS,ACCOUNT_TAXONOMY_PHASE5,rel_2965ba5180cf6b57
journey_3965ab011236706f,taxonomy_j04,CLASSIFIED_AS,ACCOUNT_TAXONOMY_PHASE5,rel_296eb7d43b0e38eb
journey_ef785e5329135cb1,taxonomy_j09,CLASSIFIED_AS,ACCOUNT_TAXONOMY_PHASE5,rel_29b1d1e496ff3b1b
journey_cf047806d75a181d,taxonomy_j04,CLASSIFIED_AS,ACCOUNT_TAXONOMY_PHASE5,rel_29b98bfb648d0185
journey_6b9eb3f549c01388,taxonomy_j09,CLASSIFIED_AS,ACCOUNT_TAXONOMY_PHASE5,rel_29be43f46f99815d
journey_ceb9bdb5d49b6cdf,taxonomy_j04,CLASSIFIED_AS,ACCOUNT_TAXONOMY_PHASE5,rel_29c97d2cc658d0b8
journey_e2c4cc319c24c3ec,taxonomy_j09,CLASSIFIED_AS,ACCOUNT_TAXONOMY_PHASE5,rel_29d9d92d013403b7
journey_c18c9d289271665a,taxonomy_j04,CLASSIFIED_AS,ACCOUNT_TAXONOMY_PHASE5,rel_29e30d3a0912c4a4
journey_8937314e3634c1b1,taxonomy_j08,CLASSIFIED_AS,ACCOUNT_TAXONOMY_PHASE5,rel_29f11611fd58c047
journey_e31a4796a2530a91,taxonomy_j10,CLASSIFIED_AS,ACCOUNT_TAXONOMY_PHASE5,rel_2a01fba7a7859f42
journey_12220978cfcf54f3,taxonomy_j07,CLASSIFIED_AS,ACCOUNT_TAXONOMY_PHASE5,rel_2a062d7a581686af
journey_7f23cc986061f64d,taxonomy_j05,CLASSIFIED_AS,ACCOUNT_TAXONOMY_PHASE5,rel_2a2f461fd6896c76
journey_c96f537e72398da8,taxonomy_j04,CLASSIFIED_AS,ACCOUNT_TAXONOMY_PHASE5,rel_2a7347c493fc92d9
journey_9bae85b187a323fc,taxonomy_j09,CLASSIFIED_AS,ACCOUNT_TAXONOMY_PHASE5,rel_2a8e18eb903c013e
journey_cb54fead4bd3f42f,taxonomy_j05,CLASSIFIED_AS,ACCOUNT_TAXONOMY_PHASE5,rel_2a90e943895309ba
journey_765b1ab396dade73,taxonomy_j10,CLASSIFIED_AS,ACCOUNT_TAXONOMY_PHASE5,rel_2aa7f55fa09176fc
journey_c1612d826e7c79a3,taxonomy_j09,CLASSIFIED_AS,ACCOUNT_TAXONOMY_PHASE5,rel_2aa8dee11c83b5c5
journey_61c997489a8e9893,taxonomy_j09,CLASSIFIED_AS,ACCOUNT_TAXONOMY_PHASE5,rel_2abcc8a8ba4a53ac
journey_ae0ba4b24dd4fadb,taxonomy_j08,CLASSIFIED_AS,ACCOUNT_TAXONOMY_PHASE5,rel_2ad913e4386e8179
journey_7356b17c0a221b2c,taxonomy_j09,CLASSIFIED_AS,ACCOUNT_TAXONOMY_PHASE5,rel_2af01cfec79c75e7
journey_d4df31061e87bca7,taxonomy_j04,CLASSIFIED_AS,ACCOUNT_TAXONOMY_PHASE5,rel_2b218b1e9dc1a2c7
journey_eada4d5a9536403e,taxonomy_j04,CLASSIFIED_AS,ACCOUNT_TAXONOMY_PHASE5,rel_2b256acb4a8d3bc2
journey_3c2c65fe0b5b4704,taxonomy_j08,CLASSIFIED_AS,ACCOUNT_TAXONOMY_PHASE5,rel_2b2e2ae02000bf29
journey_793245cfd3b234e5,taxonomy_j04,CLASSIFIED_AS,ACCOUNT_TAXONOMY_PHASE5,rel_2b62a9ddba513478
journey_a06a27c7ccad90aa,taxonomy_j01,CLASSIFIED_AS,ACCOUNT_TAXONOMY_PHASE5,rel_2b7d5ddfa1f2308d
journey_80be61c34ccbbf92,taxonomy_j10,CLASSIFIED_AS,ACCOUNT_TAXONOMY_PHASE5,rel_2b8ec673d4791fd0
journey_91823284b15815f7,taxonomy_j01,CLASSIFIED_AS,ACCOUNT_TAXONOMY_PHASE5,rel_2b91db1f71d799f6
journey_87f2a7de4e3b579e,taxonomy_j03,CLASSIFIED_AS,ACCOUNT_TAXONOMY_PHASE5,rel_2b94a117374bf28d
journey_4c8cbbfdac2ecbfc,taxonomy_j05,CLASSIFIED_AS,ACCOUNT_TAXONOMY_PHASE5,rel_2b9be28a678bbe51
journey_e96605f8e9acbaaa,taxonomy_j05,CLASSIFIED_AS,ACCOUNT_TAXONOMY_PHASE5,rel_2b9e7239fcad5a07
journey_7e5575e00d682a41,taxonomy_j04,CLASSIFIED_AS,ACCOUNT_TAXONOMY_PHASE5,rel_2bc37a71ea0b1de0
journey_7ae2eb48900982a6,taxonomy_j09,CLASSIFIED_AS,ACCOUNT_TAXONOMY_PHASE5,rel_2bde5c665964769f
journey_28923579c2694fa1,taxonomy_j08,CLASSIFIED_AS,ACCOUNT_TAXONOMY_PHASE5,rel_2bedf4a42d9d7346
journey_b9b7c4259bee9bef,taxonomy_j03,CLASSIFIED_AS,ACCOUNT_TAXONOMY_PHASE5,rel_2bf07672ec180835
journey_e9cce55413dadec8,taxonomy_j10,CLASSIFIED_AS,ACCOUNT_TAXONOMY_PHASE5,rel_2c05eb41dbc9c147
journey_92c96d3901a3ca55,taxonomy_j10,CLASSIFIED_AS,ACCOUNT_TAXONOMY_PHASE5,rel_2c098b23ec3062b0
journey_f8fd499b8fb7b828,taxonomy_j03,CLASSIFIED_AS,ACCOUNT_TAXONOMY_PHASE5,rel_2c25a131d473a8c7
journey_6d073a389a1e227d,taxonomy_j04,CLASSIFIED_AS,ACCOUNT_TAXONOMY_PHASE5,rel_2c37dcbc2b012177
journey_995a10eb4e8682cd,taxonomy_j01,CLASSIFIED_AS,ACCOUNT_TAXONOMY_PHASE5,rel_2c6262dc773386c8
journey_9303441708886b6d,taxonomy_j09,CLASSIFIED_AS,ACCOUNT_TAXONOMY_PHASE5,rel_2c66506fbab442c6
journey_72355bf7a023d1ab,taxonomy_j04,CLASSIFIED_AS,ACCOUNT_TAXONOMY_PHASE5,rel_2c6748cbb65cfe6d
journey_9d14affcd766208f,taxonomy_j10,CLASSIFIED_AS,ACCOUNT_TAXONOMY_PHASE5,rel_2c7d9b3ca1e34e49
journey_d83e455f19485318,taxonomy_j04,CLASSIFIED_AS,ACCOUNT_TAXONOMY_PHASE5,rel_2c88a6f8f47ac0a4
journey_636d6689590af599,taxonomy_j04,CLASSIFIED_AS,ACCOUNT_TAXONOMY_PHASE5,rel_2ca26470474ac6fd
journey_1c81d1bff3d17684,taxonomy_j05,CLASSIFIED_AS,ACCOUNT_TAXONOMY_PHASE5,rel_2cc05ff92df3947a
journey_3bd31e5434417db9,taxonomy_j04,CLASSIFIED_AS,ACCOUNT_TAXONOMY_PHASE5,rel_2cc821a755b3cde2
journey_043a98a44a6f011e,taxonomy_j09,CLASSIFIED_AS,ACCOUNT_TAXONOMY_PHASE5,rel_2cd94b9a4cef613c
journey_7f75144e346af2f0,taxonomy_j09,CLASSIFIED_AS,ACCOUNT_TAXONOMY_PHASE5,rel_2cec42b4b4546edc
journey_4f79d5ec322c06f7,taxonomy_j08,CLASSIFIED_AS,ACCOUNT_TAXONOMY_PHASE5,rel_2cedaa54fdf10ccd
journey_e8f1915f754a81d2,taxonomy_j09,CLASSIFIED_AS,ACCOUNT_TAXONOMY_PHASE5,rel_2d267168cf5fd91b
journey_9cb775a76989f255,taxonomy_j05,CLASSIFIED_AS,ACCOUNT_TAXONOMY_PHASE5,rel_2d26e08ddcc557f8
journey_7f36ab2a866eb155,taxonomy_j04,CLASSIFIED_AS,ACCOUNT_TAXONOMY_PHASE5,rel_2d3575051585e63d
journey_4c72f775dac2c10f,taxonomy_j04,CLASSIFIED_AS,ACCOUNT_TAXONOMY_PHASE5,rel_2d37a7b52342351c
journey_29d2576d71054c67,taxonomy_j09,CLASSIFIED_AS,ACCOUNT_TAXONOMY_PHASE5,rel_2d54e6d2c3726931
journey_1ffae69a2e987f70,taxonomy_j10,CLASSIFIED_AS,ACCOUNT_TAXONOMY_PHASE5,rel_2d5958ed600a4e83
journey_30bfe969757a436f,taxonomy_j03,CLASSIFIED_AS,ACCOUNT_TAXONOMY_PHASE5,rel_2d6e039cb75449dd
journey_8dae601f6ac34f78,taxonomy_j01,CLASSIFIED_AS,ACCOUNT_TAXONOMY_PHASE5,rel_2d9e04c51500e1ee
journey_9ce9b500c90c4ca6,taxonomy_j01,CLASSIFIED_AS,ACCOUNT_TAXONOMY_PHASE5,rel_2da443cdebe5eb09
journey_123c8eb2a0a9b09c,taxonomy_j01,CLASSIFIED_AS,ACCOUNT_TAXONOMY_PHASE5,rel_2da4c89eab22359c
journey_a688dba61a9eb512,taxonomy_j03,CLASSIFIED_AS,ACCOUNT_TAXONOMY_PHASE5,rel_2da4dc58d6a7ff3c
journey_bd11e36899313cf6,taxonomy_j10,CLASSIFIED_AS,ACCOUNT_TAXONOMY_PHASE5,rel_2de9bbf736bbd8e9
journey_6bd8a30169f81ad7,taxonomy_j04,CLASSIFIED_AS,ACCOUNT_TAXONOMY_PHASE5,rel_2e03fee6f5beffe7
journey_44662204da9e4374,taxonomy_j09,CLASSIFIED_AS,ACCOUNT_TAXONOMY_PHASE5,rel_2e047f373bb97cc6
journey_a2864c015bbb9f9b,taxonomy_j09,CLASSIFIED_AS,ACCOUNT_TAXONOMY_PHASE5,rel_2e0ea1f919c2b2fe
journey_4cc7525a6cbde7a6,taxonomy_j05,CLASSIFIED_AS,ACCOUNT_TAXONOMY_PHASE5,rel_2e2fcc2fc874755b
journey_bf063b8869796634,taxonomy_j03,CLASSIFIED_AS,ACCOUNT_TAXONOMY_PHASE5,rel_2e362cd6f9cfea47
journey_67c7cb8e852a3db2,taxonomy_j08,CLASSIFIED_AS,ACCOUNT_TAXONOMY_PHASE5,rel_2e47214f392d51aa
journey_d75099e2d4b9f564,taxonomy_j05,CLASSIFIED_AS,ACCOUNT_TAXONOMY_PHASE5,rel_2e48d04ee1f3616c
journey_120296c90d570242,taxonomy_j05,CLASSIFIED_AS,ACCOUNT_TAXONOMY_PHASE5,rel_2e4de73f0ab89a37
journey_471b6e8adb43bfbf,taxonomy_j03,CLASSIFIED_AS,ACCOUNT_TAXONOMY_PHASE5,rel_2e5087b40049a465
journey_799b7c43d024db88,taxonomy_j04,CLASSIFIED_AS,ACCOUNT_TAXONOMY_PHASE5,rel_2e512f58a80b83a7
journey_71844bbb8ae0b3b0,taxonomy_j07,CLASSIFIED_AS,ACCOUNT_TAXONOMY_PHASE5,rel_2e530e729841a404
journey_ff32e76e2e742ad5,taxonomy_j04,CLASSIFIED_AS,ACCOUNT_TAXONOMY_PHASE5,rel_2e5976c04dd656c7
journey_f3c3bc6ed104b9fa,taxonomy_j09,CLASSIFIED_AS,ACCOUNT_TAXONOMY_PHASE5,rel_2e59fbc1c90165f8
journey_8389c4972209c707,taxonomy_j05,CLASSIFIED_AS,ACCOUNT_TAXONOMY_PHASE5,rel_2e666ef1276d411f
journey_f3428c66b9fef93d,taxonomy_j09,CLASSIFIED_AS,ACCOUNT_TAXONOMY_PHASE5,rel_2e6692c81c53c892
journey_034e6f00c1820253,taxonomy_j04,CLASSIFIED_AS,ACCOUNT_TAXONOMY_PHASE5,rel_2e69483e88dbfe0a
journey_9094c8ea6f3cc581,taxonomy_j08,CLASSIFIED_AS,ACCOUNT_TAXONOMY_PHASE5,rel_2e6bcd378ae5baa0
journey_cf57f112d72c97ec,taxonomy_j04,CLASSIFIED_AS,ACCOUNT_TAXONOMY_PHASE5,rel_2e6d7b9b87cced39
journey_e00e263a750188c6,taxonomy_j10,CLASSIFIED_AS,ACCOUNT_TAXONOMY_PHASE5,rel_2e6e5e0db7416f5a
journey_765b7b10daf35c85,taxonomy_j08,CLASSIFIED_AS,ACCOUNT_TAXONOMY_PHASE5,rel_2e734c1fe060514c
journey_6816b0336321b82b,taxonomy_j04,CLASSIFIED_AS,ACCOUNT_TAXONOMY_PHASE5,rel_2e79f7a784c43b52
journey_afa3e23dc1a2c9da,taxonomy_j04,CLASSIFIED_AS,ACCOUNT_TAXONOMY_PHASE5,rel_2e7d287c649e9d10
journey_e91cf3a2745de814,taxonomy_j05,CLASSIFIED_AS,ACCOUNT_TAXONOMY_PHASE5,rel_2e8992306381ad06
journey_09eff3cd5d755e39,taxonomy_j10,CLASSIFIED_AS,ACCOUNT_TAXONOMY_PHASE5,rel_2e96bfa2402724dc
journey_d5bb8fa357713efe,taxonomy_j07,CLASSIFIED_AS,ACCOUNT_TAXONOMY_PHASE5,rel_2ea98835fbe56070
journey_4af503c01f67b127,taxonomy_j09,CLASSIFIED_AS,ACCOUNT_TAXONOMY_PHASE5,rel_2ec81ccd5ef1e9ec
journey_73963e50073137c2,taxonomy_j09,CLASSIFIED_AS,ACCOUNT_TAXONOMY_PHASE5,rel_2edda07cef83a7fa
journey_ec2501e8703addce,taxonomy_j07,CLASSIFIED_AS,ACCOUNT_TAXONOMY_PHASE5,rel_2ee9644240a489e7
journey_51125b6257ccf29d,taxonomy_j04,CLASSIFIED_AS,ACCOUNT_TAXONOMY_PHASE5,rel_2eee84ac2c4c615f
journey_02125bb28ba9adb2,taxonomy_j04,CLASSIFIED_AS,ACCOUNT_TAXONOMY_PHASE5,rel_2ef2118754b6e9d3
journey_677fc88e6613fbb9,taxonomy_j04,CLASSIFIED_AS,ACCOUNT_TAXONOMY_PHASE5,rel_2f1c32d87ddfd161
journey_a3afca749a882755,taxonomy_j05,CLASSIFIED_AS,ACCOUNT_TAXONOMY_PHASE5,rel_2f3006754d351306
journey_dd6f77b74955a5a7,taxonomy_j08,CLASSIFIED_AS,ACCOUNT_TAXONOMY_PHASE5,rel_2f39928b97d9700e
journey_66457e154d4f6e65,taxonomy_j01,CLASSIFIED_AS,ACCOUNT_TAXONOMY_PHASE5,rel_2f41feac81ff571b
journey_190d144601ff5313,taxonomy_j04,CLASSIFIED_AS,ACCOUNT_TAXONOMY_PHASE5,rel_2f45c85ff9a0c5a1
journey_76fb1a2666d5b48e,taxonomy_j04,CLASSIFIED_AS,ACCOUNT_TAXONOMY_PHASE5,rel_2f50e3054292381c
journey_0a8557a327bfa464,taxonomy_j04,CLASSIFIED_AS,ACCOUNT_TAXONOMY_PHASE5,rel_2f52678f5f69f073
journey_7fe88a359ec0e7cd,taxonomy_j01,CLASSIFIED_AS,ACCOUNT_TAXONOMY_PHASE5,rel_2f5ed16782962185
journey_0e2afd2af3af5d9b,taxonomy_j02,CLASSIFIED_AS,ACCOUNT_TAXONOMY_PHASE5,rel_2f92610db385a4a2
journey_be80a0706770ec77,taxonomy_j03,CLASSIFIED_AS,ACCOUNT_TAXONOMY_PHASE5,rel_2f92ae1a654014de
journey_43c99097933fdbd3,taxonomy_j07,CLASSIFIED_AS,ACCOUNT_TAXONOMY_PHASE5,rel_2f945b0cd436d7a7
journey_230b9ecc2c07ab7d,taxonomy_j09,CLASSIFIED_AS,ACCOUNT_TAXONOMY_PHASE5,rel_2fa9bea12349af18
journey_b5c2722925d050bb,taxonomy_j04,CLASSIFIED_AS,ACCOUNT_TAXONOMY_PHASE5,rel_2fae6f9d8d5eb6cb
journey_ee178634e86c4acb,taxonomy_j04,CLASSIFIED_AS,ACCOUNT_TAXONOMY_PHASE5,rel_2fc644b0a3b95597
journey_4d31f33642705867,taxonomy_j01,CLASSIFIED_AS,ACCOUNT_TAXONOMY_PHASE5,rel_2fd73a10bd2faea7
journey_75a4da84f8fff84c,taxonomy_j04,CLASSIFIED_AS,ACCOUNT_TAXONOMY_PHASE5,rel_2fe54c09470b3a98
journey_31492b09539b6720,taxonomy_j09,CLASSIFIED_AS,ACCOUNT_TAXONOMY_PHASE5,rel_2fee49245077cb62
journey_74c78f2d9dec5588,taxonomy_j10,CLASSIFIED_AS,ACCOUNT_TAXONOMY_PHASE5,rel_30058372ef338c9f
journey_a73394f346bf494c,taxonomy_j09,CLASSIFIED_AS,ACCOUNT_TAXONOMY_PHASE5,rel_300fdf312c5700c7
journey_6157bac56e1cafdc,taxonomy_j05,CLASSIFIED_AS,ACCOUNT_TAXONOMY_PHASE5,rel_3015516ddb26a860
journey_5b31d0686dd58894,taxonomy_j05,CLASSIFIED_AS,ACCOUNT_TAXONOMY_PHASE5,rel_3019a11e313035a6
journey_6b0d7dba2d5570af,taxonomy_j01,CLASSIFIED_AS,ACCOUNT_TAXONOMY_PHASE5,rel_301cc7789278fcef
journey_638df02415705482,taxonomy_j04,CLASSIFIED_AS,ACCOUNT_TAXONOMY_PHASE5,rel_30230445d81473c8
journey_c297cec96daf179f,taxonomy_j01,CLASSIFIED_AS,ACCOUNT_TAXONOMY_PHASE5,rel_3041b079f29dadbb
journey_72ddd199db72c5a4,taxonomy_j05,CLASSIFIED_AS,ACCOUNT_TAXONOMY_PHASE5,rel_30433f088216832e
journey_18b970b2ef9a899e,taxonomy_j10,CLASSIFIED_AS,ACCOUNT_TAXONOMY_PHASE5,rel_305d510e4b82cac3
journey_3ec851d132425663,taxonomy_j03,CLASSIFIED_AS,ACCOUNT_TAXONOMY_PHASE5,rel_30628a68cc21ba8f
journey_f85f44345751691f,taxonomy_j08,CLASSIFIED_AS,ACCOUNT_TAXONOMY_PHASE5,rel_30a2a6cc4441b11e
journey_8ec6713c51ddf78e,taxonomy_j08,CLASSIFIED_AS,ACCOUNT_TAXONOMY_PHASE5,rel_30e2c865eaa3628f
journey_0d19fe5b32806e84,taxonomy_j04,CLASSIFIED_AS,ACCOUNT_TAXONOMY_PHASE5,rel_3102195d3672a218
journey_fd35d0ed0ea0f36d,taxonomy_j03,CLASSIFIED_AS,ACCOUNT_TAXONOMY_PHASE5,rel_3102eedc935169de
journey_6a52a17fb7aa9a48,taxonomy_j03,CLASSIFIED_AS,ACCOUNT_TAXONOMY_PHASE5,rel_311492786f28c952
journey_2175f8e3249784c0,taxonomy_j07,CLASSIFIED_AS,ACCOUNT_TAXONOMY_PHASE5,rel_312b50a3668c2ec7
journey_a5a64a7e324c5728,taxonomy_j10,CLASSIFIED_AS,ACCOUNT_TAXONOMY_PHASE5,rel_3149a67783473876
journey_ca002950eeba7d34,taxonomy_j08,CLASSIFIED_AS,ACCOUNT_TAXONOMY_PHASE5,rel_317de84710bd229f
journey_1f6f4f61a20dfa71,taxonomy_j04,CLASSIFIED_AS,ACCOUNT_TAXONOMY_PHASE5,rel_31806f2653e5addb
journey_9c00969da8927256,taxonomy_j02,CLASSIFIED_AS,ACCOUNT_TAXONOMY_PHASE5,rel_31adca07794d1a57
journey_45cc378f02f974f4,taxonomy_j01,CLASSIFIED_AS,ACCOUNT_TAXONOMY_PHASE5,rel_31b3ace1028463b4
journey_f98f87d384903386,taxonomy_j05,CLASSIFIED_AS,ACCOUNT_TAXONOMY_PHASE5,rel_31c33b97947bd382
journey_fcd96f02329d0312,taxonomy_j04,CLASSIFIED_AS,ACCOUNT_TAXONOMY_PHASE5,rel_31c9a263c526e971
journey_24f2561775c367db,taxonomy_j09,CLASSIFIED_AS,ACCOUNT_TAXONOMY_PHASE5,rel_31d754dea3898ead
journey_f348b2eecc870447,taxonomy_j09,CLASSIFIED_AS,ACCOUNT_TAXONOMY_PHASE5,rel_31dbf189a7111f46
journey_1c0d2e71e1a7da32,taxonomy_j09,CLASSIFIED_AS,ACCOUNT_TAXONOMY_PHASE5,rel_31e2df62663276c8
journey_a498aaf6fa236603,taxonomy_j01,CLASSIFIED_AS,ACCOUNT_TAXONOMY_PHASE5,rel_31ed13f272bdee94
journey_53d2311873cee0a1,taxonomy_j05,CLASSIFIED_AS,ACCOUNT_TAXONOMY_PHASE5,rel_3202c4880d718561
journey_7f0485c1d68b3074,taxonomy_j05,CLASSIFIED_AS,ACCOUNT_TAXONOMY_PHASE5,rel_3208d8021b7e683f
journey_ada4fa06ea7d3778,taxonomy_j08,CLASSIFIED_AS,ACCOUNT_TAXONOMY_PHASE5,rel_322ec9ea39c46caf
journey_c92a4c6b6b3fde59,taxonomy_j04,CLASSIFIED_AS,ACCOUNT_TAXONOMY_PHASE5,rel_324011c2564e8ffa
journey_baa4f7699f516d2e,taxonomy_j07,CLASSIFIED_AS,ACCOUNT_TAXONOMY_PHASE5,rel_327df46fd81a9574
journey_99d5eb4bd448d8dd,taxonomy_j10,CLASSIFIED_AS,ACCOUNT_TAXONOMY_PHASE5,rel_327f36067d9ad183
journey_5e6d0a3da5183f10,taxonomy_j04,CLASSIFIED_AS,ACCOUNT_TAXONOMY_PHASE5,rel_328484ef1ef2dca3
journey_2216cee082d6c6ae,taxonomy_j09,CLASSIFIED_AS,ACCOUNT_TAXONOMY_PHASE5,rel_328642bf2296a956
journey_3d8e14a4dffef0b4,taxonomy_j04,CLASSIFIED_AS,ACCOUNT_TAXONOMY_PHASE5,rel_32a263fafad1f0d0
journey_fb802f0d9876899b,taxonomy_j09,CLASSIFIED_AS,ACCOUNT_TAXONOMY_PHASE5,rel_32b30837358ab9b0
journey_8c6a9ab35dba51b9,taxonomy_j04,CLASSIFIED_AS,ACCOUNT_TAXONOMY_PHASE5,rel_32c0757a2ff6bd68
journey_0093db3951fbb03a,taxonomy_j05,CLASSIFIED_AS,ACCOUNT_TAXONOMY_PHASE5,rel_32cba8fb43a11f1c
journey_65ef621820535b35,taxonomy_j05,CLASSIFIED_AS,ACCOUNT_TAXONOMY_PHASE5,rel_32d04912d5502d3b
journey_20fc52a8fb437246,taxonomy_j04,CLASSIFIED_AS,ACCOUNT_TAXONOMY_PHASE5,rel_32e6066b4adbe03b
journey_d4a32aea969e8aa7,taxonomy_j10,CLASSIFIED_AS,ACCOUNT_TAXONOMY_PHASE5,rel_32ebd6e93d7834a8
journey_7091bf2818a9e1b5,taxonomy_j03,CLASSIFIED_AS,ACCOUNT_TAXONOMY_PHASE5,rel_32eda6de0c9cffb3
journey_88352f5ad1b225e1,taxonomy_j04,CLASSIFIED_AS,ACCOUNT_TAXONOMY_PHASE5,rel_331415ae0e498a2d
journey_2dc50b7e2c2b2f8d,taxonomy_j08,CLASSIFIED_AS,ACCOUNT_TAXONOMY_PHASE5,rel_3327fcd199a22173
journey_64632f35f9694dd0,taxonomy_j08,CLASSIFIED_AS,ACCOUNT_TAXONOMY_PHASE5,rel_333248e7a1c30f75
journey_9dba67d0318820b5,taxonomy_j04,CLASSIFIED_AS,ACCOUNT_TAXONOMY_PHASE5,rel_333f1b1bf012835b
journey_70f206584ee6c775,taxonomy_j05,CLASSIFIED_AS,ACCOUNT_TAXONOMY_PHASE5,rel_3354747e6017a150
journey_aef0c8aa4dfa1b82,taxonomy_j03,CLASSIFIED_AS,ACCOUNT_TAXONOMY_PHASE5,rel_337a76968514172b
journey_9c4749f5ba2f4f16,taxonomy_j09,CLASSIFIED_AS,ACCOUNT_TAXONOMY_PHASE5,rel_337dabfa0166ece9
journey_6f22401e59c84f44,taxonomy_j04,CLASSIFIED_AS,ACCOUNT_TAXONOMY_PHASE5,rel_339f5961ab05034a
journey_7528ee6bf87d7885,taxonomy_j05,CLASSIFIED_AS,ACCOUNT_TAXONOMY_PHASE5,rel_33b657b6020d1bc9
journey_baeb7e64a1df8f46,taxonomy_j08,CLASSIFIED_AS,ACCOUNT_TAXONOMY_PHASE5,rel_33cc80ba177d9e78
journey_b94cd11cd5894741,taxonomy_j08,CLASSIFIED_AS,ACCOUNT_TAXONOMY_PHASE5,rel_33cd8000485efaf3
journey_98a69e44325a05a3,taxonomy_j08,CLASSIFIED_AS,ACCOUNT_TAXONOMY_PHASE5,rel_33e2413d3c1ac2d7
journey_d9e774cb704a3cbc,taxonomy_j05,CLASSIFIED_AS,ACCOUNT_TAXONOMY_PHASE5,rel_33f195ea966d9483
journey_c9ca68dce2db8e92,taxonomy_j04,CLASSIFIED_AS,ACCOUNT_TAXONOMY_PHASE5,rel_33f3e3e2b16698e6
journey_cbd2d5ecf0957512,taxonomy_j04,CLASSIFIED_AS,ACCOUNT_TAXONOMY_PHASE5,rel_34255cc98e416384
journey_1e563addcebffc9c,taxonomy_j02,CLASSIFIED_AS,ACCOUNT_TAXONOMY_PHASE5,rel_3433bfff796ead28
journey_dd4b55fceffa19b3,taxonomy_j05,CLASSIFIED_AS,ACCOUNT_TAXONOMY_PHASE5,rel_3436fef94262b2f5
journey_bc23577f258ff024,taxonomy_j01,CLASSIFIED_AS,ACCOUNT_TAXONOMY_PHASE5,rel_34451ae314340de8
journey_bda860f542dce8c8,taxonomy_j09,CLASSIFIED_AS,ACCOUNT_TAXONOMY_PHASE5,rel_3452836c05ac8a5c
journey_57d6ec9c9dddc244,taxonomy_j09,CLASSIFIED_AS,ACCOUNT_TAXONOMY_PHASE5,rel_3453c35f05aa8a27
journey_958ef446ec9128ac,taxonomy_j03,CLASSIFIED_AS,ACCOUNT_TAXONOMY_PHASE5,rel_3462d584f7e11bfe
journey_110f0b0f91d44acd,taxonomy_j10,CLASSIFIED_AS,ACCOUNT_TAXONOMY_PHASE5,rel_34697d2b4fa12b0c
journey_3e29eaa794defbb9,taxonomy_j09,CLASSIFIED_AS,ACCOUNT_TAXONOMY_PHASE5,rel_34728a389bcb3f01
journey_f7bcc536c6bd2643,taxonomy_j05,CLASSIFIED_AS,ACCOUNT_TAXONOMY_PHASE5,rel_3474ae26e7895a66
journey_1a78a90bee86f0af,taxonomy_j09,CLASSIFIED_AS,ACCOUNT_TAXONOMY_PHASE5,rel_3483296b2bf3c17f
journey_83631367961d35c7,taxonomy_j04,CLASSIFIED_AS,ACCOUNT_TAXONOMY_PHASE5,rel_3495a01a1b271ca6
journey_8c8dc46686e72f13,taxonomy_j07,CLASSIFIED_AS,ACCOUNT_TAXONOMY_PHASE5,rel_349a4dd0b7935097
journey_f7fa14a38dc5d8cc,taxonomy_j04,CLASSIFIED_AS,ACCOUNT_TAXONOMY_PHASE5,rel_34aae8de05aeb7b4
journey_4d91c0aa9901a178,taxonomy_j04,CLASSIFIED_AS,ACCOUNT_TAXONOMY_PHASE5,rel_34aaeee0aa918c75
journey_4d9f8924d6653af6,taxonomy_j05,CLASSIFIED_AS,ACCOUNT_TAXONOMY_PHASE5,rel_34bc3cd118cf1b59
journey_1760f07f54a3645b,taxonomy_j04,CLASSIFIED_AS,ACCOUNT_TAXONOMY_PHASE5,rel_34ce5455aeac0657
journey_ca84c77cd169daeb,taxonomy_j04,CLASSIFIED_AS,ACCOUNT_TAXONOMY_PHASE5,rel_34ec5d664cc16d75
journey_2614dcbf5172ad39,taxonomy_j05,CLASSIFIED_AS,ACCOUNT_TAXONOMY_PHASE5,rel_350a43b32302e290
journey_26f8ad4e8903837a,taxonomy_j04,CLASSIFIED_AS,ACCOUNT_TAXONOMY_PHASE5,rel_351074730582f87e
journey_3b59afc406f0a3c1,taxonomy_j03,CLASSIFIED_AS,ACCOUNT_TAXONOMY_PHASE5,rel_35159057b408de69
journey_c0578919b5434f99,taxonomy_j04,CLASSIFIED_AS,ACCOUNT_TAXONOMY_PHASE5,rel_351b1b08e613fc31
journey_4c3a6d4d428eeb85,taxonomy_j05,CLASSIFIED_AS,ACCOUNT_TAXONOMY_PHASE5,rel_351fd3dfe0a5094a
journey_1014314f35f8722b,taxonomy_j08,CLASSIFIED_AS,ACCOUNT_TAXONOMY_PHASE5,rel_353da73ee70b466b
journey_fb9ce6c9aa751fe8,taxonomy_j03,CLASSIFIED_AS,ACCOUNT_TAXONOMY_PHASE5,rel_3567b40c8eecb6a7
journey_d3f9db27daeb5601,taxonomy_j07,CLASSIFIED_AS,ACCOUNT_TAXONOMY_PHASE5,rel_35694cc1b32e8694
journey_9d83bd11e10c9334,taxonomy_j05,CLASSIFIED_AS,ACCOUNT_TAXONOMY_PHASE5,rel_3590303264fad454
journey_09374fb1ae19bf7d,taxonomy_j10,CLASSIFIED_AS,ACCOUNT_TAXONOMY_PHASE5,rel_35a073476f18f3fe
journey_9cc1f15d71c04014,taxonomy_j04,CLASSIFIED_AS,ACCOUNT_TAXONOMY_PHASE5,rel_35b4e58d59981de1
journey_ad1f5936c81ef4b9,taxonomy_j03,CLASSIFIED_AS,ACCOUNT_TAXONOMY_PHASE5,rel_35caf4c0e1eddd15
journey_2218d06961ce032a,taxonomy_j08,CLASSIFIED_AS,ACCOUNT_TAXONOMY_PHASE5,rel_35cd57be44006c1b
journey_e340782a2cd0fb0b,taxonomy_j04,CLASSIFIED_AS,ACCOUNT_TAXONOMY_PHASE5,rel_35d103d92d0fede9
journey_d8bb1459b240e3e8,taxonomy_j01,CLASSIFIED_AS,ACCOUNT_TAXONOMY_PHASE5,rel_35ebbc7269856249
journey_6a636e3f1c131aac,taxonomy_j10,CLASSIFIED_AS,ACCOUNT_TAXONOMY_PHASE5,rel_35ebf195258aa623
journey_fbda7e3916671286,taxonomy_j04,CLASSIFIED_AS,ACCOUNT_TAXONOMY_PHASE5,rel_3606da20761c2dec
journey_71b18d30d8c878ec,taxonomy_j05,CLASSIFIED_AS,ACCOUNT_TAXONOMY_PHASE5,rel_360ae81037e7aac6
journey_68d2c02d5cb7f2aa,taxonomy_j09,CLASSIFIED_AS,ACCOUNT_TAXONOMY_PHASE5,rel_360c9af4cfb27b66
journey_1c5f5a8c84a4ccc6,taxonomy_j07,CLASSIFIED_AS,ACCOUNT_TAXONOMY_PHASE5,rel_36182f0587ff8662
journey_752c5e86ad53c6a8,taxonomy_j05,CLASSIFIED_AS,ACCOUNT_TAXONOMY_PHASE5,rel_362dde064ad81892
journey_f5ee735547efb425,taxonomy_j01,CLASSIFIED_AS,ACCOUNT_TAXONOMY_PHASE5,rel_3631dfc70639e01a
journey_0ca0ca068e598420,taxonomy_j04,CLASSIFIED_AS,ACCOUNT_TAXONOMY_PHASE5,rel_363637a28736ec99
journey_7c93abfe8865f322,taxonomy_j09,CLASSIFIED_AS,ACCOUNT_TAXONOMY_PHASE5,rel_363a083dae7e0954
journey_2b104d3cdf948aa5,taxonomy_j08,CLASSIFIED_AS,ACCOUNT_TAXONOMY_PHASE5,rel_36644c9e26cd1215
journey_754c009f2da42807,taxonomy_j01,CLASSIFIED_AS,ACCOUNT_TAXONOMY_PHASE5,rel_3667017754cab08e
journey_4bfd2b7f7ef52c79,taxonomy_j09,CLASSIFIED_AS,ACCOUNT_TAXONOMY_PHASE5,rel_3677eaf951102e21
journey_df7e0a9a1eaff94c,taxonomy_j07,CLASSIFIED_AS,ACCOUNT_TAXONOMY_PHASE5,rel_36989bf3a0f14eb1
journey_7a3bc33faf1aa310,taxonomy_j05,CLASSIFIED_AS,ACCOUNT_TAXONOMY_PHASE5,rel_36a08a9e141a323c
journey_a970c26669dc8626,taxonomy_j04,CLASSIFIED_AS,ACCOUNT_TAXONOMY_PHASE5,rel_36a75e768e94d3cd
journey_b4de31eb6d7f232c,taxonomy_j04,CLASSIFIED_AS,ACCOUNT_TAXONOMY_PHASE5,rel_36fcea7f455f04f3
journey_ba247183890a940f,taxonomy_j04,CLASSIFIED_AS,ACCOUNT_TAXONOMY_PHASE5,rel_37034ae835203d78
journey_d4a28208ee24de63,taxonomy_j04,CLASSIFIED_AS,ACCOUNT_TAXONOMY_PHASE5,rel_3714c9d1d8de7301
journey_dc2905c88ea86ecc,taxonomy_j05,CLASSIFIED_AS,ACCOUNT_TAXONOMY_PHASE5,rel_37166fe05ccf425a
journey_dc76f47bf1fea052,taxonomy_j04,CLASSIFIED_AS,ACCOUNT_TAXONOMY_PHASE5,rel_372631be33a14a58
journey_f2aaffafe26b1425,taxonomy_j03,CLASSIFIED_AS,ACCOUNT_TAXONOMY_PHASE5,rel_3737aaaa7e515f2d
journey_bca3322c94e2c069,taxonomy_j04,CLASSIFIED_AS,ACCOUNT_TAXONOMY_PHASE5,rel_376944c838ce02d3
journey_724d7ef173a4d163,taxonomy_j04,CLASSIFIED_AS,ACCOUNT_TAXONOMY_PHASE5,rel_376a3ab2fbb7c3f0
journey_ff8902eaba67c2e9,taxonomy_j10,CLASSIFIED_AS,ACCOUNT_TAXONOMY_PHASE5,rel_377257989a1d8be6
journey_d189db5cde94db5c,taxonomy_j07,CLASSIFIED_AS,ACCOUNT_TAXONOMY_PHASE5,rel_377305c444229273
journey_f0d454d4e6bc33a8,taxonomy_j08,CLASSIFIED_AS,ACCOUNT_TAXONOMY_PHASE5,rel_37730b6264d2f6fa
journey_138c3435db59c634,taxonomy_j01,CLASSIFIED_AS,ACCOUNT_TAXONOMY_PHASE5,rel_37735c6a8ab3a74d
journey_5a0c6d3ca90a8ed2,taxonomy_j09,CLASSIFIED_AS,ACCOUNT_TAXONOMY_PHASE5,rel_3784fc08c32d8307
journey_4fb7d89605e6c502,taxonomy_j04,CLASSIFIED_AS,ACCOUNT_TAXONOMY_PHASE5,rel_37a229c7ac0019e1
journey_4633a2413b5d9c70,taxonomy_j09,CLASSIFIED_AS,ACCOUNT_TAXONOMY_PHASE5,rel_37a894ade87fea6d
journey_4c224469e7371b02,taxonomy_j04,CLASSIFIED_AS,ACCOUNT_TAXONOMY_PHASE5,rel_37a8cf58a4392760
journey_01b7c59b95a3ab8c,taxonomy_j05,CLASSIFIED_AS,ACCOUNT_TAXONOMY_PHASE5,rel_37ce796fbc06e9ae
journey_f4691133c5aa5ee7,taxonomy_j01,CLASSIFIED_AS,ACCOUNT_TAXONOMY_PHASE5,rel_37ef80400b121f1b
journey_2c683e42dc6ed5b5,taxonomy_j05,CLASSIFIED_AS,ACCOUNT_TAXONOMY_PHASE5,rel_37fa59526efa74da
journey_6d2abb5090880b4b,taxonomy_j09,CLASSIFIED_AS,ACCOUNT_TAXONOMY_PHASE5,rel_380ccce156af2e0c
journey_441038e8bb23a508,taxonomy_j03,CLASSIFIED_AS,ACCOUNT_TAXONOMY_PHASE5,rel_3810de2f01437eea
journey_f4091ddcc35e32a3,taxonomy_j05,CLASSIFIED_AS,ACCOUNT_TAXONOMY_PHASE5,rel_3815ebd00e87e8ab
journey_bdfcb16dab372562,taxonomy_j08,CLASSIFIED_AS,ACCOUNT_TAXONOMY_PHASE5,rel_381adb741d5cb4a7
journey_f34cca4b19213a47,taxonomy_j04,CLASSIFIED_AS,ACCOUNT_TAXONOMY_PHASE5,rel_381e527ae55f0515
journey_19160c13aa1448da,taxonomy_j09,CLASSIFIED_AS,ACCOUNT_TAXONOMY_PHASE5,rel_383df92ba8da78df
journey_59551c2f0a3bba2a,taxonomy_j04,CLASSIFIED_AS,ACCOUNT_TAXONOMY_PHASE5,rel_384296e78aa74047
journey_1aeafcfc5845f58d,taxonomy_j05,CLASSIFIED_AS,ACCOUNT_TAXONOMY_PHASE5,rel_384903cafd6315eb
journey_abab359eeea05b4b,taxonomy_j01,CLASSIFIED_AS,ACCOUNT_TAXONOMY_PHASE5,rel_384a5b10dd2eab2a
journey_b7d0d97f594504ee,taxonomy_j05,CLASSIFIED_AS,ACCOUNT_TAXONOMY_PHASE5,rel_387151f3329901bd
journey_8e21b05a8adc10d3,taxonomy_j08,CLASSIFIED_AS,ACCOUNT_TAXONOMY_PHASE5,rel_387696ae13598bee
journey_49f0c2548d1ef4fa,taxonomy_j09,CLASSIFIED_AS,ACCOUNT_TAXONOMY_PHASE5,rel_387eb6b414a31c13
journey_7cfcc2264284473d,taxonomy_j04,CLASSIFIED_AS,ACCOUNT_TAXONOMY_PHASE5,rel_387ff64da95a04da
journey_a15dfd059c7d891f,taxonomy_j09,CLASSIFIED_AS,ACCOUNT_TAXONOMY_PHASE5,rel_38834f5b51129e6d
journey_4b1edee08bbe8a4d,taxonomy_j01,CLASSIFIED_AS,ACCOUNT_TAXONOMY_PHASE5,rel_388e3fd991c36590
journey_4da3af4a8be9d3bb,taxonomy_j08,CLASSIFIED_AS,ACCOUNT_TAXONOMY_PHASE5,rel_38a1919f1bccdf78
journey_a9104a1cf318e3d5,taxonomy_j01,CLASSIFIED_AS,ACCOUNT_TAXONOMY_PHASE5,rel_38b6eeb1e3083ea2
journey_7df19ac0f7f504d9,taxonomy_j08,CLASSIFIED_AS,ACCOUNT_TAXONOMY_PHASE5,rel_38b7199406606101
journey_fda36c328a2b4b1e,taxonomy_j10,CLASSIFIED_AS,ACCOUNT_TAXONOMY_PHASE5,rel_38c9aebdebf44622
journey_c32a53159c4f2785,taxonomy_j05,CLASSIFIED_AS,ACCOUNT_TAXONOMY_PHASE5,rel_38cad1592bbae1b0
journey_84a3f833cf499401,taxonomy_j04,CLASSIFIED_AS,ACCOUNT_TAXONOMY_PHASE5,rel_38cfe2a420b5c9e1
journey_637c02cc2d38c0c7,taxonomy_j04,CLASSIFIED_AS,ACCOUNT_TAXONOMY_PHASE5,rel_38d7562edf61c71b
journey_c2c181cc3f7de969,taxonomy_j02,CLASSIFIED_AS,ACCOUNT_TAXONOMY_PHASE5,rel_38f115cc0ababe4e
journey_d8076755b28f62c9,taxonomy_j05,CLASSIFIED_AS,ACCOUNT_TAXONOMY_PHASE5,rel_38f39d2028db9a51
journey_e71499af3f14549a,taxonomy_j05,CLASSIFIED_AS,ACCOUNT_TAXONOMY_PHASE5,rel_38fe4c9e705b709b
journey_13bdd34977d4387e,taxonomy_j08,CLASSIFIED_AS,ACCOUNT_TAXONOMY_PHASE5,rel_38fefcc1b08a614a
journey_fd1c001c0631c27f,taxonomy_j03,CLASSIFIED_AS,ACCOUNT_TAXONOMY_PHASE5,rel_3903809a003503a2
journey_d519db7c01d96ed7,taxonomy_j09,CLASSIFIED_AS,ACCOUNT_TAXONOMY_PHASE5,rel_390c7e9da8dd4b5a
journey_0a13a35e3cb32560,taxonomy_j04,CLASSIFIED_AS,ACCOUNT_TAXONOMY_PHASE5,rel_391226eae6e6e5c9
journey_455466f6b6f8807e,taxonomy_j09,CLASSIFIED_AS,ACCOUNT_TAXONOMY_PHASE5,rel_3916bc8f554ac970
journey_54f1ff1f77dcf9b5,taxonomy_j09,CLASSIFIED_AS,ACCOUNT_TAXONOMY_PHASE5,rel_39467ac542bfe14d
journey_404b9b9b766447d0,taxonomy_j04,CLASSIFIED_AS,ACCOUNT_TAXONOMY_PHASE5,rel_396d15b3e20ee932
journey_7dfa3480414706bc,taxonomy_j03,CLASSIFIED_AS,ACCOUNT_TAXONOMY_PHASE5,rel_396d67101a9b7fbf
journey_51cfa84c53e57642,taxonomy_j04,CLASSIFIED_AS,ACCOUNT_TAXONOMY_PHASE5,rel_397ddcf5324bab42
journey_8155eeaf1c524b8d,taxonomy_j04,CLASSIFIED_AS,ACCOUNT_TAXONOMY_PHASE5,rel_39969e32b9a3512e
journey_b890b32c66e3f950,taxonomy_j08,CLASSIFIED_AS,ACCOUNT_TAXONOMY_PHASE5,rel_3999ba55ff4e8c87
journey_1bfe4166b280f1e3,taxonomy_j04,CLASSIFIED_AS,ACCOUNT_TAXONOMY_PHASE5,rel_399d452a92887e18
journey_9e83e2095dbcc9b4,taxonomy_j08,CLASSIFIED_AS,ACCOUNT_TAXONOMY_PHASE5,rel_39a14abb302d7d60
journey_aa111ecccfa0e71e,taxonomy_j10,CLASSIFIED_AS,ACCOUNT_TAXONOMY_PHASE5,rel_39addcc94004759e
journey_18233e34dbbe9be2,taxonomy_j09,CLASSIFIED_AS,ACCOUNT_TAXONOMY_PHASE5,rel_39aed3f8bd61c883
journey_e55efd7916b9b35b,taxonomy_j05,CLASSIFIED_AS,ACCOUNT_TAXONOMY_PHASE5,rel_39c6dafd702f6b78
journey_91cfcc247cd5d404,taxonomy_j08,CLASSIFIED_AS,ACCOUNT_TAXONOMY_PHASE5,rel_39c82c00622f52ef
journey_47811acf67ba8beb,taxonomy_j05,CLASSIFIED_AS,ACCOUNT_TAXONOMY_PHASE5,rel_39cdbcbc73fac511
journey_57f5ed6fdd4ffb54,taxonomy_j10,CLASSIFIED_AS,ACCOUNT_TAXONOMY_PHASE5,rel_39cdeb3e4d333509
journey_415f06ce0d7b1782,taxonomy_j04,CLASSIFIED_AS,ACCOUNT_TAXONOMY_PHASE5,rel_39ea86c86e0b46c3
journey_18a98dcb2d33fe94,taxonomy_j08,CLASSIFIED_AS,ACCOUNT_TAXONOMY_PHASE5,rel_39ead53d6b910a8a
journey_76790460f9717c45,taxonomy_j09,CLASSIFIED_AS,ACCOUNT_TAXONOMY_PHASE5,rel_39f3e97bb3eb28f1
journey_110fd8c5ba2ddfd7,taxonomy_j08,CLASSIFIED_AS,ACCOUNT_TAXONOMY_PHASE5,rel_3a0040b03987439c
journey_4b7da0d4e9c5bea8,taxonomy_j05,CLASSIFIED_AS,ACCOUNT_TAXONOMY_PHASE5,rel_3a02ea650414e955
journey_53c105bd9e3db28f,taxonomy_j04,CLASSIFIED_AS,ACCOUNT_TAXONOMY_PHASE5,rel_3a16da6bd1e9add1
journey_45287d9caf2f0094,taxonomy_j04,CLASSIFIED_AS,ACCOUNT_TAXONOMY_PHASE5,rel_3a178d0ca5f22a27
journey_afa2a85bf2dd5358,taxonomy_j01,CLASSIFIED_AS,ACCOUNT_TAXONOMY_PHASE5,rel_3a189b899d20bde8
journey_a6ab7e99140dc737,taxonomy_j04,CLASSIFIED_AS,ACCOUNT_TAXONOMY_PHASE5,rel_3a22891d95e6578c
journey_8972802a09f5e1e3,taxonomy_j04,CLASSIFIED_AS,ACCOUNT_TAXONOMY_PHASE5,rel_3a2450b5cf1faae0
journey_84bbe283f394e2ab,taxonomy_j04,CLASSIFIED_AS,ACCOUNT_TAXONOMY_PHASE5,rel_3a3350db5c0079da
journey_6bf8fa1d9d6cd3a1,taxonomy_j05,CLASSIFIED_AS,ACCOUNT_TAXONOMY_PHASE5,rel_3a3ad261fa21595d
journey_a217c86ba8ec1e8d,taxonomy_j08,CLASSIFIED_AS,ACCOUNT_TAXONOMY_PHASE5,rel_3a4dba3c9e15db62
journey_0c974abeb56b0825,taxonomy_j10,CLASSIFIED_AS,ACCOUNT_TAXONOMY_PHASE5,rel_3a5635aa33b85f6a
journey_dfd5f752883dbb16,taxonomy_j03,CLASSIFIED_AS,ACCOUNT_TAXONOMY_PHASE5,rel_3a6e83ee4ccc52e9
journey_c16be908a9f481ff,taxonomy_j02,CLASSIFIED_AS,ACCOUNT_TAXONOMY_PHASE5,rel_3a728b55a18e6231
journey_bac4b0b027107be9,taxonomy_j08,CLASSIFIED_AS,ACCOUNT_TAXONOMY_PHASE5,rel_3a7569ff2ea86319
journey_b09ad4ddab39f20e,taxonomy_j09,CLASSIFIED_AS,ACCOUNT_TAXONOMY_PHASE5,rel_3a968d46d12fd864
journey_9cbf25a769e61f2b,taxonomy_j09,CLASSIFIED_AS,ACCOUNT_TAXONOMY_PHASE5,rel_3aa6199fddcd1a83
journey_d1a1d92a9b788649,taxonomy_j05,CLASSIFIED_AS,ACCOUNT_TAXONOMY_PHASE5,rel_3aabe01ac85dc5e6
journey_ad3c4d62c790aa85,taxonomy_j05,CLASSIFIED_AS,ACCOUNT_TAXONOMY_PHASE5,rel_3abc18b03e31b362
journey_65290500a61f5e71,taxonomy_j09,CLASSIFIED_AS,ACCOUNT_TAXONOMY_PHASE5,rel_3ad1cd78a7226b69
journey_28828f3c1b5f1b42,taxonomy_j04,CLASSIFIED_AS,ACCOUNT_TAXONOMY_PHASE5,rel_3ad33320752715ab
journey_10fa674f412a46aa,taxonomy_j04,CLASSIFIED_AS,ACCOUNT_TAXONOMY_PHASE5,rel_3ad677113c7c5ab1
journey_337ef5c6dc2764b1,taxonomy_j03,CLASSIFIED_AS,ACCOUNT_TAXONOMY_PHASE5,rel_3b23a47d93e10c2d
journey_9cf04d4e189753f9,taxonomy_j08,CLASSIFIED_AS,ACCOUNT_TAXONOMY_PHASE5,rel_3b273a0fc57a7dd0
journey_11e4702e03a00205,taxonomy_j08,CLASSIFIED_AS,ACCOUNT_TAXONOMY_PHASE5,rel_3b29aac3e6c2386c
journey_6d000cad7a92c3f3,taxonomy_j05,CLASSIFIED_AS,ACCOUNT_TAXONOMY_PHASE5,rel_3b32f736bf9aac02
journey_358ff6677a77a158,taxonomy_j09,CLASSIFIED_AS,ACCOUNT_TAXONOMY_PHASE5,rel_3b4d5fbecd67681b
journey_a516627c10465101,taxonomy_j07,CLASSIFIED_AS,ACCOUNT_TAXONOMY_PHASE5,rel_3b50bfe7122133d8
journey_6a1954a0de81d714,taxonomy_j05,CLASSIFIED_AS,ACCOUNT_TAXONOMY_PHASE5,rel_3b5884f8b26b857f
journey_1394fbe3691bc0ff,taxonomy_j09,CLASSIFIED_AS,ACCOUNT_TAXONOMY_PHASE5,rel_3b6b0b325c466a30
journey_92949981646a8f6a,taxonomy_j03,CLASSIFIED_AS,ACCOUNT_TAXONOMY_PHASE5,rel_3b6fc0c0c3de1408
journey_8264a748d35401d5,taxonomy_j08,CLASSIFIED_AS,ACCOUNT_TAXONOMY_PHASE5,rel_3b745d8006f5613f
journey_3328fff9c6c95109,taxonomy_j01,CLASSIFIED_AS,ACCOUNT_TAXONOMY_PHASE5,rel_3b77ab0d5a7f5109
journey_9b013389fdf21e37,taxonomy_j05,CLASSIFIED_AS,ACCOUNT_TAXONOMY_PHASE5,rel_3b8b4c1b34cd7ce0
journey_9a92bb1ead28ca63,taxonomy_j10,CLASSIFIED_AS,ACCOUNT_TAXONOMY_PHASE5,rel_3bb189e8adf8c297
journey_9e363364c0350683,taxonomy_j05,CLASSIFIED_AS,ACCOUNT_TAXONOMY_PHASE5,rel_3bb7f8f7d6449593
journey_69ef82522acfc115,taxonomy_j05,CLASSIFIED_AS,ACCOUNT_TAXONOMY_PHASE5,rel_3bd74ebb788ec761
journey_d295a4a2ff8f7eb1,taxonomy_j10,CLASSIFIED_AS,ACCOUNT_TAXONOMY_PHASE5,rel_3bd7cb0eca025e9a
journey_a5070834e07cb8cd,taxonomy_j10,CLASSIFIED_AS,ACCOUNT_TAXONOMY_PHASE5,rel_3beb96a40cadb18c
journey_3cbf6303754c9f48,taxonomy_j09,CLASSIFIED_AS,ACCOUNT_TAXONOMY_PHASE5,rel_3bf09ac25bb11afc
journey_515ea0da26a1ec8a,taxonomy_j09,CLASSIFIED_AS,ACCOUNT_TAXONOMY_PHASE5,rel_3c00680d191fec9c
journey_b3b35d38d27ee1ac,taxonomy_j09,CLASSIFIED_AS,ACCOUNT_TAXONOMY_PHASE5,rel_3c03ca8372750902
journey_cc82ca5e29e32b5a,taxonomy_j04,CLASSIFIED_AS,ACCOUNT_TAXONOMY_PHASE5,rel_3c0445e164a490a8
journey_2226ce42c1474ef1,taxonomy_j01,CLASSIFIED_AS,ACCOUNT_TAXONOMY_PHASE5,rel_3c130771c62cb970
journey_cb0bde29163bb484,taxonomy_j01,CLASSIFIED_AS,ACCOUNT_TAXONOMY_PHASE5,rel_3c1cb7b60438e6b6
journey_6988b6ad549dbb7c,taxonomy_j08,CLASSIFIED_AS,ACCOUNT_TAXONOMY_PHASE5,rel_3c25db7e6f03bf87
journey_7e23c8d11691532a,taxonomy_j04,CLASSIFIED_AS,ACCOUNT_TAXONOMY_PHASE5,rel_3c2666ed07cd6e65
journey_f0d756c6bd085f71,taxonomy_j04,CLASSIFIED_AS,ACCOUNT_TAXONOMY_PHASE5,rel_3c297f3c0f99db73
journey_19a32e8397aa2ebb,taxonomy_j09,CLASSIFIED_AS,ACCOUNT_TAXONOMY_PHASE5,rel_3c2f8ba510df1f17
journey_c96f78b43dd6958e,taxonomy_j07,CLASSIFIED_AS,ACCOUNT_TAXONOMY_PHASE5,rel_3c36429f83be9c04
journey_74a264cfb4601fc9,taxonomy_j09,CLASSIFIED_AS,ACCOUNT_TAXONOMY_PHASE5,rel_3c3af55e6975906e
journey_3355534b8137b72f,taxonomy_j03,CLASSIFIED_AS,ACCOUNT_TAXONOMY_PHASE5,rel_3c62b74c28cb37dc
journey_8421b5e6f23fec22,taxonomy_j05,CLASSIFIED_AS,ACCOUNT_TAXONOMY_PHASE5,rel_3c7c1979a3882e4d
journey_943554e662df08b6,taxonomy_j08,CLASSIFIED_AS,ACCOUNT_TAXONOMY_PHASE5,rel_3c926dfe1224ac67
journey_d2633a97028f9e35,taxonomy_j03,CLASSIFIED_AS,ACCOUNT_TAXONOMY_PHASE5,rel_3c952be95f46d459
journey_804fd7f44daa778c,taxonomy_j08,CLASSIFIED_AS,ACCOUNT_TAXONOMY_PHASE5,rel_3ca4890ee822cf4e
journey_2556c194e7434646,taxonomy_j04,CLASSIFIED_AS,ACCOUNT_TAXONOMY_PHASE5,rel_3cad81a2cd66db4a
journey_326bade29841c40a,taxonomy_j08,CLASSIFIED_AS,ACCOUNT_TAXONOMY_PHASE5,rel_3ccad84a720657cd
journey_4b1e06689c5deb50,taxonomy_j04,CLASSIFIED_AS,ACCOUNT_TAXONOMY_PHASE5,rel_3cd40161f3d5923b
journey_ce7866c198825d09,taxonomy_j04,CLASSIFIED_AS,ACCOUNT_TAXONOMY_PHASE5,rel_3ce0bd9e386f8cb6
journey_fb5ff19e82328bc5,taxonomy_j03,CLASSIFIED_AS,ACCOUNT_TAXONOMY_PHASE5,rel_3cf1a1688a5bacca
journey_5740d61f07b29162,taxonomy_j09,CLASSIFIED_AS,ACCOUNT_TAXONOMY_PHASE5,rel_3d0d57383ea4b382
journey_9417e1e9d9827f7a,taxonomy_j05,CLASSIFIED_AS,ACCOUNT_TAXONOMY_PHASE5,rel_3d1c7a681f6c3918
journey_4ddac7b954c1c44e,taxonomy_j04,CLASSIFIED_AS,ACCOUNT_TAXONOMY_PHASE5,rel_3d3da7c923445bbb
journey_b277e825a3153f03,taxonomy_j08,CLASSIFIED_AS,ACCOUNT_TAXONOMY_PHASE5,rel_3d444f7b44aa3492
journey_a302eab4f019554c,taxonomy_j04,CLASSIFIED_AS,ACCOUNT_TAXONOMY_PHASE5,rel_3d47b75ad5b62f11
journey_f4f688120333bb0a,taxonomy_j04,CLASSIFIED_AS,ACCOUNT_TAXONOMY_PHASE5,rel_3d4f265c1011a836
journey_5ec6a1d9421d311c,taxonomy_j05,CLASSIFIED_AS,ACCOUNT_TAXONOMY_PHASE5,rel_3d5837c261be6be9
journey_ac6aa68448fac2f8,taxonomy_j01,CLASSIFIED_AS,ACCOUNT_TAXONOMY_PHASE5,rel_3d62a175f7526b0f
journey_e4af130212459605,taxonomy_j04,CLASSIFIED_AS,ACCOUNT_TAXONOMY_PHASE5,rel_3d6333e498ca74a9
journey_c613f6ceaa07a2f1,taxonomy_j05,CLASSIFIED_AS,ACCOUNT_TAXONOMY_PHASE5,rel_3d663961190b1fab
journey_9fc63175bf2b2229,taxonomy_j04,CLASSIFIED_AS,ACCOUNT_TAXONOMY_PHASE5,rel_3d705975fa7d52ff
journey_cc6a78d2ac25b228,taxonomy_j04,CLASSIFIED_AS,ACCOUNT_TAXONOMY_PHASE5,rel_3d836e3c9eb156b1
journey_db4fe7e750738d3e,taxonomy_j08,CLASSIFIED_AS,ACCOUNT_TAXONOMY_PHASE5,rel_3d8b05f5ba7d0973
journey_82017bbaccb75122,taxonomy_j09,CLASSIFIED_AS,ACCOUNT_TAXONOMY_PHASE5,rel_3d8eb6e091f82ff3
journey_f746ca780ced61cf,taxonomy_j08,CLASSIFIED_AS,ACCOUNT_TAXONOMY_PHASE5,rel_3d97aba52bd6cb18
journey_a183c0fca92c723b,taxonomy_j09,CLASSIFIED_AS,ACCOUNT_TAXONOMY_PHASE5,rel_3dbafa3551caeedc
journey_39f66be01233287a,taxonomy_j09,CLASSIFIED_AS,ACCOUNT_TAXONOMY_PHASE5,rel_3dcd3d5a7e6a46d7
journey_a2a3c36c0c563fe1,taxonomy_j08,CLASSIFIED_AS,ACCOUNT_TAXONOMY_PHASE5,rel_3dd990acba8274a1
journey_992ea255c76505ea,taxonomy_j08,CLASSIFIED_AS,ACCOUNT_TAXONOMY_PHASE5,rel_3ded66fe2354b395
journey_40ae8e0e1601ed34,taxonomy_j04,CLASSIFIED_AS,ACCOUNT_TAXONOMY_PHASE5,rel_3dee91e239619944
journey_4013017148610f70,taxonomy_j05,CLASSIFIED_AS,ACCOUNT_TAXONOMY_PHASE5,rel_3df239d28d551bf6
journey_6ae06e978d107119,taxonomy_j03,CLASSIFIED_AS,ACCOUNT_TAXONOMY_PHASE5,rel_3e04f7a73a99a57b
journey_1f2562fe5299840b,taxonomy_j05,CLASSIFIED_AS,ACCOUNT_TAXONOMY_PHASE5,rel_3e0d992954091ab0
journey_67b21b83445e7bee,taxonomy_j07,CLASSIFIED_AS,ACCOUNT_TAXONOMY_PHASE5,rel_3e100de991b716ce
journey_12671da267a3172d,taxonomy_j05,CLASSIFIED_AS,ACCOUNT_TAXONOMY_PHASE5,rel_3e270d4ccc5a5bf2
journey_b3ad36adaf10f657,taxonomy_j04,CLASSIFIED_AS,ACCOUNT_TAXONOMY_PHASE5,rel_3e3db9b8d558f5a0
journey_1a895807591ad43c,taxonomy_j04,CLASSIFIED_AS,ACCOUNT_TAXONOMY_PHASE5,rel_3e6e2afa4a52d294
journey_0c565943b4ddf163,taxonomy_j01,CLASSIFIED_AS,ACCOUNT_TAXONOMY_PHASE5,rel_3e927206adedefb8
journey_c2eb1f5629ee4862,taxonomy_j01,CLASSIFIED_AS,ACCOUNT_TAXONOMY_PHASE5,rel_3e93506eafc14415
journey_0ba325dd07157722,taxonomy_j09,CLASSIFIED_AS,ACCOUNT_TAXONOMY_PHASE5,rel_3ea2504483fd0c94
journey_f9a8832a095ed877,taxonomy_j01,CLASSIFIED_AS,ACCOUNT_TAXONOMY_PHASE5,rel_3ea9b633d43e8c1d
journey_64fcd317e2b10e7a,taxonomy_j04,CLASSIFIED_AS,ACCOUNT_TAXONOMY_PHASE5,rel_3eac7e1ad96c3de9
journey_cdc3b12fec86a479,taxonomy_j03,CLASSIFIED_AS,ACCOUNT_TAXONOMY_PHASE5,rel_3ec2b1eb0ac848b0
journey_eb75c71006b5b552,taxonomy_j07,CLASSIFIED_AS,ACCOUNT_TAXONOMY_PHASE5,rel_3ec7e6234e695dcf
journey_dd959474dbc4711c,taxonomy_j08,CLASSIFIED_AS,ACCOUNT_TAXONOMY_PHASE5,rel_3ec912816b769d72
journey_56a4e9579304dd5b,taxonomy_j10,CLASSIFIED_AS,ACCOUNT_TAXONOMY_PHASE5,rel_3ecb75860185bc9b
journey_354f30923c11d33e,taxonomy_j05,CLASSIFIED_AS,ACCOUNT_TAXONOMY_PHASE5,rel_3ed64414fb6dc188
journey_1d849d6bf34f44da,taxonomy_j08,CLASSIFIED_AS,ACCOUNT_TAXONOMY_PHASE5,rel_3ed6c4c3ea474fe5
journey_c5f78315f936b4a8,taxonomy_j03,CLASSIFIED_AS,ACCOUNT_TAXONOMY_PHASE5,rel_3ed73e0d4a9cb98b
journey_b87ad8a50a335c12,taxonomy_j10,CLASSIFIED_AS,ACCOUNT_TAXONOMY_PHASE5,rel_3ee143b1b799cd0e
journey_e8e7923f2095bb0b,taxonomy_j05,CLASSIFIED_AS,ACCOUNT_TAXONOMY_PHASE5,rel_3ee33e301c450313
journey_bdac1a25e8f6a30e,taxonomy_j04,CLASSIFIED_AS,ACCOUNT_TAXONOMY_PHASE5,rel_3ee78d90062ef938
journey_a19c9bd15dabbbf9,taxonomy_j01,CLASSIFIED_AS,ACCOUNT_TAXONOMY_PHASE5,rel_3ef25c3170fbc331
journey_db31ff9f99161d28,taxonomy_j09,CLASSIFIED_AS,ACCOUNT_TAXONOMY_PHASE5,rel_3eff8e2e3145537b
journey_4cf7f5c249759ece,taxonomy_j09,CLASSIFIED_AS,ACCOUNT_TAXONOMY_PHASE5,rel_3f017203ced2367a
journey_0f3e75273b110030,taxonomy_j05,CLASSIFIED_AS,ACCOUNT_TAXONOMY_PHASE5,rel_3f0e2920b6e4eda5
journey_9886b83596a18fa1,taxonomy_j03,CLASSIFIED_AS,ACCOUNT_TAXONOMY_PHASE5,rel_3f106df066561564
journey_dd8d7ca58a632e1e,taxonomy_j08,CLASSIFIED_AS,ACCOUNT_TAXONOMY_PHASE5,rel_3f20ebb3d248cd94
journey_99808b4e26f251a1,taxonomy_j04,CLASSIFIED_AS,ACCOUNT_TAXONOMY_PHASE5,rel_3f2abde89e9b6bc8
journey_5e41400d032a0bac,taxonomy_j05,CLASSIFIED_AS,ACCOUNT_TAXONOMY_PHASE5,rel_3f38f7b5fa2da54b
journey_63ed729a229228cd,taxonomy_j05,CLASSIFIED_AS,ACCOUNT_TAXONOMY_PHASE5,rel_3f4454f518b9985f
journey_1b58fed4ab9ddc4a,taxonomy_j03,CLASSIFIED_AS,ACCOUNT_TAXONOMY_PHASE5,rel_3f50e69ab7ebb469
journey_376d5b84cf48bb0e,taxonomy_j10,CLASSIFIED_AS,ACCOUNT_TAXONOMY_PHASE5,rel_3f51ef3d33e96c3e
journey_4c3d18bf206beb6c,taxonomy_j08,CLASSIFIED_AS,ACCOUNT_TAXONOMY_PHASE5,rel_3f5eb3588d5e6371
journey_d189af9527128211,taxonomy_j09,CLASSIFIED_AS,ACCOUNT_TAXONOMY_PHASE5,rel_3f65f159acb61ce1
journey_ce10ad055778d9b9,taxonomy_j10,CLASSIFIED_AS,ACCOUNT_TAXONOMY_PHASE5,rel_3f6dd57e6e352148
journey_02c089e858ac8a9a,taxonomy_j05,CLASSIFIED_AS,ACCOUNT_TAXONOMY_PHASE5,rel_3f752552747e0849
journey_22b0780fe02daeac,taxonomy_j08,CLASSIFIED_AS,ACCOUNT_TAXONOMY_PHASE5,rel_3f81c33072d33a2b
journey_6fa47ca59581b2fe,taxonomy_j04,CLASSIFIED_AS,ACCOUNT_TAXONOMY_PHASE5,rel_3f8e13bc62386367
journey_63d15ebe3516e977,taxonomy_j05,CLASSIFIED_AS,ACCOUNT_TAXONOMY_PHASE5,rel_3f93c36fe4a9f719
journey_82f78a2350902b74,taxonomy_j05,CLASSIFIED_AS,ACCOUNT_TAXONOMY_PHASE5,rel_3f973d310f26f16a
journey_63fad831a1889957,taxonomy_j01,CLASSIFIED_AS,ACCOUNT_TAXONOMY_PHASE5,rel_3fa21e2e0a80b3ce
journey_520f1b02b0c9e62f,taxonomy_j05,CLASSIFIED_AS,ACCOUNT_TAXONOMY_PHASE5,rel_3fa27da082712016
journey_7b6edbadb3e8eb38,taxonomy_j05,CLASSIFIED_AS,ACCOUNT_TAXONOMY_PHASE5,rel_3fb8e5fb5eaff774
journey_6859b1ccee5ef5f6,taxonomy_j04,CLASSIFIED_AS,ACCOUNT_TAXONOMY_PHASE5,rel_3fbead75dd8ca3cf
journey_4917f6955c599d56,taxonomy_j05,CLASSIFIED_AS,ACCOUNT_TAXONOMY_PHASE5,rel_3ffa3d683cee544d
journey_8976e141492acb3f,taxonomy_j01,CLASSIFIED_AS,ACCOUNT_TAXONOMY_PHASE5,rel_4038a9e47a98af1f
journey_19129635c2af6be7,taxonomy_j03,CLASSIFIED_AS,ACCOUNT_TAXONOMY_PHASE5,rel_4038ff9929ad10d3
journey_7ea697a13d339a71,taxonomy_j09,CLASSIFIED_AS,ACCOUNT_TAXONOMY_PHASE5,rel_403af5b207b6e8d0
journey_6a51fc64c9f276b2,taxonomy_j08,CLASSIFIED_AS,ACCOUNT_TAXONOMY_PHASE5,rel_403e831f4d510109
journey_6bde1dbfe491b0d6,taxonomy_j09,CLASSIFIED_AS,ACCOUNT_TAXONOMY_PHASE5,rel_404ac400aa73a9f8
journey_5b910a7e10473bb0,taxonomy_j04,CLASSIFIED_AS,ACCOUNT_TAXONOMY_PHASE5,rel_407e5a04fb1fb533
journey_cf252657db0f6ac7,taxonomy_j07,CLASSIFIED_AS,ACCOUNT_TAXONOMY_PHASE5,rel_4096de5b3b855485
journey_7e6660b365bfd869,taxonomy_j08,CLASSIFIED_AS,ACCOUNT_TAXONOMY_PHASE5,rel_40bf2dab9ac92bf5
journey_c66f6df541628ac7,taxonomy_j01,CLASSIFIED_AS,ACCOUNT_TAXONOMY_PHASE5,rel_40cf991eeefafa9c
journey_ea9c323ad8e23cc1,taxonomy_j09,CLASSIFIED_AS,ACCOUNT_TAXONOMY_PHASE5,rel_40d2c0192aed9168
journey_57fb07f8063d7d0e,taxonomy_j05,CLASSIFIED_AS,ACCOUNT_TAXONOMY_PHASE5,rel_40d8a1c53a436a85
journey_8df8168a7f1b13d1,taxonomy_j04,CLASSIFIED_AS,ACCOUNT_TAXONOMY_PHASE5,rel_40fac445acf5fcc2
journey_3f714801b669a19b,taxonomy_j09,CLASSIFIED_AS,ACCOUNT_TAXONOMY_PHASE5,rel_413e118ee7a67e4c
journey_bb3738fcbe397c5c,taxonomy_j04,CLASSIFIED_AS,ACCOUNT_TAXONOMY_PHASE5,rel_4147bfc688ce525d
journey_bad20b4d2a5653de,taxonomy_j04,CLASSIFIED_AS,ACCOUNT_TAXONOMY_PHASE5,rel_415a9a37974e279b
journey_0b136d777ddf1844,taxonomy_j07,CLASSIFIED_AS,ACCOUNT_TAXONOMY_PHASE5,rel_415b4e441591d10c
journey_ca8e6451886b1b33,taxonomy_j05,CLASSIFIED_AS,ACCOUNT_TAXONOMY_PHASE5,rel_41973afaf6bbe18a
journey_88abf550e36d9e6a,taxonomy_j09,CLASSIFIED_AS,ACCOUNT_TAXONOMY_PHASE5,rel_41b07f16be97ad02
journey_832d1ffd5d71be46,taxonomy_j10,CLASSIFIED_AS,ACCOUNT_TAXONOMY_PHASE5,rel_41c10440ff13aea3
journey_84a8728722c5dd4e,taxonomy_j09,CLASSIFIED_AS,ACCOUNT_TAXONOMY_PHASE5,rel_41efdcc5bb922037
journey_8b1e8d5e33295104,taxonomy_j05,CLASSIFIED_AS,ACCOUNT_TAXONOMY_PHASE5,rel_41f27a36b5f9836f
journey_664624d78aa159db,taxonomy_j03,CLASSIFIED_AS,ACCOUNT_TAXONOMY_PHASE5,rel_420f239ca1daef23
journey_716eea1521a22db3,taxonomy_j05,CLASSIFIED_AS,ACCOUNT_TAXONOMY_PHASE5,rel_4233017bb8b56bae
journey_133eefe70970ab34,taxonomy_j04,CLASSIFIED_AS,ACCOUNT_TAXONOMY_PHASE5,rel_4280091638bb8b27
journey_484b8638cbb27307,taxonomy_j04,CLASSIFIED_AS,ACCOUNT_TAXONOMY_PHASE5,rel_42810a0d16c59cd0
journey_c0225fccedafeb8b,taxonomy_j03,CLASSIFIED_AS,ACCOUNT_TAXONOMY_PHASE5,rel_42b9c9793f6c1216
journey_3a7fa40e557c76d4,taxonomy_j07,CLASSIFIED_AS,ACCOUNT_TAXONOMY_PHASE5,rel_42be147eee977e9c
journey_b5c9033cfeae2a0d,taxonomy_j05,CLASSIFIED_AS,ACCOUNT_TAXONOMY_PHASE5,rel_42f2cd383262866d
journey_e0387924273a3091,taxonomy_j04,CLASSIFIED_AS,ACCOUNT_TAXONOMY_PHASE5,rel_42fa29fc05341ad7
journey_ee20e71a216a1a87,taxonomy_j05,CLASSIFIED_AS,ACCOUNT_TAXONOMY_PHASE5,rel_430c936624e7058f
journey_6ac3c33d2d033a3e,taxonomy_j10,CLASSIFIED_AS,ACCOUNT_TAXONOMY_PHASE5,rel_43280a13e3712d03
journey_bbc9b87b35dba64b,taxonomy_j09,CLASSIFIED_AS,ACCOUNT_TAXONOMY_PHASE5,rel_432aea14e690bddb
journey_8aa91915a52bf0b3,taxonomy_j01,CLASSIFIED_AS,ACCOUNT_TAXONOMY_PHASE5,rel_432cbe7ef6ac2c38
journey_d61e11c61dee94a1,taxonomy_j01,CLASSIFIED_AS,ACCOUNT_TAXONOMY_PHASE5,rel_434d09325927d92c
journey_a20b7d284384638a,taxonomy_j04,CLASSIFIED_AS,ACCOUNT_TAXONOMY_PHASE5,rel_4380718b83624dbd
journey_ac826925ae80a07d,taxonomy_j04,CLASSIFIED_AS,ACCOUNT_TAXONOMY_PHASE5,rel_438a8df9a16bd066
journey_9f274561d7925d86,taxonomy_j04,CLASSIFIED_AS,ACCOUNT_TAXONOMY_PHASE5,rel_438aa03ddf6088ac
journey_66894acceee036f8,taxonomy_j04,CLASSIFIED_AS,ACCOUNT_TAXONOMY_PHASE5,rel_43a9705eacfb87ad
journey_f8f8061e996b3126,taxonomy_j04,CLASSIFIED_AS,ACCOUNT_TAXONOMY_PHASE5,rel_43b4bcdcffffc1c0
journey_5f3b81dcdd15120e,taxonomy_j01,CLASSIFIED_AS,ACCOUNT_TAXONOMY_PHASE5,rel_43c1b7cba166084b
journey_14b90ed7ea5b9f90,taxonomy_j10,CLASSIFIED_AS,ACCOUNT_TAXONOMY_PHASE5,rel_43e671d9c2273442
journey_7f9bb570ef16c923,taxonomy_j04,CLASSIFIED_AS,ACCOUNT_TAXONOMY_PHASE5,rel_43f15456b0083d52
journey_78c7ea28c1b4af1b,taxonomy_j08,CLASSIFIED_AS,ACCOUNT_TAXONOMY_PHASE5,rel_43ff7c39d6c339a2
journey_18ed98266fce8d29,taxonomy_j08,CLASSIFIED_AS,ACCOUNT_TAXONOMY_PHASE5,rel_441982c565dba8ce
journey_79c83904265da11f,taxonomy_j09,CLASSIFIED_AS,ACCOUNT_TAXONOMY_PHASE5,rel_441fb5aa6b737ad1
journey_27fed77eea3eb30c,taxonomy_j05,CLASSIFIED_AS,ACCOUNT_TAXONOMY_PHASE5,rel_44321734d895d08e
journey_5d72097a2ef48358,taxonomy_j04,CLASSIFIED_AS,ACCOUNT_TAXONOMY_PHASE5,rel_44380df7e8476ada
journey_c9ea13ec38db6079,taxonomy_j08,CLASSIFIED_AS,ACCOUNT_TAXONOMY_PHASE5,rel_444ac99c4d00265a
journey_46c971fc94d17078,taxonomy_j03,CLASSIFIED_AS,ACCOUNT_TAXONOMY_PHASE5,rel_4456aa85faea9348
journey_81f7efcb86d67057,taxonomy_j01,CLASSIFIED_AS,ACCOUNT_TAXONOMY_PHASE5,rel_445cef5955872deb
journey_f7f4f2e1d1b631a0,taxonomy_j04,CLASSIFIED_AS,ACCOUNT_TAXONOMY_PHASE5,rel_44646ded41b77e4c
journey_5032c26db48a1af6,taxonomy_j04,CLASSIFIED_AS,ACCOUNT_TAXONOMY_PHASE5,rel_446bc4c261c9753a
journey_272363c5cdbcf715,taxonomy_j01,CLASSIFIED_AS,ACCOUNT_TAXONOMY_PHASE5,rel_447318a27d5cad88
journey_896e5363e61227bd,taxonomy_j08,CLASSIFIED_AS,ACCOUNT_TAXONOMY_PHASE5,rel_44883aff5b67206f
journey_d5dc48f66a4c5064,taxonomy_j04,CLASSIFIED_AS,ACCOUNT_TAXONOMY_PHASE5,rel_448d528d12e9ab1a
journey_e0c36c4905b67315,taxonomy_j04,CLASSIFIED_AS,ACCOUNT_TAXONOMY_PHASE5,rel_44943105123da1ab
journey_97dfb78349929e09,taxonomy_j08,CLASSIFIED_AS,ACCOUNT_TAXONOMY_PHASE5,rel_449a1e17d59d3dc8
journey_09d938e91c50505c,taxonomy_j04,CLASSIFIED_AS,ACCOUNT_TAXONOMY_PHASE5,rel_44a5493c76494a08
journey_a4da320ae54cd508,taxonomy_j01,CLASSIFIED_AS,ACCOUNT_TAXONOMY_PHASE5,rel_44b852e969ce14a1
journey_bf04232203c9411b,taxonomy_j09,CLASSIFIED_AS,ACCOUNT_TAXONOMY_PHASE5,rel_44e11e54c380b08e
journey_6b57d2e3634fc55a,taxonomy_j02,CLASSIFIED_AS,ACCOUNT_TAXONOMY_PHASE5,rel_44e3037dd386acbc
journey_4df593eb2b98cca4,taxonomy_j04,CLASSIFIED_AS,ACCOUNT_TAXONOMY_PHASE5,rel_4518a14e6051405b
journey_b6459f12ccd473a5,taxonomy_j04,CLASSIFIED_AS,ACCOUNT_TAXONOMY_PHASE5,rel_454348b481c2630b
journey_facae13c30350289,taxonomy_j05,CLASSIFIED_AS,ACCOUNT_TAXONOMY_PHASE5,rel_455735f6fd35790b
journey_470ba0386c5cd546,taxonomy_j05,CLASSIFIED_AS,ACCOUNT_TAXONOMY_PHASE5,rel_455dc175d841a1cd
journey_fd6d2d24e8c5d18a,taxonomy_j08,CLASSIFIED_AS,ACCOUNT_TAXONOMY_PHASE5,rel_45677a783baf3e6a
journey_3d620abccd5cba1a,taxonomy_j04,CLASSIFIED_AS,ACCOUNT_TAXONOMY_PHASE5,rel_456d0983ac80d6ad
journey_ae9b48813c08ebdd,taxonomy_j05,CLASSIFIED_AS,ACCOUNT_TAXONOMY_PHASE5,rel_457b851984a65451
journey_592d464effb82940,taxonomy_j04,CLASSIFIED_AS,ACCOUNT_TAXONOMY_PHASE5,rel_457e913fcc7e15dc
journey_f4e3f647f9a1c1e0,taxonomy_j10,CLASSIFIED_AS,ACCOUNT_TAXONOMY_PHASE5,rel_45c067bc3b86592f
journey_566db7bbbbe3f158,taxonomy_j01,CLASSIFIED_AS,ACCOUNT_TAXONOMY_PHASE5,rel_45c444a42350dfc6
journey_79d04b1bccf652ed,taxonomy_j09,CLASSIFIED_AS,ACCOUNT_TAXONOMY_PHASE5,rel_45c6a6a455339c67
journey_72ad2b1b283c1966,taxonomy_j08,CLASSIFIED_AS,ACCOUNT_TAXONOMY_PHASE5,rel_45c720513038a8ef
journey_fc4c3a3aa4e4f5e1,taxonomy_j04,CLASSIFIED_AS,ACCOUNT_TAXONOMY_PHASE5,rel_45ce9490104fe15a
journey_f2be8417732f4cd7,taxonomy_j04,CLASSIFIED_AS,ACCOUNT_TAXONOMY_PHASE5,rel_45dd49d89d004d40
journey_a82d4df86683640d,taxonomy_j05,CLASSIFIED_AS,ACCOUNT_TAXONOMY_PHASE5,rel_45edd467bf7ae51b
journey_cceeb6fc43a570cd,taxonomy_j08,CLASSIFIED_AS,ACCOUNT_TAXONOMY_PHASE5,rel_45ef967d839707a3
journey_7fcac4399b691b79,taxonomy_j10,CLASSIFIED_AS,ACCOUNT_TAXONOMY_PHASE5,rel_461de2bb72859ad9
journey_14c94910a4de7e8a,taxonomy_j05,CLASSIFIED_AS,ACCOUNT_TAXONOMY_PHASE5,rel_461f3469472426de
journey_9dc56e477c9bc374,taxonomy_j08,CLASSIFIED_AS,ACCOUNT_TAXONOMY_PHASE5,rel_462b66429820386c
journey_5076c513aa66cc06,taxonomy_j08,CLASSIFIED_AS,ACCOUNT_TAXONOMY_PHASE5,rel_4646daf64644d321
journey_0375f3ee411c44f1,taxonomy_j01,CLASSIFIED_AS,ACCOUNT_TAXONOMY_PHASE5,rel_466772a51edabd49
journey_5220cea415f6e1b8,taxonomy_j04,CLASSIFIED_AS,ACCOUNT_TAXONOMY_PHASE5,rel_4671a601a0fdd8ca
journey_bad76a2534622123,taxonomy_j08,CLASSIFIED_AS,ACCOUNT_TAXONOMY_PHASE5,rel_46764d8b26215a34
journey_0006943c33455cf9,taxonomy_j05,CLASSIFIED_AS,ACCOUNT_TAXONOMY_PHASE5,rel_4683ba31669b896c
journey_a255f4032cd4acfc,taxonomy_j05,CLASSIFIED_AS,ACCOUNT_TAXONOMY_PHASE5,rel_4690dfea8d3188ff
journey_6f9da641ba78775a,taxonomy_j05,CLASSIFIED_AS,ACCOUNT_TAXONOMY_PHASE5,rel_46950c045872b26c
journey_df6d53bf33457dbe,taxonomy_j10,CLASSIFIED_AS,ACCOUNT_TAXONOMY_PHASE5,rel_469b1e3864fbefa5
journey_bef81132b57e6f14,taxonomy_j09,CLASSIFIED_AS,ACCOUNT_TAXONOMY_PHASE5,rel_469b54d7010876b0
journey_21e5d2e1abce5f85,taxonomy_j07,CLASSIFIED_AS,ACCOUNT_TAXONOMY_PHASE5,rel_46a15be19e4052b6
journey_563549e3e8c13eb6,taxonomy_j04,CLASSIFIED_AS,ACCOUNT_TAXONOMY_PHASE5,rel_46aa52c5a0d252f0
journey_9af1f22d299065d4,taxonomy_j09,CLASSIFIED_AS,ACCOUNT_TAXONOMY_PHASE5,rel_46c0bb1a062286be
journey_d690a7cd29c28c50,taxonomy_j10,CLASSIFIED_AS,ACCOUNT_TAXONOMY_PHASE5,rel_46db9072c22e87c1
journey_09f048c89b0d16be,taxonomy_j05,CLASSIFIED_AS,ACCOUNT_TAXONOMY_PHASE5,rel_46dfd4cd1750a718
journey_69a75288829ab5e1,taxonomy_j01,CLASSIFIED_AS,ACCOUNT_TAXONOMY_PHASE5,rel_46e1cf349871be84
journey_53b0cddc57b16f3d,taxonomy_j04,CLASSIFIED_AS,ACCOUNT_TAXONOMY_PHASE5,rel_46e46d093bc83f0f
journey_796f25444447b973,taxonomy_j09,CLASSIFIED_AS,ACCOUNT_TAXONOMY_PHASE5,rel_46f7fb8ccce59fce
journey_984a75c7ae7fdd8b,taxonomy_j01,CLASSIFIED_AS,ACCOUNT_TAXONOMY_PHASE5,rel_46fc0d215d5e41b1
journey_6a674f721eae1be5,taxonomy_j10,CLASSIFIED_AS,ACCOUNT_TAXONOMY_PHASE5,rel_46fc3dbfcfdf5a80
journey_857fd624be3c54a5,taxonomy_j10,CLASSIFIED_AS,ACCOUNT_TAXONOMY_PHASE5,rel_470193394936b35d
journey_e661118033c19d8e,taxonomy_j08,CLASSIFIED_AS,ACCOUNT_TAXONOMY_PHASE5,rel_4708e2839daab411
journey_01efead88e502d57,taxonomy_j01,CLASSIFIED_AS,ACCOUNT_TAXONOMY_PHASE5,rel_4713393db5844a9b
journey_8f0a17472777bfb3,taxonomy_j03,CLASSIFIED_AS,ACCOUNT_TAXONOMY_PHASE5,rel_471bb799dfaa93e2
journey_1efda663d89378bc,taxonomy_j04,CLASSIFIED_AS,ACCOUNT_TAXONOMY_PHASE5,rel_473276afab44ef36
journey_f2241bc3f4cf66ab,taxonomy_j03,CLASSIFIED_AS,ACCOUNT_TAXONOMY_PHASE5,rel_473e5541a8199bda
journey_cbbd84b8bf812bd1,taxonomy_j09,CLASSIFIED_AS,ACCOUNT_TAXONOMY_PHASE5,rel_4745026de4fcec9b
journey_fe93cbd79715d69e,taxonomy_j04,CLASSIFIED_AS,ACCOUNT_TAXONOMY_PHASE5,rel_4761e838cb25f8bd
journey_76c878636430a64b,taxonomy_j01,CLASSIFIED_AS,ACCOUNT_TAXONOMY_PHASE5,rel_476890c4dd4f97d4
journey_8234a14fd9e2a4c9,taxonomy_j09,CLASSIFIED_AS,ACCOUNT_TAXONOMY_PHASE5,rel_47725fe8594ddd01
journey_e6ceadebbfda6c39,taxonomy_j05,CLASSIFIED_AS,ACCOUNT_TAXONOMY_PHASE5,rel_47ce523eb65e3a79
journey_a21c6051c2de8cf1,taxonomy_j01,CLASSIFIED_AS,ACCOUNT_TAXONOMY_PHASE5,rel_47e3c21ce4ee5fd6
journey_56264484925dfe09,taxonomy_j05,CLASSIFIED_AS,ACCOUNT_TAXONOMY_PHASE5,rel_47ef83928fceb6e5
journey_cb021d8ce73e0730,taxonomy_j09,CLASSIFIED_AS,ACCOUNT_TAXONOMY_PHASE5,rel_481a78cdd810361c
journey_f5a3d6c45ec6cc56,taxonomy_j04,CLASSIFIED_AS,ACCOUNT_TAXONOMY_PHASE5,rel_482da0f090d139e0
journey_49887b8dcf329aea,taxonomy_j05,CLASSIFIED_AS,ACCOUNT_TAXONOMY_PHASE5,rel_483550661f23f02d
journey_780de7ced2aea88e,taxonomy_j10,CLASSIFIED_AS,ACCOUNT_TAXONOMY_PHASE5,rel_483b189c4b782a0f
journey_2bc52b117dca20ac,taxonomy_j01,CLASSIFIED_AS,ACCOUNT_TAXONOMY_PHASE5,rel_486eb07fa726a4f0
journey_e1bd96afb5e4a4ce,taxonomy_j05,CLASSIFIED_AS,ACCOUNT_TAXONOMY_PHASE5,rel_486ff982f287f037
journey_ca563a1e528d6e66,taxonomy_j04,CLASSIFIED_AS,ACCOUNT_TAXONOMY_PHASE5,rel_487d9ca0c3eda8db
journey_815c315495b4e3b9,taxonomy_j09,CLASSIFIED_AS,ACCOUNT_TAXONOMY_PHASE5,rel_487ecf00a74b5595
journey_0255b5dd845e6f52,taxonomy_j09,CLASSIFIED_AS,ACCOUNT_TAXONOMY_PHASE5,rel_48af2e04d43fbf12
journey_40de2ca363ad49ff,taxonomy_j08,CLASSIFIED_AS,ACCOUNT_TAXONOMY_PHASE5,rel_48c8d9a2f5d0900b
journey_f151b3c0255f20bb,taxonomy_j04,CLASSIFIED_AS,ACCOUNT_TAXONOMY_PHASE5,rel_48d0f9e372f588c3
journey_9edd32659d3c2f2c,taxonomy_j05,CLASSIFIED_AS,ACCOUNT_TAXONOMY_PHASE5,rel_48e4696f07e436e8
journey_1f816aca8a848980,taxonomy_j01,CLASSIFIED_AS,ACCOUNT_TAXONOMY_PHASE5,rel_48f14d9274958c9b
journey_55c802d50bf34018,taxonomy_j10,CLASSIFIED_AS,ACCOUNT_TAXONOMY_PHASE5,rel_48f17ea459626345
journey_17ae66afb9dc789b,taxonomy_j04,CLASSIFIED_AS,ACCOUNT_TAXONOMY_PHASE5,rel_49286a9e4a53bdab
journey_c49ed07235e441a9,taxonomy_j04,CLASSIFIED_AS,ACCOUNT_TAXONOMY_PHASE5,rel_493ce12771e1ec13
journey_47fe25a24a28793c,taxonomy_j04,CLASSIFIED_AS,ACCOUNT_TAXONOMY_PHASE5,rel_495f835979dea4f3
journey_56b7c1f2653c8c9d,taxonomy_j08,CLASSIFIED_AS,ACCOUNT_TAXONOMY_PHASE5,rel_4969c48862b72358
journey_c5e2028361c74000,taxonomy_j01,CLASSIFIED_AS,ACCOUNT_TAXONOMY_PHASE5,rel_496aa96f5944b7f3
journey_122f28e9e0fa1785,taxonomy_j04,CLASSIFIED_AS,ACCOUNT_TAXONOMY_PHASE5,rel_498f5e292fb4d336
journey_05bd4dfcf077d2f0,taxonomy_j10,CLASSIFIED_AS,ACCOUNT_TAXONOMY_PHASE5,rel_499c923ade81b05e
journey_a6eb701a57fbe2a7,taxonomy_j04,CLASSIFIED_AS,ACCOUNT_TAXONOMY_PHASE5,rel_49a167b84a2d553d
journey_af5336cde9c310bf,taxonomy_j04,CLASSIFIED_AS,ACCOUNT_TAXONOMY_PHASE5,rel_49a1b86a062bbc69
journey_17d71f4bf84850ce,taxonomy_j09,CLASSIFIED_AS,ACCOUNT_TAXONOMY_PHASE5,rel_49a8639d69bef481
journey_f51cacdf1b50b0ed,taxonomy_j04,CLASSIFIED_AS,ACCOUNT_TAXONOMY_PHASE5,rel_49d687179c3dd8ac
journey_387a85a533c161a6,taxonomy_j09,CLASSIFIED_AS,ACCOUNT_TAXONOMY_PHASE5,rel_4a01e966e25fbf6b
journey_ac44629ff3949740,taxonomy_j03,CLASSIFIED_AS,ACCOUNT_TAXONOMY_PHASE5,rel_4a1c63dfa179293f
journey_2c2a6126320d4a1e,taxonomy_j08,CLASSIFIED_AS,ACCOUNT_TAXONOMY_PHASE5,rel_4a2a70c58674a572
journey_c9b9e7d92f7ac3dc,taxonomy_j08,CLASSIFIED_AS,ACCOUNT_TAXONOMY_PHASE5,rel_4a451703a9e64eeb
journey_c8e7ebbe4508f20a,taxonomy_j03,CLASSIFIED_AS,ACCOUNT_TAXONOMY_PHASE5,rel_4a61d16f2c5e83b3
journey_9d2a7a2e698edf8e,taxonomy_j09,CLASSIFIED_AS,ACCOUNT_TAXONOMY_PHASE5,rel_4a6abe786fbdb8a7
journey_4a8bfcff99cd142e,taxonomy_j01,CLASSIFIED_AS,ACCOUNT_TAXONOMY_PHASE5,rel_4a84efad9741317c
journey_d64e70bb24020f81,taxonomy_j08,CLASSIFIED_AS,ACCOUNT_TAXONOMY_PHASE5,rel_4a8804b533b92357
journey_51a27cd00fc6c09b,taxonomy_j08,CLASSIFIED_AS,ACCOUNT_TAXONOMY_PHASE5,rel_4a8b5a98dbaa82b9
journey_e371e9966ff840d4,taxonomy_j08,CLASSIFIED_AS,ACCOUNT_TAXONOMY_PHASE5,rel_4abff85a384aebae
journey_908cadee11059e86,taxonomy_j10,CLASSIFIED_AS,ACCOUNT_TAXONOMY_PHASE5,rel_4acd4880f155ccfe
journey_0631e25e54c5ba92,taxonomy_j09,CLASSIFIED_AS,ACCOUNT_TAXONOMY_PHASE5,rel_4ae08c44a0b0d8a4
journey_25cc9eedf8f908cd,taxonomy_j01,CLASSIFIED_AS,ACCOUNT_TAXONOMY_PHASE5,rel_4ae57e35d902e6ab
journey_3754641330582a7a,taxonomy_j05,CLASSIFIED_AS,ACCOUNT_TAXONOMY_PHASE5,rel_4aec098c3392ea9a
journey_6d284474e584195e,taxonomy_j09,CLASSIFIED_AS,ACCOUNT_TAXONOMY_PHASE5,rel_4afca0f00bc55a79
journey_4cdf8a23463daef5,taxonomy_j01,CLASSIFIED_AS,ACCOUNT_TAXONOMY_PHASE5,rel_4b09043ee6acfafa
journey_83a7478161ab5599,taxonomy_j04,CLASSIFIED_AS,ACCOUNT_TAXONOMY_PHASE5,rel_4b0b2e15ab47e009
journey_c900c91d4f376870,taxonomy_j09,CLASSIFIED_AS,ACCOUNT_TAXONOMY_PHASE5,rel_4b1875f3042d6511
journey_79bd866e55cc0356,taxonomy_j01,CLASSIFIED_AS,ACCOUNT_TAXONOMY_PHASE5,rel_4b1df1886d1623af
journey_229aec94f5bf7704,taxonomy_j05,CLASSIFIED_AS,ACCOUNT_TAXONOMY_PHASE5,rel_4b2d9f0009bc0cac
journey_694811c296bbd87c,taxonomy_j10,CLASSIFIED_AS,ACCOUNT_TAXONOMY_PHASE5,rel_4b32ea2bf24bb144
journey_8a25063191202ebd,taxonomy_j04,CLASSIFIED_AS,ACCOUNT_TAXONOMY_PHASE5,rel_4b351f47a8f1d48c
journey_991910fb800e4170,taxonomy_j09,CLASSIFIED_AS,ACCOUNT_TAXONOMY_PHASE5,rel_4b4a4bebb69dc33c
journey_125b001ec7c14fb1,taxonomy_j04,CLASSIFIED_AS,ACCOUNT_TAXONOMY_PHASE5,rel_4b5afeafe3af5e0c
journey_5e93c6fe50e77de2,taxonomy_j04,CLASSIFIED_AS,ACCOUNT_TAXONOMY_PHASE5,rel_4b63ed675ef0e884
journey_e5064e4ef594bcb5,taxonomy_j05,CLASSIFIED_AS,ACCOUNT_TAXONOMY_PHASE5,rel_4b717f619a662fda
journey_8126db39c9df52e0,taxonomy_j01,CLASSIFIED_AS,ACCOUNT_TAXONOMY_PHASE5,rel_4b75d086b42d8907
journey_eb310178754873da,taxonomy_j09,CLASSIFIED_AS,ACCOUNT_TAXONOMY_PHASE5,rel_4b8bd010ade1e7c7
journey_3cfb86cebd63f74c,taxonomy_j04,CLASSIFIED_AS,ACCOUNT_TAXONOMY_PHASE5,rel_4b8df6ffc062aa6b
journey_8503d0d0ba29e23f,taxonomy_j04,CLASSIFIED_AS,ACCOUNT_TAXONOMY_PHASE5,rel_4bac34f9fcd84458
journey_66738ab2e035cd15,taxonomy_j08,CLASSIFIED_AS,ACCOUNT_TAXONOMY_PHASE5,rel_4bbaef6040cb6320
journey_67ea9f80a397f89a,taxonomy_j04,CLASSIFIED_AS,ACCOUNT_TAXONOMY_PHASE5,rel_4bc50ed269100762
journey_8680cee4e416f4a0,taxonomy_j09,CLASSIFIED_AS,ACCOUNT_TAXONOMY_PHASE5,rel_4bd5e3ca4b21bfb3
journey_9f98e6c70942fd48,taxonomy_j04,CLASSIFIED_AS,ACCOUNT_TAXONOMY_PHASE5,rel_4bdcd8206d703f59
journey_050f192cd2c5959d,taxonomy_j09,CLASSIFIED_AS,ACCOUNT_TAXONOMY_PHASE5,rel_4bdd3666e0ed8064
journey_38923fa6f2b038cf,taxonomy_j05,CLASSIFIED_AS,ACCOUNT_TAXONOMY_PHASE5,rel_4be187967fd4375b
journey_4e4014160e55d87b,taxonomy_j05,CLASSIFIED_AS,ACCOUNT_TAXONOMY_PHASE5,rel_4becff9ef5f2bcd4
journey_05066a91b8a2cf7f,taxonomy_j09,CLASSIFIED_AS,ACCOUNT_TAXONOMY_PHASE5,rel_4c01d7ccf0d1c0ff
journey_ee38ca92f8e157bf,taxonomy_j10,CLASSIFIED_AS,ACCOUNT_TAXONOMY_PHASE5,rel_4c12f1e8276e2004
journey_7a7d609b1dbcdab1,taxonomy_j09,CLASSIFIED_AS,ACCOUNT_TAXONOMY_PHASE5,rel_4c2e4ab6a6e6971b
journey_f4fa0318feca989e,taxonomy_j04,CLASSIFIED_AS,ACCOUNT_TAXONOMY_PHASE5,rel_4c412f23e956ba1f
journey_5426cbd33b9bfd3e,taxonomy_j04,CLASSIFIED_AS,ACCOUNT_TAXONOMY_PHASE5,rel_4c5c3615ef9ab965
journey_e5f9761fd6c42ae3,taxonomy_j09,CLASSIFIED_AS,ACCOUNT_TAXONOMY_PHASE5,rel_4c60a1464025fda1
journey_b0f5fc321f1ee4e4,taxonomy_j08,CLASSIFIED_AS,ACCOUNT_TAXONOMY_PHASE5,rel_4c6ed8ac4f91ba6c
journey_ff99a66c050f7e93,taxonomy_j07,CLASSIFIED_AS,ACCOUNT_TAXONOMY_PHASE5,rel_4c778096409c49ea
journey_c9f52728e1a04970,taxonomy_j05,CLASSIFIED_AS,ACCOUNT_TAXONOMY_PHASE5,rel_4c8760f1cf917010
journey_64d16b7f83d55051,taxonomy_j04,CLASSIFIED_AS,ACCOUNT_TAXONOMY_PHASE5,rel_4c9f7b5f3b04131d
journey_799215ba59fa86b9,taxonomy_j05,CLASSIFIED_AS,ACCOUNT_TAXONOMY_PHASE5,rel_4cafd68411e94726
journey_1ecc191d5ce725e0,taxonomy_j08,CLASSIFIED_AS,ACCOUNT_TAXONOMY_PHASE5,rel_4ccabee162d5f77c
journey_841b78ce9dc451d5,taxonomy_j04,CLASSIFIED_AS,ACCOUNT_TAXONOMY_PHASE5,rel_4cf8ba685db53340
journey_6f945e466323474b,taxonomy_j10,CLASSIFIED_AS,ACCOUNT_TAXONOMY_PHASE5,rel_4cfd72ab01d67a79
journey_72f0bfe6b2268915,taxonomy_j10,CLASSIFIED_AS,ACCOUNT_TAXONOMY_PHASE5,rel_4cfe82b7c43a91a5
journey_4d83c1ab4f30e7fd,taxonomy_j04,CLASSIFIED_AS,ACCOUNT_TAXONOMY_PHASE5,rel_4d05f3c20e137649
journey_f1d006f77076e6a8,taxonomy_j09,CLASSIFIED_AS,ACCOUNT_TAXONOMY_PHASE5,rel_4d1afefcb5bc9487
journey_cfb7fada31d21373,taxonomy_j05,CLASSIFIED_AS,ACCOUNT_TAXONOMY_PHASE5,rel_4d20eb70bd5d0395
journey_1850cd2fefd8de7d,taxonomy_j01,CLASSIFIED_AS,ACCOUNT_TAXONOMY_PHASE5,rel_4d547be7a01f69df
journey_b71aad544609ee8c,taxonomy_j02,CLASSIFIED_AS,ACCOUNT_TAXONOMY_PHASE5,rel_4d599c81e89e9b13
journey_5dcd3ec5a09627b4,taxonomy_j10,CLASSIFIED_AS,ACCOUNT_TAXONOMY_PHASE5,rel_4d70508682f9e099
journey_6ca6d16329f474cd,taxonomy_j04,CLASSIFIED_AS,ACCOUNT_TAXONOMY_PHASE5,rel_4d7f59dc4b8cf587
journey_a981753b50d53fd5,taxonomy_j04,CLASSIFIED_AS,ACCOUNT_TAXONOMY_PHASE5,rel_4d809dfe0d5548b8
journey_e3dfb06e7366f49d,taxonomy_j01,CLASSIFIED_AS,ACCOUNT_TAXONOMY_PHASE5,rel_4da5e10560358b29
journey_9677e61d86e3f113,taxonomy_j08,CLASSIFIED_AS,ACCOUNT_TAXONOMY_PHASE5,rel_4da754da9293dc58
journey_2be5d7818547cb66,taxonomy_j09,CLASSIFIED_AS,ACCOUNT_TAXONOMY_PHASE5,rel_4dac4e763930c627
journey_b337f9452049a756,taxonomy_j08,CLASSIFIED_AS,ACCOUNT_TAXONOMY_PHASE5,rel_4dae44304dcf7cdf
journey_5fb5a50b6206336a,taxonomy_j08,CLASSIFIED_AS,ACCOUNT_TAXONOMY_PHASE5,rel_4dcc36b9e8d49ef8
journey_a953c1975673b5b5,taxonomy_j03,CLASSIFIED_AS,ACCOUNT_TAXONOMY_PHASE5,rel_4e12d0414680ffe0
journey_09a16d755f051a41,taxonomy_j01,CLASSIFIED_AS,ACCOUNT_TAXONOMY_PHASE5,rel_4e1bd5aa84af464f
journey_5ceb740a352a8105,taxonomy_j05,CLASSIFIED_AS,ACCOUNT_TAXONOMY_PHASE5,rel_4e1f2588c7a1d13c
journey_dd43021287d7e2e9,taxonomy_j10,CLASSIFIED_AS,ACCOUNT_TAXONOMY_PHASE5,rel_4e27d669436e18c2
journey_92c625b96217270d,taxonomy_j07,CLASSIFIED_AS,ACCOUNT_TAXONOMY_PHASE5,rel_4e3910ca9936fcad
journey_97b75a507123adc5,taxonomy_j04,CLASSIFIED_AS,ACCOUNT_TAXONOMY_PHASE5,rel_4e3b0a6f3997497e
journey_d9878c1a5fe55469,taxonomy_j08,CLASSIFIED_AS,ACCOUNT_TAXONOMY_PHASE5,rel_4e40645607ec1bc7
journey_dad491c0a492878b,taxonomy_j05,CLASSIFIED_AS,ACCOUNT_TAXONOMY_PHASE5,rel_4e50433c0607c0a3
journey_aa43930f084606b3,taxonomy_j03,CLASSIFIED_AS,ACCOUNT_TAXONOMY_PHASE5,rel_4e9689d0b08b956f
journey_dc9e58f1fedf3285,taxonomy_j09,CLASSIFIED_AS,ACCOUNT_TAXONOMY_PHASE5,rel_4e97e9e7b9b2d1cf
journey_dc165e03c0e7e8a7,taxonomy_j04,CLASSIFIED_AS,ACCOUNT_TAXONOMY_PHASE5,rel_4ea976d9dab9961a
journey_5a9c1dd7d482a17f,taxonomy_j04,CLASSIFIED_AS,ACCOUNT_TAXONOMY_PHASE5,rel_4eb53cd7c709d179
journey_7ac7d2c06b966656,taxonomy_j05,CLASSIFIED_AS,ACCOUNT_TAXONOMY_PHASE5,rel_4ed9d669a891930a
journey_424e04c6d6efec23,taxonomy_j04,CLASSIFIED_AS,ACCOUNT_TAXONOMY_PHASE5,rel_4edecd517b0467fc
journey_ad2fbca5971a1d79,taxonomy_j10,CLASSIFIED_AS,ACCOUNT_TAXONOMY_PHASE5,rel_4ef9c4580899ebe3
journey_13a0b1e9e8624363,taxonomy_j09,CLASSIFIED_AS,ACCOUNT_TAXONOMY_PHASE5,rel_4eff34e7010bb2ab
journey_e71a8473b983e5da,taxonomy_j05,CLASSIFIED_AS,ACCOUNT_TAXONOMY_PHASE5,rel_4f1f68a94e21ebd6
journey_7892f51aea1d8546,taxonomy_j04,CLASSIFIED_AS,ACCOUNT_TAXONOMY_PHASE5,rel_4f200bcc451266e5
journey_41a4a8716a397ea2,taxonomy_j01,CLASSIFIED_AS,ACCOUNT_TAXONOMY_PHASE5,rel_4f22b85826186299
journey_ee75dc25707199cf,taxonomy_j08,CLASSIFIED_AS,ACCOUNT_TAXONOMY_PHASE5,rel_4f250631be128eaf
journey_5ff999893674a8f8,taxonomy_j08,CLASSIFIED_AS,ACCOUNT_TAXONOMY_PHASE5,rel_4f2b12392c3dfffb
journey_04ea54419774d635,taxonomy_j05,CLASSIFIED_AS,ACCOUNT_TAXONOMY_PHASE5,rel_4f3ec65ea66d9faa
journey_00f55569e6f9d700,taxonomy_j05,CLASSIFIED_AS,ACCOUNT_TAXONOMY_PHASE5,rel_4f5e2780db0e5965
journey_2ff77df36de65a18,taxonomy_j03,CLASSIFIED_AS,ACCOUNT_TAXONOMY_PHASE5,rel_4f6b972febf1fa31
journey_e6cec237d8275226,taxonomy_j05,CLASSIFIED_AS,ACCOUNT_TAXONOMY_PHASE5,rel_4f6d5bcc2a9e82e2
journey_e578972324ba5c0f,taxonomy_j04,CLASSIFIED_AS,ACCOUNT_TAXONOMY_PHASE5,rel_4f7504d5c8fb3cb6
journey_60e6ee55a2f0e26f,taxonomy_j02,CLASSIFIED_AS,ACCOUNT_TAXONOMY_PHASE5,rel_4f7adde5a1b0a722
journey_add2c08cc4be3e6b,taxonomy_j04,CLASSIFIED_AS,ACCOUNT_TAXONOMY_PHASE5,rel_4f84e5cf17d125b0
journey_9b653d8d103f00bc,taxonomy_j08,CLASSIFIED_AS,ACCOUNT_TAXONOMY_PHASE5,rel_4fae3f25a0673215
journey_d9afabc0299d37ef,taxonomy_j04,CLASSIFIED_AS,ACCOUNT_TAXONOMY_PHASE5,rel_4fc6db0d0c208b38
journey_0ada0e671f28285e,taxonomy_j01,CLASSIFIED_AS,ACCOUNT_TAXONOMY_PHASE5,rel_4fd39d60d182a670
journey_cb08bdb20397f226,taxonomy_j05,CLASSIFIED_AS,ACCOUNT_TAXONOMY_PHASE5,rel_4fe6dd017c2c8955
journey_faef70b8837f12c0,taxonomy_j04,CLASSIFIED_AS,ACCOUNT_TAXONOMY_PHASE5,rel_4ff6a17d4a9e51cb
journey_4fb547874fc199a0,taxonomy_j04,CLASSIFIED_AS,ACCOUNT_TAXONOMY_PHASE5,rel_4ffa17e1ed652bb7
journey_847199d326bca4dc,taxonomy_j05,CLASSIFIED_AS,ACCOUNT_TAXONOMY_PHASE5,rel_4ffd353f185a8682
journey_eecf08d6e1538492,taxonomy_j04,CLASSIFIED_AS,ACCOUNT_TAXONOMY_PHASE5,rel_5001f0d634a2a80f
journey_2bc31911be4da4a6,taxonomy_j07,CLASSIFIED_AS,ACCOUNT_TAXONOMY_PHASE5,rel_5002c04b5c26bdc4
journey_0a6d048eb5cbb6de,taxonomy_j05,CLASSIFIED_AS,ACCOUNT_TAXONOMY_PHASE5,rel_501a5704411db636
journey_1df0a2c0f500c55f,taxonomy_j04,CLASSIFIED_AS,ACCOUNT_TAXONOMY_PHASE5,rel_502177f277d04e84
journey_89bf6b68204b980b,taxonomy_j04,CLASSIFIED_AS,ACCOUNT_TAXONOMY_PHASE5,rel_50320987575e3027
journey_8b8acc97cabb013b,taxonomy_j05,CLASSIFIED_AS,ACCOUNT_TAXONOMY_PHASE5,rel_503348760740a84c
journey_6c2c7a17814bc753,taxonomy_j01,CLASSIFIED_AS,ACCOUNT_TAXONOMY_PHASE5,rel_503747ee28d65ce4
journey_a2b42e88219443e7,taxonomy_j05,CLASSIFIED_AS,ACCOUNT_TAXONOMY_PHASE5,rel_5037778a25d20102
journey_22b1683196cf7e03,taxonomy_j08,CLASSIFIED_AS,ACCOUNT_TAXONOMY_PHASE5,rel_50697f9c3ffb9943
journey_7ecb14c09d0179f5,taxonomy_j08,CLASSIFIED_AS,ACCOUNT_TAXONOMY_PHASE5,rel_508328ccd4f36017
journey_f7d4a6e7d54189b5,taxonomy_j04,CLASSIFIED_AS,ACCOUNT_TAXONOMY_PHASE5,rel_5087f50d1da75671
journey_b0e825c84dd8c801,taxonomy_j05,CLASSIFIED_AS,ACCOUNT_TAXONOMY_PHASE5,rel_50946ec6d5c35849
journey_039964ccc99d0f5e,taxonomy_j04,CLASSIFIED_AS,ACCOUNT_TAXONOMY_PHASE5,rel_50b6f205dfdbc317
journey_a066bf4dca0840fa,taxonomy_j09,CLASSIFIED_AS,ACCOUNT_TAXONOMY_PHASE5,rel_50c63c9f9de04557
journey_03c181037ac4621f,taxonomy_j04,CLASSIFIED_AS,ACCOUNT_TAXONOMY_PHASE5,rel_51225e0385271692
journey_0f8d91688d3f0cd7,taxonomy_j05,CLASSIFIED_AS,ACCOUNT_TAXONOMY_PHASE5,rel_515141f96096f868
journey_de2db5276b2358f4,taxonomy_j08,CLASSIFIED_AS,ACCOUNT_TAXONOMY_PHASE5,rel_5168f0a1fa62e267
journey_0bc084d887aeea67,taxonomy_j05,CLASSIFIED_AS,ACCOUNT_TAXONOMY_PHASE5,rel_51731d7c7ef4ae2a
journey_cbf5cd4bd19a2e85,taxonomy_j04,CLASSIFIED_AS,ACCOUNT_TAXONOMY_PHASE5,rel_5188e39f1adbeffc
journey_cabff94dfd3f2722,taxonomy_j09,CLASSIFIED_AS,ACCOUNT_TAXONOMY_PHASE5,rel_51b1a1d6963184dc
journey_45e370d855ff1d41,taxonomy_j10,CLASSIFIED_AS,ACCOUNT_TAXONOMY_PHASE5,rel_51d3d46f56708432
journey_bd493b045737d2fb,taxonomy_j10,CLASSIFIED_AS,ACCOUNT_TAXONOMY_PHASE5,rel_51e01167d9f768cf
journey_945ba7de6cbb44e6,taxonomy_j04,CLASSIFIED_AS,ACCOUNT_TAXONOMY_PHASE5,rel_51e984652b948fc7
journey_07c98ab09702ef77,taxonomy_j08,CLASSIFIED_AS,ACCOUNT_TAXONOMY_PHASE5,rel_5226fd97dc285d1a
journey_45badcc615ed25f5,taxonomy_j04,CLASSIFIED_AS,ACCOUNT_TAXONOMY_PHASE5,rel_522c4fc5527b5f2d
journey_55d21369fb290b05,taxonomy_j10,CLASSIFIED_AS,ACCOUNT_TAXONOMY_PHASE5,rel_52463b4aeddb80bc
journey_c362a48aae9d886e,taxonomy_j08,CLASSIFIED_AS,ACCOUNT_TAXONOMY_PHASE5,rel_52529fddc27d8955
journey_7ac0c1dba486687c,taxonomy_j09,CLASSIFIED_AS,ACCOUNT_TAXONOMY_PHASE5,rel_5260df131d1aabe2
journey_44970963e9861f9a,taxonomy_j07,CLASSIFIED_AS,ACCOUNT_TAXONOMY_PHASE5,rel_526fc46b23939441
journey_6c4256c9a96b8b7d,taxonomy_j01,CLASSIFIED_AS,ACCOUNT_TAXONOMY_PHASE5,rel_5275a14e212f8254
journey_9b607c6deb82cf11,taxonomy_j04,CLASSIFIED_AS,ACCOUNT_TAXONOMY_PHASE5,rel_5276bc738475cb6e
journey_af2e2de8ba5149fe,taxonomy_j04,CLASSIFIED_AS,ACCOUNT_TAXONOMY_PHASE5,rel_527a2da982210e4c
journey_04638941087939af,taxonomy_j04,CLASSIFIED_AS,ACCOUNT_TAXONOMY_PHASE5,rel_527b0839edf4be4b
journey_44d6200f4083288d,taxonomy_j08,CLASSIFIED_AS,ACCOUNT_TAXONOMY_PHASE5,rel_5280a39f106c9f97
journey_44262b6c5483b83c,taxonomy_j10,CLASSIFIED_AS,ACCOUNT_TAXONOMY_PHASE5,rel_528283025a4e7849
journey_19258fee87545435,taxonomy_j01,CLASSIFIED_AS,ACCOUNT_TAXONOMY_PHASE5,rel_52a4d937a88e0748
journey_488e1908b2471616,taxonomy_j03,CLASSIFIED_AS,ACCOUNT_TAXONOMY_PHASE5,rel_52ab1e04b19f2f78
journey_abec80c0200ac722,taxonomy_j09,CLASSIFIED_AS,ACCOUNT_TAXONOMY_PHASE5,rel_52afef4410e22688
journey_651677f6e98b045e,taxonomy_j08,CLASSIFIED_AS,ACCOUNT_TAXONOMY_PHASE5,rel_52cb6c1d4e4e4fac
journey_b8e47054ba39531b,taxonomy_j08,CLASSIFIED_AS,ACCOUNT_TAXONOMY_PHASE5,rel_53111822b2780b02
journey_87c631a8b90b1890,taxonomy_j09,CLASSIFIED_AS,ACCOUNT_TAXONOMY_PHASE5,rel_5315bd82a5fecd8c
journey_a5f6d97f59ff61c8,taxonomy_j03,CLASSIFIED_AS,ACCOUNT_TAXONOMY_PHASE5,rel_53263741f2fb4147
journey_b0c97c8709bb898e,taxonomy_j10,CLASSIFIED_AS,ACCOUNT_TAXONOMY_PHASE5,rel_5332d8261af7d4cc
journey_170f6df584ff7663,taxonomy_j09,CLASSIFIED_AS,ACCOUNT_TAXONOMY_PHASE5,rel_53349c5779696f4a
journey_8869a117c0001d24,taxonomy_j04,CLASSIFIED_AS,ACCOUNT_TAXONOMY_PHASE5,rel_533bffa4a98c1cc0
journey_e252fb3c022e7834,taxonomy_j05,CLASSIFIED_AS,ACCOUNT_TAXONOMY_PHASE5,rel_533c6788fd19f6a2
journey_dfbb11d91368823a,taxonomy_j04,CLASSIFIED_AS,ACCOUNT_TAXONOMY_PHASE5,rel_534bf54ea6567f58
journey_03098e253b4ee4f3,taxonomy_j08,CLASSIFIED_AS,ACCOUNT_TAXONOMY_PHASE5,rel_53564b51038bef98
journey_2cd360748989f738,taxonomy_j09,CLASSIFIED_AS,ACCOUNT_TAXONOMY_PHASE5,rel_5374c168ed279a6a
journey_441a4069d502d7b2,taxonomy_j09,CLASSIFIED_AS,ACCOUNT_TAXONOMY_PHASE5,rel_53792310a3e66881
journey_f3ab8c2848fa6357,taxonomy_j03,CLASSIFIED_AS,ACCOUNT_TAXONOMY_PHASE5,rel_539deb42f25c7d61
journey_da322e404dfa637b,taxonomy_j08,CLASSIFIED_AS,ACCOUNT_TAXONOMY_PHASE5,rel_53bc143b720acda7
journey_8c02597174831e86,taxonomy_j08,CLASSIFIED_AS,ACCOUNT_TAXONOMY_PHASE5,rel_544c8b261107f1d6
journey_4feb628f16d2d493,taxonomy_j05,CLASSIFIED_AS,ACCOUNT_TAXONOMY_PHASE5,rel_545721cbe0d785b7
journey_f3738b90c6931cb0,taxonomy_j04,CLASSIFIED_AS,ACCOUNT_TAXONOMY_PHASE5,rel_5458f6c716e9f193
journey_8e9501632ae06a33,taxonomy_j05,CLASSIFIED_AS,ACCOUNT_TAXONOMY_PHASE5,rel_5474fdcbd4518067
journey_320e17950e57ad6e,taxonomy_j05,CLASSIFIED_AS,ACCOUNT_TAXONOMY_PHASE5,rel_5498b212812c95bc
journey_6de87f669340d626,taxonomy_j04,CLASSIFIED_AS,ACCOUNT_TAXONOMY_PHASE5,rel_54bca03f01385777
journey_8a994ed2819ace58,taxonomy_j04,CLASSIFIED_AS,ACCOUNT_TAXONOMY_PHASE5,rel_54bfc3951f1c788e
journey_1cc8668bf464ab20,taxonomy_j09,CLASSIFIED_AS,ACCOUNT_TAXONOMY_PHASE5,rel_54d14d83a23fbf38
journey_1a5e1a408b3c2354,taxonomy_j04,CLASSIFIED_AS,ACCOUNT_TAXONOMY_PHASE5,rel_54d264dd623632a6
journey_fc9c7c7d7fbbe49c,taxonomy_j04,CLASSIFIED_AS,ACCOUNT_TAXONOMY_PHASE5,rel_54ea703ece5a4205
journey_677ccb2fedcb580c,taxonomy_j09,CLASSIFIED_AS,ACCOUNT_TAXONOMY_PHASE5,rel_54f41205c9e63cf5
journey_33ab3eee24f9f28e,taxonomy_j04,CLASSIFIED_AS,ACCOUNT_TAXONOMY_PHASE5,rel_54f9e5b41ae648e2
journey_e23d0bd7c0b6b597,taxonomy_j10,CLASSIFIED_AS,ACCOUNT_TAXONOMY_PHASE5,rel_55022249d8c5dd40
journey_9a31327d17546972,taxonomy_j05,CLASSIFIED_AS,ACCOUNT_TAXONOMY_PHASE5,rel_551c077af2a9e6ec
journey_fb0e2d4ceb27b71e,taxonomy_j04,CLASSIFIED_AS,ACCOUNT_TAXONOMY_PHASE5,rel_553778ce255e7466
journey_acf1b07f0dec364d,taxonomy_j09,CLASSIFIED_AS,ACCOUNT_TAXONOMY_PHASE5,rel_553f89825bb93c33
journey_d16c03d6a7f80bfd,taxonomy_j04,CLASSIFIED_AS,ACCOUNT_TAXONOMY_PHASE5,rel_5543284f1f66047d
journey_0137379131d65c9b,taxonomy_j05,CLASSIFIED_AS,ACCOUNT_TAXONOMY_PHASE5,rel_5544902ad236ded7
journey_a912f35968ed6b00,taxonomy_j04,CLASSIFIED_AS,ACCOUNT_TAXONOMY_PHASE5,rel_555411ef7286f267
journey_beb5e00f7b6700b6,taxonomy_j08,CLASSIFIED_AS,ACCOUNT_TAXONOMY_PHASE5,rel_5557abb2f07aebcc
journey_e5911a46ed55d6b9,taxonomy_j02,CLASSIFIED_AS,ACCOUNT_TAXONOMY_PHASE5,rel_5565113cd2af1024
journey_a0d23a956b227528,taxonomy_j04,CLASSIFIED_AS,ACCOUNT_TAXONOMY_PHASE5,rel_558940e322a02cb1
journey_ba3a8bfa91bbfd1d,taxonomy_j05,CLASSIFIED_AS,ACCOUNT_TAXONOMY_PHASE5,rel_558a4e9524afe6dd
journey_2d754aee56311edf,taxonomy_j05,CLASSIFIED_AS,ACCOUNT_TAXONOMY_PHASE5,rel_558e6f763871f708
journey_e190fb32ea768002,taxonomy_j01,CLASSIFIED_AS,ACCOUNT_TAXONOMY_PHASE5,rel_55a648ba56a1df82
journey_8016a3cce16d9b16,taxonomy_j05,CLASSIFIED_AS,ACCOUNT_TAXONOMY_PHASE5,rel_55b17ec402bb0d12
journey_f421eec1e78ce5ca,taxonomy_j04,CLASSIFIED_AS,ACCOUNT_TAXONOMY_PHASE5,rel_55b5414725df190c
journey_7a13fe7b8402c4c4,taxonomy_j08,CLASSIFIED_AS,ACCOUNT_TAXONOMY_PHASE5,rel_55b90b410a3326e3
journey_8ae6b8af4657f234,taxonomy_j04,CLASSIFIED_AS,ACCOUNT_TAXONOMY_PHASE5,rel_55e473e61a8efbad
journey_2b9785fcba802419,taxonomy_j01,CLASSIFIED_AS,ACCOUNT_TAXONOMY_PHASE5,rel_5605cd015c6313c3
journey_982f80d4b194fb38,taxonomy_j08,CLASSIFIED_AS,ACCOUNT_TAXONOMY_PHASE5,rel_56190d8ff5e3756b
journey_760347c41bbdf472,taxonomy_j05,CLASSIFIED_AS,ACCOUNT_TAXONOMY_PHASE5,rel_56231336010ccac6
journey_9222891ed7a50917,taxonomy_j04,CLASSIFIED_AS,ACCOUNT_TAXONOMY_PHASE5,rel_562ad5b7064b0295
journey_6084f19cf9c3729a,taxonomy_j01,CLASSIFIED_AS,ACCOUNT_TAXONOMY_PHASE5,rel_563bdde519943c7e
journey_3ce42dcfea68ea3b,taxonomy_j04,CLASSIFIED_AS,ACCOUNT_TAXONOMY_PHASE5,rel_5649e3f9045623ee
journey_5e21c8ba7d79eada,taxonomy_j09,CLASSIFIED_AS,ACCOUNT_TAXONOMY_PHASE5,rel_564e830d710e302a
journey_79f96cafdd782a94,taxonomy_j04,CLASSIFIED_AS,ACCOUNT_TAXONOMY_PHASE5,rel_566507acc2a8c656
journey_696927decf89492e,taxonomy_j04,CLASSIFIED_AS,ACCOUNT_TAXONOMY_PHASE5,rel_566dcf985c807e7b
journey_2d92c0b3fde05ec4,taxonomy_j05,CLASSIFIED_AS,ACCOUNT_TAXONOMY_PHASE5,rel_568c550782c6789d
journey_c5e8c9b2f3681fd8,taxonomy_j07,CLASSIFIED_AS,ACCOUNT_TAXONOMY_PHASE5,rel_568ff5a7819d6f82
journey_e81a56101dedc0be,taxonomy_j01,CLASSIFIED_AS,ACCOUNT_TAXONOMY_PHASE5,rel_56b8e4efbbcc2cba
journey_1907fab0d95f4898,taxonomy_j05,CLASSIFIED_AS,ACCOUNT_TAXONOMY_PHASE5,rel_56cb02350a360646
journey_954ef3b1e016704f,taxonomy_j10,CLASSIFIED_AS,ACCOUNT_TAXONOMY_PHASE5,rel_56d0313acc247249
journey_cd477731b31c6560,taxonomy_j05,CLASSIFIED_AS,ACCOUNT_TAXONOMY_PHASE5,rel_56e110af69110933
journey_9671213f2177c539,taxonomy_j05,CLASSIFIED_AS,ACCOUNT_TAXONOMY_PHASE5,rel_56e29d0aceca9726
journey_9458c8f0a78c69f9,taxonomy_j01,CLASSIFIED_AS,ACCOUNT_TAXONOMY_PHASE5,rel_56f0796601f96ab4
journey_14cb18d6ea4d9d52,taxonomy_j05,CLASSIFIED_AS,ACCOUNT_TAXONOMY_PHASE5,rel_571e2f31f8765d52
journey_f7b8a5f7335ab8c8,taxonomy_j01,CLASSIFIED_AS,ACCOUNT_TAXONOMY_PHASE5,rel_5722cae4472853b9
journey_d25e5fe88eb275af,taxonomy_j10,CLASSIFIED_AS,ACCOUNT_TAXONOMY_PHASE5,rel_57339cd9b9f20972
journey_d9997ce1f6527039,taxonomy_j07,CLASSIFIED_AS,ACCOUNT_TAXONOMY_PHASE5,rel_57370e52322d7372
journey_d49ed67ad1117c33,taxonomy_j03,CLASSIFIED_AS,ACCOUNT_TAXONOMY_PHASE5,rel_573979f49e50357d
journey_ce4c8d2d12a888d7,taxonomy_j10,CLASSIFIED_AS,ACCOUNT_TAXONOMY_PHASE5,rel_574b077df03f5b6d
journey_ae581d24f0993871,taxonomy_j08,CLASSIFIED_AS,ACCOUNT_TAXONOMY_PHASE5,rel_57576f2f26480d9c
journey_66dc6682b6c38686,taxonomy_j05,CLASSIFIED_AS,ACCOUNT_TAXONOMY_PHASE5,rel_57663430e701c864
journey_9de8662d29be0098,taxonomy_j02,CLASSIFIED_AS,ACCOUNT_TAXONOMY_PHASE5,rel_57670f6f95045abf
journey_f8967dfd8c2da632,taxonomy_j01,CLASSIFIED_AS,ACCOUNT_TAXONOMY_PHASE5,rel_57696151be1cb9f2
journey_4bef74ec02733038,taxonomy_j08,CLASSIFIED_AS,ACCOUNT_TAXONOMY_PHASE5,rel_576bededa430caba
journey_1bd25091042dbf6c,taxonomy_j04,CLASSIFIED_AS,ACCOUNT_TAXONOMY_PHASE5,rel_577183d1f3f9aebe
journey_1dd18bf376bf341d,taxonomy_j04,CLASSIFIED_AS,ACCOUNT_TAXONOMY_PHASE5,rel_57767378ae0f164f
journey_ccdedb2b0d4deced,taxonomy_j04,CLASSIFIED_AS,ACCOUNT_TAXONOMY_PHASE5,rel_5779c594bd1acc3e
journey_c791917879259068,taxonomy_j05,CLASSIFIED_AS,ACCOUNT_TAXONOMY_PHASE5,rel_5781f99f10b3306a
journey_f90f909a6db7e440,taxonomy_j04,CLASSIFIED_AS,ACCOUNT_TAXONOMY_PHASE5,rel_578cc23d8bfb027a
journey_9e1539e703339e09,taxonomy_j08,CLASSIFIED_AS,ACCOUNT_TAXONOMY_PHASE5,rel_57a4a2405c272dfc
journey_74cd94c20fbea0bf,taxonomy_j08,CLASSIFIED_AS,ACCOUNT_TAXONOMY_PHASE5,rel_57a5b37fd1052586
journey_065eb43e925c9da2,taxonomy_j09,CLASSIFIED_AS,ACCOUNT_TAXONOMY_PHASE5,rel_57c1c20566a1d7bc
journey_ebabae480fa74eb2,taxonomy_j03,CLASSIFIED_AS,ACCOUNT_TAXONOMY_PHASE5,rel_57c3e51455161c08
journey_48e78c3d5ebeb088,taxonomy_j04,CLASSIFIED_AS,ACCOUNT_TAXONOMY_PHASE5,rel_57c47b1fb6b07f5c
journey_27c3946061442919,taxonomy_j05,CLASSIFIED_AS,ACCOUNT_TAXONOMY_PHASE5,rel_57d0ddc92756cda1
journey_750fead9742bd902,taxonomy_j05,CLASSIFIED_AS,ACCOUNT_TAXONOMY_PHASE5,rel_57d6d10862ca4501
journey_c1435dd62f8864fa,taxonomy_j04,CLASSIFIED_AS,ACCOUNT_TAXONOMY_PHASE5,rel_57e03c0563d96086
journey_587c4eee686f3b42,taxonomy_j09,CLASSIFIED_AS,ACCOUNT_TAXONOMY_PHASE5,rel_57e71638fecb69cb
journey_ab49aee027ea6324,taxonomy_j05,CLASSIFIED_AS,ACCOUNT_TAXONOMY_PHASE5,rel_57edbabdadd2cb8b
journey_4f40341e9aa3b4d9,taxonomy_j07,CLASSIFIED_AS,ACCOUNT_TAXONOMY_PHASE5,rel_580fd91c582a03fd
journey_20e113bf2898a0d0,taxonomy_j10,CLASSIFIED_AS,ACCOUNT_TAXONOMY_PHASE5,rel_58254ed2f33f1fdf
journey_330532bb7aa11b5e,taxonomy_j04,CLASSIFIED_AS,ACCOUNT_TAXONOMY_PHASE5,rel_5827c2fe6a31e17f
journey_7a34041fdd4fd794,taxonomy_j09,CLASSIFIED_AS,ACCOUNT_TAXONOMY_PHASE5,rel_5830869de751a7bf
journey_da403352dc8ceea3,taxonomy_j08,CLASSIFIED_AS,ACCOUNT_TAXONOMY_PHASE5,rel_584a183e6075b09a
journey_f636dfa5cd5d7073,taxonomy_j05,CLASSIFIED_AS,ACCOUNT_TAXONOMY_PHASE5,rel_5865287fc2f77339
journey_761edd21bcf9a66f,taxonomy_j04,CLASSIFIED_AS,ACCOUNT_TAXONOMY_PHASE5,rel_587095b88779c8eb
journey_85cd4b45bac8d103,taxonomy_j08,CLASSIFIED_AS,ACCOUNT_TAXONOMY_PHASE5,rel_58715ecaa8a89ed7
journey_2d0fa9dba24d75e0,taxonomy_j05,CLASSIFIED_AS,ACCOUNT_TAXONOMY_PHASE5,rel_58773d6b6fcfa2cf
journey_1ef3ac9ea2c14228,taxonomy_j08,CLASSIFIED_AS,ACCOUNT_TAXONOMY_PHASE5,rel_587a5c6b71b165b7
journey_3d9f7a85ae456d5c,taxonomy_j04,CLASSIFIED_AS,ACCOUNT_TAXONOMY_PHASE5,rel_5885e045a433025e
journey_257cc0690b181c55,taxonomy_j09,CLASSIFIED_AS,ACCOUNT_TAXONOMY_PHASE5,rel_58b0c9080df07fca
journey_e09ab8ef8ca60f1b,taxonomy_j08,CLASSIFIED_AS,ACCOUNT_TAXONOMY_PHASE5,rel_58b5a755f8f32ea2
journey_533d33488a6dc27b,taxonomy_j04,CLASSIFIED_AS,ACCOUNT_TAXONOMY_PHASE5,rel_58c92cc3e32fcadb
journey_bb17e82480628d52,taxonomy_j04,CLASSIFIED_AS,ACCOUNT_TAXONOMY_PHASE5,rel_58d891d0bd6ad2f3
journey_220ab7a44813bb2e,taxonomy_j09,CLASSIFIED_AS,ACCOUNT_TAXONOMY_PHASE5,rel_58d9b4b7913e0aa5
journey_416266f452ffb157,taxonomy_j04,CLASSIFIED_AS,ACCOUNT_TAXONOMY_PHASE5,rel_58e2f90059942629
journey_e32604bd1722c705,taxonomy_j04,CLASSIFIED_AS,ACCOUNT_TAXONOMY_PHASE5,rel_58e316720a48c9cf
journey_153b05b7c35be834,taxonomy_j04,CLASSIFIED_AS,ACCOUNT_TAXONOMY_PHASE5,rel_58e3b47427d75190
journey_fdada5c692cf5ef7,taxonomy_j05,CLASSIFIED_AS,ACCOUNT_TAXONOMY_PHASE5,rel_58e91dde8b4f6f4a
journey_dafba84389bd3bbe,taxonomy_j10,CLASSIFIED_AS,ACCOUNT_TAXONOMY_PHASE5,rel_58f1ef406091f0b0
journey_44654f71cbf5887c,taxonomy_j04,CLASSIFIED_AS,ACCOUNT_TAXONOMY_PHASE5,rel_58f256c865f14d95
journey_571d16395fbc7add,taxonomy_j01,CLASSIFIED_AS,ACCOUNT_TAXONOMY_PHASE5,rel_58fe6dfc8a5afb50
journey_037788f520c9416e,taxonomy_j03,CLASSIFIED_AS,ACCOUNT_TAXONOMY_PHASE5,rel_590fd10a4810a4ec
journey_e0894bd9241c3a77,taxonomy_j08,CLASSIFIED_AS,ACCOUNT_TAXONOMY_PHASE5,rel_5917e8794ff6aea1
journey_bcf276e5dbb27a13,taxonomy_j07,CLASSIFIED_AS,ACCOUNT_TAXONOMY_PHASE5,rel_591d962195f72ce4
journey_fe3c051ba3ca4a0e,taxonomy_j01,CLASSIFIED_AS,ACCOUNT_TAXONOMY_PHASE5,rel_59212015fe51f624
journey_1455e5c10a0cd8fd,taxonomy_j08,CLASSIFIED_AS,ACCOUNT_TAXONOMY_PHASE5,rel_5923bdf4e4dc3e9a
journey_c8b2572a06ea2963,taxonomy_j10,CLASSIFIED_AS,ACCOUNT_TAXONOMY_PHASE5,rel_592cc8f45a2e7c24
journey_fdde054d900dbe99,taxonomy_j09,CLASSIFIED_AS,ACCOUNT_TAXONOMY_PHASE5,rel_592cebb7ec34df62
journey_c6e8c6027d7a82ae,taxonomy_j09,CLASSIFIED_AS,ACCOUNT_TAXONOMY_PHASE5,rel_592f1e7e99dc7a88
journey_ea579d02ba32b21c,taxonomy_j05,CLASSIFIED_AS,ACCOUNT_TAXONOMY_PHASE5,rel_59459cf2f242894c
journey_771314a824dec94c,taxonomy_j09,CLASSIFIED_AS,ACCOUNT_TAXONOMY_PHASE5,rel_595735d5f7a9f832
journey_dd8f38c7ab71452e,taxonomy_j10,CLASSIFIED_AS,ACCOUNT_TAXONOMY_PHASE5,rel_5960d81525f72bab
journey_96303ef74df40961,taxonomy_j04,CLASSIFIED_AS,ACCOUNT_TAXONOMY_PHASE5,rel_596d97bb19611528
journey_bdad99aabbf76fe0,taxonomy_j07,CLASSIFIED_AS,ACCOUNT_TAXONOMY_PHASE5,rel_596e07de3d900bc6
journey_ebbddae712c97187,taxonomy_j04,CLASSIFIED_AS,ACCOUNT_TAXONOMY_PHASE5,rel_59823d3ab507afda
journey_890e96e360e24e01,taxonomy_j08,CLASSIFIED_AS,ACCOUNT_TAXONOMY_PHASE5,rel_5985c013ff7c983c
journey_3625636c0f678824,taxonomy_j05,CLASSIFIED_AS,ACCOUNT_TAXONOMY_PHASE5,rel_598f5889babc6e0b
journey_aa58d2f3263d024e,taxonomy_j07,CLASSIFIED_AS,ACCOUNT_TAXONOMY_PHASE5,rel_59adf955abf23f4e
journey_5e6c931214233bc1,taxonomy_j08,CLASSIFIED_AS,ACCOUNT_TAXONOMY_PHASE5,rel_59b9109d3e1f2af8
journey_da07da85a5a1ce04,taxonomy_j04,CLASSIFIED_AS,ACCOUNT_TAXONOMY_PHASE5,rel_59b91513311a48ab
journey_7f560ca4cff442b4,taxonomy_j04,CLASSIFIED_AS,ACCOUNT_TAXONOMY_PHASE5,rel_59c82f02d182d0a7
journey_40009085307ff46d,taxonomy_j01,CLASSIFIED_AS,ACCOUNT_TAXONOMY_PHASE5,rel_59cca03c053bbbec
journey_e284b9f4ad64c8ff,taxonomy_j10,CLASSIFIED_AS,ACCOUNT_TAXONOMY_PHASE5,rel_59d14323714baf14
journey_7a457b47ad46b043,taxonomy_j01,CLASSIFIED_AS,ACCOUNT_TAXONOMY_PHASE5,rel_59e256c5a77d5669
journey_823e25e52b39dd86,taxonomy_j01,CLASSIFIED_AS,ACCOUNT_TAXONOMY_PHASE5,rel_59e7bdc1e867b3c2
journey_e8cb41bb878d28f1,taxonomy_j04,CLASSIFIED_AS,ACCOUNT_TAXONOMY_PHASE5,rel_59f0335791ccd623
journey_dccd1daec49c9c98,taxonomy_j08,CLASSIFIED_AS,ACCOUNT_TAXONOMY_PHASE5,rel_5a0437598d8e84d3
journey_a896060ba86ead46,taxonomy_j05,CLASSIFIED_AS,ACCOUNT_TAXONOMY_PHASE5,rel_5a248cade278c81f
journey_733d0c31c11b928b,taxonomy_j07,CLASSIFIED_AS,ACCOUNT_TAXONOMY_PHASE5,rel_5a2ca8dc99de109c
journey_c53f44836ee4acc4,taxonomy_j01,CLASSIFIED_AS,ACCOUNT_TAXONOMY_PHASE5,rel_5a2f6cbaf9430b8e
journey_f02cd90d73e942ea,taxonomy_j04,CLASSIFIED_AS,ACCOUNT_TAXONOMY_PHASE5,rel_5a3a670042282f4d
journey_14b9429a575fd890,taxonomy_j10,CLASSIFIED_AS,ACCOUNT_TAXONOMY_PHASE5,rel_5a457f964dcfb2dc
journey_6b8c87e3766b143c,taxonomy_j01,CLASSIFIED_AS,ACCOUNT_TAXONOMY_PHASE5,rel_5a485e83bf582225
journey_4ca7890ed5fa7bbb,taxonomy_j08,CLASSIFIED_AS,ACCOUNT_TAXONOMY_PHASE5,rel_5a5e2d6eaf3ff045
journey_3c47a5d483dc9ec9,taxonomy_j01,CLASSIFIED_AS,ACCOUNT_TAXONOMY_PHASE5,rel_5a5f6f8177d148cf
journey_eb5b817bff503ce8,taxonomy_j01,CLASSIFIED_AS,ACCOUNT_TAXONOMY_PHASE5,rel_5a61c2ba50f43ff3
journey_9ae648c4533a7e0e,taxonomy_j09,CLASSIFIED_AS,ACCOUNT_TAXONOMY_PHASE5,rel_5a631d25fff81081
journey_e5702d4e49fee592,taxonomy_j04,CLASSIFIED_AS,ACCOUNT_TAXONOMY_PHASE5,rel_5a63e494a425ef9e
journey_f890970894d66592,taxonomy_j01,CLASSIFIED_AS,ACCOUNT_TAXONOMY_PHASE5,rel_5a6439851ab80294
journey_66542a95cd6a253a,taxonomy_j05,CLASSIFIED_AS,ACCOUNT_TAXONOMY_PHASE5,rel_5a69384867205265
journey_4568733cb9420f74,taxonomy_j01,CLASSIFIED_AS,ACCOUNT_TAXONOMY_PHASE5,rel_5a8423fe944afcf6
journey_1a5fca7f085b4753,taxonomy_j05,CLASSIFIED_AS,ACCOUNT_TAXONOMY_PHASE5,rel_5aa6e88b1101589e
journey_c316e633201458a8,taxonomy_j02,CLASSIFIED_AS,ACCOUNT_TAXONOMY_PHASE5,rel_5ab56a46bab0df90
journey_c3b195f23e11a12e,taxonomy_j03,CLASSIFIED_AS,ACCOUNT_TAXONOMY_PHASE5,rel_5abfb284e843a145
journey_84eed13c151dfce5,taxonomy_j01,CLASSIFIED_AS,ACCOUNT_TAXONOMY_PHASE5,rel_5acbe2437ff4037d
journey_51ea6ccdddd38291,taxonomy_j04,CLASSIFIED_AS,ACCOUNT_TAXONOMY_PHASE5,rel_5ae6a2dc8a171208
journey_d9f677ce55a181cd,taxonomy_j05,CLASSIFIED_AS,ACCOUNT_TAXONOMY_PHASE5,rel_5aebc2034e517880
journey_7c810ec52152febc,taxonomy_j03,CLASSIFIED_AS,ACCOUNT_TAXONOMY_PHASE5,rel_5b0543065349d15e
journey_9e6cdc45cb9258ab,taxonomy_j09,CLASSIFIED_AS,ACCOUNT_TAXONOMY_PHASE5,rel_5b0e8305e464fdce
journey_2d508a1d39967647,taxonomy_j08,CLASSIFIED_AS,ACCOUNT_TAXONOMY_PHASE5,rel_5b1af811c93c2427
journey_49767d9f9c34624b,taxonomy_j03,CLASSIFIED_AS,ACCOUNT_TAXONOMY_PHASE5,rel_5b39853804124ecc
journey_ed2eca150329fd03,taxonomy_j07,CLASSIFIED_AS,ACCOUNT_TAXONOMY_PHASE5,rel_5b422b2a4ed459d5
journey_cb43d9439296aa9f,taxonomy_j04,CLASSIFIED_AS,ACCOUNT_TAXONOMY_PHASE5,rel_5b4b16bd69770191
journey_86143e22a66f0593,taxonomy_j05,CLASSIFIED_AS,ACCOUNT_TAXONOMY_PHASE5,rel_5b5735857f8ac16d
journey_d9a899365807ddd1,taxonomy_j04,CLASSIFIED_AS,ACCOUNT_TAXONOMY_PHASE5,rel_5b63a5940b1a2804
journey_902e007f3080afd4,taxonomy_j04,CLASSIFIED_AS,ACCOUNT_TAXONOMY_PHASE5,rel_5b6de582f4228302
journey_487fd4919cfb4a28,taxonomy_j01,CLASSIFIED_AS,ACCOUNT_TAXONOMY_PHASE5,rel_5b86f50dadd57bab
journey_cae9965276d5722d,taxonomy_j02,CLASSIFIED_AS,ACCOUNT_TAXONOMY_PHASE5,rel_5bb3d784c5fac86b
journey_51aa0571fb5fedb2,taxonomy_j09,CLASSIFIED_AS,ACCOUNT_TAXONOMY_PHASE5,rel_5bb53dc4fd0d4cbd
journey_c86db12a31c27ce4,taxonomy_j05,CLASSIFIED_AS,ACCOUNT_TAXONOMY_PHASE5,rel_5bbf8901b94ed909
journey_67b7ac4608f3ba67,taxonomy_j09,CLASSIFIED_AS,ACCOUNT_TAXONOMY_PHASE5,rel_5bc5323eff5f2e33
journey_fc8deb35d3551b78,taxonomy_j04,CLASSIFIED_AS,ACCOUNT_TAXONOMY_PHASE5,rel_5bdf55cb6281bb37
journey_ec278ff3f5da6c53,taxonomy_j09,CLASSIFIED_AS,ACCOUNT_TAXONOMY_PHASE5,rel_5bdffc3130985e6d
journey_e6bb05e95683b389,taxonomy_j04,CLASSIFIED_AS,ACCOUNT_TAXONOMY_PHASE5,rel_5be1427840aa204d
journey_2f6c16b62afcbf2f,taxonomy_j05,CLASSIFIED_AS,ACCOUNT_TAXONOMY_PHASE5,rel_5be4c341c25c5621
journey_77d7cc31c5b30431,taxonomy_j05,CLASSIFIED_AS,ACCOUNT_TAXONOMY_PHASE5,rel_5be7842e02da78e1
journey_6b18eb68d4a5a70d,taxonomy_j04,CLASSIFIED_AS,ACCOUNT_TAXONOMY_PHASE5,rel_5c1b830d92f18e9a
journey_34a2a6e840198e4e,taxonomy_j01,CLASSIFIED_AS,ACCOUNT_TAXONOMY_PHASE5,rel_5c2a68908dbbc9e0
journey_2633d789a7fee7ff,taxonomy_j05,CLASSIFIED_AS,ACCOUNT_TAXONOMY_PHASE5,rel_5c332ad0c8d63292
journey_5d09bb9d8f2b74fc,taxonomy_j05,CLASSIFIED_AS,ACCOUNT_TAXONOMY_PHASE5,rel_5c38dc0038fdaabf
journey_cd8b481010e6a40d,taxonomy_j05,CLASSIFIED_AS,ACCOUNT_TAXONOMY_PHASE5,rel_5c429adc7628074f
journey_831ade04c80bcaaa,taxonomy_j05,CLASSIFIED_AS,ACCOUNT_TAXONOMY_PHASE5,rel_5c7ac71391dafae9
journey_f3fd2053fe077c08,taxonomy_j04,CLASSIFIED_AS,ACCOUNT_TAXONOMY_PHASE5,rel_5c7c305f4152fa33
journey_eea43823e83ec394,taxonomy_j04,CLASSIFIED_AS,ACCOUNT_TAXONOMY_PHASE5,rel_5c89dae8829e2fd7
journey_73bfb463ae6a5d7a,taxonomy_j08,CLASSIFIED_AS,ACCOUNT_TAXONOMY_PHASE5,rel_5c96d5dbc888ff64
journey_044c79a3817aaf34,taxonomy_j10,CLASSIFIED_AS,ACCOUNT_TAXONOMY_PHASE5,rel_5c9a25db5e626664
journey_1845d45dc99bf15c,taxonomy_j01,CLASSIFIED_AS,ACCOUNT_TAXONOMY_PHASE5,rel_5cae4b5853548cb2
journey_23f556ef0cff991a,taxonomy_j09,CLASSIFIED_AS,ACCOUNT_TAXONOMY_PHASE5,rel_5cbeb920c0ca8863
journey_de42db6a0e8f637e,taxonomy_j09,CLASSIFIED_AS,ACCOUNT_TAXONOMY_PHASE5,rel_5cc962a0ccbcffa0
journey_be8bb7cd5d6ad99f,taxonomy_j04,CLASSIFIED_AS,ACCOUNT_TAXONOMY_PHASE5,rel_5cc996db3aa4bff5
journey_e7ad4b5a0484bd94,taxonomy_j03,CLASSIFIED_AS,ACCOUNT_TAXONOMY_PHASE5,rel_5cccae973295e53b
journey_a9c04c7be6ec5ff0,taxonomy_j10,CLASSIFIED_AS,ACCOUNT_TAXONOMY_PHASE5,rel_5cdea1614a92ba09
journey_c2c5c2975af3e24a,taxonomy_j04,CLASSIFIED_AS,ACCOUNT_TAXONOMY_PHASE5,rel_5ceda34312cd3573
journey_4cda3b2ca2e5718a,taxonomy_j04,CLASSIFIED_AS,ACCOUNT_TAXONOMY_PHASE5,rel_5d0a6555917a2475
journey_4fa0a35589473588,taxonomy_j03,CLASSIFIED_AS,ACCOUNT_TAXONOMY_PHASE5,rel_5d493cd832236e62
journey_7c6b2935a30bd4c2,taxonomy_j07,CLASSIFIED_AS,ACCOUNT_TAXONOMY_PHASE5,rel_5d4ae26884031ae7
journey_dd6ae20c3f61f07b,taxonomy_j07,CLASSIFIED_AS,ACCOUNT_TAXONOMY_PHASE5,rel_5d508b69a7c5b537
journey_0ea24cb475d6ab8c,taxonomy_j04,CLASSIFIED_AS,ACCOUNT_TAXONOMY_PHASE5,rel_5d58d2f2824d1fdb
journey_6a8514ef35efe21b,taxonomy_j04,CLASSIFIED_AS,ACCOUNT_TAXONOMY_PHASE5,rel_5d5ed4cff245416b
journey_8b9578ea5b829f86,taxonomy_j09,CLASSIFIED_AS,ACCOUNT_TAXONOMY_PHASE5,rel_5d6515d77520c423
journey_afbb440b2521b359,taxonomy_j01,CLASSIFIED_AS,ACCOUNT_TAXONOMY_PHASE5,rel_5d74d90063dac0b0
journey_9bc03af7577d9a1e,taxonomy_j08,CLASSIFIED_AS,ACCOUNT_TAXONOMY_PHASE5,rel_5d775174578ef47d
journey_0a1db03a1e1971e5,taxonomy_j10,CLASSIFIED_AS,ACCOUNT_TAXONOMY_PHASE5,rel_5d81696a3f11e169
journey_ed09d90f2c86320a,taxonomy_j04,CLASSIFIED_AS,ACCOUNT_TAXONOMY_PHASE5,rel_5da1f96e8ff54bac
journey_b4aba41978a6680e,taxonomy_j03,CLASSIFIED_AS,ACCOUNT_TAXONOMY_PHASE5,rel_5da8a533061e35a3
journey_a51620b651acafe6,taxonomy_j10,CLASSIFIED_AS,ACCOUNT_TAXONOMY_PHASE5,rel_5dac0c940bf2e0ee
journey_cc8f95955f8ec4ab,taxonomy_j05,CLASSIFIED_AS,ACCOUNT_TAXONOMY_PHASE5,rel_5db25d1d284d6c15
journey_1475d4fa6fdad8f7,taxonomy_j04,CLASSIFIED_AS,ACCOUNT_TAXONOMY_PHASE5,rel_5dd5df82cb4c8452
journey_3330a39b1ed42966,taxonomy_j08,CLASSIFIED_AS,ACCOUNT_TAXONOMY_PHASE5,rel_5ddee85604daeb21
journey_3cb6f9807e352551,taxonomy_j03,CLASSIFIED_AS,ACCOUNT_TAXONOMY_PHASE5,rel_5de27e4011959b66
journey_c48fe5d030df917e,taxonomy_j08,CLASSIFIED_AS,ACCOUNT_TAXONOMY_PHASE5,rel_5df28ac551f380c9
journey_f451c9e0c53b93d3,taxonomy_j04,CLASSIFIED_AS,ACCOUNT_TAXONOMY_PHASE5,rel_5df6ef81ccd8bacc
journey_64ca71945806d33e,taxonomy_j03,CLASSIFIED_AS,ACCOUNT_TAXONOMY_PHASE5,rel_5e04a968caf9a4ed
journey_d41874737474407c,taxonomy_j04,CLASSIFIED_AS,ACCOUNT_TAXONOMY_PHASE5,rel_5e072420f6593ecb
journey_a40ea22584e4d1d3,taxonomy_j09,CLASSIFIED_AS,ACCOUNT_TAXONOMY_PHASE5,rel_5e15b374b8a5b82f
journey_020470103155b640,taxonomy_j05,CLASSIFIED_AS,ACCOUNT_TAXONOMY_PHASE5,rel_5e21e2f2bdf8d344
journey_2b69338a465e1e73,taxonomy_j03,CLASSIFIED_AS,ACCOUNT_TAXONOMY_PHASE5,rel_5e22411a21a99c79
journey_b5522fa90b1e55ea,taxonomy_j09,CLASSIFIED_AS,ACCOUNT_TAXONOMY_PHASE5,rel_5e2c778074b9a726
journey_12dc971f76c23471,taxonomy_j01,CLASSIFIED_AS,ACCOUNT_TAXONOMY_PHASE5,rel_5e40367116052a54
journey_598425ccdd301efc,taxonomy_j03,CLASSIFIED_AS,ACCOUNT_TAXONOMY_PHASE5,rel_5e433046bd077030
journey_d7ed1d16b835925e,taxonomy_j10,CLASSIFIED_AS,ACCOUNT_TAXONOMY_PHASE5,rel_5e4d52e2044c1f20
journey_27b3a1bbbd4aa097,taxonomy_j04,CLASSIFIED_AS,ACCOUNT_TAXONOMY_PHASE5,rel_5e4d767fa6534c21
journey_040946f7bde6e067,taxonomy_j05,CLASSIFIED_AS,ACCOUNT_TAXONOMY_PHASE5,rel_5e545b9e1bc362a3
journey_89b02909c828057a,taxonomy_j04,CLASSIFIED_AS,ACCOUNT_TAXONOMY_PHASE5,rel_5e5574763728c634
journey_8979b4e41222831a,taxonomy_j03,CLASSIFIED_AS,ACCOUNT_TAXONOMY_PHASE5,rel_5e65b9afc77aacb1
journey_77148bbfb49c4a73,taxonomy_j08,CLASSIFIED_AS,ACCOUNT_TAXONOMY_PHASE5,rel_5e6b9235fa704854
journey_426e02532df2dabd,taxonomy_j04,CLASSIFIED_AS,ACCOUNT_TAXONOMY_PHASE5,rel_5e6ce19c29c1a71c
journey_2b73518346f3360f,taxonomy_j10,CLASSIFIED_AS,ACCOUNT_TAXONOMY_PHASE5,rel_5e77a56a8b4cbf89
journey_716aeb96b3bf97a6,taxonomy_j10,CLASSIFIED_AS,ACCOUNT_TAXONOMY_PHASE5,rel_5e99d4b8f1a2cd59
journey_e5b54e574c3015e9,taxonomy_j08,CLASSIFIED_AS,ACCOUNT_TAXONOMY_PHASE5,rel_5e9bc4a279a9224f
journey_72ab9ebe99d07339,taxonomy_j03,CLASSIFIED_AS,ACCOUNT_TAXONOMY_PHASE5,rel_5ea57d7b15eb1b7d
journey_94af3021be5cb0c4,taxonomy_j02,CLASSIFIED_AS,ACCOUNT_TAXONOMY_PHASE5,rel_5ea75c898041e448
journey_5016b644629e4757,taxonomy_j08,CLASSIFIED_AS,ACCOUNT_TAXONOMY_PHASE5,rel_5eb2692720549596
journey_a440fb7ef459b640,taxonomy_j07,CLASSIFIED_AS,ACCOUNT_TAXONOMY_PHASE5,rel_5ed8bf787632380d
journey_df1b823619ed863e,taxonomy_j08,CLASSIFIED_AS,ACCOUNT_TAXONOMY_PHASE5,rel_5ef7ed657da27b6d
journey_cd812a4f003a7efe,taxonomy_j05,CLASSIFIED_AS,ACCOUNT_TAXONOMY_PHASE5,rel_5f05247236c9dcb6
journey_b8e814d37f7af143,taxonomy_j01,CLASSIFIED_AS,ACCOUNT_TAXONOMY_PHASE5,rel_5f170cc9ac5743f1
journey_c24486e9af2e9c0d,taxonomy_j05,CLASSIFIED_AS,ACCOUNT_TAXONOMY_PHASE5,rel_5f1e72524b5a8697
journey_88a2340ceb6944e9,taxonomy_j01,CLASSIFIED_AS,ACCOUNT_TAXONOMY_PHASE5,rel_5f426e672b961d7a
journey_9ce70a541b43b91d,taxonomy_j05,CLASSIFIED_AS,ACCOUNT_TAXONOMY_PHASE5,rel_5f4696dd06c71e65
journey_aa62698227957330,taxonomy_j09,CLASSIFIED_AS,ACCOUNT_TAXONOMY_PHASE5,rel_5f57ca4198684aac
journey_593c42255ba9abd5,taxonomy_j05,CLASSIFIED_AS,ACCOUNT_TAXONOMY_PHASE5,rel_5f778ed76236f76e
journey_41ee88662362ab54,taxonomy_j08,CLASSIFIED_AS,ACCOUNT_TAXONOMY_PHASE5,rel_5f926c69476c76a1
journey_174b6fdb25dba357,taxonomy_j09,CLASSIFIED_AS,ACCOUNT_TAXONOMY_PHASE5,rel_5fac9ff1339bf8f8
journey_c5116ded76408f29,taxonomy_j07,CLASSIFIED_AS,ACCOUNT_TAXONOMY_PHASE5,rel_5facbac5a9850a5e
journey_10084f43e619cd71,taxonomy_j08,CLASSIFIED_AS,ACCOUNT_TAXONOMY_PHASE5,rel_5fc0b8a7f0bc771b
journey_6104c61efa573934,taxonomy_j03,CLASSIFIED_AS,ACCOUNT_TAXONOMY_PHASE5,rel_6003aa9dd928aa70
journey_8747d738c06f8c3c,taxonomy_j05,CLASSIFIED_AS,ACCOUNT_TAXONOMY_PHASE5,rel_604f96f5921bd2ac
journey_5cafd916869064ca,taxonomy_j04,CLASSIFIED_AS,ACCOUNT_TAXONOMY_PHASE5,rel_6054210e23993423
journey_6de9d503aaf14684,taxonomy_j08,CLASSIFIED_AS,ACCOUNT_TAXONOMY_PHASE5,rel_606197ab3060a293
journey_efa5fc268d6c3f9b,taxonomy_j04,CLASSIFIED_AS,ACCOUNT_TAXONOMY_PHASE5,rel_606688418011b948
journey_fc72228c1e1a5ff1,taxonomy_j09,CLASSIFIED_AS,ACCOUNT_TAXONOMY_PHASE5,rel_60752f91584be539
journey_245fc6f834593766,taxonomy_j04,CLASSIFIED_AS,ACCOUNT_TAXONOMY_PHASE5,rel_607910fad4f442f4
journey_ae0a0f20ed56ec65,taxonomy_j07,CLASSIFIED_AS,ACCOUNT_TAXONOMY_PHASE5,rel_608270eaf03c24a8
journey_1c58d018d185adf3,taxonomy_j04,CLASSIFIED_AS,ACCOUNT_TAXONOMY_PHASE5,rel_609ea3592b995479
journey_a30963e5885fa48f,taxonomy_j03,CLASSIFIED_AS,ACCOUNT_TAXONOMY_PHASE5,rel_60af56e1d7782d46
journey_030758307e636809,taxonomy_j10,CLASSIFIED_AS,ACCOUNT_TAXONOMY_PHASE5,rel_60b891a3350852cc
journey_ed4707b2a1a74a44,taxonomy_j04,CLASSIFIED_AS,ACCOUNT_TAXONOMY_PHASE5,rel_60d467dff43392a5
journey_6373b58b9bf338b5,taxonomy_j04,CLASSIFIED_AS,ACCOUNT_TAXONOMY_PHASE5,rel_60d59a06d5a271e1
journey_499ef7eea64bd2d3,taxonomy_j01,CLASSIFIED_AS,ACCOUNT_TAXONOMY_PHASE5,rel_60d9fb92b26e635f
journey_236064128c297e8a,taxonomy_j04,CLASSIFIED_AS,ACCOUNT_TAXONOMY_PHASE5,rel_60e2f080a17a0d24
journey_6bdc4ea467169b94,taxonomy_j03,CLASSIFIED_AS,ACCOUNT_TAXONOMY_PHASE5,rel_60f9dd3a6c22b0c3
journey_821f25f6ea980f98,taxonomy_j04,CLASSIFIED_AS,ACCOUNT_TAXONOMY_PHASE5,rel_613a98c21294555b
journey_3b780db28575a650,taxonomy_j09,CLASSIFIED_AS,ACCOUNT_TAXONOMY_PHASE5,rel_6142322e3a1dee58
journey_a8af897661f92071,taxonomy_j10,CLASSIFIED_AS,ACCOUNT_TAXONOMY_PHASE5,rel_6146ccb8f4dcfcd3
journey_3cb41a2e580f844e,taxonomy_j04,CLASSIFIED_AS,ACCOUNT_TAXONOMY_PHASE5,rel_6154dedf51d5fafc
journey_b24418113be73d2c,taxonomy_j08,CLASSIFIED_AS,ACCOUNT_TAXONOMY_PHASE5,rel_6169c758e8ec2325
journey_71cf465e060f0e21,taxonomy_j05,CLASSIFIED_AS,ACCOUNT_TAXONOMY_PHASE5,rel_616c6b1fe70203d2
journey_66dbb8e3fd8f1262,taxonomy_j01,CLASSIFIED_AS,ACCOUNT_TAXONOMY_PHASE5,rel_6174226db7eeeaf2
journey_33286289322d06f6,taxonomy_j05,CLASSIFIED_AS,ACCOUNT_TAXONOMY_PHASE5,rel_6175ea54234a4854
journey_d1b6d4cb26c3196d,taxonomy_j10,CLASSIFIED_AS,ACCOUNT_TAXONOMY_PHASE5,rel_6177c8f952862e26
journey_48ab27a00d6def12,taxonomy_j05,CLASSIFIED_AS,ACCOUNT_TAXONOMY_PHASE5,rel_617d6a82a60d8ac8
journey_b5953691a76c8eda,taxonomy_j04,CLASSIFIED_AS,ACCOUNT_TAXONOMY_PHASE5,rel_6184d8c6b2e41136
journey_8cfe6d6a96dd3fe1,taxonomy_j04,CLASSIFIED_AS,ACCOUNT_TAXONOMY_PHASE5,rel_61868988f3252f46
journey_b351c3613d10b420,taxonomy_j03,CLASSIFIED_AS,ACCOUNT_TAXONOMY_PHASE5,rel_6191999ad909c525
journey_7b556aa3643c0b8f,taxonomy_j04,CLASSIFIED_AS,ACCOUNT_TAXONOMY_PHASE5,rel_619969c41519b8d7
journey_3342466fbc58a2b5,taxonomy_j08,CLASSIFIED_AS,ACCOUNT_TAXONOMY_PHASE5,rel_61b9790ca7ebae28
journey_4a0570dffb972be0,taxonomy_j03,CLASSIFIED_AS,ACCOUNT_TAXONOMY_PHASE5,rel_61baf5f5df03cdfb
journey_5bebbb0375fc0cd7,taxonomy_j09,CLASSIFIED_AS,ACCOUNT_TAXONOMY_PHASE5,rel_61d1a9b68d957f97
journey_1d121299ad869181,taxonomy_j05,CLASSIFIED_AS,ACCOUNT_TAXONOMY_PHASE5,rel_61e3997bb67c54f8
journey_7d43e1d6324f7742,taxonomy_j10,CLASSIFIED_AS,ACCOUNT_TAXONOMY_PHASE5,rel_62133f4d8992c58d
journey_221c231cfc6f26b4,taxonomy_j04,CLASSIFIED_AS,ACCOUNT_TAXONOMY_PHASE5,rel_621a26d7be90b4c8
journey_03b376958ed6ba83,taxonomy_j04,CLASSIFIED_AS,ACCOUNT_TAXONOMY_PHASE5,rel_62399cb3edb5d474
journey_5b96d0dcc5fe4441,taxonomy_j01,CLASSIFIED_AS,ACCOUNT_TAXONOMY_PHASE5,rel_624b42598676b400
journey_32a8590a4538b53b,taxonomy_j05,CLASSIFIED_AS,ACCOUNT_TAXONOMY_PHASE5,rel_62548192e38543c6
journey_e7d936d5cbc4ce9d,taxonomy_j09,CLASSIFIED_AS,ACCOUNT_TAXONOMY_PHASE5,rel_625d9ad86fab056a
journey_71c4c2aa1e077478,taxonomy_j04,CLASSIFIED_AS,ACCOUNT_TAXONOMY_PHASE5,rel_62675a7fb1f75e8e
journey_585d185d2ab037f0,taxonomy_j01,CLASSIFIED_AS,ACCOUNT_TAXONOMY_PHASE5,rel_6269567434739e89
journey_140794e69295e37e,taxonomy_j05,CLASSIFIED_AS,ACCOUNT_TAXONOMY_PHASE5,rel_626973e7343e414f
journey_acdbd6425215c4f4,taxonomy_j05,CLASSIFIED_AS,ACCOUNT_TAXONOMY_PHASE5,rel_628ed1bc42e6cabb
journey_2530367295fb3f69,taxonomy_j01,CLASSIFIED_AS,ACCOUNT_TAXONOMY_PHASE5,rel_629377bbb25904d3
journey_cca16de4312359e2,taxonomy_j01,CLASSIFIED_AS,ACCOUNT_TAXONOMY_PHASE5,rel_62c719281ebd99ba
journey_42eeb832ac540019,taxonomy_j04,CLASSIFIED_AS,ACCOUNT_TAXONOMY_PHASE5,rel_62e82bd35476eff0
journey_6f652bb593d56f89,taxonomy_j04,CLASSIFIED_AS,ACCOUNT_TAXONOMY_PHASE5,rel_6305477fa4084054
journey_103ec343838fe0ba,taxonomy_j04,CLASSIFIED_AS,ACCOUNT_TAXONOMY_PHASE5,rel_630e290a924b5f3e
journey_e80d23af3f5e11d5,taxonomy_j09,CLASSIFIED_AS,ACCOUNT_TAXONOMY_PHASE5,rel_63111097022d9d71
journey_d961a008723fd2cc,taxonomy_j04,CLASSIFIED_AS,ACCOUNT_TAXONOMY_PHASE5,rel_634edaec97b5be8b
journey_92eca2eca7d3357f,taxonomy_j08,CLASSIFIED_AS,ACCOUNT_TAXONOMY_PHASE5,rel_635d68b1c6a698fb
journey_2f0592f883af231e,taxonomy_j05,CLASSIFIED_AS,ACCOUNT_TAXONOMY_PHASE5,rel_637576601c35c612
journey_58cfb962784c6981,taxonomy_j04,CLASSIFIED_AS,ACCOUNT_TAXONOMY_PHASE5,rel_637d337b73b1ce70
journey_21d615876d0c0db7,taxonomy_j09,CLASSIFIED_AS,ACCOUNT_TAXONOMY_PHASE5,rel_638274fb4c0f7291
journey_2007112adb4dcbdb,taxonomy_j08,CLASSIFIED_AS,ACCOUNT_TAXONOMY_PHASE5,rel_63a1dbea28698fdc
journey_8ecb3065476f0d79,taxonomy_j04,CLASSIFIED_AS,ACCOUNT_TAXONOMY_PHASE5,rel_63bcbea460c66bd7
journey_2bcd5f740ba3c2a6,taxonomy_j10,CLASSIFIED_AS,ACCOUNT_TAXONOMY_PHASE5,rel_63c67f81b2864898
journey_33d7bbc3f52082ba,taxonomy_j09,CLASSIFIED_AS,ACCOUNT_TAXONOMY_PHASE5,rel_63c6dbad05560d9c
journey_e04fba454fc1afa8,taxonomy_j09,CLASSIFIED_AS,ACCOUNT_TAXONOMY_PHASE5,rel_63d40ff14ea59752
journey_a3eac7153d343162,taxonomy_j01,CLASSIFIED_AS,ACCOUNT_TAXONOMY_PHASE5,rel_63d51392b0603180
journey_6b22885e96a10691,taxonomy_j04,CLASSIFIED_AS,ACCOUNT_TAXONOMY_PHASE5,rel_63e32a284b257956
journey_f45900743f493583,taxonomy_j01,CLASSIFIED_AS,ACCOUNT_TAXONOMY_PHASE5,rel_63ebbff265040ca1
journey_f45378130bffac04,taxonomy_j07,CLASSIFIED_AS,ACCOUNT_TAXONOMY_PHASE5,rel_63fda72f7d0b63c1
journey_4a16e7d86d6f8af2,taxonomy_j04,CLASSIFIED_AS,ACCOUNT_TAXONOMY_PHASE5,rel_641b3834d5083ed5
journey_e99c31c903ebbc5d,taxonomy_j05,CLASSIFIED_AS,ACCOUNT_TAXONOMY_PHASE5,rel_64464874ca555bb8
journey_362ef41fdae66cea,taxonomy_j09,CLASSIFIED_AS,ACCOUNT_TAXONOMY_PHASE5,rel_6462932a830f7dea
journey_00000224b6fef003,taxonomy_j03,CLASSIFIED_AS,ACCOUNT_TAXONOMY_PHASE5,rel_647f6680b7620ef9
journey_a91014fcd2efa79d,taxonomy_j09,CLASSIFIED_AS,ACCOUNT_TAXONOMY_PHASE5,rel_64874ee8917cf0e6
journey_da030b843e5ee64d,taxonomy_j04,CLASSIFIED_AS,ACCOUNT_TAXONOMY_PHASE5,rel_64ac9cdd4568683e
journey_1d1583deee4822b7,taxonomy_j04,CLASSIFIED_AS,ACCOUNT_TAXONOMY_PHASE5,rel_64b070de695eb905
journey_023d2c2f4e1e85bc,taxonomy_j04,CLASSIFIED_AS,ACCOUNT_TAXONOMY_PHASE5,rel_64b1a39a9023c5bf
journey_f8e62171efff74c9,taxonomy_j10,CLASSIFIED_AS,ACCOUNT_TAXONOMY_PHASE5,rel_64bf64738bfd8907
journey_a7d8486c550693bb,taxonomy_j05,CLASSIFIED_AS,ACCOUNT_TAXONOMY_PHASE5,rel_64c68bec10bfc24c
journey_60be77799cf04a5f,taxonomy_j01,CLASSIFIED_AS,ACCOUNT_TAXONOMY_PHASE5,rel_64defd4150fafd5f
journey_7d44adb18426021e,taxonomy_j01,CLASSIFIED_AS,ACCOUNT_TAXONOMY_PHASE5,rel_64df81bc61cb6a2b
journey_b6d0cc51a1958ff1,taxonomy_j05,CLASSIFIED_AS,ACCOUNT_TAXONOMY_PHASE5,rel_64e3d2468a814ec5
journey_d5b8b614761ce8c3,taxonomy_j10,CLASSIFIED_AS,ACCOUNT_TAXONOMY_PHASE5,rel_64fcdceaa7dc9f5f
journey_2feb66240c969d89,taxonomy_j05,CLASSIFIED_AS,ACCOUNT_TAXONOMY_PHASE5,rel_65074603c29d1656
journey_f29b6e47572e2fbd,taxonomy_j09,CLASSIFIED_AS,ACCOUNT_TAXONOMY_PHASE5,rel_6523161c1ea9be1b
journey_e85aedbd3e08d493,taxonomy_j03,CLASSIFIED_AS,ACCOUNT_TAXONOMY_PHASE5,rel_652b2f4c2b242035
journey_55947b56d4530b5e,taxonomy_j05,CLASSIFIED_AS,ACCOUNT_TAXONOMY_PHASE5,rel_652ccc8868206f1a
journey_2c6308b78d380222,taxonomy_j04,CLASSIFIED_AS,ACCOUNT_TAXONOMY_PHASE5,rel_653aff5593d886e5
journey_b26ea3acf2109363,taxonomy_j01,CLASSIFIED_AS,ACCOUNT_TAXONOMY_PHASE5,rel_65437795aba9a94b
journey_84a59260d1a68c90,taxonomy_j08,CLASSIFIED_AS,ACCOUNT_TAXONOMY_PHASE5,rel_654c1cc9ddb0a245
journey_8092f1524fcb3e01,taxonomy_j08,CLASSIFIED_AS,ACCOUNT_TAXONOMY_PHASE5,rel_656509d419493c75
journey_c0b4e56c33078866,taxonomy_j09,CLASSIFIED_AS,ACCOUNT_TAXONOMY_PHASE5,rel_65653f6bc6ea11b2
journey_2df1dceabf6abc5b,taxonomy_j10,CLASSIFIED_AS,ACCOUNT_TAXONOMY_PHASE5,rel_656717864ed175e1
journey_6efda976d6a11a64,taxonomy_j03,CLASSIFIED_AS,ACCOUNT_TAXONOMY_PHASE5,rel_657a61cb35003928
journey_2117e3b6f28f21a6,taxonomy_j08,CLASSIFIED_AS,ACCOUNT_TAXONOMY_PHASE5,rel_659ac1d138002f9d
journey_deb9eb5b1bce97eb,taxonomy_j08,CLASSIFIED_AS,ACCOUNT_TAXONOMY_PHASE5,rel_65bced22f4261570
journey_5d04dfa6c49c696e,taxonomy_j03,CLASSIFIED_AS,ACCOUNT_TAXONOMY_PHASE5,rel_65c1b2266e19ae0e
journey_9299737a18552137,taxonomy_j05,CLASSIFIED_AS,ACCOUNT_TAXONOMY_PHASE5,rel_65c7ceb321e2740d
journey_1c5cd63a39b5434e,taxonomy_j03,CLASSIFIED_AS,ACCOUNT_TAXONOMY_PHASE5,rel_65cf65643b1d2dff
journey_e5771d554985a75f,taxonomy_j04,CLASSIFIED_AS,ACCOUNT_TAXONOMY_PHASE5,rel_65d836478d2f7277
journey_3e8acd764a5b24c9,taxonomy_j09,CLASSIFIED_AS,ACCOUNT_TAXONOMY_PHASE5,rel_65e2f3d1cc91bc05
journey_e4ae93ac3486acfb,taxonomy_j04,CLASSIFIED_AS,ACCOUNT_TAXONOMY_PHASE5,rel_65f7a984c83a4f1f
journey_84743e37f80c0fef,taxonomy_j04,CLASSIFIED_AS,ACCOUNT_TAXONOMY_PHASE5,rel_66035222e2abf1c0
journey_6f76966b79f888b9,taxonomy_j04,CLASSIFIED_AS,ACCOUNT_TAXONOMY_PHASE5,rel_66167dabcdeb24be
journey_94d31f2047daf31d,taxonomy_j04,CLASSIFIED_AS,ACCOUNT_TAXONOMY_PHASE5,rel_66425c0bddcbca9d
journey_ccb4039d33e082c9,taxonomy_j09,CLASSIFIED_AS,ACCOUNT_TAXONOMY_PHASE5,rel_66484a201e72b9c4
journey_571cd199743f1c6d,taxonomy_j10,CLASSIFIED_AS,ACCOUNT_TAXONOMY_PHASE5,rel_6648b7e542fb5813
journey_7390de85ff600034,taxonomy_j04,CLASSIFIED_AS,ACCOUNT_TAXONOMY_PHASE5,rel_66497f7d7717f663
journey_c50ba57e55352c9d,taxonomy_j08,CLASSIFIED_AS,ACCOUNT_TAXONOMY_PHASE5,rel_664b4c734249a069
journey_e38daca856306d06,taxonomy_j05,CLASSIFIED_AS,ACCOUNT_TAXONOMY_PHASE5,rel_6656bc878f163993
journey_ce594a65d1c198d5,taxonomy_j09,CLASSIFIED_AS,ACCOUNT_TAXONOMY_PHASE5,rel_6657e310ed70a6ca
journey_4c99aa27d6695f03,taxonomy_j05,CLASSIFIED_AS,ACCOUNT_TAXONOMY_PHASE5,rel_665b543902195c54
journey_bdf1066dc22c4b9f,taxonomy_j10,CLASSIFIED_AS,ACCOUNT_TAXONOMY_PHASE5,rel_66664ab5b2df3ee3
journey_0bb8e075fa5517f3,taxonomy_j04,CLASSIFIED_AS,ACCOUNT_TAXONOMY_PHASE5,rel_6668c8cf30c65221
journey_760de842f72ae5fb,taxonomy_j04,CLASSIFIED_AS,ACCOUNT_TAXONOMY_PHASE5,rel_666eb49cc1c1434b
journey_c65233a581eb1efe,taxonomy_j08,CLASSIFIED_AS,ACCOUNT_TAXONOMY_PHASE5,rel_66875c757273d616
journey_b907e067d6668fbb,taxonomy_j09,CLASSIFIED_AS,ACCOUNT_TAXONOMY_PHASE5,rel_669fd17d370ec45f
journey_83d724c05a4bac91,taxonomy_j05,CLASSIFIED_AS,ACCOUNT_TAXONOMY_PHASE5,rel_66ac9fde4ffc55f9
journey_72b0e0abddcc5d2a,taxonomy_j04,CLASSIFIED_AS,ACCOUNT_TAXONOMY_PHASE5,rel_66ad7bbf984229d8
journey_10f44ed4b49e13c0,taxonomy_j01,CLASSIFIED_AS,ACCOUNT_TAXONOMY_PHASE5,rel_66b36b8464b29992
journey_646e863caf1e1f50,taxonomy_j03,CLASSIFIED_AS,ACCOUNT_TAXONOMY_PHASE5,rel_66b65257f99a9e95
journey_92d45cdd2739e4e5,taxonomy_j04,CLASSIFIED_AS,ACCOUNT_TAXONOMY_PHASE5,rel_66c92dbb5617bf86
journey_84cf9b6cffb8b9b1,taxonomy_j04,CLASSIFIED_AS,ACCOUNT_TAXONOMY_PHASE5,rel_66cc2379cd37ad58
journey_4be7bbcf3a4c0ad4,taxonomy_j01,CLASSIFIED_AS,ACCOUNT_TAXONOMY_PHASE5,rel_66f267b2108b893b
journey_57fb8859068a2b48,taxonomy_j08,CLASSIFIED_AS,ACCOUNT_TAXONOMY_PHASE5,rel_66f32d7e3c254650
journey_09d66f9af92fdba6,taxonomy_j08,CLASSIFIED_AS,ACCOUNT_TAXONOMY_PHASE5,rel_66f49a94d25281ee
journey_d5018a0874a24ea6,taxonomy_j09,CLASSIFIED_AS,ACCOUNT_TAXONOMY_PHASE5,rel_672c2feaf3047f94
journey_eab8c048cdf6dfc0,taxonomy_j07,CLASSIFIED_AS,ACCOUNT_TAXONOMY_PHASE5,rel_6733a6068fea8945
journey_d6a1f9c0a80075d6,taxonomy_j05,CLASSIFIED_AS,ACCOUNT_TAXONOMY_PHASE5,rel_673c89ff538d7c73
journey_84d51afee59b7c9a,taxonomy_j04,CLASSIFIED_AS,ACCOUNT_TAXONOMY_PHASE5,rel_675bbedf4e2be796
journey_7b04c3f06ee6adcb,taxonomy_j04,CLASSIFIED_AS,ACCOUNT_TAXONOMY_PHASE5,rel_67715ae23eadaa06
journey_c3ae2961c89061a5,taxonomy_j05,CLASSIFIED_AS,ACCOUNT_TAXONOMY_PHASE5,rel_677cbb8f4109130c
journey_e3a718b2ab8a7fa9,taxonomy_j03,CLASSIFIED_AS,ACCOUNT_TAXONOMY_PHASE5,rel_6781e35361e2344c
journey_3cb297bd96002929,taxonomy_j04,CLASSIFIED_AS,ACCOUNT_TAXONOMY_PHASE5,rel_67ad1e6f0782c6b5
journey_e488b48ad3cf9572,taxonomy_j03,CLASSIFIED_AS,ACCOUNT_TAXONOMY_PHASE5,rel_67f2aa995b8331b5
journey_af1ebdc21e5ae31e,taxonomy_j08,CLASSIFIED_AS,ACCOUNT_TAXONOMY_PHASE5,rel_68036bc99c8ec30a
journey_2c8d48f726da4881,taxonomy_j07,CLASSIFIED_AS,ACCOUNT_TAXONOMY_PHASE5,rel_6813af65ff37ffac
journey_83c0d8d71bca5810,taxonomy_j08,CLASSIFIED_AS,ACCOUNT_TAXONOMY_PHASE5,rel_682641185a927e3e
journey_bb5dc502d5c41cc3,taxonomy_j04,CLASSIFIED_AS,ACCOUNT_TAXONOMY_PHASE5,rel_682c1c4a43bf273b
journey_72ef2f33a6d3f932,taxonomy_j09,CLASSIFIED_AS,ACCOUNT_TAXONOMY_PHASE5,rel_686a6d1ec2a85bef
journey_b173ee17b6944f95,taxonomy_j09,CLASSIFIED_AS,ACCOUNT_TAXONOMY_PHASE5,rel_68757899b9913b9c
journey_bc52b97d51039c1b,taxonomy_j01,CLASSIFIED_AS,ACCOUNT_TAXONOMY_PHASE5,rel_6879326d4674dc41
journey_65bb065595d060b7,taxonomy_j05,CLASSIFIED_AS,ACCOUNT_TAXONOMY_PHASE5,rel_688625ec675cc9a6
journey_bee133214a3f0891,taxonomy_j08,CLASSIFIED_AS,ACCOUNT_TAXONOMY_PHASE5,rel_688aae828bf4fa37
journey_b663b5ae1993c829,taxonomy_j04,CLASSIFIED_AS,ACCOUNT_TAXONOMY_PHASE5,rel_689076955a0478d8
journey_b9d7b446219287c9,taxonomy_j04,CLASSIFIED_AS,ACCOUNT_TAXONOMY_PHASE5,rel_6892cb610d45e1a1
journey_c394789e9efd9c1d,taxonomy_j05,CLASSIFIED_AS,ACCOUNT_TAXONOMY_PHASE5,rel_689b825a29d51b0f
journey_15bb4e081d787057,taxonomy_j07,CLASSIFIED_AS,ACCOUNT_TAXONOMY_PHASE5,rel_68b01b74fd07d7a6
journey_9efcb01eaa721222,taxonomy_j04,CLASSIFIED_AS,ACCOUNT_TAXONOMY_PHASE5,rel_68bbe68356b62878
journey_f19cad699ac2f076,taxonomy_j09,CLASSIFIED_AS,ACCOUNT_TAXONOMY_PHASE5,rel_68be5c822ed6acba
journey_cad19642f232793a,taxonomy_j01,CLASSIFIED_AS,ACCOUNT_TAXONOMY_PHASE5,rel_68cda2afc69fbe14
journey_eecbcbe0cddbd18f,taxonomy_j08,CLASSIFIED_AS,ACCOUNT_TAXONOMY_PHASE5,rel_68d9278027da415c
journey_60b2fa23cf42e0bd,taxonomy_j05,CLASSIFIED_AS,ACCOUNT_TAXONOMY_PHASE5,rel_68e13124bba397b8
journey_5251abe0e5aebd4a,taxonomy_j04,CLASSIFIED_AS,ACCOUNT_TAXONOMY_PHASE5,rel_68e310034e1542b3
journey_3dffdf4e7254ef9b,taxonomy_j05,CLASSIFIED_AS,ACCOUNT_TAXONOMY_PHASE5,rel_68f51bfdf5f67042
journey_0c723e653015be88,taxonomy_j04,CLASSIFIED_AS,ACCOUNT_TAXONOMY_PHASE5,rel_68f56d3fa64abec7
journey_5672b785b53662f4,taxonomy_j07,CLASSIFIED_AS,ACCOUNT_TAXONOMY_PHASE5,rel_68f7faba30329dee
journey_61b4ad34463add42,taxonomy_j05,CLASSIFIED_AS,ACCOUNT_TAXONOMY_PHASE5,rel_690c786344e30f5c
journey_66e65f0abadcc30c,taxonomy_j09,CLASSIFIED_AS,ACCOUNT_TAXONOMY_PHASE5,rel_69493d39e03ce7cc
journey_383924835079528d,taxonomy_j01,CLASSIFIED_AS,ACCOUNT_TAXONOMY_PHASE5,rel_69686b59062d325d
journey_f2f74e64cb628d63,taxonomy_j04,CLASSIFIED_AS,ACCOUNT_TAXONOMY_PHASE5,rel_69aac4dcee32a3cf
journey_60f0cdeef8916907,taxonomy_j01,CLASSIFIED_AS,ACCOUNT_TAXONOMY_PHASE5,rel_69cda56d5c5f419f
journey_3c8629bf1a7764d6,taxonomy_j09,CLASSIFIED_AS,ACCOUNT_TAXONOMY_PHASE5,rel_69e12c774af362dc
journey_d4d9d9dae6356555,taxonomy_j01,CLASSIFIED_AS,ACCOUNT_TAXONOMY_PHASE5,rel_69ef02a8b5ad198b
journey_c68a2d18238a20d8,taxonomy_j01,CLASSIFIED_AS,ACCOUNT_TAXONOMY_PHASE5,rel_6a242fa5d82d0ce7
journey_28dd45a3ef8a4e85,taxonomy_j01,CLASSIFIED_AS,ACCOUNT_TAXONOMY_PHASE5,rel_6a2ed240e2c264f5
journey_d087db1e157ab927,taxonomy_j09,CLASSIFIED_AS,ACCOUNT_TAXONOMY_PHASE5,rel_6a2f1a31141e1692
journey_ede727aa8cc94abf,taxonomy_j01,CLASSIFIED_AS,ACCOUNT_TAXONOMY_PHASE5,rel_6a37f8c58d6d182a
journey_43ac6a76838a0ef8,taxonomy_j04,CLASSIFIED_AS,ACCOUNT_TAXONOMY_PHASE5,rel_6a3df1b829db8b20
journey_58de768cc90ac2eb,taxonomy_j05,CLASSIFIED_AS,ACCOUNT_TAXONOMY_PHASE5,rel_6a51f022d6bcbebc
journey_77a30222a2d5002f,taxonomy_j01,CLASSIFIED_AS,ACCOUNT_TAXONOMY_PHASE5,rel_6a5db78a6db926c8
journey_fedef9b40dd573d0,taxonomy_j09,CLASSIFIED_AS,ACCOUNT_TAXONOMY_PHASE5,rel_6a6033e3233ba281
journey_8a1cb752727ed1ae,taxonomy_j08,CLASSIFIED_AS,ACCOUNT_TAXONOMY_PHASE5,rel_6a6e7ed574f22830
journey_c94082ddb7cb75e3,taxonomy_j01,CLASSIFIED_AS,ACCOUNT_TAXONOMY_PHASE5,rel_6a8bd232a2dd5391
journey_eca211dd25ee7677,taxonomy_j03,CLASSIFIED_AS,ACCOUNT_TAXONOMY_PHASE5,rel_6aae98cc8882c2c2
journey_8e1df92c0c4c9d60,taxonomy_j08,CLASSIFIED_AS,ACCOUNT_TAXONOMY_PHASE5,rel_6ab92d0e7d607e08
journey_f0cfebc9d125157f,taxonomy_j01,CLASSIFIED_AS,ACCOUNT_TAXONOMY_PHASE5,rel_6acc1cc336804d0c
journey_b763efa735aba666,taxonomy_j05,CLASSIFIED_AS,ACCOUNT_TAXONOMY_PHASE5,rel_6ace8ee85d2ddf00
journey_8e3926cbfc28bf87,taxonomy_j08,CLASSIFIED_AS,ACCOUNT_TAXONOMY_PHASE5,rel_6add980ae4e04227
journey_31cd06b783b50054,taxonomy_j04,CLASSIFIED_AS,ACCOUNT_TAXONOMY_PHASE5,rel_6aee981cc9c8265d
journey_9518e19b6d33787e,taxonomy_j04,CLASSIFIED_AS,ACCOUNT_TAXONOMY_PHASE5,rel_6af3e263465b8f9b
journey_8feb6e9972e13b1f,taxonomy_j09,CLASSIFIED_AS,ACCOUNT_TAXONOMY_PHASE5,rel_6afa45c0fd7fbba8
journey_cb184fcfee27659d,taxonomy_j04,CLASSIFIED_AS,ACCOUNT_TAXONOMY_PHASE5,rel_6b0377a91cf4c985
journey_0a6199e06fd4f13a,taxonomy_j04,CLASSIFIED_AS,ACCOUNT_TAXONOMY_PHASE5,rel_6b07ac0a7112b0cd
journey_88e7f544d7274b5a,taxonomy_j04,CLASSIFIED_AS,ACCOUNT_TAXONOMY_PHASE5,rel_6b0a3fbc1cdb867b
journey_237107d7c0a4d169,taxonomy_j05,CLASSIFIED_AS,ACCOUNT_TAXONOMY_PHASE5,rel_6b20f170e7e65b8c
journey_1d558b304e3c580c,taxonomy_j08,CLASSIFIED_AS,ACCOUNT_TAXONOMY_PHASE5,rel_6b216e412565da0a
journey_ba7817b918ca4eea,taxonomy_j08,CLASSIFIED_AS,ACCOUNT_TAXONOMY_PHASE5,rel_6b3678557bda6518
journey_3e9d1c7a7054f50d,taxonomy_j05,CLASSIFIED_AS,ACCOUNT_TAXONOMY_PHASE5,rel_6b3b4052915189b7
journey_181e2563127a1860,taxonomy_j03,CLASSIFIED_AS,ACCOUNT_TAXONOMY_PHASE5,rel_6b53fc682a37ef73
journey_0b678aae7e08da6a,taxonomy_j05,CLASSIFIED_AS,ACCOUNT_TAXONOMY_PHASE5,rel_6b67397a6188b686
journey_4272f64dc94fd761,taxonomy_j04,CLASSIFIED_AS,ACCOUNT_TAXONOMY_PHASE5,rel_6b8642f3d8db11a4
journey_8180cec803ba9ddf,taxonomy_j10,CLASSIFIED_AS,ACCOUNT_TAXONOMY_PHASE5,rel_6b874e1878469c68
journey_1b06ae3d9b363fd7,taxonomy_j10,CLASSIFIED_AS,ACCOUNT_TAXONOMY_PHASE5,rel_6bad0447007240cc
journey_de2c9396487f5893,taxonomy_j10,CLASSIFIED_AS,ACCOUNT_TAXONOMY_PHASE5,rel_6bada4b36a99d01c
journey_bc893b94415347ab,taxonomy_j09,CLASSIFIED_AS,ACCOUNT_TAXONOMY_PHASE5,rel_6c1ffd911c586be7
journey_51a4c315db48fd46,taxonomy_j03,CLASSIFIED_AS,ACCOUNT_TAXONOMY_PHASE5,rel_6c3e47d79ba31338
journey_b6d45e5ba7232654,taxonomy_j09,CLASSIFIED_AS,ACCOUNT_TAXONOMY_PHASE5,rel_6c5c94269d1f837a
journey_336cc490d011cd4b,taxonomy_j01,CLASSIFIED_AS,ACCOUNT_TAXONOMY_PHASE5,rel_6c78bbd14bbb63dc
journey_c0593071c76055ba,taxonomy_j05,CLASSIFIED_AS,ACCOUNT_TAXONOMY_PHASE5,rel_6c78ee793e26052d
journey_a508a9d50232f1c9,taxonomy_j01,CLASSIFIED_AS,ACCOUNT_TAXONOMY_PHASE5,rel_6c93a155e771ccc5
journey_9cfaf07c50df6ef8,taxonomy_j08,CLASSIFIED_AS,ACCOUNT_TAXONOMY_PHASE5,rel_6c9ee830f095c3d7
journey_b4b3736b68810759,taxonomy_j10,CLASSIFIED_AS,ACCOUNT_TAXONOMY_PHASE5,rel_6ca8f60a5d15bc31
journey_ce0aba324e689d15,taxonomy_j10,CLASSIFIED_AS,ACCOUNT_TAXONOMY_PHASE5,rel_6ce7a7c8fc48f582
journey_06635fddb1dd2148,taxonomy_j09,CLASSIFIED_AS,ACCOUNT_TAXONOMY_PHASE5,rel_6d01d54fc4d85c57
journey_27f7039f34407926,taxonomy_j07,CLASSIFIED_AS,ACCOUNT_TAXONOMY_PHASE5,rel_6d0336818632b148
journey_574ed1ff68e78122,taxonomy_j03,CLASSIFIED_AS,ACCOUNT_TAXONOMY_PHASE5,rel_6d127e76fc6f9cbf
journey_e3746a00b4d4dd6f,taxonomy_j05,CLASSIFIED_AS,ACCOUNT_TAXONOMY_PHASE5,rel_6d14cbd5e7a9e20a
journey_d0c6ead0fdcbce7b,taxonomy_j01,CLASSIFIED_AS,ACCOUNT_TAXONOMY_PHASE5,rel_6d1586624614910e
journey_25af4bdd70db249a,taxonomy_j04,CLASSIFIED_AS,ACCOUNT_TAXONOMY_PHASE5,rel_6d2947ebabc40cf5
journey_88a1ea6aefa5b8a9,taxonomy_j09,CLASSIFIED_AS,ACCOUNT_TAXONOMY_PHASE5,rel_6d2cb0bd49e22221
journey_9553429b0ea382de,taxonomy_j03,CLASSIFIED_AS,ACCOUNT_TAXONOMY_PHASE5,rel_6d3fc17200330452
journey_bd1f79564f521edc,taxonomy_j05,CLASSIFIED_AS,ACCOUNT_TAXONOMY_PHASE5,rel_6d41c710605008f0
journey_8a8baa0375cded26,taxonomy_j07,CLASSIFIED_AS,ACCOUNT_TAXONOMY_PHASE5,rel_6d4e7ded4b82ece9
journey_54fe430493cb9bcd,taxonomy_j03,CLASSIFIED_AS,ACCOUNT_TAXONOMY_PHASE5,rel_6d5bae5808b7130a
journey_294851034f7d46b0,taxonomy_j03,CLASSIFIED_AS,ACCOUNT_TAXONOMY_PHASE5,rel_6d69839a360e7a6c
journey_430c5dfc78021717,taxonomy_j05,CLASSIFIED_AS,ACCOUNT_TAXONOMY_PHASE5,rel_6d75b47e62a8fd36
journey_249da19687b75eb3,taxonomy_j10,CLASSIFIED_AS,ACCOUNT_TAXONOMY_PHASE5,rel_6d7620e889177c72
journey_8e02f113d04f96b1,taxonomy_j05,CLASSIFIED_AS,ACCOUNT_TAXONOMY_PHASE5,rel_6d821cbe2ce5ee18
journey_3c1af402270f63a5,taxonomy_j04,CLASSIFIED_AS,ACCOUNT_TAXONOMY_PHASE5,rel_6da9e84af744eb16
journey_105d8aff328eee83,taxonomy_j10,CLASSIFIED_AS,ACCOUNT_TAXONOMY_PHASE5,rel_6dc283450fe79a6d
journey_e6845f4b44923182,taxonomy_j05,CLASSIFIED_AS,ACCOUNT_TAXONOMY_PHASE5,rel_6dcff29ebeb299d5
journey_04b1b98ccd932b64,taxonomy_j04,CLASSIFIED_AS,ACCOUNT_TAXONOMY_PHASE5,rel_6ddb267175406a54
journey_9e703c1fe54956cc,taxonomy_j10,CLASSIFIED_AS,ACCOUNT_TAXONOMY_PHASE5,rel_6ddce73de2ac1f5e
journey_458239ee7d6e4237,taxonomy_j08,CLASSIFIED_AS,ACCOUNT_TAXONOMY_PHASE5,rel_6de33a911b65119d
journey_727ef30171042777,taxonomy_j01,CLASSIFIED_AS,ACCOUNT_TAXONOMY_PHASE5,rel_6defd93b830187e1
journey_598b5aa3c308d5fc,taxonomy_j04,CLASSIFIED_AS,ACCOUNT_TAXONOMY_PHASE5,rel_6df473cd38d71e51
journey_8d67ff446ef46eef,taxonomy_j04,CLASSIFIED_AS,ACCOUNT_TAXONOMY_PHASE5,rel_6e06c267c06919f8
journey_e206471fde8fe57f,taxonomy_j09,CLASSIFIED_AS,ACCOUNT_TAXONOMY_PHASE5,rel_6e14343bbc117887
journey_3d5f5e23b428a215,taxonomy_j10,CLASSIFIED_AS,ACCOUNT_TAXONOMY_PHASE5,rel_6e227396e1af62e2
journey_ef91717f6ee9e544,taxonomy_j08,CLASSIFIED_AS,ACCOUNT_TAXONOMY_PHASE5,rel_6e2ce200c4366c6c
journey_35f2113fa54977b2,taxonomy_j03,CLASSIFIED_AS,ACCOUNT_TAXONOMY_PHASE5,rel_6e5ae5926a0323d3
journey_1dd76c7d19f287e8,taxonomy_j04,CLASSIFIED_AS,ACCOUNT_TAXONOMY_PHASE5,rel_6e5f478a23f09eb3
journey_f6c5a5872f1bf245,taxonomy_j02,CLASSIFIED_AS,ACCOUNT_TAXONOMY_PHASE5,rel_6e7aa3d4504a6e17
journey_964017efcd167f2b,taxonomy_j01,CLASSIFIED_AS,ACCOUNT_TAXONOMY_PHASE5,rel_6e996e78c7eb39d5
journey_c6483d6ab1509866,taxonomy_j08,CLASSIFIED_AS,ACCOUNT_TAXONOMY_PHASE5,rel_6ea335563c7ad92b
journey_6be3f60861419a0b,taxonomy_j05,CLASSIFIED_AS,ACCOUNT_TAXONOMY_PHASE5,rel_6ec65394697cbe1d
journey_2f5d288d73ad1a13,taxonomy_j09,CLASSIFIED_AS,ACCOUNT_TAXONOMY_PHASE5,rel_6f0956a4ecc149d0
journey_2b2b7c5959bde30b,taxonomy_j03,CLASSIFIED_AS,ACCOUNT_TAXONOMY_PHASE5,rel_6f1e553aff18ee5a
journey_453a4bdc0667facd,taxonomy_j04,CLASSIFIED_AS,ACCOUNT_TAXONOMY_PHASE5,rel_6f3ac163fc2357ca
journey_6bb597dedde33251,taxonomy_j01,CLASSIFIED_AS,ACCOUNT_TAXONOMY_PHASE5,rel_6f535d124cdf137c
journey_01f39b6b07110387,taxonomy_j04,CLASSIFIED_AS,ACCOUNT_TAXONOMY_PHASE5,rel_6f54a372ddbee5c3
journey_ac761a6d6376a5d3,taxonomy_j05,CLASSIFIED_AS,ACCOUNT_TAXONOMY_PHASE5,rel_6f682d9c41b28c35
journey_c36c15218045253c,taxonomy_j04,CLASSIFIED_AS,ACCOUNT_TAXONOMY_PHASE5,rel_6f7668783f760614
journey_7826ba0033e5e5c0,taxonomy_j09,CLASSIFIED_AS,ACCOUNT_TAXONOMY_PHASE5,rel_6f9fc6598630c69e
journey_81d9fb2092c9e051,taxonomy_j09,CLASSIFIED_AS,ACCOUNT_TAXONOMY_PHASE5,rel_6fa3407779dd47dd
journey_65e1c5c2ca6aaa3f,taxonomy_j04,CLASSIFIED_AS,ACCOUNT_TAXONOMY_PHASE5,rel_6fb332920b2e3881
journey_7a4f0640869f101b,taxonomy_j05,CLASSIFIED_AS,ACCOUNT_TAXONOMY_PHASE5,rel_6fc2f9763d72e86e
journey_376bbade50e66042,taxonomy_j05,CLASSIFIED_AS,ACCOUNT_TAXONOMY_PHASE5,rel_6feba793d107c8dc
journey_613320c66893cb16,taxonomy_j03,CLASSIFIED_AS,ACCOUNT_TAXONOMY_PHASE5,rel_6fecaf6f645ab46a
journey_7f75ac2cc5559096,taxonomy_j01,CLASSIFIED_AS,ACCOUNT_TAXONOMY_PHASE5,rel_700b1be2967215b8
journey_0d9e89219b70bafa,taxonomy_j01,CLASSIFIED_AS,ACCOUNT_TAXONOMY_PHASE5,rel_70165b81df90b60b
journey_43f7906f179e9b55,taxonomy_j01,CLASSIFIED_AS,ACCOUNT_TAXONOMY_PHASE5,rel_702b7492f306f22c
journey_23d828d08f83a0e8,taxonomy_j09,CLASSIFIED_AS,ACCOUNT_TAXONOMY_PHASE5,rel_703addd98fa4c22d
journey_17eb1cb9c6e54e22,taxonomy_j04,CLASSIFIED_AS,ACCOUNT_TAXONOMY_PHASE5,rel_70447d0f3a06e8a7
journey_a7b1c1d5624fbc09,taxonomy_j04,CLASSIFIED_AS,ACCOUNT_TAXONOMY_PHASE5,rel_7048735d3fe773af
journey_2eea01898404c2c6,taxonomy_j09,CLASSIFIED_AS,ACCOUNT_TAXONOMY_PHASE5,rel_7059666b98a60445
journey_34c691c64e8ca0bf,taxonomy_j05,CLASSIFIED_AS,ACCOUNT_TAXONOMY_PHASE5,rel_709bd870dffab68c
journey_5662822be68c6d54,taxonomy_j01,CLASSIFIED_AS,ACCOUNT_TAXONOMY_PHASE5,rel_70c08611c1391b3a
journey_17b90542afdc8cbf,taxonomy_j04,CLASSIFIED_AS,ACCOUNT_TAXONOMY_PHASE5,rel_70ca1b79e2122c9e
journey_24736b980f1df941,taxonomy_j08,CLASSIFIED_AS,ACCOUNT_TAXONOMY_PHASE5,rel_70e3d0f37fd84286
journey_9ed98349c3eab8a4,taxonomy_j05,CLASSIFIED_AS,ACCOUNT_TAXONOMY_PHASE5,rel_70e8ba78a11f33d5
journey_21fa90789812bed2,taxonomy_j04,CLASSIFIED_AS,ACCOUNT_TAXONOMY_PHASE5,rel_70ee619d353dfa8a
journey_b8bbe9da8dab9bb1,taxonomy_j04,CLASSIFIED_AS,ACCOUNT_TAXONOMY_PHASE5,rel_71114620b776de18
journey_bea832216e8a9330,taxonomy_j08,CLASSIFIED_AS,ACCOUNT_TAXONOMY_PHASE5,rel_7117507dd2ce3b69
journey_65d7a00f281e3b96,taxonomy_j10,CLASSIFIED_AS,ACCOUNT_TAXONOMY_PHASE5,rel_712adc1d65390b53
journey_5e3267a352da1f7b,taxonomy_j08,CLASSIFIED_AS,ACCOUNT_TAXONOMY_PHASE5,rel_714c3e41b00c66f5
journey_5356086fb3598e78,taxonomy_j04,CLASSIFIED_AS,ACCOUNT_TAXONOMY_PHASE5,rel_714db16adfc072bd
journey_2253f478b44b59eb,taxonomy_j01,CLASSIFIED_AS,ACCOUNT_TAXONOMY_PHASE5,rel_7168b1505fe3fc27
journey_f35cae4367a08bdf,taxonomy_j05,CLASSIFIED_AS,ACCOUNT_TAXONOMY_PHASE5,rel_718605dd8577bae9
journey_23260c3e88d8d879,taxonomy_j01,CLASSIFIED_AS,ACCOUNT_TAXONOMY_PHASE5,rel_71894722d1c05d86
journey_dd4432df1b76176e,taxonomy_j09,CLASSIFIED_AS,ACCOUNT_TAXONOMY_PHASE5,rel_719f16545806547b
journey_ea31b93bb372f5e3,taxonomy_j01,CLASSIFIED_AS,ACCOUNT_TAXONOMY_PHASE5,rel_71a8870777cf7446
journey_ad9fe1ec1df1142f,taxonomy_j02,CLASSIFIED_AS,ACCOUNT_TAXONOMY_PHASE5,rel_71afbf16b14d9ec1
journey_6aca1d5bf63b5ac5,taxonomy_j04,CLASSIFIED_AS,ACCOUNT_TAXONOMY_PHASE5,rel_71bcaf26aef34d20
journey_e1df4292121d5098,taxonomy_j08,CLASSIFIED_AS,ACCOUNT_TAXONOMY_PHASE5,rel_71ceaa4b1a2b3f34
journey_23533583803c488e,taxonomy_j05,CLASSIFIED_AS,ACCOUNT_TAXONOMY_PHASE5,rel_71d35bf2791aeadf
journey_870346334a793077,taxonomy_j08,CLASSIFIED_AS,ACCOUNT_TAXONOMY_PHASE5,rel_71d378011011a679
journey_13486fb352e858eb,taxonomy_j01,CLASSIFIED_AS,ACCOUNT_TAXONOMY_PHASE5,rel_71e86800cbd85ad6
journey_cdf2c092af0ca903,taxonomy_j05,CLASSIFIED_AS,ACCOUNT_TAXONOMY_PHASE5,rel_71e95baeb1bce25d
journey_e4fa8b03840400d2,taxonomy_j04,CLASSIFIED_AS,ACCOUNT_TAXONOMY_PHASE5,rel_71ed5861375d7941
journey_781b8cd6558b5807,taxonomy_j05,CLASSIFIED_AS,ACCOUNT_TAXONOMY_PHASE5,rel_7200b96931081c9d
journey_6e1bdad35f6917aa,taxonomy_j04,CLASSIFIED_AS,ACCOUNT_TAXONOMY_PHASE5,rel_720b0763aeb18681
journey_b5d0e376d817e39b,taxonomy_j05,CLASSIFIED_AS,ACCOUNT_TAXONOMY_PHASE5,rel_720ccbbbd18ed2e1
journey_4ba55f7a99c8db70,taxonomy_j05,CLASSIFIED_AS,ACCOUNT_TAXONOMY_PHASE5,rel_72133d83424d3183
journey_0e3c5923c6ef82f8,taxonomy_j05,CLASSIFIED_AS,ACCOUNT_TAXONOMY_PHASE5,rel_72237a0733ee3ae6
journey_03e458ba2b6d0c00,taxonomy_j04,CLASSIFIED_AS,ACCOUNT_TAXONOMY_PHASE5,rel_7234d6a49437fd1f
journey_820be1c9f74220de,taxonomy_j10,CLASSIFIED_AS,ACCOUNT_TAXONOMY_PHASE5,rel_72402855f864f5c6
journey_4beccba6f4e602ae,taxonomy_j08,CLASSIFIED_AS,ACCOUNT_TAXONOMY_PHASE5,rel_7254daf652b45d6e
journey_28bfb99a5cda2405,taxonomy_j08,CLASSIFIED_AS,ACCOUNT_TAXONOMY_PHASE5,rel_725c1865656286d5
journey_6b37637225398361,taxonomy_j04,CLASSIFIED_AS,ACCOUNT_TAXONOMY_PHASE5,rel_725dcd5fe9eda64e
journey_e5e88c75e234eb28,taxonomy_j04,CLASSIFIED_AS,ACCOUNT_TAXONOMY_PHASE5,rel_7278e5af5d65e93b
journey_9f5a63c620a74ba9,taxonomy_j05,CLASSIFIED_AS,ACCOUNT_TAXONOMY_PHASE5,rel_7294de71563dc0de
journey_a53bd6f8a5e7ccf4,taxonomy_j08,CLASSIFIED_AS,ACCOUNT_TAXONOMY_PHASE5,rel_72b61739a317389e
journey_c1ba23591d464217,taxonomy_j04,CLASSIFIED_AS,ACCOUNT_TAXONOMY_PHASE5,rel_72b86d522629d4d7
journey_38b603f9c2c97723,taxonomy_j04,CLASSIFIED_AS,ACCOUNT_TAXONOMY_PHASE5,rel_72ba86d6edcd5155
journey_7be8bd465dc02d8f,taxonomy_j01,CLASSIFIED_AS,ACCOUNT_TAXONOMY_PHASE5,rel_72dd017b292235f8
journey_ce9f160d81f2dc0e,taxonomy_j05,CLASSIFIED_AS,ACCOUNT_TAXONOMY_PHASE5,rel_72e6beb5126ba65c
journey_7e2bdc06d22cdf6e,taxonomy_j09,CLASSIFIED_AS,ACCOUNT_TAXONOMY_PHASE5,rel_72f194281985db9c
journey_b7c25db45a752903,taxonomy_j08,CLASSIFIED_AS,ACCOUNT_TAXONOMY_PHASE5,rel_73091684cf40487e
journey_c7824c3fec6c48e8,taxonomy_j04,CLASSIFIED_AS,ACCOUNT_TAXONOMY_PHASE5,rel_730f57713b033635
journey_25fb75b3d82a9ddc,taxonomy_j02,CLASSIFIED_AS,ACCOUNT_TAXONOMY_PHASE5,rel_731756bc81c4d0b4
journey_031a7455db84745e,taxonomy_j09,CLASSIFIED_AS,ACCOUNT_TAXONOMY_PHASE5,rel_731771b59eed0e50
journey_c32693adcac4be90,taxonomy_j09,CLASSIFIED_AS,ACCOUNT_TAXONOMY_PHASE5,rel_731b3fdd81bbac9a
journey_23126c1f7008a1d3,taxonomy_j08,CLASSIFIED_AS,ACCOUNT_TAXONOMY_PHASE5,rel_7334e1d1262337c2
journey_0c7cee7dbfc30893,taxonomy_j05,CLASSIFIED_AS,ACCOUNT_TAXONOMY_PHASE5,rel_733f9af35b2e64af
journey_bea37a8c262621a5,taxonomy_j09,CLASSIFIED_AS,ACCOUNT_TAXONOMY_PHASE5,rel_73431e6cd8649760
journey_ea063e4c346dd99e,taxonomy_j04,CLASSIFIED_AS,ACCOUNT_TAXONOMY_PHASE5,rel_734dc63c4a795faa
journey_20704d9b898080d0,taxonomy_j08,CLASSIFIED_AS,ACCOUNT_TAXONOMY_PHASE5,rel_7354e9367cefd531
journey_05765f79c7ee5bd8,taxonomy_j03,CLASSIFIED_AS,ACCOUNT_TAXONOMY_PHASE5,rel_73604c445c62f727
journey_52427e8f4f456800,taxonomy_j05,CLASSIFIED_AS,ACCOUNT_TAXONOMY_PHASE5,rel_7364b50de582461a
journey_c0854f22be2ab562,taxonomy_j04,CLASSIFIED_AS,ACCOUNT_TAXONOMY_PHASE5,rel_73816ebe7c3affb6
journey_70961bd0e64e5405,taxonomy_j05,CLASSIFIED_AS,ACCOUNT_TAXONOMY_PHASE5,rel_73b25fbd13cf665d
journey_96f79f59e316269b,taxonomy_j08,CLASSIFIED_AS,ACCOUNT_TAXONOMY_PHASE5,rel_73c01b6381a3f04f
journey_8fb4d4774488d1ca,taxonomy_j09,CLASSIFIED_AS,ACCOUNT_TAXONOMY_PHASE5,rel_73c1d57b726e7d30
journey_e5fff066e8d7391e,taxonomy_j02,CLASSIFIED_AS,ACCOUNT_TAXONOMY_PHASE5,rel_73c6c64fa3a62443
journey_65ccd5d13c2c433e,taxonomy_j05,CLASSIFIED_AS,ACCOUNT_TAXONOMY_PHASE5,rel_73c8cf51dd6edec8
journey_4ea0d39c482b3a78,taxonomy_j10,CLASSIFIED_AS,ACCOUNT_TAXONOMY_PHASE5,rel_73cc8b6a2169c4ce
journey_ab30441491e45a54,taxonomy_j01,CLASSIFIED_AS,ACCOUNT_TAXONOMY_PHASE5,rel_73e24d08e92d9a98
journey_541898d9bd2ded9e,taxonomy_j08,CLASSIFIED_AS,ACCOUNT_TAXONOMY_PHASE5,rel_73f21ab6307c2e2c
journey_64c5bf59c571bcdf,taxonomy_j01,CLASSIFIED_AS,ACCOUNT_TAXONOMY_PHASE5,rel_73f6a906e173d5a1
journey_46f06d48c18e05cc,taxonomy_j03,CLASSIFIED_AS,ACCOUNT_TAXONOMY_PHASE5,rel_73f7dfebe3e1975d
journey_443e0a13be163335,taxonomy_j06,CLASSIFIED_AS,ACCOUNT_TAXONOMY_PHASE5,rel_74216b0c74ee40a5
journey_d9a21e91eb8a43a2,taxonomy_j09,CLASSIFIED_AS,ACCOUNT_TAXONOMY_PHASE5,rel_7421c47e51e3e463
journey_fc9cb44aeab43f6f,taxonomy_j07,CLASSIFIED_AS,ACCOUNT_TAXONOMY_PHASE5,rel_74385d502dba529f
journey_a55a5f6e1e97d784,taxonomy_j10,CLASSIFIED_AS,ACCOUNT_TAXONOMY_PHASE5,rel_74491c35fdd166f5
journey_a7ddbad5bf07e3b8,taxonomy_j08,CLASSIFIED_AS,ACCOUNT_TAXONOMY_PHASE5,rel_7451c7e538902120
journey_3d3c9c74f6379c77,taxonomy_j08,CLASSIFIED_AS,ACCOUNT_TAXONOMY_PHASE5,rel_7451efdde2fe295c
journey_92fea552df7a2a70,taxonomy_j04,CLASSIFIED_AS,ACCOUNT_TAXONOMY_PHASE5,rel_7458d217b651a41b
journey_9dd14fa2c65750b7,taxonomy_j04,CLASSIFIED_AS,ACCOUNT_TAXONOMY_PHASE5,rel_7459dddf4a07cef9
journey_e14051a8e40d08d2,taxonomy_j08,CLASSIFIED_AS,ACCOUNT_TAXONOMY_PHASE5,rel_749bbbbf52185720
journey_76a69988d73546e7,taxonomy_j05,CLASSIFIED_AS,ACCOUNT_TAXONOMY_PHASE5,rel_74b52a8a36d458b0
journey_6e8204720ad191b6,taxonomy_j05,CLASSIFIED_AS,ACCOUNT_TAXONOMY_PHASE5,rel_74b5f05ede5fd139
journey_cfcc064769879e4c,taxonomy_j10,CLASSIFIED_AS,ACCOUNT_TAXONOMY_PHASE5,rel_74bf9b67bb78ce69
journey_b612cf63a7d5130c,taxonomy_j03,CLASSIFIED_AS,ACCOUNT_TAXONOMY_PHASE5,rel_74cd29aca61c8b8f
journey_b3b7e039cdfcc9bc,taxonomy_j01,CLASSIFIED_AS,ACCOUNT_TAXONOMY_PHASE5,rel_74d86ba43ed6c88c
journey_cb0929cefe08d1b1,taxonomy_j09,CLASSIFIED_AS,ACCOUNT_TAXONOMY_PHASE5,rel_74e06b8e0bbddea8
journey_05a111b1bd1b4b9c,taxonomy_j09,CLASSIFIED_AS,ACCOUNT_TAXONOMY_PHASE5,rel_74e4dcc3596203fd
journey_0f709eef723c2216,taxonomy_j05,CLASSIFIED_AS,ACCOUNT_TAXONOMY_PHASE5,rel_74e7dd518b986b7f
journey_578ddd05f2ef5def,taxonomy_j01,CLASSIFIED_AS,ACCOUNT_TAXONOMY_PHASE5,rel_74eb1f89be748b17
journey_d90f144f5bb1b736,taxonomy_j08,CLASSIFIED_AS,ACCOUNT_TAXONOMY_PHASE5,rel_74edc287b0058ddd
journey_979c6d264a8c02d5,taxonomy_j09,CLASSIFIED_AS,ACCOUNT_TAXONOMY_PHASE5,rel_7520e2df66123022
journey_e7d48cc6eca57197,taxonomy_j03,CLASSIFIED_AS,ACCOUNT_TAXONOMY_PHASE5,rel_7523ed0a039ceba1
journey_acff5335b2d45061,taxonomy_j01,CLASSIFIED_AS,ACCOUNT_TAXONOMY_PHASE5,rel_7538ff7a2a344d32
journey_7976291f2cac0cf1,taxonomy_j03,CLASSIFIED_AS,ACCOUNT_TAXONOMY_PHASE5,rel_75535847eb14a25f
journey_215cd5ad6a61506d,taxonomy_j05,CLASSIFIED_AS,ACCOUNT_TAXONOMY_PHASE5,rel_7569fddc83baf0b4
journey_4d4abcf51abbc3ae,taxonomy_j03,CLASSIFIED_AS,ACCOUNT_TAXONOMY_PHASE5,rel_7571368bfc33f6f8
journey_1726f830fa8b3c41,taxonomy_j09,CLASSIFIED_AS,ACCOUNT_TAXONOMY_PHASE5,rel_7580914a78124525
journey_3efc39146a6977e8,taxonomy_j05,CLASSIFIED_AS,ACCOUNT_TAXONOMY_PHASE5,rel_7583a5264ce907ac
journey_aac1604c1f9f7ba5,taxonomy_j05,CLASSIFIED_AS,ACCOUNT_TAXONOMY_PHASE5,rel_75a72d04588e0f4e
journey_c00589cedd2069a0,taxonomy_j10,CLASSIFIED_AS,ACCOUNT_TAXONOMY_PHASE5,rel_75b51d388da484bf
journey_04d0affdba96611a,taxonomy_j08,CLASSIFIED_AS,ACCOUNT_TAXONOMY_PHASE5,rel_75c6c73399b9b758
journey_a4eea58af05c2c0e,taxonomy_j05,CLASSIFIED_AS,ACCOUNT_TAXONOMY_PHASE5,rel_75dd62633f8dbd88
journey_30b5979697bf334f,taxonomy_j08,CLASSIFIED_AS,ACCOUNT_TAXONOMY_PHASE5,rel_75f1a6634deb334c
journey_f48265451db77019,taxonomy_j04,CLASSIFIED_AS,ACCOUNT_TAXONOMY_PHASE5,rel_75f5c53ee4c52da9
journey_c18b2cf6d48634f9,taxonomy_j05,CLASSIFIED_AS,ACCOUNT_TAXONOMY_PHASE5,rel_75ff7210e51f1037
journey_38b83aae38d835ce,taxonomy_j09,CLASSIFIED_AS,ACCOUNT_TAXONOMY_PHASE5,rel_761b681e087ebb4f
journey_43ffbdf056b97e81,taxonomy_j08,CLASSIFIED_AS,ACCOUNT_TAXONOMY_PHASE5,rel_7620469d5be2da81
journey_193b736ca1a955f7,taxonomy_j04,CLASSIFIED_AS,ACCOUNT_TAXONOMY_PHASE5,rel_7624cab735ba519c
journey_953843ec7fd050ce,taxonomy_j08,CLASSIFIED_AS,ACCOUNT_TAXONOMY_PHASE5,rel_76282e9c2eebbadd
journey_d8c092f305151620,taxonomy_j04,CLASSIFIED_AS,ACCOUNT_TAXONOMY_PHASE5,rel_762958ed9644e74a
journey_d4f7e5706f2b19c8,taxonomy_j05,CLASSIFIED_AS,ACCOUNT_TAXONOMY_PHASE5,rel_762d6d6c629dc83e
journey_579bbff15226a90d,taxonomy_j04,CLASSIFIED_AS,ACCOUNT_TAXONOMY_PHASE5,rel_766aef565ca916af
journey_e9ed002870d84d47,taxonomy_j07,CLASSIFIED_AS,ACCOUNT_TAXONOMY_PHASE5,rel_766c6b06bd30c18a
journey_0a9c365a85275b53,taxonomy_j04,CLASSIFIED_AS,ACCOUNT_TAXONOMY_PHASE5,rel_7688180d951fff3b
journey_72152d2b37e31c17,taxonomy_j04,CLASSIFIED_AS,ACCOUNT_TAXONOMY_PHASE5,rel_768b45ea5434c622
journey_e0cf4680f44c7796,taxonomy_j04,CLASSIFIED_AS,ACCOUNT_TAXONOMY_PHASE5,rel_7694d4379dffe09c
journey_6604451898810956,taxonomy_j05,CLASSIFIED_AS,ACCOUNT_TAXONOMY_PHASE5,rel_76c26d70772300bf
journey_3b7d6db38aacc044,taxonomy_j09,CLASSIFIED_AS,ACCOUNT_TAXONOMY_PHASE5,rel_76cc21bf96688736
journey_c85bb3519a7c76e7,taxonomy_j04,CLASSIFIED_AS,ACCOUNT_TAXONOMY_PHASE5,rel_76ceecd1f629b06e
journey_29a3fd332cf39216,taxonomy_j09,CLASSIFIED_AS,ACCOUNT_TAXONOMY_PHASE5,rel_76e5ef597c5fb366
journey_c286bd6a32c6b05b,taxonomy_j05,CLASSIFIED_AS,ACCOUNT_TAXONOMY_PHASE5,rel_76ea40c28c37e4eb
journey_6ecf637411a3b84b,taxonomy_j05,CLASSIFIED_AS,ACCOUNT_TAXONOMY_PHASE5,rel_76fec099402a85e7
journey_59051297dfcb09d7,taxonomy_j05,CLASSIFIED_AS,ACCOUNT_TAXONOMY_PHASE5,rel_7723c222501892eb
journey_c0efc2d1b59aae46,taxonomy_j04,CLASSIFIED_AS,ACCOUNT_TAXONOMY_PHASE5,rel_773dd7ee678d862f
journey_1d603a7bbfc27e84,taxonomy_j05,CLASSIFIED_AS,ACCOUNT_TAXONOMY_PHASE5,rel_774ba38457bca80e
journey_7796a8108c12f08a,taxonomy_j08,CLASSIFIED_AS,ACCOUNT_TAXONOMY_PHASE5,rel_777d80bfbf66d0f9
journey_c19b9030ead5c87f,taxonomy_j04,CLASSIFIED_AS,ACCOUNT_TAXONOMY_PHASE5,rel_77a4ac4250bcc1e0
journey_ac960bd5ac670593,taxonomy_j10,CLASSIFIED_AS,ACCOUNT_TAXONOMY_PHASE5,rel_77a8ceaa11e5d34b
journey_54fe81b20c6fb7d4,taxonomy_j04,CLASSIFIED_AS,ACCOUNT_TAXONOMY_PHASE5,rel_77d31fac35c0bfd8
journey_6c787ac5f9dd198f,taxonomy_j05,CLASSIFIED_AS,ACCOUNT_TAXONOMY_PHASE5,rel_77d4a2599a939268
journey_e319fc1eb56572eb,taxonomy_j01,CLASSIFIED_AS,ACCOUNT_TAXONOMY_PHASE5,rel_77ef27f2c731a57b
journey_170698f06e0e4525,taxonomy_j05,CLASSIFIED_AS,ACCOUNT_TAXONOMY_PHASE5,rel_785e36cf99c40df0
journey_a2f10687cebcf15e,taxonomy_j08,CLASSIFIED_AS,ACCOUNT_TAXONOMY_PHASE5,rel_786c6f9bd9721908
journey_2150c7406294a5dc,taxonomy_j09,CLASSIFIED_AS,ACCOUNT_TAXONOMY_PHASE5,rel_787ddc00030db1e5
journey_7b9330230c0972db,taxonomy_j08,CLASSIFIED_AS,ACCOUNT_TAXONOMY_PHASE5,rel_788c0a19b4336fe2
journey_09f65329edb82ae6,taxonomy_j01,CLASSIFIED_AS,ACCOUNT_TAXONOMY_PHASE5,rel_78955a8f9988b5bd
journey_2bfcd953de738942,taxonomy_j04,CLASSIFIED_AS,ACCOUNT_TAXONOMY_PHASE5,rel_789b2dffd0f250e2
journey_d53d6f59a747b3a3,taxonomy_j05,CLASSIFIED_AS,ACCOUNT_TAXONOMY_PHASE5,rel_78bdcf4e33d13f57
journey_a63ebe3105da8f40,taxonomy_j09,CLASSIFIED_AS,ACCOUNT_TAXONOMY_PHASE5,rel_78cb7d4be0c2c76b
journey_4e1429ad03a93b2c,taxonomy_j01,CLASSIFIED_AS,ACCOUNT_TAXONOMY_PHASE5,rel_78cd258e657e8b8c
journey_aecc7936a44e6c95,taxonomy_j07,CLASSIFIED_AS,ACCOUNT_TAXONOMY_PHASE5,rel_78dbc227766d41e3
journey_f458e647b80f0db9,taxonomy_j04,CLASSIFIED_AS,ACCOUNT_TAXONOMY_PHASE5,rel_7904d7c2f0b23eb0
journey_ebf3e3badf3dd0c1,taxonomy_j04,CLASSIFIED_AS,ACCOUNT_TAXONOMY_PHASE5,rel_790922e1ce78bec2
journey_56899e3bc65c407d,taxonomy_j10,CLASSIFIED_AS,ACCOUNT_TAXONOMY_PHASE5,rel_7910b30d9722d6c2
journey_d83e5732a5034153,taxonomy_j08,CLASSIFIED_AS,ACCOUNT_TAXONOMY_PHASE5,rel_7918069412ec9cce
journey_0eafe9905ccd0c40,taxonomy_j08,CLASSIFIED_AS,ACCOUNT_TAXONOMY_PHASE5,rel_791af4068e7d077c
journey_a2c0da28a58d6075,taxonomy_j08,CLASSIFIED_AS,ACCOUNT_TAXONOMY_PHASE5,rel_792d1059d0054f31
journey_72ec0153f40853c6,taxonomy_j09,CLASSIFIED_AS,ACCOUNT_TAXONOMY_PHASE5,rel_793aeb915c499a95
journey_96ce49a518af3d81,taxonomy_j04,CLASSIFIED_AS,ACCOUNT_TAXONOMY_PHASE5,rel_7946a9f1fd180c5e
journey_c9a7010eca844123,taxonomy_j04,CLASSIFIED_AS,ACCOUNT_TAXONOMY_PHASE5,rel_795043242559c6d1
journey_b36131d588ac8cd4,taxonomy_j08,CLASSIFIED_AS,ACCOUNT_TAXONOMY_PHASE5,rel_795fb212f6c1b7df
journey_4ee5b851bce7f6af,taxonomy_j01,CLASSIFIED_AS,ACCOUNT_TAXONOMY_PHASE5,rel_7971715cc82c62e8
journey_120fc4c7aeef507b,taxonomy_j10,CLASSIFIED_AS,ACCOUNT_TAXONOMY_PHASE5,rel_798912373978ef8c
journey_3581f41221ed0a55,taxonomy_j03,CLASSIFIED_AS,ACCOUNT_TAXONOMY_PHASE5,rel_79b184f15feef0de
journey_e48e84605c57f691,taxonomy_j05,CLASSIFIED_AS,ACCOUNT_TAXONOMY_PHASE5,rel_79c3ec42a43545a1
journey_9b242d9408add2ae,taxonomy_j08,CLASSIFIED_AS,ACCOUNT_TAXONOMY_PHASE5,rel_79dd7e9f13088cb0
journey_67efd360abec3a7f,taxonomy_j05,CLASSIFIED_AS,ACCOUNT_TAXONOMY_PHASE5,rel_79f5f9d207c7efc2
journey_3a7513ae771c4d8a,taxonomy_j10,CLASSIFIED_AS,ACCOUNT_TAXONOMY_PHASE5,rel_7a0a95790de49928
journey_faf69be007461dda,taxonomy_j05,CLASSIFIED_AS,ACCOUNT_TAXONOMY_PHASE5,rel_7a15760b0185e3b0
journey_e9656dc6319e3075,taxonomy_j01,CLASSIFIED_AS,ACCOUNT_TAXONOMY_PHASE5,rel_7a2e6f34c7e1d848
journey_9079a69b1c0d5cd5,taxonomy_j04,CLASSIFIED_AS,ACCOUNT_TAXONOMY_PHASE5,rel_7a3f2e01cdfdc478
journey_f019e1770e479e10,taxonomy_j04,CLASSIFIED_AS,ACCOUNT_TAXONOMY_PHASE5,rel_7a63b52e95757165
journey_3501a33d2d268394,taxonomy_j09,CLASSIFIED_AS,ACCOUNT_TAXONOMY_PHASE5,rel_7a80c855fcab3cfb
journey_035eafa35c9d5ed0,taxonomy_j04,CLASSIFIED_AS,ACCOUNT_TAXONOMY_PHASE5,rel_7a821447d7b4454a
journey_4d508226ccbfce46,taxonomy_j09,CLASSIFIED_AS,ACCOUNT_TAXONOMY_PHASE5,rel_7a8eacc5a9c82caa
journey_f16abb992173625a,taxonomy_j04,CLASSIFIED_AS,ACCOUNT_TAXONOMY_PHASE5,rel_7a994758fd2b3198
journey_1196d95ef5038039,taxonomy_j02,CLASSIFIED_AS,ACCOUNT_TAXONOMY_PHASE5,rel_7a9b328ea33a6d84
journey_cbd6f5b337e8feec,taxonomy_j04,CLASSIFIED_AS,ACCOUNT_TAXONOMY_PHASE5,rel_7a9d7491869be873
journey_cb687d71435e0ef0,taxonomy_j01,CLASSIFIED_AS,ACCOUNT_TAXONOMY_PHASE5,rel_7acafbbcbbb5f64b
journey_b295fdde4fc5623f,taxonomy_j01,CLASSIFIED_AS,ACCOUNT_TAXONOMY_PHASE5,rel_7ad359b5b1863375
journey_89160e12663fa408,taxonomy_j05,CLASSIFIED_AS,ACCOUNT_TAXONOMY_PHASE5,rel_7ad5841b0c195fd5
journey_6a92811414f675e4,taxonomy_j09,CLASSIFIED_AS,ACCOUNT_TAXONOMY_PHASE5,rel_7af7b2048275b3e7
journey_79e987055b355b98,taxonomy_j05,CLASSIFIED_AS,ACCOUNT_TAXONOMY_PHASE5,rel_7aff93a09179508d
journey_3c14d5bdb0d01213,taxonomy_j04,CLASSIFIED_AS,ACCOUNT_TAXONOMY_PHASE5,rel_7b03490c7e898bfc
journey_044de4c0361f201f,taxonomy_j08,CLASSIFIED_AS,ACCOUNT_TAXONOMY_PHASE5,rel_7b03acba6a566b58
journey_635faf69f1f38388,taxonomy_j10,CLASSIFIED_AS,ACCOUNT_TAXONOMY_PHASE5,rel_7b0925e712e76be1
journey_03f63a8fd4e5f4b3,taxonomy_j01,CLASSIFIED_AS,ACCOUNT_TAXONOMY_PHASE5,rel_7b0c49b4b2105a06
journey_319c4eb9168a9ee9,taxonomy_j05,CLASSIFIED_AS,ACCOUNT_TAXONOMY_PHASE5,rel_7b0d5160c7b4a75b
journey_d62c3f90491bf088,taxonomy_j08,CLASSIFIED_AS,ACCOUNT_TAXONOMY_PHASE5,rel_7b0f6cd347d30c55
journey_500a84e93f970300,taxonomy_j04,CLASSIFIED_AS,ACCOUNT_TAXONOMY_PHASE5,rel_7b13c31696360c65
journey_910f189b3073640d,taxonomy_j01,CLASSIFIED_AS,ACCOUNT_TAXONOMY_PHASE5,rel_7b143f94866bd6b3
journey_592bebe697bb4bae,taxonomy_j08,CLASSIFIED_AS,ACCOUNT_TAXONOMY_PHASE5,rel_7b1abba7d1d89461
journey_2d66733ed3e99777,taxonomy_j08,CLASSIFIED_AS,ACCOUNT_TAXONOMY_PHASE5,rel_7b6789050d592248
journey_0fe7b50026c10c15,taxonomy_j04,CLASSIFIED_AS,ACCOUNT_TAXONOMY_PHASE5,rel_7b771a986f7aeebc
journey_8f49f756dafb624a,taxonomy_j09,CLASSIFIED_AS,ACCOUNT_TAXONOMY_PHASE5,rel_7bab0399276c9b1b
journey_c92bdcfa1fa8199b,taxonomy_j05,CLASSIFIED_AS,ACCOUNT_TAXONOMY_PHASE5,rel_7bc59fc04afd7c95
journey_b2014dd13450d45b,taxonomy_j05,CLASSIFIED_AS,ACCOUNT_TAXONOMY_PHASE5,rel_7bde0b56ff30cd2e
journey_eef5cea81960ed2d,taxonomy_j08,CLASSIFIED_AS,ACCOUNT_TAXONOMY_PHASE5,rel_7be35a77d0c145d1
journey_d92b5b034cf7a805,taxonomy_j04,CLASSIFIED_AS,ACCOUNT_TAXONOMY_PHASE5,rel_7bf5d217e54029f2
journey_8f898f1c7aaba2a5,taxonomy_j04,CLASSIFIED_AS,ACCOUNT_TAXONOMY_PHASE5,rel_7c10eefd7afee7b0
journey_98d984f6e784d3c5,taxonomy_j04,CLASSIFIED_AS,ACCOUNT_TAXONOMY_PHASE5,rel_7c1d5bba2b26b579
journey_b04db482e7570817,taxonomy_j04,CLASSIFIED_AS,ACCOUNT_TAXONOMY_PHASE5,rel_7c26810d29de3b55
journey_b2c6bce21f2c47b5,taxonomy_j09,CLASSIFIED_AS,ACCOUNT_TAXONOMY_PHASE5,rel_7c2aeb157ca86bab
journey_022b66dce02052b0,taxonomy_j08,CLASSIFIED_AS,ACCOUNT_TAXONOMY_PHASE5,rel_7c3fa214deb06062
journey_e4f0b96bb4b14303,taxonomy_j04,CLASSIFIED_AS,ACCOUNT_TAXONOMY_PHASE5,rel_7c60c48588e5dc1c
journey_77b98ee9315ad544,taxonomy_j04,CLASSIFIED_AS,ACCOUNT_TAXONOMY_PHASE5,rel_7c62d2d6cda7fa89
journey_85de30635ea41bf1,taxonomy_j03,CLASSIFIED_AS,ACCOUNT_TAXONOMY_PHASE5,rel_7c6fd0e770ff7213
journey_7fb315aad286ff70,taxonomy_j01,CLASSIFIED_AS,ACCOUNT_TAXONOMY_PHASE5,rel_7c7435117824c030
journey_9f29e05b1ac063ac,taxonomy_j10,CLASSIFIED_AS,ACCOUNT_TAXONOMY_PHASE5,rel_7c75c941814b451c
journey_7150641138fb431a,taxonomy_j05,CLASSIFIED_AS,ACCOUNT_TAXONOMY_PHASE5,rel_7c7707814133fd22
journey_55853f2872cbe545,taxonomy_j09,CLASSIFIED_AS,ACCOUNT_TAXONOMY_PHASE5,rel_7c807f2c32a7ed14
journey_4f7dfa3aa092be0f,taxonomy_j08,CLASSIFIED_AS,ACCOUNT_TAXONOMY_PHASE5,rel_7c8b444e6870064d
journey_05ff06973ad8c20a,taxonomy_j03,CLASSIFIED_AS,ACCOUNT_TAXONOMY_PHASE5,rel_7cacb495a079f863
journey_9c58448a00c65ed0,taxonomy_j05,CLASSIFIED_AS,ACCOUNT_TAXONOMY_PHASE5,rel_7cb1fe865135ef3b
journey_d96471bc49e0b1f8,taxonomy_j05,CLASSIFIED_AS,ACCOUNT_TAXONOMY_PHASE5,rel_7cc84845f57acc63
journey_00e84d6047546261,taxonomy_j05,CLASSIFIED_AS,ACCOUNT_TAXONOMY_PHASE5,rel_7cd289aa0ce4b08b
journey_69ea2a50924e3c7b,taxonomy_j07,CLASSIFIED_AS,ACCOUNT_TAXONOMY_PHASE5,rel_7cd31f31e5943e93
journey_8c6bd0c7b7980418,taxonomy_j01,CLASSIFIED_AS,ACCOUNT_TAXONOMY_PHASE5,rel_7ce6d96c15450e12
journey_27bb0ff9fc4666d4,taxonomy_j04,CLASSIFIED_AS,ACCOUNT_TAXONOMY_PHASE5,rel_7ce8f6266aa5786f
journey_a6fcf4ca1efe0a0e,taxonomy_j04,CLASSIFIED_AS,ACCOUNT_TAXONOMY_PHASE5,rel_7d0104a9414e9f86
journey_e2c83dab581fd739,taxonomy_j08,CLASSIFIED_AS,ACCOUNT_TAXONOMY_PHASE5,rel_7d016007edb2713f
journey_1448f9dec60a82e6,taxonomy_j04,CLASSIFIED_AS,ACCOUNT_TAXONOMY_PHASE5,rel_7d1e50ff45b43117
journey_4d5c42ccfd009c61,taxonomy_j09,CLASSIFIED_AS,ACCOUNT_TAXONOMY_PHASE5,rel_7d1f92dc9c032952
journey_01ddcf161db71c85,taxonomy_j07,CLASSIFIED_AS,ACCOUNT_TAXONOMY_PHASE5,rel_7d2e4bc6648445b2
journey_5f92b8a7ca079f40,taxonomy_j05,CLASSIFIED_AS,ACCOUNT_TAXONOMY_PHASE5,rel_7d3a29ad427f8e4d
journey_17321f3f569c88b0,taxonomy_j04,CLASSIFIED_AS,ACCOUNT_TAXONOMY_PHASE5,rel_7d4803db7aa1dc10
journey_dbc22d740397ca3f,taxonomy_j10,CLASSIFIED_AS,ACCOUNT_TAXONOMY_PHASE5,rel_7d50c7745095d71a
journey_97b9e3f33db94546,taxonomy_j05,CLASSIFIED_AS,ACCOUNT_TAXONOMY_PHASE5,rel_7d636c48bf909635
journey_fef42e16529b0164,taxonomy_j03,CLASSIFIED_AS,ACCOUNT_TAXONOMY_PHASE5,rel_7d642a3270a616f4
journey_49689ecf219139ba,taxonomy_j04,CLASSIFIED_AS,ACCOUNT_TAXONOMY_PHASE5,rel_7d67a66f0267cb6b
journey_bc2a1d4f30b8b9b8,taxonomy_j04,CLASSIFIED_AS,ACCOUNT_TAXONOMY_PHASE5,rel_7d99c22eb7e9697e
journey_051f7f9cd9027cec,taxonomy_j04,CLASSIFIED_AS,ACCOUNT_TAXONOMY_PHASE5,rel_7dbc12dfa3410898
journey_e6f03850c73ba1f6,taxonomy_j09,CLASSIFIED_AS,ACCOUNT_TAXONOMY_PHASE5,rel_7dbe3b07cd56a434
journey_848b6a8ef4f4b373,taxonomy_j01,CLASSIFIED_AS,ACCOUNT_TAXONOMY_PHASE5,rel_7dc4a169ab455624
journey_e931e38df9f5c9e0,taxonomy_j03,CLASSIFIED_AS,ACCOUNT_TAXONOMY_PHASE5,rel_7de3d8dd49378f61
journey_8133e7ecf1a3d849,taxonomy_j04,CLASSIFIED_AS,ACCOUNT_TAXONOMY_PHASE5,rel_7dfcdb6e19413a61
journey_fc7e65796d512803,taxonomy_j05,CLASSIFIED_AS,ACCOUNT_TAXONOMY_PHASE5,rel_7dfd6a7c5b7d2a1d
journey_6e65395501fde4ec,taxonomy_j05,CLASSIFIED_AS,ACCOUNT_TAXONOMY_PHASE5,rel_7e0860b34deb88ad
journey_0ee2bc1e49d2743e,taxonomy_j09,CLASSIFIED_AS,ACCOUNT_TAXONOMY_PHASE5,rel_7e1964239d50bd50
journey_b55bb48eb1df9d4b,taxonomy_j08,CLASSIFIED_AS,ACCOUNT_TAXONOMY_PHASE5,rel_7e1e9aa2922baba5
journey_373b7333ea246960,taxonomy_j04,CLASSIFIED_AS,ACCOUNT_TAXONOMY_PHASE5,rel_7e2d45d1a4f13a60
journey_aaa42775fd70a0e0,taxonomy_j04,CLASSIFIED_AS,ACCOUNT_TAXONOMY_PHASE5,rel_7e31e57a18aa4474
journey_0ee005773c78bc69,taxonomy_j08,CLASSIFIED_AS,ACCOUNT_TAXONOMY_PHASE5,rel_7e50bef3569d2d49
journey_886f9ab308dd462e,taxonomy_j05,CLASSIFIED_AS,ACCOUNT_TAXONOMY_PHASE5,rel_7e65a9ea4b4ae5f7
journey_f42107736a93a3fc,taxonomy_j04,CLASSIFIED_AS,ACCOUNT_TAXONOMY_PHASE5,rel_7e71120f6a914df4
journey_a33aceb70ad88efc,taxonomy_j04,CLASSIFIED_AS,ACCOUNT_TAXONOMY_PHASE5,rel_7e71a643887367a3
journey_2f0582dcb55d1625,taxonomy_j01,CLASSIFIED_AS,ACCOUNT_TAXONOMY_PHASE5,rel_7e7a2a06e290cc08
journey_dbda7ecca50c356f,taxonomy_j10,CLASSIFIED_AS,ACCOUNT_TAXONOMY_PHASE5,rel_7e7eed2c55568ba5
journey_a8189095b48bd653,taxonomy_j09,CLASSIFIED_AS,ACCOUNT_TAXONOMY_PHASE5,rel_7e801891a0d3a19e
journey_0124675a73fec123,taxonomy_j05,CLASSIFIED_AS,ACCOUNT_TAXONOMY_PHASE5,rel_7e88229a1576ee8d
journey_543c9ffcea166e3e,taxonomy_j08,CLASSIFIED_AS,ACCOUNT_TAXONOMY_PHASE5,rel_7ea181dcb17b2777
journey_f0d19ea346cd40cc,taxonomy_j04,CLASSIFIED_AS,ACCOUNT_TAXONOMY_PHASE5,rel_7eb0c7e36026d70e
journey_442e356e5f604134,taxonomy_j09,CLASSIFIED_AS,ACCOUNT_TAXONOMY_PHASE5,rel_7ec16b83d5036fd1
journey_b1352e74c48d1d30,taxonomy_j05,CLASSIFIED_AS,ACCOUNT_TAXONOMY_PHASE5,rel_7ec33e772d54eed1
journey_aec76d082837559a,taxonomy_j01,CLASSIFIED_AS,ACCOUNT_TAXONOMY_PHASE5,rel_7ecdbc7bbbb930d8
journey_b68a4fc7810b50f4,taxonomy_j08,CLASSIFIED_AS,ACCOUNT_TAXONOMY_PHASE5,rel_7ed6aea1dbd88ab0
journey_ecd2986cd6dc6f9c,taxonomy_j05,CLASSIFIED_AS,ACCOUNT_TAXONOMY_PHASE5,rel_7ede01df3d16b372
journey_9fefcf43a48462e0,taxonomy_j05,CLASSIFIED_AS,ACCOUNT_TAXONOMY_PHASE5,rel_7f1314314d366669
journey_718d7fad12a2a18e,taxonomy_j04,CLASSIFIED_AS,ACCOUNT_TAXONOMY_PHASE5,rel_7f19a48a50a0c953
journey_244b2e21f7d1b49c,taxonomy_j04,CLASSIFIED_AS,ACCOUNT_TAXONOMY_PHASE5,rel_7f293027e3dd1969
journey_c18d9900c5d5ac25,taxonomy_j04,CLASSIFIED_AS,ACCOUNT_TAXONOMY_PHASE5,rel_7f5472f497c85dc3
journey_887c074e6e7c61fb,taxonomy_j04,CLASSIFIED_AS,ACCOUNT_TAXONOMY_PHASE5,rel_7f71fce73f73160f
journey_67c1fdc0cb05d774,taxonomy_j01,CLASSIFIED_AS,ACCOUNT_TAXONOMY_PHASE5,rel_7f72a5038e571952
journey_91aa26f875336348,taxonomy_j07,CLASSIFIED_AS,ACCOUNT_TAXONOMY_PHASE5,rel_7f76c7b264d2cc4b
journey_441eeca8e6127e53,taxonomy_j02,CLASSIFIED_AS,ACCOUNT_TAXONOMY_PHASE5,rel_7f7c8ecf2e946a75
journey_ed11174213f4d6e4,taxonomy_j08,CLASSIFIED_AS,ACCOUNT_TAXONOMY_PHASE5,rel_7f915ba34e5320fb
journey_e8c2ea00a7631518,taxonomy_j04,CLASSIFIED_AS,ACCOUNT_TAXONOMY_PHASE5,rel_7fa793c1e362cd12
journey_9083a275bb0ab6f7,taxonomy_j09,CLASSIFIED_AS,ACCOUNT_TAXONOMY_PHASE5,rel_7fabf8496f8a1553
journey_4fc1859a241d6764,taxonomy_j07,CLASSIFIED_AS,ACCOUNT_TAXONOMY_PHASE5,rel_7fca3eb173669db7
journey_5f8d7c8fa37089ea,taxonomy_j09,CLASSIFIED_AS,ACCOUNT_TAXONOMY_PHASE5,rel_7fcc9d240e7fe663
journey_8198661186043954,taxonomy_j03,CLASSIFIED_AS,ACCOUNT_TAXONOMY_PHASE5,rel_7fd5bf158dc8b45c
journey_a40fe1135b77f574,taxonomy_j10,CLASSIFIED_AS,ACCOUNT_TAXONOMY_PHASE5,rel_7feb19df2bb5e979
journey_13dacf0e99dc257f,taxonomy_j05,CLASSIFIED_AS,ACCOUNT_TAXONOMY_PHASE5,rel_7feb49df7e2886d2
journey_e53c677ad9e4271c,taxonomy_j04,CLASSIFIED_AS,ACCOUNT_TAXONOMY_PHASE5,rel_7fed21bb368647b9
journey_60ce726605673624,taxonomy_j10,CLASSIFIED_AS,ACCOUNT_TAXONOMY_PHASE5,rel_7ff2ab4d7f4667ce
journey_ae5bc57c91eef29e,taxonomy_j05,CLASSIFIED_AS,ACCOUNT_TAXONOMY_PHASE5,rel_80027a6ac4d8298c
journey_0a5df288fa8fb95f,taxonomy_j04,CLASSIFIED_AS,ACCOUNT_TAXONOMY_PHASE5,rel_803d298eca7e758d
journey_2f92947c0029593e,taxonomy_j04,CLASSIFIED_AS,ACCOUNT_TAXONOMY_PHASE5,rel_804b171d3b38a6fc
journey_c304820e74a0e192,taxonomy_j10,CLASSIFIED_AS,ACCOUNT_TAXONOMY_PHASE5,rel_805236317e4b7e09
journey_7cf5d98a389a2974,taxonomy_j01,CLASSIFIED_AS,ACCOUNT_TAXONOMY_PHASE5,rel_80584ad700e8351f
journey_65c17769b2658c47,taxonomy_j10,CLASSIFIED_AS,ACCOUNT_TAXONOMY_PHASE5,rel_805c2bef77d27d79
journey_f8ae3db035363c28,taxonomy_j03,CLASSIFIED_AS,ACCOUNT_TAXONOMY_PHASE5,rel_806f3df7c185809a
journey_b2a780329a15dde9,taxonomy_j04,CLASSIFIED_AS,ACCOUNT_TAXONOMY_PHASE5,rel_80911c20f7fc41d7
journey_2a35bd9f648fb772,taxonomy_j08,CLASSIFIED_AS,ACCOUNT_TAXONOMY_PHASE5,rel_80a723e4888ca013
journey_e08e563a2f45bc15,taxonomy_j07,CLASSIFIED_AS,ACCOUNT_TAXONOMY_PHASE5,rel_80b559fc61b29654
journey_87ead3538be13c88,taxonomy_j09,CLASSIFIED_AS,ACCOUNT_TAXONOMY_PHASE5,rel_80c40916e1722eb6
journey_53632735798f9e8a,taxonomy_j08,CLASSIFIED_AS,ACCOUNT_TAXONOMY_PHASE5,rel_80c6f1c2726b3e68
journey_04cdd87cbada456b,taxonomy_j05,CLASSIFIED_AS,ACCOUNT_TAXONOMY_PHASE5,rel_80d8d92fd78ab435
journey_2262db4b69941518,taxonomy_j01,CLASSIFIED_AS,ACCOUNT_TAXONOMY_PHASE5,rel_80f0edf0b1534939
journey_1124ec05c269221c,taxonomy_j05,CLASSIFIED_AS,ACCOUNT_TAXONOMY_PHASE5,rel_80f7f444cd86be0f
journey_90b271559b0bd9f6,taxonomy_j04,CLASSIFIED_AS,ACCOUNT_TAXONOMY_PHASE5,rel_80fee7367e50d407
journey_b3485dc45c40794d,taxonomy_j09,CLASSIFIED_AS,ACCOUNT_TAXONOMY_PHASE5,rel_810b6e5dbb0397c7
journey_595e0d26b4224308,taxonomy_j08,CLASSIFIED_AS,ACCOUNT_TAXONOMY_PHASE5,rel_8112b3962ae7edcd
journey_7974f94d0dfdbc2b,taxonomy_j04,CLASSIFIED_AS,ACCOUNT_TAXONOMY_PHASE5,rel_811539d2b1593ac5
journey_72a6996c98a85998,taxonomy_j01,CLASSIFIED_AS,ACCOUNT_TAXONOMY_PHASE5,rel_8117c3b765ab47c7
journey_82799a970d352834,taxonomy_j03,CLASSIFIED_AS,ACCOUNT_TAXONOMY_PHASE5,rel_811b88b245071b7e
journey_9bcf5f4d6ba65098,taxonomy_j04,CLASSIFIED_AS,ACCOUNT_TAXONOMY_PHASE5,rel_812e02d7fb9ff216
journey_f9333f09e48c5c56,taxonomy_j07,CLASSIFIED_AS,ACCOUNT_TAXONOMY_PHASE5,rel_8130ca714bc97a08
journey_0fde589d12fde7ef,taxonomy_j04,CLASSIFIED_AS,ACCOUNT_TAXONOMY_PHASE5,rel_8156b22b38cf9ff0
journey_707edd520b2dab11,taxonomy_j09,CLASSIFIED_AS,ACCOUNT_TAXONOMY_PHASE5,rel_815d5b5e031b04de
journey_54c672f1223412d6,taxonomy_j08,CLASSIFIED_AS,ACCOUNT_TAXONOMY_PHASE5,rel_81694bef4b908685
journey_8373f4a7c25ce880,taxonomy_j04,CLASSIFIED_AS,ACCOUNT_TAXONOMY_PHASE5,rel_8185ace45fa320db
journey_5b1265313936a87b,taxonomy_j05,CLASSIFIED_AS,ACCOUNT_TAXONOMY_PHASE5,rel_8189526dcdc05ae0
journey_24f2314c731b87b1,taxonomy_j04,CLASSIFIED_AS,ACCOUNT_TAXONOMY_PHASE5,rel_81a3280d77017762
journey_4d72667afa92dc4a,taxonomy_j04,CLASSIFIED_AS,ACCOUNT_TAXONOMY_PHASE5,rel_81a4f7288de15bff
journey_fed3a8f042d52de3,taxonomy_j05,CLASSIFIED_AS,ACCOUNT_TAXONOMY_PHASE5,rel_81bc681c683473dc
journey_338e2b982b726778,taxonomy_j04,CLASSIFIED_AS,ACCOUNT_TAXONOMY_PHASE5,rel_81bc68409dc607f8
journey_7392dff44f632e7f,taxonomy_j04,CLASSIFIED_AS,ACCOUNT_TAXONOMY_PHASE5,rel_81defc79d7ba8794
journey_2ac1bed4d28323c8,taxonomy_j09,CLASSIFIED_AS,ACCOUNT_TAXONOMY_PHASE5,rel_82008a6b3f0e0f72
journey_57976a88742989b6,taxonomy_j10,CLASSIFIED_AS,ACCOUNT_TAXONOMY_PHASE5,rel_822376cda1e4f767
journey_f4cfc6a26e570056,taxonomy_j10,CLASSIFIED_AS,ACCOUNT_TAXONOMY_PHASE5,rel_8229b9d7c90fd8b8
journey_dceaa7ab13b2e021,taxonomy_j05,CLASSIFIED_AS,ACCOUNT_TAXONOMY_PHASE5,rel_824e7bad7aacf438
journey_c414448caf1c506b,taxonomy_j05,CLASSIFIED_AS,ACCOUNT_TAXONOMY_PHASE5,rel_8250a51712489178
journey_564efc347beff986,taxonomy_j10,CLASSIFIED_AS,ACCOUNT_TAXONOMY_PHASE5,rel_8251252676b06ebd
journey_d86d5cfdfd3ebbd5,taxonomy_j01,CLASSIFIED_AS,ACCOUNT_TAXONOMY_PHASE5,rel_8251513aefd302dd
journey_5ca64f739bf711a1,taxonomy_j08,CLASSIFIED_AS,ACCOUNT_TAXONOMY_PHASE5,rel_825cda1c0f6e74e6
journey_b55f6cb3379f33fb,taxonomy_j10,CLASSIFIED_AS,ACCOUNT_TAXONOMY_PHASE5,rel_8291080e256e5482
journey_46e340d59ea2eb98,taxonomy_j04,CLASSIFIED_AS,ACCOUNT_TAXONOMY_PHASE5,rel_82996c86bcf0adc9
journey_424aaaaa9c73c98c,taxonomy_j08,CLASSIFIED_AS,ACCOUNT_TAXONOMY_PHASE5,rel_82a763bb888e6104
journey_b560062d641eb30d,taxonomy_j08,CLASSIFIED_AS,ACCOUNT_TAXONOMY_PHASE5,rel_82addbef2a7dbb78
journey_9f1be16d458c6653,taxonomy_j09,CLASSIFIED_AS,ACCOUNT_TAXONOMY_PHASE5,rel_82bf8ba3bc113d76
journey_a4c58babc7e63286,taxonomy_j04,CLASSIFIED_AS,ACCOUNT_TAXONOMY_PHASE5,rel_82c427af8dc3c2e2
journey_fb9677e6497ede45,taxonomy_j09,CLASSIFIED_AS,ACCOUNT_TAXONOMY_PHASE5,rel_82cc3967bf800b02
journey_ecf05d80f1ece266,taxonomy_j07,CLASSIFIED_AS,ACCOUNT_TAXONOMY_PHASE5,rel_82f96a38e034a01f
journey_934f1a520ad98521,taxonomy_j10,CLASSIFIED_AS,ACCOUNT_TAXONOMY_PHASE5,rel_8312edb809b6807d
journey_43bcecaef2c3a4dc,taxonomy_j05,CLASSIFIED_AS,ACCOUNT_TAXONOMY_PHASE5,rel_832b6152b85d6693
journey_1e7d5352fa4e0091,taxonomy_j05,CLASSIFIED_AS,ACCOUNT_TAXONOMY_PHASE5,rel_832f41eba4fb55d8
journey_1b902de18cc9cd97,taxonomy_j04,CLASSIFIED_AS,ACCOUNT_TAXONOMY_PHASE5,rel_83421196e0bec960
journey_3ec54e5ccdcb52b2,taxonomy_j05,CLASSIFIED_AS,ACCOUNT_TAXONOMY_PHASE5,rel_83450f9628a22de8
journey_6b63fbf8a790ac6a,taxonomy_j03,CLASSIFIED_AS,ACCOUNT_TAXONOMY_PHASE5,rel_8379f552d3fbc001
journey_774e3d02d4e9bc94,taxonomy_j04,CLASSIFIED_AS,ACCOUNT_TAXONOMY_PHASE5,rel_8385e82ccd924d70
journey_d349f43192c8a898,taxonomy_j10,CLASSIFIED_AS,ACCOUNT_TAXONOMY_PHASE5,rel_8391680ac0b68700
journey_109af556a115d08d,taxonomy_j03,CLASSIFIED_AS,ACCOUNT_TAXONOMY_PHASE5,rel_8397013e0726ca0a
journey_1ec0e5ed2614291e,taxonomy_j08,CLASSIFIED_AS,ACCOUNT_TAXONOMY_PHASE5,rel_83a6e945b24f48be
journey_351d75a54220372a,taxonomy_j05,CLASSIFIED_AS,ACCOUNT_TAXONOMY_PHASE5,rel_83bb4ae39c800861
journey_26532e293c0aa55e,taxonomy_j09,CLASSIFIED_AS,ACCOUNT_TAXONOMY_PHASE5,rel_83bb70f15035657a
journey_d3219c54c2d1f749,taxonomy_j05,CLASSIFIED_AS,ACCOUNT_TAXONOMY_PHASE5,rel_83c46fd6c8fb7888
journey_2567711b90f2ec60,taxonomy_j10,CLASSIFIED_AS,ACCOUNT_TAXONOMY_PHASE5,rel_83c77cebf4d8c448
journey_48e019b6480a3fc2,taxonomy_j05,CLASSIFIED_AS,ACCOUNT_TAXONOMY_PHASE5,rel_83d7b3164e678b06
journey_6c8a69c78351be45,taxonomy_j04,CLASSIFIED_AS,ACCOUNT_TAXONOMY_PHASE5,rel_83da96cc0c9db406
journey_6101008b90576b54,taxonomy_j01,CLASSIFIED_AS,ACCOUNT_TAXONOMY_PHASE5,rel_841dda58f7c77fa5
journey_f72ad6fa21b87879,taxonomy_j10,CLASSIFIED_AS,ACCOUNT_TAXONOMY_PHASE5,rel_84454278c2359dfb
journey_77ea313a5c83513b,taxonomy_j04,CLASSIFIED_AS,ACCOUNT_TAXONOMY_PHASE5,rel_8456bf312087d6a9
journey_767c76bcc832a5bb,taxonomy_j03,CLASSIFIED_AS,ACCOUNT_TAXONOMY_PHASE5,rel_8456dd46387b7a0b
journey_d34972ea626cfd57,taxonomy_j07,CLASSIFIED_AS,ACCOUNT_TAXONOMY_PHASE5,rel_845c1374cf928b47
journey_26f8517bc556fb91,taxonomy_j09,CLASSIFIED_AS,ACCOUNT_TAXONOMY_PHASE5,rel_845f02eb57c84e4d
journey_27a151bfa88d77d8,taxonomy_j10,CLASSIFIED_AS,ACCOUNT_TAXONOMY_PHASE5,rel_846577279cba88c2
journey_f3db9496ae2e7cb4,taxonomy_j05,CLASSIFIED_AS,ACCOUNT_TAXONOMY_PHASE5,rel_84660817160859e1
journey_6409d74ea481fc26,taxonomy_j09,CLASSIFIED_AS,ACCOUNT_TAXONOMY_PHASE5,rel_846ce53e14f5c46a
journey_55cf5c2ff7f48611,taxonomy_j04,CLASSIFIED_AS,ACCOUNT_TAXONOMY_PHASE5,rel_847d13077fe341b3
journey_6c9b3a1895750e6b,taxonomy_j04,CLASSIFIED_AS,ACCOUNT_TAXONOMY_PHASE5,rel_848c7d68d3a65e80
journey_64e1a8d8faebe783,taxonomy_j04,CLASSIFIED_AS,ACCOUNT_TAXONOMY_PHASE5,rel_848c94212fa0856e
journey_a2655dd6db480a78,taxonomy_j09,CLASSIFIED_AS,ACCOUNT_TAXONOMY_PHASE5,rel_84cdac107ef6cd9b
journey_b440893ddbe32787,taxonomy_j01,CLASSIFIED_AS,ACCOUNT_TAXONOMY_PHASE5,rel_84fcfa163dc45473
journey_723efe3795fbfd5f,taxonomy_j08,CLASSIFIED_AS,ACCOUNT_TAXONOMY_PHASE5,rel_850b1cf9420fa99b
journey_bc52c3fba9caa5a6,taxonomy_j04,CLASSIFIED_AS,ACCOUNT_TAXONOMY_PHASE5,rel_8517987001c082ba
journey_90300f6219735311,taxonomy_j07,CLASSIFIED_AS,ACCOUNT_TAXONOMY_PHASE5,rel_851a5e915aba67bd
journey_63c1a2cf93bf264d,taxonomy_j04,CLASSIFIED_AS,ACCOUNT_TAXONOMY_PHASE5,rel_852953d6a7123696
journey_7413cff569883437,taxonomy_j10,CLASSIFIED_AS,ACCOUNT_TAXONOMY_PHASE5,rel_85375064539fadfe
journey_b3c1a7eeeb396ecd,taxonomy_j04,CLASSIFIED_AS,ACCOUNT_TAXONOMY_PHASE5,rel_854bb9148f9b2d6e
journey_dd2521a584144458,taxonomy_j09,CLASSIFIED_AS,ACCOUNT_TAXONOMY_PHASE5,rel_8598b6c40ad51873
journey_970bf9c309d16e89,taxonomy_j08,CLASSIFIED_AS,ACCOUNT_TAXONOMY_PHASE5,rel_859a847783832e73
journey_4c55697dc2a08a0c,taxonomy_j01,CLASSIFIED_AS,ACCOUNT_TAXONOMY_PHASE5,rel_859c699ed1fd674c
journey_3334865d26625833,taxonomy_j09,CLASSIFIED_AS,ACCOUNT_TAXONOMY_PHASE5,rel_85c6c66a3401543a
journey_156149d4334c46c6,taxonomy_j05,CLASSIFIED_AS,ACCOUNT_TAXONOMY_PHASE5,rel_85e7169d466c8749
journey_6905885a816cc769,taxonomy_j04,CLASSIFIED_AS,ACCOUNT_TAXONOMY_PHASE5,rel_8608a26c6a7f2513
journey_5e10a75825d17395,taxonomy_j10,CLASSIFIED_AS,ACCOUNT_TAXONOMY_PHASE5,rel_86091e8e876ac827
journey_ebda41ab3c832c3b,taxonomy_j10,CLASSIFIED_AS,ACCOUNT_TAXONOMY_PHASE5,rel_861f0aa97a749997
journey_ff3198de26a76f8a,taxonomy_j01,CLASSIFIED_AS,ACCOUNT_TAXONOMY_PHASE5,rel_86256f0a3d61bc11
journey_318bd13aeff4d47a,taxonomy_j04,CLASSIFIED_AS,ACCOUNT_TAXONOMY_PHASE5,rel_863bfaf41b86313b
journey_d4ca14b7dd083b2c,taxonomy_j07,CLASSIFIED_AS,ACCOUNT_TAXONOMY_PHASE5,rel_864967eeb57459c8
journey_6a25ad1bac04958a,taxonomy_j04,CLASSIFIED_AS,ACCOUNT_TAXONOMY_PHASE5,rel_8657d9f7000bb9e8
journey_59ab8c9d1e18d60c,taxonomy_j01,CLASSIFIED_AS,ACCOUNT_TAXONOMY_PHASE5,rel_8658bf598a765bf3
journey_3a0a7379734083d8,taxonomy_j04,CLASSIFIED_AS,ACCOUNT_TAXONOMY_PHASE5,rel_866941287be24b46
journey_8950227a0ba626e9,taxonomy_j05,CLASSIFIED_AS,ACCOUNT_TAXONOMY_PHASE5,rel_867eec03c6a0bc45
journey_15563b8d5e42064e,taxonomy_j04,CLASSIFIED_AS,ACCOUNT_TAXONOMY_PHASE5,rel_86808b377622f705
journey_15dea16b50848b44,taxonomy_j07,CLASSIFIED_AS,ACCOUNT_TAXONOMY_PHASE5,rel_86e71db739a05b5b
journey_e2f2197f056c9655,taxonomy_j08,CLASSIFIED_AS,ACCOUNT_TAXONOMY_PHASE5,rel_8701981fa3dba64e
journey_c7228ef5bc6ceb52,taxonomy_j05,CLASSIFIED_AS,ACCOUNT_TAXONOMY_PHASE5,rel_8711c01ddbc35ad3
journey_404c92c8ada988ad,taxonomy_j10,CLASSIFIED_AS,ACCOUNT_TAXONOMY_PHASE5,rel_8720eadf907bef64
journey_4feba396790ba860,taxonomy_j09,CLASSIFIED_AS,ACCOUNT_TAXONOMY_PHASE5,rel_8739940207b8ec37
journey_260bbfd9e1be2f7f,taxonomy_j03,CLASSIFIED_AS,ACCOUNT_TAXONOMY_PHASE5,rel_8741dc252da4c702
journey_ac45d036bc57f163,taxonomy_j09,CLASSIFIED_AS,ACCOUNT_TAXONOMY_PHASE5,rel_874e3bba1a4a3a94
journey_cbc19168c38b3da8,taxonomy_j03,CLASSIFIED_AS,ACCOUNT_TAXONOMY_PHASE5,rel_87530cf3123c7f65
journey_afdd6f5ee5da3788,taxonomy_j05,CLASSIFIED_AS,ACCOUNT_TAXONOMY_PHASE5,rel_8756809a8d85d117
journey_9c0e8467c5ee286d,taxonomy_j04,CLASSIFIED_AS,ACCOUNT_TAXONOMY_PHASE5,rel_8757cc407b643167
journey_c5c2b04a77c98d18,taxonomy_j01,CLASSIFIED_AS,ACCOUNT_TAXONOMY_PHASE5,rel_8762e17fa1e1c630
journey_ac2853c9a9648457,taxonomy_j09,CLASSIFIED_AS,ACCOUNT_TAXONOMY_PHASE5,rel_876bfd16bea2127d
journey_89f2922e87cc1222,taxonomy_j04,CLASSIFIED_AS,ACCOUNT_TAXONOMY_PHASE5,rel_876e84a595b8fcce
journey_c012fac844dd788e,taxonomy_j03,CLASSIFIED_AS,ACCOUNT_TAXONOMY_PHASE5,rel_8771375f85825243
journey_6f481391908eb8ab,taxonomy_j10,CLASSIFIED_AS,ACCOUNT_TAXONOMY_PHASE5,rel_877dead9e44f0761
journey_ed87f30e621b691f,taxonomy_j07,CLASSIFIED_AS,ACCOUNT_TAXONOMY_PHASE5,rel_87815f3c8079798f
journey_9f004d976669535a,taxonomy_j04,CLASSIFIED_AS,ACCOUNT_TAXONOMY_PHASE5,rel_87934b3986ba5c41
journey_2d5bc8d4c6a82073,taxonomy_j05,CLASSIFIED_AS,ACCOUNT_TAXONOMY_PHASE5,rel_879ecd3915d9d499
journey_34ca5fa759842d84,taxonomy_j04,CLASSIFIED_AS,ACCOUNT_TAXONOMY_PHASE5,rel_87a271281f4d9e05
journey_51ca95ac9afdc0b0,taxonomy_j03,CLASSIFIED_AS,ACCOUNT_TAXONOMY_PHASE5,rel_87a65b50577cb201
journey_a8d107529ea723ba,taxonomy_j03,CLASSIFIED_AS,ACCOUNT_TAXONOMY_PHASE5,rel_87f4ae2986019275
journey_7d9149751cae112c,taxonomy_j05,CLASSIFIED_AS,ACCOUNT_TAXONOMY_PHASE5,rel_87fac41d9446be55
journey_41ca8ed57b2716fc,taxonomy_j04,CLASSIFIED_AS,ACCOUNT_TAXONOMY_PHASE5,rel_8810b162725c0d53
journey_dcd483d87917a60a,taxonomy_j04,CLASSIFIED_AS,ACCOUNT_TAXONOMY_PHASE5,rel_88127df6333fd296
journey_85aa0237439a671c,taxonomy_j09,CLASSIFIED_AS,ACCOUNT_TAXONOMY_PHASE5,rel_881545873b2df891
journey_5cf2e6a0af2ea1f6,taxonomy_j09,CLASSIFIED_AS,ACCOUNT_TAXONOMY_PHASE5,rel_8816e0ee6a7daeff
journey_292ebbde765b9d71,taxonomy_j05,CLASSIFIED_AS,ACCOUNT_TAXONOMY_PHASE5,rel_88179407cbd5c389
journey_829631fb578b926e,taxonomy_j09,CLASSIFIED_AS,ACCOUNT_TAXONOMY_PHASE5,rel_881a0ab84715958e
journey_7f8d68bca695c12a,taxonomy_j04,CLASSIFIED_AS,ACCOUNT_TAXONOMY_PHASE5,rel_8824491dad3676fd
journey_807bde75ee70a698,taxonomy_j08,CLASSIFIED_AS,ACCOUNT_TAXONOMY_PHASE5,rel_8849a3c3910a1e90
journey_4398824860d6d0ea,taxonomy_j01,CLASSIFIED_AS,ACCOUNT_TAXONOMY_PHASE5,rel_8856635e965bc267
journey_bc519fa3275b6a2f,taxonomy_j01,CLASSIFIED_AS,ACCOUNT_TAXONOMY_PHASE5,rel_885d566e6340e472
journey_37a3cab01a2a15b5,taxonomy_j09,CLASSIFIED_AS,ACCOUNT_TAXONOMY_PHASE5,rel_887540e0da48f0b9
journey_0bf20c049e0f269e,taxonomy_j01,CLASSIFIED_AS,ACCOUNT_TAXONOMY_PHASE5,rel_8892ad89b500a50e
journey_fe5998489f29dfbc,taxonomy_j04,CLASSIFIED_AS,ACCOUNT_TAXONOMY_PHASE5,rel_889da31d79be6e7d
journey_9c62fcda6d4164a9,taxonomy_j05,CLASSIFIED_AS,ACCOUNT_TAXONOMY_PHASE5,rel_88d0b87c8ef46e8e
journey_f6f2bf8131ee7e83,taxonomy_j08,CLASSIFIED_AS,ACCOUNT_TAXONOMY_PHASE5,rel_88d1597a3c16ad43
journey_04497cc2869fac53,taxonomy_j01,CLASSIFIED_AS,ACCOUNT_TAXONOMY_PHASE5,rel_88da001a8fccf28f
journey_0a9f2cb4ac67a016,taxonomy_j05,CLASSIFIED_AS,ACCOUNT_TAXONOMY_PHASE5,rel_88e836a58c6bdd34
journey_352cf077b7939514,taxonomy_j08,CLASSIFIED_AS,ACCOUNT_TAXONOMY_PHASE5,rel_88f400877c6561b0
journey_825e06e2c583064c,taxonomy_j03,CLASSIFIED_AS,ACCOUNT_TAXONOMY_PHASE5,rel_88fac2a977622621
journey_0555f5ac40a4470e,taxonomy_j10,CLASSIFIED_AS,ACCOUNT_TAXONOMY_PHASE5,rel_8938b1d98096afbc
journey_9a03f87007346de4,taxonomy_j08,CLASSIFIED_AS,ACCOUNT_TAXONOMY_PHASE5,rel_893993c9976807ad
journey_4cb85d2b0746f614,taxonomy_j03,CLASSIFIED_AS,ACCOUNT_TAXONOMY_PHASE5,rel_89453ea6930a08d5
journey_732dfd42b0d790fe,taxonomy_j05,CLASSIFIED_AS,ACCOUNT_TAXONOMY_PHASE5,rel_894d48eba5e5db1f
journey_91023d0305882a88,taxonomy_j08,CLASSIFIED_AS,ACCOUNT_TAXONOMY_PHASE5,rel_89580efcbe2bfad9
journey_194c3a54d1bd7244,taxonomy_j04,CLASSIFIED_AS,ACCOUNT_TAXONOMY_PHASE5,rel_896d8f043797b5f1
journey_b553b9f66ffc5100,taxonomy_j04,CLASSIFIED_AS,ACCOUNT_TAXONOMY_PHASE5,rel_898f2a7ea7eaaf0f
journey_19da8380268f125d,taxonomy_j10,CLASSIFIED_AS,ACCOUNT_TAXONOMY_PHASE5,rel_89a6929990dabd04
journey_6e9e7b8504f5eb09,taxonomy_j04,CLASSIFIED_AS,ACCOUNT_TAXONOMY_PHASE5,rel_89c8fe719c2acbe7
journey_f58462ebf8d2ea6e,taxonomy_j01,CLASSIFIED_AS,ACCOUNT_TAXONOMY_PHASE5,rel_89cf83a8d465f7f6
journey_03725156b34d8490,taxonomy_j08,CLASSIFIED_AS,ACCOUNT_TAXONOMY_PHASE5,rel_8a276fd3109840b3
journey_0b2c87a3d71b8b01,taxonomy_j09,CLASSIFIED_AS,ACCOUNT_TAXONOMY_PHASE5,rel_8a34309a7e5ae546
journey_1af607acfab52fdf,taxonomy_j05,CLASSIFIED_AS,ACCOUNT_TAXONOMY_PHASE5,rel_8a3bf78fa8b6d426
journey_52017f4a926ad5d6,taxonomy_j03,CLASSIFIED_AS,ACCOUNT_TAXONOMY_PHASE5,rel_8a468a01814236b0
journey_17a95ed36ff49322,taxonomy_j05,CLASSIFIED_AS,ACCOUNT_TAXONOMY_PHASE5,rel_8a482882d639bae4
journey_a98f424b78d3b896,taxonomy_j05,CLASSIFIED_AS,ACCOUNT_TAXONOMY_PHASE5,rel_8a5d2c3cf40194e6
journey_03e27b947c0c4db8,taxonomy_j08,CLASSIFIED_AS,ACCOUNT_TAXONOMY_PHASE5,rel_8a75b4b00a4a05f5
journey_e1490373262c4df1,taxonomy_j04,CLASSIFIED_AS,ACCOUNT_TAXONOMY_PHASE5,rel_8a7650e5aa523c21
journey_13820876e9a7425d,taxonomy_j04,CLASSIFIED_AS,ACCOUNT_TAXONOMY_PHASE5,rel_8a770d79facecf3d
journey_443c128fc074dbbb,taxonomy_j04,CLASSIFIED_AS,ACCOUNT_TAXONOMY_PHASE5,rel_8aab26335fbbf73d
journey_10912b9538f70987,taxonomy_j10,CLASSIFIED_AS,ACCOUNT_TAXONOMY_PHASE5,rel_8ab1d42ce4339982
journey_63c82ba79279515d,taxonomy_j08,CLASSIFIED_AS,ACCOUNT_TAXONOMY_PHASE5,rel_8abfb8ad725ca66b
journey_c66b7d9f0c9f59d5,taxonomy_j08,CLASSIFIED_AS,ACCOUNT_TAXONOMY_PHASE5,rel_8acc4538c3fefd51
journey_8d70b917da8bb19e,taxonomy_j07,CLASSIFIED_AS,ACCOUNT_TAXONOMY_PHASE5,rel_8aef50a20221fdd5
journey_a9dc5186918f6c6e,taxonomy_j07,CLASSIFIED_AS,ACCOUNT_TAXONOMY_PHASE5,rel_8afb890cf770a747
journey_ca5746eb45782c69,taxonomy_j03,CLASSIFIED_AS,ACCOUNT_TAXONOMY_PHASE5,rel_8b297276340f86b6
journey_c74e51d7bb332f52,taxonomy_j10,CLASSIFIED_AS,ACCOUNT_TAXONOMY_PHASE5,rel_8b35f6f4d371ca6e
journey_32d972ca4700b5be,taxonomy_j01,CLASSIFIED_AS,ACCOUNT_TAXONOMY_PHASE5,rel_8b4282e26aac681a
journey_04ac004e567144c3,taxonomy_j10,CLASSIFIED_AS,ACCOUNT_TAXONOMY_PHASE5,rel_8b42dd92fe5a0324
journey_e9bf4f2cb69f570f,taxonomy_j05,CLASSIFIED_AS,ACCOUNT_TAXONOMY_PHASE5,rel_8b45608df2789b1c
journey_95d50a380fbdba71,taxonomy_j03,CLASSIFIED_AS,ACCOUNT_TAXONOMY_PHASE5,rel_8b465b71b7093179
journey_3c981a34a97a4a4a,taxonomy_j10,CLASSIFIED_AS,ACCOUNT_TAXONOMY_PHASE5,rel_8b5201d1960371d6
journey_5839b1f12964156c,taxonomy_j04,CLASSIFIED_AS,ACCOUNT_TAXONOMY_PHASE5,rel_8b708b8e2cd5e263
journey_415829467ec4466d,taxonomy_j09,CLASSIFIED_AS,ACCOUNT_TAXONOMY_PHASE5,rel_8b76c004ddf7772f
journey_af8d84c0bf6bf6f9,taxonomy_j08,CLASSIFIED_AS,ACCOUNT_TAXONOMY_PHASE5,rel_8b911604c0a0a4b9
journey_8011787aee091c28,taxonomy_j01,CLASSIFIED_AS,ACCOUNT_TAXONOMY_PHASE5,rel_8b99a10a0415cb08
journey_d1616328fcc3f1d3,taxonomy_j02,CLASSIFIED_AS,ACCOUNT_TAXONOMY_PHASE5,rel_8b9d965b07dcd5bb
journey_58a0dbbea441bde5,taxonomy_j09,CLASSIFIED_AS,ACCOUNT_TAXONOMY_PHASE5,rel_8ba1eb726a443228
journey_a740a13b4dd0676f,taxonomy_j08,CLASSIFIED_AS,ACCOUNT_TAXONOMY_PHASE5,rel_8bc29c4868c93831
journey_2cbc75e8e6e1fca3,taxonomy_j05,CLASSIFIED_AS,ACCOUNT_TAXONOMY_PHASE5,rel_8bd820d9dad891be
journey_3f1c0a4090c3cfed,taxonomy_j04,CLASSIFIED_AS,ACCOUNT_TAXONOMY_PHASE5,rel_8bd998c357b24292
journey_49ff4d10a8d92d64,taxonomy_j08,CLASSIFIED_AS,ACCOUNT_TAXONOMY_PHASE5,rel_8bdbb3030a7763cf
journey_9ebe266aff287006,taxonomy_j01,CLASSIFIED_AS,ACCOUNT_TAXONOMY_PHASE5,rel_8bddc607132b149b
journey_db82d6443a5aaada,taxonomy_j10,CLASSIFIED_AS,ACCOUNT_TAXONOMY_PHASE5,rel_8bde9a0332ed73c2
journey_77d3fae589c15015,taxonomy_j08,CLASSIFIED_AS,ACCOUNT_TAXONOMY_PHASE5,rel_8be368a651944f38
journey_fecae6e2b7edfdd6,taxonomy_j01,CLASSIFIED_AS,ACCOUNT_TAXONOMY_PHASE5,rel_8c2780fcaacc061d
journey_a307e1c7a5a493a5,taxonomy_j04,CLASSIFIED_AS,ACCOUNT_TAXONOMY_PHASE5,rel_8c3c3bb092a25469
journey_9d9efb30c72b95c1,taxonomy_j05,CLASSIFIED_AS,ACCOUNT_TAXONOMY_PHASE5,rel_8c3ff07bd3794eae
journey_2cb297185a7abd62,taxonomy_j05,CLASSIFIED_AS,ACCOUNT_TAXONOMY_PHASE5,rel_8c4a2880623a5589
journey_f15f0d64a372711e,taxonomy_j08,CLASSIFIED_AS,ACCOUNT_TAXONOMY_PHASE5,rel_8c592c81b49c60cb
journey_ba0c0e4fa29c9f5e,taxonomy_j02,CLASSIFIED_AS,ACCOUNT_TAXONOMY_PHASE5,rel_8c6dac73ee3101f3
journey_8d97bd3a57815554,taxonomy_j09,CLASSIFIED_AS,ACCOUNT_TAXONOMY_PHASE5,rel_8c787afd38784f53
journey_3f550a797958245f,taxonomy_j08,CLASSIFIED_AS,ACCOUNT_TAXONOMY_PHASE5,rel_8c86097c19d8dd85
journey_94d9bbf0ae5bc059,taxonomy_j09,CLASSIFIED_AS,ACCOUNT_TAXONOMY_PHASE5,rel_8c9ab5dd3e3f6f49
journey_43b350cc33cafad7,taxonomy_j03,CLASSIFIED_AS,ACCOUNT_TAXONOMY_PHASE5,rel_8c9afff017fb31cc
journey_7d470152525ff599,taxonomy_j03,CLASSIFIED_AS,ACCOUNT_TAXONOMY_PHASE5,rel_8ca15f9a039c2ab4
journey_09efa9b84e191606,taxonomy_j09,CLASSIFIED_AS,ACCOUNT_TAXONOMY_PHASE5,rel_8cc1d6fbafe4ef0b
journey_0ef8ede614ce9923,taxonomy_j09,CLASSIFIED_AS,ACCOUNT_TAXONOMY_PHASE5,rel_8cc2312611446b4a
journey_d78c2a2d4b0cd919,taxonomy_j04,CLASSIFIED_AS,ACCOUNT_TAXONOMY_PHASE5,rel_8cca62c34567066e
journey_b5fbb9bccc0ea3bc,taxonomy_j04,CLASSIFIED_AS,ACCOUNT_TAXONOMY_PHASE5,rel_8cd3b1c2d93f2f16
journey_8f2cb5e1d2d1c005,taxonomy_j09,CLASSIFIED_AS,ACCOUNT_TAXONOMY_PHASE5,rel_8cdb713ab1f3e31b
journey_f9cd01f2548cd6ed,taxonomy_j01,CLASSIFIED_AS,ACCOUNT_TAXONOMY_PHASE5,rel_8ce7781020d38e84
journey_d6231c7a561db5f5,taxonomy_j03,CLASSIFIED_AS,ACCOUNT_TAXONOMY_PHASE5,rel_8ce7d1ce08f33b6f
journey_01f355e4a6ce1e9b,taxonomy_j04,CLASSIFIED_AS,ACCOUNT_TAXONOMY_PHASE5,rel_8ce94a19fa523fbf
journey_0200246993a4e940,taxonomy_j04,CLASSIFIED_AS,ACCOUNT_TAXONOMY_PHASE5,rel_8d006a7b454991f9
journey_aab977ea42b6cc64,taxonomy_j03,CLASSIFIED_AS,ACCOUNT_TAXONOMY_PHASE5,rel_8d294cd192f81b31
journey_ffc3559094120079,taxonomy_j04,CLASSIFIED_AS,ACCOUNT_TAXONOMY_PHASE5,rel_8d4543bb5c6652f8
journey_b42d8c4d5a40c030,taxonomy_j04,CLASSIFIED_AS,ACCOUNT_TAXONOMY_PHASE5,rel_8d48bd7e17238b04
journey_4b18d499bfbc88be,taxonomy_j08,CLASSIFIED_AS,ACCOUNT_TAXONOMY_PHASE5,rel_8d48e50f4e778798
journey_e00675fc397dc6e4,taxonomy_j10,CLASSIFIED_AS,ACCOUNT_TAXONOMY_PHASE5,rel_8d5249732ce9de73
journey_d8461e71e3ae4e03,taxonomy_j08,CLASSIFIED_AS,ACCOUNT_TAXONOMY_PHASE5,rel_8d6c07be28cded0b
journey_dfa049b23c4fb9b0,taxonomy_j09,CLASSIFIED_AS,ACCOUNT_TAXONOMY_PHASE5,rel_8d8d3684d29521f6
journey_ed889f1b66a0927b,taxonomy_j01,CLASSIFIED_AS,ACCOUNT_TAXONOMY_PHASE5,rel_8d9cdc2bb449554d
journey_a2ca24440c0d56f3,taxonomy_j04,CLASSIFIED_AS,ACCOUNT_TAXONOMY_PHASE5,rel_8dafd7dcbe3465ad
journey_ae57247e7fa2127c,taxonomy_j01,CLASSIFIED_AS,ACCOUNT_TAXONOMY_PHASE5,rel_8dc1a0fa7c5ceb18
journey_d94e06100ba8866d,taxonomy_j03,CLASSIFIED_AS,ACCOUNT_TAXONOMY_PHASE5,rel_8def73ceda328b21
journey_091636f3ec7f6cce,taxonomy_j01,CLASSIFIED_AS,ACCOUNT_TAXONOMY_PHASE5,rel_8e06e021d2019517
journey_4847348448d77b40,taxonomy_j08,CLASSIFIED_AS,ACCOUNT_TAXONOMY_PHASE5,rel_8e1e4dc671d6988d
journey_0f91ced5c23bae7d,taxonomy_j08,CLASSIFIED_AS,ACCOUNT_TAXONOMY_PHASE5,rel_8e304a7b8b77b56f
journey_c4f827f6a4d820e3,taxonomy_j10,CLASSIFIED_AS,ACCOUNT_TAXONOMY_PHASE5,rel_8e32cc82a61f4ae4
journey_88666d3999204eb2,taxonomy_j08,CLASSIFIED_AS,ACCOUNT_TAXONOMY_PHASE5,rel_8e372118363c6e58
journey_ccfd6987195ff173,taxonomy_j09,CLASSIFIED_AS,ACCOUNT_TAXONOMY_PHASE5,rel_8e65155a30af66f8
journey_958b7ff8bf308ad4,taxonomy_j08,CLASSIFIED_AS,ACCOUNT_TAXONOMY_PHASE5,rel_8e65446726a12b43
journey_840d4f79188c33ad,taxonomy_j10,CLASSIFIED_AS,ACCOUNT_TAXONOMY_PHASE5,rel_8e7ac9d9f2353775
journey_9ebbf1f577863a14,taxonomy_j09,CLASSIFIED_AS,ACCOUNT_TAXONOMY_PHASE5,rel_8e7af21d907732ac
journey_42f5327a6b1576ad,taxonomy_j04,CLASSIFIED_AS,ACCOUNT_TAXONOMY_PHASE5,rel_8ea175d684acd8d6
journey_b05fa71a52b9f282,taxonomy_j04,CLASSIFIED_AS,ACCOUNT_TAXONOMY_PHASE5,rel_8ea82ec5688b6ab1
journey_41556522f72a0cc6,taxonomy_j01,CLASSIFIED_AS,ACCOUNT_TAXONOMY_PHASE5,rel_8ee0e14411918bae
journey_69b9ccce6daef028,taxonomy_j04,CLASSIFIED_AS,ACCOUNT_TAXONOMY_PHASE5,rel_8f0aaeaa47a454ca
journey_a63a09a0990d1718,taxonomy_j05,CLASSIFIED_AS,ACCOUNT_TAXONOMY_PHASE5,rel_8f0e0df094fe0c18
journey_5e05e51170e9fb31,taxonomy_j04,CLASSIFIED_AS,ACCOUNT_TAXONOMY_PHASE5,rel_8f2a2e590263b4a4
journey_5bcb629ee5e1a9da,taxonomy_j05,CLASSIFIED_AS,ACCOUNT_TAXONOMY_PHASE5,rel_8f2e6a189d20202c
journey_e5c0056d35eb2ac0,taxonomy_j08,CLASSIFIED_AS,ACCOUNT_TAXONOMY_PHASE5,rel_8f3d434ae67abbc2
journey_6105706d1c2bd56a,taxonomy_j09,CLASSIFIED_AS,ACCOUNT_TAXONOMY_PHASE5,rel_8f430d643ac9c6a7
journey_256de9e1a0a37613,taxonomy_j08,CLASSIFIED_AS,ACCOUNT_TAXONOMY_PHASE5,rel_8f4461dd44d17770
journey_c39d9bf5e5fd5d17,taxonomy_j09,CLASSIFIED_AS,ACCOUNT_TAXONOMY_PHASE5,rel_8f4d1678d746c5b5
journey_25b9b4a27b0d7b3d,taxonomy_j08,CLASSIFIED_AS,ACCOUNT_TAXONOMY_PHASE5,rel_8fa564b3355208f8
journey_9b7ffb2ea3104a9b,taxonomy_j05,CLASSIFIED_AS,ACCOUNT_TAXONOMY_PHASE5,rel_8fc3d0f94ef02398
journey_eb80ed329ef3c685,taxonomy_j04,CLASSIFIED_AS,ACCOUNT_TAXONOMY_PHASE5,rel_8fccc546258c1b31
journey_710b2829284b3e3e,taxonomy_j10,CLASSIFIED_AS,ACCOUNT_TAXONOMY_PHASE5,rel_8fd2df6c18f1e9aa
journey_8db8977c0d1fd145,taxonomy_j04,CLASSIFIED_AS,ACCOUNT_TAXONOMY_PHASE5,rel_8fd62a873a83fade
journey_0b7b5532b5f853c4,taxonomy_j09,CLASSIFIED_AS,ACCOUNT_TAXONOMY_PHASE5,rel_8fdaad182cbee4b6
journey_9ec175205165b883,taxonomy_j08,CLASSIFIED_AS,ACCOUNT_TAXONOMY_PHASE5,rel_8fecf6ebe418c213
journey_40ed0f26b56ff5b0,taxonomy_j09,CLASSIFIED_AS,ACCOUNT_TAXONOMY_PHASE5,rel_900098317826bf7c
journey_e6060ee4635c10b5,taxonomy_j04,CLASSIFIED_AS,ACCOUNT_TAXONOMY_PHASE5,rel_90052622e8030630
journey_775a872283b9a82f,taxonomy_j04,CLASSIFIED_AS,ACCOUNT_TAXONOMY_PHASE5,rel_90117cd353891efa
journey_7944f37eeb9acfcc,taxonomy_j04,CLASSIFIED_AS,ACCOUNT_TAXONOMY_PHASE5,rel_901cc2e86d2e2f57
journey_fcfe9cc7db0d4b7d,taxonomy_j04,CLASSIFIED_AS,ACCOUNT_TAXONOMY_PHASE5,rel_901e298b3ee87c45
journey_8952cdda0b878629,taxonomy_j08,CLASSIFIED_AS,ACCOUNT_TAXONOMY_PHASE5,rel_90247ae85c8f0953
journey_66a7bf6d89af7ada,taxonomy_j05,CLASSIFIED_AS,ACCOUNT_TAXONOMY_PHASE5,rel_9048a4b15e5396e2
journey_fd73c4e58b7d399a,taxonomy_j03,CLASSIFIED_AS,ACCOUNT_TAXONOMY_PHASE5,rel_90521d147b9b3b1b
journey_1a2398671500ebcd,taxonomy_j01,CLASSIFIED_AS,ACCOUNT_TAXONOMY_PHASE5,rel_907c55b0d72ad803
journey_b043cbbd15e4c34d,taxonomy_j10,CLASSIFIED_AS,ACCOUNT_TAXONOMY_PHASE5,rel_90958a1e308f70ad
journey_e6a2b6fc6b9b24fb,taxonomy_j05,CLASSIFIED_AS,ACCOUNT_TAXONOMY_PHASE5,rel_90a03191638061a8
journey_8c673e977c2ef00d,taxonomy_j04,CLASSIFIED_AS,ACCOUNT_TAXONOMY_PHASE5,rel_90ac124fe2d6f054
journey_78fa6beec46d1373,taxonomy_j08,CLASSIFIED_AS,ACCOUNT_TAXONOMY_PHASE5,rel_90bc72c48ab80e35
journey_417d819e146a23d2,taxonomy_j09,CLASSIFIED_AS,ACCOUNT_TAXONOMY_PHASE5,rel_90e23d10258dbe4f
journey_1fe206e2c1c3f345,taxonomy_j04,CLASSIFIED_AS,ACCOUNT_TAXONOMY_PHASE5,rel_90faa766647ba5fb
journey_0fc6123f22a0bb97,taxonomy_j04,CLASSIFIED_AS,ACCOUNT_TAXONOMY_PHASE5,rel_910e5852593e5e1a
journey_0977c7cde828fef7,taxonomy_j04,CLASSIFIED_AS,ACCOUNT_TAXONOMY_PHASE5,rel_910e7cce7550f771
journey_d50f8d0f27f4e96b,taxonomy_j01,CLASSIFIED_AS,ACCOUNT_TAXONOMY_PHASE5,rel_910fe06a8ef48c02
journey_c33b0a766571b20e,taxonomy_j08,CLASSIFIED_AS,ACCOUNT_TAXONOMY_PHASE5,rel_914bcba5841a2cb1
journey_d8f466fcc288c98c,taxonomy_j01,CLASSIFIED_AS,ACCOUNT_TAXONOMY_PHASE5,rel_9159c8e06704c203
journey_a1d7f62774066766,taxonomy_j04,CLASSIFIED_AS,ACCOUNT_TAXONOMY_PHASE5,rel_9162757e3de7aa8b
journey_f37de25a8a5d5482,taxonomy_j05,CLASSIFIED_AS,ACCOUNT_TAXONOMY_PHASE5,rel_918668a3e12cecc2
journey_420046135243304a,taxonomy_j01,CLASSIFIED_AS,ACCOUNT_TAXONOMY_PHASE5,rel_91997bdfc97f0250
journey_8159dc3387123dc5,taxonomy_j05,CLASSIFIED_AS,ACCOUNT_TAXONOMY_PHASE5,rel_91a80223978d2734
journey_c1cbb49153940987,taxonomy_j10,CLASSIFIED_AS,ACCOUNT_TAXONOMY_PHASE5,rel_91a94b6feeb6dc82
journey_19143fa54bde2e6e,taxonomy_j08,CLASSIFIED_AS,ACCOUNT_TAXONOMY_PHASE5,rel_91b117c39656ea49
journey_954cfc0432bf71f8,taxonomy_j05,CLASSIFIED_AS,ACCOUNT_TAXONOMY_PHASE5,rel_91b2996ddfffcccc
journey_7059a87024def54e,taxonomy_j04,CLASSIFIED_AS,ACCOUNT_TAXONOMY_PHASE5,rel_91dfc4f800479ab1
journey_37fe79ff70f2d960,taxonomy_j04,CLASSIFIED_AS,ACCOUNT_TAXONOMY_PHASE5,rel_91ec484f4053f50c
journey_1a697e6295413f0a,taxonomy_j08,CLASSIFIED_AS,ACCOUNT_TAXONOMY_PHASE5,rel_921802a3e5ee5df8
journey_53f4992ee8caae6c,taxonomy_j05,CLASSIFIED_AS,ACCOUNT_TAXONOMY_PHASE5,rel_921833266fcdb4bd
journey_0c36a03616fe39a6,taxonomy_j08,CLASSIFIED_AS,ACCOUNT_TAXONOMY_PHASE5,rel_922abf65068304ea
journey_6b67ef26b49a0f7b,taxonomy_j08,CLASSIFIED_AS,ACCOUNT_TAXONOMY_PHASE5,rel_922b38c9d839d071
journey_bf682beeb4440f6b,taxonomy_j09,CLASSIFIED_AS,ACCOUNT_TAXONOMY_PHASE5,rel_925a93c2ad8cfa41
journey_192bd85ec8eb5a2a,taxonomy_j10,CLASSIFIED_AS,ACCOUNT_TAXONOMY_PHASE5,rel_92857ad585228e70
journey_42d90cbc1bc2cf50,taxonomy_j05,CLASSIFIED_AS,ACCOUNT_TAXONOMY_PHASE5,rel_92949878fbc56876
journey_ccd37e178ceb6ab7,taxonomy_j09,CLASSIFIED_AS,ACCOUNT_TAXONOMY_PHASE5,rel_9299acf69190509e
journey_35e2cbb024035314,taxonomy_j10,CLASSIFIED_AS,ACCOUNT_TAXONOMY_PHASE5,rel_92b1cdd6c3dc6033
journey_2058d11f6f46786b,taxonomy_j03,CLASSIFIED_AS,ACCOUNT_TAXONOMY_PHASE5,rel_92c39f3643b697d8
journey_15fbf9f08bdb23ab,taxonomy_j03,CLASSIFIED_AS,ACCOUNT_TAXONOMY_PHASE5,rel_92ca7c592f7f7ec1
journey_f4e1b0fec6411485,taxonomy_j01,CLASSIFIED_AS,ACCOUNT_TAXONOMY_PHASE5,rel_92d3dcc74dc93b14
journey_421f3219ed7b43d7,taxonomy_j09,CLASSIFIED_AS,ACCOUNT_TAXONOMY_PHASE5,rel_92db5f41cf4aa09b
journey_07f592ddda24aa0b,taxonomy_j05,CLASSIFIED_AS,ACCOUNT_TAXONOMY_PHASE5,rel_92de74127c2153ab
journey_e02fd9992bfc4a03,taxonomy_j04,CLASSIFIED_AS,ACCOUNT_TAXONOMY_PHASE5,rel_92e05343775b9180
journey_44881312f1facfbf,taxonomy_j04,CLASSIFIED_AS,ACCOUNT_TAXONOMY_PHASE5,rel_92e50257a387a5e2
journey_055a045d7a3279bd,taxonomy_j01,CLASSIFIED_AS,ACCOUNT_TAXONOMY_PHASE5,rel_92e6f6b29c3ba87b
journey_446c04bc96e01e5c,taxonomy_j09,CLASSIFIED_AS,ACCOUNT_TAXONOMY_PHASE5,rel_92ec8be95579652a
journey_a56fc87b5b204149,taxonomy_j04,CLASSIFIED_AS,ACCOUNT_TAXONOMY_PHASE5,rel_92f0dfb6c3f63011
journey_b5ad70da03215b68,taxonomy_j09,CLASSIFIED_AS,ACCOUNT_TAXONOMY_PHASE5,rel_93173868eea0a332
journey_e22143b6bab2ea3a,taxonomy_j08,CLASSIFIED_AS,ACCOUNT_TAXONOMY_PHASE5,rel_931b01954d31e599
journey_609ce30dbc79dc8a,taxonomy_j08,CLASSIFIED_AS,ACCOUNT_TAXONOMY_PHASE5,rel_933707a81d0b38b6
journey_ced72eb4e38ed7e2,taxonomy_j04,CLASSIFIED_AS,ACCOUNT_TAXONOMY_PHASE5,rel_935d1748b09de75a
journey_894236ea870a09dd,taxonomy_j05,CLASSIFIED_AS,ACCOUNT_TAXONOMY_PHASE5,rel_9373c86629d63779
journey_6d951eb5ab5957dc,taxonomy_j01,CLASSIFIED_AS,ACCOUNT_TAXONOMY_PHASE5,rel_93a155b9ada5e921
journey_7025886cdb05b10e,taxonomy_j08,CLASSIFIED_AS,ACCOUNT_TAXONOMY_PHASE5,rel_93a231af987c21e8
journey_1478ada4f6ee9320,taxonomy_j03,CLASSIFIED_AS,ACCOUNT_TAXONOMY_PHASE5,rel_93b83e8a05436062
journey_0c6f4b461a167694,taxonomy_j09,CLASSIFIED_AS,ACCOUNT_TAXONOMY_PHASE5,rel_93c0d3a130cd074c
journey_29d76a154b2379e6,taxonomy_j07,CLASSIFIED_AS,ACCOUNT_TAXONOMY_PHASE5,rel_93c8caaaf0e09d8d
journey_fc2c8bf6afd346db,taxonomy_j04,CLASSIFIED_AS,ACCOUNT_TAXONOMY_PHASE5,rel_93d475b4fd295953
journey_2cd3f643d8bc03ff,taxonomy_j03,CLASSIFIED_AS,ACCOUNT_TAXONOMY_PHASE5,rel_93ea0a8d1620849f
journey_8798dd0c710f92df,taxonomy_j09,CLASSIFIED_AS,ACCOUNT_TAXONOMY_PHASE5,rel_941679e553ec0ae6
journey_63f459e4d590cff3,taxonomy_j05,CLASSIFIED_AS,ACCOUNT_TAXONOMY_PHASE5,rel_9438d9ea8597eaad
journey_2df79738b942ae2a,taxonomy_j01,CLASSIFIED_AS,ACCOUNT_TAXONOMY_PHASE5,rel_943d311f18f4dcc8
journey_f718001328eeeba3,taxonomy_j01,CLASSIFIED_AS,ACCOUNT_TAXONOMY_PHASE5,rel_944336f9d4121568
journey_a1f8c30adb037c9e,taxonomy_j09,CLASSIFIED_AS,ACCOUNT_TAXONOMY_PHASE5,rel_944c68ce01a8ea68
journey_a7c654288786f699,taxonomy_j04,CLASSIFIED_AS,ACCOUNT_TAXONOMY_PHASE5,rel_9452ab90f2c5b923
journey_3984b318d3aa8b2f,taxonomy_j09,CLASSIFIED_AS,ACCOUNT_TAXONOMY_PHASE5,rel_946bac1e334a5c22
journey_42da63fdfc3ba1cd,taxonomy_j08,CLASSIFIED_AS,ACCOUNT_TAXONOMY_PHASE5,rel_9471d82de2238689
journey_4b4b1c21a0c87626,taxonomy_j04,CLASSIFIED_AS,ACCOUNT_TAXONOMY_PHASE5,rel_9472a41f46040050
journey_8204dd1123de6d6c,taxonomy_j01,CLASSIFIED_AS,ACCOUNT_TAXONOMY_PHASE5,rel_947bf2f6633d0aef
journey_78d5abbecf86661b,taxonomy_j10,CLASSIFIED_AS,ACCOUNT_TAXONOMY_PHASE5,rel_947cd6170f54ee4e
journey_53d47d8f191e8ab4,taxonomy_j05,CLASSIFIED_AS,ACCOUNT_TAXONOMY_PHASE5,rel_948b4dc058220888
journey_717a24f3b2e9c14d,taxonomy_j08,CLASSIFIED_AS,ACCOUNT_TAXONOMY_PHASE5,rel_949268e8e1b7eee4
journey_3ee5f3ee21884a9b,taxonomy_j09,CLASSIFIED_AS,ACCOUNT_TAXONOMY_PHASE5,rel_94c51c91ee9db6a3
journey_30546ae653cc605e,taxonomy_j05,CLASSIFIED_AS,ACCOUNT_TAXONOMY_PHASE5,rel_94d6ae2d1dbe5be7
journey_a6ae455ef4a20400,taxonomy_j08,CLASSIFIED_AS,ACCOUNT_TAXONOMY_PHASE5,rel_94ddd9954697fab5
journey_a6d38d92e537627b,taxonomy_j05,CLASSIFIED_AS,ACCOUNT_TAXONOMY_PHASE5,rel_94e79f7e4839136c
journey_e13358148310f3e0,taxonomy_j07,CLASSIFIED_AS,ACCOUNT_TAXONOMY_PHASE5,rel_94ebca5e9799332d
journey_927070c82f23111c,taxonomy_j04,CLASSIFIED_AS,ACCOUNT_TAXONOMY_PHASE5,rel_94f3da0f3d6021eb
journey_cdc116b62c425456,taxonomy_j10,CLASSIFIED_AS,ACCOUNT_TAXONOMY_PHASE5,rel_95035143a82e9b47
journey_ca97e8ca6cad1ed8,taxonomy_j03,CLASSIFIED_AS,ACCOUNT_TAXONOMY_PHASE5,rel_952f1de0fec27f73
journey_78a7be33724d3502,taxonomy_j09,CLASSIFIED_AS,ACCOUNT_TAXONOMY_PHASE5,rel_9535bfda0313be2f
journey_6e78d6d3a7a66954,taxonomy_j05,CLASSIFIED_AS,ACCOUNT_TAXONOMY_PHASE5,rel_95367e60c7d8f7a8
journey_26b78727ecacfc56,taxonomy_j04,CLASSIFIED_AS,ACCOUNT_TAXONOMY_PHASE5,rel_95383888184fdc3d
journey_3feb0a3c240bdd74,taxonomy_j08,CLASSIFIED_AS,ACCOUNT_TAXONOMY_PHASE5,rel_953842f0e5b9f458
journey_e10ded94487af6aa,taxonomy_j07,CLASSIFIED_AS,ACCOUNT_TAXONOMY_PHASE5,rel_95427511c3525171
journey_1766909d3cf7851f,taxonomy_j05,CLASSIFIED_AS,ACCOUNT_TAXONOMY_PHASE5,rel_95437379800c0b9c
journey_f49f17d3b6a1f7ba,taxonomy_j01,CLASSIFIED_AS,ACCOUNT_TAXONOMY_PHASE5,rel_9549f6ef524bc575
journey_ac4e1e7b6a4e25ce,taxonomy_j04,CLASSIFIED_AS,ACCOUNT_TAXONOMY_PHASE5,rel_954a7294fb4ecbd8
journey_29de7d52a915c15c,taxonomy_j01,CLASSIFIED_AS,ACCOUNT_TAXONOMY_PHASE5,rel_9550a4e9f0dcd81b
journey_f5249a43f8a8d3f0,taxonomy_j04,CLASSIFIED_AS,ACCOUNT_TAXONOMY_PHASE5,rel_95715223b9db6d7b
journey_a90908e27e0572fe,taxonomy_j08,CLASSIFIED_AS,ACCOUNT_TAXONOMY_PHASE5,rel_95789891a24784bb
journey_6874cff8c5c95de7,taxonomy_j03,CLASSIFIED_AS,ACCOUNT_TAXONOMY_PHASE5,rel_957f93c88d9a7ada
journey_8731c817981bdfee,taxonomy_j09,CLASSIFIED_AS,ACCOUNT_TAXONOMY_PHASE5,rel_9588053e08d1f161
journey_880706f0cdc729f0,taxonomy_j04,CLASSIFIED_AS,ACCOUNT_TAXONOMY_PHASE5,rel_958cc3e97bec13ef
journey_ac24205281865e9d,taxonomy_j04,CLASSIFIED_AS,ACCOUNT_TAXONOMY_PHASE5,rel_9592394747af9e10
journey_84f8854cafe6bc54,taxonomy_j01,CLASSIFIED_AS,ACCOUNT_TAXONOMY_PHASE5,rel_9592896178dc8785
journey_c63223e63a9843ad,taxonomy_j10,CLASSIFIED_AS,ACCOUNT_TAXONOMY_PHASE5,rel_95a7c15ee3f46a35
journey_afa4d4d8f9ef2a9f,taxonomy_j04,CLASSIFIED_AS,ACCOUNT_TAXONOMY_PHASE5,rel_95c1fec95c661f49
journey_e784388e71a5ed14,taxonomy_j04,CLASSIFIED_AS,ACCOUNT_TAXONOMY_PHASE5,rel_95d13a15a9432c70
journey_149066101d09a6bb,taxonomy_j05,CLASSIFIED_AS,ACCOUNT_TAXONOMY_PHASE5,rel_95dc6bc459080db9
journey_7d1fbef3101e13f4,taxonomy_j05,CLASSIFIED_AS,ACCOUNT_TAXONOMY_PHASE5,rel_95f11cd351396138
journey_b6adc233c7263744,taxonomy_j05,CLASSIFIED_AS,ACCOUNT_TAXONOMY_PHASE5,rel_9634e261b2a26f96
journey_d21d2f65ca30d518,taxonomy_j08,CLASSIFIED_AS,ACCOUNT_TAXONOMY_PHASE5,rel_9637fe78ee0870a9
journey_ea9ee26029254100,taxonomy_j10,CLASSIFIED_AS,ACCOUNT_TAXONOMY_PHASE5,rel_9664433aedb374b7
journey_04aa962e5d2899ee,taxonomy_j04,CLASSIFIED_AS,ACCOUNT_TAXONOMY_PHASE5,rel_9665c65e009af59a
journey_99ca15d5c3fa44ca,taxonomy_j01,CLASSIFIED_AS,ACCOUNT_TAXONOMY_PHASE5,rel_9688b59c089b3dbb
journey_53d882f5537f1e5e,taxonomy_j01,CLASSIFIED_AS,ACCOUNT_TAXONOMY_PHASE5,rel_968fc99d018aa496
journey_b7927172049185c6,taxonomy_j04,CLASSIFIED_AS,ACCOUNT_TAXONOMY_PHASE5,rel_96908157b52c1700
journey_d50613206c4c8561,taxonomy_j05,CLASSIFIED_AS,ACCOUNT_TAXONOMY_PHASE5,rel_9695d2f43965db12
journey_d3e826b7ca676ab4,taxonomy_j05,CLASSIFIED_AS,ACCOUNT_TAXONOMY_PHASE5,rel_96a260351a2a02f4
journey_b95da77a4d2ec892,taxonomy_j08,CLASSIFIED_AS,ACCOUNT_TAXONOMY_PHASE5,rel_96af21f5f32f0470
journey_d7988fed01f15f95,taxonomy_j09,CLASSIFIED_AS,ACCOUNT_TAXONOMY_PHASE5,rel_96b78e5992b22985
journey_72fb7f4dfeca552e,taxonomy_j05,CLASSIFIED_AS,ACCOUNT_TAXONOMY_PHASE5,rel_96bff44f58a369f9
journey_d186a143c4bfb967,taxonomy_j05,CLASSIFIED_AS,ACCOUNT_TAXONOMY_PHASE5,rel_96bffc9e55d8f23c
journey_4300cf32fb61bae0,taxonomy_j09,CLASSIFIED_AS,ACCOUNT_TAXONOMY_PHASE5,rel_96cfd4d77dd84425
journey_eaa8c3fbb9768fd6,taxonomy_j09,CLASSIFIED_AS,ACCOUNT_TAXONOMY_PHASE5,rel_96d040c7a6621c9b
journey_dda4201e2f7d1225,taxonomy_j01,CLASSIFIED_AS,ACCOUNT_TAXONOMY_PHASE5,rel_96e206da4e5bfd08
journey_850613382ed227dc,taxonomy_j08,CLASSIFIED_AS,ACCOUNT_TAXONOMY_PHASE5,rel_96eac24cc147f11f
journey_998b602d69609809,taxonomy_j09,CLASSIFIED_AS,ACCOUNT_TAXONOMY_PHASE5,rel_96fb1ad2962f1911
journey_8e30c484537cb9c6,taxonomy_j04,CLASSIFIED_AS,ACCOUNT_TAXONOMY_PHASE5,rel_96ff46b72527251f
journey_c4f5421ca3fbc647,taxonomy_j04,CLASSIFIED_AS,ACCOUNT_TAXONOMY_PHASE5,rel_9701302041b27901
journey_555712ae47306e5f,taxonomy_j04,CLASSIFIED_AS,ACCOUNT_TAXONOMY_PHASE5,rel_97023954bf76399b
journey_b17365f66cccc5a9,taxonomy_j05,CLASSIFIED_AS,ACCOUNT_TAXONOMY_PHASE5,rel_97051cab2735f59d
journey_89c7f8185509d98a,taxonomy_j04,CLASSIFIED_AS,ACCOUNT_TAXONOMY_PHASE5,rel_972a2bef933ee5a4
journey_20b4b3faf73e7b25,taxonomy_j04,CLASSIFIED_AS,ACCOUNT_TAXONOMY_PHASE5,rel_97368a27b6fdc7dc
journey_9573a8eafbfde72d,taxonomy_j05,CLASSIFIED_AS,ACCOUNT_TAXONOMY_PHASE5,rel_973e7d9e67fba48c
journey_aab06fc29ce17dd9,taxonomy_j01,CLASSIFIED_AS,ACCOUNT_TAXONOMY_PHASE5,rel_97469229b42da54c
journey_94290b7db7ac6a14,taxonomy_j04,CLASSIFIED_AS,ACCOUNT_TAXONOMY_PHASE5,rel_975e66f11bc891c0
journey_dfe1667593064cbb,taxonomy_j03,CLASSIFIED_AS,ACCOUNT_TAXONOMY_PHASE5,rel_9771c120488832a6
journey_866c2213f792b08e,taxonomy_j03,CLASSIFIED_AS,ACCOUNT_TAXONOMY_PHASE5,rel_9787668fa1c67c26
journey_d57a699ef0047bc1,taxonomy_j04,CLASSIFIED_AS,ACCOUNT_TAXONOMY_PHASE5,rel_9790faa09af30970
journey_b2359355051c754d,taxonomy_j03,CLASSIFIED_AS,ACCOUNT_TAXONOMY_PHASE5,rel_979b05552e76f975
journey_4590943172f6f045,taxonomy_j10,CLASSIFIED_AS,ACCOUNT_TAXONOMY_PHASE5,rel_97b67524b66caae1
journey_74bd4ab4ae150132,taxonomy_j04,CLASSIFIED_AS,ACCOUNT_TAXONOMY_PHASE5,rel_97c2a92e1b8130e3
journey_c39ae0074a6adf28,taxonomy_j07,CLASSIFIED_AS,ACCOUNT_TAXONOMY_PHASE5,rel_97cf84dfbfeb238f
journey_a8cbb180296a09fd,taxonomy_j04,CLASSIFIED_AS,ACCOUNT_TAXONOMY_PHASE5,rel_97ebef8b5fe9aa3f
journey_8933d0959b5c601b,taxonomy_j01,CLASSIFIED_AS,ACCOUNT_TAXONOMY_PHASE5,rel_97fb824919ca0f94
journey_ca89a6ddc2806611,taxonomy_j10,CLASSIFIED_AS,ACCOUNT_TAXONOMY_PHASE5,rel_980445fec975eb69
journey_be913276e741b9cb,taxonomy_j08,CLASSIFIED_AS,ACCOUNT_TAXONOMY_PHASE5,rel_98072130c1f207e5
journey_65b5c1b93d3660d0,taxonomy_j04,CLASSIFIED_AS,ACCOUNT_TAXONOMY_PHASE5,rel_980a15fe49599f07
journey_e72481e0dd98a93e,taxonomy_j01,CLASSIFIED_AS,ACCOUNT_TAXONOMY_PHASE5,rel_980f2ecc86e459f2
journey_2e9f6c5bd30dd3b2,taxonomy_j08,CLASSIFIED_AS,ACCOUNT_TAXONOMY_PHASE5,rel_981291ac5a17f352
journey_92aea8a043d2bc72,taxonomy_j05,CLASSIFIED_AS,ACCOUNT_TAXONOMY_PHASE5,rel_983be70fc7ea1e72
journey_80750c5d53e872c4,taxonomy_j05,CLASSIFIED_AS,ACCOUNT_TAXONOMY_PHASE5,rel_983de1452e76fc99
journey_cd13c5d0815ccea3,taxonomy_j03,CLASSIFIED_AS,ACCOUNT_TAXONOMY_PHASE5,rel_985d80e8011edd8a
journey_b6acfb25ee2f8e65,taxonomy_j04,CLASSIFIED_AS,ACCOUNT_TAXONOMY_PHASE5,rel_986c192cff9a33ea
journey_73425bf5aef19d2f,taxonomy_j08,CLASSIFIED_AS,ACCOUNT_TAXONOMY_PHASE5,rel_986ce5da67166d31
journey_28cc302cc9337476,taxonomy_j05,CLASSIFIED_AS,ACCOUNT_TAXONOMY_PHASE5,rel_98728dbaefc77a9d
journey_26116b9c65c09616,taxonomy_j03,CLASSIFIED_AS,ACCOUNT_TAXONOMY_PHASE5,rel_9880c06326e7b93e
journey_c468fbd20eb84ac6,taxonomy_j03,CLASSIFIED_AS,ACCOUNT_TAXONOMY_PHASE5,rel_98872f68a2f0a0c9
journey_f653d52bc8bd7ca1,taxonomy_j08,CLASSIFIED_AS,ACCOUNT_TAXONOMY_PHASE5,rel_988b2e884404038f
journey_f217817a567c4361,taxonomy_j03,CLASSIFIED_AS,ACCOUNT_TAXONOMY_PHASE5,rel_988deb8275ae5267
journey_0eb920b51a663852,taxonomy_j04,CLASSIFIED_AS,ACCOUNT_TAXONOMY_PHASE5,rel_9895c4d08c047492
journey_0d1aebd6f04115e7,taxonomy_j04,CLASSIFIED_AS,ACCOUNT_TAXONOMY_PHASE5,rel_989a60e1ceeaca2a
journey_de8a422e5fac8968,taxonomy_j04,CLASSIFIED_AS,ACCOUNT_TAXONOMY_PHASE5,rel_98a17c1fe253cea2
journey_5cf3055c2dbd31be,taxonomy_j10,CLASSIFIED_AS,ACCOUNT_TAXONOMY_PHASE5,rel_98a84224c3d6dd07
journey_eb8cd7698d76c530,taxonomy_j05,CLASSIFIED_AS,ACCOUNT_TAXONOMY_PHASE5,rel_98ad678a9ead94cd
journey_2b0834c7b884b416,taxonomy_j08,CLASSIFIED_AS,ACCOUNT_TAXONOMY_PHASE5,rel_98ae11363ff84e69
journey_883f999685c77a4e,taxonomy_j03,CLASSIFIED_AS,ACCOUNT_TAXONOMY_PHASE5,rel_98b14a705829d561
journey_e17743b1fb84c060,taxonomy_j05,CLASSIFIED_AS,ACCOUNT_TAXONOMY_PHASE5,rel_98b4c0f58eec272c
journey_f3566623bc232ced,taxonomy_j04,CLASSIFIED_AS,ACCOUNT_TAXONOMY_PHASE5,rel_98c3b9c6e986bac4
journey_eec21b22c08aeaee,taxonomy_j10,CLASSIFIED_AS,ACCOUNT_TAXONOMY_PHASE5,rel_98e02edb6afdadc1
journey_ead9eb98f0682729,taxonomy_j04,CLASSIFIED_AS,ACCOUNT_TAXONOMY_PHASE5,rel_98f9bf65277e05df
journey_507bdccd803dae55,taxonomy_j08,CLASSIFIED_AS,ACCOUNT_TAXONOMY_PHASE5,rel_994160cc31b3b059
journey_8ee629f68756d890,taxonomy_j03,CLASSIFIED_AS,ACCOUNT_TAXONOMY_PHASE5,rel_996098f3759afe48
journey_66420fdc07586833,taxonomy_j05,CLASSIFIED_AS,ACCOUNT_TAXONOMY_PHASE5,rel_99613925b9b4c495
journey_253eea96c31970fc,taxonomy_j08,CLASSIFIED_AS,ACCOUNT_TAXONOMY_PHASE5,rel_99643cec72f31f68
journey_ba5e4a31d0203ce7,taxonomy_j09,CLASSIFIED_AS,ACCOUNT_TAXONOMY_PHASE5,rel_997072af055cfb0b
journey_9079e93dfbc9f138,taxonomy_j09,CLASSIFIED_AS,ACCOUNT_TAXONOMY_PHASE5,rel_9970ab68ed5eb4ab
journey_4ef1f4224b9b14f7,taxonomy_j08,CLASSIFIED_AS,ACCOUNT_TAXONOMY_PHASE5,rel_998731d71a09e345
journey_e659477bcf172522,taxonomy_j01,CLASSIFIED_AS,ACCOUNT_TAXONOMY_PHASE5,rel_99a921202b997e3d
journey_08fa9ca2aea5d237,taxonomy_j05,CLASSIFIED_AS,ACCOUNT_TAXONOMY_PHASE5,rel_99b41b37e1e880c4
journey_5f19f62f1d7fd569,taxonomy_j04,CLASSIFIED_AS,ACCOUNT_TAXONOMY_PHASE5,rel_99b9f94bf8d000d1
journey_da98855ee0dc4412,taxonomy_j08,CLASSIFIED_AS,ACCOUNT_TAXONOMY_PHASE5,rel_99cbb992db5b94d1
journey_ae790f8040205ca6,taxonomy_j04,CLASSIFIED_AS,ACCOUNT_TAXONOMY_PHASE5,rel_99cd8ee616addd55
journey_0cc9bcfc8485c867,taxonomy_j04,CLASSIFIED_AS,ACCOUNT_TAXONOMY_PHASE5,rel_99fed2d0fb1a76e3
journey_b3e88f668ca78bcb,taxonomy_j05,CLASSIFIED_AS,ACCOUNT_TAXONOMY_PHASE5,rel_9a117cd42a2ecbee
journey_4cdb9c49b56ff1db,taxonomy_j08,CLASSIFIED_AS,ACCOUNT_TAXONOMY_PHASE5,rel_9a21bab7386adb8a
journey_9a341981fc145ee9,taxonomy_j08,CLASSIFIED_AS,ACCOUNT_TAXONOMY_PHASE5,rel_9a3edd36bf1d9eb0
journey_fe7dbf054ae8e6f5,taxonomy_j03,CLASSIFIED_AS,ACCOUNT_TAXONOMY_PHASE5,rel_9a54aa9cc92f35ff
journey_d1f0e4a7033a5fb3,taxonomy_j09,CLASSIFIED_AS,ACCOUNT_TAXONOMY_PHASE5,rel_9a649cbf9eb56115
journey_22f7bdd0cc5a5383,taxonomy_j03,CLASSIFIED_AS,ACCOUNT_TAXONOMY_PHASE5,rel_9a72a691b21c5165
journey_8e44d80e7a9b3e2c,taxonomy_j08,CLASSIFIED_AS,ACCOUNT_TAXONOMY_PHASE5,rel_9a72bff138442a85
journey_ae1dbccad6d6f3d4,taxonomy_j01,CLASSIFIED_AS,ACCOUNT_TAXONOMY_PHASE5,rel_9a8df30ffe9b2e24
journey_b14d3d04bad91fae,taxonomy_j08,CLASSIFIED_AS,ACCOUNT_TAXONOMY_PHASE5,rel_9a8eaf59d3819bba
journey_5634170c799a2f68,taxonomy_j09,CLASSIFIED_AS,ACCOUNT_TAXONOMY_PHASE5,rel_9a8ece994493b369
journey_008ec6a703240121,taxonomy_j05,CLASSIFIED_AS,ACCOUNT_TAXONOMY_PHASE5,rel_9aa06e593f53ff7b
journey_e180f9b90fb10f33,taxonomy_j09,CLASSIFIED_AS,ACCOUNT_TAXONOMY_PHASE5,rel_9aa8a6701f91b148
journey_2823680549b9bfa6,taxonomy_j04,CLASSIFIED_AS,ACCOUNT_TAXONOMY_PHASE5,rel_9aadd8223e5837ce
journey_cac1120e97703634,taxonomy_j08,CLASSIFIED_AS,ACCOUNT_TAXONOMY_PHASE5,rel_9ab40660471d89ca
journey_6d3058e255ffab3c,taxonomy_j08,CLASSIFIED_AS,ACCOUNT_TAXONOMY_PHASE5,rel_9aced3ddfc219ee0
journey_c64a05a93b0d7d7b,taxonomy_j04,CLASSIFIED_AS,ACCOUNT_TAXONOMY_PHASE5,rel_9ad9d29c88f07ff5
journey_fd438a31f4e43ef9,taxonomy_j04,CLASSIFIED_AS,ACCOUNT_TAXONOMY_PHASE5,rel_9ae2a5c848333481
journey_bbf68f1d2705a2f0,taxonomy_j05,CLASSIFIED_AS,ACCOUNT_TAXONOMY_PHASE5,rel_9ae5d54ae85ef35f
journey_2609b4746ce819c0,taxonomy_j05,CLASSIFIED_AS,ACCOUNT_TAXONOMY_PHASE5,rel_9af149221662af8b
journey_0a19df9b0a25db8a,taxonomy_j01,CLASSIFIED_AS,ACCOUNT_TAXONOMY_PHASE5,rel_9af3d039f7b4f15f
journey_a32bf6fe3dcb03ca,taxonomy_j09,CLASSIFIED_AS,ACCOUNT_TAXONOMY_PHASE5,rel_9b1a3a19eda7151e
journey_79c4a7ae80f2b0be,taxonomy_j05,CLASSIFIED_AS,ACCOUNT_TAXONOMY_PHASE5,rel_9b24808fb37b7509
journey_a84131d6ed4f1a9c,taxonomy_j05,CLASSIFIED_AS,ACCOUNT_TAXONOMY_PHASE5,rel_9b25afd4f86e5c42
journey_3e0ec0a5db41f584,taxonomy_j10,CLASSIFIED_AS,ACCOUNT_TAXONOMY_PHASE5,rel_9b4511fa779eb3d4
journey_42544ca49ed0e3ab,taxonomy_j09,CLASSIFIED_AS,ACCOUNT_TAXONOMY_PHASE5,rel_9b487a2b1ddef77d
journey_c53ea719525e002e,taxonomy_j04,CLASSIFIED_AS,ACCOUNT_TAXONOMY_PHASE5,rel_9b5844ce16af1ec7
journey_b06fc407df09c549,taxonomy_j05,CLASSIFIED_AS,ACCOUNT_TAXONOMY_PHASE5,rel_9b5e2231665dc788
journey_9819c9c9c49f8830,taxonomy_j03,CLASSIFIED_AS,ACCOUNT_TAXONOMY_PHASE5,rel_9b87ec5936afdab1
journey_75d1041ba7194923,taxonomy_j01,CLASSIFIED_AS,ACCOUNT_TAXONOMY_PHASE5,rel_9b94a083c87158b1
journey_f57e16b902ebb04d,taxonomy_j01,CLASSIFIED_AS,ACCOUNT_TAXONOMY_PHASE5,rel_9b98b89580295fc3
journey_704ebf98108bc215,taxonomy_j04,CLASSIFIED_AS,ACCOUNT_TAXONOMY_PHASE5,rel_9b9cd006d41a2a89
journey_89e1cd592cbeed4c,taxonomy_j05,CLASSIFIED_AS,ACCOUNT_TAXONOMY_PHASE5,rel_9b9dad28e2a29ebb
journey_387f6733d9733bb0,taxonomy_j08,CLASSIFIED_AS,ACCOUNT_TAXONOMY_PHASE5,rel_9bba26206aaaea0d
journey_c58e0d2a88c2c988,taxonomy_j08,CLASSIFIED_AS,ACCOUNT_TAXONOMY_PHASE5,rel_9bbdfb6dade8a9fc
journey_65d9e7730548120c,taxonomy_j10,CLASSIFIED_AS,ACCOUNT_TAXONOMY_PHASE5,rel_9bc40688a1d42d42
journey_b699f660c8607197,taxonomy_j03,CLASSIFIED_AS,ACCOUNT_TAXONOMY_PHASE5,rel_9bf51415047c038a
journey_4b3a55a033486f60,taxonomy_j04,CLASSIFIED_AS,ACCOUNT_TAXONOMY_PHASE5,rel_9bf56014b78088fd
journey_4c885e418d86b5cb,taxonomy_j01,CLASSIFIED_AS,ACCOUNT_TAXONOMY_PHASE5,rel_9c07c775ff9235bc
journey_0ec968dd6e7f114d,taxonomy_j09,CLASSIFIED_AS,ACCOUNT_TAXONOMY_PHASE5,rel_9c0edb4541e57bad
journey_97b6c4a5bca410f6,taxonomy_j04,CLASSIFIED_AS,ACCOUNT_TAXONOMY_PHASE5,rel_9c14d0f56fdcc019
journey_3159fec932572427,taxonomy_j05,CLASSIFIED_AS,ACCOUNT_TAXONOMY_PHASE5,rel_9c20e369971e9043
journey_4c3993b9f0a2b143,taxonomy_j03,CLASSIFIED_AS,ACCOUNT_TAXONOMY_PHASE5,rel_9c3b033234bf60fa
journey_a4f2b9db3c04d3b8,taxonomy_j01,CLASSIFIED_AS,ACCOUNT_TAXONOMY_PHASE5,rel_9c52b066427d67a9
journey_b0e5bca1bad5ba36,taxonomy_j07,CLASSIFIED_AS,ACCOUNT_TAXONOMY_PHASE5,rel_9c5e43ff9934f965
journey_a1427aa5d550a5c3,taxonomy_j05,CLASSIFIED_AS,ACCOUNT_TAXONOMY_PHASE5,rel_9c8fa94fd40d238a
journey_72084a5fd7c5ad5c,taxonomy_j04,CLASSIFIED_AS,ACCOUNT_TAXONOMY_PHASE5,rel_9c9748e45cea2224
journey_ea9b89250f80504e,taxonomy_j01,CLASSIFIED_AS,ACCOUNT_TAXONOMY_PHASE5,rel_9ca5d0ec3c43df84
journey_39d17c42d49d9ed3,taxonomy_j08,CLASSIFIED_AS,ACCOUNT_TAXONOMY_PHASE5,rel_9caf27171f4dc6a1
journey_516c63bd71476f45,taxonomy_j05,CLASSIFIED_AS,ACCOUNT_TAXONOMY_PHASE5,rel_9cc3f1e830089c14
journey_8215eef6dea39cd4,taxonomy_j04,CLASSIFIED_AS,ACCOUNT_TAXONOMY_PHASE5,rel_9cdcb90f663b097f
journey_70d514210e9fc9a4,taxonomy_j09,CLASSIFIED_AS,ACCOUNT_TAXONOMY_PHASE5,rel_9ceb25ef13e75be8
journey_fb01cfa496dac6eb,taxonomy_j08,CLASSIFIED_AS,ACCOUNT_TAXONOMY_PHASE5,rel_9d128a43db98044f
journey_42ee7f7dd90a5734,taxonomy_j05,CLASSIFIED_AS,ACCOUNT_TAXONOMY_PHASE5,rel_9d170171a94cb89f
journey_12659354e4b5c104,taxonomy_j10,CLASSIFIED_AS,ACCOUNT_TAXONOMY_PHASE5,rel_9d2ff5c475fcf74a
journey_93ded9ee473ba905,taxonomy_j01,CLASSIFIED_AS,ACCOUNT_TAXONOMY_PHASE5,rel_9d4273d5bc18de18
journey_8734667327a9ccab,taxonomy_j10,CLASSIFIED_AS,ACCOUNT_TAXONOMY_PHASE5,rel_9d42da8365bca5b8
journey_7a08c05dbc9e6f5e,taxonomy_j05,CLASSIFIED_AS,ACCOUNT_TAXONOMY_PHASE5,rel_9d488b067560de64
journey_c9797280ba733914,taxonomy_j03,CLASSIFIED_AS,ACCOUNT_TAXONOMY_PHASE5,rel_9d4ae6586d89d2ae
journey_38a4d20623801a70,taxonomy_j03,CLASSIFIED_AS,ACCOUNT_TAXONOMY_PHASE5,rel_9d63e5004efbe4f8
journey_fb7da2c81f466e3f,taxonomy_j09,CLASSIFIED_AS,ACCOUNT_TAXONOMY_PHASE5,rel_9d6b7ba6e24b5739
journey_ee103629b59e23be,taxonomy_j05,CLASSIFIED_AS,ACCOUNT_TAXONOMY_PHASE5,rel_9d6bd96cbb5e5afa
journey_84cb6fd81b562df7,taxonomy_j04,CLASSIFIED_AS,ACCOUNT_TAXONOMY_PHASE5,rel_9d7942b1a6ee0cd1
journey_1014cf4501a253d7,taxonomy_j02,CLASSIFIED_AS,ACCOUNT_TAXONOMY_PHASE5,rel_9d7d73cb37a3287d
journey_d2501ed17bfa771c,taxonomy_j04,CLASSIFIED_AS,ACCOUNT_TAXONOMY_PHASE5,rel_9dbdd2b316c8d187
journey_85342f51e7686d4d,taxonomy_j05,CLASSIFIED_AS,ACCOUNT_TAXONOMY_PHASE5,rel_9dc323876b451742
journey_8a6b3f5d97d35acf,taxonomy_j10,CLASSIFIED_AS,ACCOUNT_TAXONOMY_PHASE5,rel_9dc44a22f126c55f
journey_8b2b3e7ba3355d89,taxonomy_j03,CLASSIFIED_AS,ACCOUNT_TAXONOMY_PHASE5,rel_9dd7ef33d00c2436
journey_e871c95d45dd2d2b,taxonomy_j08,CLASSIFIED_AS,ACCOUNT_TAXONOMY_PHASE5,rel_9e0c2420fb5d7b31
journey_65124e3ca3f645e2,taxonomy_j05,CLASSIFIED_AS,ACCOUNT_TAXONOMY_PHASE5,rel_9e0c5a8e34cd55ec
journey_cdcb6e793b975261,taxonomy_j09,CLASSIFIED_AS,ACCOUNT_TAXONOMY_PHASE5,rel_9e1c730145de2a9a
journey_a00a6412e644d746,taxonomy_j04,CLASSIFIED_AS,ACCOUNT_TAXONOMY_PHASE5,rel_9e1f98b0e92e60d9
journey_6c93c6175d67ceb5,taxonomy_j06,CLASSIFIED_AS,ACCOUNT_TAXONOMY_PHASE5,rel_9e4a289b7562b789
journey_490b7b7620286486,taxonomy_j03,CLASSIFIED_AS,ACCOUNT_TAXONOMY_PHASE5,rel_9e4bd884d4460e58
journey_1f553f93decfd45b,taxonomy_j10,CLASSIFIED_AS,ACCOUNT_TAXONOMY_PHASE5,rel_9e57317ec5b3a385
journey_6a2bc9235cdd6a59,taxonomy_j09,CLASSIFIED_AS,ACCOUNT_TAXONOMY_PHASE5,rel_9e7c2df6e60a39d2
journey_6b7c304a7e13eb12,taxonomy_j03,CLASSIFIED_AS,ACCOUNT_TAXONOMY_PHASE5,rel_9e7debe526116743
journey_d293d1c3abbfacec,taxonomy_j01,CLASSIFIED_AS,ACCOUNT_TAXONOMY_PHASE5,rel_9e83a0a1a5aaebb2
journey_c8c85d5cd4634d0c,taxonomy_j07,CLASSIFIED_AS,ACCOUNT_TAXONOMY_PHASE5,rel_9e868f73e7b61ec2
journey_9ede685974ff09fc,taxonomy_j08,CLASSIFIED_AS,ACCOUNT_TAXONOMY_PHASE5,rel_9e90b91322228194
journey_edcd60d422931706,taxonomy_j05,CLASSIFIED_AS,ACCOUNT_TAXONOMY_PHASE5,rel_9ea02032ee5e4ae9
journey_5772c215f08f4210,taxonomy_j05,CLASSIFIED_AS,ACCOUNT_TAXONOMY_PHASE5,rel_9ebbfabc59c76934
journey_de475ad9fbfe34d8,taxonomy_j04,CLASSIFIED_AS,ACCOUNT_TAXONOMY_PHASE5,rel_9ec95e4193f87641
journey_120b741608e968c6,taxonomy_j10,CLASSIFIED_AS,ACCOUNT_TAXONOMY_PHASE5,rel_9ed2686e5dcfa8b7
journey_c32867fb2c0043a6,taxonomy_j05,CLASSIFIED_AS,ACCOUNT_TAXONOMY_PHASE5,rel_9ed593f1600ea872
journey_6b1af54d1abf7e00,taxonomy_j08,CLASSIFIED_AS,ACCOUNT_TAXONOMY_PHASE5,rel_9ee1a6b22c79150e
journey_960b6fbb600c17f3,taxonomy_j09,CLASSIFIED_AS,ACCOUNT_TAXONOMY_PHASE5,rel_9ee3185e3cc8e3df
journey_dde14006d7fa2db6,taxonomy_j01,CLASSIFIED_AS,ACCOUNT_TAXONOMY_PHASE5,rel_9eec582e65bd7fe5
journey_b396a6b295732b42,taxonomy_j01,CLASSIFIED_AS,ACCOUNT_TAXONOMY_PHASE5,rel_9f0d4669f3ba54c7
journey_4f056796e7f3587b,taxonomy_j04,CLASSIFIED_AS,ACCOUNT_TAXONOMY_PHASE5,rel_9f2e2edbba3d3188
journey_ed6d8fff3583176f,taxonomy_j04,CLASSIFIED_AS,ACCOUNT_TAXONOMY_PHASE5,rel_9f3a19b24aac222b
journey_61af227944bc505f,taxonomy_j03,CLASSIFIED_AS,ACCOUNT_TAXONOMY_PHASE5,rel_9f50e5e3164f687c
journey_3fa98c313450accd,taxonomy_j08,CLASSIFIED_AS,ACCOUNT_TAXONOMY_PHASE5,rel_9f5c9a7fc4d4648c
journey_e6cae7039095f951,taxonomy_j04,CLASSIFIED_AS,ACCOUNT_TAXONOMY_PHASE5,rel_9f67911e89d35506
journey_4a127cb7bf4b66f1,taxonomy_j09,CLASSIFIED_AS,ACCOUNT_TAXONOMY_PHASE5,rel_9f71c0eb62a4929d
journey_88a64be09e9b6ee7,taxonomy_j08,CLASSIFIED_AS,ACCOUNT_TAXONOMY_PHASE5,rel_9fc12c42b563f3ab
journey_99cb7d4cf52493cd,taxonomy_j08,CLASSIFIED_AS,ACCOUNT_TAXONOMY_PHASE5,rel_9fc7cb310af1ae8e
journey_76019ee5f764136b,taxonomy_j10,CLASSIFIED_AS,ACCOUNT_TAXONOMY_PHASE5,rel_9ffe403179e37dae
journey_ff3368a1ace5a4bc,taxonomy_j04,CLASSIFIED_AS,ACCOUNT_TAXONOMY_PHASE5,rel_a00e2fccea8420c9
journey_059e7f507f4af0a0,taxonomy_j04,CLASSIFIED_AS,ACCOUNT_TAXONOMY_PHASE5,rel_a011ceb788dd4c24
journey_36fcbc53a86bf9dc,taxonomy_j04,CLASSIFIED_AS,ACCOUNT_TAXONOMY_PHASE5,rel_a01b99aa41cc9b7e
journey_0363d2066f943ad0,taxonomy_j04,CLASSIFIED_AS,ACCOUNT_TAXONOMY_PHASE5,rel_a01c9647da2ba3fc
journey_8606eb1af301ea62,taxonomy_j07,CLASSIFIED_AS,ACCOUNT_TAXONOMY_PHASE5,rel_a02702b4fd64f5cf
journey_e0b2cf38bce7fda2,taxonomy_j01,CLASSIFIED_AS,ACCOUNT_TAXONOMY_PHASE5,rel_a03923d896229c9a
journey_f63a0d598a6f0466,taxonomy_j08,CLASSIFIED_AS,ACCOUNT_TAXONOMY_PHASE5,rel_a043ee2569e698b1
journey_7ee93bb71826ccdc,taxonomy_j04,CLASSIFIED_AS,ACCOUNT_TAXONOMY_PHASE5,rel_a056fbd34b8213d8
journey_4c69cc5003475d20,taxonomy_j04,CLASSIFIED_AS,ACCOUNT_TAXONOMY_PHASE5,rel_a067b872edc77881
journey_4f4d972b6c8da79f,taxonomy_j01,CLASSIFIED_AS,ACCOUNT_TAXONOMY_PHASE5,rel_a0705e6595b4765a
journey_99d174f6b79ebea9,taxonomy_j02,CLASSIFIED_AS,ACCOUNT_TAXONOMY_PHASE5,rel_a074dc9664850d0f
journey_b8563ddd6e3d2323,taxonomy_j09,CLASSIFIED_AS,ACCOUNT_TAXONOMY_PHASE5,rel_a076a975cae41438
journey_c578f6030f1736ef,taxonomy_j07,CLASSIFIED_AS,ACCOUNT_TAXONOMY_PHASE5,rel_a084597bd611537f
journey_22d8992324b1fa65,taxonomy_j04,CLASSIFIED_AS,ACCOUNT_TAXONOMY_PHASE5,rel_a08ed7f6af300864
journey_a163967d1d16fec9,taxonomy_j05,CLASSIFIED_AS,ACCOUNT_TAXONOMY_PHASE5,rel_a0a9468649cf0b4b
journey_a4285551ee3e15db,taxonomy_j08,CLASSIFIED_AS,ACCOUNT_TAXONOMY_PHASE5,rel_a0e5c09f537c85d4
journey_6d625fc679388f97,taxonomy_j04,CLASSIFIED_AS,ACCOUNT_TAXONOMY_PHASE5,rel_a0e8f4c5751020e6
journey_b5589edafce12499,taxonomy_j01,CLASSIFIED_AS,ACCOUNT_TAXONOMY_PHASE5,rel_a10654d3acdb49dc
journey_a5778ca77f05cd51,taxonomy_j05,CLASSIFIED_AS,ACCOUNT_TAXONOMY_PHASE5,rel_a12c0048062ec1e3
journey_e9f9151a7b06ba33,taxonomy_j01,CLASSIFIED_AS,ACCOUNT_TAXONOMY_PHASE5,rel_a1348321a2f3838b
journey_f1822374bbda04eb,taxonomy_j08,CLASSIFIED_AS,ACCOUNT_TAXONOMY_PHASE5,rel_a146196851c82c5b
journey_1bb1f670d647bf76,taxonomy_j04,CLASSIFIED_AS,ACCOUNT_TAXONOMY_PHASE5,rel_a167a693f620b240
journey_7c6b668eb0168528,taxonomy_j04,CLASSIFIED_AS,ACCOUNT_TAXONOMY_PHASE5,rel_a17875c7f563374e
journey_80f12c7b8fd90c04,taxonomy_j01,CLASSIFIED_AS,ACCOUNT_TAXONOMY_PHASE5,rel_a188fbd5348aac30
journey_086941e4b7679b30,taxonomy_j01,CLASSIFIED_AS,ACCOUNT_TAXONOMY_PHASE5,rel_a1b5882f7da81974
journey_bfefd311a41579f0,taxonomy_j01,CLASSIFIED_AS,ACCOUNT_TAXONOMY_PHASE5,rel_a1d465584a824813
journey_4e0f6e4a2c9b7df6,taxonomy_j04,CLASSIFIED_AS,ACCOUNT_TAXONOMY_PHASE5,rel_a1d9229ff15f45d5
journey_ace896004d21f568,taxonomy_j05,CLASSIFIED_AS,ACCOUNT_TAXONOMY_PHASE5,rel_a1ded80f9d05d9fc
journey_c017b6c759c055d8,taxonomy_j05,CLASSIFIED_AS,ACCOUNT_TAXONOMY_PHASE5,rel_a1e704894fd6feb7
journey_997563b3ecc007ad,taxonomy_j09,CLASSIFIED_AS,ACCOUNT_TAXONOMY_PHASE5,rel_a201f5aa19bf089c
journey_359088c8ecf677a1,taxonomy_j04,CLASSIFIED_AS,ACCOUNT_TAXONOMY_PHASE5,rel_a2079415f90403cf
journey_e471e13faf4f12f0,taxonomy_j08,CLASSIFIED_AS,ACCOUNT_TAXONOMY_PHASE5,rel_a22ce7c14d84dd29
journey_0b51d38476686c9c,taxonomy_j07,CLASSIFIED_AS,ACCOUNT_TAXONOMY_PHASE5,rel_a22f8f4aff9222d0
journey_6b8eef00b62d6155,taxonomy_j09,CLASSIFIED_AS,ACCOUNT_TAXONOMY_PHASE5,rel_a2343dfb259c8abf
journey_25ca534e9d03f377,taxonomy_j04,CLASSIFIED_AS,ACCOUNT_TAXONOMY_PHASE5,rel_a24dbe99faa73a24
journey_a1657112cac33e85,taxonomy_j01,CLASSIFIED_AS,ACCOUNT_TAXONOMY_PHASE5,rel_a24fc03e70ff8d29
journey_4be7131cb8043031,taxonomy_j08,CLASSIFIED_AS,ACCOUNT_TAXONOMY_PHASE5,rel_a254881309e63492
journey_16be1d05ce9f206c,taxonomy_j09,CLASSIFIED_AS,ACCOUNT_TAXONOMY_PHASE5,rel_a26142a9e0d5b233
journey_12db50a45d754f18,taxonomy_j08,CLASSIFIED_AS,ACCOUNT_TAXONOMY_PHASE5,rel_a28a16afbd895a00
journey_fdb5de6dad3869e2,taxonomy_j01,CLASSIFIED_AS,ACCOUNT_TAXONOMY_PHASE5,rel_a2c50c219ddb5b23
journey_0bd713f03685e67f,taxonomy_j03,CLASSIFIED_AS,ACCOUNT_TAXONOMY_PHASE5,rel_a2d533cda847a5d4
journey_7ceef5c198103e23,taxonomy_j09,CLASSIFIED_AS,ACCOUNT_TAXONOMY_PHASE5,rel_a2de1eec705abc83
journey_e1592b4dc91ac04c,taxonomy_j03,CLASSIFIED_AS,ACCOUNT_TAXONOMY_PHASE5,rel_a2e4dda232d05fe3
journey_522b9f278c52cbb2,taxonomy_j01,CLASSIFIED_AS,ACCOUNT_TAXONOMY_PHASE5,rel_a2fd8ac3a9b17c66
journey_8b2770ee278bbd01,taxonomy_j07,CLASSIFIED_AS,ACCOUNT_TAXONOMY_PHASE5,rel_a2ff259c8b6373da
journey_0d8c36fdaba8f53f,taxonomy_j08,CLASSIFIED_AS,ACCOUNT_TAXONOMY_PHASE5,rel_a3035050834f5929
journey_6f14dd56e234be32,taxonomy_j09,CLASSIFIED_AS,ACCOUNT_TAXONOMY_PHASE5,rel_a31c5e41d90f8973
journey_f660c61b0c66b895,taxonomy_j08,CLASSIFIED_AS,ACCOUNT_TAXONOMY_PHASE5,rel_a31ed39af61ed1db
journey_bcd7ca796a711897,taxonomy_j08,CLASSIFIED_AS,ACCOUNT_TAXONOMY_PHASE5,rel_a331442b84cc94ef
journey_c19904d2634c1ef6,taxonomy_j10,CLASSIFIED_AS,ACCOUNT_TAXONOMY_PHASE5,rel_a33b0e89d881cdcc
journey_06f962cf4100acf4,taxonomy_j05,CLASSIFIED_AS,ACCOUNT_TAXONOMY_PHASE5,rel_a33babb322f78fd8
journey_34702c0847dd2f1d,taxonomy_j09,CLASSIFIED_AS,ACCOUNT_TAXONOMY_PHASE5,rel_a33e216b16e638db
journey_d7bae9b74e1709e3,taxonomy_j04,CLASSIFIED_AS,ACCOUNT_TAXONOMY_PHASE5,rel_a34e5ce31e711d55
journey_5926157144a2d666,taxonomy_j04,CLASSIFIED_AS,ACCOUNT_TAXONOMY_PHASE5,rel_a355a35424cfdb62
journey_5930b54c450b7ba4,taxonomy_j04,CLASSIFIED_AS,ACCOUNT_TAXONOMY_PHASE5,rel_a35ea5f7aac0f79c
journey_528235a94ab4c7df,taxonomy_j03,CLASSIFIED_AS,ACCOUNT_TAXONOMY_PHASE5,rel_a36867381bf39478
journey_4cb2d3cbac453ecb,taxonomy_j05,CLASSIFIED_AS,ACCOUNT_TAXONOMY_PHASE5,rel_a37381e9b3d5759f
journey_c4b2c8b3528f8bba,taxonomy_j04,CLASSIFIED_AS,ACCOUNT_TAXONOMY_PHASE5,rel_a3756ebccdd6a79c
journey_f0a631e9b61f1735,taxonomy_j04,CLASSIFIED_AS,ACCOUNT_TAXONOMY_PHASE5,rel_a37b4b8f470775a2
journey_708656ff9de70dcd,taxonomy_j01,CLASSIFIED_AS,ACCOUNT_TAXONOMY_PHASE5,rel_a38d0cb25968e3f2
journey_b61cbb5fa4d98529,taxonomy_j01,CLASSIFIED_AS,ACCOUNT_TAXONOMY_PHASE5,rel_a3a794fb0304d8e4
journey_08539edadea85c33,taxonomy_j02,CLASSIFIED_AS,ACCOUNT_TAXONOMY_PHASE5,rel_a3bc67ac9dd5d294
journey_b67a1b2db111c039,taxonomy_j08,CLASSIFIED_AS,ACCOUNT_TAXONOMY_PHASE5,rel_a3fef6058d97c7b0
journey_7297f5039468431b,taxonomy_j05,CLASSIFIED_AS,ACCOUNT_TAXONOMY_PHASE5,rel_a404e44127de5d03
journey_50e824d854a1f0a5,taxonomy_j04,CLASSIFIED_AS,ACCOUNT_TAXONOMY_PHASE5,rel_a408539ed635144c
journey_3e41a186ee619ce7,taxonomy_j04,CLASSIFIED_AS,ACCOUNT_TAXONOMY_PHASE5,rel_a42d5fbe0b5d6f14
journey_4e83227acc147811,taxonomy_j09,CLASSIFIED_AS,ACCOUNT_TAXONOMY_PHASE5,rel_a432c5d45ef1901e
journey_4cacece15274a9de,taxonomy_j01,CLASSIFIED_AS,ACCOUNT_TAXONOMY_PHASE5,rel_a4334f3198da1e19
journey_7bd4e3783dbee3a0,taxonomy_j09,CLASSIFIED_AS,ACCOUNT_TAXONOMY_PHASE5,rel_a437b863961c7b11
journey_ae54d4aaefeb2c8f,taxonomy_j09,CLASSIFIED_AS,ACCOUNT_TAXONOMY_PHASE5,rel_a43ba03bdfcc777c
journey_68d193fd5552655e,taxonomy_j03,CLASSIFIED_AS,ACCOUNT_TAXONOMY_PHASE5,rel_a4515abdfaa09c4e
journey_1e236e6f7034e59b,taxonomy_j09,CLASSIFIED_AS,ACCOUNT_TAXONOMY_PHASE5,rel_a4523fc4e3aaf21c
journey_0733bb459e76009e,taxonomy_j04,CLASSIFIED_AS,ACCOUNT_TAXONOMY_PHASE5,rel_a46239456391f50b
journey_b14a3f298f92a66d,taxonomy_j08,CLASSIFIED_AS,ACCOUNT_TAXONOMY_PHASE5,rel_a47fd11aacde7064
journey_badf006cea69b86a,taxonomy_j09,CLASSIFIED_AS,ACCOUNT_TAXONOMY_PHASE5,rel_a48dccf62ab2fc17
journey_3052b5b86e71b0cb,taxonomy_j04,CLASSIFIED_AS,ACCOUNT_TAXONOMY_PHASE5,rel_a4952d49dd85fab6
journey_5ec57eb64e82caf5,taxonomy_j01,CLASSIFIED_AS,ACCOUNT_TAXONOMY_PHASE5,rel_a4ad61e26aa56a9d
journey_ddc9d743a5978e17,taxonomy_j03,CLASSIFIED_AS,ACCOUNT_TAXONOMY_PHASE5,rel_a4b1867f960ef324
journey_17becbac47d8e8ba,taxonomy_j04,CLASSIFIED_AS,ACCOUNT_TAXONOMY_PHASE5,rel_a4b3693eda2d1a79
journey_8041d010ef7cfa8a,taxonomy_j05,CLASSIFIED_AS,ACCOUNT_TAXONOMY_PHASE5,rel_a4ba36493ffc67df
journey_ab7d5bbbc3847869,taxonomy_j01,CLASSIFIED_AS,ACCOUNT_TAXONOMY_PHASE5,rel_a4cef2d91e216a56
journey_52c6ad88586099b5,taxonomy_j09,CLASSIFIED_AS,ACCOUNT_TAXONOMY_PHASE5,rel_a4cfebe184af462c
journey_0954febf7336cab6,taxonomy_j05,CLASSIFIED_AS,ACCOUNT_TAXONOMY_PHASE5,rel_a4fb4d938e443b00
journey_0da21e8a747a548d,taxonomy_j01,CLASSIFIED_AS,ACCOUNT_TAXONOMY_PHASE5,rel_a50f837fc83a99ac
journey_0dda3d318026cd06,taxonomy_j03,CLASSIFIED_AS,ACCOUNT_TAXONOMY_PHASE5,rel_a53535a85d6eb222
journey_94733d482c9b32e7,taxonomy_j04,CLASSIFIED_AS,ACCOUNT_TAXONOMY_PHASE5,rel_a563cb29a499075e
journey_0459030549498c87,taxonomy_j09,CLASSIFIED_AS,ACCOUNT_TAXONOMY_PHASE5,rel_a56d12026cf52789
journey_b3271167a341657f,taxonomy_j04,CLASSIFIED_AS,ACCOUNT_TAXONOMY_PHASE5,rel_a56f5f3dfe52a560
journey_bc9adf2442b83e52,taxonomy_j04,CLASSIFIED_AS,ACCOUNT_TAXONOMY_PHASE5,rel_a575be7e30e735fb
journey_8e78f3163c73d4ad,taxonomy_j04,CLASSIFIED_AS,ACCOUNT_TAXONOMY_PHASE5,rel_a59b75d8b605ac4c
journey_f21ebc6aaa1f7276,taxonomy_j09,CLASSIFIED_AS,ACCOUNT_TAXONOMY_PHASE5,rel_a59ccfe1568e0e11
journey_06449cdb0fe604e1,taxonomy_j01,CLASSIFIED_AS,ACCOUNT_TAXONOMY_PHASE5,rel_a5a16a1cd73f6128
journey_9290888eefe28e84,taxonomy_j05,CLASSIFIED_AS,ACCOUNT_TAXONOMY_PHASE5,rel_a5a2915fd4f8fe2d
journey_89b3228d0c14454e,taxonomy_j04,CLASSIFIED_AS,ACCOUNT_TAXONOMY_PHASE5,rel_a5ecaf871ba7da9d
journey_c6e897393c040c8d,taxonomy_j08,CLASSIFIED_AS,ACCOUNT_TAXONOMY_PHASE5,rel_a5f9fe046c2c466b
journey_dc3bfda471e26579,taxonomy_j08,CLASSIFIED_AS,ACCOUNT_TAXONOMY_PHASE5,rel_a61149c49121e0d9
journey_4c40794aba1a07c6,taxonomy_j04,CLASSIFIED_AS,ACCOUNT_TAXONOMY_PHASE5,rel_a632ba866420da93
journey_c9e39440ee69f8d2,taxonomy_j09,CLASSIFIED_AS,ACCOUNT_TAXONOMY_PHASE5,rel_a6333098acd275be
journey_035d618fe4abb46a,taxonomy_j10,CLASSIFIED_AS,ACCOUNT_TAXONOMY_PHASE5,rel_a6395258699fb315
journey_ba5aa697661efdcb,taxonomy_j01,CLASSIFIED_AS,ACCOUNT_TAXONOMY_PHASE5,rel_a653a174d833f9c9
journey_09c4c72abda202c4,taxonomy_j01,CLASSIFIED_AS,ACCOUNT_TAXONOMY_PHASE5,rel_a65c766823ce7ad9
journey_aedc954b60d036c2,taxonomy_j01,CLASSIFIED_AS,ACCOUNT_TAXONOMY_PHASE5,rel_a66d311070b4fb52
journey_8c26d9f0a04658c9,taxonomy_j04,CLASSIFIED_AS,ACCOUNT_TAXONOMY_PHASE5,rel_a6949df528f1d291
journey_7c3701c747c4ccc9,taxonomy_j05,CLASSIFIED_AS,ACCOUNT_TAXONOMY_PHASE5,rel_a697b236f39e5734
journey_5735cb0b700b7942,taxonomy_j05,CLASSIFIED_AS,ACCOUNT_TAXONOMY_PHASE5,rel_a6bdd3fbfc819b14
journey_fe55fe2002ac6625,taxonomy_j09,CLASSIFIED_AS,ACCOUNT_TAXONOMY_PHASE5,rel_a6bedffeb6eafbc0
journey_9b08cd45143596a7,taxonomy_j10,CLASSIFIED_AS,ACCOUNT_TAXONOMY_PHASE5,rel_a6cfe7a42d37597e
journey_9bc2de307c29a517,taxonomy_j10,CLASSIFIED_AS,ACCOUNT_TAXONOMY_PHASE5,rel_a6d30ef27a06d2e3
journey_658249586557bd29,taxonomy_j01,CLASSIFIED_AS,ACCOUNT_TAXONOMY_PHASE5,rel_a6e97b11dfb49def
journey_8ed6a5e90407a7a0,taxonomy_j04,CLASSIFIED_AS,ACCOUNT_TAXONOMY_PHASE5,rel_a6ea09acf3f1b0a0
journey_9659fdd6ed9949a7,taxonomy_j05,CLASSIFIED_AS,ACCOUNT_TAXONOMY_PHASE5,rel_a6f2b14917119c39
journey_0fe1a5b31df2a9dd,taxonomy_j04,CLASSIFIED_AS,ACCOUNT_TAXONOMY_PHASE5,rel_a700ea6c1ea6b4f0
journey_de0b9642bbc18a0b,taxonomy_j10,CLASSIFIED_AS,ACCOUNT_TAXONOMY_PHASE5,rel_a72740d3fb32dae7
journey_8e5c7110737f4294,taxonomy_j05,CLASSIFIED_AS,ACCOUNT_TAXONOMY_PHASE5,rel_a73a70b8fffe59f3
journey_1384f1e7598ba1ba,taxonomy_j08,CLASSIFIED_AS,ACCOUNT_TAXONOMY_PHASE5,rel_a7458e547a420534
journey_cc3d4af20af13cb4,taxonomy_j08,CLASSIFIED_AS,ACCOUNT_TAXONOMY_PHASE5,rel_a7541e46e5530ec8
journey_214681c822016b2c,taxonomy_j03,CLASSIFIED_AS,ACCOUNT_TAXONOMY_PHASE5,rel_a75690d33de8e868
journey_a8894a32f1ac1042,taxonomy_j02,CLASSIFIED_AS,ACCOUNT_TAXONOMY_PHASE5,rel_a760978e795b2563
journey_6f1237ee6e223d13,taxonomy_j10,CLASSIFIED_AS,ACCOUNT_TAXONOMY_PHASE5,rel_a7627ba3798c6914
journey_dab8735f5d7b5dfb,taxonomy_j05,CLASSIFIED_AS,ACCOUNT_TAXONOMY_PHASE5,rel_a78450b03038ee28
journey_9d370f3c5f303ee1,taxonomy_j08,CLASSIFIED_AS,ACCOUNT_TAXONOMY_PHASE5,rel_a79c05b99e08e61c
journey_77d005e398d1c5c8,taxonomy_j03,CLASSIFIED_AS,ACCOUNT_TAXONOMY_PHASE5,rel_a79ff31c750a2a8f
journey_dd86c995e4dadf66,taxonomy_j10,CLASSIFIED_AS,ACCOUNT_TAXONOMY_PHASE5,rel_a7b33163de6e6558
journey_fe464c9628308c8d,taxonomy_j02,CLASSIFIED_AS,ACCOUNT_TAXONOMY_PHASE5,rel_a7bb17d878a1f2cb
journey_336b7f7e5b545788,taxonomy_j04,CLASSIFIED_AS,ACCOUNT_TAXONOMY_PHASE5,rel_a7c3c33a70f99b70
journey_36f2fef880829831,taxonomy_j04,CLASSIFIED_AS,ACCOUNT_TAXONOMY_PHASE5,rel_a7c7525b39425821
journey_27784f0c8204362e,taxonomy_j01,CLASSIFIED_AS,ACCOUNT_TAXONOMY_PHASE5,rel_a7e2fd43722324ab
journey_295f8c510643b90e,taxonomy_j04,CLASSIFIED_AS,ACCOUNT_TAXONOMY_PHASE5,rel_a7edb067038ee1aa
journey_4b0ff610422e8891,taxonomy_j04,CLASSIFIED_AS,ACCOUNT_TAXONOMY_PHASE5,rel_a808225350df9ba6
journey_62a46c00b9863b29,taxonomy_j05,CLASSIFIED_AS,ACCOUNT_TAXONOMY_PHASE5,rel_a8329afc01096cb9
journey_0233c11fd54a588f,taxonomy_j05,CLASSIFIED_AS,ACCOUNT_TAXONOMY_PHASE5,rel_a840afafe84d6354
journey_07bd3aa6883b0d24,taxonomy_j08,CLASSIFIED_AS,ACCOUNT_TAXONOMY_PHASE5,rel_a8491940156913ca
journey_4727a044251ac9a9,taxonomy_j04,CLASSIFIED_AS,ACCOUNT_TAXONOMY_PHASE5,rel_a85858008d084d28
journey_296c7167829f63f9,taxonomy_j03,CLASSIFIED_AS,ACCOUNT_TAXONOMY_PHASE5,rel_a85d2e5911a6d334
journey_7eeb59532de62858,taxonomy_j07,CLASSIFIED_AS,ACCOUNT_TAXONOMY_PHASE5,rel_a8692d7668a6ac7f
journey_33c5977a6c946963,taxonomy_j05,CLASSIFIED_AS,ACCOUNT_TAXONOMY_PHASE5,rel_a882c4ccc9775397
journey_a5d5d7ebc11908c6,taxonomy_j08,CLASSIFIED_AS,ACCOUNT_TAXONOMY_PHASE5,rel_a8bc87d04641d94f
journey_6c6b143df0c9a57a,taxonomy_j04,CLASSIFIED_AS,ACCOUNT_TAXONOMY_PHASE5,rel_a8da4178420a482a
journey_9db1147b11fe2c03,taxonomy_j10,CLASSIFIED_AS,ACCOUNT_TAXONOMY_PHASE5,rel_a8e0708df97b021d
journey_1d6dccd8f3eae7be,taxonomy_j09,CLASSIFIED_AS,ACCOUNT_TAXONOMY_PHASE5,rel_a909335dd3f5911a
journey_e85d5f23c70ada89,taxonomy_j09,CLASSIFIED_AS,ACCOUNT_TAXONOMY_PHASE5,rel_a9183a959bb9c91c
journey_48f9d6fb64683f85,taxonomy_j05,CLASSIFIED_AS,ACCOUNT_TAXONOMY_PHASE5,rel_a9269feb3b33ab97
journey_97911c4635d74c95,taxonomy_j03,CLASSIFIED_AS,ACCOUNT_TAXONOMY_PHASE5,rel_a9474a6131c4d6f3
journey_92e4a6f3d6f466e9,taxonomy_j01,CLASSIFIED_AS,ACCOUNT_TAXONOMY_PHASE5,rel_a95f55f8623b1c31
journey_9631fd2dce731aad,taxonomy_j08,CLASSIFIED_AS,ACCOUNT_TAXONOMY_PHASE5,rel_a962025aa0377c94
journey_37e3814d38e8b1bb,taxonomy_j08,CLASSIFIED_AS,ACCOUNT_TAXONOMY_PHASE5,rel_a96d93cd5b528341
journey_2805cd5dcb4c1438,taxonomy_j01,CLASSIFIED_AS,ACCOUNT_TAXONOMY_PHASE5,rel_a976d9e6b0acba49
journey_f20a899da5589b9e,taxonomy_j08,CLASSIFIED_AS,ACCOUNT_TAXONOMY_PHASE5,rel_a976eafb4c1c8f4a
journey_5e118322db5b44f9,taxonomy_j05,CLASSIFIED_AS,ACCOUNT_TAXONOMY_PHASE5,rel_a9a90310b0f27c88
journey_da3fbf50e9118932,taxonomy_j05,CLASSIFIED_AS,ACCOUNT_TAXONOMY_PHASE5,rel_a9ae40e002c44af1
journey_516d25bbcbcf621d,taxonomy_j05,CLASSIFIED_AS,ACCOUNT_TAXONOMY_PHASE5,rel_a9b27b74d6fb862d
journey_2d0e5557482f4a15,taxonomy_j09,CLASSIFIED_AS,ACCOUNT_TAXONOMY_PHASE5,rel_a9b4ab15f055795c
journey_78fb22765785c4be,taxonomy_j10,CLASSIFIED_AS,ACCOUNT_TAXONOMY_PHASE5,rel_a9b79fa09b2b2a05
journey_de7d52e54e00b307,taxonomy_j08,CLASSIFIED_AS,ACCOUNT_TAXONOMY_PHASE5,rel_a9c2f8d0c236a5b7
journey_0b462c3434f4bb58,taxonomy_j04,CLASSIFIED_AS,ACCOUNT_TAXONOMY_PHASE5,rel_a9d4403d103df0c8
journey_cdbbba6dce30f1b7,taxonomy_j09,CLASSIFIED_AS,ACCOUNT_TAXONOMY_PHASE5,rel_a9e60838a66b2864
journey_d9abe0a2083085d7,taxonomy_j05,CLASSIFIED_AS,ACCOUNT_TAXONOMY_PHASE5,rel_a9f0af1796c58242
journey_008f06b5bc8e6b18,taxonomy_j04,CLASSIFIED_AS,ACCOUNT_TAXONOMY_PHASE5,rel_a9f0e4353cc5d269
journey_dfadd56d33eb7654,taxonomy_j10,CLASSIFIED_AS,ACCOUNT_TAXONOMY_PHASE5,rel_aa10636311880b8a
journey_8919e51f902ce87c,taxonomy_j08,CLASSIFIED_AS,ACCOUNT_TAXONOMY_PHASE5,rel_aa18bab011799396
journey_e4f84d0cd1f9a73a,taxonomy_j08,CLASSIFIED_AS,ACCOUNT_TAXONOMY_PHASE5,rel_aa1a51247facf02f
journey_5c3f06d4075ef9f5,taxonomy_j08,CLASSIFIED_AS,ACCOUNT_TAXONOMY_PHASE5,rel_aa28737d0bb1b262
journey_5f6bdaf2ec66ca00,taxonomy_j01,CLASSIFIED_AS,ACCOUNT_TAXONOMY_PHASE5,rel_aa2d77760db47cb3
journey_4e065f3ec929d93f,taxonomy_j05,CLASSIFIED_AS,ACCOUNT_TAXONOMY_PHASE5,rel_aa2f0204077ba228
journey_eb56f0a9f5213ace,taxonomy_j05,CLASSIFIED_AS,ACCOUNT_TAXONOMY_PHASE5,rel_aa35ab5956b9a4d7
journey_6fe02c8f4db15528,taxonomy_j09,CLASSIFIED_AS,ACCOUNT_TAXONOMY_PHASE5,rel_aa3dd5f11fd38360
journey_8c9addd7b7325503,taxonomy_j08,CLASSIFIED_AS,ACCOUNT_TAXONOMY_PHASE5,rel_aa3e36f55c615c71
journey_a9f1d6f1fcd79d1e,taxonomy_j04,CLASSIFIED_AS,ACCOUNT_TAXONOMY_PHASE5,rel_aa486e6e8df6ffeb
journey_a9228479de1ab56e,taxonomy_j04,CLASSIFIED_AS,ACCOUNT_TAXONOMY_PHASE5,rel_aa56e8a5e99eceb2
journey_7643a85e1c59f3b9,taxonomy_j05,CLASSIFIED_AS,ACCOUNT_TAXONOMY_PHASE5,rel_aa7616c9044b2da4
journey_c3222ea7ce94f5bc,taxonomy_j09,CLASSIFIED_AS,ACCOUNT_TAXONOMY_PHASE5,rel_aa78121dd4d95de4
journey_7438b367c3b09dcc,taxonomy_j09,CLASSIFIED_AS,ACCOUNT_TAXONOMY_PHASE5,rel_aa95bc69db79d6eb
journey_de38f8aa7999b747,taxonomy_j07,CLASSIFIED_AS,ACCOUNT_TAXONOMY_PHASE5,rel_aaa3853cb64dd7d9
journey_cece2eb379e0d42a,taxonomy_j08,CLASSIFIED_AS,ACCOUNT_TAXONOMY_PHASE5,rel_aabf604fea8f0a00
journey_672de1a431f0b1f5,taxonomy_j04,CLASSIFIED_AS,ACCOUNT_TAXONOMY_PHASE5,rel_aac4babace014243
journey_5df121ffcf19eb19,taxonomy_j04,CLASSIFIED_AS,ACCOUNT_TAXONOMY_PHASE5,rel_aad02d29ae2256d7
journey_2b21c6816a5af83b,taxonomy_j07,CLASSIFIED_AS,ACCOUNT_TAXONOMY_PHASE5,rel_aad46674ddfc849d
journey_33c21617921b0eb1,taxonomy_j08,CLASSIFIED_AS,ACCOUNT_TAXONOMY_PHASE5,rel_aadae882d08ff53a
journey_fae6157a7590c8f7,taxonomy_j05,CLASSIFIED_AS,ACCOUNT_TAXONOMY_PHASE5,rel_aae2f31209db853c
journey_e80d5b8b625fac33,taxonomy_j05,CLASSIFIED_AS,ACCOUNT_TAXONOMY_PHASE5,rel_aafab6245b3517a8
journey_4dfbd5e45c9c98c2,taxonomy_j04,CLASSIFIED_AS,ACCOUNT_TAXONOMY_PHASE5,rel_ab0bc9d516385f47
journey_4cfdbb22bff0a04e,taxonomy_j05,CLASSIFIED_AS,ACCOUNT_TAXONOMY_PHASE5,rel_ab1790abb4971485
journey_70ba6789fd1e83de,taxonomy_j09,CLASSIFIED_AS,ACCOUNT_TAXONOMY_PHASE5,rel_ab1c96d985ddba22
journey_fbc8d738a603c1bd,taxonomy_j07,CLASSIFIED_AS,ACCOUNT_TAXONOMY_PHASE5,rel_ab2f895bdb68acdc
journey_d27271b6e156e648,taxonomy_j09,CLASSIFIED_AS,ACCOUNT_TAXONOMY_PHASE5,rel_ab32476bead89639
journey_1bf339813c4ddd3d,taxonomy_j10,CLASSIFIED_AS,ACCOUNT_TAXONOMY_PHASE5,rel_ab393097645d8dd8
journey_ff8b3f5984bf3692,taxonomy_j04,CLASSIFIED_AS,ACCOUNT_TAXONOMY_PHASE5,rel_ab39ce0913e4ce1b
journey_ebb9d0f67f7632c1,taxonomy_j05,CLASSIFIED_AS,ACCOUNT_TAXONOMY_PHASE5,rel_ab44616530e06690
journey_24481f0ab3c5deb9,taxonomy_j09,CLASSIFIED_AS,ACCOUNT_TAXONOMY_PHASE5,rel_ab4e8320ffb5c32d
journey_160f6ec7ffa874b2,taxonomy_j03,CLASSIFIED_AS,ACCOUNT_TAXONOMY_PHASE5,rel_ab526a995dee7bf6
journey_989358e1522c0157,taxonomy_j03,CLASSIFIED_AS,ACCOUNT_TAXONOMY_PHASE5,rel_ab579e35b18cf0e5
journey_15e24dd7bf2152c2,taxonomy_j09,CLASSIFIED_AS,ACCOUNT_TAXONOMY_PHASE5,rel_ab600012175d7985
journey_8e28e6f24f9c87d3,taxonomy_j05,CLASSIFIED_AS,ACCOUNT_TAXONOMY_PHASE5,rel_ab7bf14ed6de35b0
journey_f5f7d4b93668d628,taxonomy_j09,CLASSIFIED_AS,ACCOUNT_TAXONOMY_PHASE5,rel_ab8543bfff18f00c
journey_b3af52f524b9a8c3,taxonomy_j10,CLASSIFIED_AS,ACCOUNT_TAXONOMY_PHASE5,rel_ab9b1eebb43c3f50
journey_6061e1a7b95de5b5,taxonomy_j09,CLASSIFIED_AS,ACCOUNT_TAXONOMY_PHASE5,rel_abacb18eefd517fd
journey_817a72384d2240fa,taxonomy_j04,CLASSIFIED_AS,ACCOUNT_TAXONOMY_PHASE5,rel_abb0460f0d83e4d6
journey_e159ac4cc729432e,taxonomy_j09,CLASSIFIED_AS,ACCOUNT_TAXONOMY_PHASE5,rel_abe84c1128614915
journey_21249547dc01dcfa,taxonomy_j08,CLASSIFIED_AS,ACCOUNT_TAXONOMY_PHASE5,rel_ac09bcb6f379046e
journey_3ead0a4dc0b76531,taxonomy_j07,CLASSIFIED_AS,ACCOUNT_TAXONOMY_PHASE5,rel_ac39716372046763
journey_17b36c41b9553f48,taxonomy_j08,CLASSIFIED_AS,ACCOUNT_TAXONOMY_PHASE5,rel_ac5440601bac407c
journey_8aa40764d4b62654,taxonomy_j09,CLASSIFIED_AS,ACCOUNT_TAXONOMY_PHASE5,rel_ac734064188f877a
journey_e02d0bd0aba50c50,taxonomy_j09,CLASSIFIED_AS,ACCOUNT_TAXONOMY_PHASE5,rel_ac7d80eefa95cc98
journey_3982be5e4963e14a,taxonomy_j04,CLASSIFIED_AS,ACCOUNT_TAXONOMY_PHASE5,rel_ac809878860f4fc5
journey_d51abe6922ea78b2,taxonomy_j09,CLASSIFIED_AS,ACCOUNT_TAXONOMY_PHASE5,rel_ac85d851e984dfee
journey_3d0b950ac47f3190,taxonomy_j08,CLASSIFIED_AS,ACCOUNT_TAXONOMY_PHASE5,rel_acbed3012f8b3344
journey_f4742422288c6e43,taxonomy_j09,CLASSIFIED_AS,ACCOUNT_TAXONOMY_PHASE5,rel_accae238a5f5c50d
journey_cea65cadade244f1,taxonomy_j04,CLASSIFIED_AS,ACCOUNT_TAXONOMY_PHASE5,rel_acce44d41cadfc2f
journey_29e49b8758cb07ae,taxonomy_j10,CLASSIFIED_AS,ACCOUNT_TAXONOMY_PHASE5,rel_acec51658cee1630
journey_fa2661fd68a6ea0b,taxonomy_j05,CLASSIFIED_AS,ACCOUNT_TAXONOMY_PHASE5,rel_ad0663bb0fd72c24
journey_1556325332b0e7da,taxonomy_j09,CLASSIFIED_AS,ACCOUNT_TAXONOMY_PHASE5,rel_ad07857225f4f9b1
journey_34035b05e0ab6553,taxonomy_j04,CLASSIFIED_AS,ACCOUNT_TAXONOMY_PHASE5,rel_ad17a0d5bc2c04b5
journey_bd92f1f86090e1b1,taxonomy_j04,CLASSIFIED_AS,ACCOUNT_TAXONOMY_PHASE5,rel_ad258401e3ac4df1
journey_af97ab724e677c3d,taxonomy_j05,CLASSIFIED_AS,ACCOUNT_TAXONOMY_PHASE5,rel_ad443fd651b84f79
journey_cfb5225765fd67a6,taxonomy_j07,CLASSIFIED_AS,ACCOUNT_TAXONOMY_PHASE5,rel_ad44fb17e0f8b5da
journey_7852013af1ac52db,taxonomy_j04,CLASSIFIED_AS,ACCOUNT_TAXONOMY_PHASE5,rel_ad461524f3e009c5
journey_652346e1c041dacf,taxonomy_j01,CLASSIFIED_AS,ACCOUNT_TAXONOMY_PHASE5,rel_ad61393c5f178e7f
journey_f3bfff96418c3c38,taxonomy_j01,CLASSIFIED_AS,ACCOUNT_TAXONOMY_PHASE5,rel_ad893f023809b4dc
journey_871888f7682542df,taxonomy_j04,CLASSIFIED_AS,ACCOUNT_TAXONOMY_PHASE5,rel_ada61372457854a2
journey_4ed820cbfd7a2809,taxonomy_j04,CLASSIFIED_AS,ACCOUNT_TAXONOMY_PHASE5,rel_adab9df706d4c515
journey_b31ba83b815facf9,taxonomy_j05,CLASSIFIED_AS,ACCOUNT_TAXONOMY_PHASE5,rel_adbc3f935447eb4a
journey_2d2641fdd4b83e23,taxonomy_j08,CLASSIFIED_AS,ACCOUNT_TAXONOMY_PHASE5,rel_add473748449a34b
journey_08ff3ccefa383f46,taxonomy_j10,CLASSIFIED_AS,ACCOUNT_TAXONOMY_PHASE5,rel_addedbcad8042fcc
journey_a5d81276bdeeb815,taxonomy_j05,CLASSIFIED_AS,ACCOUNT_TAXONOMY_PHASE5,rel_adeb31ce2e5f8498
journey_d63b63bcedddf065,taxonomy_j08,CLASSIFIED_AS,ACCOUNT_TAXONOMY_PHASE5,rel_ae0de24c52e6f9cb
journey_6ac9c6415ebae7de,taxonomy_j08,CLASSIFIED_AS,ACCOUNT_TAXONOMY_PHASE5,rel_ae13c006d2f1ace6
journey_4f5b7d9cf5db4045,taxonomy_j04,CLASSIFIED_AS,ACCOUNT_TAXONOMY_PHASE5,rel_ae1dbe9e0b3c38d0
journey_63d149d90e6906a3,taxonomy_j03,CLASSIFIED_AS,ACCOUNT_TAXONOMY_PHASE5,rel_ae1f4d04eb4e57a0
journey_ea3fd58d3abff174,taxonomy_j05,CLASSIFIED_AS,ACCOUNT_TAXONOMY_PHASE5,rel_ae222f889b502c4d
journey_a1539a2fe5f05916,taxonomy_j04,CLASSIFIED_AS,ACCOUNT_TAXONOMY_PHASE5,rel_ae22e57dde837f16
journey_1f31b62f41eea25f,taxonomy_j08,CLASSIFIED_AS,ACCOUNT_TAXONOMY_PHASE5,rel_ae2e51f07f796665
journey_4c2cf3edf879fe19,taxonomy_j01,CLASSIFIED_AS,ACCOUNT_TAXONOMY_PHASE5,rel_ae3bb30404f5d927
journey_e5d8f4207e21755d,taxonomy_j04,CLASSIFIED_AS,ACCOUNT_TAXONOMY_PHASE5,rel_ae3dceb7ef9510d9
journey_860621c804892bac,taxonomy_j09,CLASSIFIED_AS,ACCOUNT_TAXONOMY_PHASE5,rel_ae4847f83c30fdf0
journey_da5e3c9075988797,taxonomy_j05,CLASSIFIED_AS,ACCOUNT_TAXONOMY_PHASE5,rel_ae69106a6a1b1401
journey_baadc869280d3561,taxonomy_j04,CLASSIFIED_AS,ACCOUNT_TAXONOMY_PHASE5,rel_ae717e90a80281ab
journey_4e57721ccc117a75,taxonomy_j01,CLASSIFIED_AS,ACCOUNT_TAXONOMY_PHASE5,rel_ae899fb59acdb266
journey_a17ef5222ec44371,taxonomy_j08,CLASSIFIED_AS,ACCOUNT_TAXONOMY_PHASE5,rel_aebbbd3b67c44b8b
journey_e7adcc5485b49684,taxonomy_j06,CLASSIFIED_AS,ACCOUNT_TAXONOMY_PHASE5,rel_aed090d7ce07d28e
journey_bb0ecbf512b3c344,taxonomy_j10,CLASSIFIED_AS,ACCOUNT_TAXONOMY_PHASE5,rel_aed1e4281e14cb00
journey_7d9a5d98fb83647b,taxonomy_j04,CLASSIFIED_AS,ACCOUNT_TAXONOMY_PHASE5,rel_aeee25e3460ee132
journey_699829d2a0478df7,taxonomy_j10,CLASSIFIED_AS,ACCOUNT_TAXONOMY_PHASE5,rel_af011609e3777e31
journey_964093930bdd698a,taxonomy_j07,CLASSIFIED_AS,ACCOUNT_TAXONOMY_PHASE5,rel_af02b02c4f4254c6
journey_a0cc440522109587,taxonomy_j10,CLASSIFIED_AS,ACCOUNT_TAXONOMY_PHASE5,rel_af0f5a155a88aa9f
journey_8142b991859baa90,taxonomy_j05,CLASSIFIED_AS,ACCOUNT_TAXONOMY_PHASE5,rel_af2f831cf0da0e57
journey_2d139802272f3284,taxonomy_j05,CLASSIFIED_AS,ACCOUNT_TAXONOMY_PHASE5,rel_af3940271494cbe1
journey_315c3ddb514e8f59,taxonomy_j04,CLASSIFIED_AS,ACCOUNT_TAXONOMY_PHASE5,rel_af3ff6db9adeaf54
journey_4fe21b2d5f60388e,taxonomy_j07,CLASSIFIED_AS,ACCOUNT_TAXONOMY_PHASE5,rel_af5cb78b3f3b1837
journey_bdd0932eb19925a0,taxonomy_j08,CLASSIFIED_AS,ACCOUNT_TAXONOMY_PHASE5,rel_af5d0cadcc5ea50c
journey_da21e3b2d35edf4f,taxonomy_j08,CLASSIFIED_AS,ACCOUNT_TAXONOMY_PHASE5,rel_af74de0f6bf99dc8
journey_c4037e9a0e3a9774,taxonomy_j05,CLASSIFIED_AS,ACCOUNT_TAXONOMY_PHASE5,rel_af757fea75fef7ed
journey_a251383b192c1cf4,taxonomy_j04,CLASSIFIED_AS,ACCOUNT_TAXONOMY_PHASE5,rel_af794b6dfc724eca
journey_4911b94ff321e366,taxonomy_j09,CLASSIFIED_AS,ACCOUNT_TAXONOMY_PHASE5,rel_af7b3d2d096b57fe
journey_4ca9aea5257b4942,taxonomy_j08,CLASSIFIED_AS,ACCOUNT_TAXONOMY_PHASE5,rel_af82ea9ed29b5855
journey_b7b691062ceedc5d,taxonomy_j05,CLASSIFIED_AS,ACCOUNT_TAXONOMY_PHASE5,rel_af9489eae4356d83
journey_0c4a656a8f10c5b9,taxonomy_j04,CLASSIFIED_AS,ACCOUNT_TAXONOMY_PHASE5,rel_afa4b42ff84c81c5
journey_a441757ecaa1cf53,taxonomy_j04,CLASSIFIED_AS,ACCOUNT_TAXONOMY_PHASE5,rel_afd16280f08f1844
journey_4f8d3cda44093de3,taxonomy_j04,CLASSIFIED_AS,ACCOUNT_TAXONOMY_PHASE5,rel_afd3b69f04d6e516
journey_9ca0728188bec31c,taxonomy_j01,CLASSIFIED_AS,ACCOUNT_TAXONOMY_PHASE5,rel_afe7f3a7a27d0d0a
journey_eb06a77f2cbce6f1,taxonomy_j04,CLASSIFIED_AS,ACCOUNT_TAXONOMY_PHASE5,rel_aff22334484e22fe
journey_15407126d90c7aee,taxonomy_j01,CLASSIFIED_AS,ACCOUNT_TAXONOMY_PHASE5,rel_aff224f0e8c36065
journey_b9963fde19b05e6b,taxonomy_j03,CLASSIFIED_AS,ACCOUNT_TAXONOMY_PHASE5,rel_afff5b8926c9edfa
journey_d09be9f6dfaa7694,taxonomy_j05,CLASSIFIED_AS,ACCOUNT_TAXONOMY_PHASE5,rel_b00cdd24e7f8fc5d
journey_b0ce2dd1e718dce4,taxonomy_j08,CLASSIFIED_AS,ACCOUNT_TAXONOMY_PHASE5,rel_b022724fc6db9eb6
journey_33370540e5e4cc13,taxonomy_j04,CLASSIFIED_AS,ACCOUNT_TAXONOMY_PHASE5,rel_b026ed0d44c79ed8
journey_4d4147be12db5105,taxonomy_j04,CLASSIFIED_AS,ACCOUNT_TAXONOMY_PHASE5,rel_b02ecb9623051f94
journey_2b83822f8efcb007,taxonomy_j05,CLASSIFIED_AS,ACCOUNT_TAXONOMY_PHASE5,rel_b054a6e7598652d7
journey_b8ba813c939fa56f,taxonomy_j04,CLASSIFIED_AS,ACCOUNT_TAXONOMY_PHASE5,rel_b0649b2ecd35aed0
journey_85a34d879c1e3cd7,taxonomy_j05,CLASSIFIED_AS,ACCOUNT_TAXONOMY_PHASE5,rel_b0669526dfc32754
journey_271b8327c0780f7d,taxonomy_j08,CLASSIFIED_AS,ACCOUNT_TAXONOMY_PHASE5,rel_b06b3542e6d3c348
journey_2b5e968ed8f5e7e4,taxonomy_j09,CLASSIFIED_AS,ACCOUNT_TAXONOMY_PHASE5,rel_b06d29882b137b6f
journey_d7a035b73f7e42c3,taxonomy_j08,CLASSIFIED_AS,ACCOUNT_TAXONOMY_PHASE5,rel_b070a7fc4141d79d
journey_28ed7bfb71642243,taxonomy_j01,CLASSIFIED_AS,ACCOUNT_TAXONOMY_PHASE5,rel_b075498b21736ebb
journey_9b69286da7249856,taxonomy_j05,CLASSIFIED_AS,ACCOUNT_TAXONOMY_PHASE5,rel_b08fda495a28f6c6
journey_cd68d5b0cc75a526,taxonomy_j04,CLASSIFIED_AS,ACCOUNT_TAXONOMY_PHASE5,rel_b09117a60e84ce80
journey_33b915422ad861b0,taxonomy_j04,CLASSIFIED_AS,ACCOUNT_TAXONOMY_PHASE5,rel_b0a6b84c01ef53e2
journey_9aec9ad17069b0bd,taxonomy_j07,CLASSIFIED_AS,ACCOUNT_TAXONOMY_PHASE5,rel_b0c6c25ad5be90ee
journey_33647d4a85c68e08,taxonomy_j04,CLASSIFIED_AS,ACCOUNT_TAXONOMY_PHASE5,rel_b0cca34382a103e5
journey_5ce25da069442fbf,taxonomy_j08,CLASSIFIED_AS,ACCOUNT_TAXONOMY_PHASE5,rel_b0d3ed09b5dbf968
journey_7c550845b26e6395,taxonomy_j05,CLASSIFIED_AS,ACCOUNT_TAXONOMY_PHASE5,rel_b0dcaffed35c2b1f
journey_d6e559309f867d3f,taxonomy_j08,CLASSIFIED_AS,ACCOUNT_TAXONOMY_PHASE5,rel_b0ee54a2e616699e
journey_c687057ddb7b0104,taxonomy_j05,CLASSIFIED_AS,ACCOUNT_TAXONOMY_PHASE5,rel_b101222fcaaf1d2c
journey_7faa63f2b50be265,taxonomy_j04,CLASSIFIED_AS,ACCOUNT_TAXONOMY_PHASE5,rel_b101c6879b0a8a72
journey_96432bf9d7d31723,taxonomy_j04,CLASSIFIED_AS,ACCOUNT_TAXONOMY_PHASE5,rel_b11e149f4e6ccbf7
journey_33f67baca1ee3a89,taxonomy_j04,CLASSIFIED_AS,ACCOUNT_TAXONOMY_PHASE5,rel_b1727185c070491e
journey_99a5ac2e918d480f,taxonomy_j08,CLASSIFIED_AS,ACCOUNT_TAXONOMY_PHASE5,rel_b18098a6b2f86dc0
journey_c328ca325797e6c8,taxonomy_j08,CLASSIFIED_AS,ACCOUNT_TAXONOMY_PHASE5,rel_b1aee33f564e48c4
journey_97b341534c04d946,taxonomy_j04,CLASSIFIED_AS,ACCOUNT_TAXONOMY_PHASE5,rel_b1e1e00efabfdfd3
journey_ff11d0950dc73f18,taxonomy_j05,CLASSIFIED_AS,ACCOUNT_TAXONOMY_PHASE5,rel_b1ec9d1d4c1ee046
journey_c52c2d08f0f4dd8f,taxonomy_j01,CLASSIFIED_AS,ACCOUNT_TAXONOMY_PHASE5,rel_b2003743a6efe6ae
journey_c96386b86fe50f62,taxonomy_j05,CLASSIFIED_AS,ACCOUNT_TAXONOMY_PHASE5,rel_b20ef0285a6db4ad
journey_765fe204e51a4823,taxonomy_j09,CLASSIFIED_AS,ACCOUNT_TAXONOMY_PHASE5,rel_b23a4cb20476c16a
journey_3477a71e2aa17834,taxonomy_j10,CLASSIFIED_AS,ACCOUNT_TAXONOMY_PHASE5,rel_b25aa36c94fdf28f
journey_392ec8a953d62f5d,taxonomy_j04,CLASSIFIED_AS,ACCOUNT_TAXONOMY_PHASE5,rel_b26393344a58f79a
journey_0438160eb69f5417,taxonomy_j09,CLASSIFIED_AS,ACCOUNT_TAXONOMY_PHASE5,rel_b26a39d4b83bb38a
journey_e14bb582d2e5920e,taxonomy_j02,CLASSIFIED_AS,ACCOUNT_TAXONOMY_PHASE5,rel_b272612c0a711db8
journey_031cb56bd035e0e2,taxonomy_j10,CLASSIFIED_AS,ACCOUNT_TAXONOMY_PHASE5,rel_b2b686c0cdbb973e
journey_d10193148e40f23c,taxonomy_j04,CLASSIFIED_AS,ACCOUNT_TAXONOMY_PHASE5,rel_b2bfe8e02175671a
journey_897dbff2e91d00f3,taxonomy_j08,CLASSIFIED_AS,ACCOUNT_TAXONOMY_PHASE5,rel_b2e59f81d17f800d
journey_e33d4ad9f8d93d5e,taxonomy_j09,CLASSIFIED_AS,ACCOUNT_TAXONOMY_PHASE5,rel_b3160ad6399530f7
journey_eda2422904fe51ab,taxonomy_j09,CLASSIFIED_AS,ACCOUNT_TAXONOMY_PHASE5,rel_b3183b0fe3a965fe
journey_2451bce5702394e9,taxonomy_j08,CLASSIFIED_AS,ACCOUNT_TAXONOMY_PHASE5,rel_b34087b135bd7505
journey_db55b5408174a872,taxonomy_j04,CLASSIFIED_AS,ACCOUNT_TAXONOMY_PHASE5,rel_b34491bf2f559f88
journey_e2f7316045873c3d,taxonomy_j09,CLASSIFIED_AS,ACCOUNT_TAXONOMY_PHASE5,rel_b3489d55a3412e5d
journey_c5214c8f12c379c4,taxonomy_j05,CLASSIFIED_AS,ACCOUNT_TAXONOMY_PHASE5,rel_b349ff2d9f17cf5b
journey_e97440564435996b,taxonomy_j08,CLASSIFIED_AS,ACCOUNT_TAXONOMY_PHASE5,rel_b359d1eeba0506df
journey_4339d3a356e94f89,taxonomy_j04,CLASSIFIED_AS,ACCOUNT_TAXONOMY_PHASE5,rel_b3714b410c00edd7
journey_daceaa39b277f09f,taxonomy_j10,CLASSIFIED_AS,ACCOUNT_TAXONOMY_PHASE5,rel_b373319af0f32add
journey_c6f635ec15710e04,taxonomy_j05,CLASSIFIED_AS,ACCOUNT_TAXONOMY_PHASE5,rel_b3746890afb19cc9
journey_3695385e641e82e6,taxonomy_j01,CLASSIFIED_AS,ACCOUNT_TAXONOMY_PHASE5,rel_b3961bde2f4986cd
journey_f57a3ac0a87fc863,taxonomy_j08,CLASSIFIED_AS,ACCOUNT_TAXONOMY_PHASE5,rel_b3a374959688e53e
journey_ddfb7d0e86431f1c,taxonomy_j04,CLASSIFIED_AS,ACCOUNT_TAXONOMY_PHASE5,rel_b3a98607e62a5bf9
journey_81a44cfb041fdfc4,taxonomy_j08,CLASSIFIED_AS,ACCOUNT_TAXONOMY_PHASE5,rel_b3ac46797b222d26
journey_f14e8ebc8e2a4d53,taxonomy_j09,CLASSIFIED_AS,ACCOUNT_TAXONOMY_PHASE5,rel_b3b215bab1bc3831
journey_97b1f018199c210f,taxonomy_j10,CLASSIFIED_AS,ACCOUNT_TAXONOMY_PHASE5,rel_b3bca9c4ee9e880e
journey_289b7cde8a0119d6,taxonomy_j09,CLASSIFIED_AS,ACCOUNT_TAXONOMY_PHASE5,rel_b3d26552b503c7c2
journey_f774fdb649e083a2,taxonomy_j04,CLASSIFIED_AS,ACCOUNT_TAXONOMY_PHASE5,rel_b3d7ce639446c977
journey_14125924476ccd03,taxonomy_j09,CLASSIFIED_AS,ACCOUNT_TAXONOMY_PHASE5,rel_b3dfb576d270b66a
journey_c34386fc8815bcc6,taxonomy_j05,CLASSIFIED_AS,ACCOUNT_TAXONOMY_PHASE5,rel_b3e1d48545767e88
journey_97fafcb0a3900371,taxonomy_j08,CLASSIFIED_AS,ACCOUNT_TAXONOMY_PHASE5,rel_b4055e52138d91df
journey_5a62257d7e3dadba,taxonomy_j08,CLASSIFIED_AS,ACCOUNT_TAXONOMY_PHASE5,rel_b41be18f87599b06
journey_380f4c807a4a18f1,taxonomy_j05,CLASSIFIED_AS,ACCOUNT_TAXONOMY_PHASE5,rel_b41d9eba16354e93
journey_25dc818025a02387,taxonomy_j04,CLASSIFIED_AS,ACCOUNT_TAXONOMY_PHASE5,rel_b41eead918f1eddf
journey_59e0910a6b8208e8,taxonomy_j09,CLASSIFIED_AS,ACCOUNT_TAXONOMY_PHASE5,rel_b449c7fcac33cbd9
journey_d96bb2d5be681e5c,taxonomy_j05,CLASSIFIED_AS,ACCOUNT_TAXONOMY_PHASE5,rel_b456f9a5f946fe21
journey_8f3dca6a0d4b209e,taxonomy_j01,CLASSIFIED_AS,ACCOUNT_TAXONOMY_PHASE5,rel_b4634c1db783e0e7
journey_d7a4dfd3240051bf,taxonomy_j04,CLASSIFIED_AS,ACCOUNT_TAXONOMY_PHASE5,rel_b468b3a48529cf1d
journey_58265d2ea5cffec0,taxonomy_j04,CLASSIFIED_AS,ACCOUNT_TAXONOMY_PHASE5,rel_b47c2d03faa2f0c2
journey_f4def75359bde093,taxonomy_j04,CLASSIFIED_AS,ACCOUNT_TAXONOMY_PHASE5,rel_b4815cef5eac0d57
journey_744150045ee04b68,taxonomy_j05,CLASSIFIED_AS,ACCOUNT_TAXONOMY_PHASE5,rel_b499a63d824a40ae
journey_b81c8649d970a711,taxonomy_j08,CLASSIFIED_AS,ACCOUNT_TAXONOMY_PHASE5,rel_b49df185c4ca1b9b
journey_343f98a4eb4c283e,taxonomy_j09,CLASSIFIED_AS,ACCOUNT_TAXONOMY_PHASE5,rel_b4b58005a58bf20d
journey_6ab08efbaa9e9a54,taxonomy_j09,CLASSIFIED_AS,ACCOUNT_TAXONOMY_PHASE5,rel_b4d25807a4c8cfa7
journey_83325c1ea5268a5a,taxonomy_j01,CLASSIFIED_AS,ACCOUNT_TAXONOMY_PHASE5,rel_b4ec849dad72f18a
journey_90274a26d2150962,taxonomy_j01,CLASSIFIED_AS,ACCOUNT_TAXONOMY_PHASE5,rel_b4ed09ca2fd8fde8
journey_1f85e1057d9b16a4,taxonomy_j01,CLASSIFIED_AS,ACCOUNT_TAXONOMY_PHASE5,rel_b4fa853cddd26902
journey_90c5569b20c5200a,taxonomy_j04,CLASSIFIED_AS,ACCOUNT_TAXONOMY_PHASE5,rel_b5087f5f5e0471da
journey_15d5c89da571c949,taxonomy_j08,CLASSIFIED_AS,ACCOUNT_TAXONOMY_PHASE5,rel_b51a3f7733ad3e76
journey_366d56bd715f3acc,taxonomy_j04,CLASSIFIED_AS,ACCOUNT_TAXONOMY_PHASE5,rel_b534eda47143e1ea
journey_18dc8f7e154e8565,taxonomy_j09,CLASSIFIED_AS,ACCOUNT_TAXONOMY_PHASE5,rel_b567e5e317d10b1b
journey_13cfcdf1fa40e163,taxonomy_j04,CLASSIFIED_AS,ACCOUNT_TAXONOMY_PHASE5,rel_b5740c7380941586
journey_39426c7565026872,taxonomy_j04,CLASSIFIED_AS,ACCOUNT_TAXONOMY_PHASE5,rel_b574ac3fb794ecf7
journey_04229c66d6d4e062,taxonomy_j08,CLASSIFIED_AS,ACCOUNT_TAXONOMY_PHASE5,rel_b5ba6f9fb1e1b4a4
journey_f49f068a22b9ab29,taxonomy_j09,CLASSIFIED_AS,ACCOUNT_TAXONOMY_PHASE5,rel_b5d03f2905470a6d
journey_b3b775940dc34d21,taxonomy_j04,CLASSIFIED_AS,ACCOUNT_TAXONOMY_PHASE5,rel_b5e958aac610378e
journey_89cf150f47bf6700,taxonomy_j05,CLASSIFIED_AS,ACCOUNT_TAXONOMY_PHASE5,rel_b5ec7fbb475daf7e
journey_f8b9742ec0e583ae,taxonomy_j04,CLASSIFIED_AS,ACCOUNT_TAXONOMY_PHASE5,rel_b5f1f33a033acaba
journey_b2cb4339b49e9a72,taxonomy_j04,CLASSIFIED_AS,ACCOUNT_TAXONOMY_PHASE5,rel_b60940b17d1c32b7
journey_a4657fdcc4e52bba,taxonomy_j03,CLASSIFIED_AS,ACCOUNT_TAXONOMY_PHASE5,rel_b61daf123f0628c1
journey_739aa8aede10eaee,taxonomy_j04,CLASSIFIED_AS,ACCOUNT_TAXONOMY_PHASE5,rel_b62e3ad0b4051e8d
journey_06cdffba90bb4221,taxonomy_j04,CLASSIFIED_AS,ACCOUNT_TAXONOMY_PHASE5,rel_b63e2cf590774f99
journey_2162718395a23030,taxonomy_j10,CLASSIFIED_AS,ACCOUNT_TAXONOMY_PHASE5,rel_b65c84283bfa7793
journey_3170b8b837e07c7f,taxonomy_j05,CLASSIFIED_AS,ACCOUNT_TAXONOMY_PHASE5,rel_b679cf16dd978397
journey_9fb9b78231d93b0f,taxonomy_j10,CLASSIFIED_AS,ACCOUNT_TAXONOMY_PHASE5,rel_b67aaf06bc9cb45d
journey_2842fb9b994380fc,taxonomy_j10,CLASSIFIED_AS,ACCOUNT_TAXONOMY_PHASE5,rel_b69ef67304c24aa4
journey_fc91027b4e462413,taxonomy_j04,CLASSIFIED_AS,ACCOUNT_TAXONOMY_PHASE5,rel_b6a344b32a0990ae
journey_9f2fbff4f4437f68,taxonomy_j04,CLASSIFIED_AS,ACCOUNT_TAXONOMY_PHASE5,rel_b6aff85d14f1b7bd
journey_de98fac539b2a001,taxonomy_j06,CLASSIFIED_AS,ACCOUNT_TAXONOMY_PHASE5,rel_b6b0c5e9697a6615
journey_17aac5e49f86a925,taxonomy_j10,CLASSIFIED_AS,ACCOUNT_TAXONOMY_PHASE5,rel_b6b5625a6dc0b4b6
journey_14e316974ad960b7,taxonomy_j04,CLASSIFIED_AS,ACCOUNT_TAXONOMY_PHASE5,rel_b6b764703c242d92
journey_96a27632c59a0d39,taxonomy_j10,CLASSIFIED_AS,ACCOUNT_TAXONOMY_PHASE5,rel_b6c88a0565fc4bb1
journey_fbe4f3894688eace,taxonomy_j01,CLASSIFIED_AS,ACCOUNT_TAXONOMY_PHASE5,rel_b6cde7bb91fa50bc
journey_38ed436247964902,taxonomy_j04,CLASSIFIED_AS,ACCOUNT_TAXONOMY_PHASE5,rel_b6d255ae33fc6234
journey_bdc0ae55ed705d6b,taxonomy_j09,CLASSIFIED_AS,ACCOUNT_TAXONOMY_PHASE5,rel_b6d6ae528e495b67
journey_c0272e57ef662750,taxonomy_j05,CLASSIFIED_AS,ACCOUNT_TAXONOMY_PHASE5,rel_b6d85900263aef5a
journey_b86da7cab3f97b6b,taxonomy_j09,CLASSIFIED_AS,ACCOUNT_TAXONOMY_PHASE5,rel_b6d9a6689b79411a
journey_9df77846c2f93a48,taxonomy_j10,CLASSIFIED_AS,ACCOUNT_TAXONOMY_PHASE5,rel_b6dcff87e3c4fbe6
journey_d7d96034399525e2,taxonomy_j04,CLASSIFIED_AS,ACCOUNT_TAXONOMY_PHASE5,rel_b6deab0e3c547517
journey_a869718b14f1a263,taxonomy_j04,CLASSIFIED_AS,ACCOUNT_TAXONOMY_PHASE5,rel_b6e3db237cfd03f3
journey_8d3d6fa4d67b1449,taxonomy_j08,CLASSIFIED_AS,ACCOUNT_TAXONOMY_PHASE5,rel_b6e9b76de353ade4
journey_92106b79a2425994,taxonomy_j04,CLASSIFIED_AS,ACCOUNT_TAXONOMY_PHASE5,rel_b6fad83eecd07126
journey_2cd078569403bb9a,taxonomy_j04,CLASSIFIED_AS,ACCOUNT_TAXONOMY_PHASE5,rel_b6fc9b98910ecb2b
journey_2d936e11a3126615,taxonomy_j08,CLASSIFIED_AS,ACCOUNT_TAXONOMY_PHASE5,rel_b6ff34abd9f12769
journey_69f40b113f894449,taxonomy_j10,CLASSIFIED_AS,ACCOUNT_TAXONOMY_PHASE5,rel_b708d051d1800af3
journey_9bbe15af14981c70,taxonomy_j10,CLASSIFIED_AS,ACCOUNT_TAXONOMY_PHASE5,rel_b7119b43360ccc3c
journey_c0a68517226f1ab3,taxonomy_j01,CLASSIFIED_AS,ACCOUNT_TAXONOMY_PHASE5,rel_b7195bc0cfa65d7b
journey_8778f6c436b468df,taxonomy_j09,CLASSIFIED_AS,ACCOUNT_TAXONOMY_PHASE5,rel_b72184098bb55b18
journey_fc197d0df7d79b02,taxonomy_j05,CLASSIFIED_AS,ACCOUNT_TAXONOMY_PHASE5,rel_b72502c781ba0e98
journey_8b91807c1a02fd42,taxonomy_j09,CLASSIFIED_AS,ACCOUNT_TAXONOMY_PHASE5,rel_b73161178dd05292
journey_4e9bef1987f22396,taxonomy_j05,CLASSIFIED_AS,ACCOUNT_TAXONOMY_PHASE5,rel_b7320a037c22213e
journey_4a26e49d7cb8441d,taxonomy_j04,CLASSIFIED_AS,ACCOUNT_TAXONOMY_PHASE5,rel_b7486df520995a3f
journey_4c26701b62d94147,taxonomy_j01,CLASSIFIED_AS,ACCOUNT_TAXONOMY_PHASE5,rel_b74db347e22fa565
journey_3bedc1dd065a4ac9,taxonomy_j09,CLASSIFIED_AS,ACCOUNT_TAXONOMY_PHASE5,rel_b75b49ec1db94058
journey_25f26c0486de3153,taxonomy_j02,CLASSIFIED_AS,ACCOUNT_TAXONOMY_PHASE5,rel_b75c0fa75684d93a
journey_9f8f087e828939eb,taxonomy_j05,CLASSIFIED_AS,ACCOUNT_TAXONOMY_PHASE5,rel_b76d08e202b08712
journey_eac24d4291574629,taxonomy_j04,CLASSIFIED_AS,ACCOUNT_TAXONOMY_PHASE5,rel_b771b7d757b8a66f
journey_6b2ae329826eb73b,taxonomy_j04,CLASSIFIED_AS,ACCOUNT_TAXONOMY_PHASE5,rel_b7be9ec4e7602ef6
journey_612365ed6804d35d,taxonomy_j05,CLASSIFIED_AS,ACCOUNT_TAXONOMY_PHASE5,rel_b7c2065965d86848
journey_4c22937e2b3e2f7a,taxonomy_j03,CLASSIFIED_AS,ACCOUNT_TAXONOMY_PHASE5,rel_b7d09b82c2b27362
journey_d9206a75cd3a4a7e,taxonomy_j01,CLASSIFIED_AS,ACCOUNT_TAXONOMY_PHASE5,rel_b81c7c34597b81da
journey_9e9d2763e2d65e31,taxonomy_j04,CLASSIFIED_AS,ACCOUNT_TAXONOMY_PHASE5,rel_b858197b07bbb061
journey_c51cc35045f1324b,taxonomy_j04,CLASSIFIED_AS,ACCOUNT_TAXONOMY_PHASE5,rel_b86111191354e74b
journey_1aa59fe88ba4a795,taxonomy_j01,CLASSIFIED_AS,ACCOUNT_TAXONOMY_PHASE5,rel_b887f105ad57d17a
journey_6aa9a65e3fc8922d,taxonomy_j03,CLASSIFIED_AS,ACCOUNT_TAXONOMY_PHASE5,rel_b88f8feea538cc9d
journey_a9068661e919af3f,taxonomy_j04,CLASSIFIED_AS,ACCOUNT_TAXONOMY_PHASE5,rel_b898eee0bab2647b
journey_59a20549aa0be6f7,taxonomy_j09,CLASSIFIED_AS,ACCOUNT_TAXONOMY_PHASE5,rel_b89f343906d5ca99
journey_0eb9e86e97f7842f,taxonomy_j04,CLASSIFIED_AS,ACCOUNT_TAXONOMY_PHASE5,rel_b8a176d68aba12f5
journey_c721837f6e7929f3,taxonomy_j05,CLASSIFIED_AS,ACCOUNT_TAXONOMY_PHASE5,rel_b8ad3fcb35cce63b
journey_47a545fe3acb9f29,taxonomy_j09,CLASSIFIED_AS,ACCOUNT_TAXONOMY_PHASE5,rel_b8b14367fe18650e
journey_4a838dcf6997dd40,taxonomy_j09,CLASSIFIED_AS,ACCOUNT_TAXONOMY_PHASE5,rel_b8d162779e91b2c2
journey_828e2b9d0be1c308,taxonomy_j09,CLASSIFIED_AS,ACCOUNT_TAXONOMY_PHASE5,rel_b8dd33c14a2acd6d
journey_35816577203270bc,taxonomy_j04,CLASSIFIED_AS,ACCOUNT_TAXONOMY_PHASE5,rel_b8de9f886d5e4a61
journey_9576ced95a15f834,taxonomy_j05,CLASSIFIED_AS,ACCOUNT_TAXONOMY_PHASE5,rel_b8f6b22d5588c88c
journey_785dbde3da1cf45f,taxonomy_j09,CLASSIFIED_AS,ACCOUNT_TAXONOMY_PHASE5,rel_b8fe0d4577e48e7e
journey_050a11b91196b81d,taxonomy_j04,CLASSIFIED_AS,ACCOUNT_TAXONOMY_PHASE5,rel_b9002c92b2ff01dd
journey_940294cf13aa09f8,taxonomy_j04,CLASSIFIED_AS,ACCOUNT_TAXONOMY_PHASE5,rel_b90f70988f9c59af
journey_3fabe6941aba468a,taxonomy_j10,CLASSIFIED_AS,ACCOUNT_TAXONOMY_PHASE5,rel_b918b8c47198c6be
journey_a0f45e69bd9608f4,taxonomy_j08,CLASSIFIED_AS,ACCOUNT_TAXONOMY_PHASE5,rel_b91e56652a1d7945
journey_33c3581675eaff24,taxonomy_j04,CLASSIFIED_AS,ACCOUNT_TAXONOMY_PHASE5,rel_b9255597b4c36d28
journey_49ee78f4b9a63ea4,taxonomy_j04,CLASSIFIED_AS,ACCOUNT_TAXONOMY_PHASE5,rel_b92a8a517e9f8b03
journey_e2b3f4eeff37466e,taxonomy_j03,CLASSIFIED_AS,ACCOUNT_TAXONOMY_PHASE5,rel_b92bedfa0bd51ed2
journey_ae65d6b40e24e562,taxonomy_j03,CLASSIFIED_AS,ACCOUNT_TAXONOMY_PHASE5,rel_b936b542e07384a4
journey_64189a8ff80da893,taxonomy_j05,CLASSIFIED_AS,ACCOUNT_TAXONOMY_PHASE5,rel_b94343d8c97b4e6a
journey_216ffdbe48d1c577,taxonomy_j05,CLASSIFIED_AS,ACCOUNT_TAXONOMY_PHASE5,rel_b9814dd089d19879
journey_082ca26559a17722,taxonomy_j10,CLASSIFIED_AS,ACCOUNT_TAXONOMY_PHASE5,rel_b982f12685b42863
journey_ede201595eb771a2,taxonomy_j05,CLASSIFIED_AS,ACCOUNT_TAXONOMY_PHASE5,rel_b996be73933151d6
journey_5ca0d250d00dd63c,taxonomy_j03,CLASSIFIED_AS,ACCOUNT_TAXONOMY_PHASE5,rel_b99d0240ae51ae47
journey_3ce3bf64a2f3894f,taxonomy_j04,CLASSIFIED_AS,ACCOUNT_TAXONOMY_PHASE5,rel_b9b0159803298efb
journey_58cc59103262a45a,taxonomy_j09,CLASSIFIED_AS,ACCOUNT_TAXONOMY_PHASE5,rel_b9df507394d53269
journey_cc5e488b5818e75d,taxonomy_j01,CLASSIFIED_AS,ACCOUNT_TAXONOMY_PHASE5,rel_b9e79832ea9980af
journey_0eff376525816688,taxonomy_j09,CLASSIFIED_AS,ACCOUNT_TAXONOMY_PHASE5,rel_ba0505e2a5c13150
journey_349cb0028cef9cc2,taxonomy_j10,CLASSIFIED_AS,ACCOUNT_TAXONOMY_PHASE5,rel_ba0bc6240db6b4d8
journey_ab53a1c42d84e2ce,taxonomy_j04,CLASSIFIED_AS,ACCOUNT_TAXONOMY_PHASE5,rel_ba22e997f8e23bc9
journey_c7a9aea277e4d3a0,taxonomy_j04,CLASSIFIED_AS,ACCOUNT_TAXONOMY_PHASE5,rel_ba29e25ed8fecfe7
journey_5594a7395ea9a6b0,taxonomy_j04,CLASSIFIED_AS,ACCOUNT_TAXONOMY_PHASE5,rel_ba3bb149bf70b566
journey_46a657bc84670022,taxonomy_j03,CLASSIFIED_AS,ACCOUNT_TAXONOMY_PHASE5,rel_ba40d54f6c87b2e6
journey_ab34761a3de8fe04,taxonomy_j04,CLASSIFIED_AS,ACCOUNT_TAXONOMY_PHASE5,rel_ba484130a42dfcc8
journey_fa864240e973408c,taxonomy_j08,CLASSIFIED_AS,ACCOUNT_TAXONOMY_PHASE5,rel_ba5c61b49aba16d0
journey_176ad475f017c9aa,taxonomy_j08,CLASSIFIED_AS,ACCOUNT_TAXONOMY_PHASE5,rel_ba5e8b9a0661b8b7
journey_e81255e69f04b3c6,taxonomy_j05,CLASSIFIED_AS,ACCOUNT_TAXONOMY_PHASE5,rel_ba6a46deae65be21
journey_1ccc7db0032eed82,taxonomy_j03,CLASSIFIED_AS,ACCOUNT_TAXONOMY_PHASE5,rel_ba9aa90f077fcbc9
journey_68b10924b9867b51,taxonomy_j03,CLASSIFIED_AS,ACCOUNT_TAXONOMY_PHASE5,rel_baab7a0f11eb55f7
journey_927af8ede7f4d13b,taxonomy_j01,CLASSIFIED_AS,ACCOUNT_TAXONOMY_PHASE5,rel_baabc68ef61cb116
journey_a26119a2a13fcc97,taxonomy_j01,CLASSIFIED_AS,ACCOUNT_TAXONOMY_PHASE5,rel_bab5be2d88128c01
journey_d284044bb1dc8202,taxonomy_j01,CLASSIFIED_AS,ACCOUNT_TAXONOMY_PHASE5,rel_baced53e30c9d7fe
journey_9a22aa68e0b31cce,taxonomy_j06,CLASSIFIED_AS,ACCOUNT_TAXONOMY_PHASE5,rel_bad639cb7a5edfcb
journey_b02fc71bfb2b8315,taxonomy_j09,CLASSIFIED_AS,ACCOUNT_TAXONOMY_PHASE5,rel_bae91645a70124de
journey_afced003dbe16b38,taxonomy_j08,CLASSIFIED_AS,ACCOUNT_TAXONOMY_PHASE5,rel_baf9d8e07cb8dacd
journey_df786a70e791feac,taxonomy_j05,CLASSIFIED_AS,ACCOUNT_TAXONOMY_PHASE5,rel_bafd160b81525e59
journey_20cd687c84dfbd68,taxonomy_j05,CLASSIFIED_AS,ACCOUNT_TAXONOMY_PHASE5,rel_bb00864e3c8d3a53
journey_b0a5287de22ba390,taxonomy_j04,CLASSIFIED_AS,ACCOUNT_TAXONOMY_PHASE5,rel_bb25a08328f5f6cc
journey_d02d0e7ea012b3f0,taxonomy_j10,CLASSIFIED_AS,ACCOUNT_TAXONOMY_PHASE5,rel_bb30fef75ded3e73
journey_0ac5131d9280f3a1,taxonomy_j05,CLASSIFIED_AS,ACCOUNT_TAXONOMY_PHASE5,rel_bb376b142f52f8b0
journey_4e041badf37996f7,taxonomy_j09,CLASSIFIED_AS,ACCOUNT_TAXONOMY_PHASE5,rel_bb4c707ac70a32d6
journey_a759408aac27cdfe,taxonomy_j05,CLASSIFIED_AS,ACCOUNT_TAXONOMY_PHASE5,rel_bb563c192aca0903
journey_f0084f913f565b49,taxonomy_j08,CLASSIFIED_AS,ACCOUNT_TAXONOMY_PHASE5,rel_bb970ebe2ea7f69a
journey_2bc828a5066db2c5,taxonomy_j07,CLASSIFIED_AS,ACCOUNT_TAXONOMY_PHASE5,rel_bba11ee974ef3870
journey_07342d1810a9c1a9,taxonomy_j08,CLASSIFIED_AS,ACCOUNT_TAXONOMY_PHASE5,rel_bba43029b2a1618e
journey_d25498b30ae82841,taxonomy_j04,CLASSIFIED_AS,ACCOUNT_TAXONOMY_PHASE5,rel_bba8e64817f447f8
journey_429aee35f805d6a6,taxonomy_j01,CLASSIFIED_AS,ACCOUNT_TAXONOMY_PHASE5,rel_bbc464be9d13b819
journey_63b94e27cb93907d,taxonomy_j10,CLASSIFIED_AS,ACCOUNT_TAXONOMY_PHASE5,rel_bbcfd4710f93a85c
journey_c1e02b5c167fcd39,taxonomy_j05,CLASSIFIED_AS,ACCOUNT_TAXONOMY_PHASE5,rel_bbe96e49e5562e5d
journey_9689ba3e7beed769,taxonomy_j03,CLASSIFIED_AS,ACCOUNT_TAXONOMY_PHASE5,rel_bbea8a864a0735ca
journey_3b6fc845744023de,taxonomy_j04,CLASSIFIED_AS,ACCOUNT_TAXONOMY_PHASE5,rel_bbf8a613bfcfeb3a
journey_a2e80b535a52522e,taxonomy_j04,CLASSIFIED_AS,ACCOUNT_TAXONOMY_PHASE5,rel_bc105b7e854c525a
journey_7afeea15e5ec3493,taxonomy_j05,CLASSIFIED_AS,ACCOUNT_TAXONOMY_PHASE5,rel_bc164252eb38e2e9
journey_f53ecd8ba2a5a8eb,taxonomy_j02,CLASSIFIED_AS,ACCOUNT_TAXONOMY_PHASE5,rel_bc3cf65685a5a04e
journey_c1d4a8029fe6da87,taxonomy_j04,CLASSIFIED_AS,ACCOUNT_TAXONOMY_PHASE5,rel_bc3f9c6267485552
journey_d6e78e018088b296,taxonomy_j10,CLASSIFIED_AS,ACCOUNT_TAXONOMY_PHASE5,rel_bc46bd97ada029aa
journey_a42c3ef8b95d8ad7,taxonomy_j04,CLASSIFIED_AS,ACCOUNT_TAXONOMY_PHASE5,rel_bc7008394a467e9b
journey_fb1ef9b4111a8f11,taxonomy_j03,CLASSIFIED_AS,ACCOUNT_TAXONOMY_PHASE5,rel_bc82527306d4cac3
journey_b61bd81a0f4d18f4,taxonomy_j04,CLASSIFIED_AS,ACCOUNT_TAXONOMY_PHASE5,rel_bc891bfe8b11a529
journey_abca53884e6f2849,taxonomy_j10,CLASSIFIED_AS,ACCOUNT_TAXONOMY_PHASE5,rel_bcb38e56e48f55cc
journey_406bcf4bffa42267,taxonomy_j01,CLASSIFIED_AS,ACCOUNT_TAXONOMY_PHASE5,rel_bcbec85301fbd121
journey_252480994c21760c,taxonomy_j07,CLASSIFIED_AS,ACCOUNT_TAXONOMY_PHASE5,rel_bccc82d1f0e7d60f
journey_51e50c4af7a4d6cc,taxonomy_j05,CLASSIFIED_AS,ACCOUNT_TAXONOMY_PHASE5,rel_bcdfa5f48cd9f203
journey_4246af6b70e303c0,taxonomy_j04,CLASSIFIED_AS,ACCOUNT_TAXONOMY_PHASE5,rel_bcf4aada3200b936
journey_15014e482eab2422,taxonomy_j05,CLASSIFIED_AS,ACCOUNT_TAXONOMY_PHASE5,rel_bcf509f004e15723
journey_7d6492daa571d759,taxonomy_j05,CLASSIFIED_AS,ACCOUNT_TAXONOMY_PHASE5,rel_bd117df34b930303
journey_73dc5bca7fe34722,taxonomy_j01,CLASSIFIED_AS,ACCOUNT_TAXONOMY_PHASE5,rel_bd12a60498ec0504
journey_7fd8a7e6e9c72697,taxonomy_j09,CLASSIFIED_AS,ACCOUNT_TAXONOMY_PHASE5,rel_bd3a033863d4684c
journey_0a015e65628cdfd7,taxonomy_j05,CLASSIFIED_AS,ACCOUNT_TAXONOMY_PHASE5,rel_bd3a600fa6adda99
journey_eb20dfd0746414b9,taxonomy_j08,CLASSIFIED_AS,ACCOUNT_TAXONOMY_PHASE5,rel_bd44d174a0bd1461
journey_e7e873ecdaf9a1e1,taxonomy_j04,CLASSIFIED_AS,ACCOUNT_TAXONOMY_PHASE5,rel_bd457a87eba35d06
journey_87c24501137c454f,taxonomy_j09,CLASSIFIED_AS,ACCOUNT_TAXONOMY_PHASE5,rel_bd548cd7dc19a017
journey_c5709ae3ddda5a51,taxonomy_j09,CLASSIFIED_AS,ACCOUNT_TAXONOMY_PHASE5,rel_bd5c126d440655a2
journey_2c7d88dde9aa9ddb,taxonomy_j03,CLASSIFIED_AS,ACCOUNT_TAXONOMY_PHASE5,rel_bd5fdd898647e51b
journey_f73a903ee3cef0e8,taxonomy_j04,CLASSIFIED_AS,ACCOUNT_TAXONOMY_PHASE5,rel_bd6c7ad62dcf5788
journey_5facac6e70f07d91,taxonomy_j03,CLASSIFIED_AS,ACCOUNT_TAXONOMY_PHASE5,rel_bd7eb0d66fcfa79b
journey_33dd6c3f0ac725b7,taxonomy_j01,CLASSIFIED_AS,ACCOUNT_TAXONOMY_PHASE5,rel_bd93edc895648573
journey_8e3b7b813b86f63e,taxonomy_j08,CLASSIFIED_AS,ACCOUNT_TAXONOMY_PHASE5,rel_bdb02937c0c8561a
journey_c9f11e92287bcb85,taxonomy_j05,CLASSIFIED_AS,ACCOUNT_TAXONOMY_PHASE5,rel_bdb8975660cbd535
journey_a951ac95d7ac9691,taxonomy_j04,CLASSIFIED_AS,ACCOUNT_TAXONOMY_PHASE5,rel_bdbe7f06775dfbd5
journey_5f13c144864d4360,taxonomy_j01,CLASSIFIED_AS,ACCOUNT_TAXONOMY_PHASE5,rel_bdc0d641e814fa8f
journey_947ca11545903441,taxonomy_j10,CLASSIFIED_AS,ACCOUNT_TAXONOMY_PHASE5,rel_bde4ff56c7432912
journey_608b6ede5888f82d,taxonomy_j02,CLASSIFIED_AS,ACCOUNT_TAXONOMY_PHASE5,rel_be11cca8b43beccb
journey_d932e4ea48acbb2a,taxonomy_j05,CLASSIFIED_AS,ACCOUNT_TAXONOMY_PHASE5,rel_be15504470abe88f
journey_d7e679503d7b9eb2,taxonomy_j03,CLASSIFIED_AS,ACCOUNT_TAXONOMY_PHASE5,rel_be71b812dde98201
journey_0c6209be736efb11,taxonomy_j08,CLASSIFIED_AS,ACCOUNT_TAXONOMY_PHASE5,rel_be780d3761ab19c4
journey_f78ba7f003ff8419,taxonomy_j04,CLASSIFIED_AS,ACCOUNT_TAXONOMY_PHASE5,rel_be925f9185575a46
journey_7a25f986d4fc55a8,taxonomy_j01,CLASSIFIED_AS,ACCOUNT_TAXONOMY_PHASE5,rel_bea6ca800754a447
journey_201088a79d419c0e,taxonomy_j09,CLASSIFIED_AS,ACCOUNT_TAXONOMY_PHASE5,rel_bee42d9d53cd7a72
journey_d5c52e06b0c6df6c,taxonomy_j09,CLASSIFIED_AS,ACCOUNT_TAXONOMY_PHASE5,rel_bef699ebc9f8f051
journey_6f73f74d95edcff0,taxonomy_j10,CLASSIFIED_AS,ACCOUNT_TAXONOMY_PHASE5,rel_bf17c48b286ecce2
journey_63de3cfd3746ff58,taxonomy_j04,CLASSIFIED_AS,ACCOUNT_TAXONOMY_PHASE5,rel_bf337d5e3694a3a1
journey_8b03a4ff657ccf6e,taxonomy_j09,CLASSIFIED_AS,ACCOUNT_TAXONOMY_PHASE5,rel_bf344b3f2c219c83
journey_be6063c32b7b81bc,taxonomy_j04,CLASSIFIED_AS,ACCOUNT_TAXONOMY_PHASE5,rel_bf3ad7e6be7c000d
journey_4a9b5a63f20b7748,taxonomy_j03,CLASSIFIED_AS,ACCOUNT_TAXONOMY_PHASE5,rel_bf5b789757eca265
journey_cbf0642796bef5c3,taxonomy_j10,CLASSIFIED_AS,ACCOUNT_TAXONOMY_PHASE5,rel_bf64c75138826f94
journey_eb3367f44fb4a1c5,taxonomy_j08,CLASSIFIED_AS,ACCOUNT_TAXONOMY_PHASE5,rel_bf9d845278d33121
journey_9807e903ffd825a6,taxonomy_j04,CLASSIFIED_AS,ACCOUNT_TAXONOMY_PHASE5,rel_bfcef1fcd3e32bf6
journey_0f5eaa6f9e3cf2af,taxonomy_j08,CLASSIFIED_AS,ACCOUNT_TAXONOMY_PHASE5,rel_bfd0ab290d110c5b
journey_cee6b25f222983d3,taxonomy_j04,CLASSIFIED_AS,ACCOUNT_TAXONOMY_PHASE5,rel_bfea1d6ebb389f05
journey_6337f9a80774bae1,taxonomy_j03,CLASSIFIED_AS,ACCOUNT_TAXONOMY_PHASE5,rel_bff2de20d7332ea9
journey_413cf42185d30987,taxonomy_j05,CLASSIFIED_AS,ACCOUNT_TAXONOMY_PHASE5,rel_bfff688e7d479727
journey_1ec0e745bd240da5,taxonomy_j04,CLASSIFIED_AS,ACCOUNT_TAXONOMY_PHASE5,rel_c012b4fdf6133f3f
journey_71dadce649064b84,taxonomy_j04,CLASSIFIED_AS,ACCOUNT_TAXONOMY_PHASE5,rel_c018f1c44fa1e306
journey_43da0100a6ce039a,taxonomy_j04,CLASSIFIED_AS,ACCOUNT_TAXONOMY_PHASE5,rel_c01ea7ed70032b2e
journey_57553822a2957d2b,taxonomy_j09,CLASSIFIED_AS,ACCOUNT_TAXONOMY_PHASE5,rel_c03ee08e90ef97c0
journey_39fbc967e435782e,taxonomy_j09,CLASSIFIED_AS,ACCOUNT_TAXONOMY_PHASE5,rel_c046a254b742f14a
journey_8654040b50f8e542,taxonomy_j03,CLASSIFIED_AS,ACCOUNT_TAXONOMY_PHASE5,rel_c0591d244e09e71c
journey_428330506b60b3b1,taxonomy_j10,CLASSIFIED_AS,ACCOUNT_TAXONOMY_PHASE5,rel_c07969d1b3fa5f70
journey_809e4d344fa15fa3,taxonomy_j04,CLASSIFIED_AS,ACCOUNT_TAXONOMY_PHASE5,rel_c0aac73dbd50a6be
journey_3067180d6c680ef3,taxonomy_j05,CLASSIFIED_AS,ACCOUNT_TAXONOMY_PHASE5,rel_c0cc9a005b0e958e
journey_14062d3c48c63f9d,taxonomy_j04,CLASSIFIED_AS,ACCOUNT_TAXONOMY_PHASE5,rel_c0d33c33e43cc832
journey_350f406e7117bfb6,taxonomy_j09,CLASSIFIED_AS,ACCOUNT_TAXONOMY_PHASE5,rel_c0eb3f7a6107cb85
journey_64c223baee9afed1,taxonomy_j04,CLASSIFIED_AS,ACCOUNT_TAXONOMY_PHASE5,rel_c11998fc9de01228
journey_3c2e2accf62f5681,taxonomy_j09,CLASSIFIED_AS,ACCOUNT_TAXONOMY_PHASE5,rel_c13aa97c3ed07560
journey_922c178d20a2919b,taxonomy_j09,CLASSIFIED_AS,ACCOUNT_TAXONOMY_PHASE5,rel_c14c50032ad06823
journey_4e37e08ac3b4afd8,taxonomy_j04,CLASSIFIED_AS,ACCOUNT_TAXONOMY_PHASE5,rel_c1549dd3643694a0
journey_90355c980db0ecc3,taxonomy_j08,CLASSIFIED_AS,ACCOUNT_TAXONOMY_PHASE5,rel_c15c28fe5449b3e6
journey_9e78350aefe5e5ee,taxonomy_j04,CLASSIFIED_AS,ACCOUNT_TAXONOMY_PHASE5,rel_c16b8000ec40fe36
journey_bd1b25e9d1249484,taxonomy_j04,CLASSIFIED_AS,ACCOUNT_TAXONOMY_PHASE5,rel_c179ce449f66d42e
journey_4f7af67fffd50a84,taxonomy_j04,CLASSIFIED_AS,ACCOUNT_TAXONOMY_PHASE5,rel_c1873d61736f17b1
journey_5678a399c6585e9d,taxonomy_j04,CLASSIFIED_AS,ACCOUNT_TAXONOMY_PHASE5,rel_c1974dc4d0b5e5a7
journey_9a161358ff695386,taxonomy_j04,CLASSIFIED_AS,ACCOUNT_TAXONOMY_PHASE5,rel_c197d0ff3298e8ae
journey_29c408dc44e99792,taxonomy_j05,CLASSIFIED_AS,ACCOUNT_TAXONOMY_PHASE5,rel_c19a84065099b8df
journey_85e69b0161acfcc7,taxonomy_j04,CLASSIFIED_AS,ACCOUNT_TAXONOMY_PHASE5,rel_c1a6b14070af47d4
journey_8bcca2bd6336181a,taxonomy_j08,CLASSIFIED_AS,ACCOUNT_TAXONOMY_PHASE5,rel_c1af874d27c5d032
journey_68a921b752e2ed66,taxonomy_j04,CLASSIFIED_AS,ACCOUNT_TAXONOMY_PHASE5,rel_c1b921dd2a756b64
journey_07287e0df52ff44d,taxonomy_j09,CLASSIFIED_AS,ACCOUNT_TAXONOMY_PHASE5,rel_c1c7a44978fcf75b
journey_a4d3318e2a91c2e3,taxonomy_j01,CLASSIFIED_AS,ACCOUNT_TAXONOMY_PHASE5,rel_c1ce20626494e7bb
journey_473129c7322100d5,taxonomy_j10,CLASSIFIED_AS,ACCOUNT_TAXONOMY_PHASE5,rel_c1d569726d381b15
journey_d9b9b465e44f51e0,taxonomy_j10,CLASSIFIED_AS,ACCOUNT_TAXONOMY_PHASE5,rel_c1d985d0b2b662b2
journey_2d11a74fc317fdf9,taxonomy_j01,CLASSIFIED_AS,ACCOUNT_TAXONOMY_PHASE5,rel_c1db876d9b7bf63b
journey_537764d49a4efb53,taxonomy_j07,CLASSIFIED_AS,ACCOUNT_TAXONOMY_PHASE5,rel_c1df092a4974a9bf
journey_899b64b52df3dff6,taxonomy_j09,CLASSIFIED_AS,ACCOUNT_TAXONOMY_PHASE5,rel_c1e35de376a2a276
journey_0018fb0aebfc5760,taxonomy_j04,CLASSIFIED_AS,ACCOUNT_TAXONOMY_PHASE5,rel_c1f013d3d5a56e7c
journey_0901904ee565d5ef,taxonomy_j04,CLASSIFIED_AS,ACCOUNT_TAXONOMY_PHASE5,rel_c1f81e654cbcf6a4
journey_53132589aac25324,taxonomy_j09,CLASSIFIED_AS,ACCOUNT_TAXONOMY_PHASE5,rel_c21968392beb3541
journey_1e10f0ad10ba2d3d,taxonomy_j08,CLASSIFIED_AS,ACCOUNT_TAXONOMY_PHASE5,rel_c2263aef6feb3d79
journey_7bf72037632f3e0e,taxonomy_j10,CLASSIFIED_AS,ACCOUNT_TAXONOMY_PHASE5,rel_c2373b4914b2181c
journey_3e15636a94eb257d,taxonomy_j04,CLASSIFIED_AS,ACCOUNT_TAXONOMY_PHASE5,rel_c23a2d08cc352ffd
journey_4ebbe05360863873,taxonomy_j01,CLASSIFIED_AS,ACCOUNT_TAXONOMY_PHASE5,rel_c24c776b1b8a21da
journey_dc931ef463fd1cd2,taxonomy_j08,CLASSIFIED_AS,ACCOUNT_TAXONOMY_PHASE5,rel_c24e63cc26f0f01e
journey_1bbaaff8d51391f5,taxonomy_j09,CLASSIFIED_AS,ACCOUNT_TAXONOMY_PHASE5,rel_c2541e00c466fcfe
journey_fd89fa69629b2e67,taxonomy_j09,CLASSIFIED_AS,ACCOUNT_TAXONOMY_PHASE5,rel_c2620a5aae43b611
journey_c315b42228976fc8,taxonomy_j04,CLASSIFIED_AS,ACCOUNT_TAXONOMY_PHASE5,rel_c2651b3f4cd19aab
journey_f290ad09212bbbd3,taxonomy_j05,CLASSIFIED_AS,ACCOUNT_TAXONOMY_PHASE5,rel_c26ed7e632e9bb6d
journey_34317cd9abd814c7,taxonomy_j04,CLASSIFIED_AS,ACCOUNT_TAXONOMY_PHASE5,rel_c273de20bd0f5235
journey_3b19559183f97e15,taxonomy_j04,CLASSIFIED_AS,ACCOUNT_TAXONOMY_PHASE5,rel_c2827c13d1bab76c
journey_0820a2dc706a50d8,taxonomy_j04,CLASSIFIED_AS,ACCOUNT_TAXONOMY_PHASE5,rel_c28fd9d8a1651270
journey_f992d5647fd6c857,taxonomy_j09,CLASSIFIED_AS,ACCOUNT_TAXONOMY_PHASE5,rel_c2a6a592e040936d
journey_44ed6a2edceca97b,taxonomy_j04,CLASSIFIED_AS,ACCOUNT_TAXONOMY_PHASE5,rel_c2aa8d1978a686e7
journey_54cb925a1aea145e,taxonomy_j05,CLASSIFIED_AS,ACCOUNT_TAXONOMY_PHASE5,rel_c2af52f023daede4
journey_669a8eaa52341387,taxonomy_j05,CLASSIFIED_AS,ACCOUNT_TAXONOMY_PHASE5,rel_c2b5ad9287eb1d4b
journey_83dc222cb5222109,taxonomy_j09,CLASSIFIED_AS,ACCOUNT_TAXONOMY_PHASE5,rel_c2b900e2baeafa2f
journey_43f72be32fbedb1c,taxonomy_j08,CLASSIFIED_AS,ACCOUNT_TAXONOMY_PHASE5,rel_c2ccb2568e37a1dd
journey_8b4d36bffaebce89,taxonomy_j07,CLASSIFIED_AS,ACCOUNT_TAXONOMY_PHASE5,rel_c2cf071e28ba966b
journey_e170819bf0a75616,taxonomy_j04,CLASSIFIED_AS,ACCOUNT_TAXONOMY_PHASE5,rel_c2d5723dcedd770b
journey_5e66e151c5de9e15,taxonomy_j03,CLASSIFIED_AS,ACCOUNT_TAXONOMY_PHASE5,rel_c2d8b198180b05fe
journey_3f5ed1424fa9bbdc,taxonomy_j04,CLASSIFIED_AS,ACCOUNT_TAXONOMY_PHASE5,rel_c2f646ee518601fb
journey_09ae128afe42d8f1,taxonomy_j01,CLASSIFIED_AS,ACCOUNT_TAXONOMY_PHASE5,rel_c30625262c40bd1f
journey_9a598481429aeaee,taxonomy_j04,CLASSIFIED_AS,ACCOUNT_TAXONOMY_PHASE5,rel_c316160c6dfcdecf
journey_e89bec277029433c,taxonomy_j09,CLASSIFIED_AS,ACCOUNT_TAXONOMY_PHASE5,rel_c340791ad1f8d97d
journey_c243df68ddfb90e5,taxonomy_j01,CLASSIFIED_AS,ACCOUNT_TAXONOMY_PHASE5,rel_c34761eac8e35048
journey_b42873acb085d05f,taxonomy_j04,CLASSIFIED_AS,ACCOUNT_TAXONOMY_PHASE5,rel_c376400b5d78887e
journey_f53fde3337b988a1,taxonomy_j05,CLASSIFIED_AS,ACCOUNT_TAXONOMY_PHASE5,rel_c3916d095ae6d684
journey_e8ad2d48d36a0896,taxonomy_j09,CLASSIFIED_AS,ACCOUNT_TAXONOMY_PHASE5,rel_c39359f286467c98
journey_d5c630a111c6ff68,taxonomy_j08,CLASSIFIED_AS,ACCOUNT_TAXONOMY_PHASE5,rel_c39a5ac52f8feebe
journey_42e081aecc7df059,taxonomy_j09,CLASSIFIED_AS,ACCOUNT_TAXONOMY_PHASE5,rel_c39f87b8a9ae361d
journey_d25b239b11cc8fe5,taxonomy_j05,CLASSIFIED_AS,ACCOUNT_TAXONOMY_PHASE5,rel_c3aa4d3701540a43
journey_caf424339de09834,taxonomy_j05,CLASSIFIED_AS,ACCOUNT_TAXONOMY_PHASE5,rel_c3ab914cd76cd331
journey_9744e06c12defab4,taxonomy_j08,CLASSIFIED_AS,ACCOUNT_TAXONOMY_PHASE5,rel_c3bd49f91dbb9099
journey_edf2c94647c5dd65,taxonomy_j02,CLASSIFIED_AS,ACCOUNT_TAXONOMY_PHASE5,rel_c3d02f5fb8c8105b
journey_97cfdee40146fd42,taxonomy_j04,CLASSIFIED_AS,ACCOUNT_TAXONOMY_PHASE5,rel_c3e6be014fb86b67
journey_aa8e89d073fd35c7,taxonomy_j02,CLASSIFIED_AS,ACCOUNT_TAXONOMY_PHASE5,rel_c3ea5714a9e9593c
journey_a462bfe25d8ab5fe,taxonomy_j05,CLASSIFIED_AS,ACCOUNT_TAXONOMY_PHASE5,rel_c3efa35de49d41aa
journey_7a7e7a0b80b1dd16,taxonomy_j01,CLASSIFIED_AS,ACCOUNT_TAXONOMY_PHASE5,rel_c410f609c93ccaac
journey_62df19720a82d51f,taxonomy_j10,CLASSIFIED_AS,ACCOUNT_TAXONOMY_PHASE5,rel_c414f7e0d3111b6c
journey_d868d52b935f2c8f,taxonomy_j05,CLASSIFIED_AS,ACCOUNT_TAXONOMY_PHASE5,rel_c417e5f36f78bc58
journey_b2810de7dd483259,taxonomy_j04,CLASSIFIED_AS,ACCOUNT_TAXONOMY_PHASE5,rel_c44ca79918feeda9
journey_2b6999133eabcc69,taxonomy_j09,CLASSIFIED_AS,ACCOUNT_TAXONOMY_PHASE5,rel_c45988f7b1934279
journey_efac9c74c7c7c4bf,taxonomy_j03,CLASSIFIED_AS,ACCOUNT_TAXONOMY_PHASE5,rel_c459b4cabb3f179b
journey_8f267d38850ab7ad,taxonomy_j04,CLASSIFIED_AS,ACCOUNT_TAXONOMY_PHASE5,rel_c45db335df446be5
journey_430140a04b4018b0,taxonomy_j09,CLASSIFIED_AS,ACCOUNT_TAXONOMY_PHASE5,rel_c462fef3e5ca0433
journey_b7c0d686e55cc098,taxonomy_j05,CLASSIFIED_AS,ACCOUNT_TAXONOMY_PHASE5,rel_c46a2da8693e7b4a
journey_162db7d3c5246b87,taxonomy_j10,CLASSIFIED_AS,ACCOUNT_TAXONOMY_PHASE5,rel_c475365f6b6ab945
journey_ce715237492ebf45,taxonomy_j06,CLASSIFIED_AS,ACCOUNT_TAXONOMY_PHASE5,rel_c47f114f1af280a2
journey_0de9557db36d9a8f,taxonomy_j04,CLASSIFIED_AS,ACCOUNT_TAXONOMY_PHASE5,rel_c4a94f9077bedb4e
journey_c86dae237a1b9cdd,taxonomy_j09,CLASSIFIED_AS,ACCOUNT_TAXONOMY_PHASE5,rel_c4c3915b417866e3
journey_e1977a60746c97c1,taxonomy_j01,CLASSIFIED_AS,ACCOUNT_TAXONOMY_PHASE5,rel_c4c633ad513fff4e
journey_fd62c30dc73c9a55,taxonomy_j09,CLASSIFIED_AS,ACCOUNT_TAXONOMY_PHASE5,rel_c4d1cfd36c1e80ab
journey_bab569c5c6a3a092,taxonomy_j03,CLASSIFIED_AS,ACCOUNT_TAXONOMY_PHASE5,rel_c4d37f2ed0039538
journey_df653fb05fced364,taxonomy_j10,CLASSIFIED_AS,ACCOUNT_TAXONOMY_PHASE5,rel_c4d4ef36df83f3e0
journey_23c37ec18a491cee,taxonomy_j04,CLASSIFIED_AS,ACCOUNT_TAXONOMY_PHASE5,rel_c4ff18c538b12675
journey_d115743270f75f66,taxonomy_j09,CLASSIFIED_AS,ACCOUNT_TAXONOMY_PHASE5,rel_c507e3321241e42a
journey_ced81426232ebc5c,taxonomy_j01,CLASSIFIED_AS,ACCOUNT_TAXONOMY_PHASE5,rel_c50c095c6ca6e1c0
journey_7102c819fde6a814,taxonomy_j01,CLASSIFIED_AS,ACCOUNT_TAXONOMY_PHASE5,rel_c53bcf5f27b0720a
journey_e1c682a802d3115a,taxonomy_j05,CLASSIFIED_AS,ACCOUNT_TAXONOMY_PHASE5,rel_c552c0418ce2fe51
journey_cf019d90335756d9,taxonomy_j04,CLASSIFIED_AS,ACCOUNT_TAXONOMY_PHASE5,rel_c556f3c5f3ac596e
journey_c37aa64c5b8356c3,taxonomy_j08,CLASSIFIED_AS,ACCOUNT_TAXONOMY_PHASE5,rel_c581b008cc434347
journey_5e4b3110d832e2f9,taxonomy_j03,CLASSIFIED_AS,ACCOUNT_TAXONOMY_PHASE5,rel_c5846310c4117205
journey_d75ca1d069c5b97b,taxonomy_j04,CLASSIFIED_AS,ACCOUNT_TAXONOMY_PHASE5,rel_c587c5ab20d0a2e7
journey_a3d2b12cbbecb769,taxonomy_j04,CLASSIFIED_AS,ACCOUNT_TAXONOMY_PHASE5,rel_c5972d15c01a216b
journey_d8b2bda649d358be,taxonomy_j08,CLASSIFIED_AS,ACCOUNT_TAXONOMY_PHASE5,rel_c5974a6d6e2e5a94
journey_9ffbd46c5d2906c7,taxonomy_j08,CLASSIFIED_AS,ACCOUNT_TAXONOMY_PHASE5,rel_c5ab52a8bb31b600
journey_3c91bda3e82b7722,taxonomy_j01,CLASSIFIED_AS,ACCOUNT_TAXONOMY_PHASE5,rel_c5abad0814166304
journey_875151119608635e,taxonomy_j08,CLASSIFIED_AS,ACCOUNT_TAXONOMY_PHASE5,rel_c5d33a6be54d3fcb
journey_d12a653b1c8b1a2b,taxonomy_j10,CLASSIFIED_AS,ACCOUNT_TAXONOMY_PHASE5,rel_c5e3fbae6da92138
journey_dfabc83b85fee9a3,taxonomy_j01,CLASSIFIED_AS,ACCOUNT_TAXONOMY_PHASE5,rel_c5e441e1620b6b22
journey_3cc8c37556562c2d,taxonomy_j08,CLASSIFIED_AS,ACCOUNT_TAXONOMY_PHASE5,rel_c5e760f50a9de319
journey_4304a0b41e28201b,taxonomy_j08,CLASSIFIED_AS,ACCOUNT_TAXONOMY_PHASE5,rel_c60cbd13ec9a2dc9
journey_e3be105420ffd773,taxonomy_j01,CLASSIFIED_AS,ACCOUNT_TAXONOMY_PHASE5,rel_c618087eeb7034ae
journey_76943bddc8c53b42,taxonomy_j05,CLASSIFIED_AS,ACCOUNT_TAXONOMY_PHASE5,rel_c6198b138b9894bb
journey_3bf79183f9a6cded,taxonomy_j05,CLASSIFIED_AS,ACCOUNT_TAXONOMY_PHASE5,rel_c623e1ed8b97373e
journey_9285eb93c6963caf,taxonomy_j09,CLASSIFIED_AS,ACCOUNT_TAXONOMY_PHASE5,rel_c62686fe367a3c8e
journey_4bf86cba0a9216a3,taxonomy_j05,CLASSIFIED_AS,ACCOUNT_TAXONOMY_PHASE5,rel_c63726c2bd9316c5
journey_53e5d24201a2f8dd,taxonomy_j04,CLASSIFIED_AS,ACCOUNT_TAXONOMY_PHASE5,rel_c64263990b57db2f
journey_1c11b4f13fa48d80,taxonomy_j04,CLASSIFIED_AS,ACCOUNT_TAXONOMY_PHASE5,rel_c65452435d4db125
journey_a585bfffccb989fb,taxonomy_j01,CLASSIFIED_AS,ACCOUNT_TAXONOMY_PHASE5,rel_c65db67d08497663
journey_9ddd76c8b7a65f6d,taxonomy_j08,CLASSIFIED_AS,ACCOUNT_TAXONOMY_PHASE5,rel_c693767ef9960200
journey_0b2f460323c179ae,taxonomy_j01,CLASSIFIED_AS,ACCOUNT_TAXONOMY_PHASE5,rel_c693c93dd507a4e8
journey_3de217af356ec2c8,taxonomy_j04,CLASSIFIED_AS,ACCOUNT_TAXONOMY_PHASE5,rel_c6993701516caa1e
journey_fa5d43aa21449e42,taxonomy_j03,CLASSIFIED_AS,ACCOUNT_TAXONOMY_PHASE5,rel_c699c545a2e10f3d
journey_3538ac08d34d0b83,taxonomy_j01,CLASSIFIED_AS,ACCOUNT_TAXONOMY_PHASE5,rel_c69baaa5141385c1
journey_8db698f03d0c0543,taxonomy_j04,CLASSIFIED_AS,ACCOUNT_TAXONOMY_PHASE5,rel_c6a1a2274c7b97bc
journey_bd5042daa4a077e7,taxonomy_j04,CLASSIFIED_AS,ACCOUNT_TAXONOMY_PHASE5,rel_c6ce32f4966c535b
journey_56a89f33c5ba0114,taxonomy_j05,CLASSIFIED_AS,ACCOUNT_TAXONOMY_PHASE5,rel_c6fc4e44eb9f3fdb
journey_8069963c3118351a,taxonomy_j09,CLASSIFIED_AS,ACCOUNT_TAXONOMY_PHASE5,rel_c6fc611a51e5e51a
journey_1509932c48ca238d,taxonomy_j05,CLASSIFIED_AS,ACCOUNT_TAXONOMY_PHASE5,rel_c705217907f7d449
journey_c1ded02231f1d1d1,taxonomy_j01,CLASSIFIED_AS,ACCOUNT_TAXONOMY_PHASE5,rel_c708b211c3499334
journey_8fee287d5b87377a,taxonomy_j05,CLASSIFIED_AS,ACCOUNT_TAXONOMY_PHASE5,rel_c7202827511d26b3
journey_7a56e8c7548a753d,taxonomy_j08,CLASSIFIED_AS,ACCOUNT_TAXONOMY_PHASE5,rel_c72579a21c3c44aa
journey_60c3b25750d8ea9d,taxonomy_j04,CLASSIFIED_AS,ACCOUNT_TAXONOMY_PHASE5,rel_c72a450c8f6b1d15
journey_ed8dc5bd58890a85,taxonomy_j05,CLASSIFIED_AS,ACCOUNT_TAXONOMY_PHASE5,rel_c74b27e3e69cff7f
journey_6be0f76bded38de6,taxonomy_j08,CLASSIFIED_AS,ACCOUNT_TAXONOMY_PHASE5,rel_c74bc61242132758
journey_89af27c001542627,taxonomy_j09,CLASSIFIED_AS,ACCOUNT_TAXONOMY_PHASE5,rel_c75461bbb8af5dcc
journey_1a883e70757e3aba,taxonomy_j09,CLASSIFIED_AS,ACCOUNT_TAXONOMY_PHASE5,rel_c754bd10bf4b518b
journey_858d0247ae8b426b,taxonomy_j08,CLASSIFIED_AS,ACCOUNT_TAXONOMY_PHASE5,rel_c76dee9b12308c1c
journey_819164157c91f47f,taxonomy_j01,CLASSIFIED_AS,ACCOUNT_TAXONOMY_PHASE5,rel_c773e7ed74550f9d
journey_a865b1f3c732d6ba,taxonomy_j10,CLASSIFIED_AS,ACCOUNT_TAXONOMY_PHASE5,rel_c7789949a477495b
journey_8c24609f40c3e163,taxonomy_j08,CLASSIFIED_AS,ACCOUNT_TAXONOMY_PHASE5,rel_c7798025b6f6c03b
journey_3908f07fa6453ffb,taxonomy_j10,CLASSIFIED_AS,ACCOUNT_TAXONOMY_PHASE5,rel_c78924becb24d27f
journey_f6968f764efa2cba,taxonomy_j05,CLASSIFIED_AS,ACCOUNT_TAXONOMY_PHASE5,rel_c789fbcdc6150576
journey_9d6fb13ae67d6bd2,taxonomy_j09,CLASSIFIED_AS,ACCOUNT_TAXONOMY_PHASE5,rel_c7a5a3aed91bfc41
journey_736b2fb6eb26ccf3,taxonomy_j08,CLASSIFIED_AS,ACCOUNT_TAXONOMY_PHASE5,rel_c7bace33e6bd5dfd
journey_076c34fa6e35deab,taxonomy_j08,CLASSIFIED_AS,ACCOUNT_TAXONOMY_PHASE5,rel_c7beca2bd632678d
journey_ac42fb8de719b237,taxonomy_j01,CLASSIFIED_AS,ACCOUNT_TAXONOMY_PHASE5,rel_c7c9766a43eb8b55
journey_2b9a86a2c456e303,taxonomy_j04,CLASSIFIED_AS,ACCOUNT_TAXONOMY_PHASE5,rel_c7d2be6ec2726c31
journey_42ab14a9361d0124,taxonomy_j09,CLASSIFIED_AS,ACCOUNT_TAXONOMY_PHASE5,rel_c7dee292ac2db3ba
journey_2fa5e87eacff0c58,taxonomy_j05,CLASSIFIED_AS,ACCOUNT_TAXONOMY_PHASE5,rel_c7eafc3724f47dc4
journey_12531cd9bd4c2a72,taxonomy_j04,CLASSIFIED_AS,ACCOUNT_TAXONOMY_PHASE5,rel_c7ff629ed5c2bfc9
journey_436a33d8a7422587,taxonomy_j08,CLASSIFIED_AS,ACCOUNT_TAXONOMY_PHASE5,rel_c81182fd352b3e12
journey_fa1332647b769fef,taxonomy_j05,CLASSIFIED_AS,ACCOUNT_TAXONOMY_PHASE5,rel_c8205a312440cb80
journey_043636a6b432d26f,taxonomy_j08,CLASSIFIED_AS,ACCOUNT_TAXONOMY_PHASE5,rel_c82cfdad0984a360
journey_9f43dca0e396af87,taxonomy_j04,CLASSIFIED_AS,ACCOUNT_TAXONOMY_PHASE5,rel_c8319dcc9ed60e6d
journey_afe3b75d5f17cc6f,taxonomy_j05,CLASSIFIED_AS,ACCOUNT_TAXONOMY_PHASE5,rel_c83508d20d1b771c
journey_1e7020f3589af713,taxonomy_j04,CLASSIFIED_AS,ACCOUNT_TAXONOMY_PHASE5,rel_c838b9ffc303ac98
journey_54d23dab10a8c460,taxonomy_j09,CLASSIFIED_AS,ACCOUNT_TAXONOMY_PHASE5,rel_c845997ccddac516
journey_fb933d713069295d,taxonomy_j08,CLASSIFIED_AS,ACCOUNT_TAXONOMY_PHASE5,rel_c851ea9f7cd0496a
journey_7ceb65e28f35580a,taxonomy_j08,CLASSIFIED_AS,ACCOUNT_TAXONOMY_PHASE5,rel_c85f4bc545ed43ac
journey_fdef723a21ff8b7b,taxonomy_j10,CLASSIFIED_AS,ACCOUNT_TAXONOMY_PHASE5,rel_c882be1b5bd06462
journey_5dcafbf11c7c1ace,taxonomy_j04,CLASSIFIED_AS,ACCOUNT_TAXONOMY_PHASE5,rel_c8895244de555101
journey_fcf97e410d977d01,taxonomy_j04,CLASSIFIED_AS,ACCOUNT_TAXONOMY_PHASE5,rel_c8a120dc699aa5ae
journey_4294d1bc1ba7205b,taxonomy_j08,CLASSIFIED_AS,ACCOUNT_TAXONOMY_PHASE5,rel_c8ac45cd23eef107
journey_5c0dae1e132e3bf5,taxonomy_j04,CLASSIFIED_AS,ACCOUNT_TAXONOMY_PHASE5,rel_c8baa5745a970049
journey_396403cd56fca3e9,taxonomy_j05,CLASSIFIED_AS,ACCOUNT_TAXONOMY_PHASE5,rel_c8c243f933822ecd
journey_06c7963d75ee772d,taxonomy_j07,CLASSIFIED_AS,ACCOUNT_TAXONOMY_PHASE5,rel_c8d76614be249421
journey_c3c603c1e5520ccf,taxonomy_j09,CLASSIFIED_AS,ACCOUNT_TAXONOMY_PHASE5,rel_c8eae1bf3395e74e
journey_898c4216b8c82190,taxonomy_j08,CLASSIFIED_AS,ACCOUNT_TAXONOMY_PHASE5,rel_c8f31bfc1b6c242f
journey_857345375d5375f4,taxonomy_j05,CLASSIFIED_AS,ACCOUNT_TAXONOMY_PHASE5,rel_c8f35f5c214da53e
journey_3ae554f0cd042b3d,taxonomy_j09,CLASSIFIED_AS,ACCOUNT_TAXONOMY_PHASE5,rel_c8fd24b010ee919f
journey_e7bb4c71dd77db23,taxonomy_j04,CLASSIFIED_AS,ACCOUNT_TAXONOMY_PHASE5,rel_c9045a9351886d61
journey_c096e9fb5d61018d,taxonomy_j01,CLASSIFIED_AS,ACCOUNT_TAXONOMY_PHASE5,rel_c90606e98c9a5822
journey_db201ded12ca313b,taxonomy_j01,CLASSIFIED_AS,ACCOUNT_TAXONOMY_PHASE5,rel_c907b61f05354a67
journey_9f13ed669b418b0b,taxonomy_j05,CLASSIFIED_AS,ACCOUNT_TAXONOMY_PHASE5,rel_c91d35a166333c8e
journey_e038e11aaf9e9280,taxonomy_j04,CLASSIFIED_AS,ACCOUNT_TAXONOMY_PHASE5,rel_c921d4a07f3fe96a
journey_1d1faf29ca1b8d53,taxonomy_j05,CLASSIFIED_AS,ACCOUNT_TAXONOMY_PHASE5,rel_c92505aa1f81fe62
journey_2197d052bba6c378,taxonomy_j04,CLASSIFIED_AS,ACCOUNT_TAXONOMY_PHASE5,rel_c93aa2bcd8bcafa1
journey_59af98818e513498,taxonomy_j01,CLASSIFIED_AS,ACCOUNT_TAXONOMY_PHASE5,rel_c941d2cb9d275d49
journey_459f877c06ce2b94,taxonomy_j10,CLASSIFIED_AS,ACCOUNT_TAXONOMY_PHASE5,rel_c95449329a0a09a1
journey_37d67645208c1b16,taxonomy_j08,CLASSIFIED_AS,ACCOUNT_TAXONOMY_PHASE5,rel_c9734b491ab19295
journey_6238c35d60f2957e,taxonomy_j03,CLASSIFIED_AS,ACCOUNT_TAXONOMY_PHASE5,rel_c9ba38ece5af94fd
journey_96c3145249cf458d,taxonomy_j04,CLASSIFIED_AS,ACCOUNT_TAXONOMY_PHASE5,rel_c9cc6623420c0417
journey_b4d710270a7e8a5e,taxonomy_j03,CLASSIFIED_AS,ACCOUNT_TAXONOMY_PHASE5,rel_c9d131bf15548ab0
journey_cc9bd3045366fdd3,taxonomy_j04,CLASSIFIED_AS,ACCOUNT_TAXONOMY_PHASE5,rel_c9e5e95c31c69cfe
journey_08799665e7ce25bb,taxonomy_j03,CLASSIFIED_AS,ACCOUNT_TAXONOMY_PHASE5,rel_c9e872efb8b74af3
journey_39e35fda97a8d458,taxonomy_j01,CLASSIFIED_AS,ACCOUNT_TAXONOMY_PHASE5,rel_ca0ffe8d42829ea1
journey_c9887659daaf6e8b,taxonomy_j04,CLASSIFIED_AS,ACCOUNT_TAXONOMY_PHASE5,rel_ca1071f0afd428cd
journey_96f683d2953b7d1a,taxonomy_j03,CLASSIFIED_AS,ACCOUNT_TAXONOMY_PHASE5,rel_ca394f7d003e51ce
journey_cf6deaba7c063580,taxonomy_j04,CLASSIFIED_AS,ACCOUNT_TAXONOMY_PHASE5,rel_ca51515a5f70e3e5
journey_c75ebef1af8d1a4b,taxonomy_j04,CLASSIFIED_AS,ACCOUNT_TAXONOMY_PHASE5,rel_ca52930af72d7fc8
journey_e2837227bf4da9ab,taxonomy_j10,CLASSIFIED_AS,ACCOUNT_TAXONOMY_PHASE5,rel_ca5a60f6fd98cb2b
journey_ff6abab29803cace,taxonomy_j05,CLASSIFIED_AS,ACCOUNT_TAXONOMY_PHASE5,rel_ca7334219b8227f8
journey_38bccc2799e8b45e,taxonomy_j04,CLASSIFIED_AS,ACCOUNT_TAXONOMY_PHASE5,rel_ca7788020c41bd8d
journey_1dd245b4b33eb625,taxonomy_j04,CLASSIFIED_AS,ACCOUNT_TAXONOMY_PHASE5,rel_ca92d057514afce6
journey_6095172c83a8201a,taxonomy_j09,CLASSIFIED_AS,ACCOUNT_TAXONOMY_PHASE5,rel_ca9f1339e3781252
journey_195050ffafa503c6,taxonomy_j09,CLASSIFIED_AS,ACCOUNT_TAXONOMY_PHASE5,rel_cabc47dfe15c4e7d
journey_30a6641d65b8224f,taxonomy_j08,CLASSIFIED_AS,ACCOUNT_TAXONOMY_PHASE5,rel_cabdc494d46275f2
journey_77ecc3eeaf237106,taxonomy_j04,CLASSIFIED_AS,ACCOUNT_TAXONOMY_PHASE5,rel_cac0daad2dc005a8
journey_e21b32ba4b5cf412,taxonomy_j05,CLASSIFIED_AS,ACCOUNT_TAXONOMY_PHASE5,rel_cacc24278473439d
journey_4e652dbde7b1c355,taxonomy_j04,CLASSIFIED_AS,ACCOUNT_TAXONOMY_PHASE5,rel_cb17bf58ab3086b4
journey_dcb984acc0cdf3e5,taxonomy_j08,CLASSIFIED_AS,ACCOUNT_TAXONOMY_PHASE5,rel_cb20c9a1a475556a
journey_5cf15b0d32c30e43,taxonomy_j09,CLASSIFIED_AS,ACCOUNT_TAXONOMY_PHASE5,rel_cb3fb1b819e1348b
journey_0a8cbdece73b488c,taxonomy_j10,CLASSIFIED_AS,ACCOUNT_TAXONOMY_PHASE5,rel_cb4a5a6f150d07c9
journey_e3ef68ba6c5ebd88,taxonomy_j04,CLASSIFIED_AS,ACCOUNT_TAXONOMY_PHASE5,rel_cb60b3193479328f
journey_c5cacf2ed6cd6a2f,taxonomy_j04,CLASSIFIED_AS,ACCOUNT_TAXONOMY_PHASE5,rel_cb69f93e5113f7ee
journey_6a9c7ff802fe9492,taxonomy_j09,CLASSIFIED_AS,ACCOUNT_TAXONOMY_PHASE5,rel_cb7847c84dba5508
journey_396ad30e6c90e0ec,taxonomy_j10,CLASSIFIED_AS,ACCOUNT_TAXONOMY_PHASE5,rel_cbb2c90ff6c72675
journey_2a5d89008eeda9b6,taxonomy_j04,CLASSIFIED_AS,ACCOUNT_TAXONOMY_PHASE5,rel_cbd93346eb049d19
journey_e187c380091eba6e,taxonomy_j03,CLASSIFIED_AS,ACCOUNT_TAXONOMY_PHASE5,rel_cbf0ba74d42a5cb2
journey_af596ef58fa1a039,taxonomy_j01,CLASSIFIED_AS,ACCOUNT_TAXONOMY_PHASE5,rel_cbf5e5d58ca79552
journey_e5db84f566f3f465,taxonomy_j08,CLASSIFIED_AS,ACCOUNT_TAXONOMY_PHASE5,rel_cbf8420431c5d465
journey_fb06044bb61de4fb,taxonomy_j01,CLASSIFIED_AS,ACCOUNT_TAXONOMY_PHASE5,rel_cbf8969c513fce6b
journey_b1b3c392b1c8e6bd,taxonomy_j10,CLASSIFIED_AS,ACCOUNT_TAXONOMY_PHASE5,rel_cc161f5da8b57ff6
journey_64068aaecbf2d29f,taxonomy_j04,CLASSIFIED_AS,ACCOUNT_TAXONOMY_PHASE5,rel_cc23283059541e54
journey_bc36229492c691bb,taxonomy_j05,CLASSIFIED_AS,ACCOUNT_TAXONOMY_PHASE5,rel_cc268d7206062689
journey_530235f860283e38,taxonomy_j01,CLASSIFIED_AS,ACCOUNT_TAXONOMY_PHASE5,rel_cc272fc13f336e86
journey_e10ea905779e7be9,taxonomy_j04,CLASSIFIED_AS,ACCOUNT_TAXONOMY_PHASE5,rel_cc51e66f8881a77c
journey_f645ecdea0df7b23,taxonomy_j08,CLASSIFIED_AS,ACCOUNT_TAXONOMY_PHASE5,rel_cc587504dc2032b7
journey_c15dd1af83946ef4,taxonomy_j08,CLASSIFIED_AS,ACCOUNT_TAXONOMY_PHASE5,rel_cc5f9493e431cd94
journey_0310a9963eca3fde,taxonomy_j08,CLASSIFIED_AS,ACCOUNT_TAXONOMY_PHASE5,rel_cc7398a67804ab52
journey_819d9137174d33d3,taxonomy_j08,CLASSIFIED_AS,ACCOUNT_TAXONOMY_PHASE5,rel_cc791fa8376480d3
journey_856888ecb84de3a0,taxonomy_j10,CLASSIFIED_AS,ACCOUNT_TAXONOMY_PHASE5,rel_cc798102fd12cda7
journey_a4aed038719c0bff,taxonomy_j05,CLASSIFIED_AS,ACCOUNT_TAXONOMY_PHASE5,rel_cc7ec4a60b02e20d
journey_f46291ee9a97d7ab,taxonomy_j04,CLASSIFIED_AS,ACCOUNT_TAXONOMY_PHASE5,rel_cc8a1dc140e00ce4
journey_53eb6062c3b9fc33,taxonomy_j04,CLASSIFIED_AS,ACCOUNT_TAXONOMY_PHASE5,rel_cc9297f8fb3e8bc8
journey_494120f5695cc6ea,taxonomy_j05,CLASSIFIED_AS,ACCOUNT_TAXONOMY_PHASE5,rel_cc9490c295761e72
journey_14116dfe937ce80b,taxonomy_j09,CLASSIFIED_AS,ACCOUNT_TAXONOMY_PHASE5,rel_cc9c15251e3f872e
journey_863df1346efd2a34,taxonomy_j01,CLASSIFIED_AS,ACCOUNT_TAXONOMY_PHASE5,rel_cca6e8d2fed19419
journey_6476d7ccd8802eeb,taxonomy_j04,CLASSIFIED_AS,ACCOUNT_TAXONOMY_PHASE5,rel_cca75d829daacab0
journey_8da6cfbb6b89861f,taxonomy_j08,CLASSIFIED_AS,ACCOUNT_TAXONOMY_PHASE5,rel_ccbebd481e0e8025
journey_4cea63a133b64a60,taxonomy_j09,CLASSIFIED_AS,ACCOUNT_TAXONOMY_PHASE5,rel_ccc51b48ba242436
journey_f888c1f70bb29eaa,taxonomy_j04,CLASSIFIED_AS,ACCOUNT_TAXONOMY_PHASE5,rel_ccd7e143af0c493d
journey_b2b5f2abdb3843af,taxonomy_j05,CLASSIFIED_AS,ACCOUNT_TAXONOMY_PHASE5,rel_cce1ec3cd15729ab
journey_e060c17ebcfe08e4,taxonomy_j05,CLASSIFIED_AS,ACCOUNT_TAXONOMY_PHASE5,rel_cce4cdafc948209b
journey_872ea5aa56062441,taxonomy_j10,CLASSIFIED_AS,ACCOUNT_TAXONOMY_PHASE5,rel_cd0070a645dacfdf
journey_9d2ed64be1d8cc81,taxonomy_j10,CLASSIFIED_AS,ACCOUNT_TAXONOMY_PHASE5,rel_cd02a7493e23e240
journey_9e47f528ac74300f,taxonomy_j05,CLASSIFIED_AS,ACCOUNT_TAXONOMY_PHASE5,rel_cd031b1500336fa3
journey_c2a5977803bc7168,taxonomy_j10,CLASSIFIED_AS,ACCOUNT_TAXONOMY_PHASE5,rel_cd1cea2be8acceba
journey_3ec7718b305fac25,taxonomy_j04,CLASSIFIED_AS,ACCOUNT_TAXONOMY_PHASE5,rel_cd215cf516b2e562
journey_4de322a53333d270,taxonomy_j08,CLASSIFIED_AS,ACCOUNT_TAXONOMY_PHASE5,rel_cd21d24f7e2e39f7
journey_f644b8637a9b403f,taxonomy_j10,CLASSIFIED_AS,ACCOUNT_TAXONOMY_PHASE5,rel_cd34e22c827b97e4
journey_4ee9582bcc6fe68d,taxonomy_j08,CLASSIFIED_AS,ACCOUNT_TAXONOMY_PHASE5,rel_cd3708246a140f65
journey_4f020b139a8574fb,taxonomy_j05,CLASSIFIED_AS,ACCOUNT_TAXONOMY_PHASE5,rel_cd59beb3c23ed175
journey_cd4c450fa18db4df,taxonomy_j05,CLASSIFIED_AS,ACCOUNT_TAXONOMY_PHASE5,rel_cd60a3c6d4b9e730
journey_9066758fb856481e,taxonomy_j04,CLASSIFIED_AS,ACCOUNT_TAXONOMY_PHASE5,rel_cd95d6b3aee5a6de
journey_74490b26d271999a,taxonomy_j04,CLASSIFIED_AS,ACCOUNT_TAXONOMY_PHASE5,rel_cd95dc307952ffcf
journey_d36a0e0c41070c67,taxonomy_j04,CLASSIFIED_AS,ACCOUNT_TAXONOMY_PHASE5,rel_cdb49b7a945d4c2f
journey_7e3a02eaf09cca5c,taxonomy_j01,CLASSIFIED_AS,ACCOUNT_TAXONOMY_PHASE5,rel_cdb8bc3d408bd287
journey_60d6517b23c9fa62,taxonomy_j09,CLASSIFIED_AS,ACCOUNT_TAXONOMY_PHASE5,rel_cdbf5ccec4486077
journey_419ce58c00fb9320,taxonomy_j05,CLASSIFIED_AS,ACCOUNT_TAXONOMY_PHASE5,rel_cdc9a4598ad9409a
journey_c4f9a6fa2abe93b5,taxonomy_j08,CLASSIFIED_AS,ACCOUNT_TAXONOMY_PHASE5,rel_cddb72070cc48147
journey_5c484898d2418942,taxonomy_j01,CLASSIFIED_AS,ACCOUNT_TAXONOMY_PHASE5,rel_cde084ff111e40a6
journey_52d0999ebc4fa4e4,taxonomy_j04,CLASSIFIED_AS,ACCOUNT_TAXONOMY_PHASE5,rel_cde2434d5dbf6139
journey_848dafef18257297,taxonomy_j05,CLASSIFIED_AS,ACCOUNT_TAXONOMY_PHASE5,rel_cde27158baa62317
journey_c29d9ff18c2b0c37,taxonomy_j04,CLASSIFIED_AS,ACCOUNT_TAXONOMY_PHASE5,rel_cdebf5d896b49da3
journey_3d31ef184fcc3ab5,taxonomy_j09,CLASSIFIED_AS,ACCOUNT_TAXONOMY_PHASE5,rel_cdf5af70a75fa2ea
journey_adb671f0cafab288,taxonomy_j03,CLASSIFIED_AS,ACCOUNT_TAXONOMY_PHASE5,rel_cdff3869224dff08
journey_ca4f6ce0c9a7e27c,taxonomy_j09,CLASSIFIED_AS,ACCOUNT_TAXONOMY_PHASE5,rel_ce10ab9b487ff54e
journey_ffb2683df2d8e4e1,taxonomy_j05,CLASSIFIED_AS,ACCOUNT_TAXONOMY_PHASE5,rel_ce147be45f6089d3
journey_507d6d32e24aad52,taxonomy_j03,CLASSIFIED_AS,ACCOUNT_TAXONOMY_PHASE5,rel_ce1db880cbb0ede8
journey_ef51ef22e2c3dba9,taxonomy_j08,CLASSIFIED_AS,ACCOUNT_TAXONOMY_PHASE5,rel_ce3db33a30e741ac
journey_ec649f067179b219,taxonomy_j05,CLASSIFIED_AS,ACCOUNT_TAXONOMY_PHASE5,rel_ce56070871c4ebd4
journey_80fa84c8c61cd9e0,taxonomy_j08,CLASSIFIED_AS,ACCOUNT_TAXONOMY_PHASE5,rel_ce635903ac5ce148
journey_0bbbe7cfe60cf4ff,taxonomy_j05,CLASSIFIED_AS,ACCOUNT_TAXONOMY_PHASE5,rel_ce645084200b2c4d
journey_ca0b12740a8862fa,taxonomy_j08,CLASSIFIED_AS,ACCOUNT_TAXONOMY_PHASE5,rel_ce75ef5939933086
journey_df76e6b582cd29f1,taxonomy_j08,CLASSIFIED_AS,ACCOUNT_TAXONOMY_PHASE5,rel_ce7ba52cdf496750
journey_9205d2433f98c9ad,taxonomy_j10,CLASSIFIED_AS,ACCOUNT_TAXONOMY_PHASE5,rel_ce8d027f6c5bdb3a
journey_5752ed447a209ed6,taxonomy_j04,CLASSIFIED_AS,ACCOUNT_TAXONOMY_PHASE5,rel_ceddbca6b68e3fbf
journey_acd95c2202331939,taxonomy_j10,CLASSIFIED_AS,ACCOUNT_TAXONOMY_PHASE5,rel_cedfc96e981035a8
journey_8502f4b92c6c7bed,taxonomy_j01,CLASSIFIED_AS,ACCOUNT_TAXONOMY_PHASE5,rel_cee02d2173034c49
journey_5fde34c74a03b879,taxonomy_j04,CLASSIFIED_AS,ACCOUNT_TAXONOMY_PHASE5,rel_cef38ecba655968b
journey_48f764722f582130,taxonomy_j08,CLASSIFIED_AS,ACCOUNT_TAXONOMY_PHASE5,rel_cef7090508ac9c79
journey_7c00c6387d8e7e16,taxonomy_j03,CLASSIFIED_AS,ACCOUNT_TAXONOMY_PHASE5,rel_cf16427752a29e41
journey_4136538314e48e84,taxonomy_j04,CLASSIFIED_AS,ACCOUNT_TAXONOMY_PHASE5,rel_cf18c0ca86e6c829
journey_6efe43c5eeeb001a,taxonomy_j03,CLASSIFIED_AS,ACCOUNT_TAXONOMY_PHASE5,rel_cf281ccd4af1eced
journey_3ad178227de74262,taxonomy_j04,CLASSIFIED_AS,ACCOUNT_TAXONOMY_PHASE5,rel_cf3ed628319595b1
journey_f704c3973f3a9f09,taxonomy_j09,CLASSIFIED_AS,ACCOUNT_TAXONOMY_PHASE5,rel_cf6c17c221e1ca76
journey_f6eafa94de98e356,taxonomy_j04,CLASSIFIED_AS,ACCOUNT_TAXONOMY_PHASE5,rel_cf7a91872eb0c1af
journey_9b392e2b15c98976,taxonomy_j01,CLASSIFIED_AS,ACCOUNT_TAXONOMY_PHASE5,rel_cf8d71ffcf0899da
journey_94ea78e66460c603,taxonomy_j08,CLASSIFIED_AS,ACCOUNT_TAXONOMY_PHASE5,rel_cf8d7ae0d052414b
journey_6607dccb7e67cbfe,taxonomy_j04,CLASSIFIED_AS,ACCOUNT_TAXONOMY_PHASE5,rel_cf953e533606ef9f
journey_8c5c0cd8666b530b,taxonomy_j04,CLASSIFIED_AS,ACCOUNT_TAXONOMY_PHASE5,rel_cfa73787791d94b8
journey_a950408c7f8f0704,taxonomy_j05,CLASSIFIED_AS,ACCOUNT_TAXONOMY_PHASE5,rel_cfb93afdbf11d650
journey_ba7887323b9db053,taxonomy_j01,CLASSIFIED_AS,ACCOUNT_TAXONOMY_PHASE5,rel_cfc266ba262ad790
journey_34412d939f110744,taxonomy_j04,CLASSIFIED_AS,ACCOUNT_TAXONOMY_PHASE5,rel_cfcebc869aa557d3
journey_f45a2781d6b5a4b7,taxonomy_j05,CLASSIFIED_AS,ACCOUNT_TAXONOMY_PHASE5,rel_cfd114589d6c26cf
journey_a415256842552cb4,taxonomy_j05,CLASSIFIED_AS,ACCOUNT_TAXONOMY_PHASE5,rel_cfe2d5a9d15c60a3
journey_f2565fb90016cd3d,taxonomy_j08,CLASSIFIED_AS,ACCOUNT_TAXONOMY_PHASE5,rel_cfe4c8cdaa7e2837
journey_de15b7b43fcdf2ea,taxonomy_j09,CLASSIFIED_AS,ACCOUNT_TAXONOMY_PHASE5,rel_cfe9ab6419905733
journey_3cc5f6319c9236aa,taxonomy_j08,CLASSIFIED_AS,ACCOUNT_TAXONOMY_PHASE5,rel_cfef0576584eceea
journey_e8ed5b86af12a5dd,taxonomy_j05,CLASSIFIED_AS,ACCOUNT_TAXONOMY_PHASE5,rel_d00852dea5171eb8
journey_240455c250fe2b17,taxonomy_j07,CLASSIFIED_AS,ACCOUNT_TAXONOMY_PHASE5,rel_d019355bc18f4f05
journey_718e5664ce8ffaee,taxonomy_j08,CLASSIFIED_AS,ACCOUNT_TAXONOMY_PHASE5,rel_d01cdaa4b75d7ca4
journey_bc80a7d63175f2c9,taxonomy_j03,CLASSIFIED_AS,ACCOUNT_TAXONOMY_PHASE5,rel_d020eb3f454df340
journey_868fbdbc8f8b68dd,taxonomy_j05,CLASSIFIED_AS,ACCOUNT_TAXONOMY_PHASE5,rel_d02958fbde1d7592
journey_b20074fb2d481f70,taxonomy_j09,CLASSIFIED_AS,ACCOUNT_TAXONOMY_PHASE5,rel_d02eb085b7815111
journey_28b9461ac2860480,taxonomy_j05,CLASSIFIED_AS,ACCOUNT_TAXONOMY_PHASE5,rel_d0312211157ade3a
journey_2f9c0d6f6740b7cb,taxonomy_j09,CLASSIFIED_AS,ACCOUNT_TAXONOMY_PHASE5,rel_d0357146eede4ea9
journey_e188ba14f3a64545,taxonomy_j04,CLASSIFIED_AS,ACCOUNT_TAXONOMY_PHASE5,rel_d04f4a640dff466c
journey_26528179b7b740fe,taxonomy_j08,CLASSIFIED_AS,ACCOUNT_TAXONOMY_PHASE5,rel_d058316c84832f8b
journey_22c13243f73ef456,taxonomy_j09,CLASSIFIED_AS,ACCOUNT_TAXONOMY_PHASE5,rel_d05d9efd99e5f099
journey_570ed3214a33831e,taxonomy_j05,CLASSIFIED_AS,ACCOUNT_TAXONOMY_PHASE5,rel_d074eebb2c5aee54
journey_d395015a53026ee4,taxonomy_j08,CLASSIFIED_AS,ACCOUNT_TAXONOMY_PHASE5,rel_d07ea5ec8f646b0c
journey_80ac775460cd5bf2,taxonomy_j10,CLASSIFIED_AS,ACCOUNT_TAXONOMY_PHASE5,rel_d08160194b865c34
journey_f06cde20d6aa4ff8,taxonomy_j05,CLASSIFIED_AS,ACCOUNT_TAXONOMY_PHASE5,rel_d087820c70264517
journey_17fa333dcb31fe70,taxonomy_j10,CLASSIFIED_AS,ACCOUNT_TAXONOMY_PHASE5,rel_d08cd80cc35ee27b
journey_339590da38ece2c4,taxonomy_j05,CLASSIFIED_AS,ACCOUNT_TAXONOMY_PHASE5,rel_d0a113783f754d78
journey_1a2ae7d14307d81a,taxonomy_j09,CLASSIFIED_AS,ACCOUNT_TAXONOMY_PHASE5,rel_d0a29d6483cfa66a
journey_b4684cfc2ac8c9aa,taxonomy_j07,CLASSIFIED_AS,ACCOUNT_TAXONOMY_PHASE5,rel_d0ab97f164ee0ad8
journey_c03004e6cafc08c3,taxonomy_j10,CLASSIFIED_AS,ACCOUNT_TAXONOMY_PHASE5,rel_d0ed13aebacfdce9
journey_c88626c49063ffb9,taxonomy_j05,CLASSIFIED_AS,ACCOUNT_TAXONOMY_PHASE5,rel_d0f0432d3fda196d
journey_eeec366e4654d018,taxonomy_j01,CLASSIFIED_AS,ACCOUNT_TAXONOMY_PHASE5,rel_d0fcae1b01c0d48f
journey_2ea7e7b588742542,taxonomy_j05,CLASSIFIED_AS,ACCOUNT_TAXONOMY_PHASE5,rel_d121c30a92c0253f
journey_fdbfd3c451df5993,taxonomy_j01,CLASSIFIED_AS,ACCOUNT_TAXONOMY_PHASE5,rel_d15ea9f9a40176ec
journey_7a90b6470c28f78a,taxonomy_j09,CLASSIFIED_AS,ACCOUNT_TAXONOMY_PHASE5,rel_d166c9b07e3d4299
journey_7cd1bb1b4a98e42f,taxonomy_j05,CLASSIFIED_AS,ACCOUNT_TAXONOMY_PHASE5,rel_d1c6fe020a4258aa
journey_42f7be5e88fbb947,taxonomy_j05,CLASSIFIED_AS,ACCOUNT_TAXONOMY_PHASE5,rel_d1cdfdb904086d3d
journey_92350a40941a6896,taxonomy_j05,CLASSIFIED_AS,ACCOUNT_TAXONOMY_PHASE5,rel_d1d2123c78a745ec
journey_7d3abcb1423c0f2d,taxonomy_j03,CLASSIFIED_AS,ACCOUNT_TAXONOMY_PHASE5,rel_d1e32af6291770c1
journey_3ca9d6f9ad7aba26,taxonomy_j05,CLASSIFIED_AS,ACCOUNT_TAXONOMY_PHASE5,rel_d209e9d11b0a10dd
journey_36a10d9b0fa16308,taxonomy_j08,CLASSIFIED_AS,ACCOUNT_TAXONOMY_PHASE5,rel_d22040587dfceef6
journey_a9ee13fc425ba965,taxonomy_j04,CLASSIFIED_AS,ACCOUNT_TAXONOMY_PHASE5,rel_d23826772a5eebd7
journey_c5ce277e5821cfc9,taxonomy_j01,CLASSIFIED_AS,ACCOUNT_TAXONOMY_PHASE5,rel_d246ad4275089490
journey_2b5465dd585e05cf,taxonomy_j08,CLASSIFIED_AS,ACCOUNT_TAXONOMY_PHASE5,rel_d25eb6c51d758f36
journey_7ce1706c5970709c,taxonomy_j04,CLASSIFIED_AS,ACCOUNT_TAXONOMY_PHASE5,rel_d26dd104be325e39
journey_9280c748e62d98ee,taxonomy_j10,CLASSIFIED_AS,ACCOUNT_TAXONOMY_PHASE5,rel_d276de24e618174c
journey_82233ef19d2be5f5,taxonomy_j04,CLASSIFIED_AS,ACCOUNT_TAXONOMY_PHASE5,rel_d29634ac264804c4
journey_ce92639f3e479bdb,taxonomy_j05,CLASSIFIED_AS,ACCOUNT_TAXONOMY_PHASE5,rel_d2b40e64757295e2
journey_445cebcf2404b714,taxonomy_j04,CLASSIFIED_AS,ACCOUNT_TAXONOMY_PHASE5,rel_d2d774cc257eae64
journey_17761762c01a2989,taxonomy_j08,CLASSIFIED_AS,ACCOUNT_TAXONOMY_PHASE5,rel_d2e8bfe8be82a8c6
journey_5d091cfe7ae1c55d,taxonomy_j03,CLASSIFIED_AS,ACCOUNT_TAXONOMY_PHASE5,rel_d2ebee1e5baf1398
journey_ba5199101d52224a,taxonomy_j04,CLASSIFIED_AS,ACCOUNT_TAXONOMY_PHASE5,rel_d2f16868e99a6f64
journey_ae76d09950610af0,taxonomy_j05,CLASSIFIED_AS,ACCOUNT_TAXONOMY_PHASE5,rel_d308c936d37d82a3
journey_777596c90214689d,taxonomy_j10,CLASSIFIED_AS,ACCOUNT_TAXONOMY_PHASE5,rel_d3203b192e6cb3b2
journey_b00c02f5ec8744db,taxonomy_j04,CLASSIFIED_AS,ACCOUNT_TAXONOMY_PHASE5,rel_d336a81b9fbd5126
journey_ac72c04796e33fe1,taxonomy_j05,CLASSIFIED_AS,ACCOUNT_TAXONOMY_PHASE5,rel_d340c4fd027cdb18
journey_56cdf9a5215f7f24,taxonomy_j08,CLASSIFIED_AS,ACCOUNT_TAXONOMY_PHASE5,rel_d3468b00a40d11d8
journey_535ede0b31c906d0,taxonomy_j01,CLASSIFIED_AS,ACCOUNT_TAXONOMY_PHASE5,rel_d35f9534ef632626
journey_d276fa49f3a0bd9b,taxonomy_j07,CLASSIFIED_AS,ACCOUNT_TAXONOMY_PHASE5,rel_d36a8f3b69d5e6d1
journey_fffe9758946b68da,taxonomy_j05,CLASSIFIED_AS,ACCOUNT_TAXONOMY_PHASE5,rel_d36e6bef13d5456e
journey_2cad9538a2c85721,taxonomy_j05,CLASSIFIED_AS,ACCOUNT_TAXONOMY_PHASE5,rel_d37e7bef8c16fd6b
journey_7fb997bd0ee47846,taxonomy_j01,CLASSIFIED_AS,ACCOUNT_TAXONOMY_PHASE5,rel_d38e0bea84d7150c
journey_750fecb586aa545f,taxonomy_j08,CLASSIFIED_AS,ACCOUNT_TAXONOMY_PHASE5,rel_d3a9f186995ccbab
journey_e61cf56190bc924d,taxonomy_j05,CLASSIFIED_AS,ACCOUNT_TAXONOMY_PHASE5,rel_d3c37bce99db5f8e
journey_b98892bc1844f7cf,taxonomy_j08,CLASSIFIED_AS,ACCOUNT_TAXONOMY_PHASE5,rel_d3c6a4f365c11504
journey_1dfe775445941659,taxonomy_j07,CLASSIFIED_AS,ACCOUNT_TAXONOMY_PHASE5,rel_d3c8e356c32b503d
journey_c23b875169009ea4,taxonomy_j01,CLASSIFIED_AS,ACCOUNT_TAXONOMY_PHASE5,rel_d3cdad42cdcd5cc2
journey_035f8a20498c5209,taxonomy_j04,CLASSIFIED_AS,ACCOUNT_TAXONOMY_PHASE5,rel_d3cfc22663314f61
journey_b80cbf7dabec4b7f,taxonomy_j09,CLASSIFIED_AS,ACCOUNT_TAXONOMY_PHASE5,rel_d3d3d557031ee617
journey_df08b2bf95fbb642,taxonomy_j05,CLASSIFIED_AS,ACCOUNT_TAXONOMY_PHASE5,rel_d40aa4177c3f29e2
journey_ff569551216206d2,taxonomy_j05,CLASSIFIED_AS,ACCOUNT_TAXONOMY_PHASE5,rel_d41366ded1a31f28
journey_3793442dee86a60a,taxonomy_j01,CLASSIFIED_AS,ACCOUNT_TAXONOMY_PHASE5,rel_d41c45d75942beb1
journey_a54600c52b78626f,taxonomy_j01,CLASSIFIED_AS,ACCOUNT_TAXONOMY_PHASE5,rel_d430edc90dd71b2e
journey_fde4c4c32e2aec80,taxonomy_j05,CLASSIFIED_AS,ACCOUNT_TAXONOMY_PHASE5,rel_d43ffb738bb08396
journey_6574eab901bb7eed,taxonomy_j07,CLASSIFIED_AS,ACCOUNT_TAXONOMY_PHASE5,rel_d448f9dce659da21
journey_9317fe44061b124d,taxonomy_j09,CLASSIFIED_AS,ACCOUNT_TAXONOMY_PHASE5,rel_d45d91e97460f4eb
journey_314418249cb1b00d,taxonomy_j01,CLASSIFIED_AS,ACCOUNT_TAXONOMY_PHASE5,rel_d46f784926e7b3fe
journey_7b7d6334bca49325,taxonomy_j10,CLASSIFIED_AS,ACCOUNT_TAXONOMY_PHASE5,rel_d4730bae1690fae2
journey_45de6ec4531e09f8,taxonomy_j04,CLASSIFIED_AS,ACCOUNT_TAXONOMY_PHASE5,rel_d49ec32b9e45aae6
journey_e2f1d01b9b52dcaf,taxonomy_j01,CLASSIFIED_AS,ACCOUNT_TAXONOMY_PHASE5,rel_d4a00f190ca49197
journey_5f9ee86ef0f72cc6,taxonomy_j04,CLASSIFIED_AS,ACCOUNT_TAXONOMY_PHASE5,rel_d4b7508dae48ff45
journey_eaa2660362c487a0,taxonomy_j01,CLASSIFIED_AS,ACCOUNT_TAXONOMY_PHASE5,rel_d4bb5250e041befe
journey_52c4ad6990662497,taxonomy_j09,CLASSIFIED_AS,ACCOUNT_TAXONOMY_PHASE5,rel_d4d8a5290704f447
journey_80368f2580401575,taxonomy_j07,CLASSIFIED_AS,ACCOUNT_TAXONOMY_PHASE5,rel_d4e1dd96b6390ec0
journey_38e4bcaa00f56f9e,taxonomy_j05,CLASSIFIED_AS,ACCOUNT_TAXONOMY_PHASE5,rel_d50adce2ebd1cd9f
journey_574a1813ee560c67,taxonomy_j03,CLASSIFIED_AS,ACCOUNT_TAXONOMY_PHASE5,rel_d5119621e4a522dc
journey_d8d8213dfe2159d3,taxonomy_j01,CLASSIFIED_AS,ACCOUNT_TAXONOMY_PHASE5,rel_d53aa4c303503eee
journey_997dd491d5b5b5a9,taxonomy_j09,CLASSIFIED_AS,ACCOUNT_TAXONOMY_PHASE5,rel_d54c41b80c253683
journey_dc3fcfa59071b2ed,taxonomy_j01,CLASSIFIED_AS,ACCOUNT_TAXONOMY_PHASE5,rel_d57226003af6a8fd
journey_b5783cd8d09a08c0,taxonomy_j01,CLASSIFIED_AS,ACCOUNT_TAXONOMY_PHASE5,rel_d57f636b23b70a54
journey_7af9a841524d9ef0,taxonomy_j01,CLASSIFIED_AS,ACCOUNT_TAXONOMY_PHASE5,rel_d58a134ccce9b2fa
journey_a7df96fffccce1a4,taxonomy_j08,CLASSIFIED_AS,ACCOUNT_TAXONOMY_PHASE5,rel_d59167e9d6a5946f
journey_32a3e89fd29a0e23,taxonomy_j08,CLASSIFIED_AS,ACCOUNT_TAXONOMY_PHASE5,rel_d591e7c767dd9290
journey_6148b4e378473e8b,taxonomy_j04,CLASSIFIED_AS,ACCOUNT_TAXONOMY_PHASE5,rel_d5c47a07df4f4bd6
journey_30d66347b8954cfb,taxonomy_j09,CLASSIFIED_AS,ACCOUNT_TAXONOMY_PHASE5,rel_d5d91c31e3c0ea22
journey_3a6e66b9882dec7a,taxonomy_j09,CLASSIFIED_AS,ACCOUNT_TAXONOMY_PHASE5,rel_d5e7e9c13736a3c7
journey_6b62a2c91dde2c0d,taxonomy_j01,CLASSIFIED_AS,ACCOUNT_TAXONOMY_PHASE5,rel_d5e9c58d12fe35c9
journey_b21405295a4d9ea7,taxonomy_j02,CLASSIFIED_AS,ACCOUNT_TAXONOMY_PHASE5,rel_d5f0fb8c692be9d1
journey_77101fb43c3a0841,taxonomy_j10,CLASSIFIED_AS,ACCOUNT_TAXONOMY_PHASE5,rel_d621d5b3a6ffb844
journey_8b920d96565a28cc,taxonomy_j05,CLASSIFIED_AS,ACCOUNT_TAXONOMY_PHASE5,rel_d66bbb04d8fa3853
journey_9226b00b9389f8bd,taxonomy_j10,CLASSIFIED_AS,ACCOUNT_TAXONOMY_PHASE5,rel_d67126c023b8c319
journey_549e8bc89ada64f6,taxonomy_j03,CLASSIFIED_AS,ACCOUNT_TAXONOMY_PHASE5,rel_d68d4a5eeed6de54
journey_dda51fe26596a9a8,taxonomy_j05,CLASSIFIED_AS,ACCOUNT_TAXONOMY_PHASE5,rel_d691df59a7c1c63a
journey_bbb204021184e1fe,taxonomy_j05,CLASSIFIED_AS,ACCOUNT_TAXONOMY_PHASE5,rel_d69f2bd2774e1aaf
journey_07a38ead4ed81eae,taxonomy_j10,CLASSIFIED_AS,ACCOUNT_TAXONOMY_PHASE5,rel_d6a891c46dac7f46
journey_e3d047a79155e39b,taxonomy_j01,CLASSIFIED_AS,ACCOUNT_TAXONOMY_PHASE5,rel_d6bfa3d967c4fc49
journey_0f5c96aa7fb8b44b,taxonomy_j04,CLASSIFIED_AS,ACCOUNT_TAXONOMY_PHASE5,rel_d6ccaa13ae9e2d40
journey_683e77fe21405f34,taxonomy_j09,CLASSIFIED_AS,ACCOUNT_TAXONOMY_PHASE5,rel_d6cf8bf6aa569472
journey_c877fa80220b0256,taxonomy_j09,CLASSIFIED_AS,ACCOUNT_TAXONOMY_PHASE5,rel_d6efcdd8ca6c7457
journey_85395f303091668f,taxonomy_j09,CLASSIFIED_AS,ACCOUNT_TAXONOMY_PHASE5,rel_d6fc975df4402a0d
journey_26bda876de7c0931,taxonomy_j01,CLASSIFIED_AS,ACCOUNT_TAXONOMY_PHASE5,rel_d7069e8a193bbb06
journey_aed0510b478d9d75,taxonomy_j09,CLASSIFIED_AS,ACCOUNT_TAXONOMY_PHASE5,rel_d71743f6621309cc
journey_e447fe88b1a12400,taxonomy_j03,CLASSIFIED_AS,ACCOUNT_TAXONOMY_PHASE5,rel_d725f36c85c3419a
journey_44c5418ef8c2298e,taxonomy_j08,CLASSIFIED_AS,ACCOUNT_TAXONOMY_PHASE5,rel_d728b21004c82d66
journey_d4930887ab2e9276,taxonomy_j04,CLASSIFIED_AS,ACCOUNT_TAXONOMY_PHASE5,rel_d72fa9deb214e672
journey_3be2cdf0ed00d90d,taxonomy_j08,CLASSIFIED_AS,ACCOUNT_TAXONOMY_PHASE5,rel_d745b8997defaee9
journey_69bc4870623b440c,taxonomy_j05,CLASSIFIED_AS,ACCOUNT_TAXONOMY_PHASE5,rel_d755bd5eae299c28
journey_4d53dc53de3b2019,taxonomy_j08,CLASSIFIED_AS,ACCOUNT_TAXONOMY_PHASE5,rel_d755cd60061c49dc
journey_7ad4ceb8ee8d81ca,taxonomy_j03,CLASSIFIED_AS,ACCOUNT_TAXONOMY_PHASE5,rel_d757f2102895ac96
journey_7e4912b930dc15ac,taxonomy_j04,CLASSIFIED_AS,ACCOUNT_TAXONOMY_PHASE5,rel_d75a798ed8112beb
journey_24ae666acf0f2ad7,taxonomy_j01,CLASSIFIED_AS,ACCOUNT_TAXONOMY_PHASE5,rel_d76ae8ce8e81e77d
journey_387e8fe53f92222d,taxonomy_j04,CLASSIFIED_AS,ACCOUNT_TAXONOMY_PHASE5,rel_d77491724851bc5c
journey_aba79be2ed1036a8,taxonomy_j04,CLASSIFIED_AS,ACCOUNT_TAXONOMY_PHASE5,rel_d779b913e829156c
journey_05a1f378fbcfdf36,taxonomy_j09,CLASSIFIED_AS,ACCOUNT_TAXONOMY_PHASE5,rel_d7a10a793e2d8a85
journey_daf0f9e26a1495ea,taxonomy_j02,CLASSIFIED_AS,ACCOUNT_TAXONOMY_PHASE5,rel_d7a1a5fce0c0fb17
journey_2432ccca017b4ac8,taxonomy_j08,CLASSIFIED_AS,ACCOUNT_TAXONOMY_PHASE5,rel_d7b7d48f77ce701c
journey_2746d896094f33e5,taxonomy_j09,CLASSIFIED_AS,ACCOUNT_TAXONOMY_PHASE5,rel_d7bb161abeea3149
journey_8a2184ed44fb7bfa,taxonomy_j04,CLASSIFIED_AS,ACCOUNT_TAXONOMY_PHASE5,rel_d7c4996cabdd23fa
journey_734e9729aabc9f10,taxonomy_j04,CLASSIFIED_AS,ACCOUNT_TAXONOMY_PHASE5,rel_d7cb16bbf8b1499b
journey_e665c2788498a642,taxonomy_j04,CLASSIFIED_AS,ACCOUNT_TAXONOMY_PHASE5,rel_d7d6f93875c44f3e
journey_1de3bd269f76fcbd,taxonomy_j05,CLASSIFIED_AS,ACCOUNT_TAXONOMY_PHASE5,rel_d7d819b125737267
journey_e767049354eafc69,taxonomy_j10,CLASSIFIED_AS,ACCOUNT_TAXONOMY_PHASE5,rel_d7e2dd63f29ab274
journey_aed044cddb37b7ab,taxonomy_j10,CLASSIFIED_AS,ACCOUNT_TAXONOMY_PHASE5,rel_d7e64b6d0631c00b
journey_cc9a0baf6312da9b,taxonomy_j08,CLASSIFIED_AS,ACCOUNT_TAXONOMY_PHASE5,rel_d7ee466beef90c82
journey_5da52cc6511c5a45,taxonomy_j04,CLASSIFIED_AS,ACCOUNT_TAXONOMY_PHASE5,rel_d807f912e142924b
journey_d62c0f802836bbe1,taxonomy_j05,CLASSIFIED_AS,ACCOUNT_TAXONOMY_PHASE5,rel_d80ccc68f1c1c17d
journey_e2ebd76868104ad9,taxonomy_j09,CLASSIFIED_AS,ACCOUNT_TAXONOMY_PHASE5,rel_d80de0aab05d4d7a
journey_ab7d22ba289fbd5d,taxonomy_j04,CLASSIFIED_AS,ACCOUNT_TAXONOMY_PHASE5,rel_d810828e91d21363
journey_902f641d217a8d8f,taxonomy_j04,CLASSIFIED_AS,ACCOUNT_TAXONOMY_PHASE5,rel_d82aa15eb65d571a
journey_cee2c6f949129f1f,taxonomy_j09,CLASSIFIED_AS,ACCOUNT_TAXONOMY_PHASE5,rel_d83e1cba38e1879a
journey_c3a987d4a8849306,taxonomy_j01,CLASSIFIED_AS,ACCOUNT_TAXONOMY_PHASE5,rel_d847b667fab36d44
journey_5cdce01712aca8b0,taxonomy_j05,CLASSIFIED_AS,ACCOUNT_TAXONOMY_PHASE5,rel_d84fd50a32a0e988
journey_68680cb49e492042,taxonomy_j05,CLASSIFIED_AS,ACCOUNT_TAXONOMY_PHASE5,rel_d862d4f53f477a7a
journey_cdd621f8c0b549e8,taxonomy_j05,CLASSIFIED_AS,ACCOUNT_TAXONOMY_PHASE5,rel_d8658df3b1287363
journey_2d1017458c7a516f,taxonomy_j08,CLASSIFIED_AS,ACCOUNT_TAXONOMY_PHASE5,rel_d876e5a980d470b7
journey_adb2597fa367c7a8,taxonomy_j03,CLASSIFIED_AS,ACCOUNT_TAXONOMY_PHASE5,rel_d879abd09f9281f0
journey_8eb113adf5bd807a,taxonomy_j04,CLASSIFIED_AS,ACCOUNT_TAXONOMY_PHASE5,rel_d8a6443be22a864d
journey_2a2a88134d47e675,taxonomy_j04,CLASSIFIED_AS,ACCOUNT_TAXONOMY_PHASE5,rel_d8d2c6557a37699d
journey_787ffa18d4dd56f6,taxonomy_j10,CLASSIFIED_AS,ACCOUNT_TAXONOMY_PHASE5,rel_d8dbd1a0e7f12a29
journey_57fb8d2fb7b38952,taxonomy_j10,CLASSIFIED_AS,ACCOUNT_TAXONOMY_PHASE5,rel_d8dc6671a024a6f8
journey_349546250bd7edf1,taxonomy_j10,CLASSIFIED_AS,ACCOUNT_TAXONOMY_PHASE5,rel_d8f1d2e1a8e209c2
journey_6539454c66c7b941,taxonomy_j08,CLASSIFIED_AS,ACCOUNT_TAXONOMY_PHASE5,rel_d8f78851d5e7d854
journey_05b56365868f8a3d,taxonomy_j10,CLASSIFIED_AS,ACCOUNT_TAXONOMY_PHASE5,rel_d91f10809f008238
journey_779f33fcf54db701,taxonomy_j08,CLASSIFIED_AS,ACCOUNT_TAXONOMY_PHASE5,rel_d93caf669550df15
journey_0ffaaf57a997f620,taxonomy_j08,CLASSIFIED_AS,ACCOUNT_TAXONOMY_PHASE5,rel_d95612d448d25704
journey_007ffb4bb432b6f3,taxonomy_j01,CLASSIFIED_AS,ACCOUNT_TAXONOMY_PHASE5,rel_d9675fb849a00b1f
journey_92f09731d8385b5a,taxonomy_j04,CLASSIFIED_AS,ACCOUNT_TAXONOMY_PHASE5,rel_d96b242f4f7aae9c
journey_ae8ba2c033e5749f,taxonomy_j04,CLASSIFIED_AS,ACCOUNT_TAXONOMY_PHASE5,rel_d99d94c0fca99f44
journey_139e5459826ed4e6,taxonomy_j05,CLASSIFIED_AS,ACCOUNT_TAXONOMY_PHASE5,rel_d9bd1874ff98177c
journey_434faec82cf0379d,taxonomy_j10,CLASSIFIED_AS,ACCOUNT_TAXONOMY_PHASE5,rel_d9c4cf424e75dd3e
journey_345cda70bddce621,taxonomy_j07,CLASSIFIED_AS,ACCOUNT_TAXONOMY_PHASE5,rel_d9d20ffe870910f8
journey_fa61ae83769b0d8b,taxonomy_j08,CLASSIFIED_AS,ACCOUNT_TAXONOMY_PHASE5,rel_d9edd423fd041605
journey_dc4efbedc3ecd8d7,taxonomy_j09,CLASSIFIED_AS,ACCOUNT_TAXONOMY_PHASE5,rel_d9f8affdd2649609
journey_6ed4c9bc25d0f36a,taxonomy_j10,CLASSIFIED_AS,ACCOUNT_TAXONOMY_PHASE5,rel_d9fb4a3a44575a04
journey_ae02dd6fc8da5fa8,taxonomy_j04,CLASSIFIED_AS,ACCOUNT_TAXONOMY_PHASE5,rel_da030d16af9d508c
journey_1fb746cfbed76cc5,taxonomy_j05,CLASSIFIED_AS,ACCOUNT_TAXONOMY_PHASE5,rel_da0c1662b4ac5313
journey_a84815c05d87438a,taxonomy_j05,CLASSIFIED_AS,ACCOUNT_TAXONOMY_PHASE5,rel_da14064854b1bec8
journey_c2ef617d16832dbc,taxonomy_j09,CLASSIFIED_AS,ACCOUNT_TAXONOMY_PHASE5,rel_da1a058f37d586b9
journey_bbe5242112167b1f,taxonomy_j03,CLASSIFIED_AS,ACCOUNT_TAXONOMY_PHASE5,rel_da31e242b8a85b1d
journey_98e481db6905cbc3,taxonomy_j04,CLASSIFIED_AS,ACCOUNT_TAXONOMY_PHASE5,rel_da39e43f6826165d
journey_d1c10d0b4c09570a,taxonomy_j05,CLASSIFIED_AS,ACCOUNT_TAXONOMY_PHASE5,rel_da482060233994c3
journey_d507660d28a65a77,taxonomy_j04,CLASSIFIED_AS,ACCOUNT_TAXONOMY_PHASE5,rel_da627165505f852b
journey_acc806a037d14db5,taxonomy_j01,CLASSIFIED_AS,ACCOUNT_TAXONOMY_PHASE5,rel_da7b01aa8bec83ae
journey_d5fb4df558ff1fc0,taxonomy_j03,CLASSIFIED_AS,ACCOUNT_TAXONOMY_PHASE5,rel_da7c0e4bbab4f004
journey_acff06b751e8ba0d,taxonomy_j08,CLASSIFIED_AS,ACCOUNT_TAXONOMY_PHASE5,rel_da8f9de1f58edccd
journey_0fc4da96ba1050d6,taxonomy_j08,CLASSIFIED_AS,ACCOUNT_TAXONOMY_PHASE5,rel_daa6367ea85b00a7
journey_53c990a0494b1252,taxonomy_j01,CLASSIFIED_AS,ACCOUNT_TAXONOMY_PHASE5,rel_dab545cb74c00ee3
journey_7bc335ec257ed262,taxonomy_j04,CLASSIFIED_AS,ACCOUNT_TAXONOMY_PHASE5,rel_dab778ea5a92324e
journey_61b9d671a2c63e0d,taxonomy_j09,CLASSIFIED_AS,ACCOUNT_TAXONOMY_PHASE5,rel_daf2f78609917930
journey_a0dad7005129b6d3,taxonomy_j04,CLASSIFIED_AS,ACCOUNT_TAXONOMY_PHASE5,rel_db2817f7bada86f6
journey_f9ab15dda2733fea,taxonomy_j04,CLASSIFIED_AS,ACCOUNT_TAXONOMY_PHASE5,rel_db29c5ec134c25fd
journey_50d70a059783ef92,taxonomy_j10,CLASSIFIED_AS,ACCOUNT_TAXONOMY_PHASE5,rel_db40b9e264811fe1
journey_e4e42fb1a51024e1,taxonomy_j04,CLASSIFIED_AS,ACCOUNT_TAXONOMY_PHASE5,rel_db468c79db258bb5
journey_725ce072f347871c,taxonomy_j09,CLASSIFIED_AS,ACCOUNT_TAXONOMY_PHASE5,rel_db53911eb813ac9b
journey_4e834204772cfe03,taxonomy_j05,CLASSIFIED_AS,ACCOUNT_TAXONOMY_PHASE5,rel_db7aae2717cccc17
journey_641bd46547826d8b,taxonomy_j05,CLASSIFIED_AS,ACCOUNT_TAXONOMY_PHASE5,rel_db959bac1b8e13e3
journey_19ab7ae1d8808745,taxonomy_j08,CLASSIFIED_AS,ACCOUNT_TAXONOMY_PHASE5,rel_dba1efd02a9c94d4
journey_f0aca7a74e042bae,taxonomy_j04,CLASSIFIED_AS,ACCOUNT_TAXONOMY_PHASE5,rel_dbcab3aa6e475f5c
journey_56c1568f4987531f,taxonomy_j10,CLASSIFIED_AS,ACCOUNT_TAXONOMY_PHASE5,rel_dbd4289b0ec26cf4
journey_8e645004bc48db7b,taxonomy_j03,CLASSIFIED_AS,ACCOUNT_TAXONOMY_PHASE5,rel_dbef662b1f34b3db
journey_3feaa33ea0fdcb6a,taxonomy_j05,CLASSIFIED_AS,ACCOUNT_TAXONOMY_PHASE5,rel_dc01132fc6c6704d
journey_f323b8809aadbc00,taxonomy_j09,CLASSIFIED_AS,ACCOUNT_TAXONOMY_PHASE5,rel_dc334a3f848a8276
journey_ebab0526ea7913f1,taxonomy_j08,CLASSIFIED_AS,ACCOUNT_TAXONOMY_PHASE5,rel_dc40b19f00589cf7
journey_7d98fc0a42ecf8ca,taxonomy_j09,CLASSIFIED_AS,ACCOUNT_TAXONOMY_PHASE5,rel_dc43b4a976ddcdf4
journey_6738bbef7405f592,taxonomy_j08,CLASSIFIED_AS,ACCOUNT_TAXONOMY_PHASE5,rel_dc4cb00b1e4733dc
journey_224b56a62e7add5f,taxonomy_j08,CLASSIFIED_AS,ACCOUNT_TAXONOMY_PHASE5,rel_dc52cc872d03d88a
journey_61a84a4ede4b0d5e,taxonomy_j04,CLASSIFIED_AS,ACCOUNT_TAXONOMY_PHASE5,rel_dc581ebdbd579932
journey_cb7db137591baa43,taxonomy_j05,CLASSIFIED_AS,ACCOUNT_TAXONOMY_PHASE5,rel_dc5c0e517ddd0646
journey_6abbd5fe5f0ec150,taxonomy_j09,CLASSIFIED_AS,ACCOUNT_TAXONOMY_PHASE5,rel_dc646cc967831d3e
journey_06fd4821ad7c8317,taxonomy_j01,CLASSIFIED_AS,ACCOUNT_TAXONOMY_PHASE5,rel_dc79119b169c599d
journey_90ce8bb7ef637a4c,taxonomy_j09,CLASSIFIED_AS,ACCOUNT_TAXONOMY_PHASE5,rel_dc808fae18841a31
journey_580cda1d6a6c34ae,taxonomy_j01,CLASSIFIED_AS,ACCOUNT_TAXONOMY_PHASE5,rel_dca0f50fd0380bc2
journey_e04f55eea2a6e2bd,taxonomy_j05,CLASSIFIED_AS,ACCOUNT_TAXONOMY_PHASE5,rel_dcbe04ac8f564200
journey_88eb9abc0f9fb34a,taxonomy_j04,CLASSIFIED_AS,ACCOUNT_TAXONOMY_PHASE5,rel_dcd32687e78aec7e
journey_86d2c1465beb12c4,taxonomy_j04,CLASSIFIED_AS,ACCOUNT_TAXONOMY_PHASE5,rel_dcd8292fd9c331c3
journey_94489585c5b3eb98,taxonomy_j05,CLASSIFIED_AS,ACCOUNT_TAXONOMY_PHASE5,rel_dd15b0212ed9820f
journey_222717b5868a8fbe,taxonomy_j09,CLASSIFIED_AS,ACCOUNT_TAXONOMY_PHASE5,rel_dd41fde79f952f3d
journey_58796c3dcdb3046a,taxonomy_j09,CLASSIFIED_AS,ACCOUNT_TAXONOMY_PHASE5,rel_dd44e3791e0af5a9
journey_fc3bb4db250a57e6,taxonomy_j07,CLASSIFIED_AS,ACCOUNT_TAXONOMY_PHASE5,rel_dd5717586ccdcb52
journey_c88fec442443a584,taxonomy_j04,CLASSIFIED_AS,ACCOUNT_TAXONOMY_PHASE5,rel_dd8b851b3596475e
journey_052b5342e674204d,taxonomy_j04,CLASSIFIED_AS,ACCOUNT_TAXONOMY_PHASE5,rel_dd92a492895cc2ff
journey_a0268744e5c459f3,taxonomy_j04,CLASSIFIED_AS,ACCOUNT_TAXONOMY_PHASE5,rel_dd99523abe1ca4a5
journey_7b549dcbc54c49e0,taxonomy_j09,CLASSIFIED_AS,ACCOUNT_TAXONOMY_PHASE5,rel_dda98347312aa458
journey_d7c7fc9e3b38846a,taxonomy_j01,CLASSIFIED_AS,ACCOUNT_TAXONOMY_PHASE5,rel_ddde88cb592bc09d
journey_0e6f3bfb0ab3e32d,taxonomy_j09,CLASSIFIED_AS,ACCOUNT_TAXONOMY_PHASE5,rel_ddeb40dc69025af8
journey_1b117a948e473b0a,taxonomy_j05,CLASSIFIED_AS,ACCOUNT_TAXONOMY_PHASE5,rel_ddf32eb205087ce8
journey_da5345f263309701,taxonomy_j03,CLASSIFIED_AS,ACCOUNT_TAXONOMY_PHASE5,rel_ddf45b7d764263c7
journey_a63b53b100dcfa45,taxonomy_j03,CLASSIFIED_AS,ACCOUNT_TAXONOMY_PHASE5,rel_de19b852a0b1dafb
journey_7369369a7fd46810,taxonomy_j09,CLASSIFIED_AS,ACCOUNT_TAXONOMY_PHASE5,rel_de1b0349f38cc927
journey_0a3397d6eb8292b0,taxonomy_j01,CLASSIFIED_AS,ACCOUNT_TAXONOMY_PHASE5,rel_de4f70228116b2ff
journey_6d98764c85c0ec06,taxonomy_j05,CLASSIFIED_AS,ACCOUNT_TAXONOMY_PHASE5,rel_de5a10d47a585683
journey_801bf29a5a4d9378,taxonomy_j09,CLASSIFIED_AS,ACCOUNT_TAXONOMY_PHASE5,rel_de784c84f19a33e5
journey_61adf75b093c21f9,taxonomy_j01,CLASSIFIED_AS,ACCOUNT_TAXONOMY_PHASE5,rel_de79097864feb1f5
journey_0318dac2b74f2020,taxonomy_j09,CLASSIFIED_AS,ACCOUNT_TAXONOMY_PHASE5,rel_de793f670582e38e
journey_c2ff0464f0eee782,taxonomy_j08,CLASSIFIED_AS,ACCOUNT_TAXONOMY_PHASE5,rel_de82e1b5fdd07772
journey_24d139bc6d14508b,taxonomy_j04,CLASSIFIED_AS,ACCOUNT_TAXONOMY_PHASE5,rel_de883c4eed6c6db4
journey_c962e12b9310cb01,taxonomy_j01,CLASSIFIED_AS,ACCOUNT_TAXONOMY_PHASE5,rel_de965c653bbe5637
journey_8eda0fa1fec3144d,taxonomy_j05,CLASSIFIED_AS,ACCOUNT_TAXONOMY_PHASE5,rel_de98839486e25976
journey_1cc8dc8dbac78e26,taxonomy_j01,CLASSIFIED_AS,ACCOUNT_TAXONOMY_PHASE5,rel_debd922dffdab767
journey_b24505306dc5966d,taxonomy_j08,CLASSIFIED_AS,ACCOUNT_TAXONOMY_PHASE5,rel_debea4d92c644e1d
journey_74fdd94afde38564,taxonomy_j07,CLASSIFIED_AS,ACCOUNT_TAXONOMY_PHASE5,rel_decd636b420ba376
journey_7797844bbc74301d,taxonomy_j05,CLASSIFIED_AS,ACCOUNT_TAXONOMY_PHASE5,rel_ded7874ea490847d
journey_03ede6f35b7b3aa5,taxonomy_j09,CLASSIFIED_AS,ACCOUNT_TAXONOMY_PHASE5,rel_deda92326539ad95
journey_749c8c738d0600fb,taxonomy_j09,CLASSIFIED_AS,ACCOUNT_TAXONOMY_PHASE5,rel_dedfb08d3585326a
journey_0cf0a030f4843bbd,taxonomy_j09,CLASSIFIED_AS,ACCOUNT_TAXONOMY_PHASE5,rel_dee9df0cac4c8a09
journey_319fbd7855da0849,taxonomy_j05,CLASSIFIED_AS,ACCOUNT_TAXONOMY_PHASE5,rel_def44b3920599bd7
journey_f16bec6e97eec303,taxonomy_j08,CLASSIFIED_AS,ACCOUNT_TAXONOMY_PHASE5,rel_df16249aee89d3a9
journey_1a813276a70aeef5,taxonomy_j08,CLASSIFIED_AS,ACCOUNT_TAXONOMY_PHASE5,rel_df32d687f4bf73cd
journey_e4e4aa75c9925dca,taxonomy_j08,CLASSIFIED_AS,ACCOUNT_TAXONOMY_PHASE5,rel_df47a6d78d014f33
journey_509a21a707f81363,taxonomy_j01,CLASSIFIED_AS,ACCOUNT_TAXONOMY_PHASE5,rel_df7c2460ba2de6ef
journey_2f757b3084cbf318,taxonomy_j04,CLASSIFIED_AS,ACCOUNT_TAXONOMY_PHASE5,rel_df8e0b725fbf1d08
journey_08cd90a94fd158a8,taxonomy_j05,CLASSIFIED_AS,ACCOUNT_TAXONOMY_PHASE5,rel_df91a64dfc13988b
journey_853060abfd638476,taxonomy_j02,CLASSIFIED_AS,ACCOUNT_TAXONOMY_PHASE5,rel_df98be269a3a301d
journey_30ef7ccfdab45cc7,taxonomy_j05,CLASSIFIED_AS,ACCOUNT_TAXONOMY_PHASE5,rel_dface07a6f0f43d1
journey_8afb82694ddb2a13,taxonomy_j10,CLASSIFIED_AS,ACCOUNT_TAXONOMY_PHASE5,rel_dfb78ddd781a47bf
journey_ea9dcc33ea5289be,taxonomy_j01,CLASSIFIED_AS,ACCOUNT_TAXONOMY_PHASE5,rel_dfd007d10f7ebed9
journey_a5364094de1775d4,taxonomy_j08,CLASSIFIED_AS,ACCOUNT_TAXONOMY_PHASE5,rel_dfd6829963844d58
journey_206cc3cde5f75d3b,taxonomy_j04,CLASSIFIED_AS,ACCOUNT_TAXONOMY_PHASE5,rel_dfe4ceeed726a756
journey_43ad1843af94aa87,taxonomy_j09,CLASSIFIED_AS,ACCOUNT_TAXONOMY_PHASE5,rel_dff34e72057b981d
journey_a94cabb34c124d7d,taxonomy_j01,CLASSIFIED_AS,ACCOUNT_TAXONOMY_PHASE5,rel_dff80fd95992fc77
journey_85ec6124b1c1a6dc,taxonomy_j01,CLASSIFIED_AS,ACCOUNT_TAXONOMY_PHASE5,rel_dff85f499bee7cc1
journey_072eb819f1c50cb4,taxonomy_j08,CLASSIFIED_AS,ACCOUNT_TAXONOMY_PHASE5,rel_e0016d8e05c0decd
journey_92a06b28482c5884,taxonomy_j04,CLASSIFIED_AS,ACCOUNT_TAXONOMY_PHASE5,rel_e01831d0ce427039
journey_c9b4b4b493c723e0,taxonomy_j04,CLASSIFIED_AS,ACCOUNT_TAXONOMY_PHASE5,rel_e018454beda519b7
journey_4ba6a4fd6bed08cb,taxonomy_j05,CLASSIFIED_AS,ACCOUNT_TAXONOMY_PHASE5,rel_e01ae07344939770
journey_7bf483c9b732b757,taxonomy_j08,CLASSIFIED_AS,ACCOUNT_TAXONOMY_PHASE5,rel_e04583bf8d178358
journey_be90f4f14517c4de,taxonomy_j10,CLASSIFIED_AS,ACCOUNT_TAXONOMY_PHASE5,rel_e079f32940a7e7ec
journey_5c799c1b0373e8ef,taxonomy_j09,CLASSIFIED_AS,ACCOUNT_TAXONOMY_PHASE5,rel_e07c83bc10b82f5c
journey_606292c98220633f,taxonomy_j09,CLASSIFIED_AS,ACCOUNT_TAXONOMY_PHASE5,rel_e0872f4b6f0cc3a8
journey_36842f52a074cbe5,taxonomy_j07,CLASSIFIED_AS,ACCOUNT_TAXONOMY_PHASE5,rel_e08a452b5841f196
journey_08009c264647a155,taxonomy_j04,CLASSIFIED_AS,ACCOUNT_TAXONOMY_PHASE5,rel_e090abc0d27a41c4
journey_db757e8bce566be3,taxonomy_j08,CLASSIFIED_AS,ACCOUNT_TAXONOMY_PHASE5,rel_e09f1c8ba1651c37
journey_eef24fa464409b4b,taxonomy_j05,CLASSIFIED_AS,ACCOUNT_TAXONOMY_PHASE5,rel_e0aa851f153b3aae
journey_c9250507901c615d,taxonomy_j04,CLASSIFIED_AS,ACCOUNT_TAXONOMY_PHASE5,rel_e0cc9e722d270c49
journey_700f20c10e71963f,taxonomy_j03,CLASSIFIED_AS,ACCOUNT_TAXONOMY_PHASE5,rel_e0d1aa547b224e0d
journey_aec811c92b2ed56c,taxonomy_j10,CLASSIFIED_AS,ACCOUNT_TAXONOMY_PHASE5,rel_e0d2a739b962c774
journey_32f54329831bfa49,taxonomy_j05,CLASSIFIED_AS,ACCOUNT_TAXONOMY_PHASE5,rel_e0d736c9b18e2ff0
journey_1d6982d94cdec68a,taxonomy_j05,CLASSIFIED_AS,ACCOUNT_TAXONOMY_PHASE5,rel_e0da046c4cca209a
journey_eb04be070e348f2e,taxonomy_j05,CLASSIFIED_AS,ACCOUNT_TAXONOMY_PHASE5,rel_e0e3ab72d9ee4196
journey_31555a8fc9c443c3,taxonomy_j09,CLASSIFIED_AS,ACCOUNT_TAXONOMY_PHASE5,rel_e0f699b540f4a310
journey_9baa1f8b56af4439,taxonomy_j09,CLASSIFIED_AS,ACCOUNT_TAXONOMY_PHASE5,rel_e11a974809685c3b
journey_528fe05597487e8a,taxonomy_j03,CLASSIFIED_AS,ACCOUNT_TAXONOMY_PHASE5,rel_e1216cc715887c07
journey_2d78d0d506619cd6,taxonomy_j05,CLASSIFIED_AS,ACCOUNT_TAXONOMY_PHASE5,rel_e1390982fd1b3244
journey_c135046bcad9a21c,taxonomy_j05,CLASSIFIED_AS,ACCOUNT_TAXONOMY_PHASE5,rel_e1479a49368dc541
journey_ffb2a09a171288eb,taxonomy_j04,CLASSIFIED_AS,ACCOUNT_TAXONOMY_PHASE5,rel_e1513177024c00bd
journey_094f54d72d7a3f6e,taxonomy_j07,CLASSIFIED_AS,ACCOUNT_TAXONOMY_PHASE5,rel_e1534d0f61342812
journey_6c7abae08f118cf0,taxonomy_j10,CLASSIFIED_AS,ACCOUNT_TAXONOMY_PHASE5,rel_e15adefdce756f85
journey_ddbcb522bd29339d,taxonomy_j01,CLASSIFIED_AS,ACCOUNT_TAXONOMY_PHASE5,rel_e17005be9c5f2241
journey_c007a36b820ba83f,taxonomy_j04,CLASSIFIED_AS,ACCOUNT_TAXONOMY_PHASE5,rel_e17bb21995d038df
journey_58f09148258bae52,taxonomy_j04,CLASSIFIED_AS,ACCOUNT_TAXONOMY_PHASE5,rel_e180c429bf4027af
journey_097df6fe8cc5e866,taxonomy_j03,CLASSIFIED_AS,ACCOUNT_TAXONOMY_PHASE5,rel_e1971d8f0f46233a
journey_4ce84840963318a1,taxonomy_j05,CLASSIFIED_AS,ACCOUNT_TAXONOMY_PHASE5,rel_e1b7e51dd7426eab
journey_a0282f750ae7a696,taxonomy_j08,CLASSIFIED_AS,ACCOUNT_TAXONOMY_PHASE5,rel_e1c4c0c248f0360f
journey_4b451ee9d4ab2231,taxonomy_j04,CLASSIFIED_AS,ACCOUNT_TAXONOMY_PHASE5,rel_e1c73f534f6400d9
journey_ad7f1293aa5d8b2d,taxonomy_j04,CLASSIFIED_AS,ACCOUNT_TAXONOMY_PHASE5,rel_e1c97fb5006b5a62
journey_83e650c9e1a62f82,taxonomy_j04,CLASSIFIED_AS,ACCOUNT_TAXONOMY_PHASE5,rel_e2277e7fae82d017
journey_d149b0a9a3cedfc5,taxonomy_j04,CLASSIFIED_AS,ACCOUNT_TAXONOMY_PHASE5,rel_e230e3a1661266f8
journey_20717cc2200f5533,taxonomy_j08,CLASSIFIED_AS,ACCOUNT_TAXONOMY_PHASE5,rel_e23f93a01af73b42
journey_54744689a7f349b8,taxonomy_j02,CLASSIFIED_AS,ACCOUNT_TAXONOMY_PHASE5,rel_e2491c74f5e72739
journey_37a56389a79666e1,taxonomy_j10,CLASSIFIED_AS,ACCOUNT_TAXONOMY_PHASE5,rel_e249bcf434307123
journey_0a39b3e5bdd6f593,taxonomy_j05,CLASSIFIED_AS,ACCOUNT_TAXONOMY_PHASE5,rel_e24cb535c24401f8
journey_beb4f3268713b998,taxonomy_j03,CLASSIFIED_AS,ACCOUNT_TAXONOMY_PHASE5,rel_e2523b9c45ae9d18
journey_c502147d6845ed87,taxonomy_j10,CLASSIFIED_AS,ACCOUNT_TAXONOMY_PHASE5,rel_e26bc913494cf34b
journey_3987c2887f87a050,taxonomy_j01,CLASSIFIED_AS,ACCOUNT_TAXONOMY_PHASE5,rel_e27b6e6c703577b4
journey_68f28e47e0f6da45,taxonomy_j08,CLASSIFIED_AS,ACCOUNT_TAXONOMY_PHASE5,rel_e29792c61870b609
journey_5d70920df96575cc,taxonomy_j04,CLASSIFIED_AS,ACCOUNT_TAXONOMY_PHASE5,rel_e2aed9b4ce3f37ba
journey_f16be7eef3e01cb8,taxonomy_j04,CLASSIFIED_AS,ACCOUNT_TAXONOMY_PHASE5,rel_e2c06d2b1e8db1ca
journey_55543ccb0495d226,taxonomy_j01,CLASSIFIED_AS,ACCOUNT_TAXONOMY_PHASE5,rel_e30cfc39280eb51e
journey_1b312cbef4775af3,taxonomy_j09,CLASSIFIED_AS,ACCOUNT_TAXONOMY_PHASE5,rel_e326585839437699
journey_c6b7054989e1800c,taxonomy_j04,CLASSIFIED_AS,ACCOUNT_TAXONOMY_PHASE5,rel_e32f60fd46656541
journey_5e155968616fdc83,taxonomy_j10,CLASSIFIED_AS,ACCOUNT_TAXONOMY_PHASE5,rel_e33dd2d99746fb75
journey_8cf21e5cb2eeddc5,taxonomy_j10,CLASSIFIED_AS,ACCOUNT_TAXONOMY_PHASE5,rel_e343de9fe266d1f7
journey_ab03ae8ee290e64c,taxonomy_j04,CLASSIFIED_AS,ACCOUNT_TAXONOMY_PHASE5,rel_e34708207d8408a2
journey_5ca9e87a4dfd9565,taxonomy_j03,CLASSIFIED_AS,ACCOUNT_TAXONOMY_PHASE5,rel_e3484d039975fbd3
journey_4ca3307bd693be08,taxonomy_j10,CLASSIFIED_AS,ACCOUNT_TAXONOMY_PHASE5,rel_e362201f55988df8
journey_d7a23f984c26e187,taxonomy_j01,CLASSIFIED_AS,ACCOUNT_TAXONOMY_PHASE5,rel_e38212131aefa652
journey_531b8ed84c6acbae,taxonomy_j04,CLASSIFIED_AS,ACCOUNT_TAXONOMY_PHASE5,rel_e3a6d6bb32d6e96e
journey_dc2a2f71dba7b909,taxonomy_j09,CLASSIFIED_AS,ACCOUNT_TAXONOMY_PHASE5,rel_e3af44b9765b24a1
journey_dd433494c892e44e,taxonomy_j10,CLASSIFIED_AS,ACCOUNT_TAXONOMY_PHASE5,rel_e3afebe4b71b30b4
journey_540ccd4a00e800a1,taxonomy_j05,CLASSIFIED_AS,ACCOUNT_TAXONOMY_PHASE5,rel_e3c02ba84e01e1b2
journey_6e32a83a8b69882c,taxonomy_j08,CLASSIFIED_AS,ACCOUNT_TAXONOMY_PHASE5,rel_e3ce6a94a205354e
journey_895b9028d892df67,taxonomy_j08,CLASSIFIED_AS,ACCOUNT_TAXONOMY_PHASE5,rel_e3f6514ab171d578
journey_b8a5295f1b3402e5,taxonomy_j08,CLASSIFIED_AS,ACCOUNT_TAXONOMY_PHASE5,rel_e3f9d8ac2cfb034f
journey_da958d4eb6c236a6,taxonomy_j05,CLASSIFIED_AS,ACCOUNT_TAXONOMY_PHASE5,rel_e4069e1c4e2e3c3a
journey_9326b7b1ffba3b31,taxonomy_j08,CLASSIFIED_AS,ACCOUNT_TAXONOMY_PHASE5,rel_e40bab0c6b7c3802
journey_80716d1842d34fda,taxonomy_j05,CLASSIFIED_AS,ACCOUNT_TAXONOMY_PHASE5,rel_e412980ee9dc3dbf
journey_80a941811a5e2663,taxonomy_j04,CLASSIFIED_AS,ACCOUNT_TAXONOMY_PHASE5,rel_e412e9f90639c861
journey_abae07115d8252e9,taxonomy_j03,CLASSIFIED_AS,ACCOUNT_TAXONOMY_PHASE5,rel_e416ebb0da2ee520
journey_cb6fe1a9044deb7b,taxonomy_j04,CLASSIFIED_AS,ACCOUNT_TAXONOMY_PHASE5,rel_e424ea1f71b85f96
journey_02ecba5fba17bb1e,taxonomy_j01,CLASSIFIED_AS,ACCOUNT_TAXONOMY_PHASE5,rel_e42d1be39c65bbd8
journey_ffd4d3babc7f7e24,taxonomy_j09,CLASSIFIED_AS,ACCOUNT_TAXONOMY_PHASE5,rel_e42ee611bc587f29
journey_19873099298acb19,taxonomy_j04,CLASSIFIED_AS,ACCOUNT_TAXONOMY_PHASE5,rel_e43cdf994edc4b2e
journey_766edd0b5730fa84,taxonomy_j09,CLASSIFIED_AS,ACCOUNT_TAXONOMY_PHASE5,rel_e4515808fc79727d
journey_bfea5c00667888b9,taxonomy_j04,CLASSIFIED_AS,ACCOUNT_TAXONOMY_PHASE5,rel_e459878dbe76ce17
journey_2c7098a517c0acbe,taxonomy_j04,CLASSIFIED_AS,ACCOUNT_TAXONOMY_PHASE5,rel_e4640f7fd454740d
journey_50e44510bcf978e7,taxonomy_j01,CLASSIFIED_AS,ACCOUNT_TAXONOMY_PHASE5,rel_e48188e5cda6bcdd
journey_999a58d85bd1ee7c,taxonomy_j04,CLASSIFIED_AS,ACCOUNT_TAXONOMY_PHASE5,rel_e482d1a81f7db213
journey_7d56465b4eaf7f6e,taxonomy_j01,CLASSIFIED_AS,ACCOUNT_TAXONOMY_PHASE5,rel_e4872808ffaea4d8
journey_3de375d6bffe9dff,taxonomy_j09,CLASSIFIED_AS,ACCOUNT_TAXONOMY_PHASE5,rel_e49d658d12405bd1
journey_498f7603a1313ec1,taxonomy_j05,CLASSIFIED_AS,ACCOUNT_TAXONOMY_PHASE5,rel_e49fac2bcae1781d
journey_89c32a413976a856,taxonomy_j04,CLASSIFIED_AS,ACCOUNT_TAXONOMY_PHASE5,rel_e4be31ef980e202d
journey_d78fd7fca625ff0a,taxonomy_j05,CLASSIFIED_AS,ACCOUNT_TAXONOMY_PHASE5,rel_e4c8cdb84f195b0b
journey_b3acd322cf87abe7,taxonomy_j09,CLASSIFIED_AS,ACCOUNT_TAXONOMY_PHASE5,rel_e4cc6cbf69ddf4a6
journey_60acefccf9b4672d,taxonomy_j05,CLASSIFIED_AS,ACCOUNT_TAXONOMY_PHASE5,rel_e4cef89536a18161
journey_4f4a2fdb46fd96d5,taxonomy_j04,CLASSIFIED_AS,ACCOUNT_TAXONOMY_PHASE5,rel_e4d15fcfcd6d93df
journey_fa208238e7526cdc,taxonomy_j01,CLASSIFIED_AS,ACCOUNT_TAXONOMY_PHASE5,rel_e502a9ea2843221c
journey_dce57ed5145e020c,taxonomy_j05,CLASSIFIED_AS,ACCOUNT_TAXONOMY_PHASE5,rel_e508a02f3c3c0895
journey_c5f94805838a044f,taxonomy_j04,CLASSIFIED_AS,ACCOUNT_TAXONOMY_PHASE5,rel_e50ed5296e260f4f
journey_b43eed2fe7dae0e2,taxonomy_j04,CLASSIFIED_AS,ACCOUNT_TAXONOMY_PHASE5,rel_e516f6deea3e7263
journey_d67997d1d3413634,taxonomy_j05,CLASSIFIED_AS,ACCOUNT_TAXONOMY_PHASE5,rel_e541634269298f63
journey_0edf9d3dbbffaac5,taxonomy_j04,CLASSIFIED_AS,ACCOUNT_TAXONOMY_PHASE5,rel_e57bfc810b9ae336
journey_70df58a82bf350eb,taxonomy_j04,CLASSIFIED_AS,ACCOUNT_TAXONOMY_PHASE5,rel_e57e40d9c8e5ae60
journey_0ba3e95be32964cb,taxonomy_j05,CLASSIFIED_AS,ACCOUNT_TAXONOMY_PHASE5,rel_e58ffe72a8f31fe4
journey_2bf57199944bf142,taxonomy_j08,CLASSIFIED_AS,ACCOUNT_TAXONOMY_PHASE5,rel_e5a733e6766275d8
journey_1f7a03ac59ef92f1,taxonomy_j05,CLASSIFIED_AS,ACCOUNT_TAXONOMY_PHASE5,rel_e5b89d492b8477dd
journey_dfa1cc3be9c17c91,taxonomy_j09,CLASSIFIED_AS,ACCOUNT_TAXONOMY_PHASE5,rel_e5c29e34fc89e81b
journey_077d747141a3a710,taxonomy_j08,CLASSIFIED_AS,ACCOUNT_TAXONOMY_PHASE5,rel_e5ce47720222af2f
journey_9259fcb62fe69627,taxonomy_j10,CLASSIFIED_AS,ACCOUNT_TAXONOMY_PHASE5,rel_e5d6cf6ed5aa63cb
journey_a276a8f6acb9128d,taxonomy_j05,CLASSIFIED_AS,ACCOUNT_TAXONOMY_PHASE5,rel_e5db4d92285e2ebe
journey_f31dcec8a695b66d,taxonomy_j10,CLASSIFIED_AS,ACCOUNT_TAXONOMY_PHASE5,rel_e5e6aae2cadae76d
journey_e7103a25a956e0e7,taxonomy_j09,CLASSIFIED_AS,ACCOUNT_TAXONOMY_PHASE5,rel_e5ed80f770b0000f
journey_8561d2773e5db658,taxonomy_j09,CLASSIFIED_AS,ACCOUNT_TAXONOMY_PHASE5,rel_e604fdd58926869a
journey_822f474a77bd6f6a,taxonomy_j05,CLASSIFIED_AS,ACCOUNT_TAXONOMY_PHASE5,rel_e60aa05ea3b0b3d9
journey_49606f95b8463ab8,taxonomy_j01,CLASSIFIED_AS,ACCOUNT_TAXONOMY_PHASE5,rel_e61bb01c8272e500
journey_d7bb85414c7d3295,taxonomy_j04,CLASSIFIED_AS,ACCOUNT_TAXONOMY_PHASE5,rel_e62403a7aef2c776
journey_5178be448772c54b,taxonomy_j05,CLASSIFIED_AS,ACCOUNT_TAXONOMY_PHASE5,rel_e6368dfb87efbae6
journey_273d236423bceef6,taxonomy_j03,CLASSIFIED_AS,ACCOUNT_TAXONOMY_PHASE5,rel_e64f047ebf1a1697
journey_f9397393aacabff6,taxonomy_j03,CLASSIFIED_AS,ACCOUNT_TAXONOMY_PHASE5,rel_e68fb70f14f33082
journey_48bca5301d92a40b,taxonomy_j01,CLASSIFIED_AS,ACCOUNT_TAXONOMY_PHASE5,rel_e6b144cd7b293619
journey_fb9ba0b5487edbc6,taxonomy_j09,CLASSIFIED_AS,ACCOUNT_TAXONOMY_PHASE5,rel_e6cc7fd90ad18c6d
journey_153c8290d5a6f02b,taxonomy_j06,CLASSIFIED_AS,ACCOUNT_TAXONOMY_PHASE5,rel_e6dedb64577ffe5f
journey_2e9ad08edabf419f,taxonomy_j04,CLASSIFIED_AS,ACCOUNT_TAXONOMY_PHASE5,rel_e6df90044753d0ce
journey_55e12517d8d778a0,taxonomy_j09,CLASSIFIED_AS,ACCOUNT_TAXONOMY_PHASE5,rel_e6e74823fb72f414
journey_efce7e0cd8057c65,taxonomy_j05,CLASSIFIED_AS,ACCOUNT_TAXONOMY_PHASE5,rel_e6f19739e7668ea6
journey_4e384ef20f40190a,taxonomy_j08,CLASSIFIED_AS,ACCOUNT_TAXONOMY_PHASE5,rel_e6fbcec180162ab9
journey_2b19cef32e3cf45a,taxonomy_j10,CLASSIFIED_AS,ACCOUNT_TAXONOMY_PHASE5,rel_e70c4cd106b27d62
journey_9a3ffd7c8e8cb653,taxonomy_j01,CLASSIFIED_AS,ACCOUNT_TAXONOMY_PHASE5,rel_e7170393edba3e8a
journey_6ed9d6365546ba8c,taxonomy_j08,CLASSIFIED_AS,ACCOUNT_TAXONOMY_PHASE5,rel_e717867eb71915ed
journey_b813b7545c1919d3,taxonomy_j04,CLASSIFIED_AS,ACCOUNT_TAXONOMY_PHASE5,rel_e71c281d405b2d02
journey_c0eaa58a0e642aba,taxonomy_j04,CLASSIFIED_AS,ACCOUNT_TAXONOMY_PHASE5,rel_e722391a78c99f58
journey_f66d0d666d54ebcd,taxonomy_j05,CLASSIFIED_AS,ACCOUNT_TAXONOMY_PHASE5,rel_e723e51aa0b82410
journey_0863dc6898eed3b2,taxonomy_j04,CLASSIFIED_AS,ACCOUNT_TAXONOMY_PHASE5,rel_e73cf2100580eb66
journey_20d3f948fe42241c,taxonomy_j05,CLASSIFIED_AS,ACCOUNT_TAXONOMY_PHASE5,rel_e745c2f3134eb103
journey_cd0e40428046add8,taxonomy_j05,CLASSIFIED_AS,ACCOUNT_TAXONOMY_PHASE5,rel_e76017368402b5fe
journey_e895cb3736b1f596,taxonomy_j09,CLASSIFIED_AS,ACCOUNT_TAXONOMY_PHASE5,rel_e7683af7d05efdf4
journey_6a33edeef80cb204,taxonomy_j05,CLASSIFIED_AS,ACCOUNT_TAXONOMY_PHASE5,rel_e77e0df5b1040136
journey_419425d849ea3942,taxonomy_j04,CLASSIFIED_AS,ACCOUNT_TAXONOMY_PHASE5,rel_e780400761ec4635
journey_adbb607e70ab212b,taxonomy_j09,CLASSIFIED_AS,ACCOUNT_TAXONOMY_PHASE5,rel_e7829eeeea9f2d76
journey_b6c72c4f0d729110,taxonomy_j05,CLASSIFIED_AS,ACCOUNT_TAXONOMY_PHASE5,rel_e786d3511f2f38d1
journey_4c0d9abb628e6f36,taxonomy_j05,CLASSIFIED_AS,ACCOUNT_TAXONOMY_PHASE5,rel_e78c227722c9bca7
journey_556d63bf5958d399,taxonomy_j10,CLASSIFIED_AS,ACCOUNT_TAXONOMY_PHASE5,rel_e792ea20c50fdc72
journey_51b6224d2ced7454,taxonomy_j08,CLASSIFIED_AS,ACCOUNT_TAXONOMY_PHASE5,rel_e7ab1d7be0575e0d
journey_a3efceb8b21a4049,taxonomy_j02,CLASSIFIED_AS,ACCOUNT_TAXONOMY_PHASE5,rel_e7cb14da2a1140fc
journey_0155218a2a25d323,taxonomy_j01,CLASSIFIED_AS,ACCOUNT_TAXONOMY_PHASE5,rel_e7d2bf398d699980
journey_e3a73752944ca443,taxonomy_j05,CLASSIFIED_AS,ACCOUNT_TAXONOMY_PHASE5,rel_e7ef04e09173355b
journey_131faf34a8b993d0,taxonomy_j04,CLASSIFIED_AS,ACCOUNT_TAXONOMY_PHASE5,rel_e7f9f75959d03437
journey_03d5f30098f68b7c,taxonomy_j04,CLASSIFIED_AS,ACCOUNT_TAXONOMY_PHASE5,rel_e7fba6dd732b42f8
journey_f1cc2092771dcbe6,taxonomy_j05,CLASSIFIED_AS,ACCOUNT_TAXONOMY_PHASE5,rel_e80905651db57635
journey_28cce137c93d3a47,taxonomy_j05,CLASSIFIED_AS,ACCOUNT_TAXONOMY_PHASE5,rel_e8138e5da43f7f6f
journey_867a42b20eb415eb,taxonomy_j10,CLASSIFIED_AS,ACCOUNT_TAXONOMY_PHASE5,rel_e81a393b4d7b9b23
journey_b85b81367c770260,taxonomy_j09,CLASSIFIED_AS,ACCOUNT_TAXONOMY_PHASE5,rel_e81c28c6e9cfbae1
journey_c446ac287f078ae1,taxonomy_j03,CLASSIFIED_AS,ACCOUNT_TAXONOMY_PHASE5,rel_e825c117b02e9d09
journey_04d59893e6ea1a66,taxonomy_j01,CLASSIFIED_AS,ACCOUNT_TAXONOMY_PHASE5,rel_e836250179c90a9a
journey_ca4f6b9b7953f7d4,taxonomy_j09,CLASSIFIED_AS,ACCOUNT_TAXONOMY_PHASE5,rel_e84f428115dab0ca
journey_abfc94451a3172d0,taxonomy_j10,CLASSIFIED_AS,ACCOUNT_TAXONOMY_PHASE5,rel_e860d09da3186f1a
journey_e637ca5f11b09ee5,taxonomy_j04,CLASSIFIED_AS,ACCOUNT_TAXONOMY_PHASE5,rel_e86c6b58cf4a0c96
journey_576e14e3a02feb53,taxonomy_j05,CLASSIFIED_AS,ACCOUNT_TAXONOMY_PHASE5,rel_e895e7f14dbf161c
journey_b793ba3287c8e2c1,taxonomy_j05,CLASSIFIED_AS,ACCOUNT_TAXONOMY_PHASE5,rel_e8995a805c7f3167
journey_66d2c8bce8b150eb,taxonomy_j09,CLASSIFIED_AS,ACCOUNT_TAXONOMY_PHASE5,rel_e8ba7c9cbdaa6bfe
journey_fd48001c31a96a00,taxonomy_j10,CLASSIFIED_AS,ACCOUNT_TAXONOMY_PHASE5,rel_e8befe4b38555fc6
journey_84ee599933dbeb06,taxonomy_j04,CLASSIFIED_AS,ACCOUNT_TAXONOMY_PHASE5,rel_e8c8fc04b229b416
journey_7b20910542ff495b,taxonomy_j04,CLASSIFIED_AS,ACCOUNT_TAXONOMY_PHASE5,rel_e8db58a9404a46ce
journey_7ce9ed9cfc49ca39,taxonomy_j04,CLASSIFIED_AS,ACCOUNT_TAXONOMY_PHASE5,rel_e8e09c85f1749f85
journey_f9077c6ffb3b7f19,taxonomy_j09,CLASSIFIED_AS,ACCOUNT_TAXONOMY_PHASE5,rel_e8fca0f7b5f875fd
journey_55fb584b59096a6b,taxonomy_j10,CLASSIFIED_AS,ACCOUNT_TAXONOMY_PHASE5,rel_e8fd00ef7f1480d3
journey_847f0e948f9376f5,taxonomy_j09,CLASSIFIED_AS,ACCOUNT_TAXONOMY_PHASE5,rel_e8fdbf93a734635e
journey_08a1075ffc45f65d,taxonomy_j09,CLASSIFIED_AS,ACCOUNT_TAXONOMY_PHASE5,rel_e91622f29dbc8e19
journey_ebe0437ea5439844,taxonomy_j01,CLASSIFIED_AS,ACCOUNT_TAXONOMY_PHASE5,rel_e920a894d85f0dc6
journey_1400edb57c0327fb,taxonomy_j10,CLASSIFIED_AS,ACCOUNT_TAXONOMY_PHASE5,rel_e92d8fd038cf3e61
journey_9467b11c6af9a50b,taxonomy_j04,CLASSIFIED_AS,ACCOUNT_TAXONOMY_PHASE5,rel_e9314384c3c5e46e
journey_7cd5a6cac88f9e14,taxonomy_j01,CLASSIFIED_AS,ACCOUNT_TAXONOMY_PHASE5,rel_e947828af1ed0c26
journey_af1c9e7e3ae7ed76,taxonomy_j08,CLASSIFIED_AS,ACCOUNT_TAXONOMY_PHASE5,rel_e95806ab8e85d8d1
journey_5a2c55e71daa2c46,taxonomy_j08,CLASSIFIED_AS,ACCOUNT_TAXONOMY_PHASE5,rel_e961e12d00b407f5
journey_02c937dfc1d9002d,taxonomy_j03,CLASSIFIED_AS,ACCOUNT_TAXONOMY_PHASE5,rel_e968c60c412a14e1
journey_a02255fb94df7dab,taxonomy_j10,CLASSIFIED_AS,ACCOUNT_TAXONOMY_PHASE5,rel_e96d3bd93b03d904
journey_0cf2cc7025d27705,taxonomy_j04,CLASSIFIED_AS,ACCOUNT_TAXONOMY_PHASE5,rel_e98078e8902489a2
journey_809e1e80cee8b2db,taxonomy_j03,CLASSIFIED_AS,ACCOUNT_TAXONOMY_PHASE5,rel_e98356c204612cf9
journey_6b7f3b28ba3ec4a3,taxonomy_j05,CLASSIFIED_AS,ACCOUNT_TAXONOMY_PHASE5,rel_e98b3f5937091f9e
journey_50cfcf05b976cedc,taxonomy_j05,CLASSIFIED_AS,ACCOUNT_TAXONOMY_PHASE5,rel_e9a84d9c2cbd8c8c
journey_c28a3b83dc84f94a,taxonomy_j01,CLASSIFIED_AS,ACCOUNT_TAXONOMY_PHASE5,rel_e9d01dd8fd2826ef
journey_e421e8b7ae6b71fa,taxonomy_j09,CLASSIFIED_AS,ACCOUNT_TAXONOMY_PHASE5,rel_ea1402b5043e5968
journey_3f4a36005ebbdb57,taxonomy_j04,CLASSIFIED_AS,ACCOUNT_TAXONOMY_PHASE5,rel_ea17240bef425088
journey_df0c4c362de03a40,taxonomy_j09,CLASSIFIED_AS,ACCOUNT_TAXONOMY_PHASE5,rel_ea1868da2cbada03
journey_6c57ed2a13946e79,taxonomy_j03,CLASSIFIED_AS,ACCOUNT_TAXONOMY_PHASE5,rel_ea279433a3be05b2
journey_759db7689902b8ff,taxonomy_j05,CLASSIFIED_AS,ACCOUNT_TAXONOMY_PHASE5,rel_ea2cb9609a19233a
journey_3add118ea3be8fe4,taxonomy_j01,CLASSIFIED_AS,ACCOUNT_TAXONOMY_PHASE5,rel_ea3c06b655d3b3db
journey_fc01ef4c21bd9dbf,taxonomy_j01,CLASSIFIED_AS,ACCOUNT_TAXONOMY_PHASE5,rel_ea51f7be479f2fd0
journey_efa60646b61d10e8,taxonomy_j04,CLASSIFIED_AS,ACCOUNT_TAXONOMY_PHASE5,rel_ea62f3c81d572cd2
journey_6806d7e24eb20e34,taxonomy_j01,CLASSIFIED_AS,ACCOUNT_TAXONOMY_PHASE5,rel_ea8ba6c3853fd524
journey_9434b370e65c11a5,taxonomy_j01,CLASSIFIED_AS,ACCOUNT_TAXONOMY_PHASE5,rel_ea8d7e9fb750cdc7
journey_70b87d969eeb8b3c,taxonomy_j09,CLASSIFIED_AS,ACCOUNT_TAXONOMY_PHASE5,rel_ea8e120a1bc9936a
journey_12f1a5f627d3e1c1,taxonomy_j09,CLASSIFIED_AS,ACCOUNT_TAXONOMY_PHASE5,rel_ea9a88137e742660
journey_4a6c5bfd8b5669a2,taxonomy_j10,CLASSIFIED_AS,ACCOUNT_TAXONOMY_PHASE5,rel_ea9b38c613107941
journey_b5af993b3957befd,taxonomy_j09,CLASSIFIED_AS,ACCOUNT_TAXONOMY_PHASE5,rel_eaaaa28fd6d839bd
journey_1a1f45c7828869ec,taxonomy_j05,CLASSIFIED_AS,ACCOUNT_TAXONOMY_PHASE5,rel_eaad2b26c163f150
journey_4024d0d72d3756e5,taxonomy_j01,CLASSIFIED_AS,ACCOUNT_TAXONOMY_PHASE5,rel_eabef6f8c55e740d
journey_ab1ba9a755196a87,taxonomy_j01,CLASSIFIED_AS,ACCOUNT_TAXONOMY_PHASE5,rel_eac08082584da0dd
journey_472ee793edaec1e8,taxonomy_j04,CLASSIFIED_AS,ACCOUNT_TAXONOMY_PHASE5,rel_eac49ff4908bcfba
journey_45f2190dc24ec82d,taxonomy_j08,CLASSIFIED_AS,ACCOUNT_TAXONOMY_PHASE5,rel_eacc4ced9ccedac3
journey_73c52c2c5572380d,taxonomy_j04,CLASSIFIED_AS,ACCOUNT_TAXONOMY_PHASE5,rel_ead1a73668ccb346
journey_594cffed28a59341,taxonomy_j05,CLASSIFIED_AS,ACCOUNT_TAXONOMY_PHASE5,rel_ead749dcea59365d
journey_aa491b5266757949,taxonomy_j01,CLASSIFIED_AS,ACCOUNT_TAXONOMY_PHASE5,rel_eb00fe4657250681
journey_ae113718e16f6254,taxonomy_j05,CLASSIFIED_AS,ACCOUNT_TAXONOMY_PHASE5,rel_eb19eefb3f6578c5
journey_1fb93cf379fc5272,taxonomy_j04,CLASSIFIED_AS,ACCOUNT_TAXONOMY_PHASE5,rel_eb329fd8bbf6cd19
journey_21fed546fdf32d35,taxonomy_j10,CLASSIFIED_AS,ACCOUNT_TAXONOMY_PHASE5,rel_eb44ed5852769561
journey_affc1a092d7f6dbc,taxonomy_j01,CLASSIFIED_AS,ACCOUNT_TAXONOMY_PHASE5,rel_eb4e15662c1ea8ee
journey_6cb062b1c7419eec,taxonomy_j04,CLASSIFIED_AS,ACCOUNT_TAXONOMY_PHASE5,rel_eb4f25c718516f12
journey_9d4cfd88955f648b,taxonomy_j10,CLASSIFIED_AS,ACCOUNT_TAXONOMY_PHASE5,rel_eb554fc7249d0d25
journey_fcb0b5588a770ac5,taxonomy_j04,CLASSIFIED_AS,ACCOUNT_TAXONOMY_PHASE5,rel_eb58849f6351591c
journey_5d52214d7137357b,taxonomy_j09,CLASSIFIED_AS,ACCOUNT_TAXONOMY_PHASE5,rel_eb61848d4a0111bc
journey_11ef51b4199d2486,taxonomy_j03,CLASSIFIED_AS,ACCOUNT_TAXONOMY_PHASE5,rel_eb68d1b5fd517d8b
journey_ff2404254c2ba519,taxonomy_j04,CLASSIFIED_AS,ACCOUNT_TAXONOMY_PHASE5,rel_eb717787a1a3a59c
journey_ed108b88fe97b6b4,taxonomy_j05,CLASSIFIED_AS,ACCOUNT_TAXONOMY_PHASE5,rel_eb7426d6a979d3d5
journey_c050c02f5168a721,taxonomy_j09,CLASSIFIED_AS,ACCOUNT_TAXONOMY_PHASE5,rel_eb7632bbdbd1a65f
journey_10f14dad900a2098,taxonomy_j08,CLASSIFIED_AS,ACCOUNT_TAXONOMY_PHASE5,rel_eb7f4e0a386af9ce
journey_7b65a3d61084e365,taxonomy_j08,CLASSIFIED_AS,ACCOUNT_TAXONOMY_PHASE5,rel_eb932529dc315f57
journey_9ada2c5d15509a49,taxonomy_j10,CLASSIFIED_AS,ACCOUNT_TAXONOMY_PHASE5,rel_eb95a3cf64b5c659
journey_5daf60b7da3716f3,taxonomy_j10,CLASSIFIED_AS,ACCOUNT_TAXONOMY_PHASE5,rel_eba055296b4b4124
journey_f7f79ba8ebb5a6af,taxonomy_j04,CLASSIFIED_AS,ACCOUNT_TAXONOMY_PHASE5,rel_eba9ffaea2018835
journey_4bac7c84578547c6,taxonomy_j05,CLASSIFIED_AS,ACCOUNT_TAXONOMY_PHASE5,rel_ebb4ccb8948f1e14
journey_963588286a9d354c,taxonomy_j04,CLASSIFIED_AS,ACCOUNT_TAXONOMY_PHASE5,rel_ebbd08cb9b4880f8
journey_6190ab83c86d0805,taxonomy_j08,CLASSIFIED_AS,ACCOUNT_TAXONOMY_PHASE5,rel_ebe523d70b2fc670
journey_e5a312ec2c132f49,taxonomy_j01,CLASSIFIED_AS,ACCOUNT_TAXONOMY_PHASE5,rel_ec1700e977ec9492
journey_4c61010777c6e8da,taxonomy_j10,CLASSIFIED_AS,ACCOUNT_TAXONOMY_PHASE5,rel_ec2895528f19131a
journey_1817020706129ce1,taxonomy_j05,CLASSIFIED_AS,ACCOUNT_TAXONOMY_PHASE5,rel_ec3da87c5c106f30
journey_a388d34c3c13ee78,taxonomy_j04,CLASSIFIED_AS,ACCOUNT_TAXONOMY_PHASE5,rel_ec49ee0b95011124
journey_593b33d38f9dd590,taxonomy_j03,CLASSIFIED_AS,ACCOUNT_TAXONOMY_PHASE5,rel_ec7e1de5fae2e960
journey_6d252caedadfb980,taxonomy_j01,CLASSIFIED_AS,ACCOUNT_TAXONOMY_PHASE5,rel_ec8bd9ff2a9d93fc
journey_b521649ac2a4b526,taxonomy_j03,CLASSIFIED_AS,ACCOUNT_TAXONOMY_PHASE5,rel_ec948c193a17936d
journey_bff163339ec3510d,taxonomy_j09,CLASSIFIED_AS,ACCOUNT_TAXONOMY_PHASE5,rel_ecdfecf857a2f73a
journey_1ac64aa7d06fe214,taxonomy_j04,CLASSIFIED_AS,ACCOUNT_TAXONOMY_PHASE5,rel_ece7308cbedffdd8
journey_e35085931b7dfe5f,taxonomy_j08,CLASSIFIED_AS,ACCOUNT_TAXONOMY_PHASE5,rel_ece8dfce259fde36
journey_7ff816e015eb5172,taxonomy_j08,CLASSIFIED_AS,ACCOUNT_TAXONOMY_PHASE5,rel_ecefc9195a71306a
journey_7c2cdb017a175ad4,taxonomy_j04,CLASSIFIED_AS,ACCOUNT_TAXONOMY_PHASE5,rel_ed019a0440b58aa3
journey_c41d30af6f74c462,taxonomy_j08,CLASSIFIED_AS,ACCOUNT_TAXONOMY_PHASE5,rel_ed0c164331cc4abe
journey_076a67055c35b09b,taxonomy_j08,CLASSIFIED_AS,ACCOUNT_TAXONOMY_PHASE5,rel_ed0f32b7c9ace186
journey_3dd6c8b50650b4fb,taxonomy_j08,CLASSIFIED_AS,ACCOUNT_TAXONOMY_PHASE5,rel_ed32b5372d9a2af5
journey_69bea9025f4a5aaa,taxonomy_j04,CLASSIFIED_AS,ACCOUNT_TAXONOMY_PHASE5,rel_ed5c5cb0dcd01b37
journey_e330f9239cde219a,taxonomy_j04,CLASSIFIED_AS,ACCOUNT_TAXONOMY_PHASE5,rel_ed5ce3836779ba83
journey_437e594e64f2f708,taxonomy_j09,CLASSIFIED_AS,ACCOUNT_TAXONOMY_PHASE5,rel_ed5ff12ad8cf6dba
journey_5c8d71d9387c56bb,taxonomy_j04,CLASSIFIED_AS,ACCOUNT_TAXONOMY_PHASE5,rel_ed632a0dfda4b035
journey_0bbac249810914a1,taxonomy_j04,CLASSIFIED_AS,ACCOUNT_TAXONOMY_PHASE5,rel_ed888d1fb76ea398
journey_775dbffa1f5d7082,taxonomy_j05,CLASSIFIED_AS,ACCOUNT_TAXONOMY_PHASE5,rel_ed9017d5b0fe3fe8
journey_922cf1a84b521dde,taxonomy_j01,CLASSIFIED_AS,ACCOUNT_TAXONOMY_PHASE5,rel_ed918a8265c56a6e
journey_cd3f9812a6213f5b,taxonomy_j09,CLASSIFIED_AS,ACCOUNT_TAXONOMY_PHASE5,rel_ed9ddbd3c103c44c
journey_4623e87408cbb21f,taxonomy_j03,CLASSIFIED_AS,ACCOUNT_TAXONOMY_PHASE5,rel_eda76f0bfa363611
journey_6d1089607b83dd22,taxonomy_j03,CLASSIFIED_AS,ACCOUNT_TAXONOMY_PHASE5,rel_edabc5c9ed34c9ea
journey_bed963731ffe5151,taxonomy_j04,CLASSIFIED_AS,ACCOUNT_TAXONOMY_PHASE5,rel_edb9486df53ef28c
journey_33ae18decb968df9,taxonomy_j01,CLASSIFIED_AS,ACCOUNT_TAXONOMY_PHASE5,rel_edeaff0122af368e
journey_ab487b5015fa0837,taxonomy_j05,CLASSIFIED_AS,ACCOUNT_TAXONOMY_PHASE5,rel_edf8df319b91085e
journey_675abab606daf800,taxonomy_j04,CLASSIFIED_AS,ACCOUNT_TAXONOMY_PHASE5,rel_ee21216fabcffa55
journey_1f0c321b48687053,taxonomy_j08,CLASSIFIED_AS,ACCOUNT_TAXONOMY_PHASE5,rel_ee261cc278e40406
journey_693cff8756ddf7cb,taxonomy_j08,CLASSIFIED_AS,ACCOUNT_TAXONOMY_PHASE5,rel_ee37b34d314cd110
journey_7600c81a7db74141,taxonomy_j05,CLASSIFIED_AS,ACCOUNT_TAXONOMY_PHASE5,rel_ee3e2082fc3fa677
journey_55822fdec93cdebc,taxonomy_j08,CLASSIFIED_AS,ACCOUNT_TAXONOMY_PHASE5,rel_ee43094b0e534503
journey_8a5233d588d8843b,taxonomy_j10,CLASSIFIED_AS,ACCOUNT_TAXONOMY_PHASE5,rel_ee55566c8a46ac1c
journey_97069bee4f2bdf32,taxonomy_j09,CLASSIFIED_AS,ACCOUNT_TAXONOMY_PHASE5,rel_ee58b9ab30d9c3a9
journey_52c7539915e2583b,taxonomy_j04,CLASSIFIED_AS,ACCOUNT_TAXONOMY_PHASE5,rel_ee5e9cd991d2d881
journey_001f48b35f467f6a,taxonomy_j09,CLASSIFIED_AS,ACCOUNT_TAXONOMY_PHASE5,rel_ee657ebfe36c5281
journey_6088e59737cf9289,taxonomy_j05,CLASSIFIED_AS,ACCOUNT_TAXONOMY_PHASE5,rel_ee895adc2bfb3319
journey_29fe29836e8a89f4,taxonomy_j08,CLASSIFIED_AS,ACCOUNT_TAXONOMY_PHASE5,rel_ee8dd79313d55c04
journey_37ba2e6f0daa4752,taxonomy_j10,CLASSIFIED_AS,ACCOUNT_TAXONOMY_PHASE5,rel_eea3b327b9614603
journey_8fdc1a103ab33089,taxonomy_j05,CLASSIFIED_AS,ACCOUNT_TAXONOMY_PHASE5,rel_eefc920bb6811fc6
journey_49f523b8fea7fed9,taxonomy_j09,CLASSIFIED_AS,ACCOUNT_TAXONOMY_PHASE5,rel_ef162a2ed3850eba
journey_7ed34fbbfdfeb028,taxonomy_j01,CLASSIFIED_AS,ACCOUNT_TAXONOMY_PHASE5,rel_ef231d91e8bcd78f
journey_c06d14751868c815,taxonomy_j04,CLASSIFIED_AS,ACCOUNT_TAXONOMY_PHASE5,rel_ef307f52098ddb09
journey_17b153ad9d5a821f,taxonomy_j05,CLASSIFIED_AS,ACCOUNT_TAXONOMY_PHASE5,rel_ef3eee8914a576fe
journey_669a3a324e0010b6,taxonomy_j05,CLASSIFIED_AS,ACCOUNT_TAXONOMY_PHASE5,rel_ef4799e1a4f310a9
journey_8fac04902eba749d,taxonomy_j05,CLASSIFIED_AS,ACCOUNT_TAXONOMY_PHASE5,rel_ef4ac5f6208dc5fa
journey_301ce44205fd494b,taxonomy_j05,CLASSIFIED_AS,ACCOUNT_TAXONOMY_PHASE5,rel_ef84cd91d60054f6
journey_f7e2fe872b6291a2,taxonomy_j01,CLASSIFIED_AS,ACCOUNT_TAXONOMY_PHASE5,rel_ef89b6c0064c639b
journey_4c85c3c582b246a0,taxonomy_j01,CLASSIFIED_AS,ACCOUNT_TAXONOMY_PHASE5,rel_ef8b09cdf3b05db0
journey_eed72188271e026e,taxonomy_j01,CLASSIFIED_AS,ACCOUNT_TAXONOMY_PHASE5,rel_ef8ed20f71549efa
journey_9a87a0ca4012a770,taxonomy_j01,CLASSIFIED_AS,ACCOUNT_TAXONOMY_PHASE5,rel_ef9155ef674533ab
journey_85e3f3dae858ab15,taxonomy_j08,CLASSIFIED_AS,ACCOUNT_TAXONOMY_PHASE5,rel_ef9604ecd3344d68
journey_4aefb8dac7c98816,taxonomy_j08,CLASSIFIED_AS,ACCOUNT_TAXONOMY_PHASE5,rel_efada2eac326542c
journey_902ac9080ec523d2,taxonomy_j09,CLASSIFIED_AS,ACCOUNT_TAXONOMY_PHASE5,rel_efcf8c007a9cfd72
journey_3eeba60162a48e48,taxonomy_j04,CLASSIFIED_AS,ACCOUNT_TAXONOMY_PHASE5,rel_efd33444f5cc64cd
journey_b2a1056f2c5bb8fc,taxonomy_j04,CLASSIFIED_AS,ACCOUNT_TAXONOMY_PHASE5,rel_efd704ef88aa0a1f
journey_d1d6c3b1cb839996,taxonomy_j01,CLASSIFIED_AS,ACCOUNT_TAXONOMY_PHASE5,rel_efd964bd350e6977
journey_c373f46deb3b9a05,taxonomy_j04,CLASSIFIED_AS,ACCOUNT_TAXONOMY_PHASE5,rel_efe2c5d153c56a7a
journey_47c1a4834d0d26b9,taxonomy_j08,CLASSIFIED_AS,ACCOUNT_TAXONOMY_PHASE5,rel_eff2db93e2ef1cd0
journey_c2b793bca4882ad0,taxonomy_j09,CLASSIFIED_AS,ACCOUNT_TAXONOMY_PHASE5,rel_f01b6cd85060da7d
journey_15528f5401cbb9ec,taxonomy_j05,CLASSIFIED_AS,ACCOUNT_TAXONOMY_PHASE5,rel_f025ef148810333e
journey_da47cb9feaaa6482,taxonomy_j05,CLASSIFIED_AS,ACCOUNT_TAXONOMY_PHASE5,rel_f05349409fe267e0
journey_8b7a233787ffca44,taxonomy_j07,CLASSIFIED_AS,ACCOUNT_TAXONOMY_PHASE5,rel_f05f7779236918cb
journey_74adf8439d6ef97e,taxonomy_j10,CLASSIFIED_AS,ACCOUNT_TAXONOMY_PHASE5,rel_f062f236aa1a535b
journey_aaa296c0a3e9dde3,taxonomy_j03,CLASSIFIED_AS,ACCOUNT_TAXONOMY_PHASE5,rel_f064b47263e49e0d
journey_58f9ae1df509830f,taxonomy_j03,CLASSIFIED_AS,ACCOUNT_TAXONOMY_PHASE5,rel_f0748a59a3ced6bb
journey_c06593a8bb6e4c92,taxonomy_j02,CLASSIFIED_AS,ACCOUNT_TAXONOMY_PHASE5,rel_f074f84adcf4e400
journey_88e13f6dc63b841f,taxonomy_j04,CLASSIFIED_AS,ACCOUNT_TAXONOMY_PHASE5,rel_f0804f06f4e397c9
journey_105ca13e4386d505,taxonomy_j04,CLASSIFIED_AS,ACCOUNT_TAXONOMY_PHASE5,rel_f085bd7f163b688c
journey_3661104af12829ec,taxonomy_j08,CLASSIFIED_AS,ACCOUNT_TAXONOMY_PHASE5,rel_f09ca35637a8e23c
journey_45d7a6e4c64b94bc,taxonomy_j04,CLASSIFIED_AS,ACCOUNT_TAXONOMY_PHASE5,rel_f0a3171937e2fcf1
journey_3115c5ab7a193542,taxonomy_j08,CLASSIFIED_AS,ACCOUNT_TAXONOMY_PHASE5,rel_f0dd0dc078efbfff
journey_a8cb4e8de6e4c020,taxonomy_j03,CLASSIFIED_AS,ACCOUNT_TAXONOMY_PHASE5,rel_f0fd13d5d9cf1bcf
journey_f6bcdf9b8e9e158f,taxonomy_j08,CLASSIFIED_AS,ACCOUNT_TAXONOMY_PHASE5,rel_f1013cfd8368f6cd
journey_d331666edcd521a6,taxonomy_j09,CLASSIFIED_AS,ACCOUNT_TAXONOMY_PHASE5,rel_f112a1a67d744548
journey_a947ff6e0a058666,taxonomy_j04,CLASSIFIED_AS,ACCOUNT_TAXONOMY_PHASE5,rel_f131d24cd3850270
journey_099389ae561444f9,taxonomy_j05,CLASSIFIED_AS,ACCOUNT_TAXONOMY_PHASE5,rel_f1325ee6244c6e21
journey_7c2771fb7fe42053,taxonomy_j10,CLASSIFIED_AS,ACCOUNT_TAXONOMY_PHASE5,rel_f1378b27c0e21853
journey_d8955c4c3dfd05c0,taxonomy_j01,CLASSIFIED_AS,ACCOUNT_TAXONOMY_PHASE5,rel_f14c7a70dd193b15
journey_ef344e1005c21565,taxonomy_j04,CLASSIFIED_AS,ACCOUNT_TAXONOMY_PHASE5,rel_f16332f1bcdc6666
journey_e3f9bd58e9731847,taxonomy_j04,CLASSIFIED_AS,ACCOUNT_TAXONOMY_PHASE5,rel_f164ae6d6f62ea8e
journey_f335dcc39cec1094,taxonomy_j03,CLASSIFIED_AS,ACCOUNT_TAXONOMY_PHASE5,rel_f1799882276a4cd3
journey_ec23a847e4d8cf14,taxonomy_j09,CLASSIFIED_AS,ACCOUNT_TAXONOMY_PHASE5,rel_f17c1a4e054b3d2f
journey_0edcde79e8a2af23,taxonomy_j10,CLASSIFIED_AS,ACCOUNT_TAXONOMY_PHASE5,rel_f18cd558a1d70f58
journey_95f76fd9f2a2af32,taxonomy_j08,CLASSIFIED_AS,ACCOUNT_TAXONOMY_PHASE5,rel_f196c149bbfaed83
journey_478b67ceb9d1b199,taxonomy_j09,CLASSIFIED_AS,ACCOUNT_TAXONOMY_PHASE5,rel_f19ee851efd1fcc3
journey_d283b5c4eed1093b,taxonomy_j09,CLASSIFIED_AS,ACCOUNT_TAXONOMY_PHASE5,rel_f1a4b22e0f54c9e3
journey_c742b8041846e85a,taxonomy_j08,CLASSIFIED_AS,ACCOUNT_TAXONOMY_PHASE5,rel_f1a8c35a3fc216da
journey_e635809825020448,taxonomy_j01,CLASSIFIED_AS,ACCOUNT_TAXONOMY_PHASE5,rel_f1d7f3b0cbb2382a
journey_d8d0618a8c16e522,taxonomy_j07,CLASSIFIED_AS,ACCOUNT_TAXONOMY_PHASE5,rel_f1e065a965fbc0e3
journey_d3683981a6559874,taxonomy_j01,CLASSIFIED_AS,ACCOUNT_TAXONOMY_PHASE5,rel_f2035598405c4cc4
journey_4458d1d9c077ddc5,taxonomy_j03,CLASSIFIED_AS,ACCOUNT_TAXONOMY_PHASE5,rel_f2163dfbd2b6f901
journey_c9aa53a7d07c28c4,taxonomy_j05,CLASSIFIED_AS,ACCOUNT_TAXONOMY_PHASE5,rel_f2169a5f6e805c15
journey_2a9ad6a9e4c2a4bc,taxonomy_j08,CLASSIFIED_AS,ACCOUNT_TAXONOMY_PHASE5,rel_f218af4aaaff45fc
journey_07abf0d8317d9e3a,taxonomy_j10,CLASSIFIED_AS,ACCOUNT_TAXONOMY_PHASE5,rel_f22d9334dc001388
journey_35794c931ff77810,taxonomy_j04,CLASSIFIED_AS,ACCOUNT_TAXONOMY_PHASE5,rel_f24fd1c3744966a0
journey_3331beaeac5905cd,taxonomy_j01,CLASSIFIED_AS,ACCOUNT_TAXONOMY_PHASE5,rel_f252dc6c9580f210
journey_d7e8e41099aa142b,taxonomy_j09,CLASSIFIED_AS,ACCOUNT_TAXONOMY_PHASE5,rel_f275f450bed25c4b
journey_7dd0cc5141c7688d,taxonomy_j01,CLASSIFIED_AS,ACCOUNT_TAXONOMY_PHASE5,rel_f27f5fdcd6ab719b
journey_11e31f6f284e5af9,taxonomy_j04,CLASSIFIED_AS,ACCOUNT_TAXONOMY_PHASE5,rel_f28d89e64a432dae
journey_bcc107964a95a635,taxonomy_j01,CLASSIFIED_AS,ACCOUNT_TAXONOMY_PHASE5,rel_f28f755af871d62d
journey_395b1188fd733619,taxonomy_j05,CLASSIFIED_AS,ACCOUNT_TAXONOMY_PHASE5,rel_f2ba0d50357255e0
journey_5ccb2da0faa51e3a,taxonomy_j05,CLASSIFIED_AS,ACCOUNT_TAXONOMY_PHASE5,rel_f2bd60320b1004a0
journey_85c90934ac603989,taxonomy_j04,CLASSIFIED_AS,ACCOUNT_TAXONOMY_PHASE5,rel_f2bfd01c0c720a41
journey_4705709f69faa884,taxonomy_j08,CLASSIFIED_AS,ACCOUNT_TAXONOMY_PHASE5,rel_f2d3cf9cce1894e0
journey_e7caa1b5666c9502,taxonomy_j04,CLASSIFIED_AS,ACCOUNT_TAXONOMY_PHASE5,rel_f2e7da909317c600
journey_871e7bd3caa10908,taxonomy_j08,CLASSIFIED_AS,ACCOUNT_TAXONOMY_PHASE5,rel_f2f22b9c9c0ec93e
journey_45d6636497856f82,taxonomy_j04,CLASSIFIED_AS,ACCOUNT_TAXONOMY_PHASE5,rel_f31e6c816f746d03
journey_bd5c67e6239a9e33,taxonomy_j10,CLASSIFIED_AS,ACCOUNT_TAXONOMY_PHASE5,rel_f325b5412d72c780
journey_0d199d7f042cb826,taxonomy_j08,CLASSIFIED_AS,ACCOUNT_TAXONOMY_PHASE5,rel_f32a2e6423d92171
journey_cd0083f9b9b8ae74,taxonomy_j01,CLASSIFIED_AS,ACCOUNT_TAXONOMY_PHASE5,rel_f331e2ce4794f74c
journey_bcc7122784a05656,taxonomy_j04,CLASSIFIED_AS,ACCOUNT_TAXONOMY_PHASE5,rel_f338b7f206afd7c6
journey_87190001ec0e2179,taxonomy_j04,CLASSIFIED_AS,ACCOUNT_TAXONOMY_PHASE5,rel_f33b609272c6f2f5
journey_434adf0dc205dcc0,taxonomy_j01,CLASSIFIED_AS,ACCOUNT_TAXONOMY_PHASE5,rel_f33c2cd78e282334
journey_19551ffe87ce6635,taxonomy_j04,CLASSIFIED_AS,ACCOUNT_TAXONOMY_PHASE5,rel_f344101ac39c0b24
journey_30e35931f0e56999,taxonomy_j04,CLASSIFIED_AS,ACCOUNT_TAXONOMY_PHASE5,rel_f355a93813ea3b0d
journey_00cae04c8378522a,taxonomy_j04,CLASSIFIED_AS,ACCOUNT_TAXONOMY_PHASE5,rel_f3640dd975c021e7
journey_a5e94a0d8c3a6307,taxonomy_j04,CLASSIFIED_AS,ACCOUNT_TAXONOMY_PHASE5,rel_f36ed251e3d3b51a
journey_2178e1ed3bbe4c13,taxonomy_j04,CLASSIFIED_AS,ACCOUNT_TAXONOMY_PHASE5,rel_f3908b70b6a04dfc
journey_7b030217bdf0b84f,taxonomy_j09,CLASSIFIED_AS,ACCOUNT_TAXONOMY_PHASE5,rel_f3a990de8f057ddf
journey_a58160317bf35a61,taxonomy_j10,CLASSIFIED_AS,ACCOUNT_TAXONOMY_PHASE5,rel_f3af8ddf2098097c
journey_77a702475845e371,taxonomy_j02,CLASSIFIED_AS,ACCOUNT_TAXONOMY_PHASE5,rel_f3b0c70e58970946
journey_d11c8ac541b8e7b9,taxonomy_j10,CLASSIFIED_AS,ACCOUNT_TAXONOMY_PHASE5,rel_f3b4e763c5bba4bc
journey_7e50454e68bea5e6,taxonomy_j10,CLASSIFIED_AS,ACCOUNT_TAXONOMY_PHASE5,rel_f3b84366191bc3d5
journey_815aba3682e8ad04,taxonomy_j01,CLASSIFIED_AS,ACCOUNT_TAXONOMY_PHASE5,rel_f3b87a4f0b71e3ae
journey_2e11fe36e44775e9,taxonomy_j08,CLASSIFIED_AS,ACCOUNT_TAXONOMY_PHASE5,rel_f3bd074ec5c6d8de
journey_78c71ca6114dfc76,taxonomy_j05,CLASSIFIED_AS,ACCOUNT_TAXONOMY_PHASE5,rel_f3c553adb2047eec
journey_bbf285e56dbedce4,taxonomy_j04,CLASSIFIED_AS,ACCOUNT_TAXONOMY_PHASE5,rel_f3c6f9995272cfc5
journey_f19c12190781e283,taxonomy_j09,CLASSIFIED_AS,ACCOUNT_TAXONOMY_PHASE5,rel_f3cb856bda24da2a
journey_4ef30e35e42e875a,taxonomy_j02,CLASSIFIED_AS,ACCOUNT_TAXONOMY_PHASE5,rel_f420d7a322cbbab3
journey_11781f4c41251bba,taxonomy_j03,CLASSIFIED_AS,ACCOUNT_TAXONOMY_PHASE5,rel_f42f478774817e60
journey_c287d77aaadca580,taxonomy_j05,CLASSIFIED_AS,ACCOUNT_TAXONOMY_PHASE5,rel_f4343b870a4ef82f
journey_d8ba42a0b5d100ca,taxonomy_j08,CLASSIFIED_AS,ACCOUNT_TAXONOMY_PHASE5,rel_f43f2c86a231f35b
journey_24d2192d172e8e06,taxonomy_j07,CLASSIFIED_AS,ACCOUNT_TAXONOMY_PHASE5,rel_f44a940ffeb09252
journey_1209c4cab279f53c,taxonomy_j04,CLASSIFIED_AS,ACCOUNT_TAXONOMY_PHASE5,rel_f45a5b2924fc20bf
journey_81d76cc7adf69324,taxonomy_j04,CLASSIFIED_AS,ACCOUNT_TAXONOMY_PHASE5,rel_f49e1ba8c46dbf98
journey_8396bc6e872eaadf,taxonomy_j09,CLASSIFIED_AS,ACCOUNT_TAXONOMY_PHASE5,rel_f4a1acbf8a59188d
journey_61b9583907ca8405,taxonomy_j10,CLASSIFIED_AS,ACCOUNT_TAXONOMY_PHASE5,rel_f4a5be88d201366e
journey_67c8a9aaa7e23092,taxonomy_j08,CLASSIFIED_AS,ACCOUNT_TAXONOMY_PHASE5,rel_f4ac96975c28fc09
journey_12384900a9cd3c70,taxonomy_j08,CLASSIFIED_AS,ACCOUNT_TAXONOMY_PHASE5,rel_f4addadf8d3f6b49
journey_e0ce96feef9b4989,taxonomy_j04,CLASSIFIED_AS,ACCOUNT_TAXONOMY_PHASE5,rel_f4b7b6a2a9e11b70
journey_64bb096ac5fc31c1,taxonomy_j08,CLASSIFIED_AS,ACCOUNT_TAXONOMY_PHASE5,rel_f4bd59087bcda89e
journey_a4f7dc3e47c365de,taxonomy_j01,CLASSIFIED_AS,ACCOUNT_TAXONOMY_PHASE5,rel_f4c473f7f6e29430
journey_47b8a18397e7b8bd,taxonomy_j04,CLASSIFIED_AS,ACCOUNT_TAXONOMY_PHASE5,rel_f4dc4004c5f4291e
journey_644413b39bfe963a,taxonomy_j05,CLASSIFIED_AS,ACCOUNT_TAXONOMY_PHASE5,rel_f514b805e92782ba
journey_41b0426e54daee32,taxonomy_j01,CLASSIFIED_AS,ACCOUNT_TAXONOMY_PHASE5,rel_f515d4fa6b02dba3
journey_e1f241a128d90346,taxonomy_j01,CLASSIFIED_AS,ACCOUNT_TAXONOMY_PHASE5,rel_f5199eab4b588374
journey_da90889c00d03536,taxonomy_j04,CLASSIFIED_AS,ACCOUNT_TAXONOMY_PHASE5,rel_f5354b5c2f39efcb
journey_6cd8f0ec78bb8d93,taxonomy_j09,CLASSIFIED_AS,ACCOUNT_TAXONOMY_PHASE5,rel_f537cd3e54b42782
journey_1fdc135cb392711d,taxonomy_j10,CLASSIFIED_AS,ACCOUNT_TAXONOMY_PHASE5,rel_f54f4d0de712cb25
journey_a7f7fa4cb73c2738,taxonomy_j08,CLASSIFIED_AS,ACCOUNT_TAXONOMY_PHASE5,rel_f563204a5a1d71c3
journey_ae9c220ab0e0e4dd,taxonomy_j03,CLASSIFIED_AS,ACCOUNT_TAXONOMY_PHASE5,rel_f566a99a0023967d
journey_1a68970bf7045755,taxonomy_j09,CLASSIFIED_AS,ACCOUNT_TAXONOMY_PHASE5,rel_f5742e929755f418
journey_2a1e35fa9f7ffcc3,taxonomy_j04,CLASSIFIED_AS,ACCOUNT_TAXONOMY_PHASE5,rel_f586e4eca0ea24f0
journey_086f2c65ad54008d,taxonomy_j08,CLASSIFIED_AS,ACCOUNT_TAXONOMY_PHASE5,rel_f58b961bc5e9fe4c
journey_4cba0cb925d8512d,taxonomy_j03,CLASSIFIED_AS,ACCOUNT_TAXONOMY_PHASE5,rel_f5ac207aafbca330
journey_5feb7e2ccf077168,taxonomy_j07,CLASSIFIED_AS,ACCOUNT_TAXONOMY_PHASE5,rel_f5bc1bf4d648a0db
journey_1419877db07ad0af,taxonomy_j05,CLASSIFIED_AS,ACCOUNT_TAXONOMY_PHASE5,rel_f5d174e942bc99d6
journey_64c3cedc2bd5bed3,taxonomy_j04,CLASSIFIED_AS,ACCOUNT_TAXONOMY_PHASE5,rel_f5d667e5efcfbde6
journey_016e631ad76203ee,taxonomy_j04,CLASSIFIED_AS,ACCOUNT_TAXONOMY_PHASE5,rel_f5deaa3b40a2b85d
journey_30a6a2c767c15b34,taxonomy_j05,CLASSIFIED_AS,ACCOUNT_TAXONOMY_PHASE5,rel_f5e4d586a4a90670
journey_f87c5f7e2208f9b0,taxonomy_j04,CLASSIFIED_AS,ACCOUNT_TAXONOMY_PHASE5,rel_f5eb6bde61fe03b7
journey_df3f52b4ccc64bb2,taxonomy_j04,CLASSIFIED_AS,ACCOUNT_TAXONOMY_PHASE5,rel_f5f0fbe17bb8206c
journey_649e1f00e6cc2587,taxonomy_j04,CLASSIFIED_AS,ACCOUNT_TAXONOMY_PHASE5,rel_f5f61425593f97a6
journey_ce7fb9b35fd0a77a,taxonomy_j04,CLASSIFIED_AS,ACCOUNT_TAXONOMY_PHASE5,rel_f61ac1350f55d90c
journey_0d836c3935a7ad2a,taxonomy_j07,CLASSIFIED_AS,ACCOUNT_TAXONOMY_PHASE5,rel_f62964ea51e4c3b7
journey_e3806d398c69fc0b,taxonomy_j04,CLASSIFIED_AS,ACCOUNT_TAXONOMY_PHASE5,rel_f62c04ee92925b3d
journey_d8b136ad5b1ac647,taxonomy_j05,CLASSIFIED_AS,ACCOUNT_TAXONOMY_PHASE5,rel_f648e8f0c6e18d28
journey_e23d74deab42b4d0,taxonomy_j05,CLASSIFIED_AS,ACCOUNT_TAXONOMY_PHASE5,rel_f652a2f64c6dec4f
journey_028f8fab5f573320,taxonomy_j04,CLASSIFIED_AS,ACCOUNT_TAXONOMY_PHASE5,rel_f6710f2629373540
journey_27746797749e15df,taxonomy_j05,CLASSIFIED_AS,ACCOUNT_TAXONOMY_PHASE5,rel_f6714e85844ea280
journey_85dc3d1ba3ae5d08,taxonomy_j04,CLASSIFIED_AS,ACCOUNT_TAXONOMY_PHASE5,rel_f67859c4c8d38403
journey_e2c03c4838538978,taxonomy_j07,CLASSIFIED_AS,ACCOUNT_TAXONOMY_PHASE5,rel_f69aee17de4ecad8
journey_f10ad97440d91922,taxonomy_j04,CLASSIFIED_AS,ACCOUNT_TAXONOMY_PHASE5,rel_f6bbc3fd1a4fa5c2
journey_ec5389f9f4c5c406,taxonomy_j09,CLASSIFIED_AS,ACCOUNT_TAXONOMY_PHASE5,rel_f6c0d94ff3a07a38
journey_9664cef549079a13,taxonomy_j04,CLASSIFIED_AS,ACCOUNT_TAXONOMY_PHASE5,rel_f6cab773283ecceb
journey_c0a6ec38886b854d,taxonomy_j08,CLASSIFIED_AS,ACCOUNT_TAXONOMY_PHASE5,rel_f6cccb47b78b1a9a
journey_36eab0a10daf0342,taxonomy_j04,CLASSIFIED_AS,ACCOUNT_TAXONOMY_PHASE5,rel_f6cd29146bda0725
journey_9159d29cc8d20271,taxonomy_j04,CLASSIFIED_AS,ACCOUNT_TAXONOMY_PHASE5,rel_f6cd72ae01c0af55
journey_62aecd4f67e73a29,taxonomy_j08,CLASSIFIED_AS,ACCOUNT_TAXONOMY_PHASE5,rel_f6cff60204298743
journey_883b940fe989d1e4,taxonomy_j09,CLASSIFIED_AS,ACCOUNT_TAXONOMY_PHASE5,rel_f6d9280aaa7f380a
journey_23eaee8f574dddcf,taxonomy_j08,CLASSIFIED_AS,ACCOUNT_TAXONOMY_PHASE5,rel_f70e6b9946b66992
journey_2fb8a8738915b5a5,taxonomy_j03,CLASSIFIED_AS,ACCOUNT_TAXONOMY_PHASE5,rel_f7143af9184b240b
journey_27863db178128058,taxonomy_j04,CLASSIFIED_AS,ACCOUNT_TAXONOMY_PHASE5,rel_f7195e9987c40ed5
journey_cf20e570de86a2e5,taxonomy_j04,CLASSIFIED_AS,ACCOUNT_TAXONOMY_PHASE5,rel_f71c4c0ebfa9247e
journey_705cdec926f0d287,taxonomy_j04,CLASSIFIED_AS,ACCOUNT_TAXONOMY_PHASE5,rel_f71ce69b6ffdd2d3
journey_ab4646dd0c89b588,taxonomy_j10,CLASSIFIED_AS,ACCOUNT_TAXONOMY_PHASE5,rel_f728e79c90f83b57
journey_b8d2189ad7053fd9,taxonomy_j10,CLASSIFIED_AS,ACCOUNT_TAXONOMY_PHASE5,rel_f733d70c711e0732
journey_1dceca60b05d44d6,taxonomy_j01,CLASSIFIED_AS,ACCOUNT_TAXONOMY_PHASE5,rel_f758ee02d4d3f011
journey_112605224f412e9f,taxonomy_j05,CLASSIFIED_AS,ACCOUNT_TAXONOMY_PHASE5,rel_f7609af7d0c11691
journey_845a8065e3d5ffb0,taxonomy_j04,CLASSIFIED_AS,ACCOUNT_TAXONOMY_PHASE5,rel_f775e1f74d69150f
journey_c67fdc12076d17d2,taxonomy_j09,CLASSIFIED_AS,ACCOUNT_TAXONOMY_PHASE5,rel_f776b464f83fb447
journey_c0efe727b9bef23f,taxonomy_j10,CLASSIFIED_AS,ACCOUNT_TAXONOMY_PHASE5,rel_f77f67d453c85abf
journey_3cda94bfcc02bbe5,taxonomy_j04,CLASSIFIED_AS,ACCOUNT_TAXONOMY_PHASE5,rel_f784d50a31be365b
journey_83e7f0bff554e913,taxonomy_j04,CLASSIFIED_AS,ACCOUNT_TAXONOMY_PHASE5,rel_f790cc18a9158195
journey_cd011f38c1d541c2,taxonomy_j05,CLASSIFIED_AS,ACCOUNT_TAXONOMY_PHASE5,rel_f7acab22390c531e
journey_a79a8974fb2951a8,taxonomy_j08,CLASSIFIED_AS,ACCOUNT_TAXONOMY_PHASE5,rel_f7b0ce3f07731bee
journey_ab818d714d8a7b1e,taxonomy_j01,CLASSIFIED_AS,ACCOUNT_TAXONOMY_PHASE5,rel_f7b4ae4b76dfb5d8
journey_a31844a9ba9040f5,taxonomy_j09,CLASSIFIED_AS,ACCOUNT_TAXONOMY_PHASE5,rel_f7b57d7156cac44a
journey_d3e5566acf6c6503,taxonomy_j04,CLASSIFIED_AS,ACCOUNT_TAXONOMY_PHASE5,rel_f7ba0b72a25e173d
journey_230e4305c9c1a15d,taxonomy_j04,CLASSIFIED_AS,ACCOUNT_TAXONOMY_PHASE5,rel_f7cdd009c3b0875a
journey_fa5e01c9c05d2358,taxonomy_j01,CLASSIFIED_AS,ACCOUNT_TAXONOMY_PHASE5,rel_f7d087137844b3a7
journey_fac3a315692c4de8,taxonomy_j08,CLASSIFIED_AS,ACCOUNT_TAXONOMY_PHASE5,rel_f7eae18cd84d8d8b
journey_efffbc918dc91f90,taxonomy_j01,CLASSIFIED_AS,ACCOUNT_TAXONOMY_PHASE5,rel_f7ed8b80338f4e8c
journey_aa20b5af96e052db,taxonomy_j04,CLASSIFIED_AS,ACCOUNT_TAXONOMY_PHASE5,rel_f7ff64c4f5908261
journey_8131870845d7f0dd,taxonomy_j04,CLASSIFIED_AS,ACCOUNT_TAXONOMY_PHASE5,rel_f80781c7fa4aa93f
journey_4f42019737151c11,taxonomy_j04,CLASSIFIED_AS,ACCOUNT_TAXONOMY_PHASE5,rel_f81a1e6d0fdefe1b
journey_87f7bfe764760f2c,taxonomy_j09,CLASSIFIED_AS,ACCOUNT_TAXONOMY_PHASE5,rel_f81c044f0e809262
journey_00dc41bfddce21b7,taxonomy_j09,CLASSIFIED_AS,ACCOUNT_TAXONOMY_PHASE5,rel_f82ded686d7f9918
journey_13095f14b22f516b,taxonomy_j09,CLASSIFIED_AS,ACCOUNT_TAXONOMY_PHASE5,rel_f84ade5bdcbe9c17
journey_27ee1efc57912d75,taxonomy_j01,CLASSIFIED_AS,ACCOUNT_TAXONOMY_PHASE5,rel_f86d9beb05e263d1
journey_085453478c92b5d3,taxonomy_j09,CLASSIFIED_AS,ACCOUNT_TAXONOMY_PHASE5,rel_f8823c3d279fbe75
journey_ada474905f963687,taxonomy_j04,CLASSIFIED_AS,ACCOUNT_TAXONOMY_PHASE5,rel_f897d5faa58b38fe
journey_15aed60c6db39829,taxonomy_j04,CLASSIFIED_AS,ACCOUNT_TAXONOMY_PHASE5,rel_f899601c54359854
journey_e327325b6c966057,taxonomy_j08,CLASSIFIED_AS,ACCOUNT_TAXONOMY_PHASE5,rel_f8a5c9ccf12a2eed
journey_ebbcc45fc4fd3971,taxonomy_j04,CLASSIFIED_AS,ACCOUNT_TAXONOMY_PHASE5,rel_f8a82c66b0a561d2
journey_ca4d9f5d23e98902,taxonomy_j01,CLASSIFIED_AS,ACCOUNT_TAXONOMY_PHASE5,rel_f8e29952389111ff
journey_cbb21a4a38093a28,taxonomy_j01,CLASSIFIED_AS,ACCOUNT_TAXONOMY_PHASE5,rel_f8e88ac75f9290a1
journey_ca1d069bc47c7d65,taxonomy_j04,CLASSIFIED_AS,ACCOUNT_TAXONOMY_PHASE5,rel_f90b74dbd7811236
journey_df6dfe63bdb46d1e,taxonomy_j04,CLASSIFIED_AS,ACCOUNT_TAXONOMY_PHASE5,rel_f9137c5931d4458d
journey_0ec47b56f4670176,taxonomy_j01,CLASSIFIED_AS,ACCOUNT_TAXONOMY_PHASE5,rel_f91ace3bebc2bf37
journey_b84090845000ae82,taxonomy_j03,CLASSIFIED_AS,ACCOUNT_TAXONOMY_PHASE5,rel_f937a6918cff43ab
journey_f32ddfabe14615c1,taxonomy_j04,CLASSIFIED_AS,ACCOUNT_TAXONOMY_PHASE5,rel_f93fd719ab3ed5da
journey_24139d66730035dc,taxonomy_j08,CLASSIFIED_AS,ACCOUNT_TAXONOMY_PHASE5,rel_f94f13484107f065
journey_44a5d56af8a32874,taxonomy_j04,CLASSIFIED_AS,ACCOUNT_TAXONOMY_PHASE5,rel_f94f364f2d388024
journey_8f0e3642c3217f01,taxonomy_j04,CLASSIFIED_AS,ACCOUNT_TAXONOMY_PHASE5,rel_f9519e555c7c0ae1
journey_0b718e506a50d04b,taxonomy_j04,CLASSIFIED_AS,ACCOUNT_TAXONOMY_PHASE5,rel_f9592d8392f390e6
journey_901e23789f64ec7f,taxonomy_j09,CLASSIFIED_AS,ACCOUNT_TAXONOMY_PHASE5,rel_f9747a1d94ee62b6
journey_bdccd4fd3d19c421,taxonomy_j08,CLASSIFIED_AS,ACCOUNT_TAXONOMY_PHASE5,rel_f974afb6f4110193
journey_97361dcb3a1cd7fd,taxonomy_j08,CLASSIFIED_AS,ACCOUNT_TAXONOMY_PHASE5,rel_f975a26c84d4ec01
journey_56dd6c06af10bdda,taxonomy_j10,CLASSIFIED_AS,ACCOUNT_TAXONOMY_PHASE5,rel_f9807dc71b702d3b
journey_ce41be7169de755e,taxonomy_j08,CLASSIFIED_AS,ACCOUNT_TAXONOMY_PHASE5,rel_f989db750bad68c6
journey_d164881dadb0ebce,taxonomy_j08,CLASSIFIED_AS,ACCOUNT_TAXONOMY_PHASE5,rel_f99db089b5d8be66
journey_d67ed372522eb3cd,taxonomy_j03,CLASSIFIED_AS,ACCOUNT_TAXONOMY_PHASE5,rel_f9e3a418254721a2
journey_18f8562ef9e71032,taxonomy_j04,CLASSIFIED_AS,ACCOUNT_TAXONOMY_PHASE5,rel_f9f37beefb891c43
journey_152083d31b15fed9,taxonomy_j05,CLASSIFIED_AS,ACCOUNT_TAXONOMY_PHASE5,rel_fa05675a02eaf4bb
journey_deed44e77a062b35,taxonomy_j04,CLASSIFIED_AS,ACCOUNT_TAXONOMY_PHASE5,rel_fa1268acabd35cbc
journey_b2b19c21c682c94b,taxonomy_j04,CLASSIFIED_AS,ACCOUNT_TAXONOMY_PHASE5,rel_fa2ece69674ca07b
journey_30096da20928c13a,taxonomy_j04,CLASSIFIED_AS,ACCOUNT_TAXONOMY_PHASE5,rel_fa315fc3a19b2fcd
journey_67c9bb610fb8c155,taxonomy_j05,CLASSIFIED_AS,ACCOUNT_TAXONOMY_PHASE5,rel_fa71c29106127ac8
journey_35613313c68410c6,taxonomy_j04,CLASSIFIED_AS,ACCOUNT_TAXONOMY_PHASE5,rel_fa74dc561fc29048
journey_134a94f5407497a3,taxonomy_j08,CLASSIFIED_AS,ACCOUNT_TAXONOMY_PHASE5,rel_fa9d3a089f0cf080
journey_759b1138201cc90a,taxonomy_j10,CLASSIFIED_AS,ACCOUNT_TAXONOMY_PHASE5,rel_fabcd7a4715ac43d
journey_c852cf5a2e054cd5,taxonomy_j04,CLASSIFIED_AS,ACCOUNT_TAXONOMY_PHASE5,rel_fac9ba87323a1cee
journey_5ec193b54e06296a,taxonomy_j01,CLASSIFIED_AS,ACCOUNT_TAXONOMY_PHASE5,rel_fad63a413175b305
journey_e77d72a75eef35ee,taxonomy_j10,CLASSIFIED_AS,ACCOUNT_TAXONOMY_PHASE5,rel_fae43c4fc3c8395e
journey_4598f505d7414712,taxonomy_j05,CLASSIFIED_AS,ACCOUNT_TAXONOMY_PHASE5,rel_fb08e5063ccb5f11
journey_5dce092610c9ccef,taxonomy_j09,CLASSIFIED_AS,ACCOUNT_TAXONOMY_PHASE5,rel_fb3410ef80ca4d09
journey_7a12901b753f7fee,taxonomy_j05,CLASSIFIED_AS,ACCOUNT_TAXONOMY_PHASE5,rel_fb3ba7fab35d7638
journey_e9d3fbb8a36ede4c,taxonomy_j08,CLASSIFIED_AS,ACCOUNT_TAXONOMY_PHASE5,rel_fb724743ea37c6a8
journey_a20be7eb250c86cd,taxonomy_j01,CLASSIFIED_AS,ACCOUNT_TAXONOMY_PHASE5,rel_fb78082eab1ec989
journey_f17bdcaca131f8c4,taxonomy_j04,CLASSIFIED_AS,ACCOUNT_TAXONOMY_PHASE5,rel_fb7fcddd31f46ffb
journey_7188e74af78298e6,taxonomy_j01,CLASSIFIED_AS,ACCOUNT_TAXONOMY_PHASE5,rel_fb89389f1c61a15b
journey_56a98d7284d06cf6,taxonomy_j09,CLASSIFIED_AS,ACCOUNT_TAXONOMY_PHASE5,rel_fb9017fa81b619d2
journey_116ac10315defec8,taxonomy_j02,CLASSIFIED_AS,ACCOUNT_TAXONOMY_PHASE5,rel_fb9357e0ffe233b7
journey_16de6f16a43d59c1,taxonomy_j10,CLASSIFIED_AS,ACCOUNT_TAXONOMY_PHASE5,rel_fb99191d02d9c0dd
journey_7061b9474cf2862f,taxonomy_j09,CLASSIFIED_AS,ACCOUNT_TAXONOMY_PHASE5,rel_fba26eed3d2e7dc7
journey_2db9caef8e2e5eb2,taxonomy_j04,CLASSIFIED_AS,ACCOUNT_TAXONOMY_PHASE5,rel_fbaa3dd404c5f84f
journey_b92d85711d841cb4,taxonomy_j09,CLASSIFIED_AS,ACCOUNT_TAXONOMY_PHASE5,rel_fbc4c565942dd1b4
journey_d1659a012dd1e597,taxonomy_j01,CLASSIFIED_AS,ACCOUNT_TAXONOMY_PHASE5,rel_fbc7686e55998dad
journey_a9fbee7a0e453065,taxonomy_j04,CLASSIFIED_AS,ACCOUNT_TAXONOMY_PHASE5,rel_fbd1d6f426075a41
journey_627f14f91bff1361,taxonomy_j03,CLASSIFIED_AS,ACCOUNT_TAXONOMY_PHASE5,rel_fbe1e0b7b66bd3b1
journey_ea1b09c8b3a14fee,taxonomy_j04,CLASSIFIED_AS,ACCOUNT_TAXONOMY_PHASE5,rel_fbe20fa25b6e3272
journey_19a47c3271472d34,taxonomy_j04,CLASSIFIED_AS,ACCOUNT_TAXONOMY_PHASE5,rel_fbff9a3ed72bd623
journey_cac76e96f567eef0,taxonomy_j04,CLASSIFIED_AS,ACCOUNT_TAXONOMY_PHASE5,rel_fbffd2647451ba0e
journey_a85d4b112bba6e60,taxonomy_j10,CLASSIFIED_AS,ACCOUNT_TAXONOMY_PHASE5,rel_fc05a30ffedee8cf
journey_6685582284d61d3d,taxonomy_j01,CLASSIFIED_AS,ACCOUNT_TAXONOMY_PHASE5,rel_fc17c848b2b32d57
journey_fd76f40007bd91da,taxonomy_j04,CLASSIFIED_AS,ACCOUNT_TAXONOMY_PHASE5,rel_fc268e1be261c4ec
journey_43b1dcf25604844b,taxonomy_j01,CLASSIFIED_AS,ACCOUNT_TAXONOMY_PHASE5,rel_fc3173e651679323
journey_4b5759123041a948,taxonomy_j01,CLASSIFIED_AS,ACCOUNT_TAXONOMY_PHASE5,rel_fc36fa67321a201c
journey_304a1d86674238c0,taxonomy_j10,CLASSIFIED_AS,ACCOUNT_TAXONOMY_PHASE5,rel_fc51a11b0eebe3fa
journey_871ee381c2397d76,taxonomy_j05,CLASSIFIED_AS,ACCOUNT_TAXONOMY_PHASE5,rel_fc52e665f18de391
journey_890c8d31c6dc4f42,taxonomy_j09,CLASSIFIED_AS,ACCOUNT_TAXONOMY_PHASE5,rel_fc538d59acd08c00
journey_6f697fc71a9b59ea,taxonomy_j05,CLASSIFIED_AS,ACCOUNT_TAXONOMY_PHASE5,rel_fc6b1c519cf0b7f3
journey_f7bd45342c84bfa0,taxonomy_j04,CLASSIFIED_AS,ACCOUNT_TAXONOMY_PHASE5,rel_fc85ff53c572981c
journey_1d5aecf0c4d9acff,taxonomy_j04,CLASSIFIED_AS,ACCOUNT_TAXONOMY_PHASE5,rel_fc8616ae079ab14a
journey_23cf05f0559b13a5,taxonomy_j09,CLASSIFIED_AS,ACCOUNT_TAXONOMY_PHASE5,rel_fcb6277bee0e971e
journey_2454967ec23203ca,taxonomy_j05,CLASSIFIED_AS,ACCOUNT_TAXONOMY_PHASE5,rel_fcde0941285e406c
journey_186c285a3b277ced,taxonomy_j08,CLASSIFIED_AS,ACCOUNT_TAXONOMY_PHASE5,rel_fcdf0c79ac12909a
journey_0c53019463fc52a9,taxonomy_j04,CLASSIFIED_AS,ACCOUNT_TAXONOMY_PHASE5,rel_fce2248c4540fcee
journey_6488796126563bae,taxonomy_j01,CLASSIFIED_AS,ACCOUNT_TAXONOMY_PHASE5,rel_fce28ef7d21e9d32
journey_0ac2075c25a38823,taxonomy_j01,CLASSIFIED_AS,ACCOUNT_TAXONOMY_PHASE5,rel_fcf9573a37830dd5
journey_0fbe873cfe2377e3,taxonomy_j04,CLASSIFIED_AS,ACCOUNT_TAXONOMY_PHASE5,rel_fd128509de135e3e
journey_4a6fd25092a8e5ef,taxonomy_j08,CLASSIFIED_AS,ACCOUNT_TAXONOMY_PHASE5,rel_fd1cfbb2be509554
journey_774450f7d0c01a19,taxonomy_j05,CLASSIFIED_AS,ACCOUNT_TAXONOMY_PHASE5,rel_fd3d8e51026810c4
journey_1319aae73fdb710a,taxonomy_j10,CLASSIFIED_AS,ACCOUNT_TAXONOMY_PHASE5,rel_fd628896579b4396
journey_83c7b5db4f1b38d7,taxonomy_j08,CLASSIFIED_AS,ACCOUNT_TAXONOMY_PHASE5,rel_fd6ff3c6737a25fb
journey_91e6f6cf9f694f60,taxonomy_j04,CLASSIFIED_AS,ACCOUNT_TAXONOMY_PHASE5,rel_fd814193841622b3
journey_294bde718ffca31f,taxonomy_j05,CLASSIFIED_AS,ACCOUNT_TAXONOMY_PHASE5,rel_fd831003e82ca896
journey_22b11968a1e59a7d,taxonomy_j04,CLASSIFIED_AS,ACCOUNT_TAXONOMY_PHASE5,rel_fdb0d5d488c4e586
journey_72987d89005b29e7,taxonomy_j04,CLASSIFIED_AS,ACCOUNT_TAXONOMY_PHASE5,rel_fdbfaf0107e0bb82
journey_1a013305d0f44d16,taxonomy_j05,CLASSIFIED_AS,ACCOUNT_TAXONOMY_PHASE5,rel_fdd207a21d9aac11
journey_cfe11cd6ae072bfe,taxonomy_j04,CLASSIFIED_AS,ACCOUNT_TAXONOMY_PHASE5,rel_fdd6cdc14f71a466
journey_8c9de1d16b86d5c0,taxonomy_j10,CLASSIFIED_AS,ACCOUNT_TAXONOMY_PHASE5,rel_fde726b367816aba
journey_077d1881bf5e72bc,taxonomy_j04,CLASSIFIED_AS,ACCOUNT_TAXONOMY_PHASE5,rel_fdf1342a8111f320
journey_a2ebddbb7aceea6f,taxonomy_j01,CLASSIFIED_AS,ACCOUNT_TAXONOMY_PHASE5,rel_fe00bc14a76434a8
journey_239b722561b73f76,taxonomy_j05,CLASSIFIED_AS,ACCOUNT_TAXONOMY_PHASE5,rel_fe09b4dc0e0285c9
journey_7605aad4f404b1a0,taxonomy_j05,CLASSIFIED_AS,ACCOUNT_TAXONOMY_PHASE5,rel_fe24f7565175e69d
journey_dba7609fd02a6ffe,taxonomy_j04,CLASSIFIED_AS,ACCOUNT_TAXONOMY_PHASE5,rel_fe3455b9deed4717
journey_ca1f5790b1858877,taxonomy_j08,CLASSIFIED_AS,ACCOUNT_TAXONOMY_PHASE5,rel_fe3b43ff18d46f1f
journey_07c314daa219f8de,taxonomy_j04,CLASSIFIED_AS,ACCOUNT_TAXONOMY_PHASE5,rel_fe3e3737f40445d2
journey_e6ed106743ee3fd4,taxonomy_j04,CLASSIFIED_AS,ACCOUNT_TAXONOMY_PHASE5,rel_fe49e7d7c90d4147
journey_be7c46c870251500,taxonomy_j04,CLASSIFIED_AS,ACCOUNT_TAXONOMY_PHASE5,rel_fe4ec2f57013dd6e
journey_10c3063980dd6528,taxonomy_j04,CLASSIFIED_AS,ACCOUNT_TAXONOMY_PHASE5,rel_fe4f517e84462c1c
journey_691e047f1045fa65,taxonomy_j03,CLASSIFIED_AS,ACCOUNT_TAXONOMY_PHASE5,rel_fe690b90184a2140
journey_399cfa235f4dcfa1,taxonomy_j08,CLASSIFIED_AS,ACCOUNT_TAXONOMY_PHASE5,rel_fe817766cb885e72
journey_38c6f1d13be79a9f,taxonomy_j08,CLASSIFIED_AS,ACCOUNT_TAXONOMY_PHASE5,rel_fe969fb8b1bfc285
journey_da1801a8f52b695d,taxonomy_j08,CLASSIFIED_AS,ACCOUNT_TAXONOMY_PHASE5,rel_fe986119f7245dd3
journey_d27328f49f57cb9b,taxonomy_j08,CLASSIFIED_AS,ACCOUNT_TAXONOMY_PHASE5,rel_fe9d7e13b67615ad
journey_f0c958dc89ddf2f6,taxonomy_j04,CLASSIFIED_AS,ACCOUNT_TAXONOMY_PHASE5,rel_fec3403d8f3517e5
journey_e5af60d98e1445f3,taxonomy_j05,CLASSIFIED_AS,ACCOUNT_TAXONOMY_PHASE5,rel_fecb7712a524df79
journey_52ac02a77330e290,taxonomy_j05,CLASSIFIED_AS,ACCOUNT_TAXONOMY_PHASE5,rel_fed8e852026362bd
journey_a7bd24b8cb2a05c7,taxonomy_j04,CLASSIFIED_AS,ACCOUNT_TAXONOMY_PHASE5,rel_fedd98d121ce70d2
journey_77ece70b09271a93,taxonomy_j08,CLASSIFIED_AS,ACCOUNT_TAXONOMY_PHASE5,rel_fee64771fe2fe308
journey_d74c0bde206eaf87,taxonomy_j08,CLASSIFIED_AS,ACCOUNT_TAXONOMY_PHASE5,rel_fefa3bc2bef345fe
journey_6419f2faac4cfe19,taxonomy_j08,CLASSIFIED_AS,ACCOUNT_TAXONOMY_PHASE5,rel_ff1d40b2856e6295
journey_24394d6d774360e9,taxonomy_j04,CLASSIFIED_AS,ACCOUNT_TAXONOMY_PHASE5,rel_ff2f07043ea70243
journey_08a36cbac6071100,taxonomy_j09,CLASSIFIED_AS,ACCOUNT_TAXONOMY_PHASE5,rel_ff4c4c82ea87245d
journey_7ff38692b8ea4f70,taxonomy_j07,CLASSIFIED_AS,ACCOUNT_TAXONOMY_PHASE5,rel_ff5a72723d87a5cf
journey_7a441daf6f379d3e,taxonomy_j08,CLASSIFIED_AS,ACCOUNT_TAXONOMY_PHASE5,rel_ff5ed0214c50827b
journey_d8dae1b3231237f1,taxonomy_j01,CLASSIFIED_AS,ACCOUNT_TAXONOMY_PHASE5,rel_ff61d6e5de229676
journey_d09e906f643316ec,taxonomy_j02,CLASSIFIED_AS,ACCOUNT_TAXONOMY_PHASE5,rel_ff83a6167ed76e91
journey_76f398618c85277e,taxonomy_j08,CLASSIFIED_AS,ACCOUNT_TAXONOMY_PHASE5,rel_ffc293dd05c0ee85
journey_c17e491c3448b49d,taxonomy_j05,CLASSIFIED_AS,ACCOUNT_TAXONOMY_PHASE5,rel_ffc8b13f1e9534c2
journey_989ab93bd7be284a,taxonomy_j08,CLASSIFIED_AS,ACCOUNT_TAXONOMY_PHASE5,rel_ffe0f13a7b84ce06
journey_2644124edbb491fa,taxonomy_j09,CLASSIFIED_AS,ACCOUNT_TAXONOMY_PHASE5,rel_ffedb6459e1dc5d6
