:START_ID,:END_ID,:TYPE,event_position,relationship_key
journey_06fd4821ad7c8317,event_634fc0096195138e,HAS_EVENT,4,rel_0001d113bd89049d
journey_007ffb4bb432b6f3,event_4eaf96b425bb71c6,HAS_EVENT,9,rel_000bfa88e7dda6dc
journey_0ada0e671f28285e,event_6b2f0ed04b1ce7ff,HAS_EVENT,1,rel_001b4b3f40da121d
journey_0901904ee565d5ef,event_81357ce7052b2ae5,HAS_EVENT,15,rel_0020ba7362453a67
journey_0c723e653015be88,event_ea20c982d03d41f7,HAS_EVENT,5,rel_002239799c152ae4
journey_07a38ead4ed81eae,event_b72bd571711d03ed,HAS_EVENT,12,rel_004dd6172f63e942
journey_0a13a35e3cb32560,event_f463a3b4f85bdf68,HAS_EVENT,4,rel_006ab4eee8821b8f
journey_037788f520c9416e,event_901cfdc606ba6023,HAS_EVENT,4,rel_0090c8d30ddb0dad
journey_04497cc2869fac53,event_2402e52432288858,HAS_EVENT,10,rel_00a957f295dd6110
journey_039964ccc99d0f5e,event_404b38ea8c83494d,HAS_EVENT,5,rel_00e0b5d7064f6f6f
journey_03f63a8fd4e5f4b3,event_0028aba7e6d4db81,HAS_EVENT,7,rel_00ed027b3737133e
journey_07342d1810a9c1a9,event_0388d0991081c6e8,HAS_EVENT,25,rel_00f5ce45fae61e3c
journey_0edf9d3dbbffaac5,event_0f6b15f529b3f092,HAS_EVENT,3,rel_01185ea8e7d68312
journey_04229c66d6d4e062,event_60839762f14d6810,HAS_EVENT,26,rel_01592bb059b754f7
journey_0eb920b51a663852,event_bd2028001a1420b1,HAS_EVENT,1,rel_017c6fe2b8ef4d95
journey_023d2c2f4e1e85bc,event_2628de6f04c1cb70,HAS_EVENT,11,rel_01bd404410fa1f3f
journey_0a6d048eb5cbb6de,event_f7823c23bdc11373,HAS_EVENT,8,rel_01d76692b3eea623
journey_06cdffba90bb4221,event_a21ebf8cb1e5d76a,HAS_EVENT,8,rel_01e1de45caab7713
journey_0a3397d6eb8292b0,event_69530db40c551c20,HAS_EVENT,6,rel_02010587c3ef3881
journey_0438160eb69f5417,event_8b0d61d56eabb9bd,HAS_EVENT,13,rel_020bcd5aab8979e9
journey_0652646fbcd1933f,event_c1713f161b913c3e,HAS_EVENT,13,rel_021fcfbda0b784a9
journey_030758307e636809,event_800147d179148cdd,HAS_EVENT,5,rel_0241071660c2bed2
journey_037788f520c9416e,event_9401a35eec35c6b4,HAS_EVENT,2,rel_02a603ce0d562bf3
journey_08a1075ffc45f65d,event_789a38ee0818e23f,HAS_EVENT,19,rel_02f4850322124092
journey_022b66dce02052b0,event_5035e043168037e2,HAS_EVENT,12,rel_03320c7c4e61e4e2
journey_065eb43e925c9da2,event_14b996889cb3b7e0,HAS_EVENT,5,rel_0345e23c46249d6c
journey_08fe51e3f898596b,event_cea921b39f86496c,HAS_EVENT,13,rel_035d1f78cc3222d9
journey_0093db3951fbb03a,event_9e886df57b5ff860,HAS_EVENT,1,rel_035f500bb0df45d9
journey_0ac2075c25a38823,event_51d29ae95f63cf95,HAS_EVENT,19,rel_035fe46652079d30
journey_0a8557a327bfa464,event_8ab217b9358fcf04,HAS_EVENT,3,rel_036d79ddceafeca5
journey_06635fddb1dd2148,event_c0be00db906f67ac,HAS_EVENT,14,rel_037936954c0e034a
journey_0a5df288fa8fb95f,event_df1925f2085e585e,HAS_EVENT,2,rel_03a1b81fef8928c5
journey_03f63a8fd4e5f4b3,event_23dd21b1d1256312,HAS_EVENT,15,rel_03cb58c4f204c302
journey_08e7ff87651e6561,event_09d39e721f201c3f,HAS_EVENT,6,rel_03f934c8e887f0ce
journey_08e7ff87651e6561,event_2849e7b714fa53cf,HAS_EVENT,2,rel_043b0199a5538417
journey_0652646fbcd1933f,event_b60ad1ff1cf079bd,HAS_EVENT,4,rel_04469d6c9821ed46
journey_02c764e2db4a2a8d,event_50c7e9bd22fc3f53,HAS_EVENT,9,rel_044b8e87539aba45
journey_0a1db03a1e1971e5,event_3399ace99ec5bea8,HAS_EVENT,6,rel_046f97a66dc6997a
journey_043a98a44a6f011e,event_9a7a402f60732b94,HAS_EVENT,2,rel_04807ca1525f53f7
journey_0a9c365a85275b53,event_8731822fb0db9eac,HAS_EVENT,4,rel_048250ddc07a44ef
journey_0c6f4b461a167694,event_1778a71af7209e01,HAS_EVENT,5,rel_04a334a5b0fdfb9c
journey_043636a6b432d26f,event_d20f87a663f67715,HAS_EVENT,22,rel_04aa6f5fcb3e7207
journey_09374fb1ae19bf7d,event_1f831de74a9943a8,HAS_EVENT,2,rel_04bd7d840b8c2b5f
journey_0eb920b51a663852,event_01f6d2efc6045e3a,HAS_EVENT,19,rel_04db450af660e9c5
journey_0eb9e86e97f7842f,event_9ed6842e4b381608,HAS_EVENT,10,rel_04ff37c52c289491
journey_0e2afd2af3af5d9b,event_c849d2ff62f5dcb4,HAS_EVENT,3,rel_05390b2c8f979078
journey_00dc41bfddce21b7,event_6addffbc842cf95e,HAS_EVENT,22,rel_054ba380a893e16c
journey_086941e4b7679b30,event_43f303f38c9f4e06,HAS_EVENT,2,rel_054d680d86838909
journey_07a38ead4ed81eae,event_1f7dd7665ee4c8f7,HAS_EVENT,21,rel_056c5db97d4ebf01
journey_0b2f460323c179ae,event_b1040c68d5d9ceb9,HAS_EVENT,3,rel_05855811041fa58d
journey_0438160eb69f5417,event_d9ccb00100ba8407,HAS_EVENT,11,rel_05cabc5c6dfed2d2
journey_0942ba5c20a03a2e,event_26f83cd9760741a1,HAS_EVENT,19,rel_05cbb768f18347e3
journey_0ec45cabe96ab4b8,event_0594f1f5739a0901,HAS_EVENT,22,rel_05cf917729cdd97b
journey_01f355e4a6ce1e9b,event_7fd1e7e79ff3509e,HAS_EVENT,7,rel_05db7c1cc9e27fca
journey_05765f79c7ee5bd8,event_6397f50402df6490,HAS_EVENT,2,rel_05ea9b16ef9e8b7a
journey_08fa9ca2aea5d237,event_544920fa882bf016,HAS_EVENT,4,rel_065b7918f6001af5
journey_0084364b888cebbe,event_d8c89877cb53360c,HAS_EVENT,6,rel_066ed6cc929e5461
journey_08fa9ca2aea5d237,event_c6fd97860f0a9300,HAS_EVENT,5,rel_06737a9b5dad56c8
journey_06635fddb1dd2148,event_79c75a3ed94b09c7,HAS_EVENT,17,rel_0698ee63ecb24da6
journey_07f592ddda24aa0b,event_e02f9bfaec31abf2,HAS_EVENT,6,rel_06c75ad50f1ecca9
journey_05765f79c7ee5bd8,event_476abc3f1bb9ffa3,HAS_EVENT,18,rel_06caa32ab52f7c5b
journey_04cdd87cbada456b,event_76ad8d4706d63d43,HAS_EVENT,14,rel_06f6a19310f42442
journey_08a1075ffc45f65d,event_968fe9fc642fe618,HAS_EVENT,8,rel_072355893c3720c9
journey_05e0f23329fa997b,event_1edc89a6861c3c52,HAS_EVENT,2,rel_0732f7a74459db17
journey_030939ca762232fd,event_65ccd5b8286f5669,HAS_EVENT,2,rel_077712634327ed85
journey_0b462c3434f4bb58,event_1d547cd75d15e05c,HAS_EVENT,3,rel_077ca357af944894
journey_03ede6f35b7b3aa5,event_5ddfacce7240454d,HAS_EVENT,8,rel_07857aaa04fbb753
journey_010f675f34e9ad85,event_4b85862402670e46,HAS_EVENT,29,rel_0793b0ffbacfe573
journey_08ff3ccefa383f46,event_6aab70af99b1963d,HAS_EVENT,7,rel_07949e99783ee7f9
journey_08009c264647a155,event_e897b7aebb5198e4,HAS_EVENT,4,rel_0797164cbbf757e9
journey_07afe72ec70e134e,event_f8b4626ab793f7db,HAS_EVENT,1,rel_07b5cb27151f9413
journey_015c3ce384a11c60,event_8aaa3de7fcac6f6b,HAS_EVENT,5,rel_07c86c54c61a85a6
journey_05e0f23329fa997b,event_f463c8ede423c0c1,HAS_EVENT,4,rel_07da0a5e58be3ad8
journey_030939ca762232fd,event_b586342d6a405e12,HAS_EVENT,6,rel_07ea9d9f8b3af24f
journey_008ec6a703240121,event_4ac65f9f0b551bb4,HAS_EVENT,10,rel_0801e2f448f82efe
journey_0652646fbcd1933f,event_61b133020a551409,HAS_EVENT,3,rel_082336f8c9ab4b5c
journey_0a8557a327bfa464,event_edd4dc701444ea5f,HAS_EVENT,6,rel_083a96e5a3f0e05b
journey_0555f5ac40a4470e,event_760107f710d00c11,HAS_EVENT,21,rel_085053cedb93a0ca
journey_0ee2bc1e49d2743e,event_be2a72b0c7f27d93,HAS_EVENT,3,rel_086a499c1a952d4e
journey_0bbbe7cfe60cf4ff,event_a51e1b9a805bb6d9,HAS_EVENT,15,rel_0889f2d7094aaae4
journey_07afe72ec70e134e,event_ed4e48f1dbd5b471,HAS_EVENT,5,rel_08974b217eab082f
journey_0018fb0aebfc5760,event_295f09b42c798cea,HAS_EVENT,1,rel_090904b8b80a33e2
journey_086f2c65ad54008d,event_a17d18a1811aff4d,HAS_EVENT,19,rel_092b8c233f1b3177
journey_0942ba5c20a03a2e,event_4edf518d588a5308,HAS_EVENT,15,rel_0937ce4acf9fcb6a
journey_0c37bd05106ef432,event_389881ca31b29947,HAS_EVENT,1,rel_09576a3241a6e9c6
journey_077d747141a3a710,event_9897e0c20e2b9826,HAS_EVENT,31,rel_096bafa9b8fa7fcc
journey_0e891b170a6278b3,event_dbdcf56b1e3a8e66,HAS_EVENT,1,rel_0970357579750fca
journey_0a6d048eb5cbb6de,event_79b0c8347dba78ae,HAS_EVENT,24,rel_0992b1aa48fd2541
journey_0a6d048eb5cbb6de,event_7e6159eeeaac80c8,HAS_EVENT,6,rel_0995ed4dcb5ec632
journey_06635fddb1dd2148,event_4dedf414816f5ec1,HAS_EVENT,4,rel_09a1a725bcd07481
journey_0137379131d65c9b,event_f6333adbdfb9e2e6,HAS_EVENT,2,rel_09a504e965d4704f
journey_0a3397d6eb8292b0,event_6c7a6f81ce187899,HAS_EVENT,10,rel_09c0a30a803ab9fe
journey_0942ba5c20a03a2e,event_33f10b3255680351,HAS_EVENT,25,rel_09ce80b81b7e248b
journey_077d747141a3a710,event_e2dba9dfb2e5eaa9,HAS_EVENT,23,rel_09e5bbcc94fca5ba
journey_022b66dce02052b0,event_b9a5cb3a3d2a0a4f,HAS_EVENT,1,rel_09ebec6dfeb7b33a
journey_07bd3aa6883b0d24,event_b363adc9f43834b6,HAS_EVENT,8,rel_09f5059a99e17ecd
journey_099389ae561444f9,event_43aec2e99d01ff17,HAS_EVENT,1,rel_09fe2a2a8d6fbf34
journey_054c7fec5bfaf41f,event_24f4608716ba7e1f,HAS_EVENT,5,rel_0a3491f8d4eaa815
journey_07342d1810a9c1a9,event_28c6d87d8ce3902a,HAS_EVENT,19,rel_0a52de2c19ea1cf3
journey_0a1db03a1e1971e5,event_cf541e911659d295,HAS_EVENT,4,rel_0a5a802994df90eb
journey_07287e0df52ff44d,event_26d8939bf2a30217,HAS_EVENT,5,rel_0a9c0767ebb46f4b
journey_03d5f30098f68b7c,event_b6e4343d2796025f,HAS_EVENT,2,rel_0ab703ef72858b90
journey_031a7455db84745e,event_9935047b9dc24015,HAS_EVENT,20,rel_0af76344349e7988
journey_06635fddb1dd2148,event_4e5e2784772b5982,HAS_EVENT,8,rel_0b002cc42e7ff790
journey_0ef8ede614ce9923,event_cfcb186cfec989b4,HAS_EVENT,13,rel_0b0d995116229c54
journey_09ae128afe42d8f1,event_93aa8c1fcf156cc5,HAS_EVENT,1,rel_0b1da3065f6be21d
journey_0b462c3434f4bb58,event_4fa224ab242fc4c3,HAS_EVENT,26,rel_0b74615cfc7160e8
journey_0a39b3e5bdd6f593,event_5bf3bd4c6ba26048,HAS_EVENT,13,rel_0b75c0c8749e8264
journey_0ef8ede614ce9923,event_8357bd5506af9e0c,HAS_EVENT,18,rel_0b88e3380d239f84
journey_07a38ead4ed81eae,event_61e3358ddc916b7d,HAS_EVENT,8,rel_0b9612e121589b87
journey_02c764e2db4a2a8d,event_bf2e0f29ecadaff6,HAS_EVENT,5,rel_0b98a4bcc58598f9
journey_04ea54419774d635,event_de085ba6b470ef42,HAS_EVENT,1,rel_0b9cac4e3fa89570
journey_07287e0df52ff44d,event_1b204e93374712cf,HAS_EVENT,10,rel_0ba45af7f432e17c
journey_00dc41bfddce21b7,event_d0163de886f7ddd6,HAS_EVENT,27,rel_0bab4f92e58d64dd
journey_08a1075ffc45f65d,event_9562ee8b56f76092,HAS_EVENT,2,rel_0bce0c1629f76c1a
journey_0318dac2b74f2020,event_5cc3029cf8a3cf86,HAS_EVENT,2,rel_0bcf7c850aab8b72
journey_0ec968dd6e7f114d,event_93cd224a00d79f3d,HAS_EVENT,10,rel_0be224866e3f0929
journey_08ff3ccefa383f46,event_2cef5fe2321d9bba,HAS_EVENT,5,rel_0bfeff06262ad934
journey_0a3397d6eb8292b0,event_6d77fbf803230999,HAS_EVENT,4,rel_0c12c182de5a4713
journey_04229c66d6d4e062,event_df83981af7833b1e,HAS_EVENT,20,rel_0c18052dbdfd3aaf
journey_043636a6b432d26f,event_81b599ed2ebd522d,HAS_EVENT,1,rel_0c1c34079a0456a4
journey_086f2c65ad54008d,event_1945e73e5408c795,HAS_EVENT,13,rel_0c1d921a86459fcc
journey_04d59893e6ea1a66,event_f1db2e2cd973d18b,HAS_EVENT,13,rel_0c399efe4690fc7d
journey_05b56365868f8a3d,event_57aeeb510952547e,HAS_EVENT,1,rel_0c432605e4491073
journey_0c723e653015be88,event_433bf465286d8e9f,HAS_EVENT,10,rel_0c4d3cf8a869d886
journey_08799665e7ce25bb,event_6688620f53f2e951,HAS_EVENT,6,rel_0c721cfb8be77c23
journey_086f2c65ad54008d,event_c6522029e2b8cd7f,HAS_EVENT,27,rel_0c7c67b2ad9f4833
journey_0ec45cabe96ab4b8,event_8341de5127a097dd,HAS_EVENT,29,rel_0c7cf5105fd0b915
journey_0901904ee565d5ef,event_aabab1fe117a9fb2,HAS_EVENT,1,rel_0c8d957d9324c6f0
journey_030939ca762232fd,event_c39a1adb24c9b326,HAS_EVENT,3,rel_0c941c632a761ccd
journey_0735a404d59135f6,event_9cc88612ddaeca25,HAS_EVENT,3,rel_0ca6202309f565f9
journey_099389ae561444f9,event_250f05c790b7fbc7,HAS_EVENT,2,rel_0ccb619c03049263
journey_05765f79c7ee5bd8,event_c6ac0809b9fda00f,HAS_EVENT,20,rel_0cd503faa4c59651
journey_04e76f150912f80a,event_ab15105b64bdd2bc,HAS_EVENT,28,rel_0cdc16f0d206e1d2
journey_043636a6b432d26f,event_988b85b5257add30,HAS_EVENT,14,rel_0ce8756dca6859d1
journey_008f06b5bc8e6b18,event_b3a9171b264af442,HAS_EVENT,1,rel_0cf2963bbbe0c22e
journey_085453478c92b5d3,event_5fee50fe23ebab2e,HAS_EVENT,2,rel_0d01a730caf4d2fa
journey_0954febf7336cab6,event_695b86da9eb56cf5,HAS_EVENT,11,rel_0d486867d76a5cd6
journey_03ede6f35b7b3aa5,event_e309c78c75e5c0a1,HAS_EVENT,16,rel_0d9b062a35a1e860
journey_04d59893e6ea1a66,event_88e10c56f084890b,HAS_EVENT,11,rel_0d9b0d32451efa4a
journey_030939ca762232fd,event_f9fad50d7e824a6b,HAS_EVENT,5,rel_0da0139bb2447a2a
journey_06cdffba90bb4221,event_8752bba7be3ed933,HAS_EVENT,6,rel_0dbdb4b24dd496de
journey_010f675f34e9ad85,event_f38e9409aa7b570e,HAS_EVENT,13,rel_0dc1ba5f171f2632
journey_016e631ad76203ee,event_5247cbc832d42903,HAS_EVENT,5,rel_0dd23819b9caa6e5
journey_040946f7bde6e067,event_7d6b68f059d0bf79,HAS_EVENT,15,rel_0dd3f50c7b4320fa
journey_07a38ead4ed81eae,event_1bbc5010db1db11a,HAS_EVENT,17,rel_0ddf1282cace48df
journey_05066a91b8a2cf7f,event_fab47064ff2447f0,HAS_EVENT,1,rel_0e1835ded3f7c388
journey_01f355e4a6ce1e9b,event_36e7b6795c8a29a5,HAS_EVENT,10,rel_0e3d90027effc080
journey_04229c66d6d4e062,event_2d39d919209d0786,HAS_EVENT,40,rel_0e510cdc8be41eab
journey_0652646fbcd1933f,event_2a5433ab09f6c604,HAS_EVENT,26,rel_0e61669179296585
journey_0a8557a327bfa464,event_84af58ef349d3726,HAS_EVENT,9,rel_0e6a0c711ee4fff4
journey_040946f7bde6e067,event_0f99c20677589ee7,HAS_EVENT,13,rel_0e9540bfa4393e7d
journey_015c3ce384a11c60,event_1ef6742671badddb,HAS_EVENT,6,rel_0ea8abdda8b737b1
journey_005de666633f65f1,event_83fdb93bd0fd221f,HAS_EVENT,7,rel_0ec600f7d832ffe8
journey_05765f79c7ee5bd8,event_feca4cce01815629,HAS_EVENT,5,rel_0ede6fa9d3a0dff8
journey_04229c66d6d4e062,event_c27b6529159c932a,HAS_EVENT,12,rel_0efe95cb7cc38957
journey_0ac2075c25a38823,event_0c9cdc170cde7b1a,HAS_EVENT,7,rel_0f44bfc5012188eb
journey_0901904ee565d5ef,event_a3c318371bd5b453,HAS_EVENT,5,rel_0f4dd625c27acc81
journey_0018fb0aebfc5760,event_dc8843b3d4d553a6,HAS_EVENT,3,rel_0f557943e9c6a373
journey_0ac2075c25a38823,event_0b10d74cb31edd7d,HAS_EVENT,9,rel_0f605c01b94987c3
journey_08d4076cb15e89e6,event_1c48bb25671cc804,HAS_EVENT,2,rel_0f990ac2c2d6b862
journey_077d1881bf5e72bc,event_b345b4969702f34b,HAS_EVENT,21,rel_0f9fc65c966775d2
journey_0ae7e8fa209fa26e,event_3435c0459de6fade,HAS_EVENT,9,rel_0fa3720c25e1a7f3
journey_010f675f34e9ad85,event_4af0e624f67b7d3f,HAS_EVENT,25,rel_0faf69328122d25b
journey_07342d1810a9c1a9,event_6f8abaf0b2c28ffe,HAS_EVENT,2,rel_0fb21434aee2a646
journey_02f38ab7b5b4fd53,event_73cdcfa642dbfa25,HAS_EVENT,8,rel_0fc1283af7b74913
journey_04cdd87cbada456b,event_cb7922a3ae0acc36,HAS_EVENT,19,rel_0fea1854c8d166e7
journey_0137379131d65c9b,event_126a730710d9ecc8,HAS_EVENT,3,rel_0feefb0dad0f3da4
journey_04638941087939af,event_e62678c4debf6326,HAS_EVENT,9,rel_102f938cde143e2d
journey_01efead88e502d57,event_3dd8f2c202a87b6c,HAS_EVENT,12,rel_10517805f06ed492
journey_00dc41bfddce21b7,event_34c11cb057186b2b,HAS_EVENT,15,rel_10633b1e1583693b
journey_076a67055c35b09b,event_c9a24e501ab7c614,HAS_EVENT,10,rel_108da4f5eb0cec85
journey_02f38ab7b5b4fd53,event_e8cd5cbcab062efb,HAS_EVENT,9,rel_10960bd69892a4a2
journey_09f65329edb82ae6,event_80bdea1c05b819f9,HAS_EVENT,7,rel_10962988ffe50f67
journey_094f54d72d7a3f6e,event_2fd62a3ef8903479,HAS_EVENT,2,rel_10b72e8d5be3fa54
journey_0820a2dc706a50d8,event_e8e38cd8b5e26337,HAS_EVENT,2,rel_10e4f96a73117987
journey_0de9557db36d9a8f,event_6cff5cb32e08f304,HAS_EVENT,1,rel_10e6379968b54651
journey_0977c7cde828fef7,event_7453e201f18cd45e,HAS_EVENT,7,rel_10f75047412a0271
journey_04cdd87cbada456b,event_3b73a7a6f4d5b157,HAS_EVENT,22,rel_10fdd5a6e9f795b3
journey_07c98ab09702ef77,event_1b2968b98b4ea9e8,HAS_EVENT,24,rel_1122aa09af609ff2
journey_0652646fbcd1933f,event_410fdc8e2bc4e139,HAS_EVENT,29,rel_114917ef04dfb28b
journey_06bf978ade373c1c,event_ce3ff51006f564e8,HAS_EVENT,4,rel_114a4f2e7c9a2bf2
journey_00cae04c8378522a,event_db319ebb6ae14e57,HAS_EVENT,1,rel_1165e6e9ca67735f
journey_00dc41bfddce21b7,event_946cdc64f0086754,HAS_EVENT,17,rel_116f357b07fb944b
journey_028f8fab5f573320,event_9e38fccc57f7269b,HAS_EVENT,2,rel_11a626aaf0d3bd5c
journey_0e891b170a6278b3,event_9ba551cecf823578,HAS_EVENT,2,rel_11b8d6a78e6dcfd6
journey_0555f5ac40a4470e,event_9efb4e6ab60b7d1d,HAS_EVENT,7,rel_11c4e000ea33603b
journey_0863dc6898eed3b2,event_ba84a08764c1acb1,HAS_EVENT,2,rel_11eaa843589984aa
journey_07287e0df52ff44d,event_f22096980ccbceae,HAS_EVENT,13,rel_1229b3b15de735ce
journey_0977c7cde828fef7,event_433c6575d5b2df46,HAS_EVENT,1,rel_12347f4b87697c78
journey_0084364b888cebbe,event_6706d42faae396be,HAS_EVENT,3,rel_12402fb45a876baf
journey_030939ca762232fd,event_f6463d13024a0449,HAS_EVENT,11,rel_12632fcf4dbab8e8
journey_0b5a8a3698ef0883,event_9e047c51a8ccf033,HAS_EVENT,18,rel_127b2213e041ff87
journey_04229c66d6d4e062,event_355281f87bddba47,HAS_EVENT,21,rel_12b39b8919f3258e
journey_0bbac249810914a1,event_0ad29a96b2bf40e7,HAS_EVENT,7,rel_12e1bf26f8c0bd34
journey_0018fb0aebfc5760,event_21da74dd216e0714,HAS_EVENT,4,rel_12fd4aa24ad140c1
journey_0018fb0aebfc5760,event_76d26e0361d5643e,HAS_EVENT,10,rel_13055a10cc6da0e6
journey_007ffb4bb432b6f3,event_c93e1a33cf2b6b69,HAS_EVENT,8,rel_13105551fe588b2d
journey_0438160eb69f5417,event_23c9350afb928bca,HAS_EVENT,9,rel_1323e7f5632c55b5
journey_04aa962e5d2899ee,event_4d6b311f2f403145,HAS_EVENT,5,rel_1329d80730c9c35b
journey_02125bb28ba9adb2,event_72b439bf3d7287dc,HAS_EVENT,2,rel_1335b60dbca13464
journey_031a7455db84745e,event_e83dcdf1d51f39f4,HAS_EVENT,15,rel_1360d0e02cddc781
journey_0eff376525816688,event_a6ef24ceb1227f1b,HAS_EVENT,8,rel_13704b5d54e2b454
journey_09f65329edb82ae6,event_469fdf4dba4d6bec,HAS_EVENT,16,rel_1375c0d29114d2d4
journey_0ea24cb475d6ab8c,event_fecba8ec017582d5,HAS_EVENT,5,rel_139bb857cceb4685
journey_04aa962e5d2899ee,event_f602f26bc0d623e5,HAS_EVENT,3,rel_13ba6475fe1b729c
journey_05765f79c7ee5bd8,event_3a7ee956944abb36,HAS_EVENT,13,rel_13bd577004258c0a
journey_0652646fbcd1933f,event_8b527e46d3d736df,HAS_EVENT,8,rel_13be8bb646053ee0
journey_0942ba5c20a03a2e,event_f01d9708bb3634b0,HAS_EVENT,29,rel_13c232a1df5f128a
journey_02ecba5fba17bb1e,event_60b414324e383f37,HAS_EVENT,1,rel_13c6cbd81b89d978
journey_0018fb0aebfc5760,event_aaa67e36c865b283,HAS_EVENT,12,rel_13d38f11fd189c80
journey_04d59893e6ea1a66,event_dac71b43ab775e4d,HAS_EVENT,3,rel_13d44b77a1c09871
journey_0bbac249810914a1,event_2c87d0257f674a8c,HAS_EVENT,5,rel_13d981d3ae148a8c
journey_0a9c365a85275b53,event_7bdfdb7267b64611,HAS_EVENT,1,rel_13fa9805e153ce0b
journey_001fc5b974a7afed,event_317a0e5fa12ad1a6,HAS_EVENT,1,rel_14038e29cb684807
journey_0942ba5c20a03a2e,event_3b7f0b86dbb9ae4e,HAS_EVENT,16,rel_141e3757b9cc078d
journey_034e6f00c1820253,event_145518b4514f626d,HAS_EVENT,4,rel_1423779c4f69b995
journey_0b462c3434f4bb58,event_7b4ac23c10d3c8f9,HAS_EVENT,14,rel_14482515ab7921ba
journey_04cdd87cbada456b,event_330d1042e02dd3a6,HAS_EVENT,8,rel_145e14f0a51797b7
journey_01ddcf161db71c85,event_d6e21c021451f4c4,HAS_EVENT,3,rel_1461379c5ae0d50c
journey_0954febf7336cab6,event_06a8a5c51c59e882,HAS_EVENT,29,rel_1476eee1983c4071
journey_0b136d777ddf1844,event_a85337b664b559c2,HAS_EVENT,1,rel_14bec8f8ec8cc4ed
journey_0e891b170a6278b3,event_73f661adc67ae8af,HAS_EVENT,5,rel_14e75e4c5b08b719
journey_04497cc2869fac53,event_07b8299189f47509,HAS_EVENT,7,rel_150e9ebd2392058c
journey_0901904ee565d5ef,event_0b6dee211a77944f,HAS_EVENT,23,rel_1514ceb7a93a3183
journey_044c79a3817aaf34,event_d12a20d18e3a3481,HAS_EVENT,4,rel_1519fb01a98cb581
journey_0c4a656a8f10c5b9,event_d1bc15dabde8a881,HAS_EVENT,11,rel_152c746d72b8c15d
journey_0da21e8a747a548d,event_d480b8ce68d345c7,HAS_EVENT,8,rel_152d4a89a21e64ea
journey_00dc41bfddce21b7,event_a6f726b2228589d1,HAS_EVENT,18,rel_1561eec2f9727601
journey_0b5a8a3698ef0883,event_189df01f4be19642,HAS_EVENT,37,rel_1565e0eefc049ece
journey_0124675a73fec123,event_7d0699c8026ee86a,HAS_EVENT,5,rel_15705edff068f4f7
journey_086941e4b7679b30,event_9ecb5c8dd7af8899,HAS_EVENT,11,rel_1570cfd6a7e33b98
journey_03ede6f35b7b3aa5,event_c00318f2a127460c,HAS_EVENT,15,rel_15710bd89f441f74
journey_0edcde79e8a2af23,event_4a1c7e318248be99,HAS_EVENT,6,rel_1571a6d81a6df8b6
journey_050a11b91196b81d,event_97457a5c885b3f37,HAS_EVENT,2,rel_1584e139b87d7238
journey_05765f79c7ee5bd8,event_299828992a6e6acd,HAS_EVENT,6,rel_158ecd75177ea031
journey_0ec968dd6e7f114d,event_5f2bb4628a6ebc11,HAS_EVENT,7,rel_15a66906fc6cc9ab
journey_023d2c2f4e1e85bc,event_70f0c4a9c01207d9,HAS_EVENT,9,rel_15f8c363c79924d7
journey_0438160eb69f5417,event_0e689e903a1a334f,HAS_EVENT,10,rel_160982d3f6aebb5f
journey_0b5a8a3698ef0883,event_8b4f01d7737bb089,HAS_EVENT,44,rel_160a48f7f2a5c7c4
journey_08fa9ca2aea5d237,event_c4ac1414522dba0a,HAS_EVENT,2,rel_160be8fdfe576fef
journey_03ede6f35b7b3aa5,event_c1b5c73338abd127,HAS_EVENT,5,rel_1610f48e8b4704a0
journey_0954febf7336cab6,event_6136f23b398fffba,HAS_EVENT,36,rel_1637224dbc4fa1ca
journey_044de4c0361f201f,event_0f1b3d1a9195c802,HAS_EVENT,2,rel_16549c4358f28e45
journey_0b5a8a3698ef0883,event_2b2043f5e8bbec93,HAS_EVENT,5,rel_165c2352b6c8d38d
journey_02f38ab7b5b4fd53,event_d449c7b2ca5ddb5c,HAS_EVENT,7,rel_165d4b8ae41795c7
journey_0bbbe7cfe60cf4ff,event_6ee699a8079a7cde,HAS_EVENT,7,rel_169fe727c82a9321
journey_031cb56bd035e0e2,event_713d0021050ccc84,HAS_EVENT,3,rel_16ccf1b87acc0ffa
journey_04638941087939af,event_947a60b835118fdc,HAS_EVENT,20,rel_16d6794c47b99eec
journey_06fd4821ad7c8317,event_37d4d0595ad76371,HAS_EVENT,5,rel_16df46946e1b3f0e
journey_00f55569e6f9d700,event_4f785495df9f6bba,HAS_EVENT,9,rel_16edafb48bbde2b0
journey_0652646fbcd1933f,event_6f881ad697325f95,HAS_EVENT,24,rel_173cd8276dafaae3
journey_044de88c2ee5e5d0,event_c7c9e7a89de94940,HAS_EVENT,3,rel_1764cd9825bc0356
journey_077d1881bf5e72bc,event_ddaa440404b275f9,HAS_EVENT,13,rel_177303e6e183db17
journey_02c764e2db4a2a8d,event_874f4179f8714eaf,HAS_EVENT,7,rel_177a15d3955e4868
journey_0ec45cabe96ab4b8,event_d344506de708ae01,HAS_EVENT,41,rel_1791ecdfff005b11
journey_07a38ead4ed81eae,event_27f4486b826fde4b,HAS_EVENT,25,rel_17b74c600758c337
journey_035d618fe4abb46a,event_830cbf218f44712d,HAS_EVENT,1,rel_17ec49cc4149724d
journey_07c314daa219f8de,event_b6916a5027e23029,HAS_EVENT,2,rel_1807fd4f0c519ef1
journey_07c98ab09702ef77,event_ef2ca1bd0e88a351,HAS_EVENT,2,rel_1826ded20c500d40
journey_07c98ab09702ef77,event_46bcb98878b04378,HAS_EVENT,30,rel_183469accf60f349
journey_0c17acf4574589a6,event_84e2575826b8e55e,HAS_EVENT,6,rel_183dba81e3eda03c
journey_0de9557db36d9a8f,event_6f7fb43f65ca5626,HAS_EVENT,3,rel_1846c82cfd0c69ad
journey_07342d1810a9c1a9,event_a4a411fb37403a5c,HAS_EVENT,3,rel_1857fd516fc1525d
journey_0735a404d59135f6,event_5c91c33e0aba4818,HAS_EVENT,6,rel_185c0133931d900e
journey_008ec6a703240121,event_dbd8e1ee2bdeef3a,HAS_EVENT,14,rel_186186756a9bb5de
journey_0363d2066f943ad0,event_4c791e5ebf4515c2,HAS_EVENT,3,rel_18808ee53dc5e7e3
journey_030939ca762232fd,event_997a30bee7628087,HAS_EVENT,12,rel_18880a810e2d3465
journey_044de88c2ee5e5d0,event_3e50a24a44d8e463,HAS_EVENT,6,rel_188b21454e1ce9ae
journey_0652646fbcd1933f,event_ddfac722a58a3d8b,HAS_EVENT,16,rel_18a6ea8d81871f20
journey_05a1f378fbcfdf36,event_e33a877068c40a2a,HAS_EVENT,1,rel_18a75deb78ac0b53
journey_0555f5ac40a4470e,event_94e4e7c4fc9cc5f8,HAS_EVENT,14,rel_18d0ea5f1ebd4c26
journey_07342d1810a9c1a9,event_015fb101a3d5392e,HAS_EVENT,26,rel_18e17a2cc059c0a1
journey_0718d82cde80d5e6,event_86394366c24ce92a,HAS_EVENT,2,rel_18e4278b0807909d
journey_031a7455db84745e,event_e5c6ec2a767c32aa,HAS_EVENT,11,rel_1937fe8619642bba
journey_0bbbe7cfe60cf4ff,event_2c176fe2461238f7,HAS_EVENT,12,rel_194e51c8e4f6f377
journey_04e76f150912f80a,event_853b06d9cc12a7c3,HAS_EVENT,30,rel_19c8ec786515f037
journey_02c937dfc1d9002d,event_ff15743ef1ce5238,HAS_EVENT,21,rel_19ea9ff515ca0c49
journey_039964ccc99d0f5e,event_c43e8c660c582289,HAS_EVENT,1,rel_19fdb406cb8008ed
journey_007ffb4bb432b6f3,event_82348a0dbfb9d9f9,HAS_EVENT,5,rel_1a03f8e8a0533979
journey_08a1075ffc45f65d,event_162acd2d834d9203,HAS_EVENT,25,rel_1a1423560855f467
journey_08539edadea85c33,event_7ed1aad64a9d2fbb,HAS_EVENT,2,rel_1a2b11b0c9df3510
journey_04cdd87cbada456b,event_cca56ce9e20fbcd5,HAS_EVENT,20,rel_1a4fd11d6d822965
journey_03ede6f35b7b3aa5,event_2d413d6cc730667b,HAS_EVENT,3,rel_1a6707e72355622e
journey_0edf9d3dbbffaac5,event_37afc3cdc05b43f0,HAS_EVENT,5,rel_1a8d940088cbb7fb
journey_03d5f30098f68b7c,event_9a471274afd31e99,HAS_EVENT,5,rel_1a90304ee6942a13
journey_0ef8ede614ce9923,event_1fdba53ee8a44872,HAS_EVENT,23,rel_1a9bfcabef892fd1
journey_0733bb459e76009e,event_68a6098747a8b574,HAS_EVENT,1,rel_1aadd2af846869df
journey_07342d1810a9c1a9,event_578055a44327ca11,HAS_EVENT,17,rel_1ad6e47cb5e96fc5
journey_0eb920b51a663852,event_4bea89beefc77e17,HAS_EVENT,8,rel_1ad7bc4ed1be79f3
journey_05765f79c7ee5bd8,event_d73275d27d64a0cc,HAS_EVENT,1,rel_1adc57b44194090b
journey_08a1075ffc45f65d,event_4a6bf2155e28aed8,HAS_EVENT,16,rel_1aee9b1cbf6a2b9b
journey_0392a5c6934f106a,event_fb189b5fae5d58b7,HAS_EVENT,2,rel_1af5330b4340da0c
journey_0ec45cabe96ab4b8,event_4eebc25971430844,HAS_EVENT,26,rel_1aff91e31c012930
journey_0eb920b51a663852,event_3d9bbc4a89f1bc82,HAS_EVENT,17,rel_1b0125f8e7f033c6
journey_0e3c5923c6ef82f8,event_bdc7fe60e200c89a,HAS_EVENT,1,rel_1b11a24ca1beaafb
journey_0d19fe5b32806e84,event_0ebed9aa5efaccea,HAS_EVENT,7,rel_1b16fb7c36ce0c2d
journey_037788f520c9416e,event_dbab1ce1b6bf21ab,HAS_EVENT,25,rel_1b3602df8b0f76d0
journey_07287e0df52ff44d,event_2ea668e71e8fff89,HAS_EVENT,6,rel_1b6c367ed9a6c4c2
journey_020470103155b640,event_be648f1643d3d024,HAS_EVENT,9,rel_1bb966c48eab3850
journey_0255b5dd845e6f52,event_0076ae896c788881,HAS_EVENT,3,rel_1bd06f2964deed72
journey_0942ba5c20a03a2e,event_69da0f5b4615cfd7,HAS_EVENT,5,rel_1be19ee3ffdf9531
journey_0e90471631c0e803,event_a25bdc40a0df14fc,HAS_EVENT,6,rel_1bf206791053a308
journey_099389ae561444f9,event_41c20aa2b46b16e8,HAS_EVENT,3,rel_1c2a4e7977e0589e
journey_0901904ee565d5ef,event_0d693976ca386f02,HAS_EVENT,29,rel_1c398880db704fd9
journey_0954febf7336cab6,event_279370c4cc3a4674,HAS_EVENT,15,rel_1c863a325ec19e02
journey_076a67055c35b09b,event_bcfa52fab9c4495a,HAS_EVENT,11,rel_1cbec64b01448acd
journey_07b1f7a663ad3a46,event_894f1788adbf0e78,HAS_EVENT,1,rel_1cd8bc6b5ad46651
journey_01efead88e502d57,event_dd501073de82a510,HAS_EVENT,3,rel_1d163214f2a50b38
journey_030939ca762232fd,event_24c52d3bf5c4a419,HAS_EVENT,8,rel_1d3470add4dd2fef
journey_086f2c65ad54008d,event_5d40ca88393174c9,HAS_EVENT,20,rel_1d40b2163fc5650a
journey_02c937dfc1d9002d,event_6e2294d231255afe,HAS_EVENT,27,rel_1d4e57cde99f3356
journey_051f7f9cd9027cec,event_73e375f078890abf,HAS_EVENT,3,rel_1d50171bdafe5739
journey_0a8cbdece73b488c,event_f6a0cbfee1d49c7b,HAS_EVENT,1,rel_1d7145f8207afb54
journey_0c36a03616fe39a6,event_58ccab9d27e3c48e,HAS_EVENT,19,rel_1d726723a28697f1
journey_0ec968dd6e7f114d,event_9b5ae40bb925ee86,HAS_EVENT,6,rel_1d741ae88db64c1f
journey_0ac5131d9280f3a1,event_ebde0021841fecd1,HAS_EVENT,5,rel_1d8d52ebd7122d6f
journey_07f592ddda24aa0b,event_1aeec5b392e5277b,HAS_EVENT,2,rel_1d97a836e7c0ff90
journey_0954febf7336cab6,event_b35dc7dd64cfe67c,HAS_EVENT,14,rel_1d9ae69e723e2aa3
journey_086f2c65ad54008d,event_d47382f916c148af,HAS_EVENT,5,rel_1de775d8e48ab09e
journey_0bc084d887aeea67,event_adee75243ec5af89,HAS_EVENT,7,rel_1de935690f71d0b7
journey_08a1075ffc45f65d,event_7f293cf1d7251a39,HAS_EVENT,10,rel_1e04a48549805abd
journey_031a7455db84745e,event_0ccb4f5810fc95eb,HAS_EVENT,16,rel_1e2b51353a3c1610
journey_00dc41bfddce21b7,event_49f678a9247a76d4,HAS_EVENT,33,rel_1e31c32663bbc500
journey_050f192cd2c5959d,event_b5c672b8c8bc5fe1,HAS_EVENT,3,rel_1e540bdc812c3db6
journey_0ec45cabe96ab4b8,event_53adfd48a9d58c19,HAS_EVENT,1,rel_1e59374e6d9acfb9
journey_09ae128afe42d8f1,event_2d4f5295f5c987f9,HAS_EVENT,4,rel_1e7f8bbd3bf66abd
journey_06cdffba90bb4221,event_e9fcca3833e7874c,HAS_EVENT,5,rel_1ea4331bf8fa53dd
journey_010f675f34e9ad85,event_78da42e517de3bd7,HAS_EVENT,18,rel_1f1c0c0a2756d45c
journey_0c4a656a8f10c5b9,event_915bc39f139e9c65,HAS_EVENT,6,rel_1f3712f5d0c44f2a
journey_06fd4821ad7c8317,event_4087b8657ede4d5b,HAS_EVENT,7,rel_1f597e0569b1ef7c
journey_0652646fbcd1933f,event_c2614573591c0309,HAS_EVENT,21,rel_1f5ef3141a36d4c8
journey_0a1db03a1e1971e5,event_ec91bd51c34db751,HAS_EVENT,9,rel_1f81acf391c5be34
journey_07c98ab09702ef77,event_b215b11e2d41aee1,HAS_EVENT,7,rel_1f90ebf386c60fb4
journey_04229c66d6d4e062,event_9e84e822e3639b13,HAS_EVENT,16,rel_1fbe3ba62a7bec91
journey_0c974abeb56b0825,event_4daa1451e59a5e9b,HAS_EVENT,1,rel_1fc228bbfde76886
journey_086f2c65ad54008d,event_55d7030f826a3b72,HAS_EVENT,25,rel_1fe212d1ad8e32e2
journey_0dda3d318026cd06,event_57db232c774745ec,HAS_EVENT,3,rel_1fedc338fcea70a5
journey_037788f520c9416e,event_60456af08c58f8fa,HAS_EVENT,9,rel_203201fde1a3f085
journey_0eb920b51a663852,event_786e2aab06ab0e34,HAS_EVENT,11,rel_203ff163e7add298
journey_0d1aebd6f04115e7,event_4b5a1f03d43343a4,HAS_EVENT,5,rel_205ef1525c136658
journey_0ac2075c25a38823,event_4eaf6208b2b7d7f9,HAS_EVENT,18,rel_20856f2842bb203d
journey_0a6d048eb5cbb6de,event_b273f26f9b1954b2,HAS_EVENT,25,rel_209f3ffc9cf1b16e
journey_0ec45cabe96ab4b8,event_b108dc3e0732e230,HAS_EVENT,16,rel_20a94f9eb0c34d1a
journey_0ba3e95be32964cb,event_1c24368e5efd6ff5,HAS_EVENT,9,rel_20db1422426f3f3f
journey_0718d82cde80d5e6,event_94ad9887eb333593,HAS_EVENT,9,rel_2104d95799039faf
journey_028f8fab5f573320,event_3bcb3b653518e856,HAS_EVENT,6,rel_2108797ec796061c
journey_0b462c3434f4bb58,event_a99b8a0f5706a7b5,HAS_EVENT,6,rel_21119a72a188d955
journey_0084364b888cebbe,event_ad51c1ff140998c1,HAS_EVENT,11,rel_213bfbceda70db38
journey_0de9557db36d9a8f,event_f429c215fe64967e,HAS_EVENT,7,rel_2144a4772cab845e
journey_077d747141a3a710,event_06756e5e92025459,HAS_EVENT,1,rel_2146379b43d1a755
journey_0c36a03616fe39a6,event_6f4d55a56339868b,HAS_EVENT,2,rel_215c25d2ec7aa88a
journey_0a6d048eb5cbb6de,event_8e6e53f00c5b7ab9,HAS_EVENT,34,rel_217029471d7b200f
journey_0ae7e8fa209fa26e,event_69922729272b11ec,HAS_EVENT,2,rel_219401659fded6bd
journey_0bbac249810914a1,event_e00863525cb73609,HAS_EVENT,3,rel_21b94f0da80d52d2
journey_086941e4b7679b30,event_022d2e0f74e0a435,HAS_EVENT,7,rel_21f98570d1c9f15b
journey_02ecba5fba17bb1e,event_2c043c1a6bde2932,HAS_EVENT,6,rel_21fdd83cd0073beb
journey_04cdd87cbada456b,event_e005e4c880c5f14a,HAS_EVENT,29,rel_2228302b06334bfb
journey_031a7455db84745e,event_81bbf8fc33e9b4a7,HAS_EVENT,17,rel_222eb5ded45acfb4
journey_08cd90a94fd158a8,event_efc583c71195e63c,HAS_EVENT,6,rel_2233595cc122677b
journey_0c53019463fc52a9,event_4d785f5245e0fed0,HAS_EVENT,8,rel_224e5f87c28d37b6
journey_07bd3aa6883b0d24,event_5a3d3419be44e0e1,HAS_EVENT,6,rel_226181b99e44f1dc
journey_0b5a8a3698ef0883,event_e833d2288a4213ef,HAS_EVENT,17,rel_228b4893db2ff94c
journey_0a8557a327bfa464,event_45f9df2f5b83aec1,HAS_EVENT,8,rel_2291702b3d80363a
journey_076a67055c35b09b,event_9c8f67a2f9aff064,HAS_EVENT,4,rel_229c6a84e6e82c59
journey_0ac5131d9280f3a1,event_550e9eb2cf3d54fb,HAS_EVENT,2,rel_22bbafbb0a3fa015
journey_0ec45cabe96ab4b8,event_592a087cbfa9e504,HAS_EVENT,17,rel_22c5ef730e0c8eb9
journey_076a67055c35b09b,event_b9ec226d1da6771c,HAS_EVENT,3,rel_22cbea5e060aecb6
journey_09f65329edb82ae6,event_81e45f4c6286c323,HAS_EVENT,21,rel_22d51ee1965ba407
journey_0018fb0aebfc5760,event_504c4a35559488ee,HAS_EVENT,7,rel_22de5951f526cd47
journey_0a9f2cb4ac67a016,event_9086f856487fc6c0,HAS_EVENT,4,rel_22e66c48d45a49ed
journey_0c36a03616fe39a6,event_c46b3b0728be1f31,HAS_EVENT,31,rel_22fec991accaed7e
journey_0ec968dd6e7f114d,event_5b933f4c73c9a47b,HAS_EVENT,15,rel_2310f607b1a58113
journey_0a1db03a1e1971e5,event_689b00a5a9a10438,HAS_EVENT,8,rel_234407e1b8262dae
journey_04638941087939af,event_2b73b28f2364ab84,HAS_EVENT,5,rel_239418d2e4600fa1
journey_0a8557a327bfa464,event_531a1c151b79930f,HAS_EVENT,5,rel_23ce506030ddd718
journey_0bbbe7cfe60cf4ff,event_e6ca1226aa76dc73,HAS_EVENT,5,rel_23d8dcb5d8b08662
journey_0a39b3e5bdd6f593,event_f4f4b53aa4460776,HAS_EVENT,12,rel_23e81ef4a29646c5
journey_0718d82cde80d5e6,event_d833a64f16cf85c1,HAS_EVENT,6,rel_23fad026b86be8cc
journey_016e631ad76203ee,event_13dd5f4d484ff456,HAS_EVENT,1,rel_2402e220cc3cc070
journey_05a1f378fbcfdf36,event_7787374fcd295054,HAS_EVENT,3,rel_241109a58bb03a3e
journey_086941e4b7679b30,event_172d5c5b2c45bdd5,HAS_EVENT,9,rel_241f2a1523f68056
journey_04229c66d6d4e062,event_c7fa72791499ae1c,HAS_EVENT,5,rel_2425ad982fd7515e
journey_0b5a8a3698ef0883,event_d78d8dba0901ddc9,HAS_EVENT,45,rel_2433c48bf5b75434
journey_03d5f30098f68b7c,event_86c21e6db503241f,HAS_EVENT,7,rel_244e7e7e2a9c9166
journey_08fe51e3f898596b,event_c9c1228cd154e429,HAS_EVENT,2,rel_2467a9f2ec9806c5
journey_04229c66d6d4e062,event_231371d9273cd332,HAS_EVENT,32,rel_24a425e94283124f
journey_06bf978ade373c1c,event_75ecd6ea70ff7bf4,HAS_EVENT,5,rel_24c3d3c84e91cab9
journey_008ec6a703240121,event_030f50bcde726a3e,HAS_EVENT,4,rel_24d3e607c8f89f6c
journey_0901904ee565d5ef,event_3db21091da3882f7,HAS_EVENT,8,rel_24e8c9627fdfd6da
journey_04cdd87cbada456b,event_8a8496dc321026a5,HAS_EVENT,35,rel_252286edfb4fddc1
journey_08cd90a94fd158a8,event_3df3bcfeb5d85052,HAS_EVENT,3,rel_253860c923dd17c1
journey_07bd3aa6883b0d24,event_2d6f6ee7fb2abdc7,HAS_EVENT,20,rel_254d7e3ae82997ee
journey_0ee2bc1e49d2743e,event_a22a6d51842045f3,HAS_EVENT,1,rel_25585f1c1ca7ddf4
journey_044c79a3817aaf34,event_e6943fd6be64c841,HAS_EVENT,3,rel_25c87d9169fea2d0
journey_086f2c65ad54008d,event_b2510e9afaa9aa94,HAS_EVENT,32,rel_25e135c76a4f3c2a
journey_020470103155b640,event_8eee5d30a56cde53,HAS_EVENT,3,rel_260a13de79060d9f
journey_0ec47b56f4670176,event_172830b04a17ca58,HAS_EVENT,6,rel_265ef49e83ba8e07
journey_08a1075ffc45f65d,event_2e66f4ae4aef3da4,HAS_EVENT,1,rel_267031d5f96da60f
journey_0c53019463fc52a9,event_935685d0dff51aca,HAS_EVENT,6,rel_268b2207c5f4dbc6
journey_07287e0df52ff44d,event_b08ee7e2a1a14f21,HAS_EVENT,4,rel_26a820f213796de3
journey_04cdd87cbada456b,event_f982182ad8f34121,HAS_EVENT,1,rel_26b8747722636f6f
journey_0ada0e671f28285e,event_bdef65ac726cd570,HAS_EVENT,3,rel_26ba935369d7ce16
journey_0942ba5c20a03a2e,event_ebad15cd31189158,HAS_EVENT,20,rel_26c7e21542f676d6
journey_076c34fa6e35deab,event_781f5ec0d0f98cca,HAS_EVENT,1,rel_26f39d4c0221d17e
journey_0eb9e86e97f7842f,event_7d50307fdd3f5697,HAS_EVENT,11,rel_26f5eca53cdc1737
journey_0bbbe7cfe60cf4ff,event_dce7d4e774ebdd2d,HAS_EVENT,1,rel_26f64a394575d5ba
journey_0ec45cabe96ab4b8,event_401b47e4e89ad0d4,HAS_EVENT,7,rel_27010742956a4435
journey_0a6d048eb5cbb6de,event_3293202b83471158,HAS_EVENT,29,rel_2716bf76b3b35675
journey_04e76f150912f80a,event_b69aee2a4fc8898e,HAS_EVENT,33,rel_2747d6463b8ad02a
journey_0b5a8a3698ef0883,event_79af8474c024f7a8,HAS_EVENT,27,rel_27507bd61077f015
journey_04cdd87cbada456b,event_477f330df6b11ac6,HAS_EVENT,30,rel_275bb905e88d6613
journey_0a3397d6eb8292b0,event_9bc35fa89a844e51,HAS_EVENT,19,rel_276bcd52b2652f0d
journey_09f65329edb82ae6,event_8bea74534b237f6c,HAS_EVENT,5,rel_276ff7366c72b647
journey_04aa962e5d2899ee,event_5b2046402e33ee38,HAS_EVENT,7,rel_27885c3bbd1e263a
journey_06449cdb0fe604e1,event_6b35ffb2adb94342,HAS_EVENT,5,rel_27935db0dfe30c4d
journey_0ac2075c25a38823,event_b46ceaabe3a44833,HAS_EVENT,8,rel_2798c68fb152b443
journey_0375f3ee411c44f1,event_56fba9f5d82cd34e,HAS_EVENT,1,rel_27ef2b9f72325564
journey_0438160eb69f5417,event_d93a19ee90946274,HAS_EVENT,20,rel_27f2ead7050c480d
journey_031cb56bd035e0e2,event_a293ec4b1a880e7f,HAS_EVENT,6,rel_27f67bf1201f9578
journey_0c36a03616fe39a6,event_6bd5c28c24d9156c,HAS_EVENT,13,rel_27f7c3a47b27be33
journey_0b2c87a3d71b8b01,event_ec6690787af01427,HAS_EVENT,7,rel_280053eed315b6a0
journey_022b66dce02052b0,event_664cfb4cfd9e22ac,HAS_EVENT,15,rel_28145ab581f71594
journey_0124675a73fec123,event_42b34b74f73d60c2,HAS_EVENT,10,rel_285a7afa3d9569a2
journey_04cdd87cbada456b,event_82329c463073866a,HAS_EVENT,40,rel_2869ba470f660dd5
journey_077d1881bf5e72bc,event_aa82c57d7708c042,HAS_EVENT,19,rel_2870a680b1c1fbcb
journey_0a39b3e5bdd6f593,event_84ddf86b6fb36a4e,HAS_EVENT,17,rel_2880c0d2dfe41b96
journey_0c36a03616fe39a6,event_ebca0c6fb2814acd,HAS_EVENT,24,rel_28f464be7790de5e
journey_086f2c65ad54008d,event_909a4ecb543e9299,HAS_EVENT,3,rel_28f4cb51b24f8f28
journey_031a7455db84745e,event_ee23ceb469befbd7,HAS_EVENT,3,rel_28fdb718bb4a14fa
journey_0735a404d59135f6,event_1c060d4ea9d72228,HAS_EVENT,7,rel_291ff3d0061ac67d
journey_05c1342d971f512d,event_8556a0876dcb68e5,HAS_EVENT,1,rel_2927642ee1767fe1
journey_005de666633f65f1,event_6906e5e64c742a28,HAS_EVENT,16,rel_293ffe44ef1b5649
journey_05765f79c7ee5bd8,event_b6d1804bf0237dd0,HAS_EVENT,25,rel_2972f2d9aeb56e78
journey_0ec45cabe96ab4b8,event_3ca802a7b4e16782,HAS_EVENT,31,rel_29775cde20205d2b
journey_0bb8e075fa5517f3,event_492f23ead1af53bf,HAS_EVENT,6,rel_29cdaba02533c3f7
journey_04ea54419774d635,event_a74edeecffa816d3,HAS_EVENT,2,rel_29d084b181088d33
journey_077d1881bf5e72bc,event_0998e3045d54c46a,HAS_EVENT,8,rel_29e8accf4ab43b93
journey_0bc084d887aeea67,event_8e1887c81e358223,HAS_EVENT,5,rel_29eac026fd6ea45f
journey_03f63a8fd4e5f4b3,event_497300f8f98e49ee,HAS_EVENT,8,rel_2a2818b27217137a
journey_0b5a8a3698ef0883,event_9c27e1b63da0d374,HAS_EVENT,38,rel_2a7e7d15265e62cb
journey_0a3397d6eb8292b0,event_6f92c740c61641a4,HAS_EVENT,20,rel_2a9f063e4f9284ff
journey_037788f520c9416e,event_0706a660a8cfd26f,HAS_EVENT,22,rel_2aa9b8ba23b21f53
journey_015c3ce384a11c60,event_99c86ad210019faa,HAS_EVENT,11,rel_2aafed7acb4d6bab
journey_04cdd87cbada456b,event_ccfe248a4c4067e6,HAS_EVENT,12,rel_2b1c55591236f670
journey_04cdd87cbada456b,event_faa281a9cedd2294,HAS_EVENT,3,rel_2b44ebbf7a460a3e
journey_065eb43e925c9da2,event_3ed9ab285dc0c10c,HAS_EVENT,3,rel_2b7991ec6d5490de
journey_09d938e91c50505c,event_e9c439900add31f1,HAS_EVENT,4,rel_2b840d8257e3520b
journey_097f3a0f0eb74689,event_3bc2082d1c44d503,HAS_EVENT,2,rel_2b842ec888e5833f
journey_08ff3ccefa383f46,event_578190e49a9011f6,HAS_EVENT,10,rel_2bb0bde646402aeb
journey_0155218a2a25d323,event_a3364856c0067e9a,HAS_EVENT,2,rel_2c15bd685ce2fb58
journey_09f65329edb82ae6,event_97a03098730b0788,HAS_EVENT,1,rel_2c1eebbbad9d2fb6
journey_015c3ce384a11c60,event_b1308f3b8bc76036,HAS_EVENT,16,rel_2c21c5ba1522ecbe
journey_016e631ad76203ee,event_3e1588d4e89ca53f,HAS_EVENT,2,rel_2c30af9ceeb6303c
journey_0652646fbcd1933f,event_121b495edbf0e3d5,HAS_EVENT,2,rel_2c53f66c9a8632e7
journey_07a38ead4ed81eae,event_34f560a1fd9ea163,HAS_EVENT,2,rel_2c5c3d31f1320ce2
journey_0de9557db36d9a8f,event_dc2910056c38301a,HAS_EVENT,8,rel_2c79d1c5586136d8
journey_04d0affdba96611a,event_1a2eaccd411c5b5a,HAS_EVENT,1,rel_2c7dbeb205408818
journey_077d1881bf5e72bc,event_c06db708538ee0ae,HAS_EVENT,3,rel_2c9f0531a442e92e
journey_0a5df288fa8fb95f,event_547c6f0e30cecb89,HAS_EVENT,8,rel_2ca54870819fce37
journey_086f2c65ad54008d,event_503e1222a44e4f84,HAS_EVENT,14,rel_2cbaa13687b2db58
journey_07a38ead4ed81eae,event_a85c372582305712,HAS_EVENT,26,rel_2cf721cbd260e0f8
journey_09eff3cd5d755e39,event_87a16a8534747bd2,HAS_EVENT,7,rel_2d193007c019f072
journey_0652646fbcd1933f,event_f5313ba19db4c815,HAS_EVENT,15,rel_2d194bbc132d671a
journey_086941e4b7679b30,event_24d72a1fc5f365df,HAS_EVENT,15,rel_2d29318d4e4165a2
journey_08799665e7ce25bb,event_f094b951b5141c24,HAS_EVENT,4,rel_2d6decb489feef06
journey_086f2c65ad54008d,event_0a42dc8c73e86943,HAS_EVENT,4,rel_2d722ab50ee1a01a
journey_04aa962e5d2899ee,event_4c139d46b8c03a0f,HAS_EVENT,13,rel_2d800ff03b92993c
journey_077d747141a3a710,event_ac92bfc4321dfdd7,HAS_EVENT,15,rel_2d8dcfbd43dc9e2f
journey_08009c264647a155,event_28f5dab787ebc8de,HAS_EVENT,13,rel_2de8f54296c0c0c1
journey_077d747141a3a710,event_fc44d7e6453d69c4,HAS_EVENT,33,rel_2e05c9560f887676
journey_00dc41bfddce21b7,event_90fea67322b26657,HAS_EVENT,25,rel_2e1a4326b95602aa
journey_0bc084d887aeea67,event_ee4bf0a2f200ff1e,HAS_EVENT,1,rel_2e343d21db893f90
journey_031a7455db84745e,event_f536c4ea7a65240c,HAS_EVENT,1,rel_2e383b6676fa7a4a
journey_008f06b5bc8e6b18,event_bd79ba5a7aa99720,HAS_EVENT,6,rel_2e3e054d02dbeba4
journey_0eff376525816688,event_b5daa8d4d1cabefc,HAS_EVENT,9,rel_2e5e508eeb8a1f78
journey_07342d1810a9c1a9,event_c718a7a7924b470d,HAS_EVENT,10,rel_2e8a657035ab2cdb
journey_0652646fbcd1933f,event_4b82a8b7ae494e5e,HAS_EVENT,22,rel_2ea27116bc1955b5
journey_0bc159b013e7f128,event_65583c1586c7bf45,HAS_EVENT,2,rel_2ea2852a59ca73bf
journey_0652646fbcd1933f,event_70124f360ede8415,HAS_EVENT,1,rel_2ec635717e0b0fe4
journey_022b66dce02052b0,event_47845dc77ddd7715,HAS_EVENT,7,rel_2edf1a8ed7b8c3c5
journey_0c53019463fc52a9,event_bfd45e0419703abd,HAS_EVENT,7,rel_2ee440f39a06204b
journey_0b5a8a3698ef0883,event_c4c98fed145c5743,HAS_EVENT,22,rel_2ee748ac4d0d877f
journey_037788f520c9416e,event_5a891dd58b83e439,HAS_EVENT,28,rel_2f3099d31d951f6d
journey_0a6d048eb5cbb6de,event_16305c36b504cb68,HAS_EVENT,19,rel_2f3dda514ece16ff
journey_04cdd87cbada456b,event_d978ddf7003a330e,HAS_EVENT,15,rel_2f4ab04ded5132a8
journey_05ff06973ad8c20a,event_850f996fa4d97560,HAS_EVENT,6,rel_2f4b8ec45322b605
journey_0a9f2cb4ac67a016,event_85a15aac714df0b8,HAS_EVENT,1,rel_2f71619a7bc5f440
journey_0ec45cabe96ab4b8,event_0b991376901d3b5c,HAS_EVENT,32,rel_2f999adfe2aab78b
journey_07f592ddda24aa0b,event_4dfc72368b556360,HAS_EVENT,8,rel_2fbb304cb55c44c6
journey_043636a6b432d26f,event_bd7a86afb337ddbb,HAS_EVENT,3,rel_2ff4cd37b0455a54
journey_0084364b888cebbe,event_55721eaeedffff4e,HAS_EVENT,13,rel_2ff8b91ded5a6477
journey_0d836c3935a7ad2a,event_c5c8b7cdc4e9dcce,HAS_EVENT,10,rel_2ffc08037353e867
journey_0652646fbcd1933f,event_a3b16a88c333c05f,HAS_EVENT,17,rel_302b3f9be42d4500
journey_044de4c0361f201f,event_3a789a4a0ed44120,HAS_EVENT,3,rel_3042b4da7fe09a31
journey_04b1b98ccd932b64,event_b238743f89398809,HAS_EVENT,3,rel_30838bec55f3dedb
journey_04638941087939af,event_4320340fb3b35229,HAS_EVENT,1,rel_3086ffda91b3cd54
journey_0942ba5c20a03a2e,event_25ec9daac995be71,HAS_EVENT,22,rel_30e086d4029f4b79
journey_07bd3aa6883b0d24,event_827e0dee4097c5cd,HAS_EVENT,19,rel_30e2a7e79f88e153
journey_0a3397d6eb8292b0,event_e5a4145c86b835f9,HAS_EVENT,21,rel_31107d9f88a3ab48
journey_0ec45cabe96ab4b8,event_0e25161d45dca080,HAS_EVENT,13,rel_3129a4138e408141
journey_043636a6b432d26f,event_174eb13e6255fd13,HAS_EVENT,21,rel_3133127ca522864d
journey_0954febf7336cab6,event_e38d542ab8bca260,HAS_EVENT,21,rel_31540bd8ad8bac55
journey_044de88c2ee5e5d0,event_bcba2ace311cfb9f,HAS_EVENT,13,rel_3155df2795b456a2
journey_0a8557a327bfa464,event_8a538cde414140ca,HAS_EVENT,4,rel_317720b20c11fdbe
journey_04e76f150912f80a,event_0d89dd1d9d3299d1,HAS_EVENT,23,rel_317b024b68489f3f
journey_0901904ee565d5ef,event_69b3980c411d37a5,HAS_EVENT,4,rel_317d61f78cdcc1dc
journey_07a38ead4ed81eae,event_f92d2d3825a1f140,HAS_EVENT,11,rel_318d1efc54deb4cf
journey_005de666633f65f1,event_d0809fb49098bb35,HAS_EVENT,19,rel_318f9c87cfe4ca90
journey_08fe51e3f898596b,event_366c839e35de2373,HAS_EVENT,15,rel_327cca8ee864b084
journey_0a39b3e5bdd6f593,event_8cc63b6498f77e39,HAS_EVENT,9,rel_32b0844cb078df28
journey_0a37552faf7934af,event_68c23cb947bc333a,HAS_EVENT,2,rel_32b6d463ad8d408a
journey_00e84d6047546261,event_ec63c1a4c538fb32,HAS_EVENT,9,rel_32b8a9877c8187fe
journey_03ede6f35b7b3aa5,event_263e8c4f42f67c97,HAS_EVENT,13,rel_32bda52b15e0e27d
journey_09d66f9af92fdba6,event_31f67c6421033da9,HAS_EVENT,2,rel_32d308e740411d57
journey_03c181037ac4621f,event_c047687d65f625d0,HAS_EVENT,2,rel_3303ea5f00d2b0f3
journey_0a5df288fa8fb95f,event_aabcc67141da8098,HAS_EVENT,3,rel_3317d1d9cfbce54a
journey_0124675a73fec123,event_d3dd10f2ce05ecc5,HAS_EVENT,11,rel_3336fe27b8a35be0
journey_086f2c65ad54008d,event_3d0e755f727a6859,HAS_EVENT,9,rel_3337e9d561726b0e
journey_07f592ddda24aa0b,event_e71d31a6583a1099,HAS_EVENT,4,rel_333e6ee9eee5f34d
journey_04cdd87cbada456b,event_e9b81e161017cf4d,HAS_EVENT,21,rel_338407516e36a696
journey_030758307e636809,event_e3e60838b4d75822,HAS_EVENT,6,rel_338c97f9646180dd
journey_077d1881bf5e72bc,event_d7473256fcd2b92d,HAS_EVENT,23,rel_3390b6df6c643dd2
journey_0ee645ef98dfd79f,event_aec065b5432ee501,HAS_EVENT,2,rel_3391e7e0ec7d3272
journey_0438160eb69f5417,event_49ec87e925495776,HAS_EVENT,21,rel_3392d3bc282abb11
journey_04e76f150912f80a,event_2f268c1599eb4b64,HAS_EVENT,17,rel_339959c5959b766d
journey_007ffb4bb432b6f3,event_189d352d0f98d935,HAS_EVENT,3,rel_33a0c63ccba34f58
journey_030758307e636809,event_617918bfe672fa0d,HAS_EVENT,2,rel_33aae0a991e800c9
journey_0e6f3bfb0ab3e32d,event_e3170bf83f6b3d3e,HAS_EVENT,7,rel_33e684339407f0a7
journey_0a39b3e5bdd6f593,event_bed8cc15b29d1ea4,HAS_EVENT,16,rel_33ea75d041e3db9c
journey_010f675f34e9ad85,event_23803e32f9075697,HAS_EVENT,5,rel_340d2b79ebd2c45a
journey_0ea24cb475d6ab8c,event_1c7b3e30257bf12b,HAS_EVENT,9,rel_341f0c46296dc21e
journey_0ec45cabe96ab4b8,event_2430372b68878132,HAS_EVENT,3,rel_34348072707957f7
journey_001fc5b974a7afed,event_f52ef115d5c1bbc6,HAS_EVENT,3,rel_34455e81892817d3
journey_0cf0a030f4843bbd,event_a647e462819ddc3e,HAS_EVENT,2,rel_34477b969ea31f27
journey_04229c66d6d4e062,event_f3a270cf16cdfd1a,HAS_EVENT,17,rel_346afb1009ae2a1a
journey_07bd3aa6883b0d24,event_0e2157c9e914224e,HAS_EVENT,1,rel_347d7615f6c73832
journey_0375f3ee411c44f1,event_732e5f00a556b142,HAS_EVENT,5,rel_34a55472a96a648c
journey_09f65329edb82ae6,event_63485f948b8b936d,HAS_EVENT,20,rel_34aa2791121a939a
journey_0124675a73fec123,event_626f68fa594169fd,HAS_EVENT,9,rel_34ac84498bf74c86
journey_00f55569e6f9d700,event_c29d7bc8bf242f0f,HAS_EVENT,1,rel_34bf5398a21672d0
journey_0942ba5c20a03a2e,event_a02e0faa48c57066,HAS_EVENT,33,rel_3513b5368a9cf1e6
journey_0c974abeb56b0825,event_6a698c0416726595,HAS_EVENT,2,rel_351daae0ebac5fde
journey_016e631ad76203ee,event_87e6c4705302620b,HAS_EVENT,8,rel_352a8972f8e8ebc1
journey_08a1075ffc45f65d,event_76f2bef72b8c05bc,HAS_EVENT,4,rel_354f10eb0f0c33ca
journey_04e76f150912f80a,event_89b2cd21fe298af1,HAS_EVENT,22,rel_3593d78af8a9176e
journey_0255b5dd845e6f52,event_caf0d7c3d54b1f47,HAS_EVENT,7,rel_35bb790b9df8119c
journey_04229c66d6d4e062,event_5ea37fb7a50248b4,HAS_EVENT,29,rel_35d43fcc30a8e3f1
journey_0b2c87a3d71b8b01,event_1ab2961b17fdbea8,HAS_EVENT,6,rel_35d629899cd73030
journey_07a38ead4ed81eae,event_7cf725f6a10cfba1,HAS_EVENT,24,rel_35dbbe992879e0d7
journey_03ede6f35b7b3aa5,event_09a8f3d7d1f138b7,HAS_EVENT,19,rel_35dc9699a8625d82
journey_0ac5131d9280f3a1,event_7a69851ef4cfe083,HAS_EVENT,4,rel_35ead25b6aacfe0e
journey_008f06b5bc8e6b18,event_80f5a55cb4ab6b25,HAS_EVENT,5,rel_36009103cadf8eba
journey_0c723e653015be88,event_33d6a2aea6b261dc,HAS_EVENT,18,rel_3633112dcdff0d17
journey_0a5df288fa8fb95f,event_7e4b19faf7365321,HAS_EVENT,10,rel_364a0fd1fc8ec0aa
journey_0edcde79e8a2af23,event_8026d3724774c86d,HAS_EVENT,1,rel_364d36dde32905a1
journey_0652646fbcd1933f,event_801ab0029e253a4c,HAS_EVENT,7,rel_365175e7b540b6d6
journey_0eb920b51a663852,event_8155394604a2f1b1,HAS_EVENT,4,rel_365b3b35151f0cc1
journey_0e2afd2af3af5d9b,event_491d25ca2fed6514,HAS_EVENT,5,rel_3674acbf47afdfcb
journey_0a6d048eb5cbb6de,event_4febeda62d332034,HAS_EVENT,16,rel_367d078b9a1382ab
journey_0c6f4b461a167694,event_c20f89c6253e1ff5,HAS_EVENT,7,rel_36d2d020da58bae2
journey_0da21e8a747a548d,event_24dcb6c4ba3ff31b,HAS_EVENT,5,rel_36dfdd41b87c5e8c
journey_0a39b3e5bdd6f593,event_54549bbcc1f2ea65,HAS_EVENT,18,rel_36ef70f315086ccd
journey_023d2c2f4e1e85bc,event_fb7d189467dc9a73,HAS_EVENT,4,rel_3735d3e6e1c7cdde
journey_037788f520c9416e,event_97eff4c34af4a9c1,HAS_EVENT,24,rel_3746c1aaa2e43435
journey_0a37552faf7934af,event_270caae58571b8b0,HAS_EVENT,9,rel_37766fe347cd751c
journey_0ec45cabe96ab4b8,event_43e8a6544847889b,HAS_EVENT,6,rel_37aca98a5352461c
journey_0954febf7336cab6,event_076271462b3b2ef3,HAS_EVENT,18,rel_37ae47f8dbadcc68
journey_04aa962e5d2899ee,event_56b1b911f412b3e5,HAS_EVENT,15,rel_37c8b99c24bc472b
journey_005de666633f65f1,event_b23767c6af689b3b,HAS_EVENT,26,rel_37e8e93c39a87714
journey_00dc41bfddce21b7,event_5f3e6034bd369fa7,HAS_EVENT,32,rel_380844fa8bda68ef
journey_007ffb4bb432b6f3,event_7f146c3e95a8e122,HAS_EVENT,4,rel_383960256d9573e9
journey_0ec968dd6e7f114d,event_ec9a9a56dd98ed1c,HAS_EVENT,8,rel_3855be0887b15cac
journey_0b5a8a3698ef0883,event_d9b63a43238d5ad6,HAS_EVENT,28,rel_38698848c2fb18e2
journey_07bd3aa6883b0d24,event_afedbd06efd71f43,HAS_EVENT,7,rel_38707b2806a0e32d
journey_015c3ce384a11c60,event_907b50d9750c560e,HAS_EVENT,17,rel_38f6453cf00930c1
journey_03ede6f35b7b3aa5,event_ad56b401f701b4d8,HAS_EVENT,12,rel_39049f0d01103648
journey_0c36a03616fe39a6,event_b3d7647121e88d0c,HAS_EVENT,18,rel_391a79554979784b
journey_0b462c3434f4bb58,event_ec8870d1ad8a3d59,HAS_EVENT,9,rel_392017e54d4c340c
journey_0ac2075c25a38823,event_aaae8b1dc13f40b0,HAS_EVENT,6,rel_3920f340304d54bf
journey_04638941087939af,event_34bb493cf8eac642,HAS_EVENT,18,rel_393636871c78b1c8
journey_0954febf7336cab6,event_c100b476e1c50590,HAS_EVENT,30,rel_3939b77a76aa10c4
journey_0b5a8a3698ef0883,event_3b2983a3d993d65d,HAS_EVENT,3,rel_394d682c9d5572bb
journey_00dc41bfddce21b7,event_38d45f73139b3c79,HAS_EVENT,6,rel_398f54543f3cc111
journey_04229c66d6d4e062,event_c3aaf2c4a0949c4b,HAS_EVENT,34,rel_39a2bd9ac85a634f
journey_0a8557a327bfa464,event_caaddee64d1f4134,HAS_EVENT,2,rel_39a4543fbed85eef
journey_0bbbe7cfe60cf4ff,event_6b5b1c59bec37153,HAS_EVENT,17,rel_39c82825ce14271d
journey_015c3ce384a11c60,event_3a169bed49b6dee2,HAS_EVENT,15,rel_39c9b23be170b9c5
journey_059e7f507f4af0a0,event_045cecc17c4addeb,HAS_EVENT,6,rel_39d8a3e6f274a2f0
journey_031cb56bd035e0e2,event_57a51d5ca1ba3a5c,HAS_EVENT,4,rel_39dd5b3b80a2dbf8
journey_02c937dfc1d9002d,event_58a0bb7fe4477568,HAS_EVENT,5,rel_39e76afe9b6e58db
journey_086941e4b7679b30,event_3f918509a691978b,HAS_EVENT,14,rel_39edc9cf5446d388
journey_072eb819f1c50cb4,event_66de06ebd59455c4,HAS_EVENT,5,rel_3a2678b1d31556bf
journey_03d5f30098f68b7c,event_d9e85780d068d010,HAS_EVENT,10,rel_3a4a73d5b9cedf70
journey_0eafe9905ccd0c40,event_aae59629f9afda75,HAS_EVENT,1,rel_3a50b2dc31b2ad7f
journey_086f2c65ad54008d,event_3610b7449053fada,HAS_EVENT,28,rel_3a532a9942f95fa0
journey_0c36a03616fe39a6,event_3778c3c173ec640f,HAS_EVENT,12,rel_3a6ca3956bdf2642
journey_0ae7e8fa209fa26e,event_deeb2988082b2930,HAS_EVENT,10,rel_3a7638fcd90f5c5a
journey_059e7f507f4af0a0,event_82d7b39c26679a9b,HAS_EVENT,3,rel_3a7708badca88c3b
journey_0e3c5923c6ef82f8,event_7ad92c01b9ebf2aa,HAS_EVENT,3,rel_3a7cf0637777a783
journey_07a38ead4ed81eae,event_3a05560115c26921,HAS_EVENT,22,rel_3ad5e6292187e9fa
journey_0ae7e8fa209fa26e,event_12e0168ced64b4f3,HAS_EVENT,5,rel_3afc83d99fc9d106
journey_09f65329edb82ae6,event_3ef07a263d8d5ae3,HAS_EVENT,12,rel_3b1177a36c136862
journey_0ef8ede614ce9923,event_5f2f1cdaa476ac8a,HAS_EVENT,14,rel_3b13297d1ffcdc32
journey_08d4076cb15e89e6,event_300a317fae585c8f,HAS_EVENT,1,rel_3b3205dc616070a8
journey_086941e4b7679b30,event_ede63ada5e0dfe19,HAS_EVENT,12,rel_3b3ac4bac86cfde8
journey_06f962cf4100acf4,event_551ef9994f757718,HAS_EVENT,2,rel_3b527f308e910315
journey_077d747141a3a710,event_5b045ffdc6950787,HAS_EVENT,32,rel_3b592691fcfe2485
journey_08009c264647a155,event_599d9a2ec9bbc009,HAS_EVENT,16,rel_3b59f5f1a49421b3
journey_0eb9e86e97f7842f,event_28ed17bc2158bdd7,HAS_EVENT,9,rel_3b783640d9437fac
journey_0901904ee565d5ef,event_25457c35fe8326a8,HAS_EVENT,3,rel_3bc9c8cc0f91713e
journey_0ef8ede614ce9923,event_8e45ed1e087a8753,HAS_EVENT,17,rel_3beffbab3086a2bc
journey_0652646fbcd1933f,event_d2548fe51cf5e335,HAS_EVENT,12,rel_3c085d1ca70aced5
journey_02ecba5fba17bb1e,event_1393f39405e88bbd,HAS_EVENT,5,rel_3c32c9b7e39a1501
journey_05e0f23329fa997b,event_889109d0d60b4e2b,HAS_EVENT,1,rel_3c7002406ff31179
journey_023d2c2f4e1e85bc,event_655d2c4eba410a2f,HAS_EVENT,7,rel_3c7015c0d24b221d
journey_0bbac249810914a1,event_e42013c2394509c6,HAS_EVENT,2,rel_3c77faf00ef99fc5
journey_0954febf7336cab6,event_c859d35c7dc4b179,HAS_EVENT,31,rel_3c92b18ddfa05b9e
journey_0c36a03616fe39a6,event_6207a385e42df7aa,HAS_EVENT,33,rel_3cf00b21305179f0
journey_086f2c65ad54008d,event_04e246ba0f2de5bf,HAS_EVENT,2,rel_3cfe1471c3987649
journey_07a38ead4ed81eae,event_2aef31f0d5fc2964,HAS_EVENT,5,rel_3d463b50c46b0e25
journey_04638941087939af,event_1f654925e30906bb,HAS_EVENT,12,rel_3d8a219a2eed3c5d
journey_0b51d38476686c9c,event_e6b7e69abf23efc0,HAS_EVENT,4,rel_3d967db1ed2a4053
journey_0ee645ef98dfd79f,event_8d964dfa3603486e,HAS_EVENT,3,rel_3dbe597c7b77f1e4
journey_0a3397d6eb8292b0,event_437e85b5cfe4e3cd,HAS_EVENT,18,rel_3de09b993f48af6c
journey_06449cdb0fe604e1,event_3b031e416ab7c73d,HAS_EVENT,3,rel_3de210b8a12f306e
journey_020470103155b640,event_3206c68b53838ff8,HAS_EVENT,10,rel_3def80c488e8c391
journey_0b5a8a3698ef0883,event_2d7ae56442f4d508,HAS_EVENT,26,rel_3df014b63ab147f2
journey_0200246993a4e940,event_1c7b02cd6b115342,HAS_EVENT,7,rel_3df2f9a13d9e26d3
journey_03e27b947c0c4db8,event_69099aff7b564fc5,HAS_EVENT,2,rel_3e046a76cb8d434d
journey_04cdd87cbada456b,event_d9449215fd01af82,HAS_EVENT,25,rel_3e23f01d0b50664e
journey_0d19fe5b32806e84,event_dc8c71629922405a,HAS_EVENT,5,rel_3e62e848fe34cc00
journey_0ea24cb475d6ab8c,event_74188913a1af2bbb,HAS_EVENT,4,rel_3e867473a9ecb878
journey_05765f79c7ee5bd8,event_a679a31af8bc5dc7,HAS_EVENT,21,rel_3e9a3a4785a3ae21
journey_01efead88e502d57,event_76c665f319f4ea96,HAS_EVENT,6,rel_3eb6b3afbdb6ac7a
journey_06c7963d75ee772d,event_9890b1d070d84240,HAS_EVENT,2,rel_3ec9d6ee937519a3
journey_0ec968dd6e7f114d,event_79b7122cd848e993,HAS_EVENT,12,rel_3f19babefb6e1ce5
journey_005de666633f65f1,event_32d3080ca2b5d910,HAS_EVENT,28,rel_3f1caf7858669f5e
journey_07342d1810a9c1a9,event_2164392a623ddbe2,HAS_EVENT,16,rel_3f3b186ffd4c705a
journey_09f65329edb82ae6,event_0a3f9be3914579b2,HAS_EVENT,14,rel_3f3f4a4985acd0b9
journey_05a111b1bd1b4b9c,event_91cb193bc5770100,HAS_EVENT,1,rel_3f48efc15934f6d5
journey_0c4a656a8f10c5b9,event_38af757d6a4a3340,HAS_EVENT,3,rel_3f49813e72b3d7e6
journey_0ae7e8fa209fa26e,event_74b61e2000a4bf8a,HAS_EVENT,6,rel_3f5ded403b6195e2
journey_023d2c2f4e1e85bc,event_d37ba91bdd883eff,HAS_EVENT,5,rel_3f6441ec212e3f53
journey_07a38ead4ed81eae,event_e82ace6ce2101b44,HAS_EVENT,10,rel_3fbcbf6a3e994c08
journey_005de666633f65f1,event_158819b5ee95e8bc,HAS_EVENT,2,rel_3ff15e87e1aafe71
journey_02ecba5fba17bb1e,event_5b38756258daff9e,HAS_EVENT,4,rel_401e3470e5ee446b
journey_0a1db03a1e1971e5,event_a96fd25e8cca649f,HAS_EVENT,5,rel_40270bd28de60f02
journey_0555f5ac40a4470e,event_743a830ab9349e22,HAS_EVENT,18,rel_408ab04f948c5251
journey_0edcde79e8a2af23,event_d1480f1af262085c,HAS_EVENT,3,rel_4092fa99a8c5fde4
journey_0375f3ee411c44f1,event_6581b754608804ad,HAS_EVENT,9,rel_40c0433f29f4bfba
journey_031a7455db84745e,event_23df501745ef3fb6,HAS_EVENT,23,rel_40f95b50ef13f23d
journey_02c764e2db4a2a8d,event_355ae4576ca01aab,HAS_EVENT,16,rel_410f37fb76773153
journey_051f7f9cd9027cec,event_b559d5ce0a21f0dd,HAS_EVENT,2,rel_41272bcf1f321378
journey_08a36cbac6071100,event_0a7030e17d5a27a6,HAS_EVENT,2,rel_414f0aaa7511e45d
journey_02c937dfc1d9002d,event_d367baacf39330e2,HAS_EVENT,24,rel_41568c19b725ade6
journey_04e76f150912f80a,event_ed2ab67ab1356db7,HAS_EVENT,10,rel_415ee4947bd00146
journey_07afe72ec70e134e,event_49ce24603afa15ef,HAS_EVENT,4,rel_41623c2f1f8a5363
journey_037788f520c9416e,event_bc955bc8225ad8a6,HAS_EVENT,23,rel_419d528e2b9ed5da
journey_0c36a03616fe39a6,event_8ac9afaf04cab2b8,HAS_EVENT,38,rel_41bd8df021977c83
journey_0b5a8a3698ef0883,event_2a79031705a44fd4,HAS_EVENT,46,rel_41c74917ec8dc12b
journey_0d19fe5b32806e84,event_5fccd71ebb815197,HAS_EVENT,8,rel_41c95800cc2b3e28
journey_0bf20c049e0f269e,event_f66b75bc92046b62,HAS_EVENT,4,rel_41dee925f0aaa53d
journey_07287e0df52ff44d,event_e279baad6db88d37,HAS_EVENT,11,rel_41e174f2a2fb6002
journey_0a13a35e3cb32560,event_48fb826009cc3259,HAS_EVENT,6,rel_4206e6d24c54de01
journey_0b7b5532b5f853c4,event_20b6631104634c78,HAS_EVENT,4,rel_421f9e1bd4e2f22c
journey_02ecba5fba17bb1e,event_d895419f7f8b567e,HAS_EVENT,7,rel_4237751eac810e7c
journey_07f592ddda24aa0b,event_ad78061942d4366f,HAS_EVENT,5,rel_42a84c6986e6bfb4
journey_09eff3cd5d755e39,event_108d76baeecffb23,HAS_EVENT,3,rel_42adf65d5d2a17a1
journey_04e76f150912f80a,event_f0d7441f76791aca,HAS_EVENT,3,rel_42c15661768c424d
journey_0ac5131d9280f3a1,event_2844bef47253b388,HAS_EVENT,8,rel_42c179d56bd4e9ba
journey_0555f5ac40a4470e,event_238a1430e67851b8,HAS_EVENT,10,rel_42d7eb5a411da089
journey_0c6f4b461a167694,event_3d6e6e993bb615ab,HAS_EVENT,2,rel_43277a8c5891a719
journey_03f63a8fd4e5f4b3,event_887f450b15a2fae3,HAS_EVENT,4,rel_43363f9d8f78efaa
journey_04aa962e5d2899ee,event_d242d9117fcac741,HAS_EVENT,17,rel_43369a7b8dd61ef2
journey_077d747141a3a710,event_6128ed1e0bcd5d76,HAS_EVENT,17,rel_4343e425dbbf50d3
journey_076a67055c35b09b,event_4e2c280fb0aaea73,HAS_EVENT,9,rel_434c09d46bccbee7
journey_0652646fbcd1933f,event_8765881bba8d4fb3,HAS_EVENT,35,rel_43b48da36a900bb2
journey_022b66dce02052b0,event_fbb774843f1e5f85,HAS_EVENT,8,rel_43bb999e2017c90c
journey_0a6d048eb5cbb6de,event_2315c911c7917410,HAS_EVENT,32,rel_43bda5af2399766f
journey_06635fddb1dd2148,event_284d9bb74c3cf827,HAS_EVENT,15,rel_43edbff23fb6a2d2
journey_015c3ce384a11c60,event_4594f82b79d66fc1,HAS_EVENT,8,rel_43f6daa57ba25b1c
journey_04aa962e5d2899ee,event_1927a1636f2c1460,HAS_EVENT,20,rel_441fbaa33a4e7d99
journey_00dc41bfddce21b7,event_6f1bc63fa59f49c8,HAS_EVENT,24,rel_44213827fdb9d9c8
journey_04aa962e5d2899ee,event_22579a8fd0296181,HAS_EVENT,16,rel_4425214af4cb09d0
journey_08a1075ffc45f65d,event_19a308c2651d9075,HAS_EVENT,26,rel_4487784f98d21a41
journey_031a7455db84745e,event_e0302394b3cf2ab8,HAS_EVENT,9,rel_4488232cb2248c72
journey_076a67055c35b09b,event_2d7ab75567729150,HAS_EVENT,7,rel_448b35c0f3b3e315
journey_0eb920b51a663852,event_433a94cb266a9997,HAS_EVENT,3,rel_448bd0501e2b6d81
journey_0375f3ee411c44f1,event_a837af6f2623a463,HAS_EVENT,8,rel_44b4ed4008663d01
journey_072eb819f1c50cb4,event_297138bdd01d66b5,HAS_EVENT,3,rel_44b665e881c2666e
journey_0d836c3935a7ad2a,event_5151f0b6d25c6e66,HAS_EVENT,6,rel_44ba48388a36ec31
journey_06fd4821ad7c8317,event_d03599bf2f241b71,HAS_EVENT,3,rel_44cb9354ba617f79
journey_0ae7e8fa209fa26e,event_f29ffa18a9652ccf,HAS_EVENT,4,rel_44cc60c765e7ba2f
journey_0b2f460323c179ae,event_e973c1a5125917a1,HAS_EVENT,1,rel_44dea880d340336a
journey_0a6d048eb5cbb6de,event_945b468c67db13d1,HAS_EVENT,33,rel_4506061cc7d769d9
journey_077d1881bf5e72bc,event_c050dd2225b4b884,HAS_EVENT,22,rel_4512e6ecc3852168
journey_0b5a8a3698ef0883,event_184d80e32fbfea28,HAS_EVENT,41,rel_45197f933d7ec89c
journey_040946f7bde6e067,event_66ea4b249a6ad3b1,HAS_EVENT,7,rel_4523cd1a88df7b7a
journey_020470103155b640,event_ecd4cbf9677ec17a,HAS_EVENT,2,rel_452be8ad14473d81
journey_022b66dce02052b0,event_80c55a9589454dce,HAS_EVENT,4,rel_454269f786890492
journey_0942ba5c20a03a2e,event_f42ab2f8ae0000a2,HAS_EVENT,26,rel_4565524c9bb728b4
journey_0ac2075c25a38823,event_ca816a75f2093ef7,HAS_EVENT,11,rel_45950f47f801a8dc
journey_0652646fbcd1933f,event_0576279ac337cb9f,HAS_EVENT,23,rel_459a62213efb91d3
journey_0a6d048eb5cbb6de,event_b95f96c202b5ac04,HAS_EVENT,18,rel_45caaed097928a45
journey_00dc41bfddce21b7,event_35b1bf1130de3d30,HAS_EVENT,2,rel_45ccdd16e3fc3ffe
journey_015c3ce384a11c60,event_1e6c21370b5b17f1,HAS_EVENT,12,rel_45f2f1604677f7a2
journey_04e76f150912f80a,event_b1c31b73e74335d3,HAS_EVENT,39,rel_4603676a20c91b28
journey_02c764e2db4a2a8d,event_fbfa9e371af31674,HAS_EVENT,8,rel_4619752bd0fb2f3e
journey_0310a9963eca3fde,event_452ec4f06252f689,HAS_EVENT,2,rel_46335e7fa5e0e176
journey_06635fddb1dd2148,event_4d1a36b430bf22a9,HAS_EVENT,16,rel_46410c25f6e9e57e
journey_086941e4b7679b30,event_3c84657b6984e75f,HAS_EVENT,16,rel_465fadf0b6784268
journey_0b462c3434f4bb58,event_6f4718efe6f6616f,HAS_EVENT,10,rel_46a6be44321169ec
journey_055a045d7a3279bd,event_b1d047ab608bc9e8,HAS_EVENT,5,rel_46acb94a96a5f723
journey_007ffb4bb432b6f3,event_3afe5077179763ac,HAS_EVENT,1,rel_46b228fba87b2be5
journey_0901904ee565d5ef,event_485e50a01ccccce4,HAS_EVENT,21,rel_46cc12ed36ab3609
journey_0c974abeb56b0825,event_c3e5ed09688dc233,HAS_EVENT,3,rel_46ea4e10c1d75673
journey_091636f3ec7f6cce,event_da3453875d305b03,HAS_EVENT,1,rel_47085e25310a117b
journey_04638941087939af,event_9792ab7fefb0530a,HAS_EVENT,10,rel_4713d0ce0f44dba9
journey_0b718e506a50d04b,event_3fa7ec1a8066c054,HAS_EVENT,2,rel_472c739f47cdbea9
journey_09eff3cd5d755e39,event_5d99a23e077e73c2,HAS_EVENT,4,rel_472dae4a6196be45
journey_0555f5ac40a4470e,event_d84772f2a5e18fd2,HAS_EVENT,13,rel_47325a1e2eccbfaf
journey_099389ae561444f9,event_7c8194b6b28d3bfd,HAS_EVENT,5,rel_47585cf19807cb8e
journey_0652646fbcd1933f,event_06b3b6e6afb2ab72,HAS_EVENT,9,rel_476b874e80aa7ecb
journey_0b678aae7e08da6a,event_28694df6caf8c2e1,HAS_EVENT,9,rel_47782e69290f61b9
journey_0375f3ee411c44f1,event_e016e372c2c12084,HAS_EVENT,15,rel_479948d61f5dde7c
journey_0edf9d3dbbffaac5,event_244eb432b3841713,HAS_EVENT,6,rel_479f9a342434e1cf
journey_044c79a3817aaf34,event_d7141619ffc32e7c,HAS_EVENT,8,rel_47ccb2f4b5d5eab7
journey_037788f520c9416e,event_3d1bd8b9f7a294fc,HAS_EVENT,3,rel_47ea48944b9826ba
journey_07bd3aa6883b0d24,event_085dc27e1c643216,HAS_EVENT,30,rel_47eae0b51ba3bdea
journey_0ef8ede614ce9923,event_5379dd2b1fcc13ca,HAS_EVENT,19,rel_47eb4caf938797a1
journey_0954febf7336cab6,event_1b9d672eb83b1904,HAS_EVENT,34,rel_47f021183dbc329d
journey_04b1b98ccd932b64,event_662910ba9e327a9c,HAS_EVENT,4,rel_48358d4851427923
journey_016e631ad76203ee,event_c54d201cfda3801f,HAS_EVENT,3,rel_486ff97a736b3e84
journey_0eb9e86e97f7842f,event_a8a61bf48fa01764,HAS_EVENT,6,rel_488d5aa93e936517
journey_065eb43e925c9da2,event_02ca3688e422a535,HAS_EVENT,2,rel_488f20c9d833cbc5
journey_0ee2bc1e49d2743e,event_c1f61c607e661fc2,HAS_EVENT,2,rel_48a2a4131f727d65
journey_09ae128afe42d8f1,event_1f1dda5c8627a812,HAS_EVENT,2,rel_48b311d5e5e1fa2e
journey_040946f7bde6e067,event_7ef51dd0adfea8cb,HAS_EVENT,9,rel_48bb70bede369d18
journey_086941e4b7679b30,event_b11b7cdf6090b6f8,HAS_EVENT,25,rel_48d15a8c656d6726
journey_0a39b3e5bdd6f593,event_206c3a97782df3c7,HAS_EVENT,2,rel_48e773b64fa14b46
journey_07bd3aa6883b0d24,event_daf7558cccf14b22,HAS_EVENT,17,rel_48ef95188acf7587
journey_09f65329edb82ae6,event_62b548d2f39b61cb,HAS_EVENT,6,rel_490b20a7b6d1093d
journey_0735a404d59135f6,event_1860457a96a948c9,HAS_EVENT,8,rel_492b136b71ac8a3a
journey_0e3c5923c6ef82f8,event_38d517e559bc5a6d,HAS_EVENT,2,rel_497e04cd8deeeba1
journey_037788f520c9416e,event_09202ff27008dbae,HAS_EVENT,7,rel_498a2ff41cbf70cd
journey_0255b5dd845e6f52,event_02f560dc2f6ceae9,HAS_EVENT,6,rel_499c1238455e133a
journey_0f5c96aa7fb8b44b,event_4ffe8ee8fcf7360b,HAS_EVENT,2,rel_49ce06f547112b02
journey_04e76f150912f80a,event_582114f802979435,HAS_EVENT,11,rel_49f6be96acaabe5b
journey_0733bb459e76009e,event_31b4d9a4c7a64477,HAS_EVENT,2,rel_49fe5ff4eeea4849
journey_0b2c87a3d71b8b01,event_d865485ee28262c0,HAS_EVENT,2,rel_4a46d2f20a99ea42
journey_016e631ad76203ee,event_dda18525c0667751,HAS_EVENT,4,rel_4a759cba8b3834e8
journey_09d938e91c50505c,event_4ecb69bfa9c60dbb,HAS_EVENT,5,rel_4abc42cf964d6965
journey_0a5df288fa8fb95f,event_096ede2f5a158c3b,HAS_EVENT,7,rel_4b0758f99ec48c0d
journey_02c937dfc1d9002d,event_cc17b717966a798a,HAS_EVENT,22,rel_4b248cb28d378362
journey_086941e4b7679b30,event_3fc198fb0690a2e5,HAS_EVENT,13,rel_4b3f23198f5d2e70
journey_005de666633f65f1,event_2d76570b1feccf02,HAS_EVENT,5,rel_4b8a126286ed1140
journey_0edf9d3dbbffaac5,event_ea9073bc55e7c386,HAS_EVENT,1,rel_4bad242ab2f4d594
journey_04e76f150912f80a,event_b5f8ce56f8b3d024,HAS_EVENT,36,rel_4bc276dc412ee9af
journey_077d747141a3a710,event_ceccd46a5e616471,HAS_EVENT,30,rel_4be21c98cabafffc
journey_08a36cbac6071100,event_126bc79ee522f9f5,HAS_EVENT,5,rel_4bed2fab380b2ec7
journey_0c36a03616fe39a6,event_4e7b3b430be1ba0c,HAS_EVENT,5,rel_4c08b5c32879a390
journey_0a6d048eb5cbb6de,event_deffc9c97b83265b,HAS_EVENT,30,rel_4c2635c5e46c45da
journey_0ec47b56f4670176,event_b6843f68288ccd46,HAS_EVENT,3,rel_4c3c8ad49cf340fa
journey_04229c66d6d4e062,event_6c7d18a2d9b94350,HAS_EVENT,33,rel_4c7ba94a8ba478f8
journey_08e7ff87651e6561,event_34af63bed94a9487,HAS_EVENT,7,rel_4c838c7af1dbcf36
journey_08a1075ffc45f65d,event_04efbe1b95e48b45,HAS_EVENT,20,rel_4cad3ad8720deaca
journey_06a12381ff961959,event_86d80fbb755c3bad,HAS_EVENT,1,rel_4cbbaf50ed5b207a
journey_0318dac2b74f2020,event_29956b60cc824edb,HAS_EVENT,16,rel_4ce4e7264ec14452
journey_0942ba5c20a03a2e,event_8b96c963fa3b2cb5,HAS_EVENT,4,rel_4cf3470b452c3d14
journey_0bf20c049e0f269e,event_2ea07a6cf7bd4058,HAS_EVENT,2,rel_4d1109426db67233
journey_02125bb28ba9adb2,event_309015676a54b1b7,HAS_EVENT,1,rel_4d1d1c67cc6ba80e
journey_005de666633f65f1,event_69605d74feeadc22,HAS_EVENT,25,rel_4d3613f9ed193492
journey_00e84d6047546261,event_524c037df33421ab,HAS_EVENT,4,rel_4d3773e6d60c4b84
journey_0bbac249810914a1,event_5b330065098c06a4,HAS_EVENT,14,rel_4d3faaf318cdfa46
journey_0e2afd2af3af5d9b,event_be133a85fd7002c9,HAS_EVENT,4,rel_4d46b8931baa4f04
journey_0942ba5c20a03a2e,event_bff0f5b68acc1028,HAS_EVENT,28,rel_4d492fc2ceaf7ce1
journey_077d1881bf5e72bc,event_b4e7d89e444d1fca,HAS_EVENT,9,rel_4d67f22c0d9f9073
journey_077d1881bf5e72bc,event_338b35ae0e1bdc22,HAS_EVENT,24,rel_4d72444b06259569
journey_0c6f4b461a167694,event_6e83f05113d139a1,HAS_EVENT,4,rel_4d76c86c54a7d85d
journey_00dc41bfddce21b7,event_b6251f849dd13edb,HAS_EVENT,9,rel_4d7858173b66a657
journey_06a12381ff961959,event_10c8ad8cadbca7b1,HAS_EVENT,4,rel_4d8d18c0af7e6801
journey_086941e4b7679b30,event_6ad7c18a014db598,HAS_EVENT,19,rel_4db436a549a51316
journey_0bbbe7cfe60cf4ff,event_8e822b3dda7939a7,HAS_EVENT,10,rel_4dd94cc9c0339bc5
journey_05ff06973ad8c20a,event_626268565258540f,HAS_EVENT,5,rel_4df0c22d9add4c4c
journey_0375f3ee411c44f1,event_2d1e1b4d12fbda61,HAS_EVENT,13,rel_4dfa4a1db8cbf302
journey_09c4c72abda202c4,event_b5e87fd4200b0ea9,HAS_EVENT,1,rel_4e100706435883fb
journey_0652646fbcd1933f,event_ed2bb3e5a3a3443c,HAS_EVENT,40,rel_4e164b61e56eff57
journey_0bbbe7cfe60cf4ff,event_d7fea1877fe06592,HAS_EVENT,11,rel_4e1723256fa5cd6a
journey_005de666633f65f1,event_6dc453af8d9a4fa6,HAS_EVENT,4,rel_4e1a367a11c3316c
journey_0cf2cc7025d27705,event_5b626a165c93a0f1,HAS_EVENT,2,rel_4e3d1eefa618b658
journey_04e76f150912f80a,event_b31b47979f4e2015,HAS_EVENT,31,rel_4e618681e0fda376
journey_04229c66d6d4e062,event_998369186dc855d5,HAS_EVENT,30,rel_4e65befeb8398791
journey_09d66f9af92fdba6,event_d9299f41477ade1a,HAS_EVENT,1,rel_4e6e882f72c9c01b
journey_07a38ead4ed81eae,event_a8b7866a42b73793,HAS_EVENT,6,rel_4e8420ab2f134791
journey_0a8557a327bfa464,event_b12d384700a73e41,HAS_EVENT,1,rel_4e8816c6f2d75df4
journey_02c764e2db4a2a8d,event_6d23cccd32359edb,HAS_EVENT,13,rel_4e9b88ffefddee57
journey_050a11b91196b81d,event_eb393901d7ccaff1,HAS_EVENT,3,rel_4ea49cf1b56828d2
journey_0901904ee565d5ef,event_5c6284aa46a1c431,HAS_EVENT,26,rel_4eb7a5d03d64a826
journey_0c4a656a8f10c5b9,event_f350f78931c5f2da,HAS_EVENT,4,rel_4ebc96610cdaf357
journey_0a19df9b0a25db8a,event_3ae123cea0952ab2,HAS_EVENT,1,rel_4ec05f860b698e36
journey_0bb8e075fa5517f3,event_8cf4596d90f7d1a2,HAS_EVENT,1,rel_4ed78f7fce9166ce
journey_0ef8ede614ce9923,event_c2f24a5e9912f437,HAS_EVENT,1,rel_4edf4cd6f7c860e3
journey_0c4a656a8f10c5b9,event_d70922bdf3d96c04,HAS_EVENT,13,rel_4ee6b2bedd4fe9b5
journey_05765f79c7ee5bd8,event_d5ab01fdc6a66b95,HAS_EVENT,14,rel_4ee6d3603a4b599c
journey_0eb920b51a663852,event_a668ce3d3b77c95b,HAS_EVENT,10,rel_4f0f1d215343d8d5
journey_01f355e4a6ce1e9b,event_48eed85677ce8834,HAS_EVENT,1,rel_4f2d7cab23354a33
journey_0ec45cabe96ab4b8,event_1bfd730231195099,HAS_EVENT,36,rel_4f3c5b31b066add4
journey_0a6d048eb5cbb6de,event_87669d9d8724621f,HAS_EVENT,38,rel_4f60b3e9fccfa776
journey_030939ca762232fd,event_b928c7b8f9dba3b5,HAS_EVENT,4,rel_4f6b29b3df931c39
journey_0555f5ac40a4470e,event_a5f47675b1e2d24a,HAS_EVENT,1,rel_4f6bdfd471f80759
journey_0da21e8a747a548d,event_fdb7eef5c736718b,HAS_EVENT,3,rel_4fce649a19e77a25
journey_054c7fec5bfaf41f,event_50cab32187f9f603,HAS_EVENT,4,rel_4fdf23ffad00f26e
journey_0820a2dc706a50d8,event_13724178936d1afa,HAS_EVENT,3,rel_4fe57fdcdf4b222c
journey_040946f7bde6e067,event_8e136dacd333150b,HAS_EVENT,4,rel_500abbb537bf70dd
journey_07b1f7a663ad3a46,event_03b5aa20aed4f3a9,HAS_EVENT,3,rel_500d4850a1b67b23
journey_054c7fec5bfaf41f,event_15b386f5099482cb,HAS_EVENT,6,rel_5021041563df345d
journey_0942ba5c20a03a2e,event_4cb6b9f99d7c9d1a,HAS_EVENT,27,rel_5027511bdf6cfafe
journey_0ec45cabe96ab4b8,event_663d6d32881886a9,HAS_EVENT,15,rel_5035d5129646d27d
journey_043636a6b432d26f,event_6d5bfe19ae155146,HAS_EVENT,2,rel_503b5ddb1d07f15b
journey_077d747141a3a710,event_fed5e16816512c02,HAS_EVENT,20,rel_5051e6f017d8fa79
journey_035f8a20498c5209,event_dd40c747d4560556,HAS_EVENT,5,rel_5058d9a3bc308ee3
journey_0652646fbcd1933f,event_eb6e9158d4e902c4,HAS_EVENT,47,rel_50784cce7ee775dd
journey_04d59893e6ea1a66,event_7e340e0d033f78e5,HAS_EVENT,5,rel_509fa5e22cb707ee
journey_0bc084d887aeea67,event_7f090d2d5424c875,HAS_EVENT,6,rel_50b7e5178f4441ce
journey_0f3e75273b110030,event_da7b3ea333531f42,HAS_EVENT,5,rel_50db923118e960d7
journey_05765f79c7ee5bd8,event_cd56c450071627ab,HAS_EVENT,22,rel_5120062776c6acd8
journey_0a37552faf7934af,event_5262c3494a55bc91,HAS_EVENT,4,rel_512d064e59d0e4a8
journey_076a67055c35b09b,event_935b0197e75a9565,HAS_EVENT,16,rel_51314b6b5057c9d4
journey_0bbac249810914a1,event_f33ca8905257fd0b,HAS_EVENT,10,rel_513a3fd31697ccab
journey_0c4a656a8f10c5b9,event_2121998a1991e966,HAS_EVENT,16,rel_514f089287fa91e8
journey_01efead88e502d57,event_e8af8a997c919bff,HAS_EVENT,10,rel_5168c2cdffebd444
journey_0c723e653015be88,event_a86fc2e69d35fb9f,HAS_EVENT,17,rel_51726220aa45bc8b
journey_08a1075ffc45f65d,event_3d3b33c59d5c2a54,HAS_EVENT,18,rel_519a9cba662701b5
journey_008ec6a703240121,event_ba4769eb34beaaf1,HAS_EVENT,6,rel_51b380825b62ae7b
journey_0459030549498c87,event_ab98869569d156ca,HAS_EVENT,2,rel_51c511a51151f4bb
journey_077d747141a3a710,event_118475def5426aac,HAS_EVENT,24,rel_521a67f8a9f15021
journey_0652646fbcd1933f,event_321ce973db56394b,HAS_EVENT,55,rel_52235c576a09570e
journey_07c98ab09702ef77,event_5a787e49e049f78e,HAS_EVENT,14,rel_52389f7952202459
journey_04cdd87cbada456b,event_aeaf9f3e4530df77,HAS_EVENT,41,rel_523d08b8e9217f80
journey_0b5a8a3698ef0883,event_c3c06d75c4fc3362,HAS_EVENT,13,rel_526e23a9fe288375
journey_09f65329edb82ae6,event_292f3c689a3852bc,HAS_EVENT,2,rel_52c548aa55e1dd27
journey_06fd4821ad7c8317,event_1e694efd709479c4,HAS_EVENT,1,rel_530b9b6dd28731a0
journey_0eff376525816688,event_f0ee2cbd7fef3b49,HAS_EVENT,2,rel_530bbdf673c397a3
journey_0084364b888cebbe,event_6c0650d0902f9d53,HAS_EVENT,4,rel_530e37ea2ddbd890
journey_055a045d7a3279bd,event_bc3cce13b9ec31ee,HAS_EVENT,11,rel_5339f48f18d387d4
journey_008ec6a703240121,event_acd6d32164a46ffc,HAS_EVENT,9,rel_5342d484a70a7c3c
journey_0438160eb69f5417,event_37385369efab162d,HAS_EVENT,23,rel_534d3488f5d3e9ff
journey_077d747141a3a710,event_484cd0d8bcb3545b,HAS_EVENT,10,rel_536aab2258b0822a
journey_04497cc2869fac53,event_a89c73880584f7fc,HAS_EVENT,11,rel_537ac2360658517f
journey_01f39b6b07110387,event_08ca141a65de17c5,HAS_EVENT,4,rel_538ea6c2535cb833
journey_05a1f378fbcfdf36,event_825a5d276da86683,HAS_EVENT,7,rel_5393ae75a4b84fa3
journey_0954febf7336cab6,event_ffb2806c2ab2d4d6,HAS_EVENT,27,rel_539ba60c146c419e
journey_04638941087939af,event_9257683edd6ed738,HAS_EVENT,14,rel_53a61d7eccfb5eb3
journey_015c3ce384a11c60,event_c7a46915e3bf0406,HAS_EVENT,18,rel_53c6e92446b28ab8
journey_0c4a656a8f10c5b9,event_481c2ad20c9137ab,HAS_EVENT,8,rel_53e5cb404e5bb162
journey_00dc41bfddce21b7,event_13ee83e9db765552,HAS_EVENT,26,rel_53fa8ecbd6f61d49
journey_07c98ab09702ef77,event_45b814bf0272d8aa,HAS_EVENT,4,rel_543142f4940d4339
journey_0c4a656a8f10c5b9,event_2d67ee7ee5a7969d,HAS_EVENT,12,rel_54391a2821e02375
journey_07abf0d8317d9e3a,event_eda0c6e3f03df9ea,HAS_EVENT,2,rel_5480b186b6ca2bab
journey_0b5a8a3698ef0883,event_dc08389b8e359479,HAS_EVENT,51,rel_54837bc41f4b7096
journey_086941e4b7679b30,event_86a4ac553dad248b,HAS_EVENT,20,rel_548b45b8195bbb3e
journey_0e6f3bfb0ab3e32d,event_ad8c9b0a2f16e649,HAS_EVENT,9,rel_54b1c88c8663e1f5
journey_0c36a03616fe39a6,event_d8e9cf45b6f282ac,HAS_EVENT,14,rel_54e27885a4fd73b6
journey_02c764e2db4a2a8d,event_f64a8b43fad96788,HAS_EVENT,14,rel_54fd6ade75de44b8
journey_0d199d7f042cb826,event_388bbf6bf5756ab8,HAS_EVENT,2,rel_5537a57ab41f58f5
journey_0555f5ac40a4470e,event_d58e489d05ef1e54,HAS_EVENT,3,rel_553c629a0e030e9b
journey_008f06b5bc8e6b18,event_079ac0d12e7e5d85,HAS_EVENT,4,rel_55636ad74d3de01e
journey_05765f79c7ee5bd8,event_fb0b53e2e6d119d3,HAS_EVENT,8,rel_556812386a2d0b2c
journey_043636a6b432d26f,event_f513be4397d13bcb,HAS_EVENT,17,rel_558fe27407fd94c3
journey_0ec45cabe96ab4b8,event_9cca79e1738530f1,HAS_EVENT,21,rel_559b0c58abcd036d
journey_0c17acf4574589a6,event_f0daa1ff1a59a26d,HAS_EVENT,3,rel_55a0e9b259fcae82
journey_04cdd87cbada456b,event_6d14c824e9a66dc0,HAS_EVENT,27,rel_55e34f6c00d7827c
journey_05ff06973ad8c20a,event_bd2dac267fd00aa8,HAS_EVENT,2,rel_55eaf45608846fed
journey_031a7455db84745e,event_7675e97e1d276c88,HAS_EVENT,6,rel_560710bda38675e8
journey_044de88c2ee5e5d0,event_5424261c787200a0,HAS_EVENT,14,rel_56161364dd8148f4
journey_0c53019463fc52a9,event_b9fb743bc946e27e,HAS_EVENT,5,rel_562a70f3fd91a2f2
journey_08a1075ffc45f65d,event_0facbd902e946ea0,HAS_EVENT,21,rel_564c3800f2693e15
journey_07b1f7a663ad3a46,event_6e9057e865e67ef9,HAS_EVENT,2,rel_565da6120e25018d
journey_07bd3aa6883b0d24,event_5bafed6365216d75,HAS_EVENT,12,rel_56637501948533c8
journey_0006943c33455cf9,event_e85a82f11756ed33,HAS_EVENT,4,rel_566b2c087dfc481e
journey_07342d1810a9c1a9,event_2c88d17aa1eb4724,HAS_EVENT,1,rel_5672f1838bc8226b
journey_0d8c36fdaba8f53f,event_d9c7166ae3c6f6e7,HAS_EVENT,2,rel_56949385b7544d0b
journey_0733bb459e76009e,event_0e57237152306a4e,HAS_EVENT,3,rel_56a139ffc306115c
journey_04aa962e5d2899ee,event_ea232f26dba7e4ae,HAS_EVENT,6,rel_56a5f78d92769574
journey_07c98ab09702ef77,event_4b0929b47b4c0f35,HAS_EVENT,8,rel_56aa70b610c1f904
journey_00dc41bfddce21b7,event_05dfa0196aeff7a5,HAS_EVENT,29,rel_56cc794eafd66221
journey_0b7b5532b5f853c4,event_3129a92ef5587360,HAS_EVENT,3,rel_56d94fa6f5cff7e4
journey_005de666633f65f1,event_9e2ff5f6ebc9a35f,HAS_EVENT,18,rel_5713aaf002e59a27
journey_0631e25e54c5ba92,event_3b917e61f837f511,HAS_EVENT,2,rel_572261b11e00b87a
journey_0318dac2b74f2020,event_ac1b01ceca2d314f,HAS_EVENT,7,rel_5722880a9712deea
journey_0b51d38476686c9c,event_ea8a733e3404fb55,HAS_EVENT,3,rel_57299305d6271023
journey_055a045d7a3279bd,event_e041332b6cf75d20,HAS_EVENT,8,rel_574b4ad2ab65ff1c
journey_035d618fe4abb46a,event_79e1505f2fe6bba3,HAS_EVENT,4,rel_577b91ae323d94ea
journey_008ec6a703240121,event_f6beaaa6831207ad,HAS_EVENT,12,rel_57956a9ba7774511
journey_0718d82cde80d5e6,event_ef9c3c8e27c3b08c,HAS_EVENT,12,rel_57b53a70ec4797c7
journey_0718d82cde80d5e6,event_c77e9c0c924c5b02,HAS_EVENT,11,rel_57c471ac6f327f80
journey_08ff3ccefa383f46,event_5d04fc270625f036,HAS_EVENT,12,rel_57fb5f198d5da88d
journey_02c764e2db4a2a8d,event_f9c1be8f3257f0c1,HAS_EVENT,6,rel_5803699d05627ace
journey_08a1075ffc45f65d,event_6d4f57dd734251a3,HAS_EVENT,23,rel_5820431374c57998
journey_0954febf7336cab6,event_7b98446ba3f38833,HAS_EVENT,28,rel_5829ee891616687b
journey_086941e4b7679b30,event_fe831b8274f3039a,HAS_EVENT,1,rel_584023807f8f3848
journey_0b5a8a3698ef0883,event_c502c82d3c367731,HAS_EVENT,7,rel_585220677d642190
journey_0631e25e54c5ba92,event_5e73853ba31f80cc,HAS_EVENT,4,rel_58a538e783c24ac0
journey_0318dac2b74f2020,event_15928f616a6a0aac,HAS_EVENT,3,rel_58a9b9d02151647b
journey_0c4a656a8f10c5b9,event_04721386849b6079,HAS_EVENT,1,rel_58ad353a1786526b
journey_0718d82cde80d5e6,event_3bafdd8efea952f2,HAS_EVENT,7,rel_58c72885538050c5
journey_0ec45cabe96ab4b8,event_2a7663dbb6935314,HAS_EVENT,10,rel_58ce6e92baa1ba5d
journey_0d9e89219b70bafa,event_499021950012e572,HAS_EVENT,2,rel_58dc2f041bb81a62
journey_0ac5131d9280f3a1,event_305e2fa7a8826b81,HAS_EVENT,7,rel_592c38ba603a0aa2
journey_0eb9e86e97f7842f,event_d8cdbafe98f5f7eb,HAS_EVENT,3,rel_59367a4c8f0ad8ef
journey_0bbac249810914a1,event_efac9b737980e84a,HAS_EVENT,16,rel_593e1ee836ef31cf
journey_0c723e653015be88,event_001174ba3bb67513,HAS_EVENT,24,rel_594214a3c21d9b3a
journey_0b462c3434f4bb58,event_9a1262d98cd55f6e,HAS_EVENT,11,rel_5983f0a3aba79671
journey_0c53019463fc52a9,event_72a94ad76302589f,HAS_EVENT,2,rel_59ac7f83f06d5b14
journey_0d199d7f042cb826,event_fe9b367ccf996bdb,HAS_EVENT,3,rel_59d9199051642961
journey_055a045d7a3279bd,event_94be53dd86cb1b8c,HAS_EVENT,9,rel_59df952f3c4b9d5b
journey_0eb920b51a663852,event_d1488cafc373620f,HAS_EVENT,12,rel_59e70905b7c2fb13
journey_022b66dce02052b0,event_45f618409bb15851,HAS_EVENT,19,rel_59e8e1e4013a6e86
journey_0363d2066f943ad0,event_f92a7205aab44d61,HAS_EVENT,2,rel_5a0098b6ec367017
journey_0b5a8a3698ef0883,event_2d25bbb206be04fd,HAS_EVENT,10,rel_5a34cb5a68f20ceb
journey_04d59893e6ea1a66,event_ddfce44ab0a0d5a1,HAS_EVENT,6,rel_5a3d14919f3e7077
journey_01f39b6b07110387,event_16c3efde67122510,HAS_EVENT,3,rel_5a5a09448bafbf28
journey_0954febf7336cab6,event_5b7390f970b03bd4,HAS_EVENT,10,rel_5a695282d53c2cbb
journey_0901904ee565d5ef,event_9a6d226265a96840,HAS_EVENT,22,rel_5a6a320ef4f4c78f
journey_06a12381ff961959,event_fbe86412c1c1a594,HAS_EVENT,3,rel_5a94a22c72849fe3
journey_005de666633f65f1,event_0c24b13da90763a7,HAS_EVENT,12,rel_5a9a75adae0cba0b
journey_0901904ee565d5ef,event_53e8c06112535f27,HAS_EVENT,11,rel_5aa19e60e0dfd39e
journey_0ec968dd6e7f114d,event_e9083309b16a20e4,HAS_EVENT,2,rel_5ab37eff4d15c5dc
journey_04cdd87cbada456b,event_a09b9e3176d19307,HAS_EVENT,5,rel_5ae0390a92c94afb
journey_0459030549498c87,event_e07d8ebed90fe25b,HAS_EVENT,1,rel_5af414d31438f4c2
journey_0c6f4b461a167694,event_0736eb8f2ea0440a,HAS_EVENT,3,rel_5afa7a0659ad5b38
journey_039964ccc99d0f5e,event_2e2e3e3e19c57f8a,HAS_EVENT,2,rel_5afd242c50934afe
journey_0eb920b51a663852,event_090b28a796a9046b,HAS_EVENT,6,rel_5b22434eb4408545
journey_0a3397d6eb8292b0,event_80b3bad67d008985,HAS_EVENT,3,rel_5b2ccc1aebc9a971
journey_02c937dfc1d9002d,event_a4685bc8da661e0b,HAS_EVENT,8,rel_5b4aa56b62c72901
journey_0eff376525816688,event_2208edaf71f5683d,HAS_EVENT,7,rel_5b6a28a40955c32f
journey_0eb920b51a663852,event_81aca6e12cc528d3,HAS_EVENT,2,rel_5b7e38e61f139cba
journey_076a67055c35b09b,event_6b98e77ca77a2bf0,HAS_EVENT,19,rel_5b8755d4279c48f7
journey_0255b5dd845e6f52,event_6842f562f0a79834,HAS_EVENT,8,rel_5b9bb5f728cd0457
journey_0954febf7336cab6,event_d76d0bc69a478824,HAS_EVENT,19,rel_5c0f1592e1b0f031
journey_077d747141a3a710,event_8495f99bf6506560,HAS_EVENT,3,rel_5c19f159797e9cbc
journey_09eff3cd5d755e39,event_62c4ed7ac97c16f4,HAS_EVENT,1,rel_5c3838794db6f595
journey_0ae7e8fa209fa26e,event_f626ce6234cae43c,HAS_EVENT,7,rel_5c4ced154a930c1a
journey_086f2c65ad54008d,event_466d584179262810,HAS_EVENT,17,rel_5c610453f5d50e9a
journey_0c17acf4574589a6,event_5e4435b334cfa0fe,HAS_EVENT,11,rel_5c95931c604db735
journey_00dc41bfddce21b7,event_d008aa4cc38fb27f,HAS_EVENT,20,rel_5ca4c958c147d295
journey_00f55569e6f9d700,event_27e20fedaedc9fbf,HAS_EVENT,3,rel_5caaded51c0839d3
journey_086f2c65ad54008d,event_b4048c7e07faa860,HAS_EVENT,23,rel_5caeb0983a50cb42
journey_06c7963d75ee772d,event_f80b48e8b552eb67,HAS_EVENT,1,rel_5ce9b140ca531296
journey_031cb56bd035e0e2,event_a5fcc494c8d5eb9e,HAS_EVENT,5,rel_5d1f4eba0cb0c85f
journey_040946f7bde6e067,event_cf9ccf91ba790e42,HAS_EVENT,12,rel_5d21ddc7c73a3551
journey_08a1075ffc45f65d,event_5f95b5ffd73ab0ef,HAS_EVENT,12,rel_5d26bc96a25202f3
journey_005de666633f65f1,event_66bbef870d70d375,HAS_EVENT,13,rel_5d33ea98287eae18
journey_007ffb4bb432b6f3,event_efa5928ba3557358,HAS_EVENT,7,rel_5d6a111f739aee3e
journey_0ec968dd6e7f114d,event_e8468e60e8adb446,HAS_EVENT,4,rel_5d7a736be6456bb0
journey_00f55569e6f9d700,event_370a241714f15b72,HAS_EVENT,6,rel_5d7b095da922650f
journey_0c17acf4574589a6,event_189bc512d5eff48c,HAS_EVENT,1,rel_5d8a7ee4e678a536
journey_008ec6a703240121,event_a585733437bb471e,HAS_EVENT,5,rel_5d8a80bf348b9e00
journey_08e7ff87651e6561,event_78a90fb4f8f3eeb6,HAS_EVENT,5,rel_5db72549a272e9a9
journey_08a1075ffc45f65d,event_d0b2735301e3634f,HAS_EVENT,13,rel_5dbc7c23c58fccd8
journey_0eff376525816688,event_cbfa1b498c4089da,HAS_EVENT,5,rel_5de5e0be23f40ff8
journey_0a39b3e5bdd6f593,event_df8f856c542705d8,HAS_EVENT,4,rel_5dec28ca4f73235b
journey_0c17acf4574589a6,event_e5c8b74cd72d1148,HAS_EVENT,5,rel_5e0a6762de50ac9d
journey_0942ba5c20a03a2e,event_b303e285fe597c9a,HAS_EVENT,9,rel_5e1b5a04969a0c86
journey_076a67055c35b09b,event_de61ee3ff799838b,HAS_EVENT,8,rel_5e3b4bf66df1ddac
journey_0977c7cde828fef7,event_568d45f637be0e74,HAS_EVENT,3,rel_5e520009c885212b
journey_0c723e653015be88,event_4c8b828bc7e31d14,HAS_EVENT,11,rel_5e7006fd69ac4ae5
journey_020470103155b640,event_180398eb6d929bf1,HAS_EVENT,4,rel_5e7604551b1f4d8b
journey_04cdd87cbada456b,event_3da22435a9f4e4ae,HAS_EVENT,28,rel_5e78feaef4ff5094
journey_094f54d72d7a3f6e,event_74b87982588a04d3,HAS_EVENT,4,rel_5e7f70b94cb37571
journey_0ee645ef98dfd79f,event_8203e5deb623ae83,HAS_EVENT,4,rel_5e82e650425b51f9
journey_05066a91b8a2cf7f,event_51134750c3e43a63,HAS_EVENT,3,rel_5ea61c63e8ceff7e
journey_0c723e653015be88,event_00eb9a1c7192a178,HAS_EVENT,23,rel_5ea9f50eee6f364c
journey_0006943c33455cf9,event_c8508c1ffd74d916,HAS_EVENT,6,rel_5eb23862b8266a4d
journey_07a38ead4ed81eae,event_846b0013316c480a,HAS_EVENT,13,rel_5eb46dc707b4a082
journey_00e84d6047546261,event_4f823ba3ff124f73,HAS_EVENT,10,rel_5edeb3ac96964ec4
journey_09efa9b84e191606,event_7ff52768b87affe4,HAS_EVENT,5,rel_5ee114857e80bdff
journey_07a38ead4ed81eae,event_87414fd137d054ae,HAS_EVENT,15,rel_5f1002ca4220b099
journey_005de666633f65f1,event_f08cf39fca3fffc7,HAS_EVENT,9,rel_5f18fe30555a99e2
journey_00f55569e6f9d700,event_33da98047f090f33,HAS_EVENT,4,rel_5f31be549eeb5611
journey_08009c264647a155,event_ca279814225a8b09,HAS_EVENT,8,rel_5f38698959b63bd7
journey_04229c66d6d4e062,event_f66102f57862891c,HAS_EVENT,9,rel_5f486aaab6caaa59
journey_0cf0a030f4843bbd,event_78b2403f50ac1062,HAS_EVENT,1,rel_5f58b920a97dda39
journey_05ff06973ad8c20a,event_e7359411fd7855fe,HAS_EVENT,3,rel_5f8a03b8d3d68628
journey_0ec968dd6e7f114d,event_d189db6a5a96e997,HAS_EVENT,9,rel_5f91fc329ec4edba
journey_0652646fbcd1933f,event_36b2ba222853fca3,HAS_EVENT,46,rel_5fa60bfb6af59961
journey_0c36a03616fe39a6,event_d974594bea9d241c,HAS_EVENT,11,rel_5fd3eb9504d88f1b
journey_00dc41bfddce21b7,event_db0970dbaa5b2e6a,HAS_EVENT,31,rel_5fdf4e52f7bbaaa2
journey_06635fddb1dd2148,event_4347fa2769a9d89f,HAS_EVENT,11,rel_6027fdd06bd37806
journey_01efead88e502d57,event_4b2311591a69f50f,HAS_EVENT,14,rel_603d5af80274ebaf
journey_07bd3aa6883b0d24,event_bcfcbfcbeef544c7,HAS_EVENT,31,rel_606e8561846727b0
journey_00dc41bfddce21b7,event_ce3bbd21048f755c,HAS_EVENT,8,rel_609e06c977b046af
journey_02f38ab7b5b4fd53,event_96763accf730e8ae,HAS_EVENT,3,rel_60b2382a9608f481
journey_0555f5ac40a4470e,event_ed8811dcd3771dc2,HAS_EVENT,5,rel_60d04c874d6f99e5
journey_04e76f150912f80a,event_7ab833a6da09a513,HAS_EVENT,16,rel_60d69f4c620e6ab9
journey_07342d1810a9c1a9,event_e2c31cddd5af42c0,HAS_EVENT,13,rel_60db0fb14d81978d
journey_04638941087939af,event_6c86f57b260075c9,HAS_EVENT,17,rel_60e7603ece300ba4
journey_03725156b34d8490,event_9a39aab4b34a54b6,HAS_EVENT,1,rel_60f10f429bc1db00
journey_077d1881bf5e72bc,event_4663478516dd51b5,HAS_EVENT,20,rel_60fb18638318a0ca
journey_0d9e89219b70bafa,event_4ef38e4af936b0e8,HAS_EVENT,4,rel_6101b5024942f03c
journey_07287e0df52ff44d,event_d1c3de83b29bd025,HAS_EVENT,1,rel_610532a26dcea355
journey_043636a6b432d26f,event_75f862cc03ee01f7,HAS_EVENT,4,rel_611e2a632c0971dd
journey_05765f79c7ee5bd8,event_b8b9c0b93ce2d132,HAS_EVENT,15,rel_613df22415c5338e
journey_010f675f34e9ad85,event_605000b9b8967e71,HAS_EVENT,24,rel_6140ce863e644847
journey_0863dc6898eed3b2,event_423eeb3a67f77750,HAS_EVENT,6,rel_61477650fac55edd
journey_07bd3aa6883b0d24,event_2f27244ba6f1fe0b,HAS_EVENT,29,rel_616129c71ba1b626
journey_0bb8e075fa5517f3,event_3c0e137b69bf2cda,HAS_EVENT,4,rel_6176881b63b9de58
journey_05765f79c7ee5bd8,event_ecdf30a89fb4e3c5,HAS_EVENT,4,rel_6182a45b637b2d7b
journey_097df6fe8cc5e866,event_c34ac9bb084dec98,HAS_EVENT,4,rel_61aa36e0bd95fa09
journey_0e2afd2af3af5d9b,event_67c0ada2c864865e,HAS_EVENT,2,rel_61afb704d668b039
journey_06bf978ade373c1c,event_a2e518b3c389cc82,HAS_EVENT,2,rel_61b5e596fd79470f
journey_04aa962e5d2899ee,event_ec6daa56c3fb356b,HAS_EVENT,9,rel_622b1cbf3f694802
journey_037788f520c9416e,event_51125e04f9143f89,HAS_EVENT,17,rel_623d4d94ffce99a8
journey_02c937dfc1d9002d,event_88ecd8875ed24189,HAS_EVENT,15,rel_627081fecbd28023
journey_04aa962e5d2899ee,event_e67235c843b9ddff,HAS_EVENT,8,rel_6276c4c656b98b39
journey_04b1b98ccd932b64,event_a1657c1d52e652b0,HAS_EVENT,2,rel_627bc94b009684a6
journey_0863dc6898eed3b2,event_23909d224f063653,HAS_EVENT,4,rel_6287cb21bbfea849
journey_02c937dfc1d9002d,event_181a87f7d1f1a2ba,HAS_EVENT,17,rel_62881eba1c94b6b0
journey_0e891b170a6278b3,event_00fef5be58fb8db5,HAS_EVENT,4,rel_62942d5483ccb5d4
journey_023d2c2f4e1e85bc,event_29c4c24c67de91d6,HAS_EVENT,1,rel_62ab9efb7881102b
journey_02c937dfc1d9002d,event_b6fa85359ac9d716,HAS_EVENT,12,rel_62c81e7966e84b9a
journey_08fe51e3f898596b,event_3e9a7e1846fc4a20,HAS_EVENT,1,rel_62cf774f9a73b0f5
journey_0718d82cde80d5e6,event_dbf3ce8eb537be79,HAS_EVENT,5,rel_62d866450c97bf2f
journey_03e458ba2b6d0c00,event_97e39fab2e855556,HAS_EVENT,1,rel_63077b8121ba070e
journey_07c98ab09702ef77,event_10bf55ac3fe2404f,HAS_EVENT,27,rel_631aa87f6ddf6676
journey_08a1075ffc45f65d,event_d0b56f516e3b9ff3,HAS_EVENT,14,rel_635516990d19218a
journey_0eb9e86e97f7842f,event_49b29f497fd02c2c,HAS_EVENT,8,rel_63843b5f15e263f3
journey_0ac2075c25a38823,event_70cdeba2ccc0a2ce,HAS_EVENT,5,rel_640b3cbefef0ff77
journey_0d199d7f042cb826,event_a885a8842148fa0f,HAS_EVENT,1,rel_641603df9c1046fe
journey_0eff376525816688,event_2d6a6e639f257d47,HAS_EVENT,6,rel_6417eeabd420eea2
journey_07bd3aa6883b0d24,event_496984527e2ee83e,HAS_EVENT,26,rel_6478d515f12e4969
journey_055a045d7a3279bd,event_70ca510b9cc2732f,HAS_EVENT,4,rel_649751bcc74fc957
journey_07bd3aa6883b0d24,event_71d184de3298b5b3,HAS_EVENT,24,rel_64b1ac4a23c3c022
journey_03ede6f35b7b3aa5,event_8ee846eef871f510,HAS_EVENT,10,rel_64eb3b83ae58bd04
journey_0555f5ac40a4470e,event_e9dbd0f53b56f8e0,HAS_EVENT,8,rel_650745c62434b363
journey_0652646fbcd1933f,event_a7e165681e808607,HAS_EVENT,5,rel_6536a0de8ec8403f
journey_09f65329edb82ae6,event_7495bda229f2a5d4,HAS_EVENT,18,rel_65407acd4f578456
journey_0c6f4b461a167694,event_2ab6848d51c2dcd3,HAS_EVENT,1,rel_65627e71695527bc
journey_0ec45cabe96ab4b8,event_4e52165bb978f76f,HAS_EVENT,42,rel_6566a3a6b09b77b5
journey_0a6d048eb5cbb6de,event_7cb5b9eb4ccce472,HAS_EVENT,37,rel_6598418b0aa8b41c
journey_04638941087939af,event_0c9cee60e48933e9,HAS_EVENT,3,rel_659cb5774c45bf91
journey_04d59893e6ea1a66,event_da5249023adae464,HAS_EVENT,4,rel_65b7799bdf73c8f1
journey_02f38ab7b5b4fd53,event_ae37e8a4de9d6882,HAS_EVENT,1,rel_65f4fa44ceff3812
journey_08e7ff87651e6561,event_dc8b775046aa2d64,HAS_EVENT,11,rel_65fc7bb5280cc201
journey_0200246993a4e940,event_aa32f9817538c0b2,HAS_EVENT,2,rel_662e85796e06b7bb
journey_010f675f34e9ad85,event_0b595a7b7180b2e3,HAS_EVENT,22,rel_66327f5d1ff0a017
journey_0bc084d887aeea67,event_449cee0061b32c42,HAS_EVENT,4,rel_667ed0580cd65990
journey_0b136d777ddf1844,event_faec4ce2f701d680,HAS_EVENT,2,rel_669f2d21278280bb
journey_0200246993a4e940,event_90ce9fc3c58e822e,HAS_EVENT,9,rel_66a30995057a0842
journey_0bbac249810914a1,event_8bad6d6d69859e71,HAS_EVENT,9,rel_66a5e9fd2ee9fd3c
journey_0bbac249810914a1,event_efebc83e1d546398,HAS_EVENT,11,rel_66f338066366f57c
journey_03d5f30098f68b7c,event_ae4c4a24b065b7ff,HAS_EVENT,9,rel_66f72a227e5a448d
journey_0901904ee565d5ef,event_b11e9ba27bad4628,HAS_EVENT,24,rel_67277c9072d5aedb
journey_08a1075ffc45f65d,event_4ce3da3c8dee5e78,HAS_EVENT,3,rel_674aa22f9f390fb5
journey_04638941087939af,event_48cac6e5cbf128eb,HAS_EVENT,11,rel_674f1ceb41c6faeb
journey_02c764e2db4a2a8d,event_658532fd8834083f,HAS_EVENT,1,rel_67792fec3e236267
journey_01b7c59b95a3ab8c,event_157c9c4d84802e88,HAS_EVENT,2,rel_67802290610806ad
journey_043636a6b432d26f,event_65bd75ba0ceba3ab,HAS_EVENT,11,rel_678af37c3b39b207
journey_04229c66d6d4e062,event_003b000406078baf,HAS_EVENT,27,rel_67da354f9a55c363
journey_0018fb0aebfc5760,event_fa4fa89e84c6f197,HAS_EVENT,9,rel_67f9db8e02d8faf9
journey_0863dc6898eed3b2,event_0ede9190411fdbf6,HAS_EVENT,16,rel_67fe124dd7eb5ec0
journey_02c764e2db4a2a8d,event_2d1e3eda9e41897e,HAS_EVENT,19,rel_6800660113f949f1
journey_0735a404d59135f6,event_08699d87acbae360,HAS_EVENT,4,rel_683c1d1adb37abcb
journey_0e6f3bfb0ab3e32d,event_29d7007fb0f999d4,HAS_EVENT,8,rel_6850cd49f672e913
journey_0eff376525816688,event_27787571f2c4c59e,HAS_EVENT,4,rel_686a7e4c3c93f124
journey_0a9c365a85275b53,event_380b7f44fa1a021f,HAS_EVENT,3,rel_6880604569fe986a
journey_08e7ff87651e6561,event_48fd50446b9283ce,HAS_EVENT,9,rel_6885c9f4f0af0de2
journey_0b5a8a3698ef0883,event_d1a864cac3657558,HAS_EVENT,29,rel_68901837e7c976af
journey_0a6d048eb5cbb6de,event_d34f673675c8bd5d,HAS_EVENT,10,rel_6893b5602632e07c
journey_0652646fbcd1933f,event_544c972817df85f1,HAS_EVENT,45,rel_68a8655846909a66
journey_08cd90a94fd158a8,event_88c5ba5ac9684ef5,HAS_EVENT,8,rel_68b58d5b2179ba19
journey_08fe51e3f898596b,event_5ae43b9c30cd6b4a,HAS_EVENT,14,rel_68db42e1c637b857
journey_044c79a3817aaf34,event_1efe1251f8fa89b3,HAS_EVENT,6,rel_68dfac8e38ba5d78
journey_0de9557db36d9a8f,event_951fc688769d2c05,HAS_EVENT,6,rel_68e26c003fd5b11d
journey_0438160eb69f5417,event_5370ca72730ca889,HAS_EVENT,14,rel_691fe4850bb22943
journey_08009c264647a155,event_2f70b77db4db06bd,HAS_EVENT,11,rel_695baa8ef1525493
journey_0b678aae7e08da6a,event_6190bff94ee449bc,HAS_EVENT,2,rel_6965ad41ffca992f
journey_08e7ff87651e6561,event_20040fcde389416c,HAS_EVENT,1,rel_69752954b136a094
journey_0631e25e54c5ba92,event_61ae35e5d36fc6ae,HAS_EVENT,5,rel_69c80e82d43f3f98
journey_0cf2cc7025d27705,event_e101e05df146d763,HAS_EVENT,1,rel_69cfdd5ff5a31b96
journey_0ac5131d9280f3a1,event_01f7a5752121da0a,HAS_EVENT,1,rel_69f88c9cbf1fbe63
journey_07342d1810a9c1a9,event_12414e70ee6244de,HAS_EVENT,8,rel_6a02761b9213eba0
journey_0084364b888cebbe,event_d22cc29e57eb3fdb,HAS_EVENT,10,rel_6a27dffcd7d682c4
journey_07c98ab09702ef77,event_8684a6ba47f0f13f,HAS_EVENT,6,rel_6a2d321dc202e54c
journey_0a3397d6eb8292b0,event_91bdcdad37ae5088,HAS_EVENT,22,rel_6a48bd2545e8374e
journey_09f65329edb82ae6,event_62107269cf63dffc,HAS_EVENT,10,rel_6a5595269d9c7ed2
journey_00000224b6fef003,event_b134ee7ccfef9101,HAS_EVENT,2,rel_6a6384b749176ad5
journey_0255b5dd845e6f52,event_b97235be18d19d53,HAS_EVENT,2,rel_6a7ee20cf61a0feb
journey_0942ba5c20a03a2e,event_051b06c30ed370e8,HAS_EVENT,11,rel_6a83f1d76141a50a
journey_04e76f150912f80a,event_d260d7580aa8488f,HAS_EVENT,8,rel_6a8ae3ce0fd0c336
journey_04e76f150912f80a,event_556f930efa79714b,HAS_EVENT,2,rel_6aafc9c075e735cf
journey_015c3ce384a11c60,event_f4cefaec2f2594bc,HAS_EVENT,20,rel_6aba3a9835a2fab2
journey_0124675a73fec123,event_6d13c64207cdc852,HAS_EVENT,1,rel_6ac115d709284f6e
journey_085453478c92b5d3,event_1bd5fe4918e27470,HAS_EVENT,4,rel_6ac645c2724324b8
journey_031a7455db84745e,event_8c035186786cc69e,HAS_EVENT,18,rel_6acf14fa78e8b4ea
journey_055a045d7a3279bd,event_227896aeeb32ada1,HAS_EVENT,2,rel_6af35949c5079063
journey_04cdd87cbada456b,event_8dcb9cc78299ebd1,HAS_EVENT,18,rel_6af511e3cb0018e5
journey_06cdffba90bb4221,event_94a0d58862d4451b,HAS_EVENT,4,rel_6b155c2db928b76b
journey_0c723e653015be88,event_f4f8a5bc1611d3f4,HAS_EVENT,15,rel_6b1b731d1c206f37
journey_0a3397d6eb8292b0,event_36a14aebfeed4a6c,HAS_EVENT,15,rel_6b40bdcaba30f383
journey_07bd3aa6883b0d24,event_e9e5b6e9cff5532a,HAS_EVENT,4,rel_6b45794f96d49f4b
journey_08009c264647a155,event_695cd6790e5d6510,HAS_EVENT,17,rel_6b484a617809b38b
journey_016e631ad76203ee,event_50dd1279d3ee154d,HAS_EVENT,11,rel_6b5e5ab849fa9d12
journey_04638941087939af,event_0e812c3080625d28,HAS_EVENT,4,rel_6b6354e1890761e4
journey_044de88c2ee5e5d0,event_cea1aa7da45bc17e,HAS_EVENT,10,rel_6b8a4e29502ee0c9
journey_005de666633f65f1,event_13b5eec8abff119a,HAS_EVENT,21,rel_6b8b5591f608ebb5
journey_04638941087939af,event_4055d706e6c016f4,HAS_EVENT,19,rel_6ba8fa2a4c3a9872
journey_04cdd87cbada456b,event_d95d52a311e849d1,HAS_EVENT,34,rel_6bdd54e56266d9f6
journey_0a1db03a1e1971e5,event_3dfdeb14777ff0a3,HAS_EVENT,3,rel_6be6779c328032af
journey_0652646fbcd1933f,event_4d8b2be93f33fdd7,HAS_EVENT,39,rel_6bf6cb00c3fa49c8
journey_0200246993a4e940,event_2ab519fa8482867d,HAS_EVENT,13,rel_6bfd145566e45d18
journey_01efead88e502d57,event_cb157ac3a3ccdc30,HAS_EVENT,7,rel_6c31d305681395ef
journey_08a1075ffc45f65d,event_2cc44f65f639753d,HAS_EVENT,6,rel_6c5877d13e978085
journey_005de666633f65f1,event_791fe9924f72a65a,HAS_EVENT,31,rel_6c6a33a6ad100986
journey_08a1075ffc45f65d,event_487f4120c824d2ae,HAS_EVENT,17,rel_6c83e696ae306d05
journey_0c723e653015be88,event_1453054d9fca3ef6,HAS_EVENT,3,rel_6c8c20a0e4f70a59
journey_03f63a8fd4e5f4b3,event_35ba65539e505a3c,HAS_EVENT,6,rel_6c900fe739adfa49
journey_034e6f00c1820253,event_1baa73978a306407,HAS_EVENT,5,rel_6cb590850cb0e5aa
journey_0a6d048eb5cbb6de,event_22c6de208aea5c4e,HAS_EVENT,15,rel_6cc887a0568ef993
journey_0a3397d6eb8292b0,event_bf7c41053640c9d1,HAS_EVENT,11,rel_6cdba8e7f170f47a
journey_035eafa35c9d5ed0,event_492c55af2005451d,HAS_EVENT,1,rel_6ce86fdcecd2b0ab
journey_05765f79c7ee5bd8,event_abbb5d7ff8f930dd,HAS_EVENT,24,rel_6d1be8784b3786ce
journey_0a39b3e5bdd6f593,event_417c297c706fea35,HAS_EVENT,11,rel_6d39374cba2d083d
journey_0a39b3e5bdd6f593,event_a8949d3d23b7e281,HAS_EVENT,1,rel_6d3e3d6af7316db8
journey_0ec45cabe96ab4b8,event_da808a9b07dcb6f8,HAS_EVENT,5,rel_6d54f76905eee0e3
journey_010f675f34e9ad85,event_bcf629ba792b0ae1,HAS_EVENT,20,rel_6d8817d961a26386
journey_0652646fbcd1933f,event_0e2cd246efc12b05,HAS_EVENT,56,rel_6da3c6a7ced8a342
journey_015c3ce384a11c60,event_89e2df1453e53962,HAS_EVENT,21,rel_6db6e23ef98653d7
journey_08009c264647a155,event_287d08a107bf5dae,HAS_EVENT,7,rel_6dce3fc2f637f697
journey_0bf20c049e0f269e,event_0cf573e4ed482cad,HAS_EVENT,1,rel_6de5e7050c056ccf
journey_0375f3ee411c44f1,event_c2d806f771d47428,HAS_EVENT,16,rel_6e037fe0da739b23
journey_04aa962e5d2899ee,event_01a8d76fd7e78d0d,HAS_EVENT,1,rel_6e095c600c77054b
journey_0a6d048eb5cbb6de,event_921af9ca5e3f4cd4,HAS_EVENT,12,rel_6e14637e34508cdd
journey_0006943c33455cf9,event_83aff28f6c4743ff,HAS_EVENT,11,rel_6e16f44c3181214c
journey_0438160eb69f5417,event_6da8dcd992b4354e,HAS_EVENT,7,rel_6e335a915030f935
journey_07342d1810a9c1a9,event_eacc784c7128fc3d,HAS_EVENT,24,rel_6e36e7b3d09a0a0b
journey_031a7455db84745e,event_2d22da7204ce9e9d,HAS_EVENT,21,rel_6e3f1c6da795c780
journey_054c7fec5bfaf41f,event_034ff5cda00383ce,HAS_EVENT,3,rel_6e4a073544336d4b
journey_01b7c59b95a3ab8c,event_2b5b0cc44d5db232,HAS_EVENT,1,rel_6e5101cb5615111e
journey_04cdd87cbada456b,event_1d605175affdfb9c,HAS_EVENT,17,rel_6e78f22788ed8481
journey_0a6d048eb5cbb6de,event_478e16aea41f18f6,HAS_EVENT,31,rel_6e7b053c27c9ea19
journey_04cdd87cbada456b,event_ea6c298dad361a18,HAS_EVENT,26,rel_6e81e5390f1128e6
journey_00dc41bfddce21b7,event_7037de9726265d05,HAS_EVENT,7,rel_6e8eafef16414ba6
journey_0942ba5c20a03a2e,event_0dc2a680f8455f22,HAS_EVENT,6,rel_6e90643f83ea2e4b
journey_0255b5dd845e6f52,event_31df35bc7d6d505f,HAS_EVENT,4,rel_6eae57651128415a
journey_016e631ad76203ee,event_27b8a2e90cd23d9c,HAS_EVENT,10,rel_6ebabf3795d58ddb
journey_086f2c65ad54008d,event_0c2bb142cd695661,HAS_EVENT,24,rel_6ecf50ec022b4965
journey_044c79a3817aaf34,event_bc0d96bd3d0c92ce,HAS_EVENT,2,rel_6edcba67898ab80f
journey_0318dac2b74f2020,event_f5d2d0c2e937b8c2,HAS_EVENT,4,rel_6ee0e9aec9fc1cc1
journey_0eff376525816688,event_6484c17bb3e9029b,HAS_EVENT,10,rel_6ee51a9d23addaaa
journey_03d5f30098f68b7c,event_04cfca30afa2f20e,HAS_EVENT,1,rel_6ef73860cdda79e3
journey_04e76f150912f80a,event_5586511de9289447,HAS_EVENT,25,rel_6f1cca054ddd26c5
journey_0f3e75273b110030,event_f33d66ecafa1d41d,HAS_EVENT,2,rel_6f2a4b06d9632371
journey_07bd3aa6883b0d24,event_1b611dd7b967cde2,HAS_EVENT,3,rel_6f503e844d4b4185
journey_007ffb4bb432b6f3,event_b6622ebb108186f4,HAS_EVENT,12,rel_6f5472ddc5007213
journey_044de88c2ee5e5d0,event_38259791e747adec,HAS_EVENT,2,rel_6f6ca3f3846cab0f
journey_04497cc2869fac53,event_687e1269fe658acd,HAS_EVENT,13,rel_6f6d1ed7cec4c542
journey_04d59893e6ea1a66,event_af5ec19edf6a3450,HAS_EVENT,18,rel_6f7c80f03230e41c
journey_0bc084d887aeea67,event_bc4218af787f3749,HAS_EVENT,3,rel_6f8ed8f184da7d6a
journey_037788f520c9416e,event_226e70e5f647d59c,HAS_EVENT,12,rel_6fb2d58e15533a1c
journey_005de666633f65f1,event_fe58e58f77cb6ff3,HAS_EVENT,33,rel_6fc5a57bba6baa8e
journey_0652646fbcd1933f,event_ec83868ca34c1754,HAS_EVENT,30,rel_6fcd220dc3b4de9a
journey_08e7ff87651e6561,event_7cbaaa936ad76a80,HAS_EVENT,10,rel_6fd001279cbf8c81
journey_02c764e2db4a2a8d,event_1c77dacbe2531266,HAS_EVENT,3,rel_6fdd69cbe1799281
journey_02c937dfc1d9002d,event_a64f4d7149067085,HAS_EVENT,9,rel_702c155eb9f90be4
journey_044de4c0361f201f,event_d2ee4c8ad1438c5a,HAS_EVENT,1,rel_704dc5ebf80c911a
journey_010f675f34e9ad85,event_ae3f4781085801b2,HAS_EVENT,33,rel_706d8a51bf49bb07
journey_0c36a03616fe39a6,event_4e516db0e9453e38,HAS_EVENT,34,rel_7071788f53c49577
journey_09d938e91c50505c,event_b6e63eabe27fb376,HAS_EVENT,6,rel_7077025dcc483335
journey_023d2c2f4e1e85bc,event_14851fbec1fb111a,HAS_EVENT,16,rel_707704381b789d55
journey_0e2afd2af3af5d9b,event_e29e086aadaee89a,HAS_EVENT,1,rel_707ef0110b46fa41
journey_059e7f507f4af0a0,event_dca72ea5bd514382,HAS_EVENT,1,rel_7086d8c11c3e4a0f
journey_077d1881bf5e72bc,event_ec0a24208179e06f,HAS_EVENT,15,rel_7098bb8bc450bc5b
journey_030939ca762232fd,event_b5d9adfe5ba8a7f1,HAS_EVENT,16,rel_70c8dfe385265d12
journey_02c937dfc1d9002d,event_8475df4eb7e73422,HAS_EVENT,13,rel_71461dd111994a09
journey_008ec6a703240121,event_8e2efb6c212a5e48,HAS_EVENT,1,rel_71585f44e96bcbe3
journey_04ea54419774d635,event_1db5df75860efb2f,HAS_EVENT,5,rel_716483b76341e8cf
journey_0ef8ede614ce9923,event_3467486216a2c1b4,HAS_EVENT,6,rel_7176745d24d5a8da
journey_0eff376525816688,event_579b385c2d2f5f15,HAS_EVENT,1,rel_71898e01b8be4564
journey_04e76f150912f80a,event_27b2ee8a068113dd,HAS_EVENT,27,rel_719866140a06edd8
journey_07c98ab09702ef77,event_fe3da362b8aebbe1,HAS_EVENT,31,rel_719998d74ad38fe2
journey_076a67055c35b09b,event_bc022398b00f6759,HAS_EVENT,12,rel_71a7d6843228455a
journey_07342d1810a9c1a9,event_224a84f7f04c90cd,HAS_EVENT,18,rel_71aed5831b06958f
journey_001fc5b974a7afed,event_f00d2e2b53a4f890,HAS_EVENT,2,rel_71b500e1ee13b3bf
journey_06635fddb1dd2148,event_5901964dfa9197fe,HAS_EVENT,12,rel_71cb093755e9f54b
journey_08fe51e3f898596b,event_27315acd7e287dee,HAS_EVENT,12,rel_71d671221c0bbad5
journey_0942ba5c20a03a2e,event_274b8036f5a1d4fb,HAS_EVENT,12,rel_71daaca9b39a13b5
journey_015c3ce384a11c60,event_f965694753e4bce7,HAS_EVENT,4,rel_722fcd191030d958
journey_0c723e653015be88,event_2c3f898455c831db,HAS_EVENT,2,rel_72578c023b038f69
journey_04229c66d6d4e062,event_1099f8ea4d3e0b10,HAS_EVENT,13,rel_7258ba078b06bde8
journey_0ac2075c25a38823,event_30c5b468745f694b,HAS_EVENT,10,rel_725fcf0f53f13a56
journey_082ca26559a17722,event_904aeab1e13bcb11,HAS_EVENT,1,rel_727350ef601a6bf1
journey_097df6fe8cc5e866,event_0702390092fb4f3d,HAS_EVENT,3,rel_72bd9405e099c59b
journey_0ac5131d9280f3a1,event_e2282d86e221f13e,HAS_EVENT,6,rel_72f0ac77448b93fb
journey_0438160eb69f5417,event_7e8cfec9a0aa6d54,HAS_EVENT,3,rel_731aaf18c846502c
journey_0c36a03616fe39a6,event_c68d6cb63370175e,HAS_EVENT,35,rel_73282e4b6fcaf912
journey_0ef8ede614ce9923,event_e6ffc57de772ac8c,HAS_EVENT,10,rel_734e8249181da319
journey_005de666633f65f1,event_e25d8cfcc8072841,HAS_EVENT,8,rel_73702ee1497941b6
journey_0ec45cabe96ab4b8,event_290920d9bb637af0,HAS_EVENT,34,rel_73742a10633d9ffc
journey_0a9f2cb4ac67a016,event_b07a05c561da3f1e,HAS_EVENT,2,rel_73a199460e365395
journey_0954febf7336cab6,event_16e72dff0895dbb9,HAS_EVENT,33,rel_73d4f0c0cf645f8b
journey_0eb920b51a663852,event_dc94ef2caed59263,HAS_EVENT,7,rel_73dd18a95fc85ff2
journey_0eff376525816688,event_8556b77a55e1a507,HAS_EVENT,14,rel_74269c178fd6dce3
journey_04cdd87cbada456b,event_807ed1679b8fe3d5,HAS_EVENT,10,rel_74393adb0b508339
journey_0d8c36fdaba8f53f,event_ff0b729b31184d30,HAS_EVENT,1,rel_746df8b755ad23bf
journey_0a6d048eb5cbb6de,event_115295b0b489af03,HAS_EVENT,4,rel_747761d560076052
journey_08799665e7ce25bb,event_5cf57384e912450d,HAS_EVENT,5,rel_74b17cd8f407bdb6
journey_0652646fbcd1933f,event_7448501aa42bf38b,HAS_EVENT,28,rel_74cf907d50bdbb35
journey_0bbac249810914a1,event_ef574fe51fcf1e7a,HAS_EVENT,1,rel_75235c506f132c86
journey_05bd4dfcf077d2f0,event_0582bbd32f6c0f0d,HAS_EVENT,1,rel_752f906b723ebb4a
journey_023d2c2f4e1e85bc,event_1e9a96aa19742ffd,HAS_EVENT,8,rel_7551bd861193152c
journey_06635fddb1dd2148,event_f4eab2766c14852b,HAS_EVENT,2,rel_75aaad9a9ac19f52
journey_02c937dfc1d9002d,event_19ffdf748e871566,HAS_EVENT,26,rel_75afa4dda4be4e95
journey_077d747141a3a710,event_3d1450ce0508b867,HAS_EVENT,13,rel_75e6a017e456fc3d
journey_0c723e653015be88,event_47a55b38bcb54902,HAS_EVENT,19,rel_75eef85285879b06
journey_0b462c3434f4bb58,event_300f8fbc083a37e7,HAS_EVENT,20,rel_75f5b9133faa4e23
journey_04497cc2869fac53,event_b38d2884f30fae6c,HAS_EVENT,3,rel_7622c952aabd0a9c
journey_0a6d048eb5cbb6de,event_02da9f81234afd20,HAS_EVENT,28,rel_76320430bca21fa1
journey_0ea24cb475d6ab8c,event_9ce8130a18b9f6d6,HAS_EVENT,2,rel_766b12f6755c1965
journey_0a37552faf7934af,event_2bcdd5fd19a16b39,HAS_EVENT,13,rel_7684f6dac910c4c0
journey_00000224b6fef003,event_af157729ba831d92,HAS_EVENT,1,rel_768ef376360af31f
journey_0d1aebd6f04115e7,event_4db3ab460852e040,HAS_EVENT,2,rel_76a0d67e31b06c12
journey_0555f5ac40a4470e,event_18dea75bd36ddccb,HAS_EVENT,9,rel_76a4508186366025
journey_08ff3ccefa383f46,event_f37f65cd6d720b16,HAS_EVENT,3,rel_76ce744fc53ca582
journey_08009c264647a155,event_acce8474cc719cea,HAS_EVENT,15,rel_76dfc9d1a77f824c
journey_04e76f150912f80a,event_0b54dec1065b918b,HAS_EVENT,20,rel_76e456e715ad172a
journey_005de666633f65f1,event_b2e36a2ee325ae93,HAS_EVENT,6,rel_76edf9b8c3ec667a
journey_0954febf7336cab6,event_5f87e963a9db71f8,HAS_EVENT,13,rel_76f5c89147654b11
journey_037788f520c9416e,event_3f4a0f523b866cb9,HAS_EVENT,26,rel_7760733ff06dca93
journey_0eff376525816688,event_b681bc2e18000d26,HAS_EVENT,15,rel_77a0d928a9cb0e3e
journey_00e84d6047546261,event_2f103aebc39acfba,HAS_EVENT,1,rel_77ae1aa44af453c4
journey_010f675f34e9ad85,event_862dfb655ce49721,HAS_EVENT,28,rel_77af39381534abfe
journey_06fd4821ad7c8317,event_e904702fa386edcc,HAS_EVENT,6,rel_77c9114d12e1cfb0
journey_00cae04c8378522a,event_c443278a0e4fa3d5,HAS_EVENT,3,rel_77cbc83207710c7c
journey_0c36a03616fe39a6,event_6453c6b76960e4fc,HAS_EVENT,9,rel_77ccd00fc25f7f5a
journey_008ec6a703240121,event_a9f9107b69399594,HAS_EVENT,7,rel_783f142db6887bc4
journey_0ea24cb475d6ab8c,event_c29db2ab4553d118,HAS_EVENT,8,rel_784bc8e0093782fa
journey_0f3e75273b110030,event_f16da4e4988573b1,HAS_EVENT,4,rel_78a1a63d8f47a5e7
journey_0a015e65628cdfd7,event_fe6c5b671dabfeea,HAS_EVENT,5,rel_78b5d0bd5d5f676d
journey_04d59893e6ea1a66,event_796c8cbe732e63df,HAS_EVENT,10,rel_78d0fb0f69151cd8
journey_09d938e91c50505c,event_280747ca62a1f65f,HAS_EVENT,1,rel_78e55e9b8d245659
journey_08799665e7ce25bb,event_01102a09ed728a0a,HAS_EVENT,2,rel_790b226366f2e15c
journey_0555f5ac40a4470e,event_e0e943ae5042d1bc,HAS_EVENT,2,rel_79252ce108ed4ae7
journey_0b462c3434f4bb58,event_66904eb168629876,HAS_EVENT,8,rel_793996e2b161cf01
journey_023d2c2f4e1e85bc,event_6a994f110c5107c8,HAS_EVENT,18,rel_7939d6a228762029
journey_0ef8ede614ce9923,event_e56ce0de313aadae,HAS_EVENT,3,rel_7960f6a2f6145ac5
journey_0318dac2b74f2020,event_b75dcb8159b3763e,HAS_EVENT,14,rel_799a3fd60b343b72
journey_0c36a03616fe39a6,event_74322b0a9c32a4d9,HAS_EVENT,3,rel_799c104192e49c2c
journey_0a015e65628cdfd7,event_5ab7d3e40dff4e93,HAS_EVENT,3,rel_79b64d44b16e1977
journey_0c36a03616fe39a6,event_1fe2d76539680bd1,HAS_EVENT,30,rel_79c6173446ccc2fd
journey_008ec6a703240121,event_04161776647b0671,HAS_EVENT,2,rel_79c745d83cf9729f
journey_07342d1810a9c1a9,event_2ef997e56f023859,HAS_EVENT,20,rel_7a0aa248052fd4ab
journey_04d996cf8a05753f,event_58651d3cf2416d78,HAS_EVENT,4,rel_7a202b29302529f6
journey_0ac2075c25a38823,event_0c2e12f7c575ca8e,HAS_EVENT,14,rel_7a208e992f50d767
journey_094f54d72d7a3f6e,event_f59eab0104492825,HAS_EVENT,3,rel_7a499519283ce364
journey_00f55569e6f9d700,event_e59e00ec29143e77,HAS_EVENT,5,rel_7a4e30064fedbbd4
journey_08a1075ffc45f65d,event_b0e15dddb9895396,HAS_EVENT,11,rel_7a7542926db175e2
journey_0438160eb69f5417,event_4ae3d53aaca1721a,HAS_EVENT,19,rel_7a8625bb34418862
journey_031cb56bd035e0e2,event_1cc6025cf29089e4,HAS_EVENT,2,rel_7a9216c946de1ed4
journey_0bbac249810914a1,event_33c6f9ca7b188c49,HAS_EVENT,6,rel_7aab15d2147092af
journey_044de88c2ee5e5d0,event_e580b7c10ba27831,HAS_EVENT,8,rel_7abb4e0f50d3dd60
journey_0a13a35e3cb32560,event_48ba0d24300004d7,HAS_EVENT,5,rel_7ac7c7a5b03604f6
journey_04229c66d6d4e062,event_4944044b53a83547,HAS_EVENT,35,rel_7aca3add275c5387
journey_052b5342e674204d,event_7fafb6908879854e,HAS_EVENT,1,rel_7ad4e39213d9fcbc
journey_00dc41bfddce21b7,event_a1d4a514c590af33,HAS_EVENT,1,rel_7ae3eb3d04c6964b
journey_0652646fbcd1933f,event_3cbe842e5fa2a45f,HAS_EVENT,49,rel_7b63e7100740ce59
journey_005de666633f65f1,event_92996d316a95bf5e,HAS_EVENT,27,rel_7b70614233544a89
journey_09efa9b84e191606,event_12c1e4b83d5e5705,HAS_EVENT,4,rel_7b8e5db0d37628c0
journey_076a67055c35b09b,event_b45142963f2dac3f,HAS_EVENT,18,rel_7b9011f1fa01ddef
journey_07c98ab09702ef77,event_ce435c17467e4367,HAS_EVENT,18,rel_7b980f9724f8b91d
journey_08e7ff87651e6561,event_b108ec7b0f1ddfba,HAS_EVENT,8,rel_7ba8d98e2c83c517
journey_0652646fbcd1933f,event_cb7d135a2f336cd7,HAS_EVENT,36,rel_7bbe569ccd6fe8bd
journey_0ec45cabe96ab4b8,event_e986e7d7821799c0,HAS_EVENT,12,rel_7bcd5afec6dc2028
journey_09374fb1ae19bf7d,event_659efa6b7c5978fe,HAS_EVENT,7,rel_7bd74e034b9bcc13
journey_04aa962e5d2899ee,event_78d3add70cc8acc4,HAS_EVENT,19,rel_7bee9b03fc802a3e
journey_0c7cee7dbfc30893,event_7319844878851a5c,HAS_EVENT,3,rel_7bf387c637de5fa0
journey_0de9557db36d9a8f,event_305bb833bfccd3c3,HAS_EVENT,4,rel_7bf40207a96d3599
journey_0555f5ac40a4470e,event_2f31027975654168,HAS_EVENT,12,rel_7c097c490d3b1356
journey_0863dc6898eed3b2,event_f1db2ebbba3195b6,HAS_EVENT,12,rel_7c38a56b0b36c1ed
journey_0b5a8a3698ef0883,event_dee602270356e024,HAS_EVENT,49,rel_7c621cf1fa966cb5
journey_0901904ee565d5ef,event_85124ee488d31ed6,HAS_EVENT,17,rel_7c62bbe57d39237c
journey_02c764e2db4a2a8d,event_0d6645c2f070260d,HAS_EVENT,15,rel_7c66f228607aa4ab
journey_07f592ddda24aa0b,event_7026c286ed688c64,HAS_EVENT,7,rel_7c8eaab0a864c10c
journey_0ba3e95be32964cb,event_48b35b33409a45bb,HAS_EVENT,5,rel_7ca3066a68d1a791
journey_0006943c33455cf9,event_1d04866187ad7920,HAS_EVENT,14,rel_7cabfa00ae5ccdfd
journey_04cdd87cbada456b,event_c96268dd315da715,HAS_EVENT,7,rel_7cb9ecb232a3bc85
journey_076a67055c35b09b,event_87e69d8acfa1b336,HAS_EVENT,2,rel_7cc66980601c6545
journey_0652646fbcd1933f,event_d0bd1bf8925394c9,HAS_EVENT,38,rel_7cce2f9006a1330c
journey_0392a5c6934f106a,event_f02105ae81a78923,HAS_EVENT,1,rel_7cf80541c2ab999c
journey_043636a6b432d26f,event_a62e555bd3aa382c,HAS_EVENT,18,rel_7d083c09dc979e6d
journey_08fe51e3f898596b,event_c58dc79f19c7a871,HAS_EVENT,10,rel_7d0cdbd5e3284827
journey_0ec968dd6e7f114d,event_b2d9fa6208483b80,HAS_EVENT,5,rel_7d0cfe48ffdb5e33
journey_0018fb0aebfc5760,event_3454e7d71db7d1fb,HAS_EVENT,8,rel_7d0dbe6a1d2988f0
journey_023d2c2f4e1e85bc,event_dbcc7a558b78fbab,HAS_EVENT,6,rel_7d41e5248433d10e
journey_0a3397d6eb8292b0,event_97505ecb0690e2fd,HAS_EVENT,12,rel_7d46be2205d3e088
journey_031a7455db84745e,event_0fe2c4c838371757,HAS_EVENT,12,rel_7d4c4f87c253d7d8
journey_010f675f34e9ad85,event_93089b769677a019,HAS_EVENT,2,rel_7d877bcb16e2689b
journey_09c4c72abda202c4,event_430774a8b716cc77,HAS_EVENT,2,rel_7d8d250e1f4a4053
journey_04497cc2869fac53,event_42d38711f3c71907,HAS_EVENT,6,rel_7d9110e743a6cf21
journey_077d747141a3a710,event_aeb510d48d3e77fc,HAS_EVENT,12,rel_7dcced8708d88437
journey_0954febf7336cab6,event_d32d4812a3ad4623,HAS_EVENT,4,rel_7df308b66b3db44b
journey_0901904ee565d5ef,event_8470de2db62be5d8,HAS_EVENT,13,rel_7dff0e70e83be5d6
journey_022b66dce02052b0,event_ec37072bdcb8d802,HAS_EVENT,14,rel_7e001c386767eb90
journey_03f63a8fd4e5f4b3,event_55ff425a7c08bb69,HAS_EVENT,1,rel_7e00991f6efb6a63
journey_05765f79c7ee5bd8,event_9e5eac8808fdc455,HAS_EVENT,10,rel_7e08add4e3b7b066
journey_077d747141a3a710,event_21702031118eeef5,HAS_EVENT,14,rel_7e2f879eb53c0248
journey_07c98ab09702ef77,event_91e77c303b2742ff,HAS_EVENT,20,rel_7e388c28f4893dac
journey_086941e4b7679b30,event_775605263bec61fe,HAS_EVENT,26,rel_7e4e8b132595e3c4
journey_0b51d38476686c9c,event_c4219b12159b8646,HAS_EVENT,1,rel_7e60aa4db5ffa58f
journey_02c764e2db4a2a8d,event_536ebe0a91484a43,HAS_EVENT,12,rel_7e7b297f60183978
journey_0b97719c2c0e555a,event_a9a2ae2e02c16e03,HAS_EVENT,2,rel_7e90472826d50ec2
journey_0901904ee565d5ef,event_21ff312d4d8af202,HAS_EVENT,32,rel_7eabb5b2e7f95f84
journey_07342d1810a9c1a9,event_f8ca8a10e40cab39,HAS_EVENT,31,rel_7ebabe9b917a936f
journey_008f06b5bc8e6b18,event_7aa7e2c291e8fe52,HAS_EVENT,2,rel_7eddc240c131be04
journey_07b1f7a663ad3a46,event_ecc2410a444f5eeb,HAS_EVENT,4,rel_7ee2d787765fe211
journey_0c17acf4574589a6,event_c5e5d6fa96e1511a,HAS_EVENT,12,rel_7ef562f74804687d
journey_02c937dfc1d9002d,event_35087bc95f9c4d85,HAS_EVENT,10,rel_7f2d41706e061583
journey_03ede6f35b7b3aa5,event_daa1e434ab01a36a,HAS_EVENT,21,rel_7f34cbc6eae21df0
journey_0954febf7336cab6,event_c8e902e563eba6d1,HAS_EVENT,2,rel_7f3a6ec9c99ee768
journey_04497cc2869fac53,event_d61255efcee356e8,HAS_EVENT,1,rel_7f3cc1c145d17973
journey_02c937dfc1d9002d,event_a6d31c66e1beebf4,HAS_EVENT,2,rel_7f4af3536f1facdb
journey_07bd3aa6883b0d24,event_f72f5c7508b7557f,HAS_EVENT,27,rel_7f4cf7ba22c7bf58
journey_02c937dfc1d9002d,event_b15a86617804950e,HAS_EVENT,25,rel_7f856ac0aca62448
journey_04e733795f4536bb,event_8c8a0382ff220192,HAS_EVENT,2,rel_7f914f757a22cbb7
journey_0c36a03616fe39a6,event_ea102c75623f4222,HAS_EVENT,16,rel_7fc7c455141790b5
journey_02c937dfc1d9002d,event_cca9dc3bddf5c42b,HAS_EVENT,20,rel_7fc9e67a65a6cfc7
journey_0e6f3bfb0ab3e32d,event_1cfdb76514e7a1f7,HAS_EVENT,6,rel_7fe7202529f683b9
journey_050a11b91196b81d,event_6e3567bd9b997e67,HAS_EVENT,4,rel_80476c34b2138027
journey_0124675a73fec123,event_de59401ed7cf4dc1,HAS_EVENT,3,rel_8066d43ad50d2088
journey_02c764e2db4a2a8d,event_66ef207d8b11842a,HAS_EVENT,17,rel_8073c6df956ce797
journey_0b5a8a3698ef0883,event_8a4802111bf6d445,HAS_EVENT,39,rel_808760ca16dbf001
journey_07287e0df52ff44d,event_4aa5ab98c382f86b,HAS_EVENT,9,rel_808c959739e12873
journey_010f675f34e9ad85,event_453d7049e887aaa3,HAS_EVENT,9,rel_80c989b62b28f777
journey_0a3397d6eb8292b0,event_b0678671e270afe4,HAS_EVENT,16,rel_80f9bf4fbd2fe2db
journey_09d938e91c50505c,event_d3a348908169399a,HAS_EVENT,7,rel_813ab07a430f49a5
journey_0b462c3434f4bb58,event_758160b8d5682a39,HAS_EVENT,23,rel_81505322721c3739
journey_09f65329edb82ae6,event_46d8a71078fe5a1e,HAS_EVENT,15,rel_815620c91e0830ee
journey_0863dc6898eed3b2,event_027c07de043897a1,HAS_EVENT,15,rel_81675bfca8653cfe
journey_06635fddb1dd2148,event_d7c766a7ddef7fc1,HAS_EVENT,13,rel_8169f55b599e0aed
journey_010f675f34e9ad85,event_66c49b434aa62f3c,HAS_EVENT,19,rel_8177c8cfc31f9fee
journey_028f8fab5f573320,event_42c992fc0dd4094c,HAS_EVENT,4,rel_817dcd701ac7687a
journey_0233c11fd54a588f,event_c5fe085175103ef7,HAS_EVENT,1,rel_8183a36548fb6116
journey_0c4a656a8f10c5b9,event_e7c455fdc7d83d5e,HAS_EVENT,14,rel_8199b7d5e525fdd5
journey_00dc41bfddce21b7,event_21259de4a3848a04,HAS_EVENT,14,rel_81d2134c6ab713b8
journey_03d5f30098f68b7c,event_9ff20d0cd9abee78,HAS_EVENT,3,rel_81e9f693aa8ce42e
journey_050a11b91196b81d,event_5dd5b69a78cc5770,HAS_EVENT,5,rel_8217b62b4231fcc1
journey_077d747141a3a710,event_e625c171b8181b6c,HAS_EVENT,27,rel_82386991cc425c29
journey_00e84d6047546261,event_94f00f1e2e5f0ac3,HAS_EVENT,7,rel_82428f7e5376465a
journey_023d2c2f4e1e85bc,event_4898d132529b2104,HAS_EVENT,17,rel_828699fd40f325ee
journey_005de666633f65f1,event_afeb16419357b5a4,HAS_EVENT,15,rel_8289cd5d56e870fd
journey_08ff3ccefa383f46,event_e1e7a064202cd75c,HAS_EVENT,2,rel_82a4cd600bced617
journey_008ec6a703240121,event_e69cb3612622fcf3,HAS_EVENT,3,rel_82ab91fd5a2d2ba9
journey_086f2c65ad54008d,event_734dfc04f728c0ff,HAS_EVENT,8,rel_82d1692fe019e214
journey_04cdd87cbada456b,event_06cc9721a0281747,HAS_EVENT,4,rel_82eebcc2ef4e6e3d
journey_00dc41bfddce21b7,event_47a196e26d1e8c04,HAS_EVENT,4,rel_82f5b8111049ec1c
journey_08009c264647a155,event_1f9d8dd354c996b3,HAS_EVENT,12,rel_83306540d84b4e63
journey_0200246993a4e940,event_b4e1033e37e76d6d,HAS_EVENT,10,rel_8353127c7230e86a
journey_0b5a8a3698ef0883,event_e10646bbe28d157d,HAS_EVENT,1,rel_83685adfa484fa27
journey_0da21e8a747a548d,event_fc2e4664748f2005,HAS_EVENT,7,rel_837ec03e261d1bde
journey_0318dac2b74f2020,event_c358ad2833f6b764,HAS_EVENT,12,rel_839c005bac1baaef
journey_0b5a8a3698ef0883,event_f48aaf45a96ab745,HAS_EVENT,24,rel_83ae60abe8f60b1b
journey_0c53019463fc52a9,event_22ff231652d9ce9f,HAS_EVENT,9,rel_83af7de1854ad9f7
journey_0d1aebd6f04115e7,event_b13206d2e50b797b,HAS_EVENT,6,rel_83b233660a425fa2
journey_09a16d755f051a41,event_c77ea62b97773686,HAS_EVENT,3,rel_83cfd92b113f0a41
journey_055a045d7a3279bd,event_82eb38d6378c1ee1,HAS_EVENT,7,rel_83ecef0fc0016442
journey_0ac2075c25a38823,event_46b553cfb1cb34c1,HAS_EVENT,2,rel_83f767c004356bde
journey_08cd90a94fd158a8,event_40a08a1198e39f91,HAS_EVENT,12,rel_83fb4544bf6282e2
journey_086941e4b7679b30,event_21500012e5c56ea4,HAS_EVENT,17,rel_840589b85b43f8ef
journey_07c98ab09702ef77,event_2bbd12c14ce02187,HAS_EVENT,16,rel_8410b75d2f07cbad
journey_007ffb4bb432b6f3,event_a67e5f4dc5fd1740,HAS_EVENT,11,rel_841fc79a8d9983ff
journey_0c4a656a8f10c5b9,event_da764a282413b2e8,HAS_EVENT,10,rel_84368727a3802660
journey_0954febf7336cab6,event_9e57602e0df23975,HAS_EVENT,26,rel_844522a0058511f8
journey_00dc41bfddce21b7,event_1d05c6206b3ab208,HAS_EVENT,5,rel_8484ecb4a4e80156
journey_0c36a03616fe39a6,event_158ce808c7027f89,HAS_EVENT,36,rel_84a010aa2cfee230
journey_044de88c2ee5e5d0,event_b282e67fef35a2ce,HAS_EVENT,11,rel_84a292d81d379fcc
journey_0ec45cabe96ab4b8,event_e0348e79ba669bac,HAS_EVENT,4,rel_84b805f6bd4b6814
journey_043636a6b432d26f,event_7cf8d83285b6b66a,HAS_EVENT,13,rel_84e8ceaad20fd61b
journey_0b678aae7e08da6a,event_e9f65253384d7c10,HAS_EVENT,6,rel_85113876c5537065
journey_0b5a8a3698ef0883,event_008bcb8b1f78bffd,HAS_EVENT,40,rel_8535fcede1479dd0
journey_0942ba5c20a03a2e,event_014b652ed93ebab1,HAS_EVENT,7,rel_853848580bae2d4b
journey_0942ba5c20a03a2e,event_998ba90844bee014,HAS_EVENT,32,rel_8571b0179cf461e5
journey_07c98ab09702ef77,event_1eb03126818d10c6,HAS_EVENT,29,rel_85a16339c7f50865
journey_07b1f7a663ad3a46,event_b5e5d2b70fa754b4,HAS_EVENT,5,rel_85a83e1343dc1f34
journey_09efa9b84e191606,event_6f35d592dd736f3e,HAS_EVENT,6,rel_85dd5b5e7a4bdbf3
journey_0eb920b51a663852,event_fff160ff8a1a9b71,HAS_EVENT,16,rel_85f1ce89526c5213
journey_0901904ee565d5ef,event_f919155043c7c716,HAS_EVENT,2,rel_85f43532000cf17e
journey_08a1075ffc45f65d,event_26924f12d55bd9a6,HAS_EVENT,24,rel_8608eb0acbaa43d7
journey_0b5a8a3698ef0883,event_f943f086d2830952,HAS_EVENT,21,rel_861c0c93e936174b
journey_07bd3aa6883b0d24,event_211dab61bea5d1e3,HAS_EVENT,9,rel_862eb8b9ef01a490
journey_07c98ab09702ef77,event_75e9ff2eae3369aa,HAS_EVENT,23,rel_863fb5e277a00588
journey_08a1075ffc45f65d,event_c6522f838a73d206,HAS_EVENT,15,rel_864b19808d87c41b
journey_0006943c33455cf9,event_22474bb0009568b7,HAS_EVENT,7,rel_868900177ff11b22
journey_04638941087939af,event_162c4975ab4e6af2,HAS_EVENT,13,rel_869cfad92e7bf64e
journey_0b678aae7e08da6a,event_a1db3be6318f26e2,HAS_EVENT,3,rel_869f8172be3f77eb
journey_0d1aebd6f04115e7,event_efdaaa4ff5d27fb8,HAS_EVENT,7,rel_86f7e947bc41c40c
journey_0ec45cabe96ab4b8,event_07db07a922a0b66f,HAS_EVENT,18,rel_87020f1563ed64cd
journey_0a39b3e5bdd6f593,event_153ce91eab0a7dec,HAS_EVENT,8,rel_870bfa1f968c8bc2
journey_0eff376525816688,event_2c71c4e7eb7c35bf,HAS_EVENT,12,rel_8718b86ad4c71fe2
journey_0b5a8a3698ef0883,event_007035186cdb5ac3,HAS_EVENT,48,rel_87414e6ba9d43f00
journey_0901904ee565d5ef,event_3e1283e1c52351dc,HAS_EVENT,31,rel_8741ac20c9bd5e9d
journey_0555f5ac40a4470e,event_99fb7e0caca714af,HAS_EVENT,16,rel_87479b9bf3fb606a
journey_037788f520c9416e,event_e158f7c31a0cd308,HAS_EVENT,14,rel_87787bac68b4355e
journey_086941e4b7679b30,event_82fe9609908ed3f2,HAS_EVENT,18,rel_878198e95e2ddbfb
journey_077d1881bf5e72bc,event_5de84fabe68ee011,HAS_EVENT,5,rel_87c50e5a57765071
journey_077d1881bf5e72bc,event_8b0d562ed468eac3,HAS_EVENT,7,rel_87c652b78ce622cc
journey_0b462c3434f4bb58,event_d0b8397595ce9628,HAS_EVENT,24,rel_87cc42b23a1c71ef
journey_03f63a8fd4e5f4b3,event_450558f010577459,HAS_EVENT,10,rel_87d55ee229d4b46b
journey_0c7cee7dbfc30893,event_5bfc4077c80ef424,HAS_EVENT,5,rel_87eb6a550829f27e
journey_0084364b888cebbe,event_94e70698b0e49780,HAS_EVENT,5,rel_87efd571b4169d4b
journey_0b5a8a3698ef0883,event_87ebe45fc0b52c45,HAS_EVENT,9,rel_8834ca29362a971a
journey_0942ba5c20a03a2e,event_28291f47bf241e46,HAS_EVENT,14,rel_8848fcc003cfae41
journey_0c17acf4574589a6,event_9512f2e093a8ca8f,HAS_EVENT,7,rel_886371fab83ff544
journey_07a38ead4ed81eae,event_09989f43e089b533,HAS_EVENT,18,rel_886d14570836be49
journey_035d618fe4abb46a,event_a5cb90df2820de18,HAS_EVENT,5,rel_88704b588139ee01
journey_09374fb1ae19bf7d,event_1278abe91e0b187f,HAS_EVENT,4,rel_8885e96d69f14cde
journey_03f63a8fd4e5f4b3,event_211c8ec554ed4034,HAS_EVENT,3,rel_888b0fa6fc010e12
journey_0a1db03a1e1971e5,event_147f41e0116b9b7b,HAS_EVENT,1,rel_88b495f177a73304
journey_0c723e653015be88,event_dbd33d2e984f0d5d,HAS_EVENT,16,rel_88b88e1c8cdf92e3
journey_077d1881bf5e72bc,event_8c6617b26c941208,HAS_EVENT,14,rel_88cb663e25c1f5b6
journey_02c937dfc1d9002d,event_2c4bb0dda58bddd9,HAS_EVENT,28,rel_88e404eb3f65fc56
journey_02c937dfc1d9002d,event_42049eae42aa8a8e,HAS_EVENT,16,rel_88e5bd4d46c326ac
journey_0eb9e86e97f7842f,event_0855d827733f7f72,HAS_EVENT,1,rel_88e80038be236723
journey_01f39b6b07110387,event_fc12846102e3d160,HAS_EVENT,5,rel_891220998a63b7ff
journey_04229c66d6d4e062,event_5a16415c575aeddd,HAS_EVENT,8,rel_893f6b1ff4b33a43
journey_05765f79c7ee5bd8,event_84b08be9107a4f01,HAS_EVENT,12,rel_89480fc8c62b40cb
journey_0ef8ede614ce9923,event_8643606a9e2bfabe,HAS_EVENT,22,rel_89488d7d259ceb32
journey_0c36a03616fe39a6,event_46a7256d43549acb,HAS_EVENT,4,rel_894c7dfdb78a5919
journey_09eff3cd5d755e39,event_b061c4e1674e90ad,HAS_EVENT,5,rel_894fb18e2c6a8d39
journey_02ecba5fba17bb1e,event_2a983443307fc098,HAS_EVENT,3,rel_897aa157faab7b00
journey_0d9e89219b70bafa,event_4bfef367b3a93eb0,HAS_EVENT,3,rel_899bd1fed1ca2499
journey_0ec47b56f4670176,event_dd1ac4fe7c9868a7,HAS_EVENT,4,rel_89d52721cb19e9a5
journey_0954febf7336cab6,event_7842d1e979bc5544,HAS_EVENT,5,rel_89d63af0b588b445
journey_0006943c33455cf9,event_ed268c0ad585baa1,HAS_EVENT,5,rel_89fafd1eda7499d1
journey_0255b5dd845e6f52,event_575701289d4be654,HAS_EVENT,5,rel_8a05d36eb77fd5b9
journey_0901904ee565d5ef,event_1a9008a2b12cb7e7,HAS_EVENT,30,rel_8a410cbc7545f5b0
journey_01f355e4a6ce1e9b,event_20f5f0b773cd3032,HAS_EVENT,4,rel_8a4dcce32f6e809b
journey_050f192cd2c5959d,event_144a829a8ca67ee8,HAS_EVENT,1,rel_8a5149a1b65608ef
journey_0b678aae7e08da6a,event_852e836b593aabb6,HAS_EVENT,1,rel_8a5bac2058a8e116
journey_0652646fbcd1933f,event_0eb3b2b6b2830591,HAS_EVENT,58,rel_8a66939e7ffef33e
journey_04497cc2869fac53,event_34c44b79c7c389ea,HAS_EVENT,8,rel_8a6edaba1dc172d7
journey_0018fb0aebfc5760,event_4c596d572efd25f2,HAS_EVENT,11,rel_8a71ce963ad12585
journey_0942ba5c20a03a2e,event_64d1ef40d0341b97,HAS_EVENT,30,rel_8a7ba40a56650084
journey_054c7fec5bfaf41f,event_3539b0e1df3cbf10,HAS_EVENT,2,rel_8aedb9958ac73c6e
journey_04cdd87cbada456b,event_87bf55d56cf40a93,HAS_EVENT,16,rel_8b129350b07d33f4
journey_07bd3aa6883b0d24,event_e7f9f5a6b36cfa4b,HAS_EVENT,21,rel_8b23080479b112d2
journey_0ba325dd07157722,event_2bf411f53a750d3d,HAS_EVENT,2,rel_8b25db35bbc98069
journey_08cd90a94fd158a8,event_561f31efc7e24bde,HAS_EVENT,13,rel_8b262831963e308e
journey_086f2c65ad54008d,event_0db0ffa9d7c8600e,HAS_EVENT,33,rel_8b26e7f8b60b0f18
journey_023d2c2f4e1e85bc,event_86feb8d3c2b11a0e,HAS_EVENT,14,rel_8b65383f24c251a9
journey_0c53019463fc52a9,event_67729ed2207f18a7,HAS_EVENT,11,rel_8b71aeb9843155a0
journey_015c3ce384a11c60,event_3fdbc7d0c0335680,HAS_EVENT,3,rel_8b8530433affcbb0
journey_07a38ead4ed81eae,event_49dbb46cc95955c0,HAS_EVENT,14,rel_8b99eb43eab60263
journey_05765f79c7ee5bd8,event_58b79c7c3f4dd241,HAS_EVENT,11,rel_8bad72f242ff04d9
journey_0863dc6898eed3b2,event_9a79cf184cf78edf,HAS_EVENT,5,rel_8bc9069cae23e652
journey_0cc9bcfc8485c867,event_9150a50f1359bd3f,HAS_EVENT,2,rel_8bcad6d9ca39062c
journey_0d836c3935a7ad2a,event_70e8eb57ef96c373,HAS_EVENT,9,rel_8bf3a6239cf2ba4a
journey_06fd4821ad7c8317,event_648cb7a43b340493,HAS_EVENT,9,rel_8bf6bf4ccae5a7c9
journey_031cb56bd035e0e2,event_d1d5551f8dd9cabd,HAS_EVENT,7,rel_8bfaf42cbf95f6ad
journey_0c723e653015be88,event_844182adc0ad2b79,HAS_EVENT,21,rel_8c31ec06e8c341e3
journey_04e76f150912f80a,event_2c648838312994ee,HAS_EVENT,13,rel_8c34ec300e46262a
journey_0942ba5c20a03a2e,event_46c6f24f7a2317f1,HAS_EVENT,31,rel_8c383e3025826931
journey_08a1075ffc45f65d,event_78ad98dfd4b4c8fe,HAS_EVENT,28,rel_8c5dc005c0468390
journey_09d938e91c50505c,event_12e2b0ae7431203c,HAS_EVENT,3,rel_8c5e2ff46fc4f47e
journey_0ec47b56f4670176,event_a4a5e978eb8ec0e5,HAS_EVENT,5,rel_8ca21933bba4ca5e
journey_044c79a3817aaf34,event_a24997dbafbf56d4,HAS_EVENT,5,rel_8cd55315ad5c62d3
journey_031a7455db84745e,event_46e297da946b8eee,HAS_EVENT,8,rel_8cdc76965e12a49f
journey_0652646fbcd1933f,event_6a82804409506b7c,HAS_EVENT,11,rel_8ce3094a3861d761
journey_0555f5ac40a4470e,event_2737cffc6614a48e,HAS_EVENT,17,rel_8cf1df6f60b4fe20
journey_040946f7bde6e067,event_d6fec0911a1cc67d,HAS_EVENT,1,rel_8d045a12dc397dd7
journey_07c98ab09702ef77,event_47836246d5e96873,HAS_EVENT,10,rel_8d15faa0d438079a
journey_04d59893e6ea1a66,event_b1a64f4cdcf50d24,HAS_EVENT,9,rel_8d24f805cc3d47da
journey_015c3ce384a11c60,event_ae69250f38de0b1a,HAS_EVENT,2,rel_8d297e0d33b3b54c
journey_0ac2075c25a38823,event_b962d1e21b78bd84,HAS_EVENT,1,rel_8d3470f738fb4f6c
journey_04cdd87cbada456b,event_64cabe63e3e3a99f,HAS_EVENT,33,rel_8d3dc6f30f2a031d
journey_086941e4b7679b30,event_3ea2c41626f91d9b,HAS_EVENT,23,rel_8d638e5f13fe2eaa
journey_06449cdb0fe604e1,event_b9cb722fdee16d9d,HAS_EVENT,7,rel_8d705a19387fa0cf
journey_0c36a03616fe39a6,event_b7c82f83490ef980,HAS_EVENT,27,rel_8d74f79e3617deba
journey_0cf0a030f4843bbd,event_bb882b5b84593b8b,HAS_EVENT,4,rel_8d8c5d2652a49a9f
journey_0977c7cde828fef7,event_21d5442daf41f1bf,HAS_EVENT,6,rel_8d977389c792d650
journey_0b2c87a3d71b8b01,event_3a54227f6b126aad,HAS_EVENT,1,rel_8d9b5cbf9819ffa6
journey_0438160eb69f5417,event_7303f10f747d5bc7,HAS_EVENT,5,rel_8da9356cddcc8f8e
journey_07342d1810a9c1a9,event_02831a90c2240175,HAS_EVENT,4,rel_8dbd5ea37cbaf77d
journey_0901904ee565d5ef,event_9022648957145d3a,HAS_EVENT,7,rel_8ddc6807bf0b1b5a
journey_0bd713f03685e67f,event_a5c641532f7726d1,HAS_EVENT,1,rel_8dfbd75d683d4ea6
journey_06bf978ade373c1c,event_793fac8ef3274426,HAS_EVENT,1,rel_8e069e2ab25e4ce5
journey_08cd90a94fd158a8,event_b0c09b5d78f50518,HAS_EVENT,2,rel_8e59a0a9ca4e5de1
journey_07afe72ec70e134e,event_c1b4ad51bbbffec8,HAS_EVENT,3,rel_8e6f3f1476d246f1
journey_0a6d048eb5cbb6de,event_a7c4094fb9f89b58,HAS_EVENT,9,rel_8e76cd23c723090f
journey_035d618fe4abb46a,event_756e614be4b8c0e6,HAS_EVENT,3,rel_8e8189d7569371cd
journey_085453478c92b5d3,event_2fb8d420f3020c84,HAS_EVENT,3,rel_8e8a20421f961361
journey_0d836c3935a7ad2a,event_8d1b555240d40398,HAS_EVENT,3,rel_8ec0cd95d517bef0
journey_037788f520c9416e,event_67d3554539fa833d,HAS_EVENT,20,rel_8eccd5b398e83936
journey_08cd90a94fd158a8,event_688f8ecd5fee1a4f,HAS_EVENT,9,rel_8eda8b8dda377e91
journey_077d747141a3a710,event_80c5bbb3a7c1799f,HAS_EVENT,26,rel_8eebc7d0b05c2e40
journey_0006943c33455cf9,event_bd0302daede94bec,HAS_EVENT,10,rel_8f132a36cc136113
journey_0b462c3434f4bb58,event_051689fe4405c392,HAS_EVENT,4,rel_8f24ee9b0f532fc2
journey_043636a6b432d26f,event_25fa2d9978f664f4,HAS_EVENT,19,rel_8f2ca79b3d8f2a93
journey_0edf9d3dbbffaac5,event_f9b6c684cd15b043,HAS_EVENT,7,rel_8f40fa48b204ebdb
journey_0d836c3935a7ad2a,event_8ce6915f97142f35,HAS_EVENT,8,rel_8f4559ac1bd9ccd8
journey_0c36a03616fe39a6,event_67b20bd281c0c5cc,HAS_EVENT,8,rel_8f8a40f61fa4a498
journey_0c36a03616fe39a6,event_3c33b02709a192fe,HAS_EVENT,26,rel_8f96a9c109d6d512
journey_0ae7e8fa209fa26e,event_108664a654c420e1,HAS_EVENT,8,rel_8fc38ccb21b41ff1
journey_0e6f3bfb0ab3e32d,event_7a74ff2802461ae4,HAS_EVENT,4,rel_8fc484b52a8f9c3d
journey_07342d1810a9c1a9,event_4ed59c3fbe78c2f5,HAS_EVENT,27,rel_9030e87837ed49a4
journey_06cdffba90bb4221,event_79e8e79a688110ad,HAS_EVENT,2,rel_904a34cb88256543
journey_07bd3aa6883b0d24,event_1e94f3a0f7fd3308,HAS_EVENT,28,rel_906530218631a53b
journey_0555f5ac40a4470e,event_9f7e63ecd40e9dff,HAS_EVENT,11,rel_90ae45d62e5bbc83
journey_077d747141a3a710,event_42d33fc99892360b,HAS_EVENT,21,rel_90b517153c471e3e
journey_077d747141a3a710,event_ae778f341a82baf5,HAS_EVENT,36,rel_90e75ea2490f5e84
journey_0eb920b51a663852,event_4fdcc0dba28aca78,HAS_EVENT,5,rel_911b1cea643bddd5
journey_076a67055c35b09b,event_26c15e6d207e9c9b,HAS_EVENT,1,rel_911d432a609fdaee
journey_0ef8ede614ce9923,event_1168fe5139bf0537,HAS_EVENT,4,rel_9158a39671d3311b
journey_0a3397d6eb8292b0,event_33b20728a979fe6c,HAS_EVENT,2,rel_9159515cc7f3f51c
journey_08fa9ca2aea5d237,event_14d3fb6c1eb292c8,HAS_EVENT,3,rel_915c2f0f9dd31108
journey_0ec45cabe96ab4b8,event_c5894a50c23d5487,HAS_EVENT,2,rel_915d5003be13e11f
journey_08fe51e3f898596b,event_80c1459843615219,HAS_EVENT,6,rel_915e098e3608e1a1
journey_03ede6f35b7b3aa5,event_91302ce7cfbc3b4b,HAS_EVENT,20,rel_917229476764364e
journey_072eb819f1c50cb4,event_027aee53d24e1a4b,HAS_EVENT,2,rel_9197a251c79423b9
journey_0a3397d6eb8292b0,event_c1814b749a61e67e,HAS_EVENT,23,rel_91a535c0c51e938d
journey_08799665e7ce25bb,event_e581e0316d916134,HAS_EVENT,3,rel_91ad645a3eb640f4
journey_010f675f34e9ad85,event_4ff1d3521d2171cd,HAS_EVENT,26,rel_91d7792af432c6c0
journey_02c937dfc1d9002d,event_cd736a275f99cdd9,HAS_EVENT,11,rel_91da111c257667fe
journey_01f39b6b07110387,event_f8be3684000c872d,HAS_EVENT,6,rel_91f1b45c7ce1fbc8
journey_0735a404d59135f6,event_d2738b148b2f4993,HAS_EVENT,1,rel_920cbcad05458515
journey_010f675f34e9ad85,event_1cfc8f3b8290bc69,HAS_EVENT,8,rel_926d84b3815947c4
journey_077d747141a3a710,event_3056e705b6531150,HAS_EVENT,2,rel_92772ec49cbc891a
journey_010f675f34e9ad85,event_4972759b28101157,HAS_EVENT,30,rel_928c7898bc20aa4c
journey_08fe51e3f898596b,event_5b2b32b65fd990b5,HAS_EVENT,4,rel_928f3d64d955ce49
journey_01efead88e502d57,event_50a0a7ca68ab25b6,HAS_EVENT,8,rel_929b241899a1cc0a
journey_0ba3e95be32964cb,event_9a0b3feece6d5447,HAS_EVENT,4,rel_92b34dbe8966202c
journey_0b462c3434f4bb58,event_2e70754e556977fc,HAS_EVENT,7,rel_92cdff9ef577775f
journey_0555f5ac40a4470e,event_17cb755ac55c449d,HAS_EVENT,4,rel_92d0bbca0394fa54
journey_02f38ab7b5b4fd53,event_8d5d13416c7f1130,HAS_EVENT,6,rel_92e0ed2ff1576428
journey_0954febf7336cab6,event_b98f65ee0fe236f2,HAS_EVENT,7,rel_92eef45ac868ad2c
journey_07287e0df52ff44d,event_1c01ba10acaec17c,HAS_EVENT,2,rel_92fa89f75f69afff
journey_0d1aebd6f04115e7,event_3382ca6c5099b906,HAS_EVENT,1,rel_9311e6f346072636
journey_086f2c65ad54008d,event_4498308dc672a7b9,HAS_EVENT,30,rel_9320a5f374b57e91
journey_04cdd87cbada456b,event_efcad648ab3c9d74,HAS_EVENT,31,rel_93431a9c0e08f97b
journey_0375f3ee411c44f1,event_ec71fac4c4c9437d,HAS_EVENT,7,rel_938ae92c36d74070
journey_077d747141a3a710,event_c9cb76749df7933f,HAS_EVENT,7,rel_939a707762643a60
journey_005de666633f65f1,event_62ad697ce13ed0d7,HAS_EVENT,14,rel_93b3e20d25569f1e
journey_0eb9e86e97f7842f,event_698bd632c82c6991,HAS_EVENT,7,rel_93ba8936fcd892ec
journey_0b462c3434f4bb58,event_284240b7814c6e63,HAS_EVENT,22,rel_93c3f2a7f655bec4
journey_0b5a8a3698ef0883,event_eac6a0926032a991,HAS_EVENT,31,rel_93f634947787f884
journey_0954febf7336cab6,event_94311e48e199e321,HAS_EVENT,8,rel_9401817979152306
journey_044de88c2ee5e5d0,event_31a9f3295e84c937,HAS_EVENT,7,rel_940671aecc10ceca
journey_052b5342e674204d,event_fcb5ef298a890f7a,HAS_EVENT,2,rel_940e3701351838e5
journey_07c98ab09702ef77,event_419269179e6cb5cb,HAS_EVENT,22,rel_942d561dfb3aa12d
journey_001f48b35f467f6a,event_36a7f8753b7a1f78,HAS_EVENT,1,rel_943b699c2267c1b4
journey_008ec6a703240121,event_cfbe2d07ac014f72,HAS_EVENT,8,rel_94458b9a92535962
journey_0ec45cabe96ab4b8,event_a0479b950ae30fc6,HAS_EVENT,9,rel_9445ad2cf4974465
journey_0b5a8a3698ef0883,event_be233269705ce934,HAS_EVENT,34,rel_945657233fa3ca41
journey_0ef8ede614ce9923,event_2ab09d4d08d6b52d,HAS_EVENT,24,rel_94653aa8c48ff7f8
journey_0ef8ede614ce9923,event_720c82c3adb602b8,HAS_EVENT,21,rel_9470a65dfdad6f2e
journey_05a1f378fbcfdf36,event_6066e968f45367f7,HAS_EVENT,2,rel_94997d7fb5d1a522
journey_008ec6a703240121,event_e3beba7c1a46a250,HAS_EVENT,13,rel_94bb337b008a8d1d
journey_03e27b947c0c4db8,event_f0854117c8505e12,HAS_EVENT,1,rel_94c55e03913ca392
journey_04638941087939af,event_10f552f44072fd79,HAS_EVENT,8,rel_94daf6585ee097d4
journey_07bd3aa6883b0d24,event_4dfbdbdfe61661f6,HAS_EVENT,16,rel_94f455f2dccb0c6f
journey_04e76f150912f80a,event_cbe4e619ff345c50,HAS_EVENT,18,rel_94f837ceb0f6bdc8
journey_0006943c33455cf9,event_ceac905942c029ab,HAS_EVENT,8,rel_94fc23e715119043
journey_0b2c87a3d71b8b01,event_93b5ba0c28408755,HAS_EVENT,5,rel_94ffedcd27c0863e
journey_086941e4b7679b30,event_a518575ea74a9b91,HAS_EVENT,24,rel_9503945a67544932
journey_04aa962e5d2899ee,event_6d7a72dd91b192dd,HAS_EVENT,12,rel_9523fd5dc729ed87
journey_01efead88e502d57,event_8b75c7f67b4649ea,HAS_EVENT,13,rel_95380abd0ab834a2
journey_0ac2075c25a38823,event_01b991d49833a98a,HAS_EVENT,20,rel_958a7d76aae78721
journey_0652646fbcd1933f,event_ce7b9e509b15b244,HAS_EVENT,41,rel_958f98131118513b
journey_077d1881bf5e72bc,event_6e71dfd01f3c6b49,HAS_EVENT,2,rel_95ae056aa56a2b62
journey_0eb9e86e97f7842f,event_ac0322170af0e8ff,HAS_EVENT,4,rel_95bc32b457469530
journey_03ede6f35b7b3aa5,event_6c0bb89c461cffd5,HAS_EVENT,6,rel_95bf5e9b5ab4a59f
journey_086f2c65ad54008d,event_c1f48a50ed718133,HAS_EVENT,31,rel_9616f79dbb802f30
journey_04d59893e6ea1a66,event_0dfa0166838699be,HAS_EVENT,1,rel_961c3825ea7a08ea
journey_0652646fbcd1933f,event_017aea0d1030ef8b,HAS_EVENT,44,rel_9636dc82807523bc
journey_07c98ab09702ef77,event_e92a93e349b4e756,HAS_EVENT,15,rel_963ab7150009027f
journey_007ffb4bb432b6f3,event_e04b819bb686b537,HAS_EVENT,10,rel_963e064cf9b8d3d6
journey_040946f7bde6e067,event_91f93e682922bc8d,HAS_EVENT,5,rel_964c9d4e3ed62e53
journey_08a1075ffc45f65d,event_89593a7900abed3a,HAS_EVENT,5,rel_9687a2e6d7915658
journey_010f675f34e9ad85,event_1f68bdf51722d2a1,HAS_EVENT,31,rel_96af5ec85be12201
journey_0d19fe5b32806e84,event_363b071a8f613b32,HAS_EVENT,9,rel_96c564b814491469
journey_04229c66d6d4e062,event_3df9f0ef46aa8b36,HAS_EVENT,19,rel_96d82126c3562ac0
journey_015c3ce384a11c60,event_f22c6ba2e5bbb33b,HAS_EVENT,13,rel_96e3be1cd177725e
journey_0b5a8a3698ef0883,event_eba6823ba7a77076,HAS_EVENT,23,rel_96eb73f4f2869fb9
journey_04229c66d6d4e062,event_483c8c0eedc734f6,HAS_EVENT,18,rel_970ca61d5504b7f0
journey_076a67055c35b09b,event_753aa6f7584c25db,HAS_EVENT,13,rel_973e15d14ed6131b
journey_0718d82cde80d5e6,event_62bb4851721b63bf,HAS_EVENT,8,rel_97566904509d69ab
journey_05765f79c7ee5bd8,event_b3a968a48d0bb0ef,HAS_EVENT,7,rel_9763fa89c7e78189
journey_07c98ab09702ef77,event_ea1b49a66345e691,HAS_EVENT,17,rel_9768e90c8f53159c
journey_008f06b5bc8e6b18,event_90f6a71a9965b98f,HAS_EVENT,3,rel_976d055e6e42cc22
journey_086941e4b7679b30,event_8082854562ba119b,HAS_EVENT,27,rel_9777b85a9a2ac368
journey_020470103155b640,event_310754b1a3a77e41,HAS_EVENT,7,rel_97a74abebed7bd50
journey_0e2afd2af3af5d9b,event_ee408dee9d15fc90,HAS_EVENT,6,rel_97acb14b0f89be4c
journey_07bd3aa6883b0d24,event_9ab6c3bc72806189,HAS_EVENT,13,rel_97b38450358c32b9
journey_0b5a8a3698ef0883,event_3a788a5cc884ef4a,HAS_EVENT,2,rel_97bcf2359d92b5fd
journey_07342d1810a9c1a9,event_04d79597d43c7c73,HAS_EVENT,6,rel_97c5f2510b4c217c
journey_010f675f34e9ad85,event_abb66b546143e797,HAS_EVENT,27,rel_97ffcba6b8d79cb2
journey_055a045d7a3279bd,event_cb4316af839c21b7,HAS_EVENT,6,rel_9821a5cd80ed755c
journey_07bd3aa6883b0d24,event_93c97d8fbae46db5,HAS_EVENT,23,rel_985a3c2b1f35f67d
journey_001f48b35f467f6a,event_b68e1feb28582b57,HAS_EVENT,2,rel_98722183528e052c
journey_055a045d7a3279bd,event_4cb0d2c3be3211ee,HAS_EVENT,10,rel_98e3c9c25e27ef2a
journey_0a3397d6eb8292b0,event_2ee0ac4400e0f415,HAS_EVENT,5,rel_9926dbc8190b9586
journey_0652646fbcd1933f,event_ed82a4d59c897514,HAS_EVENT,33,rel_99298e89f579dbba
journey_0f3e75273b110030,event_79003b0093acf8d4,HAS_EVENT,1,rel_9937a930bd317469
journey_0ef8ede614ce9923,event_7d6e430418fa3afb,HAS_EVENT,20,rel_99715369e1585090
journey_03f63a8fd4e5f4b3,event_37ed230b4473df5d,HAS_EVENT,9,rel_99c4c51fab6da710
journey_0c36a03616fe39a6,event_0e62bdbb2db76135,HAS_EVENT,15,rel_99f4d589e054a65f
journey_09f65329edb82ae6,event_b7eef667480a011c,HAS_EVENT,4,rel_9a0d6f8021958a5d
journey_07c98ab09702ef77,event_4dc9b568f754690a,HAS_EVENT,21,rel_9a0ec3384cd5cb49
journey_030758307e636809,event_3576f62e9747c94c,HAS_EVENT,4,rel_9a407a32e798eae4
journey_0977c7cde828fef7,event_3ee2245c78aee132,HAS_EVENT,2,rel_9a445e4009cb0a73
journey_0652646fbcd1933f,event_0c4b59a7300eb675,HAS_EVENT,51,rel_9a55869ee4b4f30d
journey_05a111b1bd1b4b9c,event_418b3970261587a8,HAS_EVENT,3,rel_9a62667835979d31
journey_04229c66d6d4e062,event_bfa5a83e977a5dc3,HAS_EVENT,2,rel_9a6a58465e498944
journey_037788f520c9416e,event_3e081be011c0534f,HAS_EVENT,27,rel_9a795c8b67a6b812
journey_0b5a8a3698ef0883,event_d34c498bcc7dc4ac,HAS_EVENT,11,rel_9a976b779872e7b8
journey_08fe51e3f898596b,event_cd2728e3108171c1,HAS_EVENT,7,rel_9a97b098bac20c3f
journey_0ac2075c25a38823,event_f60ed5921db0737d,HAS_EVENT,3,rel_9aaef9b9f5043cca
journey_07342d1810a9c1a9,event_106d942ed3b8678a,HAS_EVENT,15,rel_9ab1cfa0ad0b8784
journey_0a3397d6eb8292b0,event_5d718c71ccde6acf,HAS_EVENT,8,rel_9afe55ec56bd9a9d
journey_0c17acf4574589a6,event_dd699679ea4b087b,HAS_EVENT,10,rel_9b0077ddad110219
journey_0438160eb69f5417,event_3f8b8850f5fb165e,HAS_EVENT,1,rel_9b0fcd1f9f2af86d
journey_0b462c3434f4bb58,event_d894b43fa1dcace4,HAS_EVENT,21,rel_9b1491297e346daf
journey_0718d82cde80d5e6,event_abfdede99bda9431,HAS_EVENT,10,rel_9b2515d4e9a28b4b
journey_030758307e636809,event_1d34d3d767b64079,HAS_EVENT,8,rel_9b29bfc4852d2928
journey_04d996cf8a05753f,event_6f07af5d0cea7c4c,HAS_EVENT,3,rel_9b779284147ffb3c
journey_01f39b6b07110387,event_962b0feacc647cc1,HAS_EVENT,7,rel_9b7b98b1c0f4d923
journey_08009c264647a155,event_6224f9c92c3a6003,HAS_EVENT,18,rel_9b81fec1a89252ba
journey_010f675f34e9ad85,event_99b9b6851a329602,HAS_EVENT,15,rel_9b9a33f3d53b98f4
journey_086941e4b7679b30,event_ec6303902f976906,HAS_EVENT,8,rel_9b9c59a921571297
journey_04d996cf8a05753f,event_66c7b4338244af10,HAS_EVENT,2,rel_9bd3326b432b5e10
journey_0652646fbcd1933f,event_8ae0690b15a2a779,HAS_EVENT,27,rel_9be2f418ab1bfffb
journey_0375f3ee411c44f1,event_78a325b3078042fd,HAS_EVENT,3,rel_9c1c05ef363fa3ee
journey_0863dc6898eed3b2,event_88908c33df8cd437,HAS_EVENT,9,rel_9c21b53f2236c945
journey_04229c66d6d4e062,event_d34fd37fb0594a88,HAS_EVENT,22,rel_9c43e2a25e457aa2
journey_04e76f150912f80a,event_84cfdbe579b2f1dd,HAS_EVENT,21,rel_9c67e2e1d6cf79a9
journey_03ede6f35b7b3aa5,event_c30dca219866f7d5,HAS_EVENT,4,rel_9c8dff008229c299
journey_077d747141a3a710,event_d0a4232a00734d3a,HAS_EVENT,25,rel_9c9d556eddcc5ae7
journey_0ac2075c25a38823,event_ff89336390085fa9,HAS_EVENT,21,rel_9cae334f87188f0b
journey_07bd3aa6883b0d24,event_48ae17fcd2ef97c7,HAS_EVENT,14,rel_9cc35e7423aee11f
journey_0863dc6898eed3b2,event_da0cf932556747c5,HAS_EVENT,7,rel_9ccc294af1d508c9
journey_010f675f34e9ad85,event_fc2380224f4228eb,HAS_EVENT,1,rel_9cd1eed5ce678b40
journey_0c1480bf367e9c30,event_b1f9f31983e6151b,HAS_EVENT,1,rel_9cd5611933d3117d
journey_0a3397d6eb8292b0,event_a7613a9a5f3b403a,HAS_EVENT,14,rel_9cf6f66f654c0d0b
journey_0438160eb69f5417,event_177fca81e56685ef,HAS_EVENT,16,rel_9d0f5a5c4a061c3c
journey_040946f7bde6e067,event_9070dcb6af310a03,HAS_EVENT,6,rel_9d36af96b3eedacf
journey_030939ca762232fd,event_ed3619e16cb1763c,HAS_EVENT,10,rel_9d6a9f7f675a697d
journey_04229c66d6d4e062,event_a8cc78281194110d,HAS_EVENT,10,rel_9d7b52ed030480a8
journey_0bd713f03685e67f,event_362620ad143aa078,HAS_EVENT,2,rel_9da9b94fe0ee4a74
journey_0c36a03616fe39a6,event_0675fb7f08988e7a,HAS_EVENT,37,rel_9de4122b4905b2a1
journey_039964ccc99d0f5e,event_82d16d3839821490,HAS_EVENT,3,rel_9dede1ce7a8fca29
journey_0a39b3e5bdd6f593,event_f0b35b8de8003745,HAS_EVENT,3,rel_9df00a9bf628914c
journey_0c36a03616fe39a6,event_d14281217ebf7a22,HAS_EVENT,23,rel_9e0934c300316082
journey_08a1075ffc45f65d,event_c7cc4d18b811e805,HAS_EVENT,27,rel_9e493299661ff64d
journey_02f38ab7b5b4fd53,event_55808639427cdd53,HAS_EVENT,4,rel_9e75a516753564f6
journey_08a1075ffc45f65d,event_06a2839d23165d02,HAS_EVENT,7,rel_9e7ad4a014390552
journey_040946f7bde6e067,event_4958c3d4dc878732,HAS_EVENT,11,rel_9e85b4c99889f4a3
journey_05bd4dfcf077d2f0,event_90cc5f22120e5297,HAS_EVENT,3,rel_9e92c580089cc704
journey_0820a2dc706a50d8,event_f0e13515d734980f,HAS_EVENT,4,rel_9eb329fa999a3178
journey_028f8fab5f573320,event_50accca54e7f1208,HAS_EVENT,1,rel_9ee712cbd0e5a2c8
journey_03c181037ac4621f,event_c6bf5b5662400c22,HAS_EVENT,1,rel_9eeb584806a053a0
journey_077d1881bf5e72bc,event_cf73fe681005d4a4,HAS_EVENT,25,rel_9f0038321fb9056e
journey_04e76f150912f80a,event_d2188aa7bfb413d0,HAS_EVENT,15,rel_9f077dd476a185a5
journey_04d59893e6ea1a66,event_f7aad3e3b44a94b0,HAS_EVENT,12,rel_9f41274bda36c001
journey_0bbac249810914a1,event_89e493c498c83fa1,HAS_EVENT,13,rel_9f48cd75b0c9457c
journey_04cdd87cbada456b,event_dcc14b518e7ac975,HAS_EVENT,39,rel_9f58d5ad77511048
journey_077d747141a3a710,event_d3e4d0eb9417ec99,HAS_EVENT,5,rel_9f97fb57d36815ed
journey_04229c66d6d4e062,event_378105568b2369c3,HAS_EVENT,7,rel_9fed6dbcc78b4f75
journey_04d59893e6ea1a66,event_d425d4cc40296e53,HAS_EVENT,16,rel_9ffcb42fdc8b45ec
journey_06bf978ade373c1c,event_a469bd3ba8f3f3b4,HAS_EVENT,3,rel_a07a8cd6c809ef92
journey_034e6f00c1820253,event_2db9066d4a46b272,HAS_EVENT,3,rel_a08c9b27e9c81183
journey_0652646fbcd1933f,event_bf8891c029c1af39,HAS_EVENT,19,rel_a09cde9c130d33d1
journey_043636a6b432d26f,event_36e6f8c5fdf581cf,HAS_EVENT,15,rel_a0a9b87d8cb0e18b
journey_0f5c96aa7fb8b44b,event_008ec71ce5fdae11,HAS_EVENT,1,rel_a0d3dcca9c359942
journey_0d19fe5b32806e84,event_5deb8dd60668a00f,HAS_EVENT,6,rel_a103aea68e80bf28
journey_01ddcf161db71c85,event_72192f85d8049da4,HAS_EVENT,2,rel_a10dbedc1d88deee
journey_02c937dfc1d9002d,event_64cfbc206e663757,HAS_EVENT,4,rel_a10f87ff8c0d22f3
journey_02c089e858ac8a9a,event_0a8bd5c0b2dca7c9,HAS_EVENT,3,rel_a137aeb8c56408d1
journey_0a37552faf7934af,event_3cc6e80b4d208c29,HAS_EVENT,12,rel_a156dec14940918c
journey_097f3a0f0eb74689,event_e0da9bbe8b3e0a83,HAS_EVENT,1,rel_a161c25380d37f46
journey_07a38ead4ed81eae,event_23f7ef42ee9956de,HAS_EVENT,3,rel_a19b4629ee2739b2
journey_04d59893e6ea1a66,event_4e0142af433a7b37,HAS_EVENT,8,rel_a19ef01b4c3ec7b5
journey_0255b5dd845e6f52,event_80f3778e960bbf25,HAS_EVENT,1,rel_a21ab0a60ba29c43
journey_0200246993a4e940,event_0d0ebcf2927695ac,HAS_EVENT,11,rel_a21d6e7c7616462d
journey_0318dac2b74f2020,event_3c552f07c7f9eef9,HAS_EVENT,8,rel_a22172e24fee6934
journey_0652646fbcd1933f,event_8b62434f10aaa802,HAS_EVENT,18,rel_a229cd49c1a6d664
journey_0652646fbcd1933f,event_5a49ea99e03aad6e,HAS_EVENT,48,rel_a25ed257cb9ec036
journey_0200246993a4e940,event_6e64ba164ade024a,HAS_EVENT,4,rel_a25f450c3a57b45b
journey_0a5df288fa8fb95f,event_f93627f4b4f906b2,HAS_EVENT,6,rel_a290ba8a7d9040c1
journey_0ec968dd6e7f114d,event_ec16c1c51f62abc7,HAS_EVENT,1,rel_a298082b9ca83dc9
journey_0018fb0aebfc5760,event_1399abdd2b57198a,HAS_EVENT,13,rel_a2a9ca0528083dde
journey_04b1b98ccd932b64,event_219e33ae5f00d01f,HAS_EVENT,1,rel_a2b44c53f980eb9f
journey_005de666633f65f1,event_451bf44ef0b5daf5,HAS_EVENT,29,rel_a2fb5c10db1be0d8
journey_0a6d048eb5cbb6de,event_e57e2a72a4d9d4c2,HAS_EVENT,21,rel_a30d7a37c7702116
journey_0e6f3bfb0ab3e32d,event_c5753a56776d3b7b,HAS_EVENT,5,rel_a3274448c4fc20cc
journey_040946f7bde6e067,event_2880bc56f92d93a0,HAS_EVENT,16,rel_a33c449834f6c892
journey_030758307e636809,event_eba1675a0f76d7db,HAS_EVENT,1,rel_a33dcb9faee4ced5
journey_0ec45cabe96ab4b8,event_34475874854c8524,HAS_EVENT,19,rel_a361fb6e4f114ca7
journey_0e2afd2af3af5d9b,event_a51328ec9542ead8,HAS_EVENT,7,rel_a367a27ffecfe38b
journey_08fa9ca2aea5d237,event_713e87f3eb864574,HAS_EVENT,6,rel_a373bac610db2ddd
journey_0084364b888cebbe,event_ba5bd948c0348195,HAS_EVENT,8,rel_a383cf76a8e29076
journey_0a1db03a1e1971e5,event_22a1ebfe7edec532,HAS_EVENT,2,rel_a39655f7ee6ea755
journey_0bbbe7cfe60cf4ff,event_6d2e68a386c796dc,HAS_EVENT,2,rel_a3992d5d1d0facec
journey_0b5a8a3698ef0883,event_4b2829195f569923,HAS_EVENT,16,rel_a3ba2cb57204389f
journey_0954febf7336cab6,event_9ec6df54f1d1a4c7,HAS_EVENT,6,rel_a3c2cc458df9077e
journey_030939ca762232fd,event_39e69407426b61a5,HAS_EVENT,7,rel_a3c66d9958faebed
journey_0ec45cabe96ab4b8,event_aedb7277ab120039,HAS_EVENT,40,rel_a3dac82e8162b288
journey_08cd90a94fd158a8,event_20660517f9c6a7c8,HAS_EVENT,11,rel_a40e2fbdb73c5e94
journey_0bbac249810914a1,event_dad5e74d3f8d0b65,HAS_EVENT,4,rel_a429c292fe47b70e
journey_0e891b170a6278b3,event_6057e6390c495528,HAS_EVENT,3,rel_a48c024004824e4f
journey_03ede6f35b7b3aa5,event_d10e7db6f46833e9,HAS_EVENT,18,rel_a49ddd42d6eeba66
journey_08cd90a94fd158a8,event_d3fa05490aac63e8,HAS_EVENT,14,rel_a4c5e266953f1e08
journey_023d2c2f4e1e85bc,event_4d5c0a72a68634f4,HAS_EVENT,12,rel_a4dc5f424c0c51fc
journey_0c723e653015be88,event_dfe9018f5b0f81be,HAS_EVENT,12,rel_a4f9be2fb078c966
journey_040946f7bde6e067,event_986a4281bca9c2c4,HAS_EVENT,14,rel_a52a734971d2f8a2
journey_0ea24cb475d6ab8c,event_11a96f71b3a699b2,HAS_EVENT,6,rel_a53ab25a83af0e92
journey_0bd713f03685e67f,event_070b49f5e2a1879d,HAS_EVENT,3,rel_a558daa32a7625ca
journey_015c3ce384a11c60,event_035aa9fc65cae8e6,HAS_EVENT,14,rel_a55e02d696b1b5e3
journey_0954febf7336cab6,event_392b001d2ecb9acd,HAS_EVENT,3,rel_a5ae205f4fc4ff67
journey_0ac2075c25a38823,event_63d7b9baddc99596,HAS_EVENT,12,rel_a5b18441da392253
journey_0c36a03616fe39a6,event_18d4c57d0fec0428,HAS_EVENT,22,rel_a5c2bf4a289c9e7d
journey_037788f520c9416e,event_2f81c35e2ca334c3,HAS_EVENT,1,rel_a5d27e071aab3e45
journey_0652646fbcd1933f,event_63f7c36283cb2504,HAS_EVENT,53,rel_a5e8e3e77615edca
journey_0c36a03616fe39a6,event_cfdecc924f0330f9,HAS_EVENT,29,rel_a5e92c5fa16d7311
journey_03ede6f35b7b3aa5,event_35729cae58a08147,HAS_EVENT,14,rel_a5f2d70ee7ca418d
journey_0eb920b51a663852,event_554d594b47ee4553,HAS_EVENT,18,rel_a5f3c65593edc6a9
journey_0eff376525816688,event_1381ef5334904c14,HAS_EVENT,3,rel_a616ba144004ca9d
journey_030758307e636809,event_72c6cea64dcde940,HAS_EVENT,7,rel_a658fcea9638b88d
journey_0eb920b51a663852,event_d9ff4462fa9009f4,HAS_EVENT,14,rel_a65db6d4e2baacfd
journey_0652646fbcd1933f,event_a99332c75558ccad,HAS_EVENT,20,rel_a6be8330471a7c09
journey_09f65329edb82ae6,event_34a54eb654c12c56,HAS_EVENT,13,rel_a6c419ae2d343e01
journey_0954febf7336cab6,event_0faa2897add600fe,HAS_EVENT,17,rel_a706a13c6e160640
journey_0652646fbcd1933f,event_19e6952619bec0e6,HAS_EVENT,6,rel_a70c864ef533955f
journey_0555f5ac40a4470e,event_b8549475090d8bc0,HAS_EVENT,22,rel_a7148ee139499b61
journey_0b5a8a3698ef0883,event_30f55ee99df97dbc,HAS_EVENT,25,rel_a720675fe2352814
journey_03d5f30098f68b7c,event_caae3497cc7f9b30,HAS_EVENT,4,rel_a747406257a7cb7e
journey_09eff3cd5d755e39,event_12334dd58f145b5b,HAS_EVENT,2,rel_a77f657847a70023
journey_00dc41bfddce21b7,event_a257621ba912ce72,HAS_EVENT,30,rel_a785c8135e72a5db
journey_04ea54419774d635,event_a13602c0ec328a04,HAS_EVENT,6,rel_a797e46580bad48a
journey_01efead88e502d57,event_2cb53318d6913c60,HAS_EVENT,2,rel_a79d9bd3734ee36b
journey_016e631ad76203ee,event_2694ccdd09b31c3a,HAS_EVENT,7,rel_a79fedba9ac8a360
journey_008ec6a703240121,event_62a9fd173e0679a6,HAS_EVENT,11,rel_a7a060d135882d50
journey_00e84d6047546261,event_1c590ec1cd950958,HAS_EVENT,11,rel_a7a4ddb428e5ba3f
journey_00dc41bfddce21b7,event_886ebbbf7f1b009f,HAS_EVENT,11,rel_a7bb9a379ce5883d
journey_04aa962e5d2899ee,event_f3d945f7369ed986,HAS_EVENT,10,rel_a7c1f7ead2e6f222
journey_0a5df288fa8fb95f,event_8907e05b2a11444a,HAS_EVENT,1,rel_a7cf9e77c4181b46
journey_0954febf7336cab6,event_47ac55ae82069cb8,HAS_EVENT,35,rel_a802f084354392bc
journey_0a39b3e5bdd6f593,event_d4f0474b1a03dcae,HAS_EVENT,15,rel_a8057a2e77a74743
journey_023d2c2f4e1e85bc,event_fea0eae2bdb885c8,HAS_EVENT,13,rel_a81cdb087064f917
journey_08009c264647a155,event_fec90e556a12166f,HAS_EVENT,6,rel_a84c61bfd08fb1f1
journey_0438160eb69f5417,event_b093a3208e7509df,HAS_EVENT,8,rel_a851adf0958f940d
journey_0a37552faf7934af,event_225ffa012229ffcf,HAS_EVENT,5,rel_a861607d585dbd68
journey_02c089e858ac8a9a,event_ec35b98055f94119,HAS_EVENT,2,rel_a86531a603ba81f9
journey_0ac2075c25a38823,event_fbdf8e1915e4961c,HAS_EVENT,24,rel_a89654735affdec5
journey_04638941087939af,event_3a243cd7caca8d05,HAS_EVENT,2,rel_a89f58e9a6928ca7
journey_0eff376525816688,event_c05531be16defa16,HAS_EVENT,11,rel_a8b4cd529d257621
journey_0652646fbcd1933f,event_bd42db5546c75286,HAS_EVENT,32,rel_a8c5072511fb6963
journey_03f63a8fd4e5f4b3,event_3d694c4785a458cc,HAS_EVENT,16,rel_a8c99d86d5768efa
journey_0942ba5c20a03a2e,event_718710573f4faf2e,HAS_EVENT,10,rel_a8cd1f50858834c5
journey_02c937dfc1d9002d,event_e5bec07c6e9b25da,HAS_EVENT,6,rel_a8f39c4114193a15
journey_0ef8ede614ce9923,event_b351089b34bc3a69,HAS_EVENT,2,rel_a8f562d49446416f
journey_0a39b3e5bdd6f593,event_ce36d976298570f1,HAS_EVENT,5,rel_a8f60ac1b22a8bee
journey_07c98ab09702ef77,event_9fa8bc6f50dfe603,HAS_EVENT,25,rel_a8f9add8b68b1f46
journey_01efead88e502d57,event_10424923f5b98a87,HAS_EVENT,11,rel_a902f7c1e1af5c77
journey_0718d82cde80d5e6,event_37a4d7449f60ca4f,HAS_EVENT,13,rel_a919502f547630eb
journey_043636a6b432d26f,event_a493c3731bdcea70,HAS_EVENT,12,rel_a91b648a21ae4df8
journey_09c4c72abda202c4,event_994df33ade388099,HAS_EVENT,4,rel_a92d16f576aaff06
journey_065eb43e925c9da2,event_1684cdb838a8a09c,HAS_EVENT,1,rel_a9694170674b2cd3
journey_0a6d048eb5cbb6de,event_34643d703c01d9a9,HAS_EVENT,1,rel_a9a4b201017bad25
journey_0b5a8a3698ef0883,event_6bc0650ca0887498,HAS_EVENT,47,rel_a9f5ce35c72ef789
journey_0901904ee565d5ef,event_d833c94647581657,HAS_EVENT,10,rel_aa03f62dd6789fa1
journey_0b2c87a3d71b8b01,event_56a173b8b497fba2,HAS_EVENT,4,rel_aa64e4616ed02d8b
journey_06f962cf4100acf4,event_adb888b5bdcf30ea,HAS_EVENT,1,rel_aa780a5275ba93ca
journey_0d1aebd6f04115e7,event_f51aa3ea5b60d9d0,HAS_EVENT,9,rel_aa8bd1afef89e2f6
journey_0a39b3e5bdd6f593,event_a1c7f87b6c2f6bb2,HAS_EVENT,14,rel_aa97af0b5871c9b4
journey_04aa962e5d2899ee,event_13b921ecf81aad5a,HAS_EVENT,11,rel_aab1daf0bb1918dc
journey_0ec968dd6e7f114d,event_b53bc9fcc7b45457,HAS_EVENT,14,rel_aab8c5d58de681a0
journey_01f355e4a6ce1e9b,event_428e49e56734827e,HAS_EVENT,8,rel_aac1a26d200b4333
journey_04229c66d6d4e062,event_f2b4545262408746,HAS_EVENT,14,rel_aad3ba575b894ed7
journey_0eb920b51a663852,event_7bd4d43daad39bcb,HAS_EVENT,15,rel_aadc5ce6376df79e
journey_0942ba5c20a03a2e,event_e33597701dfe8b1c,HAS_EVENT,21,rel_aaebed8f52057d9f
journey_07342d1810a9c1a9,event_8dbd8ec32780e141,HAS_EVENT,21,rel_aaf30de1232c57cf
journey_04e76f150912f80a,event_077b15db55ca5d45,HAS_EVENT,12,rel_ab0df93ed3a3acba
journey_031cb56bd035e0e2,event_af9ed4ffee11f208,HAS_EVENT,1,rel_ab100977862f9215
journey_005de666633f65f1,event_9277d7a54dc78a3a,HAS_EVENT,22,rel_ab2272a7eec496ce
journey_0bc159b013e7f128,event_e864976dd78f634f,HAS_EVENT,1,rel_ab26e886ff90bbba
journey_0093db3951fbb03a,event_08c71db44acaa482,HAS_EVENT,2,rel_ab35f4265c60eb09
journey_0631e25e54c5ba92,event_7c3553b53a21b292,HAS_EVENT,3,rel_ab3890e53782d20f
journey_04e76f150912f80a,event_2ee0c69c112ac87e,HAS_EVENT,24,rel_ab8489147f637fcf
journey_09a16d755f051a41,event_8e26b24c1d853cd8,HAS_EVENT,1,rel_abac445c17f201ac
journey_0a6d048eb5cbb6de,event_57a622dced613f25,HAS_EVENT,22,rel_abb259006860bbef
journey_043a98a44a6f011e,event_8a4168ebc15be058,HAS_EVENT,1,rel_abb759b4d2c6e250
journey_0200246993a4e940,event_3464bb79cb303a99,HAS_EVENT,12,rel_abb8f3f0da319e59
journey_09374fb1ae19bf7d,event_254ea0e3f9b2e0b0,HAS_EVENT,8,rel_abc19326b98c54f5
journey_0310a9963eca3fde,event_a959bed92476162c,HAS_EVENT,1,rel_abc92d3b5b1c871e
journey_00dc41bfddce21b7,event_43419e8e1c17a207,HAS_EVENT,12,rel_abf3b7f18ca573ac
journey_04229c66d6d4e062,event_dc6e1d8e9f839ae3,HAS_EVENT,24,rel_ac0d4dde15697270
journey_0e90471631c0e803,event_af5c95ec161039bc,HAS_EVENT,1,rel_ac0e60ebf20ca5a9
journey_020470103155b640,event_c041a7a43b75703f,HAS_EVENT,8,rel_ac2e019febd7aa0e
journey_0a6d048eb5cbb6de,event_6856c0ec9bb26884,HAS_EVENT,36,rel_ac7615b6561aa0ff
journey_0b462c3434f4bb58,event_dbf647e93493b838,HAS_EVENT,2,rel_ac7a38d026265e30
journey_01f355e4a6ce1e9b,event_9ac077a2510e6002,HAS_EVENT,5,rel_ac82307b378204d8
journey_0954febf7336cab6,event_f1cb8a988f84dd94,HAS_EVENT,25,rel_ac8386e67d2d6ea9
journey_077d747141a3a710,event_04344cb88d596e20,HAS_EVENT,4,rel_ac910b4440bff341
journey_0dda3d318026cd06,event_239fda8d6455d6b7,HAS_EVENT,2,rel_aca237c116e6304f
journey_0c36a03616fe39a6,event_677763015fe8bafe,HAS_EVENT,1,rel_ace46c87c1821f23
journey_01b7c59b95a3ab8c,event_5bf8a19507e7ce3b,HAS_EVENT,3,rel_acf75f697ae1e67f
journey_09efa9b84e191606,event_9a7a2e50702f1139,HAS_EVENT,3,rel_ad1ca4a77a21830d
journey_0a9c365a85275b53,event_62709eb27cd7d53b,HAS_EVENT,2,rel_ad1d8bbf47e9f4c5
journey_086f2c65ad54008d,event_274c08a7d52d54a4,HAS_EVENT,11,rel_ad22f917af10aa51
journey_094f54d72d7a3f6e,event_04bfdbce7dcd1b7f,HAS_EVENT,1,rel_ad23d54c8a2fc787
journey_0a6d048eb5cbb6de,event_5fb9262eae96cac9,HAS_EVENT,23,rel_ad3e593cd6d0eb53
journey_07bd3aa6883b0d24,event_55b9849b1e2f6200,HAS_EVENT,10,rel_ad40cbb3a8d53b75
journey_0bd713f03685e67f,event_a1311698e9cffe49,HAS_EVENT,4,rel_ad964136091a9c56
journey_016e631ad76203ee,event_338ae46867e4d443,HAS_EVENT,6,rel_addc41fef14b00ec
journey_04d59893e6ea1a66,event_3d8a64c6728493a3,HAS_EVENT,19,rel_ade514c967e8b4bd
journey_0c53019463fc52a9,event_ba112d86b79a208a,HAS_EVENT,4,rel_ae1c77e08a679e5a
journey_09c4c72abda202c4,event_237af3e8aa99be06,HAS_EVENT,3,rel_ae21f27b5ead1448
journey_0ec45cabe96ab4b8,event_6f20ef0b35b4ab9c,HAS_EVENT,33,rel_ae2d8e67ab3a273e
journey_0ec45cabe96ab4b8,event_32f58c1789ec0907,HAS_EVENT,20,rel_ae5045fa7386632a
journey_03d5f30098f68b7c,event_02c9f5c807059bb2,HAS_EVENT,8,rel_ae778841ccaf38e2
journey_086941e4b7679b30,event_e141f660c3d7e8df,HAS_EVENT,5,rel_ae9c0809c36977e2
journey_028f8fab5f573320,event_ee12717208e5fe3e,HAS_EVENT,5,rel_aece6e78dc2935f4
journey_028f8fab5f573320,event_05f955dc8331e5b4,HAS_EVENT,3,rel_aed974b46b82b955
journey_01f355e4a6ce1e9b,event_a6eebe91ed0503dd,HAS_EVENT,9,rel_aefc718b79f5da4b
journey_09374fb1ae19bf7d,event_302331e2235e1e74,HAS_EVENT,6,rel_aefda375309d5fc8
journey_0ac2075c25a38823,event_46e772cbff833325,HAS_EVENT,22,rel_af19bc8484bac99f
journey_05b56365868f8a3d,event_e15e0b885b6aa9e1,HAS_EVENT,2,rel_af388e41f6a7e7f0
journey_037788f520c9416e,event_fcf156d146d3c6ce,HAS_EVENT,8,rel_af573aae1a104b27
journey_0bf20c049e0f269e,event_24f969355bcb0632,HAS_EVENT,3,rel_af594a0158da1906
journey_0652646fbcd1933f,event_2fa0b7affa2cf0f6,HAS_EVENT,14,rel_af9e0e4c1a1d3af5
journey_0a37552faf7934af,event_e05c4096ebf73558,HAS_EVENT,7,rel_afce0181bff37f64
journey_043636a6b432d26f,event_410815a75a0fe97e,HAS_EVENT,6,rel_afce03be8f0405e6
journey_0edcde79e8a2af23,event_300d70c1ef2b9b05,HAS_EVENT,5,rel_afd7ab20f9a250fd
journey_06635fddb1dd2148,event_c3a7c012cd7b3143,HAS_EVENT,7,rel_afedde13590d7118
journey_020470103155b640,event_10680c229160962e,HAS_EVENT,1,rel_affd6deb76370968
journey_077d1881bf5e72bc,event_308381de01f41f40,HAS_EVENT,26,rel_b0045c2d74772ac6
journey_0b5a8a3698ef0883,event_3fea3c59f1a4841c,HAS_EVENT,19,rel_b013ef6747f6baf9
journey_08e7ff87651e6561,event_42f3bb51b13668a4,HAS_EVENT,4,rel_b052c09557fb15b4
journey_0ec45cabe96ab4b8,event_a0c2270f3fbbf9da,HAS_EVENT,38,rel_b06c03b939e4a1e8
journey_0a5df288fa8fb95f,event_72ea95917b3355a5,HAS_EVENT,4,rel_b073a48ea0597cf2
journey_0124675a73fec123,event_06e49e88d3fb4b4f,HAS_EVENT,2,rel_b084b031a8e7e806
journey_09f65329edb82ae6,event_ad7ee52b2d86f03d,HAS_EVENT,17,rel_b0ad278b616deb27
journey_0438160eb69f5417,event_a72830b9f60095c9,HAS_EVENT,6,rel_b0ae57c5dfcbbaeb
journey_09374fb1ae19bf7d,event_0438fd2f490b8086,HAS_EVENT,5,rel_b0be8e03e6a156c7
journey_0438160eb69f5417,event_d52a4df1c50c03d1,HAS_EVENT,22,rel_b0c6e04797ec78c7
journey_06449cdb0fe604e1,event_b12e4dbff89d5a34,HAS_EVENT,1,rel_b0d55ef94072bc73
journey_09eff3cd5d755e39,event_7164d682781f6cb0,HAS_EVENT,6,rel_b100d633229edcfd
journey_0b51d38476686c9c,event_052ba2a20cf6e085,HAS_EVENT,2,rel_b13454e90e48f509
journey_00000224b6fef003,event_301b8633dc0ccc62,HAS_EVENT,3,rel_b13954bdfa83483b
journey_0ee005773c78bc69,event_8cec4a8fb0956052,HAS_EVENT,1,rel_b17aac5b3fb69b3b
journey_08009c264647a155,event_e953e1051bf0db48,HAS_EVENT,5,rel_b1c30d674be9db20
journey_04cdd87cbada456b,event_8261625da3e6ba43,HAS_EVENT,24,rel_b1d568704a5b65e5
journey_0901904ee565d5ef,event_a14e2b543684f619,HAS_EVENT,28,rel_b1e732085f3374c1
journey_076a67055c35b09b,event_9eb3d809a62f8a20,HAS_EVENT,15,rel_b1fe1740638b8f16
journey_044de88c2ee5e5d0,event_3413a48c3b9bdaef,HAS_EVENT,5,rel_b203e0c6c0a7bf61
journey_0652646fbcd1933f,event_b8b89745be11e23f,HAS_EVENT,50,rel_b20b9e58ea009ec6
journey_0f3e75273b110030,event_dd90b0301356824a,HAS_EVENT,3,rel_b22097508d575731
journey_0bbbe7cfe60cf4ff,event_bc6b4b48f93f1e19,HAS_EVENT,6,rel_b22d2f814d31f5f3
journey_0a19df9b0a25db8a,event_b12812dd6b4b7c5a,HAS_EVENT,2,rel_b274292ad6f04262
journey_06cdffba90bb4221,event_d0a9b5c8a664dc86,HAS_EVENT,7,rel_b2940e573619661e
journey_0155218a2a25d323,event_f173f24e91554a05,HAS_EVENT,1,rel_b2e24542c0e16e76
journey_010f675f34e9ad85,event_96bf93f1d6d4bc5f,HAS_EVENT,32,rel_b2ff80e5474ff93e
journey_0ac2075c25a38823,event_b4bb740d4b8ef339,HAS_EVENT,26,rel_b3049e2785d9809c
journey_03e27b947c0c4db8,event_d19f9bc1c410bdfc,HAS_EVENT,4,rel_b3277ea3da42fdb1
journey_0c4a656a8f10c5b9,event_f9f205098f702a60,HAS_EVENT,15,rel_b34cc25f6a6edc51
journey_0863dc6898eed3b2,event_4356f140a28ad44a,HAS_EVENT,1,rel_b35cf9423dc4afbc
journey_07342d1810a9c1a9,event_22e4450c21196f0c,HAS_EVENT,12,rel_b36511de04ea480b
journey_0c36a03616fe39a6,event_1c08e8c63b40cbd4,HAS_EVENT,20,rel_b36a3fe7a4db5424
journey_0ac2075c25a38823,event_c61c6342e09aae7b,HAS_EVENT,27,rel_b36fff612e0d13de
journey_077d747141a3a710,event_4ac74a6d80fcacc2,HAS_EVENT,22,rel_b37c53f3d5fdc800
journey_0c723e653015be88,event_9fba58b2e32252d8,HAS_EVENT,8,rel_b3b37135b7cc8e60
journey_0ec968dd6e7f114d,event_61b2cbea2985f2d5,HAS_EVENT,11,rel_b3bc7bd86ec40c5f
journey_00dc41bfddce21b7,event_4b99392abfdceefc,HAS_EVENT,3,rel_b3da3c20a3d682d6
journey_0863dc6898eed3b2,event_2e91bee13d19dc7f,HAS_EVENT,13,rel_b3dcd482cee446e4
journey_0b5a8a3698ef0883,event_1f45bedeb2d7133e,HAS_EVENT,12,rel_b3ddb5097cb6a1d4
journey_022b66dce02052b0,event_1c16ee257c34f44b,HAS_EVENT,13,rel_b4164de99f02cf22
journey_0942ba5c20a03a2e,event_da5ec5987c07acae,HAS_EVENT,2,rel_b423f5f14c6b0680
journey_04e76f150912f80a,event_04167b5b8f01cba4,HAS_EVENT,37,rel_b428462e8599e596
journey_015c3ce384a11c60,event_58ae88c9abb965fc,HAS_EVENT,1,rel_b4617a0afa8cc912
journey_010f675f34e9ad85,event_b2e5eef08db40ae2,HAS_EVENT,12,rel_b474521e6ac2d00d
journey_0318dac2b74f2020,event_52615ab805585256,HAS_EVENT,10,rel_b482c878f8bf996b
journey_04d996cf8a05753f,event_00ff2fb320df6584,HAS_EVENT,1,rel_b4951e118a46bd79
journey_07a38ead4ed81eae,event_95bf6308adcc8de4,HAS_EVENT,4,rel_b4c4144953d8046f
journey_0ef8ede614ce9923,event_6fcd3fe565ee33d3,HAS_EVENT,15,rel_b4fa3c40cc7a43b9
journey_04e76f150912f80a,event_b0c648583f373be1,HAS_EVENT,34,rel_b518d84ebea22d06
journey_0a6d048eb5cbb6de,event_36930ce508a31160,HAS_EVENT,13,rel_b53f2c44a9d12c7b
journey_04e76f150912f80a,event_6903a1c2e6ea98ef,HAS_EVENT,29,rel_b53fd555840888f8
journey_0edcde79e8a2af23,event_9be397e9494b681e,HAS_EVENT,2,rel_b5472db64e1c3ac3
journey_0dda3d318026cd06,event_5ab5b1dafe951e85,HAS_EVENT,6,rel_b55a8a4936d528b5
journey_030939ca762232fd,event_d751e15c1283b581,HAS_EVENT,13,rel_b571508df3bcb392
journey_05ff06973ad8c20a,event_96c3581226244d36,HAS_EVENT,4,rel_b58028744c48ee8b
journey_086f2c65ad54008d,event_fb4cb90403b96382,HAS_EVENT,6,rel_b5cd7b8da6d82772
journey_01f355e4a6ce1e9b,event_1d06dd65f86b2ff0,HAS_EVENT,3,rel_b6104acdbd584dd8
journey_07a38ead4ed81eae,event_8cc0a386d918b58a,HAS_EVENT,9,rel_b61aed9f79b993a3
journey_0b97719c2c0e555a,event_fb6e251a99161dfb,HAS_EVENT,3,rel_b63f5d7d7cce963c
journey_0c36a03616fe39a6,event_2f1668a707e426b6,HAS_EVENT,28,rel_b64589fb2d12bd0d
journey_07342d1810a9c1a9,event_233798c915517d0c,HAS_EVENT,7,rel_b672dc7c2d12f08c
journey_0ae7e8fa209fa26e,event_d67f38dce190cdf1,HAS_EVENT,1,rel_b6810891cf548d93
journey_04cdd87cbada456b,event_7bd0f65427b7ec60,HAS_EVENT,36,rel_b6937c1b31a67459
journey_023d2c2f4e1e85bc,event_c238967b05a91775,HAS_EVENT,19,rel_b69fa03f352283e1
journey_010f675f34e9ad85,event_bca327f955094b5f,HAS_EVENT,23,rel_b6b11e6b58115c0c
journey_04d59893e6ea1a66,event_fac5c298d465a9fb,HAS_EVENT,15,rel_b6b4b40f6ca4518c
journey_05765f79c7ee5bd8,event_798fefd5b1e85623,HAS_EVENT,19,rel_b6c22438742c704d
journey_00f55569e6f9d700,event_7d70280409bdee8e,HAS_EVENT,7,rel_b6c4911a25cfc17f
journey_005de666633f65f1,event_22943544afd3d48f,HAS_EVENT,34,rel_b718eb19f7a7f1e5
journey_0c4a656a8f10c5b9,event_2370a57c979f27fe,HAS_EVENT,2,rel_b723ac0005b3d977
journey_0c36a03616fe39a6,event_a89ccb95c35bb065,HAS_EVENT,32,rel_b75b28d09ab1a069
journey_0652646fbcd1933f,event_8dd88c9fb06fadff,HAS_EVENT,25,rel_b775e85c2f16165a
journey_0555f5ac40a4470e,event_40b162ca80f1d097,HAS_EVENT,23,rel_b78017c97ddd05c8
journey_08a36cbac6071100,event_3834d4511c2afb6f,HAS_EVENT,4,rel_b78199285ea3c700
journey_0084364b888cebbe,event_4944592ddfdf676c,HAS_EVENT,9,rel_b78da48470a04fe9
journey_0c17acf4574589a6,event_c976dc11922edc85,HAS_EVENT,2,rel_b7b22497fb9e708b
journey_054c7fec5bfaf41f,event_90cbb3af6acf56a9,HAS_EVENT,7,rel_b7c08e30193e3240
journey_015c3ce384a11c60,event_6f3f0108b494c8a1,HAS_EVENT,9,rel_b7dcd8e4aa8034c1
journey_0b462c3434f4bb58,event_63cd9e9093e9f7b8,HAS_EVENT,1,rel_b854af0b4c8da458
journey_0ae7e8fa209fa26e,event_0b9f903096063d6c,HAS_EVENT,3,rel_b857fba89ab6bdb6
journey_010f675f34e9ad85,event_8fabecce28968a21,HAS_EVENT,10,rel_b8603af527af3200
journey_08fe51e3f898596b,event_bb24edbcab799465,HAS_EVENT,8,rel_b860a9c17e12a285
journey_08a1075ffc45f65d,event_a12ef688095dd103,HAS_EVENT,9,rel_b8743e7f25159db0
journey_08799665e7ce25bb,event_14dfa38e924d271d,HAS_EVENT,1,rel_b87742925e181469
journey_085453478c92b5d3,event_e1fe9a8c6a41e7bc,HAS_EVENT,1,rel_b89b9c8e6810e3b3
journey_037788f520c9416e,event_74ff562d6eeb1271,HAS_EVENT,5,rel_b89ce369cafdcc54
journey_0375f3ee411c44f1,event_c984b427cf81c901,HAS_EVENT,14,rel_b8ec8902b3639af4
journey_0d1aebd6f04115e7,event_dd445a34982a249c,HAS_EVENT,3,rel_b8fee5e4575b959e
journey_022b66dce02052b0,event_282ebda9778f9880,HAS_EVENT,9,rel_b9085c34142c03ec
journey_09d66f9af92fdba6,event_4eb06a36ca2c8a69,HAS_EVENT,3,rel_b9125147c1f4ba77
journey_0a1db03a1e1971e5,event_dd7d49dd52c9aab8,HAS_EVENT,7,rel_b915d2a0b7d2f055
journey_016e631ad76203ee,event_486469892893a80a,HAS_EVENT,13,rel_b94c6bdc77c3e2c6
journey_0718d82cde80d5e6,event_eb08df3f56c1ca7a,HAS_EVENT,3,rel_b9593d60f90bdc0b
journey_0bbbe7cfe60cf4ff,event_c16ac2a8622b4631,HAS_EVENT,9,rel_b9599854b935b2e8
journey_0a37552faf7934af,event_0b96ce1cd0a2f598,HAS_EVENT,8,rel_b97bee0d789e07c2
journey_0ec47b56f4670176,event_0e3bba79960d11d1,HAS_EVENT,2,rel_b97ecc578fef3bef
journey_08cd90a94fd158a8,event_1360deb6649e81ef,HAS_EVENT,5,rel_b992e9c91730d1eb
journey_0084364b888cebbe,event_c6ca89855e1431c9,HAS_EVENT,2,rel_b99dce6e00e9189b
journey_0375f3ee411c44f1,event_937187682e00ec18,HAS_EVENT,6,rel_b99f2edf590fa18a
journey_0942ba5c20a03a2e,event_59d84c1942490b83,HAS_EVENT,17,rel_b9d00a59443f35db
journey_04229c66d6d4e062,event_b923533f7eddf30b,HAS_EVENT,38,rel_b9f0e03144c71acf
journey_08009c264647a155,event_0b5c39ea5efa2414,HAS_EVENT,9,rel_b9f125b5cdd89e37
journey_04e733795f4536bb,event_4c68ae03e83c50a5,HAS_EVENT,1,rel_ba0ef9e16941de95
journey_0c6209be736efb11,event_742f7b8cab20be23,HAS_EVENT,3,rel_ba1a291edccad387
journey_08a1075ffc45f65d,event_3b763169e660a75d,HAS_EVENT,22,rel_ba2108e6e3362386
journey_077d1881bf5e72bc,event_be900b41f4b282b6,HAS_EVENT,18,rel_ba235759c5b8c7f3
journey_02c764e2db4a2a8d,event_e8b53c981f32a8d7,HAS_EVENT,4,rel_ba24d88b84c32ecd
journey_0863dc6898eed3b2,event_3207974868053beb,HAS_EVENT,8,rel_ba2b0b9d0f14537e
journey_0ba3e95be32964cb,event_16ee4985d7bd62d6,HAS_EVENT,1,rel_ba59de4d6a96f2b0
journey_076a67055c35b09b,event_b515aed574a96517,HAS_EVENT,20,rel_ba697b2e25230073
journey_0652646fbcd1933f,event_87f1a1d472741ed5,HAS_EVENT,10,rel_baa35faf49745836
journey_09f048c89b0d16be,event_7993989522b395fb,HAS_EVENT,1,rel_bad8d6dbc2bf6eb1
journey_07342d1810a9c1a9,event_7e6f1ae9532922ea,HAS_EVENT,23,rel_bb3716f060f3439a
journey_0ef8ede614ce9923,event_055098a801d8bf9d,HAS_EVENT,12,rel_bb3d85db13de7ef6
journey_077d747141a3a710,event_83dc64d5038afe29,HAS_EVENT,6,rel_bb51ae208f1af421
journey_077d1881bf5e72bc,event_126fb4bbb9ae9e64,HAS_EVENT,12,rel_bb56a57f4cafe9fa
journey_0c17acf4574589a6,event_6e952baaee5a95fb,HAS_EVENT,4,rel_bb78ef0874e54c27
journey_0c6209be736efb11,event_88551840ff73c66f,HAS_EVENT,2,rel_bb8aebd9cea1eaa7
journey_00e84d6047546261,event_17aa6165c3d5e06a,HAS_EVENT,5,rel_bb9ed42d5b13952d
journey_044de88c2ee5e5d0,event_0717fa04e945d192,HAS_EVENT,9,rel_bbb9b7515d308698
journey_016e631ad76203ee,event_20509708f68a6ef1,HAS_EVENT,12,rel_bbd5e2eadc1ea4f7
journey_007ffb4bb432b6f3,event_94035dd80717531c,HAS_EVENT,2,rel_bbe4802404090bb1
journey_0c4a656a8f10c5b9,event_68e2581e845e0eb7,HAS_EVENT,7,rel_bbecf20139d2ca70
journey_0ada0e671f28285e,event_d54769d4ed82150d,HAS_EVENT,2,rel_bc1711e3b8a93755
journey_0ba3e95be32964cb,event_cf4c6687d5dea673,HAS_EVENT,6,rel_bc228294f59c08b8
journey_07c98ab09702ef77,event_3e0321aa9d2c3917,HAS_EVENT,11,rel_bc62de9737c44722
journey_02f38ab7b5b4fd53,event_4cab022231c57b70,HAS_EVENT,2,rel_bc89851489c2f419
journey_030939ca762232fd,event_ac4dbab0b6bdd977,HAS_EVENT,1,rel_bc90a406e49242d3
journey_0006943c33455cf9,event_2b84ebabe07be471,HAS_EVENT,12,rel_bc91dc4db0412007
journey_06a12381ff961959,event_0a316d600bb4c727,HAS_EVENT,2,rel_bcde09cd2ad9034b
journey_0a37552faf7934af,event_b10c9e3ee830c330,HAS_EVENT,6,rel_bce2552d8b370d1b
journey_039964ccc99d0f5e,event_c5f4a90a6605e616,HAS_EVENT,6,rel_bce3c888ca76ba01
journey_05a111b1bd1b4b9c,event_74a39cc66c5bdd13,HAS_EVENT,5,rel_bce6e1a0642a038a
journey_0b2c87a3d71b8b01,event_7d10c4795496c5df,HAS_EVENT,8,rel_bd072ef0b471eadd
journey_04d59893e6ea1a66,event_1b86b46f0e943a50,HAS_EVENT,2,rel_bd2b0efc7a18df1c
journey_0ec45cabe96ab4b8,event_4bcf3411f6947cb4,HAS_EVENT,23,rel_bd32e866f59cc269
journey_0ec45cabe96ab4b8,event_7671ea4e77d99758,HAS_EVENT,27,rel_bd3993530fbae50d
journey_07bd3aa6883b0d24,event_3998db580375cd2c,HAS_EVENT,5,rel_bd39f4748b35262c
journey_08fe51e3f898596b,event_2dc3bc2a8a92f7b5,HAS_EVENT,11,rel_bd435d60124623ee
journey_08132a355313e455,event_ad054b09f2f27ebd,HAS_EVENT,2,rel_bd5692eac0832598
journey_02c764e2db4a2a8d,event_109433c3036dcbe9,HAS_EVENT,11,rel_bd7c3d689f4290f3
journey_034e6f00c1820253,event_70bb02819b999bba,HAS_EVENT,1,rel_bd9915abb3428eb3
journey_0901904ee565d5ef,event_5de13f8508cc8caa,HAS_EVENT,14,rel_bdb44ebcdd85e7e7
journey_0ba3e95be32964cb,event_2497f1056041666d,HAS_EVENT,8,rel_bdd417e879ed7a09
journey_01ddcf161db71c85,event_70affcecec3b8740,HAS_EVENT,1,rel_bdf8f70c4f60d032
journey_09f65329edb82ae6,event_fb0afbf3f9f414a1,HAS_EVENT,11,rel_bdf997b8e117261f
journey_04aa962e5d2899ee,event_954b7ea626c3bdb3,HAS_EVENT,4,rel_be19b4b2608179ff
journey_0ba3e95be32964cb,event_b36832a2f4f015b1,HAS_EVENT,3,rel_be1b70af42ce7f97
journey_086f2c65ad54008d,event_dd8e9ef90b0c3947,HAS_EVENT,21,rel_be2e58a64521a50c
journey_05765f79c7ee5bd8,event_b8fec01557d33349,HAS_EVENT,3,rel_be3d9ad2b3d2c407
journey_0954febf7336cab6,event_4a76e8123fa95cc6,HAS_EVENT,22,rel_be428baea8f98590
journey_077d747141a3a710,event_be3bcfdfdb406727,HAS_EVENT,8,rel_be47d621e05833a8
journey_08ff3ccefa383f46,event_b5efa37d16ff5b17,HAS_EVENT,8,rel_bebefce5f38969f3
journey_0ec968dd6e7f114d,event_f51ad3575b7cd81e,HAS_EVENT,13,rel_becb062d5ae595dc
journey_005de666633f65f1,event_4ec5efde6cf41257,HAS_EVENT,30,rel_bef9a2727161d687
journey_0c565943b4ddf163,event_7065e1f362d53efe,HAS_EVENT,2,rel_bf02bdf83e927b89
journey_08e7ff87651e6561,event_9ecd76984bb2035e,HAS_EVENT,3,rel_bf0e0b7fdce5b7d2
journey_0c4a656a8f10c5b9,event_425d77ba91e2e5e1,HAS_EVENT,5,rel_bf1cf6a36c782a6e
journey_06cdffba90bb4221,event_6c0973162d6ee03d,HAS_EVENT,3,rel_bf260782a4cf0ad1
journey_04cdd87cbada456b,event_38dc05707ea6ef78,HAS_EVENT,9,rel_bf2b742e99f0e788
journey_07342d1810a9c1a9,event_0c715160d640010b,HAS_EVENT,9,rel_bf2c2683151a3054
journey_0318dac2b74f2020,event_321ba6f2a51668bc,HAS_EVENT,13,rel_bf36f7d5c361c397
journey_09a16d755f051a41,event_d45a56e2f720e3bd,HAS_EVENT,2,rel_bf3bd38bb6a6459f
journey_086f2c65ad54008d,event_b516f3eed45d30b1,HAS_EVENT,15,rel_bf4824ede209b00f
journey_031a7455db84745e,event_4c30824778947199,HAS_EVENT,4,rel_bf8f719954ec8029
journey_04cdd87cbada456b,event_8b1df40804545414,HAS_EVENT,32,rel_bf98eb0f5ea2b0a6
journey_086941e4b7679b30,event_6e8d3d254225f6f3,HAS_EVENT,21,rel_bf9c0ac523954efa
journey_07afe72ec70e134e,event_2a4cf23bc754cc8a,HAS_EVENT,2,rel_bfc91632acb151c8
journey_0ba3e95be32964cb,event_dcebc098b1c54660,HAS_EVENT,10,rel_bfd6f91c155d79dd
journey_0a39b3e5bdd6f593,event_8650de8c0f3958df,HAS_EVENT,10,rel_bff18cbf6d49c8c3
journey_04229c66d6d4e062,event_077876ae66189fb5,HAS_EVENT,36,rel_c00e5de0cbab804c
journey_0a8557a327bfa464,event_4237d21762b43e6e,HAS_EVENT,7,rel_c012f8d8a9873650
journey_005de666633f65f1,event_e645d37565e1b011,HAS_EVENT,24,rel_c02238bf3dd97f07
journey_023d2c2f4e1e85bc,event_9c6eb08f81b517cf,HAS_EVENT,10,rel_c02932d9c7846d09
journey_0cc9bcfc8485c867,event_a0948f7db4b6fb66,HAS_EVENT,1,rel_c033cda71448e72f
journey_07c98ab09702ef77,event_9006802ecd5cf41e,HAS_EVENT,19,rel_c037901063373b47
journey_0ec45cabe96ab4b8,event_5f5b4d45641a7580,HAS_EVENT,25,rel_c04549edfbbc7e60
journey_07f592ddda24aa0b,event_da896354b5be5790,HAS_EVENT,3,rel_c06a41074ed07657
journey_077d1881bf5e72bc,event_b6bde78249bb722f,HAS_EVENT,6,rel_c07e2ce2bfda3244
journey_0084364b888cebbe,event_5c3e18c73b7922ce,HAS_EVENT,1,rel_c0ab1b800aae8156
journey_031cb56bd035e0e2,event_b705500b1c16198f,HAS_EVENT,8,rel_c0adb865856f5fc9
journey_00dc41bfddce21b7,event_03bce6cc3e9e3af3,HAS_EVENT,28,rel_c10db2e542697e67
journey_0eff376525816688,event_0d3e0fed874fb327,HAS_EVENT,16,rel_c11662098d449c7a
journey_0718d82cde80d5e6,event_c6cc5762b82ca69e,HAS_EVENT,4,rel_c13c5b9fa0ef30ac
journey_037788f520c9416e,event_3ea99fa419fdcc6c,HAS_EVENT,6,rel_c173cae21d1ba5a7
journey_0a37552faf7934af,event_eed120262da99e8b,HAS_EVENT,10,rel_c17c780345d25357
journey_0e6f3bfb0ab3e32d,event_235ad876bbe3f72c,HAS_EVENT,1,rel_c19615359f583b05
journey_0a6d048eb5cbb6de,event_04c9ef3f7cc49136,HAS_EVENT,17,rel_c19fa15a599973b0
journey_0bb8e075fa5517f3,event_b1d20ef12e3dc388,HAS_EVENT,5,rel_c1ab82e563c97075
journey_0a3397d6eb8292b0,event_12f93c722c005692,HAS_EVENT,7,rel_c1abf84ba73928e9
journey_06cdffba90bb4221,event_8a204635c7ba696c,HAS_EVENT,1,rel_c1aebb3f0c9d3615
journey_0ba3e95be32964cb,event_52a4bfa409f82e22,HAS_EVENT,2,rel_c1d003d81dd4fdda
journey_0c36a03616fe39a6,event_4b23c45f25130d73,HAS_EVENT,6,rel_c1f11aa18fa31639
journey_00e84d6047546261,event_0e8880aa70315d4f,HAS_EVENT,8,rel_c1fad9917b98e9d5
journey_022b66dce02052b0,event_a13583f7b3cded4f,HAS_EVENT,3,rel_c2207a2568e0153a
journey_04aa962e5d2899ee,event_27e76012f2e261bd,HAS_EVENT,14,rel_c225e7a5331b6ba7
journey_030758307e636809,event_dc2ceeb4c0827c17,HAS_EVENT,9,rel_c228c551819727a6
journey_04497cc2869fac53,event_c52c317c1d4a6b8b,HAS_EVENT,9,rel_c22d6122ab47ba8a
journey_03098e253b4ee4f3,event_8477058c60c4e4b6,HAS_EVENT,2,rel_c23e6951072ea818
journey_08cd90a94fd158a8,event_7fd95a124fad77bf,HAS_EVENT,10,rel_c23ec67997bfe288
journey_09efa9b84e191606,event_1977b90415349dfa,HAS_EVENT,1,rel_c2479698ca837cfa
journey_08cd90a94fd158a8,event_e234c3b375414fdc,HAS_EVENT,7,rel_c25563bec6415680
journey_010f675f34e9ad85,event_272c0b67eecf71a0,HAS_EVENT,6,rel_c27fac6aff17a225
journey_0eb920b51a663852,event_50fb874bd7ffac45,HAS_EVENT,9,rel_c288a50ae92851d2
journey_0b5a8a3698ef0883,event_8fadfa9530ca3b11,HAS_EVENT,50,rel_c2c25141c40c01b2
journey_05a111b1bd1b4b9c,event_3360b6a19fd8cc9c,HAS_EVENT,2,rel_c2fb712dc8f608bf
journey_0a13a35e3cb32560,event_a067bbbb2e921065,HAS_EVENT,2,rel_c31a107abf57f5f5
journey_022b66dce02052b0,event_a1fc86555e81d095,HAS_EVENT,6,rel_c33f8bce88ed1944
journey_07c98ab09702ef77,event_7794988cfc4d0473,HAS_EVENT,13,rel_c3522e812538f1c8
journey_0b5a8a3698ef0883,event_975468f5e8bc95d0,HAS_EVENT,32,rel_c364884141c5ad68
journey_076a67055c35b09b,event_f37632db5d83ec93,HAS_EVENT,5,rel_c38bedf11c7ad2c7
journey_04229c66d6d4e062,event_1fca66ba2f7ee098,HAS_EVENT,25,rel_c39d5400951181ee
journey_04ea54419774d635,event_9b32846496895318,HAS_EVENT,4,rel_c3b87ce7904c02cb
journey_0ef8ede614ce9923,event_2edace2539a015ad,HAS_EVENT,9,rel_c3c333d469953c1c
journey_0901904ee565d5ef,event_c3f8b8d97a99e7c6,HAS_EVENT,18,rel_c3c5a3157522862b
journey_0901904ee565d5ef,event_65e16ba3c75ba58b,HAS_EVENT,19,rel_c3e4d1338e6fede1
journey_04e76f150912f80a,event_a08c464dde4ad6a8,HAS_EVENT,19,rel_c3f6ec372cee8f57
journey_0da21e8a747a548d,event_df9850c83ba690ae,HAS_EVENT,1,rel_c40bf36828871a3a
journey_08009c264647a155,event_c232816598600a88,HAS_EVENT,14,rel_c40f7f4d9c94cff5
journey_09d66f9af92fdba6,event_10c25c38928de2f6,HAS_EVENT,4,rel_c43289cc6faafde9
journey_072eb819f1c50cb4,event_53f9c73544423f56,HAS_EVENT,4,rel_c436e85d008072d6
journey_037788f520c9416e,event_358ae944b38649b6,HAS_EVENT,18,rel_c43fd91dbce55ecf
journey_01f355e4a6ce1e9b,event_5f2593af027138da,HAS_EVENT,2,rel_c46584585309bcad
journey_0c37bd05106ef432,event_cba966d10bb5b3b0,HAS_EVENT,2,rel_c473400c4865b8d2
journey_09ae128afe42d8f1,event_643c3921a7627026,HAS_EVENT,3,rel_c479ffa21e15bb50
journey_00e84d6047546261,event_971243af3a192234,HAS_EVENT,2,rel_c490a0f77bc14cfc
journey_082ca26559a17722,event_e616cbe127c6322c,HAS_EVENT,2,rel_c4910220c45533f6
journey_0555f5ac40a4470e,event_64f5378fa9d86f21,HAS_EVENT,20,rel_c4a2ca435361bc9e
journey_06449cdb0fe604e1,event_742a102ae8d81d9c,HAS_EVENT,4,rel_c4b682d73f2adbfe
journey_0edcde79e8a2af23,event_cc47b68a2d001eb0,HAS_EVENT,4,rel_c4dc1119f0e47be7
journey_0ac2075c25a38823,event_ef7d779a658de738,HAS_EVENT,17,rel_c4e5f7881a5e9396
journey_06635fddb1dd2148,event_b8e3fcb806c2513d,HAS_EVENT,9,rel_c4f15416bdb756f8
journey_0200246993a4e940,event_b19d662df43aaf69,HAS_EVENT,3,rel_c51877c7dd810ebc
journey_07a38ead4ed81eae,event_1a30bc5feebf43c1,HAS_EVENT,1,rel_c58a3a15394067bb
journey_077d747141a3a710,event_da842ebef0720b8b,HAS_EVENT,9,rel_c58dc7f091f56014
journey_03098e253b4ee4f3,event_c62314ed8bca2f41,HAS_EVENT,1,rel_c5bb747a27c72654
journey_077d1881bf5e72bc,event_2cc0bfc5eb56cbf1,HAS_EVENT,17,rel_c5d4b24483c37ec5
journey_0c723e653015be88,event_de19ae2aaaa891d8,HAS_EVENT,6,rel_c5e066f64e039726
journey_044de88c2ee5e5d0,event_e809c3717401d2d3,HAS_EVENT,1,rel_c616ae844c239fd0
journey_077d1881bf5e72bc,event_491b6df192b7d98d,HAS_EVENT,11,rel_c63cee38fc2e7bec
journey_044de88c2ee5e5d0,event_49b8a5067cda2ac0,HAS_EVENT,4,rel_c64403a242d076f6
journey_0b5a8a3698ef0883,event_0dc6f34234a7627c,HAS_EVENT,14,rel_c65fe35466fac6af
journey_0f5c96aa7fb8b44b,event_f9072705177c7a1f,HAS_EVENT,3,rel_c67675344d963eb3
journey_0c53019463fc52a9,event_4b28eaaf4b5e4910,HAS_EVENT,3,rel_c681b3685b07d824
journey_0e90471631c0e803,event_60d9350e6096a707,HAS_EVENT,4,rel_c68ffc03ae0dd997
journey_005de666633f65f1,event_783661afe2e92b2a,HAS_EVENT,10,rel_c6a426ebd539fc01
journey_023d2c2f4e1e85bc,event_87536ff6386ccfa3,HAS_EVENT,15,rel_c6abd9d0e8625f74
journey_086f2c65ad54008d,event_27790533d46320ec,HAS_EVENT,22,rel_c6c7843f163d712a
journey_0652646fbcd1933f,event_5a4634918d5dbd68,HAS_EVENT,54,rel_c6d151c9b00947a9
journey_0eb9e86e97f7842f,event_4a9b5e49de1a0ed8,HAS_EVENT,5,rel_c6d578646ea5dc08
journey_0a6d048eb5cbb6de,event_09a958d9630246c4,HAS_EVENT,35,rel_c767ab6868d91b01
journey_07c314daa219f8de,event_72e4ff81d2c00dea,HAS_EVENT,3,rel_c771b414234dde15
journey_0084364b888cebbe,event_ae6affc069f40f3e,HAS_EVENT,12,rel_c77753e735d3af53
journey_04d59893e6ea1a66,event_78d6e7f2c6bb0593,HAS_EVENT,7,rel_c791a79ddc8edd3b
journey_09f65329edb82ae6,event_08af643caac616e9,HAS_EVENT,8,rel_c79a17efb03f42b3
journey_08009c264647a155,event_becf05d4965a6e40,HAS_EVENT,2,rel_c7b26327f623e704
journey_0b7b5532b5f853c4,event_d4bbf6c47e0bb4f9,HAS_EVENT,2,rel_c7f89b33338f63fd
journey_0652646fbcd1933f,event_bfd8da8208c613d4,HAS_EVENT,34,rel_c83863e8c6f7c9de
journey_0dda3d318026cd06,event_c7e629a6f5653e83,HAS_EVENT,4,rel_c83a949829d3d107
journey_07bd3aa6883b0d24,event_369cc55d35491ae0,HAS_EVENT,11,rel_c86d3dd2bba571c8
journey_0b678aae7e08da6a,event_c9c4ac0ebc560701,HAS_EVENT,8,rel_c88a98248bf6c9f2
journey_0bbbe7cfe60cf4ff,event_486772608023c4f5,HAS_EVENT,16,rel_c88cd1df9602fdb3
journey_0363d2066f943ad0,event_c4ace881d1847c67,HAS_EVENT,1,rel_c88f2b1fcb4d261d
journey_086f2c65ad54008d,event_37ed428bd242e943,HAS_EVENT,18,rel_c8aef3c0b292b42e
journey_0438160eb69f5417,event_c7a53384e31105dd,HAS_EVENT,4,rel_c8c76a8b689a0cb1
journey_03b376958ed6ba83,event_cb2c05a513ea3538,HAS_EVENT,1,rel_c8d94a7b8595c06c
journey_031a7455db84745e,event_a908fde802aac77b,HAS_EVENT,13,rel_c8e921935917cb44
journey_0edf9d3dbbffaac5,event_ac6b43b727340758,HAS_EVENT,4,rel_c9190c304afab34f
journey_0006943c33455cf9,event_aab68681d7c2bec7,HAS_EVENT,13,rel_c91a03b8297dfc2b
journey_00dc41bfddce21b7,event_1770f9cb7a9bb0e0,HAS_EVENT,16,rel_c968ce6321370c94
journey_04497cc2869fac53,event_ec3e3613ac028bea,HAS_EVENT,5,rel_c987fc3a7ba69da0
journey_07342d1810a9c1a9,event_fdbf3d25bd6ba6fe,HAS_EVENT,29,rel_c98b2f75b82d6672
journey_077d1881bf5e72bc,event_a5892b8c1e3e12ce,HAS_EVENT,4,rel_c99eb6d003900615
journey_0006943c33455cf9,event_0634ffc716b01dff,HAS_EVENT,2,rel_c9b6f054131b79bc
journey_0c17acf4574589a6,event_1c446f323d39e128,HAS_EVENT,8,rel_c9c6716024e0ef7e
journey_077d747141a3a710,event_4a3dcfe67ff95e9d,HAS_EVENT,11,rel_c9c83039afa40283
journey_0ac2075c25a38823,event_2368be6730ef2043,HAS_EVENT,15,rel_c9d656980eaff759
journey_0dda3d318026cd06,event_7649a9606c4346cf,HAS_EVENT,5,rel_c9e06d9443c6280d
journey_0a3397d6eb8292b0,event_fd87180a737a5221,HAS_EVENT,13,rel_ca016a9422b6bc50
journey_0edf9d3dbbffaac5,event_7d7745a0e2b6d83a,HAS_EVENT,8,rel_ca07d5145871fca0
journey_007ffb4bb432b6f3,event_ef857aa7b22cabe2,HAS_EVENT,13,rel_ca1278c85f6ed378
journey_0c723e653015be88,event_f44320437c7668e2,HAS_EVENT,13,rel_ca25a67e6ca97df6
journey_059e7f507f4af0a0,event_c2802556bab6bf79,HAS_EVENT,4,rel_ca2c974e2917dec7
journey_08ff3ccefa383f46,event_2045385e3d198823,HAS_EVENT,4,rel_ca319f359ac0272d
journey_077d1881bf5e72bc,event_b76c1d2e1e548712,HAS_EVENT,10,rel_ca518f2c68fbbeae
journey_0bc084d887aeea67,event_b9fa7967e3d29a53,HAS_EVENT,2,rel_ca6f6b97e8782303
journey_007ffb4bb432b6f3,event_259d180590b8e90a,HAS_EVENT,6,rel_ca7dd0eadf3e5943
journey_0b5a8a3698ef0883,event_7d22500071339ed7,HAS_EVENT,33,rel_caa8b43c704b6ae7
journey_0954febf7336cab6,event_d86f49a80d64254e,HAS_EVENT,12,rel_cab910d68a0e35e0
journey_0e891b170a6278b3,event_38905eab1006dc9f,HAS_EVENT,6,rel_caca4f3f4df18ee4
journey_04cdd87cbada456b,event_b3f5f34496200394,HAS_EVENT,38,rel_cad20338faf3b0a5
journey_059e7f507f4af0a0,event_4880bfe6295c01ad,HAS_EVENT,2,rel_cae9e226eb306960
journey_035f8a20498c5209,event_a4be0328f2ee79a1,HAS_EVENT,4,rel_cafe47a179b185cf
journey_0b5a8a3698ef0883,event_f7acd581076cf749,HAS_EVENT,35,rel_cb29f15150328356
journey_0863dc6898eed3b2,event_79f9734a3f26fdb2,HAS_EVENT,3,rel_cb2b6de9f75b4556
journey_0c36a03616fe39a6,event_d065197d07182187,HAS_EVENT,10,rel_cb3b5afe0c7b4017
journey_0bbac249810914a1,event_4720a1008fdef478,HAS_EVENT,15,rel_cb50e8235ee79ffa
journey_0200246993a4e940,event_339f3b187bce437a,HAS_EVENT,6,rel_cb8a5d429cc3d42d
journey_09374fb1ae19bf7d,event_6cb092670e0b9626,HAS_EVENT,1,rel_cb9ed420431b1f93
journey_0652646fbcd1933f,event_f3273a5fb7d75145,HAS_EVENT,31,rel_cbab52e0f20aeda0
journey_086f2c65ad54008d,event_0ec383b49cc01405,HAS_EVENT,1,rel_cbdf6fbad830b706
journey_065eb43e925c9da2,event_0f4f666a7fe0ab2f,HAS_EVENT,6,rel_cbe6330139673612
journey_04ea54419774d635,event_4e188fdad6928ab2,HAS_EVENT,3,rel_cbfd0d7edddf8a6b
journey_0b5a8a3698ef0883,event_a87218e14af36432,HAS_EVENT,4,rel_cc1f547369033e1a
journey_07bd3aa6883b0d24,event_7014dc5ee71734c5,HAS_EVENT,2,rel_cc52a1bbe61c7f8d
journey_0124675a73fec123,event_10792d69c9109d82,HAS_EVENT,7,rel_cc79da0678fcab8f
journey_06fd4821ad7c8317,event_00978cdb3c3ff100,HAS_EVENT,2,rel_cc8a78aff0679a24
journey_0b2c87a3d71b8b01,event_5dcdeaea058aa47f,HAS_EVENT,3,rel_cc989fed4c8edc6c
journey_0200246993a4e940,event_29f484537af342b1,HAS_EVENT,1,rel_cca50215934af0d2
journey_07287e0df52ff44d,event_bab5f9817fcaf012,HAS_EVENT,8,rel_ccc50a1b6d29d0f9
journey_04497cc2869fac53,event_c355f7364d064d4c,HAS_EVENT,15,rel_ccf2e414850f428d
journey_0a015e65628cdfd7,event_6722687690f8c1ab,HAS_EVENT,1,rel_ccf6d7177baa9fe0
journey_0318dac2b74f2020,event_f46d303b945978f1,HAS_EVENT,11,rel_ccfd7e1d4b7603cb
journey_040946f7bde6e067,event_f11534bf9e2aa27e,HAS_EVENT,10,rel_cd04ccb25f6d2fa1
journey_0cf0a030f4843bbd,event_021ca1850f53a45b,HAS_EVENT,3,rel_cd0804764a4bf320
journey_01efead88e502d57,event_5c44e44d3af7b867,HAS_EVENT,1,rel_cd0bc1a19f5900f0
journey_0124675a73fec123,event_e9069aa691fda432,HAS_EVENT,6,rel_cd0ed7f4351c3234
journey_034e6f00c1820253,event_b5c4a73998452261,HAS_EVENT,2,rel_cd1476309155d7de
journey_09f65329edb82ae6,event_6c013a8130db6761,HAS_EVENT,3,rel_cd349e74702c511a
journey_02c937dfc1d9002d,event_6bafe23cbc9784ef,HAS_EVENT,18,rel_cd79e3899f05672f
journey_08009c264647a155,event_c808af6b8120491d,HAS_EVENT,1,rel_cda1b58f78a4e83a
journey_0718d82cde80d5e6,event_a85a7b0a65494a02,HAS_EVENT,1,rel_cdf4c6403c1d7393
journey_086941e4b7679b30,event_f185ab8cf1d4a2e4,HAS_EVENT,3,rel_ce1d16a23b7a9dfe
journey_05765f79c7ee5bd8,event_2dfd73d993e52fb8,HAS_EVENT,23,rel_ce2be355af2c5f87
journey_0901904ee565d5ef,event_e49cf68e8a630a71,HAS_EVENT,20,rel_ce3b6277fc052653
journey_07bd3aa6883b0d24,event_605c9af951438491,HAS_EVENT,22,rel_ce42c1a6b6a5cdf4
journey_040946f7bde6e067,event_c2097898d400f670,HAS_EVENT,8,rel_ce7f7e7cfe963f1d
journey_03f63a8fd4e5f4b3,event_afcf7bf893f8d4dc,HAS_EVENT,11,rel_ce826169ee206dee
journey_07abf0d8317d9e3a,event_1b9ff37616e225ce,HAS_EVENT,1,rel_ce9f8dd9f2c31955
journey_0e90471631c0e803,event_6e0000ed5b4f9b3c,HAS_EVENT,5,rel_cea0643ef2cd8639
journey_0a5df288fa8fb95f,event_c765c9db8f36dded,HAS_EVENT,5,rel_cea4eff0476715a2
journey_04229c66d6d4e062,event_7c3cacd6a1787dbe,HAS_EVENT,39,rel_cebe9074bdd393d2
journey_0b5a8a3698ef0883,event_a2d5931142b8373b,HAS_EVENT,15,rel_ced268979538039f
journey_04638941087939af,event_66adc326ed4e0e23,HAS_EVENT,7,rel_cee1368ebf3d84a9
journey_0d19fe5b32806e84,event_f1085665eb812b07,HAS_EVENT,2,rel_cf1c803cf6fa987a
journey_04cdd87cbada456b,event_13613fac0882d23f,HAS_EVENT,13,rel_cf28d74625a85896
journey_0954febf7336cab6,event_10e4116f51259945,HAS_EVENT,20,rel_cf2f9aba31abd36e
journey_0b5a8a3698ef0883,event_51e878b563823577,HAS_EVENT,42,rel_cf796d5144b74a26
journey_008ec6a703240121,event_24a0a9d8f175a86c,HAS_EVENT,15,rel_cfa9059ac77f2784
journey_0b678aae7e08da6a,event_515f906742fd25b2,HAS_EVENT,4,rel_cfb9c777acea0cdf
journey_0942ba5c20a03a2e,event_f5c5114f5b728fad,HAS_EVENT,23,rel_cfbc262f31fca2de
journey_0da21e8a747a548d,event_5fb25df729910553,HAS_EVENT,4,rel_cfca09567253f82b
journey_0a6d048eb5cbb6de,event_5149e82db38145e6,HAS_EVENT,2,rel_d019001c2acb362a
journey_086941e4b7679b30,event_66e10699983da409,HAS_EVENT,6,rel_d0475bb12996997b
journey_0ac2075c25a38823,event_7190ac434b3724ec,HAS_EVENT,23,rel_d060c1adea422fc1
journey_0c36a03616fe39a6,event_94df693e07eb5c41,HAS_EVENT,21,rel_d0804b67ab2e61b7
journey_0c53019463fc52a9,event_3e583194297175fa,HAS_EVENT,1,rel_d08222d510d98a14
journey_0bd713f03685e67f,event_16242770f4e93886,HAS_EVENT,5,rel_d0bdb5fcafd72fff
journey_04e76f150912f80a,event_c9c5e6c3e89f027d,HAS_EVENT,7,rel_d0bece1b3a6a00ef
journey_0b97719c2c0e555a,event_fe75e7255d60ce2f,HAS_EVENT,1,rel_d0bfe3fb533c02f0
journey_04229c66d6d4e062,event_2314cef3c0841474,HAS_EVENT,23,rel_d0c07597fd4eb449
journey_05765f79c7ee5bd8,event_f1decdcbafee066b,HAS_EVENT,9,rel_d0c32a23fbb2cf35
journey_0735a404d59135f6,event_458fa90d5899264b,HAS_EVENT,5,rel_d122bbdb1980cd0a
journey_01f39b6b07110387,event_5b0e0cafa1f962d9,HAS_EVENT,2,rel_d131fc4cd479ea6e
journey_07c98ab09702ef77,event_8c064557047a051f,HAS_EVENT,5,rel_d1344f48c1ecaef7
journey_04638941087939af,event_10eccb18af16715d,HAS_EVENT,16,rel_d144296a115fc826
journey_099389ae561444f9,event_c6c0d8ac4cd9853e,HAS_EVENT,4,rel_d159971fa4eb9faa
journey_08ff3ccefa383f46,event_5adfc989b4b721d8,HAS_EVENT,6,rel_d165d179b1d5a9b9
journey_07287e0df52ff44d,event_551b28c9e300471e,HAS_EVENT,7,rel_d1811ae6719ede47
journey_07a38ead4ed81eae,event_c1eae27977507b6d,HAS_EVENT,19,rel_d19b8675b7b84731
journey_010f675f34e9ad85,event_edd6250d4c4ae103,HAS_EVENT,7,rel_d1f17947487c0d0a
journey_04cdd87cbada456b,event_ad05900fada1b77c,HAS_EVENT,11,rel_d1f776b4881febbc
journey_037788f520c9416e,event_a91b287da50d83c8,HAS_EVENT,19,rel_d202165aa47be940
journey_077d747141a3a710,event_72d0245bc7034269,HAS_EVENT,34,rel_d27f3bf6e4ff7fde
journey_02125bb28ba9adb2,event_2bf384f83151698b,HAS_EVENT,3,rel_d312240f3186fcc1
journey_03f63a8fd4e5f4b3,event_00b17c6d8ee0b3b3,HAS_EVENT,5,rel_d313ddac7862b710
journey_07bd3aa6883b0d24,event_4b18804306bd213d,HAS_EVENT,18,rel_d321ecb53754c865
journey_0b5a8a3698ef0883,event_661201e85ffe20bb,HAS_EVENT,30,rel_d32d85ed4f2b33e2
journey_04cdd87cbada456b,event_de429ef487bbd9a6,HAS_EVENT,2,rel_d333ea7e4610532f
journey_0ec45cabe96ab4b8,event_11beae31aa2b9f21,HAS_EVENT,37,rel_d360c8b60a7a3844
journey_072eb819f1c50cb4,event_c268b54452f031f4,HAS_EVENT,1,rel_d3a70a4546d0464b
journey_0b7b5532b5f853c4,event_a129652bac515307,HAS_EVENT,1,rel_d3afdda9ead8cb0e
journey_0438160eb69f5417,event_170396d47f0752c9,HAS_EVENT,17,rel_d3b8c6d16c62b5c1
journey_05a111b1bd1b4b9c,event_a161aa784bd085df,HAS_EVENT,4,rel_d3ce48af11b9ab38
journey_030939ca762232fd,event_302191026be6a0f9,HAS_EVENT,15,rel_d3e23b72cf792bce
journey_08fe51e3f898596b,event_d114a160fa201877,HAS_EVENT,9,rel_d3ee8458be700085
journey_0ba325dd07157722,event_a7b08151830dbe68,HAS_EVENT,4,rel_d401638b086daa9a
journey_0200246993a4e940,event_a2e350f4d20c30cb,HAS_EVENT,8,rel_d40d8abb00b1dd7a
journey_05bd4dfcf077d2f0,event_dffd87d2bb98e7e9,HAS_EVENT,4,rel_d44b8f55d76a0398
journey_005de666633f65f1,event_6572377d49a62b1c,HAS_EVENT,3,rel_d45c87388af22c24
journey_077d747141a3a710,event_bc461dc825d00f97,HAS_EVENT,35,rel_d469b10b2282350b
journey_04cdd87cbada456b,event_a259be318913378c,HAS_EVENT,23,rel_d46ef4fe1bc034ce
journey_0318dac2b74f2020,event_9c51b5f9c1f3a06b,HAS_EVENT,15,rel_d46f339bedf4b2b5
journey_0d836c3935a7ad2a,event_0ac313c306639a3e,HAS_EVENT,7,rel_d475a35823608de8
journey_0e90471631c0e803,event_b3dfdeda80cf2f9d,HAS_EVENT,2,rel_d4802700b368fbbe
journey_0555f5ac40a4470e,event_b09862c75cd793e4,HAS_EVENT,6,rel_d49887a736f9ef13
journey_03f63a8fd4e5f4b3,event_0c99eb0b7b83a90b,HAS_EVENT,13,rel_d4b066daecfcace0
journey_043636a6b432d26f,event_a9ce6f75f055adf4,HAS_EVENT,8,rel_d4cf45d222e7f873
journey_0438160eb69f5417,event_9236c0f9797aac75,HAS_EVENT,15,rel_d4d39404655354bc
journey_0901904ee565d5ef,event_2b8548a93b81d835,HAS_EVENT,16,rel_d53b73d9e53cd886
journey_04229c66d6d4e062,event_35915df16195119a,HAS_EVENT,3,rel_d5474932552316da
journey_0b462c3434f4bb58,event_c5e43a7684b5120b,HAS_EVENT,19,rel_d5503d8fca2b5698
journey_0901904ee565d5ef,event_f62588a0fd181dfd,HAS_EVENT,6,rel_d5542c5bdb01a9ac
journey_03c181037ac4621f,event_c45b02e2cb9fe0da,HAS_EVENT,3,rel_d56aaa379ec8a79d
journey_07a38ead4ed81eae,event_3f2ead6bc066e68f,HAS_EVENT,20,rel_d5f77ceaa2742c37
journey_097df6fe8cc5e866,event_3473b07fdee12654,HAS_EVENT,2,rel_d5f852f4934f2d3a
journey_0863dc6898eed3b2,event_692b205921ee0916,HAS_EVENT,11,rel_d61726f905e2ff3f
journey_06635fddb1dd2148,event_f2a156943dbe8059,HAS_EVENT,6,rel_d618b18f346b5fd7
journey_0bbbe7cfe60cf4ff,event_eaf21accf88b1230,HAS_EVENT,14,rel_d63aaea1f6f6258d
journey_0018fb0aebfc5760,event_68d65268a0415db9,HAS_EVENT,5,rel_d63e8bce5a1a43fc
journey_04497cc2869fac53,event_e1730024fe1af354,HAS_EVENT,12,rel_d65bd671c92b73cb
journey_0c6f4b461a167694,event_22cd9825ae1c4d45,HAS_EVENT,6,rel_d66b20d422426369
journey_01efead88e502d57,event_5ebe3c76e2e6aaf0,HAS_EVENT,5,rel_d6731b9913e060a3
journey_09d938e91c50505c,event_6eba2812d111f957,HAS_EVENT,8,rel_d68ae73b6dd602aa
journey_0c723e653015be88,event_a46bc2283ba03597,HAS_EVENT,20,rel_d68b50dd2140ce46
journey_0dda3d318026cd06,event_3504b59ed72e305e,HAS_EVENT,1,rel_d68c42042adf3929
journey_0e6f3bfb0ab3e32d,event_5eceb092f919ce76,HAS_EVENT,2,rel_d6ac6edaa1a27b09
journey_0363d2066f943ad0,event_c5a79b40083948f2,HAS_EVENT,5,rel_d6c46eb8ae1dbecc
journey_06635fddb1dd2148,event_8b1a9a8682f8ea31,HAS_EVENT,5,rel_d6d23632faed50b4
journey_0d836c3935a7ad2a,event_55297295c2a32a69,HAS_EVENT,1,rel_d6dd9e50bfec5eb3
journey_0a37552faf7934af,event_a399d671d06e5fbe,HAS_EVENT,11,rel_d6f26e831000297a
journey_077d1881bf5e72bc,event_9c5ef57c26406242,HAS_EVENT,16,rel_d6faf43226e48242
journey_0ec45cabe96ab4b8,event_300a3478a9489b3c,HAS_EVENT,43,rel_d70220a1ef867613
journey_07342d1810a9c1a9,event_1b34b64e78a4a594,HAS_EVENT,28,rel_d70546af19dc176d
journey_076a67055c35b09b,event_b056310723dea187,HAS_EVENT,14,rel_d71746cff57cb4e8
journey_0d1aebd6f04115e7,event_3aff94dfaceaa632,HAS_EVENT,4,rel_d725006551de5028
journey_07bd3aa6883b0d24,event_5e924194507c7904,HAS_EVENT,25,rel_d72a4c2bbfad524b
journey_04ac004e567144c3,event_ef1aaf9f9c9d01a2,HAS_EVENT,1,rel_d73631996cd230ef
journey_035f8a20498c5209,event_79795760cf25fc62,HAS_EVENT,2,rel_d76ed1b89810cace
journey_0c7cee7dbfc30893,event_76886e72d256a584,HAS_EVENT,1,rel_d774de01b75abeeb
journey_07a38ead4ed81eae,event_d4a1162d678cda47,HAS_EVENT,23,rel_d7a9c1e7a5265572
journey_0137379131d65c9b,event_9dce1262bb4ba653,HAS_EVENT,4,rel_d7b98bc8ec31ccb2
journey_097df6fe8cc5e866,event_6c75fcb58b712bb0,HAS_EVENT,5,rel_d7ef06c6a79dc83d
journey_02c089e858ac8a9a,event_667b48ea6e374ca7,HAS_EVENT,1,rel_d7f9fd0c319a94d2
journey_04b1b98ccd932b64,event_c970566480b9e304,HAS_EVENT,5,rel_d8050edf5120d7dd
journey_022b66dce02052b0,event_b96f8f1b4b2c7eef,HAS_EVENT,11,rel_d819b59a80027685
journey_0edf9d3dbbffaac5,event_8cf4b6592f2bc75f,HAS_EVENT,2,rel_d81f4a6295b339d3
journey_08a36cbac6071100,event_83a6739e850101be,HAS_EVENT,3,rel_d83a909b75fe9e51
journey_0c36a03616fe39a6,event_eebb8db42f3a1799,HAS_EVENT,7,rel_d8533a6403835961
journey_0bbbe7cfe60cf4ff,event_a1cdb679efed033b,HAS_EVENT,4,rel_d8671794e0da5bfa
journey_03ede6f35b7b3aa5,event_034023296b3f0565,HAS_EVENT,9,rel_d86d6cb849cd39fb
journey_0b462c3434f4bb58,event_70c722a4ebcf66df,HAS_EVENT,25,rel_d89bf18bf206e173
journey_04e76f150912f80a,event_4ea29f4104648dab,HAS_EVENT,4,rel_d8b720467f8d6354
journey_05e0f23329fa997b,event_06483b9dfc60dfb5,HAS_EVENT,3,rel_d8da5ce23c3b184e
journey_05bd4dfcf077d2f0,event_888b4af855818df0,HAS_EVENT,5,rel_d9170e4c981258bb
journey_06635fddb1dd2148,event_a4bd3aed0528d8fd,HAS_EVENT,3,rel_d94cfccfe8e6e112
journey_06635fddb1dd2148,event_afa3976973d55dd2,HAS_EVENT,1,rel_d98854b44a78551f
journey_04e76f150912f80a,event_ede8558f80d543ac,HAS_EVENT,9,rel_d9a86b7c10bc477c
journey_04e76f150912f80a,event_59dbf62881d1d799,HAS_EVENT,38,rel_d9b34a0827a926e4
journey_07342d1810a9c1a9,event_122cdd1e738db791,HAS_EVENT,22,rel_d9c805934b808c2c
journey_037788f520c9416e,event_d651e6b926d289d3,HAS_EVENT,15,rel_d9e42bc151422c46
journey_037788f520c9416e,event_3a4c13e43ac8868c,HAS_EVENT,13,rel_da011f808c04b2dd
journey_0ec45cabe96ab4b8,event_a5c693230208830d,HAS_EVENT,11,rel_da2725d782dff434
journey_06635fddb1dd2148,event_4328aaa2a3e4ed99,HAS_EVENT,10,rel_da4668be0c020ba9
journey_005de666633f65f1,event_27d60386e9b5d98f,HAS_EVENT,11,rel_da5b10ce834bc7d5
journey_0ea24cb475d6ab8c,event_d492a26904df8a1a,HAS_EVENT,10,rel_da74f114f971e9b7
journey_0b5a8a3698ef0883,event_cb59a2a750de4732,HAS_EVENT,43,rel_da7842d131a54e79
journey_077d747141a3a710,event_7523929782b54b72,HAS_EVENT,29,rel_da7922e93f935c40
journey_022b66dce02052b0,event_539e3195903875bc,HAS_EVENT,17,rel_da8940e83a22739c
journey_005de666633f65f1,event_e5b79bc15fb7569f,HAS_EVENT,20,rel_da9b07d751a28441
journey_07a38ead4ed81eae,event_c299c595911f0596,HAS_EVENT,7,rel_dac8a27a5f23bf08
journey_0d19fe5b32806e84,event_67d3d88ff414a17b,HAS_EVENT,1,rel_dad009e3821ef5bd
journey_0e6f3bfb0ab3e32d,event_136549665e8d8249,HAS_EVENT,3,rel_dadf6c506ace6136
journey_0555f5ac40a4470e,event_b44a529948b6aa41,HAS_EVENT,15,rel_daea60b956e5d7e0
journey_0124675a73fec123,event_8de5f70a35308942,HAS_EVENT,4,rel_daf35339e1330be0
journey_01efead88e502d57,event_9065fd1a1d5ef8ca,HAS_EVENT,9,rel_db0c0ee732fb9a50
journey_043636a6b432d26f,event_d06987f4145f1f5e,HAS_EVENT,9,rel_db1d8372c466aafc
journey_0eb920b51a663852,event_398d5822a83ac91a,HAS_EVENT,20,rel_db2b3bf7f4d7b5cf
journey_04229c66d6d4e062,event_c9123140e3356263,HAS_EVENT,1,rel_db338ed75d46dacb
journey_0d9e89219b70bafa,event_060d964ddef02856,HAS_EVENT,1,rel_db5694d9cb0d57df
journey_0c723e653015be88,event_73ce883ed6a72d15,HAS_EVENT,7,rel_db5be5acf1479b6e
journey_0ef8ede614ce9923,event_f4e27221eefab774,HAS_EVENT,5,rel_db6c640469d53f15
journey_022b66dce02052b0,event_718c7d2414b03f77,HAS_EVENT,2,rel_db8e54271cd206b4
journey_0954febf7336cab6,event_1889fb315ee5cbc1,HAS_EVENT,9,rel_db9264cd29010c4e
journey_03ede6f35b7b3aa5,event_cdfdc212e51bf1f8,HAS_EVENT,17,rel_dba557982f1044fe
journey_086f2c65ad54008d,event_ecab5d53b21ab793,HAS_EVENT,7,rel_dbe4e3d94e642331
journey_0ac2075c25a38823,event_a2759726159395a1,HAS_EVENT,25,rel_dbef70549d13cfb0
journey_00dc41bfddce21b7,event_d972941668d44e3c,HAS_EVENT,23,rel_dc0971131e07971d
journey_0652646fbcd1933f,event_f94dd86b5194f1d4,HAS_EVENT,52,rel_dc09e35da78b6b3a
journey_022b66dce02052b0,event_8c981b4767e685f5,HAS_EVENT,16,rel_dc0a12a3c0339bb3
journey_0a13a35e3cb32560,event_ea783256abd5da0f,HAS_EVENT,1,rel_dc45c807067b27f8
journey_03d5f30098f68b7c,event_804a4a56dafa4816,HAS_EVENT,6,rel_dc477766d12ff3f4
journey_010f675f34e9ad85,event_080cf370dd518b79,HAS_EVENT,16,rel_dc52834eee3281c6
journey_0c723e653015be88,event_cd3c651c31f676aa,HAS_EVENT,14,rel_dc65ac893c5eea12
journey_04cdd87cbada456b,event_a05b3af69d884dc0,HAS_EVENT,6,rel_dc9ffa01b8a80044
journey_0eb9e86e97f7842f,event_860436718d20158d,HAS_EVENT,2,rel_dca9a530da4758f0
journey_08ff3ccefa383f46,event_bc4db3979cd2b46f,HAS_EVENT,11,rel_dcfb539a5e80de28
journey_0318dac2b74f2020,event_32aaa79c2e54bcd8,HAS_EVENT,9,rel_dd016b16bb4bd4ba
journey_05066a91b8a2cf7f,event_09a2c265811908f4,HAS_EVENT,2,rel_dd074c22c6461792
journey_0006943c33455cf9,event_2d712b70ed19a734,HAS_EVENT,1,rel_dd0c900142fc4657
journey_08ff3ccefa383f46,event_f67941f64f38673b,HAS_EVENT,9,rel_dd195d5cb0488cfc
journey_055a045d7a3279bd,event_6eb8c4e7c9b01118,HAS_EVENT,1,rel_dd2313abce8f6cfd
journey_02c937dfc1d9002d,event_463b2dff19c9288b,HAS_EVENT,29,rel_dd2bc8167336de3b
journey_0eff376525816688,event_6ce50b3775d94b5d,HAS_EVENT,13,rel_dd3bd78a3969dddb
journey_0942ba5c20a03a2e,event_d8a2fc51e5c2eca4,HAS_EVENT,3,rel_dd4195e95702143a
journey_0018fb0aebfc5760,event_0198e97638eab44e,HAS_EVENT,6,rel_dd43fc2dc95b4ca5
journey_0ec47b56f4670176,event_94fa273a1be14852,HAS_EVENT,1,rel_dd61cb294a50eed0
journey_04229c66d6d4e062,event_ffea01b648373597,HAS_EVENT,15,rel_dd76495757277082
journey_065eb43e925c9da2,event_602b22ebedc05514,HAS_EVENT,7,rel_dd80d14d0bc2b650
journey_07342d1810a9c1a9,event_2fb9642ffabaccd3,HAS_EVENT,30,rel_dd8355deddb178a8
journey_0954febf7336cab6,event_3a52790dbe19c503,HAS_EVENT,24,rel_dd88fe445e987399
journey_0438160eb69f5417,event_1177c0f3c502b62d,HAS_EVENT,2,rel_dd8b597cf537b085
journey_0942ba5c20a03a2e,event_e72940ffebc771a8,HAS_EVENT,24,rel_dd912180aa4e846f
journey_01efead88e502d57,event_62b508be4e47263d,HAS_EVENT,4,rel_dd94f39bed8ec242
journey_04497cc2869fac53,event_39e1d07f413125c4,HAS_EVENT,2,rel_dda2e03668d88e3b
journey_02c937dfc1d9002d,event_7130d71df936c3b4,HAS_EVENT,23,rel_ddabe57c433ca814
journey_02c764e2db4a2a8d,event_e2ed4f108793d85e,HAS_EVENT,10,rel_ddb6f0f54743b9b1
journey_00e84d6047546261,event_7e35e97bbb7b2096,HAS_EVENT,3,rel_dddd20787781414b
journey_0a37552faf7934af,event_4c9a2c1ba817ec5a,HAS_EVENT,1,rel_ddfb8cec79ab55d7
journey_077d747141a3a710,event_63fb8fe86ee6f331,HAS_EVENT,19,rel_de00454c644a93c6
journey_0d19fe5b32806e84,event_adaa463ee45c62e1,HAS_EVENT,3,rel_de4f5792b4c3ac10
journey_0a6d048eb5cbb6de,event_4ea83a652c1cb616,HAS_EVENT,3,rel_de5d60411821ccfd
journey_07c98ab09702ef77,event_b49f854d74c69647,HAS_EVENT,3,rel_de5e3efdef8d65d5
journey_0901904ee565d5ef,event_6abd97506545527b,HAS_EVENT,9,rel_de90170a9f135b52
journey_09f65329edb82ae6,event_b5365f76b755a838,HAS_EVENT,19,rel_dea4c46849fb7593
journey_05bd4dfcf077d2f0,event_d34f7e4c3d69ca19,HAS_EVENT,6,rel_dea550c24522b2dd
journey_07342d1810a9c1a9,event_5b78c2c6f28941fb,HAS_EVENT,11,rel_def899156f51265d
journey_044c79a3817aaf34,event_b9fecda98c0418ae,HAS_EVENT,9,rel_def9466b77f8b198
journey_08ff3ccefa383f46,event_708e83f8d4cec69c,HAS_EVENT,1,rel_df016108b1dbff49
journey_07c98ab09702ef77,event_d5c5d29562d29ba9,HAS_EVENT,28,rel_df128e15f5b84a22
journey_06f962cf4100acf4,event_933608676da529d7,HAS_EVENT,3,rel_df1b020022aa1323
journey_0942ba5c20a03a2e,event_79f5bcf521670729,HAS_EVENT,18,rel_df40b2aced89e4e5
journey_076a67055c35b09b,event_4b127c03bb4c484a,HAS_EVENT,22,rel_df55adcd59e13f9a
journey_01f39b6b07110387,event_b5735ff1b1fc3df9,HAS_EVENT,1,rel_df8ee8b4a4e5581d
journey_0942ba5c20a03a2e,event_1514c383bc98f82e,HAS_EVENT,1,rel_df9ca9621a962527
journey_0718d82cde80d5e6,event_0116ff0759d5a343,HAS_EVENT,14,rel_df9e41ba6753c217
journey_0954febf7336cab6,event_40a5dab89068e3f5,HAS_EVENT,32,rel_dfad80752f82b275
journey_0b462c3434f4bb58,event_2b91e87a5fe65920,HAS_EVENT,13,rel_dfae0abb98178c58
journey_030758307e636809,event_dcf3206d50e25207,HAS_EVENT,10,rel_dfc87eee674e7e28
journey_04229c66d6d4e062,event_0d930f0fe039553d,HAS_EVENT,37,rel_dfce6c9a0450bba1
journey_0bbac249810914a1,event_7806203b5363ece9,HAS_EVENT,8,rel_e017eece8e06826c
journey_044de88c2ee5e5d0,event_5306ed57193f90f1,HAS_EVENT,12,rel_e02521534d5bfa9e
journey_086f2c65ad54008d,event_a5d0d649fdf874a7,HAS_EVENT,29,rel_e02aac6cb5dd8d7c
journey_023d2c2f4e1e85bc,event_2b63691a3f0a14fa,HAS_EVENT,2,rel_e02e89757d8f9697
journey_06449cdb0fe604e1,event_c79f5bbb2e371b06,HAS_EVENT,2,rel_e03254eb3f38ee90
journey_086f2c65ad54008d,event_b540f46333a94cca,HAS_EVENT,10,rel_e03afce7ded1fd0e
journey_09efa9b84e191606,event_28db8e1166810bf3,HAS_EVENT,2,rel_e057f68b31e87b52
journey_02ecba5fba17bb1e,event_5efde026ebd192db,HAS_EVENT,2,rel_e0d43eb1c0a66578
journey_031a7455db84745e,event_4f3ed519b4072311,HAS_EVENT,2,rel_e0eba938cb700982
journey_005de666633f65f1,event_d53eb6ce34488433,HAS_EVENT,23,rel_e1047cc29cc5c526
journey_05a1f378fbcfdf36,event_f144c6504333a91b,HAS_EVENT,5,rel_e156a044baf6e524
journey_0b462c3434f4bb58,event_644e870474d14929,HAS_EVENT,16,rel_e16fa05f6dc95552
journey_040946f7bde6e067,event_47dad23609eb2d4e,HAS_EVENT,3,rel_e19c3121e5689a07
journey_0ac2075c25a38823,event_61b3234f8b0d8e02,HAS_EVENT,16,rel_e1af05a5ef6a7d67
journey_06449cdb0fe604e1,event_1eeea1ba840a3ba1,HAS_EVENT,6,rel_e1f36a2dd61652a5
journey_0863dc6898eed3b2,event_bad8c367787827d6,HAS_EVENT,14,rel_e21794d57d2a31b9
journey_04497cc2869fac53,event_ed23c0275f7463a4,HAS_EVENT,14,rel_e23f71c102f9378c
journey_0a6199e06fd4f13a,event_b9ccf319dec56c06,HAS_EVENT,1,rel_e24883383561d6c3
journey_08132a355313e455,event_6c02734b5c6adf7a,HAS_EVENT,1,rel_e25127234dccdcd2
journey_0d19fe5b32806e84,event_5a290815a626c092,HAS_EVENT,4,rel_e2899b13fa67a1a4
journey_0b5a8a3698ef0883,event_1bdf6de4c12a45c0,HAS_EVENT,20,rel_e295ea8b3e23c214
journey_0b678aae7e08da6a,event_65c42213e9f54663,HAS_EVENT,7,rel_e29df0cfb56c304a
journey_030939ca762232fd,event_b8552d1fa900cd63,HAS_EVENT,9,rel_e2e2b599b34e0026
journey_07342d1810a9c1a9,event_b5c4a7a60db53296,HAS_EVENT,14,rel_e2f0da939a2d2a48
journey_0bbac249810914a1,event_b841c97a5996a83b,HAS_EVENT,12,rel_e2fe2e1ef94b50b1
journey_0c7cee7dbfc30893,event_182ea6255976e091,HAS_EVENT,4,rel_e3014985e644ee33
journey_0438160eb69f5417,event_d111a5a2a62fcab5,HAS_EVENT,12,rel_e31437976e01f929
journey_054c7fec5bfaf41f,event_505b93810dee4e9e,HAS_EVENT,1,rel_e31d8b51569e1b0b
journey_0b462c3434f4bb58,event_bede8ca189222eef,HAS_EVENT,15,rel_e327752194e599a7
journey_0901904ee565d5ef,event_2815027ce5cb5d2f,HAS_EVENT,12,rel_e33097b599125ef1
journey_0954febf7336cab6,event_0005ad3e93b75eb2,HAS_EVENT,1,rel_e33e4db465097227
journey_0375f3ee411c44f1,event_fa97f1253a976acd,HAS_EVENT,12,rel_e35daaeea603ea42
journey_08cd90a94fd158a8,event_fcbdc745ce392f6a,HAS_EVENT,4,rel_e372ae3c6f39e848
journey_015c3ce384a11c60,event_b679c56541377bdc,HAS_EVENT,22,rel_e38afb67a4ead5df
journey_0a39b3e5bdd6f593,event_a1129ebfead15b08,HAS_EVENT,19,rel_e397f9bed652ce47
journey_0b462c3434f4bb58,event_c3af82a8f631f454,HAS_EVENT,27,rel_e3e15c7d2304c396
journey_0a5df288fa8fb95f,event_de8959a7d21296e4,HAS_EVENT,9,rel_e3f9c098b84545f4
journey_0a3397d6eb8292b0,event_1c7ffe42fda7bf8a,HAS_EVENT,9,rel_e3fc6a4d68fd4829
journey_0438160eb69f5417,event_e6906aa61c464690,HAS_EVENT,18,rel_e41438a951909437
journey_0b462c3434f4bb58,event_081ebe5b3c680605,HAS_EVENT,5,rel_e41946a98dced152
journey_037788f520c9416e,event_054bdf31965485b1,HAS_EVENT,21,rel_e41c7455bc8c0e4f
journey_07287e0df52ff44d,event_f911e84823cd945c,HAS_EVENT,3,rel_e4271c60f414d19d
journey_023d2c2f4e1e85bc,event_a4763a4a2b6ccb3c,HAS_EVENT,3,rel_e42a555231abd32f
journey_02c764e2db4a2a8d,event_515e51e515b7cc4a,HAS_EVENT,18,rel_e43c276809fa9a0f
journey_022b66dce02052b0,event_1c64554d90838b4d,HAS_EVENT,18,rel_e45638c69be78dff
journey_040946f7bde6e067,event_ad9438c2ebe5f2ed,HAS_EVENT,2,rel_e465bfb6d6dccd94
journey_04aa962e5d2899ee,event_cfbb6988711965f2,HAS_EVENT,18,rel_e4a6fc061b5536e2
journey_03ede6f35b7b3aa5,event_9be921d8cdc45dc0,HAS_EVENT,2,rel_e4b43e69748031f7
journey_077d747141a3a710,event_58204d24ba495fb3,HAS_EVENT,28,rel_e52b4741016f6d38
journey_07c314daa219f8de,event_90e4c497c2b9d51e,HAS_EVENT,1,rel_e56e298cfa2aa7c6
journey_0de9557db36d9a8f,event_c4db7b85c9fe783b,HAS_EVENT,5,rel_e57ebd0a83b782a7
journey_08539edadea85c33,event_24008da68f3d0876,HAS_EVENT,1,rel_e590aa296eaddfac
journey_005de666633f65f1,event_e3fd51efba86e65d,HAS_EVENT,17,rel_e59b96cdab757b79
journey_0c723e653015be88,event_dec9c9d8670fb4f9,HAS_EVENT,1,rel_e5b0adacc14bf750
journey_0977c7cde828fef7,event_3de9f5a5ad4c3c9d,HAS_EVENT,4,rel_e5b7ed8d50bee28e
journey_00f55569e6f9d700,event_0951e9c14612a218,HAS_EVENT,2,rel_e5c3e0f4196037b7
journey_0b51d38476686c9c,event_0b6f2aeda3384121,HAS_EVENT,5,rel_e5d52f54e0f63539
journey_0ec45cabe96ab4b8,event_1520a9e8757e7e0b,HAS_EVENT,30,rel_e5fded01ae5c4583
journey_0735a404d59135f6,event_76e3323eadf58b8e,HAS_EVENT,9,rel_e62ba8dbefd87e18
journey_0ba325dd07157722,event_dd10aefbd389ad12,HAS_EVENT,1,rel_e6318a750ef050e5
journey_0901904ee565d5ef,event_3f2ac70294136d0b,HAS_EVENT,25,rel_e640b3e5bc16e2b5
journey_086f2c65ad54008d,event_f0ee79125ba2edb0,HAS_EVENT,26,rel_e657cf34ca28d4a3
journey_0652646fbcd1933f,event_95100c5939d91518,HAS_EVENT,57,rel_e672e5751a406bc8
journey_0a015e65628cdfd7,event_fee291cf510310eb,HAS_EVENT,2,rel_e68b7534545f01c1
journey_05765f79c7ee5bd8,event_1859b31a2e6e2ab7,HAS_EVENT,17,rel_e6c5e46f9f67370d
journey_0375f3ee411c44f1,event_07f5eed2ef188c1e,HAS_EVENT,10,rel_e6ce729697167ddb
journey_0a6d048eb5cbb6de,event_1c86d6a6c610ae4d,HAS_EVENT,26,rel_e6dffe31457a89b5
journey_086941e4b7679b30,event_08254e75022b6905,HAS_EVENT,10,rel_e748426db37a37c2
journey_0a37552faf7934af,event_a273ef00d1d896d9,HAS_EVENT,3,rel_e74c5e9f64360bf0
journey_043636a6b432d26f,event_28ab00667aa9b905,HAS_EVENT,16,rel_e7510435257bfadf
journey_0ea24cb475d6ab8c,event_5ce86de03cbfb791,HAS_EVENT,7,rel_e75775d1247dfb88
journey_031a7455db84745e,event_3d16f6a8ac3e659a,HAS_EVENT,22,rel_e76d961d8089ab68
journey_077d747141a3a710,event_15c47f2ac7570b96,HAS_EVENT,16,rel_e77b3d0bf866d751
journey_00dc41bfddce21b7,event_cd8ab66466f9a6b2,HAS_EVENT,10,rel_e7a17472a79bcb7b
journey_0a39b3e5bdd6f593,event_bb7202195525dfcc,HAS_EVENT,6,rel_e7b8fcca585a8e6a
journey_0a6d048eb5cbb6de,event_1fae40f650b561a1,HAS_EVENT,5,rel_e7d7ebfceff1dd75
journey_04229c66d6d4e062,event_13e8dafe9cc53b77,HAS_EVENT,6,rel_e81423d3ae3c001c
journey_0084364b888cebbe,event_fbc008eb36f6d54c,HAS_EVENT,7,rel_e86e0471b2f3addf
journey_08009c264647a155,event_34665fa8ed2e5749,HAS_EVENT,10,rel_e88adff8c6d775e9
journey_02c764e2db4a2a8d,event_17e1b1074433255d,HAS_EVENT,2,rel_e89ca3cc43506c93
journey_0da21e8a747a548d,event_82360f06bf614c82,HAS_EVENT,6,rel_e8aebe37182cf312
journey_035f8a20498c5209,event_a1ac81a48a914846,HAS_EVENT,1,rel_e8ca75aa37d71f94
journey_0ba325dd07157722,event_f69413c4aaa2ea64,HAS_EVENT,3,rel_e8e180d48c602356
journey_0318dac2b74f2020,event_45b45f34c642f604,HAS_EVENT,6,rel_e8fbed5231d88c40
journey_04d59893e6ea1a66,event_78a6ee151f43c373,HAS_EVENT,14,rel_e90b94c48272f89b
journey_0b678aae7e08da6a,event_0196b1c70058384c,HAS_EVENT,5,rel_e92290adc748fdb0
journey_0863dc6898eed3b2,event_9c825db61988cc4e,HAS_EVENT,10,rel_e933cb94f3ed19dd
journey_0375f3ee411c44f1,event_1052d279e8787a14,HAS_EVENT,4,rel_e9352de888a7440c
journey_0820a2dc706a50d8,event_26168629a08ea5da,HAS_EVENT,5,rel_e93be7370ad7d359
journey_050f192cd2c5959d,event_d24735963c303f45,HAS_EVENT,2,rel_e96b78710d12b5b8
journey_022b66dce02052b0,event_137fd34f079b9ca4,HAS_EVENT,5,rel_e9b0f233df778ab7
journey_07c98ab09702ef77,event_40e85f5df0a6798c,HAS_EVENT,9,rel_e9c6e03867151641
journey_0ec45cabe96ab4b8,event_5b510fbfd13fbfe9,HAS_EVENT,28,rel_e9ed3d6647f75618
journey_0954febf7336cab6,event_94c689da3c504931,HAS_EVENT,23,rel_e9f53d76b094d349
journey_0652646fbcd1933f,event_b579fb29510805c1,HAS_EVENT,37,rel_ea22a7049da651b9
journey_04229c66d6d4e062,event_a08e5d929aed4ab2,HAS_EVENT,11,rel_ea395a2b8d4720ae
journey_020470103155b640,event_6d9969b21142a261,HAS_EVENT,6,rel_ea3f543f9fb083fd
journey_043636a6b432d26f,event_2cc218b3a5db6755,HAS_EVENT,5,rel_ea5303fce9906e80
journey_050a11b91196b81d,event_4eb54fdca0061072,HAS_EVENT,1,rel_ea6e4dc09aca5819
journey_01efead88e502d57,event_b4a2f2ac7941f3f6,HAS_EVENT,15,rel_ea95d30bda424bd6
journey_044c79a3817aaf34,event_9530dafefc7e40d7,HAS_EVENT,1,rel_ea9b98479791a14c
journey_0e2afd2af3af5d9b,event_37aab4a35cbe271f,HAS_EVENT,9,rel_eaa187dcdef62810
journey_0de9557db36d9a8f,event_1d919255aea5abb1,HAS_EVENT,2,rel_eaa662eebe973731
journey_03f63a8fd4e5f4b3,event_aaf8d43235f9e390,HAS_EVENT,2,rel_eaacb9233aec5372
journey_07bd3aa6883b0d24,event_0cd568cd216795a1,HAS_EVENT,15,rel_eaaf2519b8cec0f7
journey_07c98ab09702ef77,event_bc0e9b2bc92e4847,HAS_EVENT,26,rel_eabbc33e88703d12
journey_0c36a03616fe39a6,event_1f4d9bbdf91fa949,HAS_EVENT,25,rel_eabd08fd677b46f7
journey_0ef8ede614ce9923,event_5803e22eb12ccaf4,HAS_EVENT,11,rel_eae070f134578f5e
journey_0c974abeb56b0825,event_a48368bb64691788,HAS_EVENT,4,rel_eaea14889d81568d
journey_0a6d048eb5cbb6de,event_94ce48a1db1050d7,HAS_EVENT,27,rel_eafccd0a11470afc
journey_05a1f378fbcfdf36,event_6d5f20709ef20e04,HAS_EVENT,4,rel_eb1bb7b3c7f5ae17
journey_010f675f34e9ad85,event_bd432fb4dbdefe8e,HAS_EVENT,14,rel_eb8a28ffa2e1e15e
journey_086f2c65ad54008d,event_d806bb5c8da5d59d,HAS_EVENT,12,rel_eb943fad5fd243cb
journey_01f355e4a6ce1e9b,event_2ea5baf253ef9458,HAS_EVENT,6,rel_ebaa573bcf98933a
journey_04cdd87cbada456b,event_3e999a00e8a03f86,HAS_EVENT,37,rel_ebcc3a2b4cb2131b
journey_037788f520c9416e,event_ff3b1f646e5bfaaa,HAS_EVENT,11,rel_ebef69fefc5c1f20
journey_055a045d7a3279bd,event_fcb46e99224bd9f7,HAS_EVENT,3,rel_ebefd7bfac74417a
journey_072eb819f1c50cb4,event_c96986040765101d,HAS_EVENT,7,rel_ec3a2daaa4b4f2e9
journey_0c723e653015be88,event_62426c7fe99e9ef6,HAS_EVENT,9,rel_ec66a91e050db2c0
journey_0ef8ede614ce9923,event_d9660a7fe333b1fe,HAS_EVENT,16,rel_ec79a5cc0755976f
journey_0ef8ede614ce9923,event_24be6c922dbfa1e9,HAS_EVENT,8,rel_ec884e499e13bd0e
journey_0ef8ede614ce9923,event_5038df903f236654,HAS_EVENT,7,rel_ec8860060eafcf1d
journey_04e76f150912f80a,event_b06cb2d4aca7fb83,HAS_EVENT,1,rel_ecab8a1228b55d02
journey_00dc41bfddce21b7,event_ffdd20bd6dff81bf,HAS_EVENT,21,rel_ecb5aab8ae7e2677
journey_08fe51e3f898596b,event_af94c60bd037f7cd,HAS_EVENT,5,rel_ecb9eba865c5b854
journey_0b462c3434f4bb58,event_a3f5e924d9ed48a6,HAS_EVENT,18,rel_ecd46e64587ea297
journey_0942ba5c20a03a2e,event_367f46cf220aed69,HAS_EVENT,8,rel_ecf7617180a2a7a3
journey_0c7cee7dbfc30893,event_da278c2b232413f3,HAS_EVENT,2,rel_ecffd4032e316437
journey_0631e25e54c5ba92,event_fa0a94a67076845f,HAS_EVENT,1,rel_ed0ee69061951576
journey_00f55569e6f9d700,event_be162d159d52347e,HAS_EVENT,8,rel_ed195227588c3f6e
journey_0954febf7336cab6,event_80c2d7f755ccc20a,HAS_EVENT,16,rel_ed2afbcc641d244b
journey_0a015e65628cdfd7,event_a72a1af365e49975,HAS_EVENT,4,rel_ed3c40c51c793993
journey_091636f3ec7f6cce,event_cd790d6a92ff5f11,HAS_EVENT,2,rel_ed4968437e498427
journey_0ca0ca068e598420,event_86b66dd6e64535d8,HAS_EVENT,1,rel_ed8ae60d1f56c0f0
journey_04497cc2869fac53,event_d5e76bf203d9231c,HAS_EVENT,16,rel_ed99c250d416396c
journey_04d59893e6ea1a66,event_4d814eac3aacfbe2,HAS_EVENT,17,rel_edbf217266f9f9ed
journey_0137379131d65c9b,event_08469c27499b4dc3,HAS_EVENT,1,rel_ede30a8bc74f467c
journey_0555f5ac40a4470e,event_f12cf8d19eed86ed,HAS_EVENT,19,rel_ee16c7100a1995af
journey_08cd90a94fd158a8,event_7db2659994fb2695,HAS_EVENT,1,rel_ee45a490bb95b89b
journey_04e76f150912f80a,event_a53ca4d456fcab32,HAS_EVENT,14,rel_ee465cffb4fbba69
journey_0a3397d6eb8292b0,event_f4182e89c678dc19,HAS_EVENT,1,rel_ee83ff1d0b235d66
journey_0b5a8a3698ef0883,event_6eb1431e20d1bdca,HAS_EVENT,8,rel_eeb4cb4a59987f5d
journey_076a67055c35b09b,event_1049a4a1fc1f27b9,HAS_EVENT,6,rel_eeb8e5036e21f5f9
journey_02c937dfc1d9002d,event_0cc320e99f670f54,HAS_EVENT,19,rel_eec45217f89bb646
journey_0d1aebd6f04115e7,event_6741ca39bc1208ac,HAS_EVENT,8,rel_eefe78728dfb77be
journey_0ea24cb475d6ab8c,event_d76efc01d2f3dc10,HAS_EVENT,1,rel_ef0b720bef61d7ce
journey_010f675f34e9ad85,event_7acca8cee103bbcd,HAS_EVENT,3,rel_ef211539c0e06d10
journey_031a7455db84745e,event_805427d61df98516,HAS_EVENT,19,rel_ef2346eac50b1927
journey_04aa962e5d2899ee,event_c06c8d3b0477ba63,HAS_EVENT,2,rel_ef23972fb3364a0d
journey_03ede6f35b7b3aa5,event_d36206f0a3111e34,HAS_EVENT,11,rel_ef2ad912e348d172
journey_0820a2dc706a50d8,event_3729199e6ede912a,HAS_EVENT,1,rel_ef481281606f2d28
journey_06fd4821ad7c8317,event_0d0d165159008f76,HAS_EVENT,8,rel_ef4edf5d2ce02408
journey_031a7455db84745e,event_31be69f042f395a5,HAS_EVENT,7,rel_ef654f1ae13e78dd
journey_07c98ab09702ef77,event_54685db4f3ba9692,HAS_EVENT,1,rel_ef691dae3c861326
journey_076a67055c35b09b,event_245fbd5a2319daa0,HAS_EVENT,17,rel_ef8364ceee842794
journey_037788f520c9416e,event_ae5883e6a71d339d,HAS_EVENT,10,rel_efafbaf144e459e3
journey_0c17acf4574589a6,event_4a18496d104f7238,HAS_EVENT,9,rel_efb90108837ce7b4
journey_07287e0df52ff44d,event_58f39f10a7f42447,HAS_EVENT,12,rel_efc17aa212f9a34b
journey_0d836c3935a7ad2a,event_aec6c06b212dda48,HAS_EVENT,5,rel_eff90f14ff8728ea
journey_0da21e8a747a548d,event_5c6be4b4afab3bbf,HAS_EVENT,2,rel_f00a7c291bff415e
journey_0b462c3434f4bb58,event_3e9f890be81a52f2,HAS_EVENT,12,rel_f0315b8d326bdcf9
journey_0a3397d6eb8292b0,event_9eb0751a5bab91bd,HAS_EVENT,17,rel_f047c70f9467fd13
journey_0c36a03616fe39a6,event_e4e39d324b107cca,HAS_EVENT,17,rel_f05096af61fc9ed1
journey_0006943c33455cf9,event_0a4d356d3a02ceff,HAS_EVENT,9,rel_f05add2c8d003e92
journey_0d836c3935a7ad2a,event_7ac3f384e2419c90,HAS_EVENT,11,rel_f0a22a270b557b0b
journey_0bbbe7cfe60cf4ff,event_2d12ba90c25c9740,HAS_EVENT,3,rel_f0cb04d7dfaae1f6
journey_086941e4b7679b30,event_e3187dd59498c97e,HAS_EVENT,22,rel_f0dfeeef7b803992
journey_059e7f507f4af0a0,event_445c12d1cceebe38,HAS_EVENT,5,rel_f0ea70c03dade9ee
journey_0ae7e8fa209fa26e,event_c2616f470ad758f4,HAS_EVENT,11,rel_f0eafcea4cd355d8
journey_0bb8e075fa5517f3,event_d04a1275418e752b,HAS_EVENT,2,rel_f1455ef5bb1fc19a
journey_07abf0d8317d9e3a,event_20c373ba3d3d0aec,HAS_EVENT,3,rel_f14e3ba688d2d88e
journey_03e27b947c0c4db8,event_df2378566b2e884a,HAS_EVENT,3,rel_f157895e5da0090c
journey_03ede6f35b7b3aa5,event_004596631beccd7f,HAS_EVENT,1,rel_f15ffbe41bafd9eb
journey_08009c264647a155,event_ba1347dbd64382bb,HAS_EVENT,3,rel_f16da6a1dcc3f5ab
journey_097df6fe8cc5e866,event_705895a73d1e2cf3,HAS_EVENT,1,rel_f175bb898d2aeb94
journey_015c3ce384a11c60,event_5e4873654177b9c7,HAS_EVENT,19,rel_f1cd85dd9ebcb57d
journey_0d836c3935a7ad2a,event_a4661e667830e7aa,HAS_EVENT,4,rel_f1e42b6c69807cbe
journey_04638941087939af,event_851ea8dd2c6cf387,HAS_EVENT,15,rel_f1e81a4950af2145
journey_04229c66d6d4e062,event_359cd0e0f6969a23,HAS_EVENT,31,rel_f21128568c81aea1
journey_04e76f150912f80a,event_d95b2bfd5490ff25,HAS_EVENT,6,rel_f222932c58cae67a
journey_07a38ead4ed81eae,event_d6d25eae588e23c8,HAS_EVENT,16,rel_f227f4bf1331b35c
journey_04497cc2869fac53,event_ddb16318cc3c1500,HAS_EVENT,4,rel_f228814c8388d2e3
journey_0b5a8a3698ef0883,event_de386b45ed011232,HAS_EVENT,36,rel_f22deef4c7835df0
journey_0c723e653015be88,event_4f940ea2e88b45e1,HAS_EVENT,4,rel_f2655400cfafb293
journey_043636a6b432d26f,event_305e9bc99808911d,HAS_EVENT,7,rel_f268833c06ae3f20
journey_07342d1810a9c1a9,event_c2074703e0548523,HAS_EVENT,5,rel_f26dcca37b62a71c
journey_08fe51e3f898596b,event_241292b56b05a4ec,HAS_EVENT,3,rel_f28dbf9c7ffb52c9
journey_043636a6b432d26f,event_6a76fb50b3adbe40,HAS_EVENT,10,rel_f2b374c152272dea
journey_043636a6b432d26f,event_f5a6247e17b097b9,HAS_EVENT,20,rel_f2c07d18bbbf1fdf
journey_09d938e91c50505c,event_62122f5612c4e2f5,HAS_EVENT,2,rel_f2c5f3e295284fce
journey_005de666633f65f1,event_efef8551499af1e4,HAS_EVENT,32,rel_f2cbcd88c8e11225
journey_010f675f34e9ad85,event_9f6268d5bc5ddf90,HAS_EVENT,21,rel_f2de78987cc5ed9d
journey_0a6d048eb5cbb6de,event_b5afd41d180ca87e,HAS_EVENT,7,rel_f2deeaaf3f395ec9
journey_0ec45cabe96ab4b8,event_2515e6b1261939cd,HAS_EVENT,39,rel_f3016fe9e828b9f8
journey_0006943c33455cf9,event_7679080394a01a44,HAS_EVENT,3,rel_f3171618ea742e2c
journey_02c937dfc1d9002d,event_1537a28fda943d17,HAS_EVENT,14,rel_f31fc67af367f7fc
journey_07287e0df52ff44d,event_7d356f632d4beed6,HAS_EVENT,14,rel_f3226833f2429ba2
journey_04e76f150912f80a,event_a3699ebc75fa9b8a,HAS_EVENT,32,rel_f33b613d0e87a679
journey_044c79a3817aaf34,event_8e076d3cf288516c,HAS_EVENT,7,rel_f33bbdbdb857575d
journey_005de666633f65f1,event_1ecd578572951781,HAS_EVENT,1,rel_f3473d174af08185
journey_0ee645ef98dfd79f,event_c4f6389e9cd875a0,HAS_EVENT,1,rel_f36880d7be95585d
journey_0a19df9b0a25db8a,event_e6a24c0f0c344201,HAS_EVENT,3,rel_f37e499dd1932ed3
journey_0ac5131d9280f3a1,event_99fe307c3538fe06,HAS_EVENT,3,rel_f380e0e11a6bafb5
journey_02c937dfc1d9002d,event_ed24cc3381f4f21d,HAS_EVENT,1,rel_f383ce1f5f709961
journey_0c565943b4ddf163,event_1d6729046575ea9b,HAS_EVENT,1,rel_f38a240f79988799
journey_0e90471631c0e803,event_3e2b6f038bd88932,HAS_EVENT,3,rel_f3c0ac521bf8f405
journey_031cb56bd035e0e2,event_2041917fdf94cb4e,HAS_EVENT,9,rel_f3c89eead4b55bbb
journey_0124675a73fec123,event_cb7394ada1c4ba51,HAS_EVENT,8,rel_f3cc43148aa619ed
journey_0a6d048eb5cbb6de,event_e277cf573da80899,HAS_EVENT,11,rel_f3d51efc2f9710b4
journey_03f63a8fd4e5f4b3,event_fa100849b507b560,HAS_EVENT,12,rel_f3f2bdf74a9f0144
journey_0c53019463fc52a9,event_671ee350f7408c43,HAS_EVENT,10,rel_f4194fc7f394a99f
journey_0901904ee565d5ef,event_1556bea2530ca366,HAS_EVENT,27,rel_f424ef078a3dd11a
journey_028f8fab5f573320,event_110681a641bfbfeb,HAS_EVENT,7,rel_f444131d5faaf042
journey_0ec45cabe96ab4b8,event_0cfd80516d31875a,HAS_EVENT,14,rel_f445089e893b5e01
journey_0652646fbcd1933f,event_c44e5bb3f209e8c5,HAS_EVENT,43,rel_f44a84798bcd1aa9
journey_022b66dce02052b0,event_01c58f4e47c90a31,HAS_EVENT,10,rel_f44b1d3421fe42db
journey_03f63a8fd4e5f4b3,event_cbe0193662111487,HAS_EVENT,14,rel_f481c1b63498c794
journey_010f675f34e9ad85,event_a74768413ce5bc3f,HAS_EVENT,17,rel_f4847c1527d342f8
journey_0318dac2b74f2020,event_70802720a25b3071,HAS_EVENT,1,rel_f49bb2a8dfe0c4cc
journey_0a13a35e3cb32560,event_ff4f6b9ecb7e53fb,HAS_EVENT,3,rel_f4a51f5c59f98583
journey_0ac2075c25a38823,event_7564157107bab8bf,HAS_EVENT,4,rel_f4ac3c3a3ab94ac5
journey_0c6209be736efb11,event_35e914b8e3e768a1,HAS_EVENT,1,rel_f4ef35573960cc2a
journey_077d1881bf5e72bc,event_f69ab09235794944,HAS_EVENT,1,rel_f4fe794c9c6f791a
journey_0eb920b51a663852,event_5db315b3a99ace04,HAS_EVENT,13,rel_f597a71cf8d5a3e9
journey_07287e0df52ff44d,event_e72211769d9e9338,HAS_EVENT,15,rel_f59d035a59854c08
journey_05ff06973ad8c20a,event_9a1411d07ca4e3ca,HAS_EVENT,1,rel_f5a5cbd96b2c5994
journey_07f592ddda24aa0b,event_040c9a8e22c09179,HAS_EVENT,1,rel_f5a9d5b4e8e4db3a
journey_072eb819f1c50cb4,event_53970905d25b6174,HAS_EVENT,6,rel_f5e504bb0f2e847a
journey_0a6d048eb5cbb6de,event_5d131cd3f6d76746,HAS_EVENT,14,rel_f637cb1f636dadb1
journey_037788f520c9416e,event_47ac330d9a2ba092,HAS_EVENT,16,rel_f6390bde7b18ad50
journey_031a7455db84745e,event_6d202a041022d35a,HAS_EVENT,14,rel_f6cd725a0b68be8e
journey_0bbbe7cfe60cf4ff,event_1722f3731ad7d592,HAS_EVENT,8,rel_f6ea37f7da9faa74
journey_0375f3ee411c44f1,event_645f2906f8e881a8,HAS_EVENT,11,rel_f6f8a281dbd8aa55
journey_0a39b3e5bdd6f593,event_b43cae15038541b7,HAS_EVENT,7,rel_f7124b149cf4ae08
journey_039964ccc99d0f5e,event_f4416a2ce98c8454,HAS_EVENT,4,rel_f7184483ae3932f6
journey_02c937dfc1d9002d,event_77bc19a92d1b40c4,HAS_EVENT,3,rel_f71fa8491163de4b
journey_04229c66d6d4e062,event_5f744eb749446e23,HAS_EVENT,28,rel_f723a1488e32d3fe
journey_02f38ab7b5b4fd53,event_6bf1a2ee9e1792d2,HAS_EVENT,5,rel_f731fef4ff9b9a7e
journey_030758307e636809,event_7b88ead6a16e2708,HAS_EVENT,3,rel_f754af739919e5c0
journey_0942ba5c20a03a2e,event_d1b911338331ca86,HAS_EVENT,13,rel_f79661b3963b397d
journey_04e76f150912f80a,event_4f164ce0a7b39b59,HAS_EVENT,26,rel_f7a5457070fdecfb
journey_00dc41bfddce21b7,event_c3542eb5cbb52864,HAS_EVENT,13,rel_f7b612ba49477603
journey_04638941087939af,event_1903a9bbc29bc53f,HAS_EVENT,6,rel_f7bc7b43e957eddc
journey_0a6d048eb5cbb6de,event_db922bb182104896,HAS_EVENT,20,rel_f8097c74b8a568bd
journey_08a36cbac6071100,event_d971e8b66a242d8a,HAS_EVENT,1,rel_f88c5a38d9283c37
journey_086f2c65ad54008d,event_2f6d15d8306c87e8,HAS_EVENT,16,rel_f8a4eb07ea56143a
journey_031a7455db84745e,event_bb9dd5e69070691a,HAS_EVENT,10,rel_f8e04c713c00e549
journey_0018fb0aebfc5760,event_4a1b53935e8a6362,HAS_EVENT,2,rel_f8fed850a27c4f00
journey_020470103155b640,event_fc7d7daac5ca1cf0,HAS_EVENT,5,rel_f9260a0fe38fd791
journey_0200246993a4e940,event_a29840cccf4a45ce,HAS_EVENT,5,rel_f93096892f5b4a77
journey_08fa9ca2aea5d237,event_db1d1a811147c49d,HAS_EVENT,1,rel_f93e51fc4c3face8
journey_05bd4dfcf077d2f0,event_c94dcdb88dc0d857,HAS_EVENT,2,rel_f96d3585d1edb951
journey_0363d2066f943ad0,event_5b9628edba081ea0,HAS_EVENT,4,rel_f98e7045b7ffda60
journey_09f65329edb82ae6,event_a4858e38b4803235,HAS_EVENT,9,rel_f9962615f773d1a9
journey_0bbbe7cfe60cf4ff,event_eafff7258d4cea70,HAS_EVENT,13,rel_f9b3536424b18c23
journey_02c937dfc1d9002d,event_cd64058249fb23a0,HAS_EVENT,7,rel_fa0a9adbaae06d09
journey_04e76f150912f80a,event_925c912f4b4be8c9,HAS_EVENT,35,rel_fa27ded74d115959
journey_030939ca762232fd,event_93de33e1ec186ed4,HAS_EVENT,14,rel_fa2b5edbdf2f0947
journey_05765f79c7ee5bd8,event_14ef60900d4fb759,HAS_EVENT,16,rel_fa58fa8a24d657b9
journey_065eb43e925c9da2,event_a12d5d3cd04d70ab,HAS_EVENT,4,rel_fac8e6f7809824e7
journey_0e2afd2af3af5d9b,event_640d96a2f6a949a0,HAS_EVENT,8,rel_faf90525b1433a54
journey_0375f3ee411c44f1,event_21af7d4e27b9393f,HAS_EVENT,2,rel_fb34d2ccfebe4f68
journey_07287e0df52ff44d,event_67ed5192a4b9d1af,HAS_EVENT,16,rel_fb9e0f39996a19df
journey_0ec45cabe96ab4b8,event_1528c7c6a7d1c876,HAS_EVENT,35,rel_fbb04852d17fa9ab
journey_0ec45cabe96ab4b8,event_3586699130b3df09,HAS_EVENT,8,rel_fbb24e3035cc746b
journey_04e76f150912f80a,event_a7ce47f5548bf4af,HAS_EVENT,5,rel_fbbb35a66933492e
journey_0b462c3434f4bb58,event_38c610644a2d748e,HAS_EVENT,17,rel_fbc96de76f6afa3e
journey_010f675f34e9ad85,event_e6019a6b44f89e4f,HAS_EVENT,4,rel_fbe7961d9f4b09e3
journey_0652646fbcd1933f,event_3a1938a414249e5f,HAS_EVENT,42,rel_fc0639db377af373
journey_0b2f460323c179ae,event_eb58aa5af62c3242,HAS_EVENT,2,rel_fc0fa52804f5ecd2
journey_0977c7cde828fef7,event_f962bc0ce6ed5926,HAS_EVENT,5,rel_fc1a62908a5b12dd
journey_0b5a8a3698ef0883,event_6b8ace572e707aed,HAS_EVENT,6,rel_fc29b00feba9dc06
journey_051f7f9cd9027cec,event_2dc78d2b87d0f075,HAS_EVENT,1,rel_fc2c2bf5956d6228
journey_0ea24cb475d6ab8c,event_0d39a59c63234ff6,HAS_EVENT,3,rel_fc45a261f9458ff3
journey_03ede6f35b7b3aa5,event_cb0af1104635fea4,HAS_EVENT,7,rel_fc62ce9be343e539
journey_035d618fe4abb46a,event_d85e2c97b26009fb,HAS_EVENT,2,rel_fcae29d52ca2e7d2
journey_0ba3e95be32964cb,event_d1c1d4bd0796f7f1,HAS_EVENT,7,rel_fcbafae147b8e1fb
journey_05a1f378fbcfdf36,event_213ef035bd573f40,HAS_EVENT,6,rel_fcd76069748e3b81
journey_0ec45cabe96ab4b8,event_e08af6787f89a481,HAS_EVENT,24,rel_fcdbe9a7c7b76129
journey_0b718e506a50d04b,event_e0811195e40b108d,HAS_EVENT,1,rel_fd3a281a0d265fd8
journey_04229c66d6d4e062,event_7f0f1c45a556b02d,HAS_EVENT,4,rel_fd73a8fe56a0dba2
journey_0a9f2cb4ac67a016,event_07108b5ee2413c24,HAS_EVENT,3,rel_fd89d6fe9d8ec083
journey_010f675f34e9ad85,event_77d9de2944bab4ee,HAS_EVENT,11,rel_fd96c44807dd4f33
journey_016e631ad76203ee,event_cb15ae0d7d6c3adc,HAS_EVENT,9,rel_fd9fa8c4f950de44
journey_0d836c3935a7ad2a,event_b8d98a1da71ef7c1,HAS_EVENT,2,rel_fdc90b24742e300f
journey_00e84d6047546261,event_63e27861b8a96566,HAS_EVENT,6,rel_fdc9506a50a6096f
journey_00dc41bfddce21b7,event_da09f3abe606403b,HAS_EVENT,19,rel_fe04126222600271
journey_0c723e653015be88,event_829dc49e33eb49c7,HAS_EVENT,22,rel_fe046385143be4f5
journey_0c4a656a8f10c5b9,event_ddcb9db8da15d2f4,HAS_EVENT,9,rel_fe1260c368e4c7fb
journey_00cae04c8378522a,event_b549a4547636e635,HAS_EVENT,2,rel_fe13b24f38b2b682
journey_07c98ab09702ef77,event_94edb9e984f7acc5,HAS_EVENT,12,rel_fe5c9d2415054318
journey_0ac2075c25a38823,event_fe21431d668152d6,HAS_EVENT,13,rel_fe5fe645c2a87a73
journey_035f8a20498c5209,event_66bf04ba95a2b192,HAS_EVENT,3,rel_fe62ea8eb82d2853
journey_015c3ce384a11c60,event_94e3c37475890d90,HAS_EVENT,7,rel_fe9c8c99b5c4f8fb
journey_077d747141a3a710,event_cc8e1315761d57f6,HAS_EVENT,18,rel_fec95f880839189d
journey_09374fb1ae19bf7d,event_ef4e0855658a2871,HAS_EVENT,3,rel_fedc5564f5790a53
journey_00dc41bfddce21b7,event_ed7507ee6a92e27d,HAS_EVENT,34,rel_ff19519dc8d28d36
journey_086941e4b7679b30,event_68b1596b0903ab5e,HAS_EVENT,4,rel_ff2f8ec01c76fa59
journey_031a7455db84745e,event_187e1c33c54a374f,HAS_EVENT,5,rel_ff3f6c125c31fab1
journey_076a67055c35b09b,event_a9f60abf59fbc305,HAS_EVENT,21,rel_ff496e4bbdcabdfb
journey_0bb8e075fa5517f3,event_8b661ea7adc6d3c2,HAS_EVENT,3,rel_ff532efd31bf6ca5
journey_0ec968dd6e7f114d,event_74ab239b9f5ac7f8,HAS_EVENT,3,rel_ff68452f011bcc01
journey_0318dac2b74f2020,event_c47fd670915e1a64,HAS_EVENT,5,rel_ffa637fb6fa3b980
journey_0735a404d59135f6,event_147db601d435ef30,HAS_EVENT,2,rel_ffab83b624cf3976
journey_015c3ce384a11c60,event_ce12c2589fb219a3,HAS_EVENT,10,rel_ffd52c5b97264d12
