:START_ID,:END_ID,:TYPE,relationship_key
event_886ebbbf7f1b009f,eventtype_feature,OF_TYPE,rel_0000cc21082b8139
event_94ad9887eb333593,eventtype_feature,OF_TYPE,rel_0010a6ac190aef3c
event_3207974868053beb,eventtype_subscription_start,OF_TYPE,rel_0043180dd256f526
event_1d04866187ad7920,eventtype_subscription_start,OF_TYPE,rel_004c04aeef6f7d1a
event_1278abe91e0b187f,eventtype_subscription_start,OF_TYPE,rel_0076c7a5fa4658d1
event_e973c1a5125917a1,eventtype_subscription_start,OF_TYPE,rel_007ed3a99ba22252
event_6741ca39bc1208ac,eventtype_feature,OF_TYPE,rel_0084298f71d93af0
event_937187682e00ec18,eventtype_feature,OF_TYPE,rel_00a1ce4ac8de7649
event_7d7745a0e2b6d83a,eventtype_subscription_end,OF_TYPE,rel_00c2fdea41121b30
event_3ee2245c78aee132,eventtype_churn,OF_TYPE,rel_00d2bc61a84eeb1d
event_6bf1a2ee9e1792d2,eventtype_subscription_start,OF_TYPE,rel_00e3a4a7be2e8765
event_e7359411fd7855fe,eventtype_feature,OF_TYPE,rel_00ec3696390e9d80
event_f0d7441f76791aca,eventtype_support_open,OF_TYPE,rel_00f9f348c3de734e
event_793fac8ef3274426,eventtype_subscription_start,OF_TYPE,rel_0134aa934c972b5c
event_476abc3f1bb9ffa3,eventtype_feature,OF_TYPE,rel_019b7386801b0d5e
event_2d413d6cc730667b,eventtype_subscription_start,OF_TYPE,rel_01a592994487f191
event_505b93810dee4e9e,eventtype_subscription_start,OF_TYPE,rel_01f12797358881a5
event_8c035186786cc69e,eventtype_subscription_start,OF_TYPE,rel_01f65acd299edfae
event_27e76012f2e261bd,eventtype_feature,OF_TYPE,rel_01f6a94d288b7f89
event_d24735963c303f45,eventtype_subscription_start,OF_TYPE,rel_02354af6f5b01525
event_d806bb5c8da5d59d,eventtype_subscription_start,OF_TYPE,rel_023c783be070b68e
event_a53ca4d456fcab32,eventtype_feature,OF_TYPE,rel_024527a0775d4b69
event_5370ca72730ca889,eventtype_subscription_end,OF_TYPE,rel_028795e6e79a7cf6
event_5a3d3419be44e0e1,eventtype_subscription_start,OF_TYPE,rel_02918ce01b2e5e40
event_1f1dda5c8627a812,eventtype_subscription_start,OF_TYPE,rel_029b6e4974fca9e7
event_862dfb655ce49721,eventtype_feature,OF_TYPE,rel_02c252a789e293e8
event_742a102ae8d81d9c,eventtype_subscription_start,OF_TYPE,rel_02e0b82240b85d97
event_46e297da946b8eee,eventtype_subscription_start,OF_TYPE,rel_02e1b4bee86eefe2
event_b8d98a1da71ef7c1,eventtype_churn,OF_TYPE,rel_02ff58f88949b602
event_1399abdd2b57198a,eventtype_subscription_start,OF_TYPE,rel_0305d365c0f1c980
event_b9fb743bc946e27e,eventtype_subscription_start,OF_TYPE,rel_0308f5b3ae10423c
event_a12ef688095dd103,eventtype_subscription_end,OF_TYPE,rel_0308fdcd8356cdb3
event_e25d8cfcc8072841,eventtype_subscription_start,OF_TYPE,rel_033028f9667411a9
event_62b508be4e47263d,eventtype_subscription_start,OF_TYPE,rel_03403002551e883d
event_56b1b911f412b3e5,eventtype_support_open,OF_TYPE,rel_035aa166fd972521
event_39e1d07f413125c4,eventtype_subscription_start,OF_TYPE,rel_036268ed946ba605
event_0702390092fb4f3d,eventtype_support_open,OF_TYPE,rel_0368765ebf40fcd9
event_f350f78931c5f2da,eventtype_subscription_start,OF_TYPE,rel_0374e0c78e6c9a02
event_75e9ff2eae3369aa,eventtype_subscription_start,OF_TYPE,rel_038ecf707a0b9976
event_aab68681d7c2bec7,eventtype_subscription_start,OF_TYPE,rel_038eefff145c5fd9
event_7c3553b53a21b292,eventtype_subscription_start,OF_TYPE,rel_039befbbeab7e1a1
event_67d3d88ff414a17b,eventtype_subscription_start,OF_TYPE,rel_039cade72047f58b
event_9a471274afd31e99,eventtype_subscription_start,OF_TYPE,rel_03a7450c712cac13
event_68e2581e845e0eb7,eventtype_subscription_start,OF_TYPE,rel_03bbcadaac9de445
event_496984527e2ee83e,eventtype_feature,OF_TYPE,rel_03ec8e42cf32b9d9
event_02831a90c2240175,eventtype_feature,OF_TYPE,rel_041555a984fd3cbb
event_0ac313c306639a3e,eventtype_support_open,OF_TYPE,rel_04217133bf59cc84
event_b5e5d2b70fa754b4,eventtype_feature,OF_TYPE,rel_0422cebb55fe62ef
event_79795760cf25fc62,eventtype_subscription_start,OF_TYPE,rel_043d66cee6ad3fe0
event_36e7b6795c8a29a5,eventtype_feature,OF_TYPE,rel_0447d133603b52d7
event_33da98047f090f33,eventtype_subscription_start,OF_TYPE,rel_044a4489d9e1be8a
event_237af3e8aa99be06,eventtype_feature,OF_TYPE,rel_045f2ae0f538ae61
event_8cc0a386d918b58a,eventtype_subscription_start,OF_TYPE,rel_0464521b75f6dc94
event_d32d4812a3ad4623,eventtype_churn,OF_TYPE,rel_047ddd60a152f976
event_299828992a6e6acd,eventtype_feature,OF_TYPE,rel_04b0253cbeedea18
event_60b414324e383f37,eventtype_subscription_start,OF_TYPE,rel_04ec8efd810765a2
event_d1d5551f8dd9cabd,eventtype_feature,OF_TYPE,rel_05048c9eacc93647
event_829dc49e33eb49c7,eventtype_subscription_start,OF_TYPE,rel_0511175c9711922d
event_49ec87e925495776,eventtype_feature,OF_TYPE,rel_051161dc32b6faec
event_853b06d9cc12a7c3,eventtype_feature,OF_TYPE,rel_0547c719589b0612
event_2bcdd5fd19a16b39,eventtype_churn,OF_TYPE,rel_05bfb44062ce26e1
event_3bcb3b653518e856,eventtype_subscription_start,OF_TYPE,rel_05c0c7c7a0dada85
event_760107f710d00c11,eventtype_subscription_end,OF_TYPE,rel_05cd2f07bf6d9b58
event_b093a3208e7509df,eventtype_support_close,OF_TYPE,rel_05e5dfb361f7eb44
event_b35dc7dd64cfe67c,eventtype_feature,OF_TYPE,rel_05e80a5f541aac76
event_86d80fbb755c3bad,eventtype_subscription_start,OF_TYPE,rel_06288b9a6d484904
event_2aef31f0d5fc2964,eventtype_feature,OF_TYPE,rel_0635a6947b780253
event_f9f205098f702a60,eventtype_churn,OF_TYPE,rel_06389ffca6a4896d
event_ef574fe51fcf1e7a,eventtype_subscription_start,OF_TYPE,rel_063ec78896e213ff
event_3fa7ec1a8066c054,eventtype_subscription_start,OF_TYPE,rel_06400a8adf4d0599
event_09d39e721f201c3f,eventtype_subscription_start,OF_TYPE,rel_066188937d1aa81a
event_ecd4cbf9677ec17a,eventtype_support_open,OF_TYPE,rel_067d980ae86a792b
event_12334dd58f145b5b,eventtype_feature,OF_TYPE,rel_0690b62f8dc20cb4
event_b6e4343d2796025f,eventtype_feature,OF_TYPE,rel_06a9f38411a058ea
event_0736eb8f2ea0440a,eventtype_subscription_start,OF_TYPE,rel_06c1a03876161da6
event_26d8939bf2a30217,eventtype_subscription_start,OF_TYPE,rel_06de1a65d47cb596
event_e00863525cb73609,eventtype_subscription_start,OF_TYPE,rel_07553f28392480a3
event_c100b476e1c50590,eventtype_support_close,OF_TYPE,rel_075c485982139104
event_40a5dab89068e3f5,eventtype_feature,OF_TYPE,rel_07839e001128f5ab
event_96763accf730e8ae,eventtype_feature,OF_TYPE,rel_078df60ceeb6b35f
event_2cef5fe2321d9bba,eventtype_subscription_start,OF_TYPE,rel_07ab2e419a86ac53
event_d9ff4462fa9009f4,eventtype_subscription_end,OF_TYPE,rel_07b811562e584960
event_c77ea62b97773686,eventtype_subscription_start,OF_TYPE,rel_07df9c8114fbcb3e
event_7acca8cee103bbcd,eventtype_support_close,OF_TYPE,rel_07dfcac0a051ef66
event_62426c7fe99e9ef6,eventtype_support_close,OF_TYPE,rel_07e3cc3b95971241
event_b962d1e21b78bd84,eventtype_account,OF_TYPE,rel_07e7f1580d4f82ea
event_c4ac1414522dba0a,eventtype_subscription_end,OF_TYPE,rel_07ff6452a8c084df
event_88551840ff73c66f,eventtype_subscription_start,OF_TYPE,rel_082775ed2582cd9f
event_3bafdd8efea952f2,eventtype_subscription_start,OF_TYPE,rel_082d2d21d9863ec9
event_851ea8dd2c6cf387,eventtype_feature,OF_TYPE,rel_0830932dd7b700c7
event_4ff1d3521d2171cd,eventtype_support_open,OF_TYPE,rel_0833f4630f3200d4
event_fb0b53e2e6d119d3,eventtype_feature,OF_TYPE,rel_086b426d829d0b28
event_da7b3ea333531f42,eventtype_support_close,OF_TYPE,rel_086e1b6af6e93abf
event_22e4450c21196f0c,eventtype_subscription_start,OF_TYPE,rel_088081dd122eb3e8
event_70f0c4a9c01207d9,eventtype_subscription_start,OF_TYPE,rel_088fd13fafcabf09
event_47ac55ae82069cb8,eventtype_feature,OF_TYPE,rel_08a1c812502285a6
event_22c6de208aea5c4e,eventtype_feature,OF_TYPE,rel_0919818970994d3c
event_36930ce508a31160,eventtype_churn,OF_TYPE,rel_092430e75a11f78b
event_f29ffa18a9652ccf,eventtype_feature,OF_TYPE,rel_093e4e2b2c8cec7d
event_72ea95917b3355a5,eventtype_feature,OF_TYPE,rel_094bb31575ff84af
event_67b20bd281c0c5cc,eventtype_subscription_start,OF_TYPE,rel_094d3b3f04389911
event_003b000406078baf,eventtype_feature,OF_TYPE,rel_09876cc44bed1635
event_e9b81e161017cf4d,eventtype_feature,OF_TYPE,rel_0991f978277e6c94
event_9e38fccc57f7269b,eventtype_churn,OF_TYPE,rel_09aaed15a75da0ef
event_56fba9f5d82cd34e,eventtype_account,OF_TYPE,rel_09d55f361fdab3c2
event_fb6e251a99161dfb,eventtype_churn,OF_TYPE,rel_0a38dd9acc5c4ecd
event_3f8b8850f5fb165e,eventtype_account,OF_TYPE,rel_0a3dcf60d1dcedb2
event_d53eb6ce34488433,eventtype_feature,OF_TYPE,rel_0a4a65ff340ea3f9
event_c984b427cf81c901,eventtype_subscription_start,OF_TYPE,rel_0a523ec37fa82813
event_423eeb3a67f77750,eventtype_feature,OF_TYPE,rel_0a5663d826fc2ed6
event_4b23c45f25130d73,eventtype_subscription_start,OF_TYPE,rel_0a7157f99cbea713
event_0d6645c2f070260d,eventtype_feature,OF_TYPE,rel_0b1e167750c0d77f
event_93c97d8fbae46db5,eventtype_feature,OF_TYPE,rel_0b27097a9e5df461
event_91e77c303b2742ff,eventtype_feature,OF_TYPE,rel_0b361c0ffbcf0235
event_8a8496dc321026a5,eventtype_feature,OF_TYPE,rel_0b733e553e4155be
event_dca72ea5bd514382,eventtype_subscription_start,OF_TYPE,rel_0b7cad3d59fb4d5c
event_0198e97638eab44e,eventtype_subscription_start,OF_TYPE,rel_0b8c3832dd9b7004
event_177fca81e56685ef,eventtype_subscription_start,OF_TYPE,rel_0bad6388bc883a5e
event_deffc9c97b83265b,eventtype_feature,OF_TYPE,rel_0be561caa7148f69
event_d8cdbafe98f5f7eb,eventtype_support_close,OF_TYPE,rel_0bf02901dbb55a84
event_dd40c747d4560556,eventtype_feature,OF_TYPE,rel_0c44ae44504eed3e
event_afa3976973d55dd2,eventtype_account,OF_TYPE,rel_0c4e0565cdc2f7c7
event_6128ed1e0bcd5d76,eventtype_feature,OF_TYPE,rel_0c706df1fdd6ae17
event_b3d7647121e88d0c,eventtype_feature,OF_TYPE,rel_0c7a8244681f3159
event_4dfc72368b556360,eventtype_churn,OF_TYPE,rel_0c99c1879000be47
event_3c552f07c7f9eef9,eventtype_subscription_end,OF_TYPE,rel_0ca4bc46703cffcd
event_0db0ffa9d7c8600e,eventtype_support_close,OF_TYPE,rel_0cb10b5ff6c8915a
event_2f27244ba6f1fe0b,eventtype_subscription_start,OF_TYPE,rel_0cb910c583f1abbf
event_844182adc0ad2b79,eventtype_subscription_start,OF_TYPE,rel_0cbd369e1e2c4a0c
event_22a1ebfe7edec532,eventtype_subscription_start,OF_TYPE,rel_0cc6f3577e612eea
event_664cfb4cfd9e22ac,eventtype_feature,OF_TYPE,rel_0cda5bc353fa40c7
event_c00318f2a127460c,eventtype_feature,OF_TYPE,rel_0d0978fa415c998a
event_58b79c7c3f4dd241,eventtype_subscription_start,OF_TYPE,rel_0d1a7d776fc8e949
event_305bb833bfccd3c3,eventtype_feature,OF_TYPE,rel_0d30e64d405896d1
event_01f7a5752121da0a,eventtype_subscription_start,OF_TYPE,rel_0d3e6bc001fec6da
event_ca816a75f2093ef7,eventtype_subscription_start,OF_TYPE,rel_0d4d8b2ccb283f25
event_06e49e88d3fb4b4f,eventtype_support_open,OF_TYPE,rel_0d6cba38eb26342f
event_dd7d49dd52c9aab8,eventtype_subscription_start,OF_TYPE,rel_0d9931dedd4a55f9
event_aeb510d48d3e77fc,eventtype_subscription_start,OF_TYPE,rel_0da0237ba7f2d1c0
event_12e0168ced64b4f3,eventtype_subscription_start,OF_TYPE,rel_0dd30fdada9dc107
event_61b133020a551409,eventtype_subscription_start,OF_TYPE,rel_0dd6190f02a8bad5
event_39e69407426b61a5,eventtype_subscription_start,OF_TYPE,rel_0de510313331b215
event_6d14c824e9a66dc0,eventtype_feature,OF_TYPE,rel_0debbc00e506145f
event_ccfe248a4c4067e6,eventtype_feature,OF_TYPE,rel_0debe3cfc3bf04e0
event_43f303f38c9f4e06,eventtype_subscription_start,OF_TYPE,rel_0df964f45a48b5a0
event_c5fe085175103ef7,eventtype_subscription_start,OF_TYPE,rel_0e43054ffd2b37e8
event_b12d384700a73e41,eventtype_subscription_start,OF_TYPE,rel_0e56322423a0d8a7
event_1b204e93374712cf,eventtype_subscription_start,OF_TYPE,rel_0e5faa78a6c920d3
event_43aec2e99d01ff17,eventtype_churn,OF_TYPE,rel_0e8914614f16c939
event_63485f948b8b936d,eventtype_subscription_start,OF_TYPE,rel_0e90acbb77542c74
event_e9dbd0f53b56f8e0,eventtype_feature,OF_TYPE,rel_0e93037f9a79aa39
event_caf0d7c3d54b1f47,eventtype_subscription_start,OF_TYPE,rel_0e9a4c266cbf2011
event_5ddfacce7240454d,eventtype_feature,OF_TYPE,rel_0ecee467f640e9ef
event_e2282d86e221f13e,eventtype_feature,OF_TYPE,rel_0eed46a6236f8915
event_889109d0d60b4e2b,eventtype_subscription_start,OF_TYPE,rel_0efbb9ff39721fd6
event_acce8474cc719cea,eventtype_support_close,OF_TYPE,rel_0f087cc6c4d486ec
event_b586342d6a405e12,eventtype_subscription_start,OF_TYPE,rel_0f1cb0f41ef8df6b
event_ce3ff51006f564e8,eventtype_subscription_end,OF_TYPE,rel_0f334676be652d0c
event_5de13f8508cc8caa,eventtype_subscription_start,OF_TYPE,rel_0f37bef83e81d1e8
event_9be397e9494b681e,eventtype_subscription_start,OF_TYPE,rel_0f3de8a456a42e9a
event_5f2bb4628a6ebc11,eventtype_feature,OF_TYPE,rel_0f4fee4ffef694eb
event_4320340fb3b35229,eventtype_account,OF_TYPE,rel_0f61865fb8c0c0f9
event_9792ab7fefb0530a,eventtype_subscription_start,OF_TYPE,rel_0f717f6c70bb42ab
event_94e3c37475890d90,eventtype_subscription_start,OF_TYPE,rel_0f878de753747bde
event_b1040c68d5d9ceb9,eventtype_feature,OF_TYPE,rel_0f8e0594e64090a0
event_8155394604a2f1b1,eventtype_support_open,OF_TYPE,rel_0f99691e8e62a1b3
event_73f661adc67ae8af,eventtype_support_close,OF_TYPE,rel_0fb1b50ae70bab6c
event_bca327f955094b5f,eventtype_feature,OF_TYPE,rel_0fba99f227831e73
event_47dad23609eb2d4e,eventtype_subscription_start,OF_TYPE,rel_0fc9cd078c09c322
event_55d7030f826a3b72,eventtype_subscription_start,OF_TYPE,rel_0fd64df64be37abf
event_48b35b33409a45bb,eventtype_feature,OF_TYPE,rel_0fdee57ca52669e4
event_a8cc78281194110d,eventtype_subscription_start,OF_TYPE,rel_0fee68b9e8bc2a25
event_2bf384f83151698b,eventtype_churn,OF_TYPE,rel_103769f512b33872
event_8fabecce28968a21,eventtype_feature,OF_TYPE,rel_10398a76fb6a2be7
event_87e69d8acfa1b336,eventtype_support_open,OF_TYPE,rel_105a511acd70770e
event_eb58aa5af62c3242,eventtype_subscription_start,OF_TYPE,rel_1083457103090553
event_7d6b68f059d0bf79,eventtype_feature,OF_TYPE,rel_10c5664ab0d5a0ae
event_f9072705177c7a1f,eventtype_subscription_start,OF_TYPE,rel_10ccf7c45812025d
event_ea9073bc55e7c386,eventtype_subscription_start,OF_TYPE,rel_10d6b506e4bf3206
event_ffea01b648373597,eventtype_support_open,OF_TYPE,rel_10fc0684dd64a055
event_c96268dd315da715,eventtype_subscription_start,OF_TYPE,rel_1105e601ec507dde
event_988b85b5257add30,eventtype_feature,OF_TYPE,rel_1108f8250c34a274
event_ec6303902f976906,eventtype_subscription_start,OF_TYPE,rel_1110deaaaa49e9b7
event_9277d7a54dc78a3a,eventtype_feature,OF_TYPE,rel_1128a1c8fa12b11d
event_83dc64d5038afe29,eventtype_subscription_start,OF_TYPE,rel_1131f76ec8f678ca
event_c355f7364d064d4c,eventtype_subscription_end,OF_TYPE,rel_1132c1e92ab89522
event_7c3cacd6a1787dbe,eventtype_feature,OF_TYPE,rel_11375a9b16b62ff4
event_b351089b34bc3a69,eventtype_subscription_start,OF_TYPE,rel_1161532d01f3b4ea
event_73e375f078890abf,eventtype_subscription_start,OF_TYPE,rel_117f179b5b1a3e77
event_2ab519fa8482867d,eventtype_subscription_start,OF_TYPE,rel_118f9b0269269355
event_300a317fae585c8f,eventtype_subscription_start,OF_TYPE,rel_11e8ad227cac1f33
event_12f93c722c005692,eventtype_subscription_start,OF_TYPE,rel_11f17f6895d6665d
event_718c7d2414b03f77,eventtype_subscription_start,OF_TYPE,rel_11fb804b3802bf5c
event_0facbd902e946ea0,eventtype_subscription_start,OF_TYPE,rel_12091e6f267e38e1
event_ff4f6b9ecb7e53fb,eventtype_feature,OF_TYPE,rel_1213d0227d999a51
event_c52c317c1d4a6b8b,eventtype_subscription_start,OF_TYPE,rel_1239e80c687ba267
event_b08ee7e2a1a14f21,eventtype_subscription_start,OF_TYPE,rel_1241b520aa2d9a36
event_e5bec07c6e9b25da,eventtype_support_close,OF_TYPE,rel_125727fc5737b1d6
event_4aa5ab98c382f86b,eventtype_feature,OF_TYPE,rel_128966c8cb263d1a
event_742f7b8cab20be23,eventtype_feature,OF_TYPE,rel_12a5f3867f081838
event_80c5bbb3a7c1799f,eventtype_feature,OF_TYPE,rel_12b75849f6920e4b
event_1520a9e8757e7e0b,eventtype_subscription_start,OF_TYPE,rel_12bedad4b9fdfd21
event_caaddee64d1f4134,eventtype_subscription_start,OF_TYPE,rel_12c6f50d2e87ee26
event_8082854562ba119b,eventtype_feature,OF_TYPE,rel_12c7a6acbbc1083f
event_1c7b3e30257bf12b,eventtype_feature,OF_TYPE,rel_12f897bb1be42f1b
event_428e49e56734827e,eventtype_subscription_start,OF_TYPE,rel_12fc631d64b7693f
event_6e8d3d254225f6f3,eventtype_subscription_start,OF_TYPE,rel_13174f471828dc86
event_1537a28fda943d17,eventtype_support_open,OF_TYPE,rel_133c4ed6f2d6c346
event_d833c94647581657,eventtype_subscription_start,OF_TYPE,rel_136556a3ac2e7e18
event_fac5c298d465a9fb,eventtype_subscription_end,OF_TYPE,rel_1367ea87ee6ef8a8
event_051689fe4405c392,eventtype_subscription_start,OF_TYPE,rel_1383da79856fb413
event_a4a411fb37403a5c,eventtype_feature,OF_TYPE,rel_13864b476f512a9b
event_c54d201cfda3801f,eventtype_subscription_start,OF_TYPE,rel_13c2bde5b6338f39
event_86394366c24ce92a,eventtype_support_open,OF_TYPE,rel_13c72a2826cb7b8a
event_ce36d976298570f1,eventtype_subscription_end,OF_TYPE,rel_13dfa692e2e6e1ae
event_1a9008a2b12cb7e7,eventtype_feature,OF_TYPE,rel_143520ce3a68b207
event_e38d542ab8bca260,eventtype_feature,OF_TYPE,rel_1445b8339fec672b
event_e9fcca3833e7874c,eventtype_subscription_start,OF_TYPE,rel_146a4c1233146735
event_3e999a00e8a03f86,eventtype_feature,OF_TYPE,rel_147eebe4cf31c32b
event_8341de5127a097dd,eventtype_feature,OF_TYPE,rel_14baa9b2c038679e
event_d70922bdf3d96c04,eventtype_subscription_end,OF_TYPE,rel_14c031806ecfd197
event_8a4802111bf6d445,eventtype_support_close,OF_TYPE,rel_14d9f561722a0665
event_52615ab805585256,eventtype_subscription_start,OF_TYPE,rel_1502022825058e3e
event_d0b56f516e3b9ff3,eventtype_feature,OF_TYPE,rel_1514a7c2850f61a1
event_b549a4547636e635,eventtype_subscription_start,OF_TYPE,rel_1529cc3e0d7290f4
event_da5249023adae464,eventtype_subscription_start,OF_TYPE,rel_153748f4267e8c9b
event_4c596d572efd25f2,eventtype_subscription_end,OF_TYPE,rel_15435846bc77d44c
event_6e83f05113d139a1,eventtype_support_open,OF_TYPE,rel_159265139c0fd764
event_d76efc01d2f3dc10,eventtype_subscription_start,OF_TYPE,rel_15b07d51252eb22c
event_3293202b83471158,eventtype_subscription_start,OF_TYPE,rel_15ef30b4395dc851
event_3399ace99ec5bea8,eventtype_subscription_start,OF_TYPE,rel_15f9677b48acc934
event_bb9dd5e69070691a,eventtype_feature,OF_TYPE,rel_160fda929b075050
event_cb4316af839c21b7,eventtype_subscription_start,OF_TYPE,rel_162766e9768c3905
event_bd432fb4dbdefe8e,eventtype_feature,OF_TYPE,rel_162d1d7a3ece464a
event_7ed1aad64a9d2fbb,eventtype_subscription_start,OF_TYPE,rel_165ae685681c49f9
event_e9069aa691fda432,eventtype_feature,OF_TYPE,rel_16b6af0598616d13
event_70cdeba2ccc0a2ce,eventtype_subscription_start,OF_TYPE,rel_16f66308c57f050c
event_cd64058249fb23a0,eventtype_feature,OF_TYPE,rel_1700145d2bfaf392
event_0dc2a680f8455f22,eventtype_subscription_start,OF_TYPE,rel_171366e421c7a96e
event_a21ebf8cb1e5d76a,eventtype_churn,OF_TYPE,rel_171d4e9dbaaab0fb
event_be162d159d52347e,eventtype_subscription_start,OF_TYPE,rel_176905431eced097
event_cd3c651c31f676aa,eventtype_feature,OF_TYPE,rel_177313e95321618c
event_7675e97e1d276c88,eventtype_feature,OF_TYPE,rel_178c4f629144b39c
event_16e72dff0895dbb9,eventtype_subscription_start,OF_TYPE,rel_179d20c21ce8f6e5
event_4bea89beefc77e17,eventtype_subscription_start,OF_TYPE,rel_17c0591fff0eb0d1
event_bff0f5b68acc1028,eventtype_feature,OF_TYPE,rel_17c55906c1afe962
event_284240b7814c6e63,eventtype_feature,OF_TYPE,rel_17dc81a8fed36f14
event_153ce91eab0a7dec,eventtype_subscription_start,OF_TYPE,rel_17e73caefabb6321
event_13b5eec8abff119a,eventtype_churn,OF_TYPE,rel_17ecb62766e21fb8
event_b134ee7ccfef9101,eventtype_support_open,OF_TYPE,rel_17f70394392248ca
event_aaa67e36c865b283,eventtype_feature,OF_TYPE,rel_17faefd0c39602f1
event_c6ca89855e1431c9,eventtype_feature,OF_TYPE,rel_18144b34ce3f1b70
event_ee4bf0a2f200ff1e,eventtype_subscription_start,OF_TYPE,rel_181488875864675f
event_8b4f01d7737bb089,eventtype_subscription_start,OF_TYPE,rel_1834a1d7576b1084
event_38259791e747adec,eventtype_subscription_start,OF_TYPE,rel_184bbdb03e3f1742
event_4f3ed519b4072311,eventtype_subscription_start,OF_TYPE,rel_185057238f7f5d5e
event_91cb193bc5770100,eventtype_subscription_start,OF_TYPE,rel_1866593fb71912db
event_a89c73880584f7fc,eventtype_feature,OF_TYPE,rel_18720c9f416a6200
event_bc0e9b2bc92e4847,eventtype_feature,OF_TYPE,rel_18729c501fc4727b
event_300d70c1ef2b9b05,eventtype_feature,OF_TYPE,rel_1887d0379b01a9e4
event_11a96f71b3a699b2,eventtype_feature,OF_TYPE,rel_189181e144623db2
event_46bcb98878b04378,eventtype_support_close,OF_TYPE,rel_18c72d6cd5c1fd66
event_180398eb6d929bf1,eventtype_churn,OF_TYPE,rel_18d9ad385f33741e
event_5bfc4077c80ef424,eventtype_churn,OF_TYPE,rel_18e083e70b37141f
event_2d12ba90c25c9740,eventtype_subscription_start,OF_TYPE,rel_18e7616b766a43b0
event_6fcd3fe565ee33d3,eventtype_subscription_end,OF_TYPE,rel_18e8bc2b5b831fc8
event_5f5b4d45641a7580,eventtype_subscription_start,OF_TYPE,rel_1909f926ab710332
event_008bcb8b1f78bffd,eventtype_subscription_start,OF_TYPE,rel_191ce02c19baa79a
event_ddcb9db8da15d2f4,eventtype_subscription_start,OF_TYPE,rel_193037bee63bf753
event_8a538cde414140ca,eventtype_subscription_start,OF_TYPE,rel_19486653e67eafb9
event_50fb874bd7ffac45,eventtype_subscription_start,OF_TYPE,rel_198cac14eba1aa08
event_786e2aab06ab0e34,eventtype_feature,OF_TYPE,rel_19900a7093a0c357
event_fecba8ec017582d5,eventtype_subscription_start,OF_TYPE,rel_199dde79bd384b05
event_4a1b53935e8a6362,eventtype_subscription_start,OF_TYPE,rel_19b4693a5388106f
event_66c49b434aa62f3c,eventtype_subscription_start,OF_TYPE,rel_19d02f7784d04357
event_ec83868ca34c1754,eventtype_subscription_start,OF_TYPE,rel_19d2dc9fb530d033
event_0cfd80516d31875a,eventtype_feature,OF_TYPE,rel_19f76bca79c908b3
event_d751e15c1283b581,eventtype_support_close,OF_TYPE,rel_19fd040ed15a8aea
event_0b10d74cb31edd7d,eventtype_feature,OF_TYPE,rel_1a1ac4b2a5f56597
event_b363adc9f43834b6,eventtype_subscription_start,OF_TYPE,rel_1a25d7338e338684
event_211dab61bea5d1e3,eventtype_subscription_start,OF_TYPE,rel_1a387dad5374c59f
event_80b3bad67d008985,eventtype_subscription_start,OF_TYPE,rel_1a7c7bd1b7637f9f
event_04d79597d43c7c73,eventtype_subscription_start,OF_TYPE,rel_1a83d54817f33b2b
event_fa97f1253a976acd,eventtype_subscription_start,OF_TYPE,rel_1a9205f57192d358
event_34af63bed94a9487,eventtype_subscription_start,OF_TYPE,rel_1a9bf6d0599b69e8
event_0b54dec1065b918b,eventtype_subscription_start,OF_TYPE,rel_1a9f0b541a5072c9
event_1c01ba10acaec17c,eventtype_feature,OF_TYPE,rel_1ab7efdb093fb1b4
event_70affcecec3b8740,eventtype_churn,OF_TYPE,rel_1acf8338f07c28db
event_13613fac0882d23f,eventtype_subscription_end,OF_TYPE,rel_1b1d769c765f5f9e
event_17aa6165c3d5e06a,eventtype_feature,OF_TYPE,rel_1b1e11d7a2f687e3
event_59d84c1942490b83,eventtype_feature,OF_TYPE,rel_1b2489aee0977169
event_1859b31a2e6e2ab7,eventtype_subscription_start,OF_TYPE,rel_1b35b420b2536144
event_b6d1804bf0237dd0,eventtype_feature,OF_TYPE,rel_1b448d0f0676a396
event_d1488cafc373620f,eventtype_subscription_start,OF_TYPE,rel_1b55a64fe4d67a5a
event_5586511de9289447,eventtype_feature,OF_TYPE,rel_1b778557311d4b27
event_b282e67fef35a2ce,eventtype_feature,OF_TYPE,rel_1b8312dc1e1e0504
event_e1730024fe1af354,eventtype_feature,OF_TYPE,rel_1b9d40c35a7b63d1
event_a8b7866a42b73793,eventtype_subscription_start,OF_TYPE,rel_1b9fa2ad36d636fa
event_c5753a56776d3b7b,eventtype_subscription_start,OF_TYPE,rel_1bc04a826c5a3885
event_4c68ae03e83c50a5,eventtype_subscription_start,OF_TYPE,rel_1bd582d400586a8b
event_a99b8a0f5706a7b5,eventtype_feature,OF_TYPE,rel_1bed7c738db4579f
event_9c8f67a2f9aff064,eventtype_subscription_start,OF_TYPE,rel_1bfa07fd62f07351
event_158819b5ee95e8bc,eventtype_subscription_start,OF_TYPE,rel_1c07cc32c931ade4
event_1cc6025cf29089e4,eventtype_subscription_start,OF_TYPE,rel_1c39cd6a19fb8c8c
event_84e2575826b8e55e,eventtype_subscription_end,OF_TYPE,rel_1c5e2767fb97bef6
event_8495f99bf6506560,eventtype_feature,OF_TYPE,rel_1c9fcf893b194a9d
event_2dfd73d993e52fb8,eventtype_support_close,OF_TYPE,rel_1ca7fde582dc3b51
event_2ef997e56f023859,eventtype_subscription_start,OF_TYPE,rel_1cb365019c692c7c
event_3454e7d71db7d1fb,eventtype_subscription_start,OF_TYPE,rel_1cc38af397c31ddd
event_8b96c963fa3b2cb5,eventtype_feature,OF_TYPE,rel_1ccd685b8e91b42c
event_0b6f2aeda3384121,eventtype_support_close,OF_TYPE,rel_1cee5edb9e1903c2
event_2bf411f53a750d3d,eventtype_subscription_start,OF_TYPE,rel_1d4e19639a8c9de9
event_4958c3d4dc878732,eventtype_feature,OF_TYPE,rel_1d6ea90176344f7e
event_0116ff0759d5a343,eventtype_subscription_start,OF_TYPE,rel_1d8aa69ee6765486
event_34c11cb057186b2b,eventtype_subscription_start,OF_TYPE,rel_1d8b2cdc0b6bd28f
event_d2188aa7bfb413d0,eventtype_feature,OF_TYPE,rel_1da5fcaacc89833e
event_dc8c71629922405a,eventtype_subscription_start,OF_TYPE,rel_1dd799839e385009
event_13724178936d1afa,eventtype_support_close,OF_TYPE,rel_1df8a321b1b54c29
event_ad51c1ff140998c1,eventtype_support_open,OF_TYPE,rel_1e2b35208420f22c
event_6abd97506545527b,eventtype_support_close,OF_TYPE,rel_1e6f6b5a1c08170e
event_4eaf6208b2b7d7f9,eventtype_subscription_start,OF_TYPE,rel_1eb33df1ccc3f0f0
event_e8e38cd8b5e26337,eventtype_support_open,OF_TYPE,rel_1ec17cd833c0be8f
event_0951e9c14612a218,eventtype_subscription_start,OF_TYPE,rel_1ec27efd763234aa
event_b8549475090d8bc0,eventtype_feature,OF_TYPE,rel_1ece33658eda5cd1
event_458fa90d5899264b,eventtype_support_open,OF_TYPE,rel_1ed43f51f5fdb26f
event_fb0afbf3f9f414a1,eventtype_support_open,OF_TYPE,rel_1ed8bcfc00390ded
event_6d9969b21142a261,eventtype_subscription_start,OF_TYPE,rel_1ee7e0e0944a19a8
event_2d7ab75567729150,eventtype_feature,OF_TYPE,rel_1f0019985e075d7c
event_a17d18a1811aff4d,eventtype_feature,OF_TYPE,rel_1f06d93c3b017184
event_9e047c51a8ccf033,eventtype_subscription_start,OF_TYPE,rel_1f264fbc1fbf6e83
event_c06c8d3b0477ba63,eventtype_subscription_start,OF_TYPE,rel_1f30e30295708ff9
event_91302ce7cfbc3b4b,eventtype_feature,OF_TYPE,rel_1f41aaeb6a1b6c66
event_e953e1051bf0db48,eventtype_subscription_start,OF_TYPE,rel_1f7b33c8f4b0bddf
event_a469bd3ba8f3f3b4,eventtype_subscription_start,OF_TYPE,rel_1f7f2ec18cd3a746
event_2628de6f04c1cb70,eventtype_feature,OF_TYPE,rel_1f897fbae016774f
event_172830b04a17ca58,eventtype_subscription_start,OF_TYPE,rel_1f90f330e51efb68
event_df9850c83ba690ae,eventtype_subscription_start,OF_TYPE,rel_1f990b78ee55e394
event_f6463d13024a0449,eventtype_subscription_start,OF_TYPE,rel_1fb8aa0341e2190b
event_c1f48a50ed718133,eventtype_subscription_start,OF_TYPE,rel_1ff781fb25657775
event_a08c464dde4ad6a8,eventtype_subscription_start,OF_TYPE,rel_2001558a08c4296a
event_925c912f4b4be8c9,eventtype_subscription_start,OF_TYPE,rel_20116292a89a04bf
event_1c64554d90838b4d,eventtype_feature,OF_TYPE,rel_206a4d97dcf5e6ae
event_846b0013316c480a,eventtype_feature,OF_TYPE,rel_2071e1b6d1cac1e2
event_5b045ffdc6950787,eventtype_feature,OF_TYPE,rel_2081f233b1668c6e
event_1db5df75860efb2f,eventtype_churn,OF_TYPE,rel_209f6737088682d8
event_466d584179262810,eventtype_feature,OF_TYPE,rel_20c29f76bbb5af9a
event_499021950012e572,eventtype_subscription_start,OF_TYPE,rel_20fc247eb2dfac34
event_492f23ead1af53bf,eventtype_subscription_start,OF_TYPE,rel_211d147eb96c4011
event_6b2f0ed04b1ce7ff,eventtype_subscription_start,OF_TYPE,rel_213751253598e486
event_55808639427cdd53,eventtype_subscription_start,OF_TYPE,rel_215860e663a5a17e
event_0a3f9be3914579b2,eventtype_subscription_start,OF_TYPE,rel_216fb60677151622
event_b6622ebb108186f4,eventtype_subscription_start,OF_TYPE,rel_21a0e92cb177ce8b
event_aabab1fe117a9fb2,eventtype_account,OF_TYPE,rel_21cc0fd09a5dba06
event_be900b41f4b282b6,eventtype_subscription_end,OF_TYPE,rel_21ef6e2cc1a5bd2a
event_a518575ea74a9b91,eventtype_feature,OF_TYPE,rel_21ff729e3622f0c7
event_3413a48c3b9bdaef,eventtype_support_open,OF_TYPE,rel_221e3d304e30e8ff
event_04c9ef3f7cc49136,eventtype_support_open,OF_TYPE,rel_2221056b669a8ff5
event_250f05c790b7fbc7,eventtype_feature,OF_TYPE,rel_2225e8544e189877
event_035aa9fc65cae8e6,eventtype_subscription_start,OF_TYPE,rel_222edfadb31979bb
event_e9e5b6e9cff5532a,eventtype_subscription_start,OF_TYPE,rel_2231a38d8318c9b3
event_d3e4d0eb9417ec99,eventtype_subscription_start,OF_TYPE,rel_2240fc152b42508e
event_d34fd37fb0594a88,eventtype_subscription_start,OF_TYPE,rel_2249c10b9d0b51a8
event_34bb493cf8eac642,eventtype_support_close,OF_TYPE,rel_227f6f1d2907ae4e
event_ec9a9a56dd98ed1c,eventtype_subscription_start,OF_TYPE,rel_22ab344001eeafcc
event_b15a86617804950e,eventtype_subscription_start,OF_TYPE,rel_22af7e417ecce615
event_ba5bd948c0348195,eventtype_subscription_end,OF_TYPE,rel_22b4eb21d8904726
event_3da22435a9f4e4ae,eventtype_feature,OF_TYPE,rel_22b6223667b2c0c3
event_f3a270cf16cdfd1a,eventtype_subscription_end,OF_TYPE,rel_22d38bc69c414ebe
event_76886e72d256a584,eventtype_churn,OF_TYPE,rel_22d3afec5a9a85a9
event_9022648957145d3a,eventtype_subscription_start,OF_TYPE,rel_22e50ff36da23ae6
event_2cc0bfc5eb56cbf1,eventtype_subscription_end,OF_TYPE,rel_2307cf1c901ff382
event_b12e4dbff89d5a34,eventtype_subscription_start,OF_TYPE,rel_231079380f1f6686
event_cf9ccf91ba790e42,eventtype_feature,OF_TYPE,rel_23557920be20d90d
event_36a7f8753b7a1f78,eventtype_subscription_start,OF_TYPE,rel_2357530926373da7
event_27787571f2c4c59e,eventtype_subscription_start,OF_TYPE,rel_235972ab8f4663e8
event_85124ee488d31ed6,eventtype_subscription_start,OF_TYPE,rel_2365dd0079d0c3ac
event_079ac0d12e7e5d85,eventtype_subscription_start,OF_TYPE,rel_236ebf1bb5893f5c
event_4498308dc672a7b9,eventtype_subscription_start,OF_TYPE,rel_23b28fb903327302
event_450558f010577459,eventtype_subscription_start,OF_TYPE,rel_23d04df844021c7a
event_fbc008eb36f6d54c,eventtype_feature,OF_TYPE,rel_23d0556bd00df08a
event_2f103aebc39acfba,eventtype_churn,OF_TYPE,rel_23d5a33d0b3b7c01
event_08469c27499b4dc3,eventtype_account,OF_TYPE,rel_240a885f40f4a671
event_15c47f2ac7570b96,eventtype_feature,OF_TYPE,rel_2410bf15bf3e703a
event_bdef65ac726cd570,eventtype_subscription_start,OF_TYPE,rel_244cf34cf1648e6f
event_ef1aaf9f9c9d01a2,eventtype_subscription_start,OF_TYPE,rel_2454059c8029fea7
event_2d712b70ed19a734,eventtype_subscription_start,OF_TYPE,rel_246e9107927aeaed
event_c2097898d400f670,eventtype_subscription_start,OF_TYPE,rel_24730b06dad11140
event_b46ceaabe3a44833,eventtype_subscription_start,OF_TYPE,rel_247c593bd4f52a70
event_a6ef24ceb1227f1b,eventtype_subscription_end,OF_TYPE,rel_248358229368a862
event_2d1e1b4d12fbda61,eventtype_subscription_start,OF_TYPE,rel_2494d0ac06f05678
event_08c71db44acaa482,eventtype_subscription_start,OF_TYPE,rel_24b7d4528f4e8fe1
event_a3364856c0067e9a,eventtype_subscription_start,OF_TYPE,rel_24e3783b36ca09db
event_10c8ad8cadbca7b1,eventtype_feature,OF_TYPE,rel_253975c66aee15aa
event_eb6e9158d4e902c4,eventtype_feature,OF_TYPE,rel_253cb2e45fe843c8
event_00fef5be58fb8db5,eventtype_support_open,OF_TYPE,rel_2543c939978b4859
event_29956b60cc824edb,eventtype_subscription_start,OF_TYPE,rel_25448828b7e1f6d5
event_b12812dd6b4b7c5a,eventtype_subscription_start,OF_TYPE,rel_25584e0cf1ca559e
event_7065e1f362d53efe,eventtype_subscription_start,OF_TYPE,rel_25e4feaebeaf2a99
event_2b73b28f2364ab84,eventtype_subscription_start,OF_TYPE,rel_262f5d59cd9c429c
event_2ab09d4d08d6b52d,eventtype_feature,OF_TYPE,rel_26388d602d21d261
event_a7b08151830dbe68,eventtype_subscription_start,OF_TYPE,rel_263d16767cc761b3
event_5c44e44d3af7b867,eventtype_account,OF_TYPE,rel_264a5bbdd6266bcf
event_afcf7bf893f8d4dc,eventtype_subscription_start,OF_TYPE,rel_265e8750f638ed95
event_5b510fbfd13fbfe9,eventtype_subscription_start,OF_TYPE,rel_269fd7cd97ccf7d7
event_484cd0d8bcb3545b,eventtype_subscription_start,OF_TYPE,rel_26a6eea511fecc87
event_bfa5a83e977a5dc3,eventtype_support_close,OF_TYPE,rel_26ed80e79b903f4f
event_94035dd80717531c,eventtype_subscription_start,OF_TYPE,rel_26fefd51a2e77099
event_c5c8b7cdc4e9dcce,eventtype_feature,OF_TYPE,rel_2711428cd028d554
event_20f5f0b773cd3032,eventtype_subscription_start,OF_TYPE,rel_271d35b865d4093d
event_2c176fe2461238f7,eventtype_feature,OF_TYPE,rel_271e9177857fab56
event_5ab5b1dafe951e85,eventtype_subscription_start,OF_TYPE,rel_2728f688b52f03e7
event_2d6a6e639f257d47,eventtype_feature,OF_TYPE,rel_272ab4622f3495b7
event_2f70b77db4db06bd,eventtype_subscription_start,OF_TYPE,rel_2737f2926b0b2693
event_f93627f4b4f906b2,eventtype_support_close,OF_TYPE,rel_27421e72d4c4ea51
event_9c6eb08f81b517cf,eventtype_subscription_start,OF_TYPE,rel_27684e3ec4df472c
event_ed7507ee6a92e27d,eventtype_subscription_end,OF_TYPE,rel_2769783e85897f99
event_4b28eaaf4b5e4910,eventtype_subscription_start,OF_TYPE,rel_276d5d59b6a5a46b
event_b1f9f31983e6151b,eventtype_subscription_start,OF_TYPE,rel_277a5f96be746ad6
event_136549665e8d8249,eventtype_subscription_start,OF_TYPE,rel_2780500f080852c0
event_8261625da3e6ba43,eventtype_support_close,OF_TYPE,rel_278b98bc198530e6
event_94edb9e984f7acc5,eventtype_subscription_start,OF_TYPE,rel_27bcc7c0b7a6edf5
event_ab15105b64bdd2bc,eventtype_feature,OF_TYPE,rel_27e06625bbf323a7
event_554d594b47ee4553,eventtype_churn,OF_TYPE,rel_27ef26605e2398a5
event_a7ce47f5548bf4af,eventtype_support_open,OF_TYPE,rel_28329fd8f231e228
event_34f560a1fd9ea163,eventtype_subscription_start,OF_TYPE,rel_283e0bf61b9cd1f1
event_cb7394ada1c4ba51,eventtype_subscription_start,OF_TYPE,rel_28416434d2c5e889
event_3d8a64c6728493a3,eventtype_subscription_end,OF_TYPE,rel_286a0c0d898fd887
event_d367baacf39330e2,eventtype_subscription_start,OF_TYPE,rel_2889f2b678e135cc
event_66ea4b249a6ad3b1,eventtype_subscription_start,OF_TYPE,rel_28a6ab6e6d04dfaa
event_4b127c03bb4c484a,eventtype_feature,OF_TYPE,rel_28b6aaa377e3c524
event_d73275d27d64a0cc,eventtype_account,OF_TYPE,rel_28ea4dda764c1bf8
event_4a3dcfe67ff95e9d,eventtype_feature,OF_TYPE,rel_2906f6ab88544404
event_9512f2e093a8ca8f,eventtype_feature,OF_TYPE,rel_2959d8bf5a5d3fcc
event_997a30bee7628087,eventtype_support_open,OF_TYPE,rel_296f6c3f240219c9
event_8684a6ba47f0f13f,eventtype_subscription_start,OF_TYPE,rel_299d1ed85d915d13
event_b09862c75cd793e4,eventtype_subscription_start,OF_TYPE,rel_29a2186f8826032d
event_a8a61bf48fa01764,eventtype_feature,OF_TYPE,rel_29b4008d9f9fe6c4
event_16305c36b504cb68,eventtype_support_open,OF_TYPE,rel_29dbd4fe24cfef98
event_1945e73e5408c795,eventtype_subscription_start,OF_TYPE,rel_2a1422e2d7d2df50
event_72c6cea64dcde940,eventtype_feature,OF_TYPE,rel_2a92ca7391571c43
event_09989f43e089b533,eventtype_feature,OF_TYPE,rel_2aa5658d6e70d9c1
event_c34ac9bb084dec98,eventtype_support_close,OF_TYPE,rel_2aac247eaee43114
event_659efa6b7c5978fe,eventtype_feature,OF_TYPE,rel_2acb9fa2e8f3f9ba
event_09a8f3d7d1f138b7,eventtype_subscription_start,OF_TYPE,rel_2ae2c8130386f355
event_24be6c922dbfa1e9,eventtype_subscription_start,OF_TYPE,rel_2b10b796ecc51050
event_58204d24ba495fb3,eventtype_feature,OF_TYPE,rel_2b12a21c1276d82b
event_4dfbdbdfe61661f6,eventtype_feature,OF_TYPE,rel_2b1724ba53636d3e
event_f8ca8a10e40cab39,eventtype_feature,OF_TYPE,rel_2b4a8e197e414995
event_e101e05df146d763,eventtype_subscription_start,OF_TYPE,rel_2b6e09866ac9c91d
event_9fa8bc6f50dfe603,eventtype_feature,OF_TYPE,rel_2b8bda8a7957fa71
event_c1b5c73338abd127,eventtype_subscription_start,OF_TYPE,rel_2b911237d6ab86b0
event_8a4168ebc15be058,eventtype_subscription_start,OF_TYPE,rel_2b99b23826c5c9db
event_a46bc2283ba03597,eventtype_feature,OF_TYPE,rel_2b9abc7381c0c9cb
event_7993989522b395fb,eventtype_subscription_start,OF_TYPE,rel_2bafad6daed0d42d
event_3f2ead6bc066e68f,eventtype_feature,OF_TYPE,rel_2bbd2c38ccce2a6e
event_1c08e8c63b40cbd4,eventtype_feature,OF_TYPE,rel_2bc95c33a6acb78e
event_70bb02819b999bba,eventtype_subscription_start,OF_TYPE,rel_2bde8b3eaee0c2b0
event_0855d827733f7f72,eventtype_subscription_start,OF_TYPE,rel_2bed605311925fbb
event_b2e36a2ee325ae93,eventtype_subscription_start,OF_TYPE,rel_2bfe682f24d15421
event_189d352d0f98d935,eventtype_subscription_start,OF_TYPE,rel_2c1951eee7d70221
event_7cf725f6a10cfba1,eventtype_feature,OF_TYPE,rel_2c28803ef8a69b3f
event_8b661ea7adc6d3c2,eventtype_subscription_start,OF_TYPE,rel_2c42ea738b1533b3
event_7db2659994fb2695,eventtype_account,OF_TYPE,rel_2c513a5323fc3066
event_c3542eb5cbb52864,eventtype_feature,OF_TYPE,rel_2c77fd6c9525653f
event_c8e902e563eba6d1,eventtype_subscription_start,OF_TYPE,rel_2cb5af56f846227e
event_3a789a4a0ed44120,eventtype_subscription_start,OF_TYPE,rel_2ccfd9d2e3f920c9
event_b69aee2a4fc8898e,eventtype_feature,OF_TYPE,rel_2cd2f00faffe3969
event_87a16a8534747bd2,eventtype_subscription_start,OF_TYPE,rel_2cd6b135de8d6269
event_34c44b79c7c389ea,eventtype_feature,OF_TYPE,rel_2ce7384fc9cf9c4e
event_0cf573e4ed482cad,eventtype_subscription_start,OF_TYPE,rel_2d0f15c44c1d604b
event_bf2e0f29ecadaff6,eventtype_subscription_start,OF_TYPE,rel_2dc050cc5a9db2e7
event_f16da4e4988573b1,eventtype_support_open,OF_TYPE,rel_2dfbbb695010d1ad
event_9e57602e0df23975,eventtype_subscription_start,OF_TYPE,rel_2e22b4936275fa0d
event_36a14aebfeed4a6c,eventtype_subscription_start,OF_TYPE,rel_2e39ee2d86200af1
event_4e516db0e9453e38,eventtype_feature,OF_TYPE,rel_2e464e2b37f06553
event_b0678671e270afe4,eventtype_subscription_start,OF_TYPE,rel_2e974a33f43d627d
event_017aea0d1030ef8b,eventtype_feature,OF_TYPE,rel_2eac81edc0297d28
event_b516f3eed45d30b1,eventtype_feature,OF_TYPE,rel_2eb51350a6f8fd35
event_118475def5426aac,eventtype_feature,OF_TYPE,rel_2eccc5c45ef1d45d
event_ceac905942c029ab,eventtype_support_close,OF_TYPE,rel_2ee614a3b777070d
event_756e614be4b8c0e6,eventtype_feature,OF_TYPE,rel_2f0cacbc97250a25
event_8e136dacd333150b,eventtype_subscription_start,OF_TYPE,rel_2f1e52b567e1c4e1
event_3afe5077179763ac,eventtype_account,OF_TYPE,rel_2f4a08c050d6629d
event_b11b7cdf6090b6f8,eventtype_feature,OF_TYPE,rel_2f7ae1b78c6d59e1
event_28f5dab787ebc8de,eventtype_subscription_start,OF_TYPE,rel_2f7eee67092ed1a4
event_0e689e903a1a334f,eventtype_feature,OF_TYPE,rel_2f84378e2bb85f6c
event_800147d179148cdd,eventtype_subscription_start,OF_TYPE,rel_2f8b51f627c60c23
event_93aa8c1fcf156cc5,eventtype_subscription_start,OF_TYPE,rel_2f97f887bbae6771
event_144a829a8ca67ee8,eventtype_subscription_start,OF_TYPE,rel_2fa6c5473b303849
event_dbab1ce1b6bf21ab,eventtype_feature,OF_TYPE,rel_2fa8066f56492aa3
event_69b3980c411d37a5,eventtype_subscription_start,OF_TYPE,rel_2fca36dc0ff5f81b
event_ddfac722a58a3d8b,eventtype_support_close,OF_TYPE,rel_2ffe9946acd057f0
event_28694df6caf8c2e1,eventtype_subscription_start,OF_TYPE,rel_302d887ba1da3fc0
event_e4e39d324b107cca,eventtype_feature,OF_TYPE,rel_304c828e3610bcec
event_106d942ed3b8678a,eventtype_feature,OF_TYPE,rel_30520df73efd092b
event_05dfa0196aeff7a5,eventtype_subscription_start,OF_TYPE,rel_305ab2a63557721d
event_7bd4d43daad39bcb,eventtype_feature,OF_TYPE,rel_3065aaed9666608e
event_df1925f2085e585e,eventtype_subscription_start,OF_TYPE,rel_307bdf0da86edeb6
event_45b45f34c642f604,eventtype_feature,OF_TYPE,rel_30ac01dfd29b068c
event_c93e1a33cf2b6b69,eventtype_feature,OF_TYPE,rel_30c9c400bb3265fc
event_de085ba6b470ef42,eventtype_churn,OF_TYPE,rel_30c9c46dd711a5de
event_0e25161d45dca080,eventtype_feature,OF_TYPE,rel_310038075a7505b7
event_6906e5e64c742a28,eventtype_feature,OF_TYPE,rel_31019f622047a4dc
event_4d814eac3aacfbe2,eventtype_feature,OF_TYPE,rel_31022d3af3cd5d18
event_551b28c9e300471e,eventtype_subscription_start,OF_TYPE,rel_310865ea142437da
event_0a42dc8c73e86943,eventtype_subscription_start,OF_TYPE,rel_313456eeb4a090f4
event_c77e9c0c924c5b02,eventtype_feature,OF_TYPE,rel_313f6ddc3ac73851
event_5dd5b69a78cc5770,eventtype_subscription_start,OF_TYPE,rel_3198115d58cfe4fb
event_3a1938a414249e5f,eventtype_feature,OF_TYPE,rel_31a9ad3da1ad2851
event_2c043c1a6bde2932,eventtype_feature,OF_TYPE,rel_320c861bfd8f604b
event_4356f140a28ad44a,eventtype_account,OF_TYPE,rel_324e5f622eba7326
event_d8a2fc51e5c2eca4,eventtype_subscription_start,OF_TYPE,rel_3280cec54ab298bd
event_82eb38d6378c1ee1,eventtype_subscription_start,OF_TYPE,rel_32964a4eee86f393
event_96c3581226244d36,eventtype_subscription_start,OF_TYPE,rel_329e5f6561166c1a
event_c9c5e6c3e89f027d,eventtype_feature,OF_TYPE,rel_32a04781571dc769
event_0717fa04e945d192,eventtype_feature,OF_TYPE,rel_32a0b93df66f4bb2
event_bede8ca189222eef,eventtype_subscription_start,OF_TYPE,rel_32b2c566fd53ba05
event_e616cbe127c6322c,eventtype_feature,OF_TYPE,rel_32cc68c52b398af1
event_f0e13515d734980f,eventtype_feature,OF_TYPE,rel_32d86e6066dbb0b0
event_8b62434f10aaa802,eventtype_subscription_start,OF_TYPE,rel_32e36beb5644c56a
event_90cbb3af6acf56a9,eventtype_subscription_start,OF_TYPE,rel_32e4dbcf493e3d93
event_3b763169e660a75d,eventtype_support_open,OF_TYPE,rel_32f8ae1c6636bdf2
event_449cee0061b32c42,eventtype_churn,OF_TYPE,rel_3303b34fc5e35cf6
event_962b0feacc647cc1,eventtype_feature,OF_TYPE,rel_3309bcec6081dddd
event_fe831b8274f3039a,eventtype_account,OF_TYPE,rel_330f4540e81fae12
event_0d0d165159008f76,eventtype_subscription_start,OF_TYPE,rel_33192a55496e129b
event_ee23ceb469befbd7,eventtype_subscription_start,OF_TYPE,rel_33264d22ec7e9e42
event_825a5d276da86683,eventtype_subscription_start,OF_TYPE,rel_333356f55445cc25
event_fcbdc745ce392f6a,eventtype_subscription_start,OF_TYPE,rel_333b95cf9f1b58ec
event_321ba6f2a51668bc,eventtype_feature,OF_TYPE,rel_334337000ae1a646
event_6addffbc842cf95e,eventtype_feature,OF_TYPE,rel_335b42047cff399c
event_1049a4a1fc1f27b9,eventtype_support_close,OF_TYPE,rel_33848dc2e70f555f
event_0c2bb142cd695661,eventtype_subscription_start,OF_TYPE,rel_340bd64258dd7002
event_07db07a922a0b66f,eventtype_subscription_start,OF_TYPE,rel_347c46b475c9afc5
event_66c7b4338244af10,eventtype_subscription_start,OF_TYPE,rel_34c53aec3cd322a0
event_7b4ac23c10d3c8f9,eventtype_feature,OF_TYPE,rel_34e6d125a02ad17e
event_f48aaf45a96ab745,eventtype_subscription_start,OF_TYPE,rel_34eda4d7ecd1c05d
event_4b2829195f569923,eventtype_subscription_start,OF_TYPE,rel_34edab24a3fe3540
event_7e340e0d033f78e5,eventtype_subscription_start,OF_TYPE,rel_3562cfca767b4548
event_07108b5ee2413c24,eventtype_feature,OF_TYPE,rel_356c818ab4e37c8c
event_e92a93e349b4e756,eventtype_subscription_end,OF_TYPE,rel_35784e751daf6149
event_f59eab0104492825,eventtype_support_open,OF_TYPE,rel_357c758c9e831c5a
event_f60ed5921db0737d,eventtype_subscription_start,OF_TYPE,rel_358274e58073db2f
event_a5c693230208830d,eventtype_support_close,OF_TYPE,rel_3583a7826fdb6eb9
event_d1c3de83b29bd025,eventtype_subscription_start,OF_TYPE,rel_358be3910ff711b8
event_ce3bbd21048f755c,eventtype_subscription_start,OF_TYPE,rel_35a75ef0d98d1238
event_efcad648ab3c9d74,eventtype_subscription_start,OF_TYPE,rel_35da76e2b0b2533a
event_f463a3b4f85bdf68,eventtype_subscription_start,OF_TYPE,rel_35dd306e9e1bc701
event_ed82a4d59c897514,eventtype_subscription_end,OF_TYPE,rel_36073768e5683573
event_6f07af5d0cea7c4c,eventtype_subscription_start,OF_TYPE,rel_3614ab46c4c40046
event_2815027ce5cb5d2f,eventtype_feature,OF_TYPE,rel_3619be6b34169198
event_aa32f9817538c0b2,eventtype_support_open,OF_TYPE,rel_3629aae5487b3b9a
event_e08af6787f89a481,eventtype_subscription_end,OF_TYPE,rel_3637b195f0bcc988
event_4fa224ab242fc4c3,eventtype_feature,OF_TYPE,rel_3642a10fe436a4a9
event_24dcb6c4ba3ff31b,eventtype_support_open,OF_TYPE,rel_365996781ff743c4
event_10bf55ac3fe2404f,eventtype_feature,OF_TYPE,rel_366cfa416b1dd9d7
event_901cfdc606ba6023,eventtype_subscription_start,OF_TYPE,rel_3674ea461529b5db
event_aabcc67141da8098,eventtype_feature,OF_TYPE,rel_3684158ea86c2616
event_89593a7900abed3a,eventtype_subscription_start,OF_TYPE,rel_36abd0812d5e35f6
event_b8fec01557d33349,eventtype_support_open,OF_TYPE,rel_36dc7a868445472d
event_12c1e4b83d5e5705,eventtype_subscription_start,OF_TYPE,rel_36faa8b97b1b68d4
event_feca4cce01815629,eventtype_subscription_start,OF_TYPE,rel_370f98883d265e9c
event_f8b4626ab793f7db,eventtype_account,OF_TYPE,rel_37317efd6456a345
event_2e66f4ae4aef3da4,eventtype_account,OF_TYPE,rel_374c6963d304a63d
event_805427d61df98516,eventtype_feature,OF_TYPE,rel_3755198289489b94
event_a668ce3d3b77c95b,eventtype_subscription_start,OF_TYPE,rel_375afc4558bffeab
event_2d67ee7ee5a7969d,eventtype_subscription_start,OF_TYPE,rel_3760cc830770437f
event_1b2968b98b4ea9e8,eventtype_feature,OF_TYPE,rel_3787e31d53c2be2d
event_08699d87acbae360,eventtype_feature,OF_TYPE,rel_378f0c20ffcd4b30
event_f4416a2ce98c8454,eventtype_subscription_start,OF_TYPE,rel_3790c18ffb1cfba5
event_42c992fc0dd4094c,eventtype_feature,OF_TYPE,rel_37924e9ae1daf667
event_eed120262da99e8b,eventtype_churn,OF_TYPE,rel_37a06195d1c0a777
event_b3dfdeda80cf2f9d,eventtype_subscription_start,OF_TYPE,rel_37a7f1b4e26cb1a7
event_9cca79e1738530f1,eventtype_support_close,OF_TYPE,rel_37c05a27ec82bb3b
event_4bcf3411f6947cb4,eventtype_feature,OF_TYPE,rel_37cf782563ccb5af
event_ede8558f80d543ac,eventtype_support_close,OF_TYPE,rel_3809af6029bf0905
event_6a698c0416726595,eventtype_subscription_start,OF_TYPE,rel_380bb7a5a97ab634
event_a12d5d3cd04d70ab,eventtype_subscription_start,OF_TYPE,rel_381f7b266d7a33f9
event_f626ce6234cae43c,eventtype_feature,OF_TYPE,rel_38215d6357aa3c24
event_f37f65cd6d720b16,eventtype_subscription_start,OF_TYPE,rel_3822eac0f07e6603
event_f6333adbdfb9e2e6,eventtype_subscription_start,OF_TYPE,rel_3827955a7847a748
event_4ed59c3fbe78c2f5,eventtype_feature,OF_TYPE,rel_382bc0cfab999e5b
event_33c6f9ca7b188c49,eventtype_subscription_start,OF_TYPE,rel_382be3404baf12b3
event_0706a660a8cfd26f,eventtype_feature,OF_TYPE,rel_3861d02a97a513de
event_42d38711f3c71907,eventtype_subscription_start,OF_TYPE,rel_387f02f2b3fbdcb5
event_d45a56e2f720e3bd,eventtype_feature,OF_TYPE,rel_3881636b8b3bee18
event_76ad8d4706d63d43,eventtype_feature,OF_TYPE,rel_38b788abec1a6c4c
event_ed8811dcd3771dc2,eventtype_subscription_start,OF_TYPE,rel_38f37e428c00a114
event_783661afe2e92b2a,eventtype_subscription_start,OF_TYPE,rel_38fa63473ae83c79
event_2d76570b1feccf02,eventtype_subscription_start,OF_TYPE,rel_391c53261db91399
event_67d3554539fa833d,eventtype_feature,OF_TYPE,rel_3937e8f6e20a56c4
event_0076ae896c788881,eventtype_subscription_start,OF_TYPE,rel_3954acd5479445f3
event_7d70280409bdee8e,eventtype_subscription_start,OF_TYPE,rel_3956019326042ff6
event_a161aa784bd085df,eventtype_subscription_start,OF_TYPE,rel_3967c8fd16092376
event_080cf370dd518b79,eventtype_support_close,OF_TYPE,rel_396caf1e2f0c05f0
event_adaa463ee45c62e1,eventtype_churn,OF_TYPE,rel_3980ecaf814e0203
event_46a7256d43549acb,eventtype_subscription_start,OF_TYPE,rel_398126b1bb817972
event_bc4218af787f3749,eventtype_subscription_start,OF_TYPE,rel_39a7b54c31e6030b
event_b7c82f83490ef980,eventtype_feature,OF_TYPE,rel_39aba6a64b16ae6e
event_225ffa012229ffcf,eventtype_subscription_start,OF_TYPE,rel_39aecadb3de29809
event_3729199e6ede912a,eventtype_subscription_start,OF_TYPE,rel_39dede81d4b47abc
event_d4a1162d678cda47,eventtype_feature,OF_TYPE,rel_39e80313e075d873
event_62b548d2f39b61cb,eventtype_feature,OF_TYPE,rel_39fd792f51753007
event_62107269cf63dffc,eventtype_feature,OF_TYPE,rel_3a1b370ee1f57ec7
event_acd6d32164a46ffc,eventtype_subscription_start,OF_TYPE,rel_3a465ac06f771294
event_b9fa7967e3d29a53,eventtype_subscription_start,OF_TYPE,rel_3a7736669501e807
event_2368be6730ef2043,eventtype_subscription_start,OF_TYPE,rel_3a9c7be3356b5765
event_4c8b828bc7e31d14,eventtype_support_close,OF_TYPE,rel_3b04d1cef7b36343
event_9a7a402f60732b94,eventtype_subscription_start,OF_TYPE,rel_3b250c730f4e193d
event_8650de8c0f3958df,eventtype_subscription_start,OF_TYPE,rel_3b45ea3e9694f48b
event_6c86f57b260075c9,eventtype_feature,OF_TYPE,rel_3b6b0d0feafda34e
event_c4219b12159b8646,eventtype_subscription_start,OF_TYPE,rel_3b84afbe663b28dd
event_f536c4ea7a65240c,eventtype_account,OF_TYPE,rel_3b9190a276aee75b
event_051b06c30ed370e8,eventtype_feature,OF_TYPE,rel_3ba2c782065102dc
event_1c7b02cd6b115342,eventtype_subscription_start,OF_TYPE,rel_3ba8598e9d554878
event_61b2cbea2985f2d5,eventtype_subscription_start,OF_TYPE,rel_3bb0d7573f72ff60
event_47836246d5e96873,eventtype_feature,OF_TYPE,rel_3be2f25c046c95fb
event_6856c0ec9bb26884,eventtype_feature,OF_TYPE,rel_3c16330b2b75bf8b
event_ecdf30a89fb4e3c5,eventtype_support_close,OF_TYPE,rel_3c30eef92f77d3d6
event_1514c383bc98f82e,eventtype_account,OF_TYPE,rel_3c353277642184fc
event_7cbaaa936ad76a80,eventtype_subscription_end,OF_TYPE,rel_3c86b487e5ef6d7e
event_732e5f00a556b142,eventtype_feature,OF_TYPE,rel_3c904f67199c46c2
event_ef2ca1bd0e88a351,eventtype_support_open,OF_TYPE,rel_3c9a79975818256f
event_fe58e58f77cb6ff3,eventtype_feature,OF_TYPE,rel_3c9c4eae8a7bd9af
event_27315acd7e287dee,eventtype_feature,OF_TYPE,rel_3ca0b3b2382dce3f
event_1baa73978a306407,eventtype_subscription_start,OF_TYPE,rel_3d3b425e402e1e1b
event_1a30bc5feebf43c1,eventtype_account,OF_TYPE,rel_3d4714d173f2fbe9
event_a5c641532f7726d1,eventtype_subscription_start,OF_TYPE,rel_3d5d14fdd1bec29b
event_a5cb90df2820de18,eventtype_feature,OF_TYPE,rel_3d65eb424940f222
event_28db8e1166810bf3,eventtype_subscription_end,OF_TYPE,rel_3d8780a00d9916b1
event_a09b9e3176d19307,eventtype_support_open,OF_TYPE,rel_3d9e858eaed731c2
event_25fa2d9978f664f4,eventtype_feature,OF_TYPE,rel_3df4eae4757a3964
event_c47fd670915e1a64,eventtype_subscription_start,OF_TYPE,rel_3dfca64059366ff9
event_1c16ee257c34f44b,eventtype_subscription_start,OF_TYPE,rel_3e128bed791f6d40
event_66ef207d8b11842a,eventtype_subscription_start,OF_TYPE,rel_3e3b50053fd0fc42
event_7bd0f65427b7ec60,eventtype_feature,OF_TYPE,rel_3e4a2a41c5056629
event_dbd8e1ee2bdeef3a,eventtype_feature,OF_TYPE,rel_3e65f6840ed97e0c
event_f1decdcbafee066b,eventtype_feature,OF_TYPE,rel_3e81423937e73100
event_9236c0f9797aac75,eventtype_subscription_start,OF_TYPE,rel_3e98cd44b2e53f5c
event_904aeab1e13bcb11,eventtype_subscription_start,OF_TYPE,rel_3ecb7d6fb3d5ccbf
event_9ac077a2510e6002,eventtype_support_open,OF_TYPE,rel_3ecbdfa8a4a20c02
event_df83981af7833b1e,eventtype_feature,OF_TYPE,rel_3ed3359b3c1a0db2
event_cd2728e3108171c1,eventtype_support_open,OF_TYPE,rel_3ed72c4e8186459c
event_0e3bba79960d11d1,eventtype_feature,OF_TYPE,rel_3efa4119c31af2d2
event_a5f47675b1e2d24a,eventtype_account,OF_TYPE,rel_3f124ed9264847cd
event_c27b6529159c932a,eventtype_feature,OF_TYPE,rel_3f12bc9dad215867
event_b38d2884f30fae6c,eventtype_subscription_start,OF_TYPE,rel_3f2f505fb97cfd2d
event_32d3080ca2b5d910,eventtype_feature,OF_TYPE,rel_3f633ee6031099c5
event_32f58c1789ec0907,eventtype_support_open,OF_TYPE,rel_3f67aaaf039a59fe
event_81bbf8fc33e9b4a7,eventtype_feature,OF_TYPE,rel_3f6d18de26f9b9bc
event_65e16ba3c75ba58b,eventtype_feature,OF_TYPE,rel_3f8b21d55fe45d90
event_380b7f44fa1a021f,eventtype_churn,OF_TYPE,rel_3fb1fa73aef43707
event_4f164ce0a7b39b59,eventtype_feature,OF_TYPE,rel_3fbfe75ec42a128b
event_cbe0193662111487,eventtype_subscription_start,OF_TYPE,rel_3fe167371e19d76c
event_97a03098730b0788,eventtype_account,OF_TYPE,rel_3ffcbada07c1d723
event_70802720a25b3071,eventtype_account,OF_TYPE,rel_400be808629b400a
event_a1c7f87b6c2f6bb2,eventtype_feature,OF_TYPE,rel_400f0da1d597a972
event_7e6159eeeaac80c8,eventtype_feature,OF_TYPE,rel_40309c5e89bcbaca
event_5b2b32b65fd990b5,eventtype_feature,OF_TYPE,rel_4045b2dae51973a5
event_0e812c3080625d28,eventtype_subscription_start,OF_TYPE,rel_406ee069ecdb573f
event_51125e04f9143f89,eventtype_subscription_start,OF_TYPE,rel_4073b47c649c8a78
event_2a4cf23bc754cc8a,eventtype_support_open,OF_TYPE,rel_408fd6f3833380dc
event_5db315b3a99ace04,eventtype_feature,OF_TYPE,rel_4094317ca65d6d96
event_40e85f5df0a6798c,eventtype_feature,OF_TYPE,rel_40c485539bcd0ba7
event_ec35b98055f94119,eventtype_subscription_start,OF_TYPE,rel_4109dcfc6e66a881
event_ecab5d53b21ab793,eventtype_subscription_start,OF_TYPE,rel_411d2f7274c61d1d
event_a67e5f4dc5fd1740,eventtype_subscription_start,OF_TYPE,rel_411fb7fa914c2adb
event_947a60b835118fdc,eventtype_churn,OF_TYPE,rel_4130a436015e849d
event_bf7c41053640c9d1,eventtype_feature,OF_TYPE,rel_4137162248048c4a
event_578190e49a9011f6,eventtype_feature,OF_TYPE,rel_41493d3e13b502ec
event_3576f62e9747c94c,eventtype_subscription_start,OF_TYPE,rel_41cb45e94d814b54
event_6484c17bb3e9029b,eventtype_subscription_start,OF_TYPE,rel_41d6266746dee940
event_b215b11e2d41aee1,eventtype_feature,OF_TYPE,rel_41d9886fc71b50ea
event_1778a71af7209e01,eventtype_support_close,OF_TYPE,rel_41eca1114fedf793
event_ae69250f38de0b1a,eventtype_support_open,OF_TYPE,rel_42216091f5c2734c
event_29c4c24c67de91d6,eventtype_account,OF_TYPE,rel_42250505002481d4
event_2d25bbb206be04fd,eventtype_support_open,OF_TYPE,rel_422a01224b6362af
event_1efe1251f8fa89b3,eventtype_feature,OF_TYPE,rel_4242b3bab18c1377
event_04cfca30afa2f20e,eventtype_subscription_start,OF_TYPE,rel_4245d0a07955c4e5
event_77bc19a92d1b40c4,eventtype_subscription_start,OF_TYPE,rel_425fa7e0c80b99f0
event_830cbf218f44712d,eventtype_subscription_start,OF_TYPE,rel_4268c51cbd514a91
event_b5c4a7a60db53296,eventtype_feature,OF_TYPE,rel_426998666aeca488
event_4c791e5ebf4515c2,eventtype_support_open,OF_TYPE,rel_427d87e1ad7e758b
event_29f484537af342b1,eventtype_subscription_start,OF_TYPE,rel_4282ba1f3919043c
event_63e27861b8a96566,eventtype_feature,OF_TYPE,rel_4291b7d67c760381
event_4c30824778947199,eventtype_subscription_start,OF_TYPE,rel_429aa201ec754c5a
event_1977b90415349dfa,eventtype_subscription_start,OF_TYPE,rel_429c394144a3c158
event_c29db2ab4553d118,eventtype_feature,OF_TYPE,rel_42b728ab5e495027
event_7014dc5ee71734c5,eventtype_subscription_start,OF_TYPE,rel_42dd0340d14b46df
event_ef9c3c8e27c3b08c,eventtype_subscription_end,OF_TYPE,rel_42e9c26576a8a739
event_e49cf68e8a630a71,eventtype_subscription_start,OF_TYPE,rel_42f03aed9edd84c3
event_c7cc4d18b811e805,eventtype_feature,OF_TYPE,rel_43017bc0ed270bb5
event_fbb774843f1e5f85,eventtype_feature,OF_TYPE,rel_4362315644cda32a
event_82d16d3839821490,eventtype_subscription_start,OF_TYPE,rel_436c43b38a087c37
event_2f268c1599eb4b64,eventtype_subscription_start,OF_TYPE,rel_4372e5b3c8626782
event_76f2bef72b8c05bc,eventtype_feature,OF_TYPE,rel_438d2f2b60f6790e
event_4a18496d104f7238,eventtype_subscription_start,OF_TYPE,rel_4397ffc2cd82ec03
event_80c2d7f755ccc20a,eventtype_feature,OF_TYPE,rel_43ab7585001ad63e
event_e5a4145c86b835f9,eventtype_subscription_start,OF_TYPE,rel_43afd8db05a6ccc5
event_3b917e61f837f511,eventtype_subscription_start,OF_TYPE,rel_43c99663678fe40f
event_efebc83e1d546398,eventtype_feature,OF_TYPE,rel_43e8e8761dc1b8ec
event_fbe86412c1c1a594,eventtype_subscription_start,OF_TYPE,rel_446348179907b728
event_b8552d1fa900cd63,eventtype_subscription_start,OF_TYPE,rel_448a5d7f28fb2b27
event_0e8880aa70315d4f,eventtype_subscription_start,OF_TYPE,rel_449ea303704afe80
event_49f678a9247a76d4,eventtype_subscription_start,OF_TYPE,rel_44b16cf40f766b25
event_713e87f3eb864574,eventtype_churn,OF_TYPE,rel_44c715dc6b72e4dd
event_3d0e755f727a6859,eventtype_feature,OF_TYPE,rel_44d7d226916b76c9
event_5262c3494a55bc91,eventtype_churn,OF_TYPE,rel_44eb468b7958e96c
event_91bdcdad37ae5088,eventtype_feature,OF_TYPE,rel_44f3b2c2a46cec53
event_ec63c1a4c538fb32,eventtype_feature,OF_TYPE,rel_4505326e7870846c
event_af5ec19edf6a3450,eventtype_subscription_start,OF_TYPE,rel_4509d2eedb29f6fa
event_081ebe5b3c680605,eventtype_subscription_start,OF_TYPE,rel_451284ea78f5e47f
event_6a994f110c5107c8,eventtype_subscription_start,OF_TYPE,rel_457693071e6b3d87
event_8a204635c7ba696c,eventtype_account,OF_TYPE,rel_457e69914e45803c
event_389881ca31b29947,eventtype_subscription_start,OF_TYPE,rel_45963d654703142c
event_ea783256abd5da0f,eventtype_subscription_start,OF_TYPE,rel_45a982b5441dfdba
event_1e9a96aa19742ffd,eventtype_subscription_start,OF_TYPE,rel_45c19a6657280494
event_7e35e97bbb7b2096,eventtype_feature,OF_TYPE,rel_45c45db7788b97a6
event_adb888b5bdcf30ea,eventtype_subscription_start,OF_TYPE,rel_45c72f98f2c0c3ae
event_4a76e8123fa95cc6,eventtype_feature,OF_TYPE,rel_45e66743e64cd5c8
event_4f940ea2e88b45e1,eventtype_subscription_start,OF_TYPE,rel_45fa8df5785f7891
event_c16ac2a8622b4631,eventtype_subscription_start,OF_TYPE,rel_4618577a10fa5a96
event_0a8bd5c0b2dca7c9,eventtype_churn,OF_TYPE,rel_463ada72bb2aa83a
event_5d718c71ccde6acf,eventtype_support_open,OF_TYPE,rel_464ffd27a5c6aa78
event_db1d1a811147c49d,eventtype_churn,OF_TYPE,rel_4654129e90fc860b
event_4944044b53a83547,eventtype_feature,OF_TYPE,rel_467e781fec773aef
event_07b8299189f47509,eventtype_subscription_start,OF_TYPE,rel_469bce46b6163eb4
event_658532fd8834083f,eventtype_account,OF_TYPE,rel_46cff700c639b3ec
event_6e952baaee5a95fb,eventtype_subscription_start,OF_TYPE,rel_46d0c875f04b9e16
event_db0970dbaa5b2e6a,eventtype_subscription_end,OF_TYPE,rel_46d461729b06240b
event_79003b0093acf8d4,eventtype_subscription_start,OF_TYPE,rel_46e359f22c1a1d76
event_21af7d4e27b9393f,eventtype_subscription_start,OF_TYPE,rel_46f3314e67750f9b
event_10f552f44072fd79,eventtype_subscription_start,OF_TYPE,rel_46fb6e7ae5880daf
event_9e2ff5f6ebc9a35f,eventtype_feature,OF_TYPE,rel_47190e8ad41307d0
event_94311e48e199e321,eventtype_support_open,OF_TYPE,rel_4728c27cb393b448
event_602b22ebedc05514,eventtype_subscription_start,OF_TYPE,rel_47290c564901194c
event_2208edaf71f5683d,eventtype_subscription_start,OF_TYPE,rel_4771316548d62b77
event_b13206d2e50b797b,eventtype_feature,OF_TYPE,rel_4779c2dd57627b9c
event_49b8a5067cda2ac0,eventtype_feature,OF_TYPE,rel_477b463803802f33
event_c3c06d75c4fc3362,eventtype_subscription_start,OF_TYPE,rel_477cc06e662c8985
event_227896aeeb32ada1,eventtype_subscription_start,OF_TYPE,rel_47a8b8a83364c406
event_284d9bb74c3cf827,eventtype_feature,OF_TYPE,rel_47fccfbd58b0a940
event_9150a50f1359bd3f,eventtype_feature,OF_TYPE,rel_4808eec880197812
event_4898d132529b2104,eventtype_subscription_end,OF_TYPE,rel_483c47894527142c
event_070b49f5e2a1879d,eventtype_support_open,OF_TYPE,rel_486af3d533ac8cc8
event_60d9350e6096a707,eventtype_support_close,OF_TYPE,rel_48725b7bb35036a0
event_8d1b555240d40398,eventtype_support_open,OF_TYPE,rel_48aa6a0600a9808a
event_d3dd10f2ce05ecc5,eventtype_churn,OF_TYPE,rel_48b037ebd78284c3
event_daf7558cccf14b22,eventtype_feature,OF_TYPE,rel_48b08e7ed140db94
event_301b8633dc0ccc62,eventtype_support_close,OF_TYPE,rel_48b590dc32f72d00
event_1cfdb76514e7a1f7,eventtype_subscription_start,OF_TYPE,rel_48c3d380d0272c76
event_f094b951b5141c24,eventtype_feature,OF_TYPE,rel_48dd606ce1a2303b
event_ef4e0855658a2871,eventtype_feature,OF_TYPE,rel_48e2df4562ab1490
event_36e6f8c5fdf581cf,eventtype_subscription_end,OF_TYPE,rel_48eafc4cd9d28f85
event_1d605175affdfb9c,eventtype_subscription_start,OF_TYPE,rel_48eb2502b05fc2f2
event_a29840cccf4a45ce,eventtype_churn,OF_TYPE,rel_48fd1712ca9f6358
event_e8b53c981f32a8d7,eventtype_subscription_start,OF_TYPE,rel_492fec111e29e009
event_030f50bcde726a3e,eventtype_subscription_start,OF_TYPE,rel_49361215cfdc0dcc
event_be233269705ce934,eventtype_feature,OF_TYPE,rel_49404f29ded00b05
event_56a173b8b497fba2,eventtype_support_close,OF_TYPE,rel_4959ae3231ba61ee
event_fe9b367ccf996bdb,eventtype_subscription_start,OF_TYPE,rel_4966e1bc916c8c89
event_158ce808c7027f89,eventtype_subscription_end,OF_TYPE,rel_4977bf68d622eb92
event_b45142963f2dac3f,eventtype_feature,OF_TYPE,rel_499b8c79813f3ee3
event_3129a92ef5587360,eventtype_subscription_start,OF_TYPE,rel_49add2a407b55455
event_504c4a35559488ee,eventtype_subscription_start,OF_TYPE,rel_49af56da0905b97b
event_2edace2539a015ad,eventtype_subscription_start,OF_TYPE,rel_49b4b605261e37a2
event_f22c6ba2e5bbb33b,eventtype_subscription_start,OF_TYPE,rel_4a135868a9bd24b6
event_ff3b1f646e5bfaaa,eventtype_feature,OF_TYPE,rel_4a15891bad1ce197
event_cb157ac3a3ccdc30,eventtype_subscription_start,OF_TYPE,rel_4a6056010caa0d6e
event_5901964dfa9197fe,eventtype_feature,OF_TYPE,rel_4a68b5df12be0cdd
event_e04b819bb686b537,eventtype_subscription_start,OF_TYPE,rel_4a825cdc7acfb302
event_0005ad3e93b75eb2,eventtype_account,OF_TYPE,rel_4a99ca27dfc7fecf
event_22579a8fd0296181,eventtype_support_close,OF_TYPE,rel_4ac79da18a4d4a6d
event_245fbd5a2319daa0,eventtype_subscription_end,OF_TYPE,rel_4accce381a691b12
event_6057e6390c495528,eventtype_subscription_start,OF_TYPE,rel_4ae4d57827028385
event_ddfce44ab0a0d5a1,eventtype_subscription_end,OF_TYPE,rel_4b381ae3fa284069
event_3fdbc7d0c0335680,eventtype_support_close,OF_TYPE,rel_4b45d567b5a6f033
event_2a7663dbb6935314,eventtype_support_open,OF_TYPE,rel_4b4d363f0317a7c8
event_19a308c2651d9075,eventtype_subscription_end,OF_TYPE,rel_4b6b71e5e62f99ff
event_2d4f5295f5c987f9,eventtype_feature,OF_TYPE,rel_4b992914a102f41d
event_ee12717208e5fe3e,eventtype_feature,OF_TYPE,rel_4b9e64f57cd6b2e6
event_88c5ba5ac9684ef5,eventtype_churn,OF_TYPE,rel_4bb150c1647c12d5
event_90fea67322b26657,eventtype_feature,OF_TYPE,rel_4bc0c1c376c65501
event_21d5442daf41f1bf,eventtype_feature,OF_TYPE,rel_4bee77a143b7e593
event_d76d0bc69a478824,eventtype_feature,OF_TYPE,rel_4c07d8487a61c0ad
event_81b599ed2ebd522d,eventtype_account,OF_TYPE,rel_4c18d7796969ff64
event_5f95b5ffd73ab0ef,eventtype_support_open,OF_TYPE,rel_4c82313bf7d4bd2d
event_ee408dee9d15fc90,eventtype_subscription_end,OF_TYPE,rel_4c991353bed57044
event_807ed1679b8fe3d5,eventtype_subscription_start,OF_TYPE,rel_4ca28c9d94bb4b73
event_3a169bed49b6dee2,eventtype_subscription_end,OF_TYPE,rel_4cba1505ee001e8a
event_551ef9994f757718,eventtype_subscription_start,OF_TYPE,rel_4cc42a3edf8e64a3
event_d065197d07182187,eventtype_feature,OF_TYPE,rel_4ce684e7befa0d4b
event_362620ad143aa078,eventtype_subscription_start,OF_TYPE,rel_4cf2c2b27e518b5d
event_5035e043168037e2,eventtype_feature,OF_TYPE,rel_4cfe01d56be8086e
event_a6d31c66e1beebf4,eventtype_subscription_start,OF_TYPE,rel_4cfef1081572d0db
event_b44a529948b6aa41,eventtype_feature,OF_TYPE,rel_4d2998871e858819
event_a273ef00d1d896d9,eventtype_churn,OF_TYPE,rel_4d2a614ae42cc342
event_ac0322170af0e8ff,eventtype_churn,OF_TYPE,rel_4d8e06cb8dd4d244
event_c44e5bb3f209e8c5,eventtype_feature,OF_TYPE,rel_4d99c7a1ef4bef4c
event_02f560dc2f6ceae9,eventtype_support_close,OF_TYPE,rel_4d9c24f0829b445b
event_c443278a0e4fa3d5,eventtype_churn,OF_TYPE,rel_4dadaa8bc2ba6beb
event_0ec383b49cc01405,eventtype_account,OF_TYPE,rel_4de240a027a6c3cc
event_d4bbf6c47e0bb4f9,eventtype_subscription_start,OF_TYPE,rel_4dee1edfaddb595f
event_8ac9afaf04cab2b8,eventtype_feature,OF_TYPE,rel_4e0dd4e045918ba5
event_e9c439900add31f1,eventtype_subscription_start,OF_TYPE,rel_4e25acfc882af493
event_aec6c06b212dda48,eventtype_subscription_start,OF_TYPE,rel_4e3f4d39be9532cd
event_d9b63a43238d5ad6,eventtype_subscription_end,OF_TYPE,rel_4e57cad7c743343b
event_330d1042e02dd3a6,eventtype_feature,OF_TYPE,rel_4e5b526db80a6cfe
event_cb7922a3ae0acc36,eventtype_feature,OF_TYPE,rel_4e73dc4195e6b1c8
event_79e1505f2fe6bba3,eventtype_subscription_start,OF_TYPE,rel_4e78ef0fbfd22a98
event_027aee53d24e1a4b,eventtype_subscription_start,OF_TYPE,rel_4e90b675743c2c03
event_d449c7b2ca5ddb5c,eventtype_subscription_start,OF_TYPE,rel_4ea44c71f14fc6c8
event_3c84657b6984e75f,eventtype_feature,OF_TYPE,rel_4ecba8be4a3a268c
event_b1d20ef12e3dc388,eventtype_subscription_start,OF_TYPE,rel_4ed369bf153555e3
event_2c4bb0dda58bddd9,eventtype_feature,OF_TYPE,rel_4ee37fedfa04fc6b
event_89e2df1453e53962,eventtype_feature,OF_TYPE,rel_4ef4528ee006955d
event_827e0dee4097c5cd,eventtype_subscription_start,OF_TYPE,rel_4f0f20ec2de5b1cf
event_7e8cfec9a0aa6d54,eventtype_support_open,OF_TYPE,rel_4f385e5002a94886
event_6b35ffb2adb94342,eventtype_subscription_start,OF_TYPE,rel_4f4a0b7709fab90f
event_f66b75bc92046b62,eventtype_feature,OF_TYPE,rel_4fa0101a054e4ea0
event_96bf93f1d6d4bc5f,eventtype_feature,OF_TYPE,rel_4faeca28904f97ad
event_66de06ebd59455c4,eventtype_subscription_start,OF_TYPE,rel_4faf331cbc55e75b
event_8026d3724774c86d,eventtype_subscription_start,OF_TYPE,rel_4fcc66eb5dc85610
event_c58dc79f19c7a871,eventtype_feature,OF_TYPE,rel_4ffbe0fffce95ea6
event_272c0b67eecf71a0,eventtype_feature,OF_TYPE,rel_50175590812ec2d5
event_894f1788adbf0e78,eventtype_subscription_start,OF_TYPE,rel_501dee01134a46fb
event_f429c215fe64967e,eventtype_feature,OF_TYPE,rel_503ad3ded99ca6c2
event_ebde0021841fecd1,eventtype_subscription_start,OF_TYPE,rel_50405e18e86f8385
event_d3a348908169399a,eventtype_feature,OF_TYPE,rel_50585212116ea12f
event_8e822b3dda7939a7,eventtype_subscription_end,OF_TYPE,rel_5060f3ce63138ba4
event_daa1e434ab01a36a,eventtype_feature,OF_TYPE,rel_506b876f9e75331b
event_d84772f2a5e18fd2,eventtype_feature,OF_TYPE,rel_507e15bda9c5b8f9
event_e6ca1226aa76dc73,eventtype_subscription_start,OF_TYPE,rel_509cad374dbeec69
event_3c33b02709a192fe,eventtype_subscription_start,OF_TYPE,rel_50a19e95bdb674cb
event_dc8b775046aa2d64,eventtype_subscription_start,OF_TYPE,rel_50a65a4a0a6cb580
event_9efb4e6ab60b7d1d,eventtype_subscription_start,OF_TYPE,rel_50a8ea62bf275211
event_531a1c151b79930f,eventtype_subscription_start,OF_TYPE,rel_50c4fd6adcd7483b
event_70e8eb57ef96c373,eventtype_feature,OF_TYPE,rel_50d7b7b1b178c3c7
event_cea921b39f86496c,eventtype_subscription_start,OF_TYPE,rel_50f57348757290f3
event_a85a7b0a65494a02,eventtype_subscription_start,OF_TYPE,rel_50faa369a22902de
event_14d3fb6c1eb292c8,eventtype_subscription_start,OF_TYPE,rel_50ffa9b6b544bbcb
event_fc2380224f4228eb,eventtype_account,OF_TYPE,rel_5129ab48a515f3a7
event_9a79cf184cf78edf,eventtype_subscription_start,OF_TYPE,rel_5147623575a2179c
event_7037de9726265d05,eventtype_subscription_start,OF_TYPE,rel_515bffcc24650b1c
event_cc17b717966a798a,eventtype_subscription_start,OF_TYPE,rel_516a5ec84c19ed57
event_4ecb69bfa9c60dbb,eventtype_subscription_start,OF_TYPE,rel_516b47b8b96e1fba
event_308381de01f41f40,eventtype_subscription_end,OF_TYPE,rel_51749e70c7e722b0
event_027c07de043897a1,eventtype_subscription_start,OF_TYPE,rel_5176825024851f88
event_b841c97a5996a83b,eventtype_subscription_start,OF_TYPE,rel_518dc04636001cd1
event_35ba65539e505a3c,eventtype_subscription_start,OF_TYPE,rel_518f452c52fa7966
event_ef857aa7b22cabe2,eventtype_feature,OF_TYPE,rel_519945386360d233
event_935b0197e75a9565,eventtype_feature,OF_TYPE,rel_519a9ec0fe760d87
event_1ecd578572951781,eventtype_account,OF_TYPE,rel_51b6faf40b822a46
event_d492a26904df8a1a,eventtype_subscription_start,OF_TYPE,rel_51b8cd159fe881cf
event_e6ffc57de772ac8c,eventtype_subscription_start,OF_TYPE,rel_51c636d807b7dd88
event_a4661e667830e7aa,eventtype_support_close,OF_TYPE,rel_51c8b7f1a3b1debd
event_994df33ade388099,eventtype_subscription_start,OF_TYPE,rel_5212e487fd1c15e2
event_b23767c6af689b3b,eventtype_subscription_start,OF_TYPE,rel_521e96470ae14656
event_04161776647b0671,eventtype_subscription_start,OF_TYPE,rel_5239b61d58778173
event_bc4db3979cd2b46f,eventtype_subscription_start,OF_TYPE,rel_524b883af02f0721
event_c6522029e2b8cd7f,eventtype_feature,OF_TYPE,rel_5260e052edd00378
event_51d29ae95f63cf95,eventtype_subscription_end,OF_TYPE,rel_52725ba07816349e
event_5e4435b334cfa0fe,eventtype_feature,OF_TYPE,rel_52813c512f0c630b
event_9a1411d07ca4e3ca,eventtype_subscription_start,OF_TYPE,rel_52819c8d70f77e4f
event_2121998a1991e966,eventtype_subscription_start,OF_TYPE,rel_52892506c490dba9
event_e56ce0de313aadae,eventtype_subscription_start,OF_TYPE,rel_528dc953f9ba6566
event_0b595a7b7180b2e3,eventtype_feature,OF_TYPE,rel_529c831fbd886d69
event_339f3b187bce437a,eventtype_subscription_start,OF_TYPE,rel_52bf9ca3207e19a6
event_2d6f6ee7fb2abdc7,eventtype_subscription_start,OF_TYPE,rel_52e10531db125e22
event_c718a7a7924b470d,eventtype_subscription_start,OF_TYPE,rel_530e7ab68e4643cd
event_84ddf86b6fb36a4e,eventtype_feature,OF_TYPE,rel_531f21ad4c6b22c8
event_0cd568cd216795a1,eventtype_subscription_start,OF_TYPE,rel_532c23e54e72b7d2
event_d7141619ffc32e7c,eventtype_subscription_start,OF_TYPE,rel_53392306f1fd8652
event_a293ec4b1a880e7f,eventtype_subscription_start,OF_TYPE,rel_53569f552f9fef01
event_4eebc25971430844,eventtype_subscription_start,OF_TYPE,rel_537e0cbc2688ebf0
event_ed3619e16cb1763c,eventtype_subscription_start,OF_TYPE,rel_53a09b4635db598f
event_e016e372c2c12084,eventtype_subscription_start,OF_TYPE,rel_53a5ce7f0d165541
event_0d693976ca386f02,eventtype_feature,OF_TYPE,rel_53aacb4665dd987a
event_5d131cd3f6d76746,eventtype_feature,OF_TYPE,rel_53ab6151157bed72
event_eaf21accf88b1230,eventtype_subscription_start,OF_TYPE,rel_53cbe0be886f48f4
event_d19f9bc1c410bdfc,eventtype_subscription_start,OF_TYPE,rel_53d0181e35e620f1
event_a4be0328f2ee79a1,eventtype_subscription_start,OF_TYPE,rel_53ddac1b8731f233
event_27f4486b826fde4b,eventtype_feature,OF_TYPE,rel_53e410e978dc74c6
event_c2614573591c0309,eventtype_feature,OF_TYPE,rel_53e8637d6f102ded
event_0675fb7f08988e7a,eventtype_subscription_start,OF_TYPE,rel_54074df591a83ed3
event_5c91c33e0aba4818,eventtype_support_close,OF_TYPE,rel_541b8c940582df30
event_022d2e0f74e0a435,eventtype_feature,OF_TYPE,rel_54289dcd18252cf0
event_3cbe842e5fa2a45f,eventtype_feature,OF_TYPE,rel_54507b61629508de
event_300a3478a9489b3c,eventtype_subscription_end,OF_TYPE,rel_5453e8e3c9925188
event_dffd87d2bb98e7e9,eventtype_subscription_end,OF_TYPE,rel_546429355158361e
event_e580b7c10ba27831,eventtype_feature,OF_TYPE,rel_54880b749353fa5d
event_c5e43a7684b5120b,eventtype_feature,OF_TYPE,rel_5497d80443d055c4
event_2b84ebabe07be471,eventtype_subscription_start,OF_TYPE,rel_549bf7e9bd5417f1
event_dcf3206d50e25207,eventtype_subscription_start,OF_TYPE,rel_549d75388fe54fae
event_ffb2806c2ab2d4d6,eventtype_subscription_start,OF_TYPE,rel_54c54efa0f331783
event_86a4ac553dad248b,eventtype_feature,OF_TYPE,rel_54c93ebf00b23d71
event_fdb7eef5c736718b,eventtype_subscription_start,OF_TYPE,rel_54cc865a4f9c375f
event_6d202a041022d35a,eventtype_feature,OF_TYPE,rel_54d89e6107206358
event_8470de2db62be5d8,eventtype_subscription_start,OF_TYPE,rel_54e34f3a2b11d8d2
event_2d1e3eda9e41897e,eventtype_churn,OF_TYPE,rel_55069a2ab6ec8c49
event_e9083309b16a20e4,eventtype_subscription_start,OF_TYPE,rel_55598f9779868698
event_9a1262d98cd55f6e,eventtype_subscription_start,OF_TYPE,rel_555e5166634861bb
event_4ec5efde6cf41257,eventtype_subscription_start,OF_TYPE,rel_55a29b7764cdad8e
event_b3a9171b264af442,eventtype_subscription_start,OF_TYPE,rel_55a859b742de725f
event_a72a1af365e49975,eventtype_feature,OF_TYPE,rel_55b81a155a751d30
event_2c648838312994ee,eventtype_feature,OF_TYPE,rel_55c2a64960ea53ab
event_1381ef5334904c14,eventtype_feature,OF_TYPE,rel_55c633c5ee72eda9
event_648cb7a43b340493,eventtype_feature,OF_TYPE,rel_55d1cc887fece6c7
event_3bc2082d1c44d503,eventtype_subscription_start,OF_TYPE,rel_55d651382cca49e6
event_5ebe3c76e2e6aaf0,eventtype_subscription_start,OF_TYPE,rel_55d7c66fb6c047c3
event_52a4bfa409f82e22,eventtype_subscription_start,OF_TYPE,rel_55f022820d41a20a
event_1889fb315ee5cbc1,eventtype_support_close,OF_TYPE,rel_5605399a02939e96
event_81aca6e12cc528d3,eventtype_subscription_start,OF_TYPE,rel_5613546d9d95db2a
event_5d04fc270625f036,eventtype_subscription_start,OF_TYPE,rel_562b157fdae3aace
event_0c715160d640010b,eventtype_subscription_start,OF_TYPE,rel_565c3f26b8579f11
event_6f20ef0b35b4ab9c,eventtype_subscription_end,OF_TYPE,rel_5672d828ae34a2fd
event_c7a53384e31105dd,eventtype_support_close,OF_TYPE,rel_56786835bfc1b918
event_a4a5e978eb8ec0e5,eventtype_subscription_start,OF_TYPE,rel_5678e86ffbbce92a
event_5dcdeaea058aa47f,eventtype_support_open,OF_TYPE,rel_5694e7249c0b4e96
event_8cf4b6592f2bc75f,eventtype_feature,OF_TYPE,rel_56c97e10b4b75e40
event_0d3e0fed874fb327,eventtype_subscription_start,OF_TYPE,rel_56cffd21e90f50b3
event_0dc6f34234a7627c,eventtype_subscription_start,OF_TYPE,rel_56d024535e8e65ed
event_2164392a623ddbe2,eventtype_feature,OF_TYPE,rel_56d91c52c00af8d5
event_f8be3684000c872d,eventtype_subscription_start,OF_TYPE,rel_571e25f658791c77
event_544920fa882bf016,eventtype_subscription_start,OF_TYPE,rel_5737fc6d54d1264c
event_df8f856c542705d8,eventtype_support_close,OF_TYPE,rel_574c5b241d8e768b
event_dd501073de82a510,eventtype_subscription_start,OF_TYPE,rel_576d8e8a7bf68849
event_c3a7c012cd7b3143,eventtype_support_close,OF_TYPE,rel_57811c03c95e40fd
event_2844bef47253b388,eventtype_churn,OF_TYPE,rel_5784a21d3f2adbd2
event_206c3a97782df3c7,eventtype_subscription_start,OF_TYPE,rel_57a268cbeca985a7
event_687e1269fe658acd,eventtype_subscription_start,OF_TYPE,rel_57a362c32889c70e
event_f64a8b43fad96788,eventtype_subscription_start,OF_TYPE,rel_57bd02346f28f318
event_b928c7b8f9dba3b5,eventtype_subscription_start,OF_TYPE,rel_57d874147b84619f
event_b72bd571711d03ed,eventtype_subscription_start,OF_TYPE,rel_57ea2421eaab6b36
event_3e583194297175fa,eventtype_subscription_start,OF_TYPE,rel_57ec1569f1396b04
event_2ee0ac4400e0f415,eventtype_feature,OF_TYPE,rel_57fa18ded2229785
event_35b1bf1130de3d30,eventtype_subscription_start,OF_TYPE,rel_582726ed923863cc
event_b9ec226d1da6771c,eventtype_support_close,OF_TYPE,rel_583487f58b0c8bc1
event_57a622dced613f25,eventtype_subscription_start,OF_TYPE,rel_583751bfeb7548b0
event_fcf156d146d3c6ce,eventtype_feature,OF_TYPE,rel_58379fdeb5a37c8d
event_358ae944b38649b6,eventtype_subscription_start,OF_TYPE,rel_586fc944ddd51a68
event_1c24368e5efd6ff5,eventtype_subscription_start,OF_TYPE,rel_58b87db16216847a
event_3464bb79cb303a99,eventtype_feature,OF_TYPE,rel_58e614077bdf665a
event_a2759726159395a1,eventtype_subscription_start,OF_TYPE,rel_58f5dbdddda64dfc
event_b108ec7b0f1ddfba,eventtype_subscription_end,OF_TYPE,rel_592170c50af075e9
event_eb393901d7ccaff1,eventtype_subscription_start,OF_TYPE,rel_592c25ff0324c539
event_72b439bf3d7287dc,eventtype_subscription_start,OF_TYPE,rel_595343e4b73f90d1
event_1453054d9fca3ef6,eventtype_subscription_start,OF_TYPE,rel_596fb184b2007faf
event_0f6b15f529b3f092,eventtype_support_open,OF_TYPE,rel_5992aa057fd3a571
event_1b9ff37616e225ce,eventtype_subscription_start,OF_TYPE,rel_599570f230b61714
event_592a087cbfa9e504,eventtype_feature,OF_TYPE,rel_59abd40623710a7c
event_e581e0316d916134,eventtype_support_close,OF_TYPE,rel_59b1b383b9c4feaf
event_b6e63eabe27fb376,eventtype_subscription_start,OF_TYPE,rel_59ccd2b3b96ee1cc
event_0ede9190411fdbf6,eventtype_churn,OF_TYPE,rel_59ed5165f52ba6fb
event_4ea83a652c1cb616,eventtype_feature,OF_TYPE,rel_5a113239a60b19e3
event_425d77ba91e2e5e1,eventtype_feature,OF_TYPE,rel_5a2a4511bcdd822b
event_550e9eb2cf3d54fb,eventtype_subscription_start,OF_TYPE,rel_5a543d452896a964
event_b5d9adfe5ba8a7f1,eventtype_feature,OF_TYPE,rel_5a5787c15de73891
event_c5a79b40083948f2,eventtype_churn,OF_TYPE,rel_5a59e3e6274b85d7
event_4dedf414816f5ec1,eventtype_subscription_start,OF_TYPE,rel_5a69e22fb125d891
event_f6a0cbfee1d49c7b,eventtype_subscription_start,OF_TYPE,rel_5a74af457987930c
event_64cabe63e3e3a99f,eventtype_subscription_start,OF_TYPE,rel_5a968c46b9bb3082
event_491b6df192b7d98d,eventtype_subscription_start,OF_TYPE,rel_5acc2f81c3d08f4d
event_a679a31af8bc5dc7,eventtype_feature,OF_TYPE,rel_5acc6057e08a548e
event_75f862cc03ee01f7,eventtype_support_close,OF_TYPE,rel_5ad9ff3e1f9dce0e
event_486772608023c4f5,eventtype_subscription_start,OF_TYPE,rel_5afe60823b5da4f7
event_5fee50fe23ebab2e,eventtype_subscription_start,OF_TYPE,rel_5b5a332691960a94
event_17e1b1074433255d,eventtype_subscription_start,OF_TYPE,rel_5b5e889f34efc07f
event_f4182e89c678dc19,eventtype_account,OF_TYPE,rel_5b7891989d6d9482
event_e6a24c0f0c344201,eventtype_subscription_start,OF_TYPE,rel_5ba8157e442336e2
event_f37632db5d83ec93,eventtype_support_open,OF_TYPE,rel_5babaeaba598d04e
event_9065fd1a1d5ef8ca,eventtype_support_open,OF_TYPE,rel_5bb7cdcb9a617279
event_ab98869569d156ca,eventtype_subscription_start,OF_TYPE,rel_5bd81f51f77bdd2c
event_79af8474c024f7a8,eventtype_feature,OF_TYPE,rel_5bde1690968e003c
event_0e62bdbb2db76135,eventtype_feature,OF_TYPE,rel_5be335ccbda9ede0
event_001174ba3bb67513,eventtype_churn,OF_TYPE,rel_5c6600a138484353
event_b5c4a73998452261,eventtype_subscription_start,OF_TYPE,rel_5c6fb5511b7be6cd
event_94be53dd86cb1b8c,eventtype_subscription_start,OF_TYPE,rel_5c8bfa40030d3ca6
event_122cdd1e738db791,eventtype_feature,OF_TYPE,rel_5c8eac353e2a8b24
event_27790533d46320ec,eventtype_subscription_start,OF_TYPE,rel_5ca371f10a2cfb49
event_137fd34f079b9ca4,eventtype_subscription_start,OF_TYPE,rel_5ca7cd1c9b7c1d6f
event_3504b59ed72e305e,eventtype_subscription_start,OF_TYPE,rel_5cc25f94d095b9bb
event_5c6be4b4afab3bbf,eventtype_subscription_start,OF_TYPE,rel_5cef9477c635e23b
event_9f6268d5bc5ddf90,eventtype_feature,OF_TYPE,rel_5ceff8f1869d2fc4
event_04e246ba0f2de5bf,eventtype_subscription_start,OF_TYPE,rel_5cf0939f8bb21a39
event_a3699ebc75fa9b8a,eventtype_support_close,OF_TYPE,rel_5cfbec220a248d2a
event_2f1668a707e426b6,eventtype_feature,OF_TYPE,rel_5d0a41587cdb74a2
event_b923533f7eddf30b,eventtype_feature,OF_TYPE,rel_5d1dcb7a4cf17705
event_23c9350afb928bca,eventtype_subscription_start,OF_TYPE,rel_5d50a276a4293d2b
event_ed4e48f1dbd5b471,eventtype_churn,OF_TYPE,rel_5d6af8cb7fc400bf
event_a885a8842148fa0f,eventtype_subscription_start,OF_TYPE,rel_5d7599dd1a6a3224
event_1aeec5b392e5277b,eventtype_support_open,OF_TYPE,rel_5d885975e11578a8
event_3ea99fa419fdcc6c,eventtype_subscription_start,OF_TYPE,rel_5d8f4ae72de69bba
event_80c55a9589454dce,eventtype_subscription_start,OF_TYPE,rel_5dda49bcb06c234e
event_643c3921a7627026,eventtype_subscription_start,OF_TYPE,rel_5de647813199c9e1
event_3aff94dfaceaa632,eventtype_support_open,OF_TYPE,rel_5df670c97a717289
event_be2a72b0c7f27d93,eventtype_feature,OF_TYPE,rel_5df7dbfedb2ba604
event_582114f802979435,eventtype_subscription_start,OF_TYPE,rel_5e1a781276f3632f
event_3f2ac70294136d0b,eventtype_subscription_start,OF_TYPE,rel_5e2b02f5ea7fbc8d
event_244eb432b3841713,eventtype_churn,OF_TYPE,rel_5e3d32c25112e54b
event_a62e555bd3aa382c,eventtype_feature,OF_TYPE,rel_5e417a8fb243160d
event_310754b1a3a77e41,eventtype_support_open,OF_TYPE,rel_5e5365aa253b18c7
event_31a9f3295e84c937,eventtype_reactivation,OF_TYPE,rel_5e7ef2a3c194c978
event_5151f0b6d25c6e66,eventtype_subscription_start,OF_TYPE,rel_5e9499a4ad45562d
event_de61ee3ff799838b,eventtype_subscription_start,OF_TYPE,rel_5ea50daa2e9d5b7a
event_0c2e12f7c575ca8e,eventtype_feature,OF_TYPE,rel_5eb74ee5bdfe25cf
event_88e10c56f084890b,eventtype_subscription_start,OF_TYPE,rel_5ece7c9557b0a2f6
event_1c590ec1cd950958,eventtype_churn,OF_TYPE,rel_5ee864dcbcf2e97f
event_121b495edbf0e3d5,eventtype_subscription_start,OF_TYPE,rel_5f01c46ef4fdc823
event_108664a654c420e1,eventtype_subscription_end,OF_TYPE,rel_5f6138594ed7e557
event_c1713f161b913c3e,eventtype_subscription_start,OF_TYPE,rel_5f9b40fb2508179e
event_7fd95a124fad77bf,eventtype_subscription_start,OF_TYPE,rel_5f9f90abc1a4bb38
event_6066e968f45367f7,eventtype_subscription_start,OF_TYPE,rel_5fa9839aaa04b725
event_b9fecda98c0418ae,eventtype_feature,OF_TYPE,rel_5fb03d09bd005bea
event_74a39cc66c5bdd13,eventtype_feature,OF_TYPE,rel_5fbd7e3e79ece031
event_35729cae58a08147,eventtype_feature,OF_TYPE,rel_5fd767a27515876c
event_126fb4bbb9ae9e64,eventtype_feature,OF_TYPE,rel_5fdb21ce0817f4e5
event_50accca54e7f1208,eventtype_subscription_start,OF_TYPE,rel_5fe5951264be95de
event_5f2f1cdaa476ac8a,eventtype_subscription_start,OF_TYPE,rel_6004ace0ec500eb3
event_dce7d4e774ebdd2d,eventtype_account,OF_TYPE,rel_6005ad5aafcd978f
event_a6eebe91ed0503dd,eventtype_subscription_start,OF_TYPE,rel_6005e136709026f7
event_6bafe23cbc9784ef,eventtype_support_open,OF_TYPE,rel_604149973648667b
event_c45b02e2cb9fe0da,eventtype_churn,OF_TYPE,rel_606faf08cd63f99f
event_6572377d49a62b1c,eventtype_subscription_start,OF_TYPE,rel_607e132c9b3c0e21
event_7d356f632d4beed6,eventtype_feature,OF_TYPE,rel_6094f3f6ed157608
event_13ee83e9db765552,eventtype_feature,OF_TYPE,rel_609d4caf44a2e4eb
event_4b82a8b7ae494e5e,eventtype_feature,OF_TYPE,rel_60d5efb6fde3289b
event_5de84fabe68ee011,eventtype_subscription_start,OF_TYPE,rel_60f692e82fece2c4
event_1556bea2530ca366,eventtype_feature,OF_TYPE,rel_612725c6bd011440
event_b1308f3b8bc76036,eventtype_subscription_end,OF_TYPE,rel_61298c95e7cf66ce
event_e141f660c3d7e8df,eventtype_subscription_start,OF_TYPE,rel_612b4cb8dc5b3e4d
event_fe21431d668152d6,eventtype_subscription_start,OF_TYPE,rel_613f574ee3ba1db3
event_951fc688769d2c05,eventtype_subscription_start,OF_TYPE,rel_6164b7e1b936b114
event_ec6daa56c3fb356b,eventtype_feature,OF_TYPE,rel_617bba1c3eaa303a
event_d1bc15dabde8a881,eventtype_subscription_start,OF_TYPE,rel_61b1b21f8338e6c3
event_66bbef870d70d375,eventtype_feature,OF_TYPE,rel_61de0d7519f70d11
event_bfd8da8208c613d4,eventtype_feature,OF_TYPE,rel_621732eb2c65f8e1
event_90e4c497c2b9d51e,eventtype_subscription_start,OF_TYPE,rel_62569c708a8b0d9b
event_30f55ee99df97dbc,eventtype_feature,OF_TYPE,rel_625a4ae23f627018
event_38af757d6a4a3340,eventtype_subscription_start,OF_TYPE,rel_625d25e7835dacb6
event_83aff28f6c4743ff,eventtype_support_close,OF_TYPE,rel_6263c75bae114482
event_13b921ecf81aad5a,eventtype_subscription_start,OF_TYPE,rel_629a6f09b03bf515
event_4d1a36b430bf22a9,eventtype_feature,OF_TYPE,rel_629bdebd6a0a3deb
event_06b3b6e6afb2ab72,eventtype_feature,OF_TYPE,rel_62a1592f0c6db97a
event_78d3add70cc8acc4,eventtype_subscription_start,OF_TYPE,rel_62da36616045b6f3
event_f9c1be8f3257f0c1,eventtype_feature,OF_TYPE,rel_62dedffbaee53305
event_0d89dd1d9d3299d1,eventtype_subscription_start,OF_TYPE,rel_62e426ebaede18b5
event_4e0142af433a7b37,eventtype_feature,OF_TYPE,rel_62f5315621a4ff07
event_c2074703e0548523,eventtype_subscription_start,OF_TYPE,rel_62f857bf18b4e29a
event_1bd5fe4918e27470,eventtype_feature,OF_TYPE,rel_630c042e78b0fb80
event_ce12c2589fb219a3,eventtype_subscription_start,OF_TYPE,rel_636ba9a424a8661b
event_28ab00667aa9b905,eventtype_feature,OF_TYPE,rel_637239de1cbd1207
event_0ad29a96b2bf40e7,eventtype_feature,OF_TYPE,rel_638e6be4f651cd99
event_04721386849b6079,eventtype_subscription_start,OF_TYPE,rel_63a723ba6702473a
event_10424923f5b98a87,eventtype_feature,OF_TYPE,rel_63b0db7d996f4d29
event_fa100849b507b560,eventtype_subscription_end,OF_TYPE,rel_6418892d86ca95b8
event_6207a385e42df7aa,eventtype_subscription_start,OF_TYPE,rel_641f79cd9593f6c2
event_f94dd86b5194f1d4,eventtype_feature,OF_TYPE,rel_6422f328e28bd224
event_ec3e3613ac028bea,eventtype_feature,OF_TYPE,rel_642dfb4580ecabab
event_26c15e6d207e9c9b,eventtype_account,OF_TYPE,rel_643597cd7ceb268d
event_2849e7b714fa53cf,eventtype_churn,OF_TYPE,rel_643996eff28adaf7
event_0faa2897add600fe,eventtype_subscription_start,OF_TYPE,rel_64a22eff1d23eb97
event_fd87180a737a5221,eventtype_feature,OF_TYPE,rel_64cae238a862673f
event_1fe2d76539680bd1,eventtype_subscription_start,OF_TYPE,rel_64e20abcc75971b4
event_42d33fc99892360b,eventtype_support_open,OF_TYPE,rel_64e70d4fa0f6e9ce
event_4a9b5e49de1a0ed8,eventtype_subscription_start,OF_TYPE,rel_64f76645468800c6
event_d0a4232a00734d3a,eventtype_feature,OF_TYPE,rel_65085fd99dd226fe
event_1c48bb25671cc804,eventtype_subscription_start,OF_TYPE,rel_653455b5a6b8cf60
event_c3af82a8f631f454,eventtype_feature,OF_TYPE,rel_654df431cfbd9da0
event_7b88ead6a16e2708,eventtype_feature,OF_TYPE,rel_65517609930ef9eb
event_c2f24a5e9912f437,eventtype_account,OF_TYPE,rel_655d74528be7e704
event_4e52165bb978f76f,eventtype_feature,OF_TYPE,rel_655eada034c68366
event_7649a9606c4346cf,eventtype_subscription_start,OF_TYPE,rel_656055f10ce4eac9
event_cb59a2a750de4732,eventtype_feature,OF_TYPE,rel_6566ebf5f096ab26
event_9890b1d070d84240,eventtype_churn,OF_TYPE,rel_656c6d112e777905
event_dbcc7a558b78fbab,eventtype_subscription_start,OF_TYPE,rel_656eb548ce767e63
event_d95b2bfd5490ff25,eventtype_support_close,OF_TYPE,rel_65a0eb28b1f53fd9
event_7495bda229f2a5d4,eventtype_feature,OF_TYPE,rel_65ed74aa0090687b
event_65c42213e9f54663,eventtype_churn,OF_TYPE,rel_65f9227d18dec848
event_888b4af855818df0,eventtype_subscription_start,OF_TYPE,rel_65fc0c7431448dcf
event_d9ccb00100ba8407,eventtype_subscription_start,OF_TYPE,rel_65fe8c818cbfb89d
event_8b1df40804545414,eventtype_subscription_start,OF_TYPE,rel_6605368ed4a9206e
event_7a69851ef4cfe083,eventtype_feature,OF_TYPE,rel_663338e330bcfbb8
event_5deb8dd60668a00f,eventtype_subscription_start,OF_TYPE,rel_669695b15fbac413
event_d344506de708ae01,eventtype_subscription_start,OF_TYPE,rel_669911d8e0bea056
event_338ae46867e4d443,eventtype_feature,OF_TYPE,rel_66b4143edda54c5c
event_68c23cb947bc333a,eventtype_subscription_start,OF_TYPE,rel_66be7b59da0c9641
event_2bbd12c14ce02187,eventtype_feature,OF_TYPE,rel_66d32ada078baccb
event_d86f49a80d64254e,eventtype_feature,OF_TYPE,rel_670ea36cd732d3ca
event_1c060d4ea9d72228,eventtype_feature,OF_TYPE,rel_674c72377e1abc25
event_a493c3731bdcea70,eventtype_feature,OF_TYPE,rel_674e7895defdc156
event_c970566480b9e304,eventtype_support_close,OF_TYPE,rel_675dd29fa9eefaf5
event_8dd88c9fb06fadff,eventtype_feature,OF_TYPE,rel_679073073586e87a
event_a1311698e9cffe49,eventtype_support_close,OF_TYPE,rel_679309b122908477
event_e5b79bc15fb7569f,eventtype_feature,OF_TYPE,rel_67a249144718a061
event_21ff312d4d8af202,eventtype_feature,OF_TYPE,rel_67b30ea30e10bf6d
event_74322b0a9c32a4d9,eventtype_subscription_start,OF_TYPE,rel_67bc304ac0a14ca1
event_3586699130b3df09,eventtype_subscription_start,OF_TYPE,rel_67beab5f8e7ae637
event_2f6d15d8306c87e8,eventtype_feature,OF_TYPE,rel_67d1dd89bdecd217
event_bc955bc8225ad8a6,eventtype_feature,OF_TYPE,rel_67d4607da8ba7ece
event_dad5e74d3f8d0b65,eventtype_subscription_start,OF_TYPE,rel_67d8bcd601533994
event_0388d0991081c6e8,eventtype_feature,OF_TYPE,rel_67e33a0b5bcd7cbd
event_06cc9721a0281747,eventtype_subscription_start,OF_TYPE,rel_67fee6981bb2feb0
event_c6fd97860f0a9300,eventtype_subscription_start,OF_TYPE,rel_6804012f78e4699f
event_ad054b09f2f27ebd,eventtype_subscription_start,OF_TYPE,rel_6805d502fca94b76
event_ed268c0ad585baa1,eventtype_churn,OF_TYPE,rel_6808e0c5c36330d0
event_6d2e68a386c796dc,eventtype_subscription_start,OF_TYPE,rel_680e6afff6045638
event_e72211769d9e9338,eventtype_subscription_end,OF_TYPE,rel_6826b8df67f97f5d
event_04efbe1b95e48b45,eventtype_feature,OF_TYPE,rel_683239f02de40fa8
event_e10646bbe28d157d,eventtype_account,OF_TYPE,rel_68356edc3dae25b5
event_18d4c57d0fec0428,eventtype_feature,OF_TYPE,rel_683c7a4aaf6560b9
event_2041917fdf94cb4e,eventtype_feature,OF_TYPE,rel_6858e5af751a182a
event_1393f39405e88bbd,eventtype_subscription_start,OF_TYPE,rel_68664b7a93f28524
event_9dce1262bb4ba653,eventtype_churn,OF_TYPE,rel_68b4c31718331540
event_31f67c6421033da9,eventtype_feature,OF_TYPE,rel_68d4a8d0131e3e27
event_0a316d600bb4c727,eventtype_feature,OF_TYPE,rel_68da8f1cdc71af34
event_4db3ab460852e040,eventtype_subscription_start,OF_TYPE,rel_68e873e1cb1724b1
event_da0cf932556747c5,eventtype_subscription_end,OF_TYPE,rel_68f845dcca23c6b8
event_c849d2ff62f5dcb4,eventtype_subscription_start,OF_TYPE,rel_6918523e79d302f0
event_a48368bb64691788,eventtype_subscription_start,OF_TYPE,rel_691ae9cd7acf2ca6
event_4b18804306bd213d,eventtype_feature,OF_TYPE,rel_6928906afc0101b4
event_bd2028001a1420b1,eventtype_subscription_start,OF_TYPE,rel_6940171edaf99677
event_933608676da529d7,eventtype_feature,OF_TYPE,rel_694be13d8b9abbb2
event_a1fc86555e81d095,eventtype_feature,OF_TYPE,rel_6957dec4d9363a67
event_10680c229160962e,eventtype_subscription_start,OF_TYPE,rel_6968085706820d57
event_b4048c7e07faa860,eventtype_feature,OF_TYPE,rel_696cd880aa37e9ad
event_79f9734a3f26fdb2,eventtype_subscription_start,OF_TYPE,rel_696e9dcbbc182484
event_d9e85780d068d010,eventtype_churn,OF_TYPE,rel_697dbc55c6c36444
event_84af58ef349d3726,eventtype_subscription_start,OF_TYPE,rel_69efe99a411e6a97
event_a0c2270f3fbbf9da,eventtype_feature,OF_TYPE,rel_6a01b6510a0ac461
event_90f6a71a9965b98f,eventtype_subscription_start,OF_TYPE,rel_6a2408ddd52a125b
event_6c7a6f81ce187899,eventtype_feature,OF_TYPE,rel_6a24d5bc308d0eae
event_279370c4cc3a4674,eventtype_subscription_start,OF_TYPE,rel_6a2eac88b2c19ffb
event_94fa273a1be14852,eventtype_subscription_start,OF_TYPE,rel_6a354072b71c6505
event_1e694efd709479c4,eventtype_subscription_start,OF_TYPE,rel_6a523bdc4956e0b8
event_a51328ec9542ead8,eventtype_subscription_start,OF_TYPE,rel_6a6e1851936f1918
event_49dbb46cc95955c0,eventtype_subscription_start,OF_TYPE,rel_6a9c29d5be270614
event_718710573f4faf2e,eventtype_support_close,OF_TYPE,rel_6abaace0146ff804
event_e041332b6cf75d20,eventtype_feature,OF_TYPE,rel_6abca4fbd164beef
event_419269179e6cb5cb,eventtype_subscription_start,OF_TYPE,rel_6ad9e1ce585dacb4
event_d972941668d44e3c,eventtype_feature,OF_TYPE,rel_6aea289dc7524bc1
event_87e6c4705302620b,eventtype_churn,OF_TYPE,rel_6aed42486c5f4f5e
event_fc12846102e3d160,eventtype_feature,OF_TYPE,rel_6affc8c3e316d2e0
event_00978cdb3c3ff100,eventtype_subscription_start,OF_TYPE,rel_6b163d16225b6def
event_f67941f64f38673b,eventtype_subscription_end,OF_TYPE,rel_6b2b182f70b841de
event_404b38ea8c83494d,eventtype_subscription_start,OF_TYPE,rel_6b7655a4a0ea336a
event_b68e1feb28582b57,eventtype_subscription_start,OF_TYPE,rel_6b8755800d05b187
event_d2738b148b2f4993,eventtype_subscription_start,OF_TYPE,rel_6b90f8783ba2ba6c
event_50dd1279d3ee154d,eventtype_subscription_start,OF_TYPE,rel_6b93b5db955660ba
event_0998e3045d54c46a,eventtype_subscription_start,OF_TYPE,rel_6b98226e59059818
event_d6d25eae588e23c8,eventtype_subscription_start,OF_TYPE,rel_6ba5cb9973e7222e
event_2c87d0257f674a8c,eventtype_subscription_end,OF_TYPE,rel_6bc8109edfe7057b
event_2b8548a93b81d835,eventtype_feature,OF_TYPE,rel_6bdadacf9dcb87c3
event_b5afd41d180ca87e,eventtype_feature,OF_TYPE,rel_6c17f3a79b536c88
event_8cc63b6498f77e39,eventtype_feature,OF_TYPE,rel_6c2a9ea86f7c8dd6
event_054bdf31965485b1,eventtype_subscription_start,OF_TYPE,rel_6c416e4d6f99f88d
event_2045385e3d198823,eventtype_feature,OF_TYPE,rel_6c5c4e565399fb09
event_b6fa85359ac9d716,eventtype_subscription_start,OF_TYPE,rel_6c5cd97e31af9187
event_3e50a24a44d8e463,eventtype_support_close,OF_TYPE,rel_6c7d2370e5b573f3
event_d54769d4ed82150d,eventtype_feature,OF_TYPE,rel_6c8396379724ffaf
event_5149e82db38145e6,eventtype_subscription_start,OF_TYPE,rel_6c8c065a0dfbac88
event_d58e489d05ef1e54,eventtype_feature,OF_TYPE,rel_6cb5a9572661f2ff
event_e33597701dfe8b1c,eventtype_feature,OF_TYPE,rel_6cd45216d1787414
event_6ad7c18a014db598,eventtype_subscription_start,OF_TYPE,rel_6ce109eab6e3522a
event_78ad98dfd4b4c8fe,eventtype_feature,OF_TYPE,rel_6cff27ee8f00fd3d
event_76e3323eadf58b8e,eventtype_feature,OF_TYPE,rel_6d2dc7b8190b3f7c
event_8d964dfa3603486e,eventtype_subscription_start,OF_TYPE,rel_6d3516cdc03af4a6
event_605c9af951438491,eventtype_feature,OF_TYPE,rel_6d3a873cd5eb6a47
event_c2d806f771d47428,eventtype_subscription_start,OF_TYPE,rel_6d3e72054913ecbb
event_9006802ecd5cf41e,eventtype_feature,OF_TYPE,rel_6d59bfd23a79bd79
event_f0daa1ff1a59a26d,eventtype_support_close,OF_TYPE,rel_6d5acc1e229e5766
event_e625c171b8181b6c,eventtype_feature,OF_TYPE,rel_6d5bcaa0bba5b4af
event_cca9dc3bddf5c42b,eventtype_support_open,OF_TYPE,rel_6d618461f982e731
event_300f8fbc083a37e7,eventtype_feature,OF_TYPE,rel_6d6930c43fdbd9d3
event_93de33e1ec186ed4,eventtype_subscription_start,OF_TYPE,rel_6d6d98e861efea18
event_da808a9b07dcb6f8,eventtype_subscription_start,OF_TYPE,rel_6d6e8d099618359f
event_4c139d46b8c03a0f,eventtype_support_close,OF_TYPE,rel_6da93152a3ff5fbf
event_bcf629ba792b0ae1,eventtype_feature,OF_TYPE,rel_6dbb63ea34611621
event_cf73fe681005d4a4,eventtype_subscription_start,OF_TYPE,rel_6de3e19d6943c85d
event_b579fb29510805c1,eventtype_subscription_start,OF_TYPE,rel_6e088f185fa9eed0
event_4d8b2be93f33fdd7,eventtype_subscription_start,OF_TYPE,rel_6e12a3fd9cd7656f
event_6f4718efe6f6616f,eventtype_subscription_start,OF_TYPE,rel_6e1a5d53425d0597
event_efc583c71195e63c,eventtype_subscription_start,OF_TYPE,rel_6e2b70144869cd8e
event_23909d224f063653,eventtype_subscription_start,OF_TYPE,rel_6e455aab25f873f2
event_d260d7580aa8488f,eventtype_support_open,OF_TYPE,rel_6e65a145305e4d53
event_946cdc64f0086754,eventtype_feature,OF_TYPE,rel_6e79c2330c0c2fcb
event_5a290815a626c092,eventtype_subscription_start,OF_TYPE,rel_6eb4dd5983b34fa4
event_f69ab09235794944,eventtype_account,OF_TYPE,rel_6f0230d6cea49574
event_fab47064ff2447f0,eventtype_subscription_start,OF_TYPE,rel_6f0db163f65c9482
event_43e8a6544847889b,eventtype_feature,OF_TYPE,rel_6f11d6570c53adaf
event_e0da9bbe8b3e0a83,eventtype_subscription_start,OF_TYPE,rel_6f16ad656a502fa5
event_5b0e0cafa1f962d9,eventtype_churn,OF_TYPE,rel_6f3f6ff68938908f
event_2b5b0cc44d5db232,eventtype_subscription_start,OF_TYPE,rel_6fa21e4c38897d9f
event_3a52790dbe19c503,eventtype_feature,OF_TYPE,rel_6fce7dee587b6a7c
event_69605d74feeadc22,eventtype_feature,OF_TYPE,rel_7003be3000a43710
event_b238743f89398809,eventtype_subscription_start,OF_TYPE,rel_7003f4f19de7e590
event_626268565258540f,eventtype_subscription_start,OF_TYPE,rel_70183f9fd6c4db51
event_3b2983a3d993d65d,eventtype_subscription_start,OF_TYPE,rel_7021763814151a2c
event_cfbb6988711965f2,eventtype_feature,OF_TYPE,rel_705b35138056f6d1
event_6f3f0108b494c8a1,eventtype_subscription_start,OF_TYPE,rel_7074d67070c58497
event_aaae8b1dc13f40b0,eventtype_subscription_start,OF_TYPE,rel_7085477ac1898849
event_47845dc77ddd7715,eventtype_subscription_start,OF_TYPE,rel_7085a5204f46a301
event_998369186dc855d5,eventtype_subscription_start,OF_TYPE,rel_7110f858c0c39d04
event_c61c6342e09aae7b,eventtype_subscription_end,OF_TYPE,rel_7114c210d227bee3
event_ff89336390085fa9,eventtype_subscription_start,OF_TYPE,rel_712773a19bb720da
event_49b29f497fd02c2c,eventtype_subscription_start,OF_TYPE,rel_712d3dbee55a1483
event_83fdb93bd0fd221f,eventtype_subscription_start,OF_TYPE,rel_712db3e30e3cd85c
event_a85337b664b559c2,eventtype_subscription_start,OF_TYPE,rel_7133624f9b68cd18
event_03b5aa20aed4f3a9,eventtype_feature,OF_TYPE,rel_71688c91e64313c4
event_2402e52432288858,eventtype_subscription_start,OF_TYPE,rel_719a0891d77baa9d
event_2d39d919209d0786,eventtype_feature,OF_TYPE,rel_71acfc66af8a3110
event_1099f8ea4d3e0b10,eventtype_subscription_start,OF_TYPE,rel_71ba684ecef5c613
event_93089b769677a019,eventtype_support_open,OF_TYPE,rel_71e748235742240e
event_86feb8d3c2b11a0e,eventtype_subscription_start,OF_TYPE,rel_71f85418ae223ba9
event_dda18525c0667751,eventtype_feature,OF_TYPE,rel_7207164c88b3df62
event_ad56b401f701b4d8,eventtype_subscription_start,OF_TYPE,rel_720f7554b7fa8df9
event_7d22500071339ed7,eventtype_feature,OF_TYPE,rel_7238e27c594f0246
event_5f744eb749446e23,eventtype_feature,OF_TYPE,rel_7257dacc2656ce74
event_a5892b8c1e3e12ce,eventtype_subscription_start,OF_TYPE,rel_729623542979f6de
event_c268b54452f031f4,eventtype_subscription_start,OF_TYPE,rel_72ac3c109f738c7f
event_a7e165681e808607,eventtype_feature,OF_TYPE,rel_72bd50668b86402b
event_6397f50402df6490,eventtype_subscription_start,OF_TYPE,rel_72c6cd224da6d208
event_a4763a4a2b6ccb3c,eventtype_churn,OF_TYPE,rel_72d28fe02265b82e
event_907b50d9750c560e,eventtype_feature,OF_TYPE,rel_72d5d9209addbe29
event_998ba90844bee014,eventtype_feature,OF_TYPE,rel_72ea344d76687d23
event_b5735ff1b1fc3df9,eventtype_subscription_start,OF_TYPE,rel_72f1ccad19a34c53
event_cd8ab66466f9a6b2,eventtype_subscription_start,OF_TYPE,rel_72fa5e357c174651
event_fbfa9e371af31674,eventtype_feature,OF_TYPE,rel_72fe06328700720b
event_f144c6504333a91b,eventtype_subscription_start,OF_TYPE,rel_73181e4edff6d64e
event_70ca510b9cc2732f,eventtype_subscription_start,OF_TYPE,rel_732c7e3ebb3c293c
event_3a788a5cc884ef4a,eventtype_subscription_start,OF_TYPE,rel_733a817dec33fa36
event_9ab6c3bc72806189,eventtype_subscription_start,OF_TYPE,rel_73442e72cd1b8879
event_85a15aac714df0b8,eventtype_churn,OF_TYPE,rel_735565ce5480c585
event_0eb3b2b6b2830591,eventtype_feature,OF_TYPE,rel_73b019ccec09345b
event_a0948f7db4b6fb66,eventtype_subscription_start,OF_TYPE,rel_74004a2e779dafc7
event_b6916a5027e23029,eventtype_churn,OF_TYPE,rel_7404ea4668c17591
event_17cb755ac55c449d,eventtype_subscription_start,OF_TYPE,rel_7414a5a8a486e2f1
event_1c86d6a6c610ae4d,eventtype_support_close,OF_TYPE,rel_741c70f5b3e63faf
event_2b63691a3f0a14fa,eventtype_subscription_start,OF_TYPE,rel_74416b5d973f6c08
event_81357ce7052b2ae5,eventtype_feature,OF_TYPE,rel_7465de20adde53c2
event_3c0e137b69bf2cda,eventtype_subscription_start,OF_TYPE,rel_747a27548108cff4
event_eda0c6e3f03df9ea,eventtype_feature,OF_TYPE,rel_7493d252b3f7fe2f
event_157c9c4d84802e88,eventtype_feature,OF_TYPE,rel_74b82f14e57c2c2c
event_305e2fa7a8826b81,eventtype_subscription_start,OF_TYPE,rel_74c3e310ce0fa610
event_82d7b39c26679a9b,eventtype_feature,OF_TYPE,rel_74f3b1b9337980f2
event_5b626a165c93a0f1,eventtype_churn,OF_TYPE,rel_74f62eea364dcaf2
event_7d0699c8026ee86a,eventtype_subscription_start,OF_TYPE,rel_74f90d3eed36f344
event_c2616f470ad758f4,eventtype_feature,OF_TYPE,rel_74f9ba1bc5e5b798
event_5eceb092f919ce76,eventtype_subscription_start,OF_TYPE,rel_7506b717c9a4282e
event_874f4179f8714eaf,eventtype_feature,OF_TYPE,rel_7522c57107f811b5
event_9eb3d809a62f8a20,eventtype_feature,OF_TYPE,rel_752dba7abbbeccaf
event_708e83f8d4cec69c,eventtype_subscription_start,OF_TYPE,rel_753462eb8cc48ddc
event_e0811195e40b108d,eventtype_subscription_start,OF_TYPE,rel_753b82e864cc5a07
event_87ebe45fc0b52c45,eventtype_subscription_start,OF_TYPE,rel_7570afa1d4c91a17
event_7f146c3e95a8e122,eventtype_subscription_start,OF_TYPE,rel_759a5ea948a7b6ba
event_433bf465286d8e9f,eventtype_support_open,OF_TYPE,rel_75c719e397f9565c
event_d425d4cc40296e53,eventtype_subscription_start,OF_TYPE,rel_75c951f691bfc368
event_d20f87a663f67715,eventtype_feature,OF_TYPE,rel_75e8d7ca137fad8f
event_5a16415c575aeddd,eventtype_subscription_start,OF_TYPE,rel_75fb150433304605
event_49ce24603afa15ef,eventtype_subscription_start,OF_TYPE,rel_761fe4e61448a3d0
event_abb66b546143e797,eventtype_support_close,OF_TYPE,rel_7626db763406669c
event_3dd8f2c202a87b6c,eventtype_feature,OF_TYPE,rel_7630a38967b060dc
event_4237d21762b43e6e,eventtype_subscription_end,OF_TYPE,rel_76433dc4137f1920
event_1770f9cb7a9bb0e0,eventtype_feature,OF_TYPE,rel_769c1897ccca8fdf
event_7aa7e2c291e8fe52,eventtype_churn,OF_TYPE,rel_76a004c4bc43d185
event_dbdcf56b1e3a8e66,eventtype_subscription_start,OF_TYPE,rel_76a399782ca2fb47
event_599d9a2ec9bbc009,eventtype_subscription_end,OF_TYPE,rel_76a6a6f361ba95e6
event_b1d047ab608bc9e8,eventtype_feature,OF_TYPE,rel_76b896b0c78d7ff5
event_090b28a796a9046b,eventtype_subscription_start,OF_TYPE,rel_76cc39d17c190963
event_caae3497cc7f9b30,eventtype_subscription_end,OF_TYPE,rel_76de5aa1a384078c
event_d22cc29e57eb3fdb,eventtype_subscription_start,OF_TYPE,rel_76e39b93114caa3b
event_23df501745ef3fb6,eventtype_subscription_end,OF_TYPE,rel_76ff91506693b9f4
event_32aaa79c2e54bcd8,eventtype_subscription_start,OF_TYPE,rel_7710cc4f26cc0ea5
event_0f99c20677589ee7,eventtype_support_open,OF_TYPE,rel_773eeb1de9264a5a
event_3834d4511c2afb6f,eventtype_subscription_start,OF_TYPE,rel_77799b67edeb15aa
event_5ce86de03cbfb791,eventtype_feature,OF_TYPE,rel_7795eca49047e664
event_47a196e26d1e8c04,eventtype_subscription_start,OF_TYPE,rel_77a78f3e73be07fe
event_a13583f7b3cded4f,eventtype_subscription_start,OF_TYPE,rel_77b562f71b1cb5af
event_ea1b49a66345e691,eventtype_feature,OF_TYPE,rel_77b97bca2e7b8850
event_0e2cd246efc12b05,eventtype_feature,OF_TYPE,rel_77c932ce02d668db
event_3e9f890be81a52f2,eventtype_feature,OF_TYPE,rel_77cfd78d56da3741
event_13e8dafe9cc53b77,eventtype_subscription_start,OF_TYPE,rel_78165152034fcba9
event_68d65268a0415db9,eventtype_churn,OF_TYPE,rel_781d302e88e9b9be
event_3e0321aa9d2c3917,eventtype_feature,OF_TYPE,rel_7821385e1d2189bd
event_e6019a6b44f89e4f,eventtype_subscription_start,OF_TYPE,rel_78501a1a5acba575
event_034023296b3f0565,eventtype_feature,OF_TYPE,rel_7867bdf8af9b923a
event_97457a5c885b3f37,eventtype_subscription_start,OF_TYPE,rel_789023c730798673
event_ea102c75623f4222,eventtype_feature,OF_TYPE,rel_78a34597762a8f9e
event_28291f47bf241e46,eventtype_feature,OF_TYPE,rel_78ae369e54be3626
event_b8b9c0b93ce2d132,eventtype_support_open,OF_TYPE,rel_78b3212aa6274a78
event_a0479b950ae30fc6,eventtype_feature,OF_TYPE,rel_78ce2e74bcc7b227
event_e8cd5cbcab062efb,eventtype_feature,OF_TYPE,rel_78d40b570677045b
event_6842f562f0a79834,eventtype_feature,OF_TYPE,rel_78e76efda0044009
event_be3bcfdfdb406727,eventtype_subscription_start,OF_TYPE,rel_792eea4ecf4b8db3
event_c7c9e7a89de94940,eventtype_subscription_start,OF_TYPE,rel_7933d88315980312
event_945b468c67db13d1,eventtype_subscription_start,OF_TYPE,rel_793930fb36d0facb
event_c4f6389e9cd875a0,eventtype_subscription_start,OF_TYPE,rel_793d1e2208c8124b
event_35087bc95f9c4d85,eventtype_support_open,OF_TYPE,rel_79688ca7416668f9
event_453d7049e887aaa3,eventtype_feature,OF_TYPE,rel_79a73dfc64c62f12
event_7164d682781f6cb0,eventtype_subscription_start,OF_TYPE,rel_79a75c88982cad46
event_9fba58b2e32252d8,eventtype_support_open,OF_TYPE,rel_79c7bee8a6bc8ffb
event_3360b6a19fd8cc9c,eventtype_subscription_start,OF_TYPE,rel_79ce5ac9f9d7a8a6
event_231371d9273cd332,eventtype_feature,OF_TYPE,rel_79d4bfa40d708ddf
event_4b85862402670e46,eventtype_support_open,OF_TYPE,rel_79e8c8eee50dffb8
event_72e4ff81d2c00dea,eventtype_churn,OF_TYPE,rel_79f4712e5a06ea14
event_b9a5cb3a3d2a0a4f,eventtype_account,OF_TYPE,rel_7a08d12163520472
event_8e1887c81e358223,eventtype_subscription_start,OF_TYPE,rel_7a33ba6b1ee70791
event_79b7122cd848e993,eventtype_subscription_start,OF_TYPE,rel_7a353d500b851574
event_fee291cf510310eb,eventtype_subscription_end,OF_TYPE,rel_7a3732ad025c87ee
event_7190ac434b3724ec,eventtype_feature,OF_TYPE,rel_7a47b2efdc620089
event_08254e75022b6905,eventtype_feature,OF_TYPE,rel_7a49ddf470210dcb
event_6a82804409506b7c,eventtype_feature,OF_TYPE,rel_7aa840deed2695ca
event_3ef07a263d8d5ae3,eventtype_support_close,OF_TYPE,rel_7ab16ea57eaf90b8
event_189bc512d5eff48c,eventtype_subscription_start,OF_TYPE,rel_7abef79e0df6425b
event_5803e22eb12ccaf4,eventtype_subscription_start,OF_TYPE,rel_7ad309f4c3350109
event_4ae3d53aaca1721a,eventtype_subscription_start,OF_TYPE,rel_7af9fa96bb3d52d6
event_781f5ec0d0f98cca,eventtype_subscription_start,OF_TYPE,rel_7afe23f9427c8f83
event_cb15ae0d7d6c3adc,eventtype_subscription_start,OF_TYPE,rel_7b1b400a4ec4aece
event_9e84e822e3639b13,eventtype_support_close,OF_TYPE,rel_7b8b3ab8d4a21773
event_e8af8a997c919bff,eventtype_feature,OF_TYPE,rel_7bac618fb2a8fdb7
event_4af0e624f67b7d3f,eventtype_subscription_end,OF_TYPE,rel_7bce00e4586bd883
event_83a6739e850101be,eventtype_feature,OF_TYPE,rel_7bdc8cadcba2a249
event_ce435c17467e4367,eventtype_feature,OF_TYPE,rel_7be3eae046dc81bf
event_481c2ad20c9137ab,eventtype_subscription_start,OF_TYPE,rel_7be7bd8befe43346
event_7fd1e7e79ff3509e,eventtype_support_close,OF_TYPE,rel_7c19d3e92d845cf7
event_aaf8d43235f9e390,eventtype_subscription_start,OF_TYPE,rel_7c319a4328513164
event_f00d2e2b53a4f890,eventtype_churn,OF_TYPE,rel_7c3ac8386a44d307
event_1c7ffe42fda7bf8a,eventtype_support_close,OF_TYPE,rel_7c43916f9c2fae29
event_b43cae15038541b7,eventtype_feature,OF_TYPE,rel_7c4e7bb3a212f927
event_ea8a733e3404fb55,eventtype_subscription_start,OF_TYPE,rel_7c7b6e51ad225eb5
event_5b330065098c06a4,eventtype_subscription_start,OF_TYPE,rel_7c7d80fcdcf7092f
event_00b17c6d8ee0b3b3,eventtype_subscription_start,OF_TYPE,rel_7ca1c22f6618d653
event_a86fc2e69d35fb9f,eventtype_subscription_start,OF_TYPE,rel_7d17a9e40162984f
event_a3f5e924d9ed48a6,eventtype_subscription_start,OF_TYPE,rel_7d2d8f7dc9fee95c
event_6706d42faae396be,eventtype_subscription_start,OF_TYPE,rel_7d2fddef97cefd2a
event_bc3cce13b9ec31ee,eventtype_subscription_start,OF_TYPE,rel_7d3bef81d7d0ee83
event_452ec4f06252f689,eventtype_subscription_start,OF_TYPE,rel_7d66b2fafecd7e36
event_05f955dc8331e5b4,eventtype_subscription_start,OF_TYPE,rel_7d6bb60aadfb9e37
event_ba84a08764c1acb1,eventtype_subscription_start,OF_TYPE,rel_7d72e350d80003d8
event_662910ba9e327a9c,eventtype_support_open,OF_TYPE,rel_7db275f4b70481a8
event_d04a1275418e752b,eventtype_subscription_start,OF_TYPE,rel_7dc68460034f2ffa
event_15b386f5099482cb,eventtype_subscription_start,OF_TYPE,rel_7ddc4e6c1fbd66a6
event_23f7ef42ee9956de,eventtype_subscription_start,OF_TYPE,rel_7e4d90a4f8f8e21f
event_2ab6848d51c2dcd3,eventtype_subscription_start,OF_TYPE,rel_7ebe08b2334ea513
event_d9c7166ae3c6f6e7,eventtype_feature,OF_TYPE,rel_7ed056896f64954a
event_abfdede99bda9431,eventtype_subscription_start,OF_TYPE,rel_7ef21bb03865b1fa
event_81e45f4c6286c323,eventtype_subscription_start,OF_TYPE,rel_7efbf7b128d95a39
event_64d1ef40d0341b97,eventtype_feature,OF_TYPE,rel_7f03a65e7985cd92
event_433c6575d5b2df46,eventtype_subscription_start,OF_TYPE,rel_7f1f3e8ca060f7f9
event_20b6631104634c78,eventtype_feature,OF_TYPE,rel_7f308c6554e29035
event_fec90e556a12166f,eventtype_subscription_start,OF_TYPE,rel_7f43ec2d02a2b7a0
event_4edf518d588a5308,eventtype_subscription_start,OF_TYPE,rel_7f726b7879aa513b
event_8477058c60c4e4b6,eventtype_subscription_start,OF_TYPE,rel_7fb97e71779ae0b7
event_e809c3717401d2d3,eventtype_churn,OF_TYPE,rel_7fcfebef1df19c3d
event_58ccab9d27e3c48e,eventtype_feature,OF_TYPE,rel_7fdb1c8b276df66c
event_28ed17bc2158bdd7,eventtype_feature,OF_TYPE,rel_7fee7c3d35e41641
event_4594f82b79d66fc1,eventtype_reactivation,OF_TYPE,rel_7ff4ddce3a60d4d6
event_0b9f903096063d6c,eventtype_subscription_start,OF_TYPE,rel_8005261420ae2d12
event_c1814b749a61e67e,eventtype_feature,OF_TYPE,rel_801e801740e47520
event_ae6affc069f40f3e,eventtype_subscription_end,OF_TYPE,rel_802ff6fdc72aa64b
event_a25bdc40a0df14fc,eventtype_churn,OF_TYPE,rel_80412632b9d102b5
event_f01d9708bb3634b0,eventtype_feature,OF_TYPE,rel_8045fc25957752a6
event_f1cb8a988f84dd94,eventtype_feature,OF_TYPE,rel_808f2fa00159d222
event_ef7d779a658de738,eventtype_feature,OF_TYPE,rel_80982697784d9e4f
event_1d06dd65f86b2ff0,eventtype_subscription_start,OF_TYPE,rel_80a0ef407efca19e
event_bc6b4b48f93f1e19,eventtype_feature,OF_TYPE,rel_80b0ef0a5aa5a99f
event_8e2efb6c212a5e48,eventtype_account,OF_TYPE,rel_80df88026ecdc5a1
event_e71d31a6583a1099,eventtype_support_open,OF_TYPE,rel_80e14d993585d885
event_d7473256fcd2b92d,eventtype_churn,OF_TYPE,rel_816d7e97af51f6f0
event_f0ee2cbd7fef3b49,eventtype_subscription_start,OF_TYPE,rel_8172a079940d744c
event_8bea74534b237f6c,eventtype_subscription_start,OF_TYPE,rel_817d9c2274f020df
event_0e2157c9e914224e,eventtype_account,OF_TYPE,rel_81928bf498aeed36
event_8731822fb0db9eac,eventtype_feature,OF_TYPE,rel_82142e3988cae4fe
event_8907e05b2a11444a,eventtype_account,OF_TYPE,rel_821eeacc9c54ca7b
event_78da42e517de3bd7,eventtype_subscription_start,OF_TYPE,rel_8221a93663ca6a2d
event_97e39fab2e855556,eventtype_subscription_start,OF_TYPE,rel_82628633b06bd198
event_87f1a1d472741ed5,eventtype_feature,OF_TYPE,rel_82886d1790cc4048
event_775605263bec61fe,eventtype_feature,OF_TYPE,rel_828ea59fea1aad6c
event_2b91e87a5fe65920,eventtype_subscription_start,OF_TYPE,rel_829709c1765cc604
event_74ab239b9f5ac7f8,eventtype_subscription_start,OF_TYPE,rel_83033e4ca4e3e669
event_87bf55d56cf40a93,eventtype_subscription_start,OF_TYPE,rel_8303d85739655d7a
event_20c373ba3d3d0aec,eventtype_subscription_start,OF_TYPE,rel_8304914198398bc9
event_3f4a0f523b866cb9,eventtype_subscription_start,OF_TYPE,rel_8310d37b82a7f8d2
event_7026c286ed688c64,eventtype_support_close,OF_TYPE,rel_832f46a3e7913eb2
event_5bafed6365216d75,eventtype_subscription_start,OF_TYPE,rel_8333b362d914e12e
event_f965694753e4bce7,eventtype_subscription_start,OF_TYPE,rel_8338470399f1fe9c
event_4663478516dd51b5,eventtype_subscription_start,OF_TYPE,rel_8378f808c9ceee08
event_7a74ff2802461ae4,eventtype_subscription_start,OF_TYPE,rel_8385d629aa1d9c13
event_f52ef115d5c1bbc6,eventtype_subscription_start,OF_TYPE,rel_83bf7dad3700fae7
event_64cfbc206e663757,eventtype_feature,OF_TYPE,rel_83de9a1d0d4900a0
event_f962bc0ce6ed5926,eventtype_subscription_start,OF_TYPE,rel_83f9bdd126c1283c
event_9530dafefc7e40d7,eventtype_account,OF_TYPE,rel_840d2aae258651a6
event_65bd75ba0ceba3ab,eventtype_feature,OF_TYPE,rel_84125a7517571c76
event_850f996fa4d97560,eventtype_subscription_start,OF_TYPE,rel_8413a70e7c45ded3
event_7806203b5363ece9,eventtype_subscription_start,OF_TYPE,rel_84177dda81cc6216
event_5b9628edba081ea0,eventtype_support_close,OF_TYPE,rel_843f13dc648c027a
event_184d80e32fbfea28,eventtype_feature,OF_TYPE,rel_8450951b0d484d54
event_5cf57384e912450d,eventtype_support_open,OF_TYPE,rel_84a8dd91643ac4d4
event_915bc39f139e9c65,eventtype_subscription_end,OF_TYPE,rel_84d2be7a9805c64b
event_f33ca8905257fd0b,eventtype_feature,OF_TYPE,rel_84df89e6cf398e68
event_e309c78c75e5c0a1,eventtype_subscription_start,OF_TYPE,rel_84ee2a8f9ce7803d
event_544c972817df85f1,eventtype_feature,OF_TYPE,rel_850222648c4cf018
event_cca56ce9e20fbcd5,eventtype_feature,OF_TYPE,rel_85669df2f3eb09e8
event_ffdd20bd6dff81bf,eventtype_feature,OF_TYPE,rel_856aec182c0199c8
event_3b031e416ab7c73d,eventtype_support_close,OF_TYPE,rel_856c20c1841b7c37
event_5ab7d3e40dff4e93,eventtype_feature,OF_TYPE,rel_857769c4c4a20b2d
event_cfcb186cfec989b4,eventtype_subscription_start,OF_TYPE,rel_858db72844b96317
event_2c3f898455c831db,eventtype_subscription_start,OF_TYPE,rel_859570fe5fe56acd
event_e3beba7c1a46a250,eventtype_feature,OF_TYPE,rel_859825384b564808
event_d9449215fd01af82,eventtype_subscription_start,OF_TYPE,rel_85bab9708d639961
event_2cc218b3a5db6755,eventtype_feature,OF_TYPE,rel_85c07153eeeb9a24
event_cf541e911659d295,eventtype_subscription_end,OF_TYPE,rel_85cab037edf88659
event_78b2403f50ac1062,eventtype_subscription_start,OF_TYPE,rel_85cb49680c0f8052
event_a13602c0ec328a04,eventtype_churn,OF_TYPE,rel_86192931d7e57800
event_d0809fb49098bb35,eventtype_feature,OF_TYPE,rel_863f559e8f1e16ce
event_a8949d3d23b7e281,eventtype_churn,OF_TYPE,rel_864a1faefb409dbe
event_671ee350f7408c43,eventtype_subscription_start,OF_TYPE,rel_865a39d690b34164
event_c68d6cb63370175e,eventtype_feature,OF_TYPE,rel_86802850e9fb7533
event_297138bdd01d66b5,eventtype_subscription_start,OF_TYPE,rel_86808d8afa399097
event_6c7d18a2d9b94350,eventtype_feature,OF_TYPE,rel_86af68e05a3e3d24
event_9e5eac8808fdc455,eventtype_subscription_start,OF_TYPE,rel_86ba3dd819d9ae10
event_b303e285fe597c9a,eventtype_support_open,OF_TYPE,rel_86e2396f71da1d5e
event_d0b2735301e3634f,eventtype_support_close,OF_TYPE,rel_8719c0b1bd545f04
event_18dea75bd36ddccb,eventtype_subscription_start,OF_TYPE,rel_872fbe212e2b8586
event_0c9cee60e48933e9,eventtype_subscription_start,OF_TYPE,rel_8791d28ad6374c88
event_2e2e3e3e19c57f8a,eventtype_churn,OF_TYPE,rel_87a4e3e773adcf4d
event_f7823c23bdc11373,eventtype_feature,OF_TYPE,rel_87b7ea512fcb4750
event_55ff425a7c08bb69,eventtype_account,OF_TYPE,rel_87cc8261c411932f
event_ba4769eb34beaaf1,eventtype_support_close,OF_TYPE,rel_87e1e8073f37727f
event_37a4d7449f60ca4f,eventtype_subscription_start,OF_TYPE,rel_87e41ee5d03baf88
event_b6251f849dd13edb,eventtype_feature,OF_TYPE,rel_880d65677c8afad9
event_0c24b13da90763a7,eventtype_feature,OF_TYPE,rel_88242638dbcdf31f
event_48ae17fcd2ef97c7,eventtype_feature,OF_TYPE,rel_8830cb2acf44d4e2
event_48fd50446b9283ce,eventtype_subscription_start,OF_TYPE,rel_885d092e66fa1b13
event_789a38ee0818e23f,eventtype_feature,OF_TYPE,rel_886ab179290e6819
event_55721eaeedffff4e,eventtype_support_close,OF_TYPE,rel_88708545cd7a9559
event_f80b48e8b552eb67,eventtype_subscription_start,OF_TYPE,rel_88af17e883657b91
event_fbdf8e1915e4961c,eventtype_feature,OF_TYPE,rel_88e2e3300d8fd9a8
event_259d180590b8e90a,eventtype_subscription_start,OF_TYPE,rel_88fd74feff466e06
event_d189db6a5a96e997,eventtype_subscription_start,OF_TYPE,rel_89235c4aa20739c5
event_3056e705b6531150,eventtype_subscription_start,OF_TYPE,rel_8931ffac1d773454
event_7bdfdb7267b64611,eventtype_subscription_start,OF_TYPE,rel_893d5c602dac86c3
event_d14281217ebf7a22,eventtype_feature,OF_TYPE,rel_894432a53ff3b072
event_0cc320e99f670f54,eventtype_support_close,OF_TYPE,rel_8981e16f994c769c
event_3a05560115c26921,eventtype_subscription_start,OF_TYPE,rel_898ba19ada85c188
event_f1db2ebbba3195b6,eventtype_subscription_start,OF_TYPE,rel_8991d7456d0c0b89
event_e67235c843b9ddff,eventtype_subscription_start,OF_TYPE,rel_899595334fb19605
event_da5ec5987c07acae,eventtype_subscription_start,OF_TYPE,rel_89acad83be807849
event_7d50307fdd3f5697,eventtype_support_close,OF_TYPE,rel_89ddaee8106e0597
event_5424261c787200a0,eventtype_churn,OF_TYPE,rel_89ed1a713b23d764
event_bf8891c029c1af39,eventtype_feature,OF_TYPE,rel_89fb0e0a313aae47
event_2a983443307fc098,eventtype_subscription_start,OF_TYPE,rel_89ff77936d53c348
event_f6beaaa6831207ad,eventtype_subscription_start,OF_TYPE,rel_8a05324e5a9a5a37
event_3a54227f6b126aad,eventtype_subscription_start,OF_TYPE,rel_8a1bb9ce908dd3ee
event_e3187dd59498c97e,eventtype_subscription_start,OF_TYPE,rel_8a89ba97d1514088
event_2cc44f65f639753d,eventtype_subscription_start,OF_TYPE,rel_8acf6e6560480247
event_f9fad50d7e824a6b,eventtype_churn,OF_TYPE,rel_8ad329b5841408db
event_f51ad3575b7cd81e,eventtype_subscription_start,OF_TYPE,rel_8ad6848bf179881c
event_4ea29f4104648dab,eventtype_support_close,OF_TYPE,rel_8aecd2cc73ad41b4
event_c859d35c7dc4b179,eventtype_subscription_start,OF_TYPE,rel_8b15861f7436a092
event_e3170bf83f6b3d3e,eventtype_subscription_start,OF_TYPE,rel_8b21055aa798945f
event_0196b1c70058384c,eventtype_subscription_start,OF_TYPE,rel_8b2feb3fe0468c79
event_388bbf6bf5756ab8,eventtype_subscription_start,OF_TYPE,rel_8b351ce8424bf937
event_4a6bf2155e28aed8,eventtype_feature,OF_TYPE,rel_8b45d11ff9d33768
event_b705500b1c16198f,eventtype_subscription_start,OF_TYPE,rel_8b5c36e8b4108a28
event_2a5433ab09f6c604,eventtype_feature,OF_TYPE,rel_8b70ff080ca91f25
event_bb882b5b84593b8b,eventtype_feature,OF_TYPE,rel_8b71cf3755721e28
event_16c3efde67122510,eventtype_subscription_start,OF_TYPE,rel_8b79a2c0db0e921a
event_16242770f4e93886,eventtype_subscription_start,OF_TYPE,rel_8b8b866891c80a40
event_b345b4969702f34b,eventtype_subscription_start,OF_TYPE,rel_8bb8ef696333f128
event_dbd33d2e984f0d5d,eventtype_feature,OF_TYPE,rel_8bbca94eb96e39c1
event_9a39aab4b34a54b6,eventtype_subscription_start,OF_TYPE,rel_8bf90705fc16ed21
event_9a6d226265a96840,eventtype_feature,OF_TYPE,rel_8bfab8efab102439
event_1d05c6206b3ab208,eventtype_subscription_start,OF_TYPE,rel_8c2536e2f7ba2693
event_dcebc098b1c54660,eventtype_churn,OF_TYPE,rel_8c2c40096754e2d5
event_0594f1f5739a0901,eventtype_subscription_start,OF_TYPE,rel_8c6440279076949d
event_37afc3cdc05b43f0,eventtype_feature,OF_TYPE,rel_8c7c7b6699fd9d6e
event_19e6952619bec0e6,eventtype_support_open,OF_TYPE,rel_8c898128184f85de
event_dc08389b8e359479,eventtype_subscription_end,OF_TYPE,rel_8cb80916fdf7e214
event_35915df16195119a,eventtype_subscription_start,OF_TYPE,rel_8cb869702a5cfb09
event_f12cf8d19eed86ed,eventtype_subscription_start,OF_TYPE,rel_8cbaec134ce7c72c
event_5b2046402e33ee38,eventtype_feature,OF_TYPE,rel_8cce95c8c58de96a
event_fdbf3d25bd6ba6fe,eventtype_feature,OF_TYPE,rel_8d2bca2fda2f9e6b
event_63cd9e9093e9f7b8,eventtype_account,OF_TYPE,rel_8d647b3d27f502ea
event_03bce6cc3e9e3af3,eventtype_feature,OF_TYPE,rel_8d7908f58168733a
event_7787374fcd295054,eventtype_subscription_start,OF_TYPE,rel_8d8742ac4d233cf1
event_4055d706e6c016f4,eventtype_subscription_start,OF_TYPE,rel_8d8e3b39ae4ca2fe
event_a2e350f4d20c30cb,eventtype_subscription_start,OF_TYPE,rel_8da4d1b57f5719d7
event_92996d316a95bf5e,eventtype_feature,OF_TYPE,rel_8dc64e7f5f777dcf
event_720c82c3adb602b8,eventtype_feature,OF_TYPE,rel_8dd40d6a407ffae7
event_e0348e79ba669bac,eventtype_subscription_start,OF_TYPE,rel_8ddaadbf51443756
event_9ecd76984bb2035e,eventtype_subscription_start,OF_TYPE,rel_8ddbdcc95a4c8dc7
event_c7fa72791499ae1c,eventtype_subscription_start,OF_TYPE,rel_8df50f56721dbc02
event_1a2eaccd411c5b5a,eventtype_subscription_start,OF_TYPE,rel_8dfc2e0fb3496000
event_9ecb5c8dd7af8899,eventtype_feature,OF_TYPE,rel_8e0d7cd6957a7e95
event_a22a6d51842045f3,eventtype_subscription_start,OF_TYPE,rel_8e10c2f70a371f5a
event_2694ccdd09b31c3a,eventtype_subscription_end,OF_TYPE,rel_8e29c867cf987a2f
event_cea1aa7da45bc17e,eventtype_feature,OF_TYPE,rel_8e36eed2aa14a95c
event_309015676a54b1b7,eventtype_account,OF_TYPE,rel_8e388cabe17da306
event_80f3778e960bbf25,eventtype_subscription_start,OF_TYPE,rel_8e56cfbbdafe0ea8
event_753aa6f7584c25db,eventtype_subscription_start,OF_TYPE,rel_8e5f1a9d28b48d32
event_0c99eb0b7b83a90b,eventtype_feature,OF_TYPE,rel_8e6b91b52e405312
event_370a241714f15b72,eventtype_support_close,OF_TYPE,rel_8e6c31b0def1fe16
event_da896354b5be5790,eventtype_support_close,OF_TYPE,rel_8e8030f6631e2e3d
event_cd56c450071627ab,eventtype_support_open,OF_TYPE,rel_8e91a7fadd5138df
event_677763015fe8bafe,eventtype_subscription_start,OF_TYPE,rel_8eb27742d0971df6
event_7f090d2d5424c875,eventtype_subscription_start,OF_TYPE,rel_8eb36bb4d924d9d3
event_698bd632c82c6991,eventtype_feature,OF_TYPE,rel_8ebf615338a561aa
event_af94c60bd037f7cd,eventtype_subscription_start,OF_TYPE,rel_8ed8594e77e69ab6
event_aec065b5432ee501,eventtype_churn,OF_TYPE,rel_8ee44bf6410a4a8d
event_d865485ee28262c0,eventtype_subscription_start,OF_TYPE,rel_8ef407a494e0dbda
event_3a243cd7caca8d05,eventtype_subscription_start,OF_TYPE,rel_8ef4e60ac08712c5
event_bcfa52fab9c4495a,eventtype_feature,OF_TYPE,rel_8efaaeca186d3dc2
event_a99332c75558ccad,eventtype_feature,OF_TYPE,rel_8f51cc4e85af0ff9
event_689b00a5a9a10438,eventtype_subscription_start,OF_TYPE,rel_8fa15fe87d9073ed
event_9f7e63ecd40e9dff,eventtype_subscription_start,OF_TYPE,rel_8fa384a4f4932de1
event_2737cffc6614a48e,eventtype_subscription_start,OF_TYPE,rel_8ffe0faaf2f5eb21
event_af5c95ec161039bc,eventtype_account,OF_TYPE,rel_900134678ad02982
event_d8e9cf45b6f282ac,eventtype_subscription_start,OF_TYPE,rel_90068e4c28391cd8
event_cd736a275f99cdd9,eventtype_support_close,OF_TYPE,rel_90171139b8d8bb38
event_0e57237152306a4e,eventtype_churn,OF_TYPE,rel_9034419263aa454f
event_16ee4985d7bd62d6,eventtype_account,OF_TYPE,rel_9049e28d62a3feb2
event_3fc198fb0690a2e5,eventtype_feature,OF_TYPE,rel_904aaaaabe4081b9
event_487f4120c824d2ae,eventtype_feature,OF_TYPE,rel_9073ae015fdb53e9
event_7f293cf1d7251a39,eventtype_feature,OF_TYPE,rel_90cd8b58de3d9400
event_99b9b6851a329602,eventtype_support_open,OF_TYPE,rel_90d40112f797045d
event_0a4d356d3a02ceff,eventtype_subscription_start,OF_TYPE,rel_90ff32f305e3a1d8
event_f08cf39fca3fffc7,eventtype_feature,OF_TYPE,rel_910e67619576915c
event_8556a0876dcb68e5,eventtype_subscription_start,OF_TYPE,rel_9118739e0fc32643
event_b2510e9afaa9aa94,eventtype_support_open,OF_TYPE,rel_9132eae96fd38b0d
event_274b8036f5a1d4fb,eventtype_subscription_start,OF_TYPE,rel_913729fdac0f98e2
event_c232816598600a88,eventtype_support_open,OF_TYPE,rel_914fbe193014aed2
event_c7a46915e3bf0406,eventtype_support_open,OF_TYPE,rel_917a9402dac93c78
event_c5e5d6fa96e1511a,eventtype_subscription_start,OF_TYPE,rel_9184400cd18917ab
event_5e924194507c7904,eventtype_feature,OF_TYPE,rel_919ff4aea4ee6891
event_8dcb9cc78299ebd1,eventtype_feature,OF_TYPE,rel_91a251dee56a45c6
event_c96986040765101d,eventtype_subscription_start,OF_TYPE,rel_91c84a622703f6c1
event_84cfdbe579b2f1dd,eventtype_feature,OF_TYPE,rel_9210bac8077622e9
event_78a6ee151f43c373,eventtype_subscription_start,OF_TYPE,rel_9224996d0a66ef57
event_00eb9a1c7192a178,eventtype_feature,OF_TYPE,rel_9231a5d547f18565
event_94e4e7c4fc9cc5f8,eventtype_subscription_start,OF_TYPE,rel_92430781dac07d8f
event_1f45bedeb2d7133e,eventtype_subscription_start,OF_TYPE,rel_924786a3393f5ad8
event_04bfdbce7dcd1b7f,eventtype_subscription_start,OF_TYPE,rel_925985173c38fa65
event_dd8e9ef90b0c3947,eventtype_support_close,OF_TYPE,rel_925e70e30c00e73a
event_238a1430e67851b8,eventtype_subscription_start,OF_TYPE,rel_92accd88b74fdec0
event_7c8194b6b28d3bfd,eventtype_churn,OF_TYPE,rel_92c71d8b5a668da0
event_00ff2fb320df6584,eventtype_subscription_start,OF_TYPE,rel_92e33a1e90af99ee
event_cb7d135a2f336cd7,eventtype_feature,OF_TYPE,rel_931199f6a186799b
event_6722687690f8c1ab,eventtype_churn,OF_TYPE,rel_93229463fd3095c7
event_d12a20d18e3a3481,eventtype_subscription_start,OF_TYPE,rel_9331c8fb4d02b21f
event_1e6c21370b5b17f1,eventtype_feature,OF_TYPE,rel_934227a8306983af
event_d06987f4145f1f5e,eventtype_subscription_start,OF_TYPE,rel_9342b00268433d9f
event_f11534bf9e2aa27e,eventtype_subscription_start,OF_TYPE,rel_935c4a44d5cd3e65
event_38d45f73139b3c79,eventtype_subscription_start,OF_TYPE,rel_935cc8d22e511561
event_33b20728a979fe6c,eventtype_subscription_start,OF_TYPE,rel_936975fb93e0a122
event_0634ffc716b01dff,eventtype_subscription_start,OF_TYPE,rel_9377f8f3f6e0cff0
event_4d785f5245e0fed0,eventtype_feature,OF_TYPE,rel_939355907b55e8d3
event_a91b287da50d83c8,eventtype_feature,OF_TYPE,rel_93a11cb5a76949d4
event_ed2ab67ab1356db7,eventtype_feature,OF_TYPE,rel_93fdc9ee7b4ec364
event_37ed230b4473df5d,eventtype_subscription_start,OF_TYPE,rel_9404ea6308232f5b
event_02ca3688e422a535,eventtype_subscription_start,OF_TYPE,rel_94182016105df5b1
event_afeb16419357b5a4,eventtype_feature,OF_TYPE,rel_9434c5bf3eff8e46
event_2a79031705a44fd4,eventtype_subscription_end,OF_TYPE,rel_9442b296a8ddae06
event_21259de4a3848a04,eventtype_subscription_start,OF_TYPE,rel_94536ed91d17a53d
event_0c4b59a7300eb675,eventtype_feature,OF_TYPE,rel_945bde4bb6fa7dfb
event_fea0eae2bdb885c8,eventtype_subscription_start,OF_TYPE,rel_948335fbc82c7bd9
event_c30dca219866f7d5,eventtype_feature,OF_TYPE,rel_9483b8d200eccf77
event_3d16f6a8ac3e659a,eventtype_subscription_start,OF_TYPE,rel_94b5660c2a6db93a
event_42b34b74f73d60c2,eventtype_subscription_start,OF_TYPE,rel_94d4bcb9f718421f
event_33d6a2aea6b261dc,eventtype_feature,OF_TYPE,rel_950696ed670277d1
event_060d964ddef02856,eventtype_subscription_start,OF_TYPE,rel_9513477cbeef2898
event_d10e7db6f46833e9,eventtype_subscription_start,OF_TYPE,rel_952a3052cb23b1a9
event_c5894a50c23d5487,eventtype_support_open,OF_TYPE,rel_952dac8d91c3bcc1
event_8556b77a55e1a507,eventtype_subscription_start,OF_TYPE,rel_953091ebd22cdbff
event_3998db580375cd2c,eventtype_subscription_start,OF_TYPE,rel_95312b475428f616
event_5f87e963a9db71f8,eventtype_subscription_start,OF_TYPE,rel_95682ce195920264
event_7564157107bab8bf,eventtype_subscription_start,OF_TYPE,rel_95a2626fd2d45765
event_23dd21b1d1256312,eventtype_feature,OF_TYPE,rel_95cd966e2f90995e
event_84b08be9107a4f01,eventtype_support_open,OF_TYPE,rel_95d5cfe9a96cc7d8
event_8bad6d6d69859e71,eventtype_subscription_start,OF_TYPE,rel_95fea9ce574a9118
event_451bf44ef0b5daf5,eventtype_subscription_start,OF_TYPE,rel_9616910f12d0f29b
event_8b527e46d3d736df,eventtype_subscription_start,OF_TYPE,rel_9628dd44628e779e
event_274c08a7d52d54a4,eventtype_subscription_start,OF_TYPE,rel_96353567214e3e13
event_1d34d3d767b64079,eventtype_subscription_start,OF_TYPE,rel_963eb3e20ac9e035
event_8aaa3de7fcac6f6b,eventtype_churn,OF_TYPE,rel_9671e3548a05f398
event_d5e76bf203d9231c,eventtype_feature,OF_TYPE,rel_96911e3bc842e113
event_69530db40c551c20,eventtype_subscription_start,OF_TYPE,rel_969945c52b73a2a0
event_e83dcdf1d51f39f4,eventtype_feature,OF_TYPE,rel_96c8d588e6f34ebc
event_f1db2e2cd973d18b,eventtype_feature,OF_TYPE,rel_96ef28300983fb7b
event_e904702fa386edcc,eventtype_subscription_start,OF_TYPE,rel_96f07ab50c281ee3
event_d85e2c97b26009fb,eventtype_subscription_start,OF_TYPE,rel_971cc2cc3c770bb9
event_a6f726b2228589d1,eventtype_feature,OF_TYPE,rel_973c4d57c3b196a4
event_3e081be011c0534f,eventtype_feature,OF_TYPE,rel_974e2efff37cec2b
event_1528c7c6a7d1c876,eventtype_subscription_start,OF_TYPE,rel_975f9768990ae69d
event_226e70e5f647d59c,eventtype_support_open,OF_TYPE,rel_97704f7666430a7b
event_62a9fd173e0679a6,eventtype_subscription_end,OF_TYPE,rel_9781820f5ea4dc54
event_6f1bc63fa59f49c8,eventtype_feature,OF_TYPE,rel_978316f8fef37ad1
event_1177c0f3c502b62d,eventtype_subscription_start,OF_TYPE,rel_979e0ca27001bffb
event_b36832a2f4f015b1,eventtype_subscription_start,OF_TYPE,rel_97a7c1d10a0a143f
event_91f93e682922bc8d,eventtype_feature,OF_TYPE,rel_97b6257c856350b3
event_b4e1033e37e76d6d,eventtype_subscription_start,OF_TYPE,rel_97b8b063ce441d8f
event_b061c4e1674e90ad,eventtype_subscription_start,OF_TYPE,rel_97c7a46110c2573b
event_4087b8657ede4d5b,eventtype_feature,OF_TYPE,rel_97cff40550fa13e2
event_6c013a8130db6761,eventtype_support_close,OF_TYPE,rel_97f0c6037c5b489f
event_50a0a7ca68ab25b6,eventtype_subscription_start,OF_TYPE,rel_9823178e99f8f79e
event_9c27e1b63da0d374,eventtype_support_open,OF_TYPE,rel_984c0cb1f5cd21d5
event_302191026be6a0f9,eventtype_subscription_start,OF_TYPE,rel_9851b6d4f7ee5e00
event_7e6f1ae9532922ea,eventtype_feature,OF_TYPE,rel_9855b0c8881a6af8
event_378105568b2369c3,eventtype_feature,OF_TYPE,rel_9877c549aa7da221
event_b679c56541377bdc,eventtype_subscription_end,OF_TYPE,rel_988da3f3ac94574f
event_f62588a0fd181dfd,eventtype_feature,OF_TYPE,rel_98d1e219b49836fd
event_a74768413ce5bc3f,eventtype_feature,OF_TYPE,rel_98dee4e06efe3049
event_3db21091da3882f7,eventtype_support_open,OF_TYPE,rel_98e3c9b8bd5b8a92
event_cbe4e619ff345c50,eventtype_churn,OF_TYPE,rel_993419127b6c04b3
event_c6c0d8ac4cd9853e,eventtype_feature,OF_TYPE,rel_99348f4a020fbd1b
event_d93a19ee90946274,eventtype_feature,OF_TYPE,rel_993cdb14cd353bd7
event_24f4608716ba7e1f,eventtype_feature,OF_TYPE,rel_99449de6f383cb8d
event_f46d303b945978f1,eventtype_subscription_start,OF_TYPE,rel_995124c9fc52b9f6
event_d6e21c021451f4c4,eventtype_reactivation,OF_TYPE,rel_998d278a95a8e9ea
event_743a830ab9349e22,eventtype_feature,OF_TYPE,rel_999139a6d3045f27
event_dcc14b518e7ac975,eventtype_feature,OF_TYPE,rel_99af7bbeeeff9b07
event_1f654925e30906bb,eventtype_feature,OF_TYPE,rel_99d0b08c7670cf6d
event_79c75a3ed94b09c7,eventtype_subscription_start,OF_TYPE,rel_99d55f4cd9a546aa
event_338b35ae0e1bdc22,eventtype_subscription_end,OF_TYPE,rel_99f6124f7959a066
event_04167b5b8f01cba4,eventtype_feature,OF_TYPE,rel_9a54a8f7295e7069
event_3df3bcfeb5d85052,eventtype_subscription_start,OF_TYPE,rel_9a808cd9c726bf2e
event_9ff20d0cd9abee78,eventtype_subscription_start,OF_TYPE,rel_9a809f01bc64eef5
event_b4e7d89e444d1fca,eventtype_subscription_start,OF_TYPE,rel_9a8588e1f38f6cd7
event_f44320437c7668e2,eventtype_subscription_start,OF_TYPE,rel_9aab7538e50c8f6c
event_21702031118eeef5,eventtype_feature,OF_TYPE,rel_9acb79112bd9e90a
event_e279baad6db88d37,eventtype_feature,OF_TYPE,rel_9ae7300e932da396
event_a1657c1d52e652b0,eventtype_subscription_start,OF_TYPE,rel_9af0b32c4f9c3c2c
event_ae5883e6a71d339d,eventtype_subscription_start,OF_TYPE,rel_9b010205192b9f15
event_4ac65f9f0b551bb4,eventtype_subscription_start,OF_TYPE,rel_9b1441e4f2ee2264
event_ec8870d1ad8a3d59,eventtype_feature,OF_TYPE,rel_9b2c4b6266d2923d
event_d1480f1af262085c,eventtype_feature,OF_TYPE,rel_9b38b1a992d18443
event_9401a35eec35c6b4,eventtype_support_open,OF_TYPE,rel_9b3d91bd7240e33e
event_a257621ba912ce72,eventtype_subscription_start,OF_TYPE,rel_9b3dcaf836e33365
event_189df01f4be19642,eventtype_support_close,OF_TYPE,rel_9b40ec1da9eb98db
event_5b38756258daff9e,eventtype_feature,OF_TYPE,rel_9b633553bb29b7d2
event_d242d9117fcac741,eventtype_feature,OF_TYPE,rel_9b84cb5730e55eed
event_734dfc04f728c0ff,eventtype_feature,OF_TYPE,rel_9b96a71aa1b51c26
event_ceccd46a5e616471,eventtype_subscription_start,OF_TYPE,rel_9bbcbe9023726d2a
event_986a4281bca9c2c4,eventtype_support_close,OF_TYPE,rel_9be0be1d291b3a68
event_1b611dd7b967cde2,eventtype_subscription_start,OF_TYPE,rel_9bfcd6462a110007
event_8357bd5506af9e0c,eventtype_subscription_start,OF_TYPE,rel_9c5963d84767bab9
event_dac71b43ab775e4d,eventtype_subscription_start,OF_TYPE,rel_9caa6160d1ca130c
event_410815a75a0fe97e,eventtype_subscription_start,OF_TYPE,rel_9cc819a00a864b5c
event_4eb06a36ca2c8a69,eventtype_subscription_start,OF_TYPE,rel_9ccc16e1797eafe7
event_6c02734b5c6adf7a,eventtype_subscription_start,OF_TYPE,rel_9cf4f21df774da37
event_a1d4a514c590af33,eventtype_account,OF_TYPE,rel_9d08fcf4c5e6de48
event_224a84f7f04c90cd,eventtype_subscription_start,OF_TYPE,rel_9d18ca84f1bac082
event_af157729ba831d92,eventtype_subscription_start,OF_TYPE,rel_9d61396dd38390b9
event_1f831de74a9943a8,eventtype_subscription_start,OF_TYPE,rel_9d6555656835c7ef
event_99c86ad210019faa,eventtype_subscription_end,OF_TYPE,rel_9d7ec3eb24132192
event_cdfdc212e51bf1f8,eventtype_feature,OF_TYPE,rel_9d87a471a8995e55
event_e59e00ec29143e77,eventtype_support_open,OF_TYPE,rel_9d9acad9b53f1887
event_ea20c982d03d41f7,eventtype_feature,OF_TYPE,rel_9da566817fb5f93f
event_b5365f76b755a838,eventtype_feature,OF_TYPE,rel_9dbbbdc838389702
event_b108dc3e0732e230,eventtype_subscription_start,OF_TYPE,rel_9dc52e35589e538b
event_d0bd1bf8925394c9,eventtype_feature,OF_TYPE,rel_9dd943a1f3a4581e
event_5247cbc832d42903,eventtype_subscription_start,OF_TYPE,rel_9de8708f5663e960
event_801ab0029e253a4c,eventtype_support_close,OF_TYPE,rel_9e040eb0662e50a1
event_ff15743ef1ce5238,eventtype_support_close,OF_TYPE,rel_9e1305d21af18bde
event_b06cb2d4aca7fb83,eventtype_account,OF_TYPE,rel_9e39c499a056a2c3
event_4dc9b568f754690a,eventtype_subscription_start,OF_TYPE,rel_9e493f9fc58aee90
event_1b86b46f0e943a50,eventtype_subscription_start,OF_TYPE,rel_9e4d2ff30305e2a3
event_94c689da3c504931,eventtype_feature,OF_TYPE,rel_9e61c92d1ae81276
event_4328aaa2a3e4ed99,eventtype_subscription_start,OF_TYPE,rel_9e62643ee64e3a8d
event_804a4a56dafa4816,eventtype_support_open,OF_TYPE,rel_9e837d1ab120541b
event_21500012e5c56ea4,eventtype_support_close,OF_TYPE,rel_9ea4279f13e6b5d0
event_4b5a1f03d43343a4,eventtype_support_close,OF_TYPE,rel_9eadcd31bc83ba8c
event_254ea0e3f9b2e0b0,eventtype_subscription_start,OF_TYPE,rel_9ed11d55f5fa674f
event_34665fa8ed2e5749,eventtype_subscription_start,OF_TYPE,rel_9ef7117255c2c345
event_78d6e7f2c6bb0593,eventtype_subscription_start,OF_TYPE,rel_9f00f730444d8076
event_477f330df6b11ac6,eventtype_subscription_start,OF_TYPE,rel_9f29532797f9125d
event_bfd45e0419703abd,eventtype_feature,OF_TYPE,rel_9f2dcec2254c3dbd
event_4e2c280fb0aaea73,eventtype_feature,OF_TYPE,rel_9f9ea3d8ed78a417
event_51134750c3e43a63,eventtype_subscription_start,OF_TYPE,rel_9fa3672d7406ab9c
event_6e64ba164ade024a,eventtype_subscription_start,OF_TYPE,rel_9fc8000e2b4de391
event_e62678c4debf6326,eventtype_subscription_start,OF_TYPE,rel_a0145997354e6138
event_241292b56b05a4ec,eventtype_feature,OF_TYPE,rel_a021be813cc8fe12
event_6c0bb89c461cffd5,eventtype_feature,OF_TYPE,rel_a024644a59019e25
event_c0be00db906f67ac,eventtype_support_close,OF_TYPE,rel_a029a9303fe7dccf
event_62709eb27cd7d53b,eventtype_subscription_start,OF_TYPE,rel_a02d19186d47aa5f
event_ae37e8a4de9d6882,eventtype_subscription_start,OF_TYPE,rel_a0431d1a03cd90c6
event_6d7a72dd91b192dd,eventtype_support_open,OF_TYPE,rel_a0690774ff623a5e
event_e833d2288a4213ef,eventtype_subscription_start,OF_TYPE,rel_a06918115e7038ff
event_2515e6b1261939cd,eventtype_feature,OF_TYPE,rel_a0ae354c5196be1d
event_c46b3b0728be1f31,eventtype_feature,OF_TYPE,rel_a107b703dbfc900b
event_a51e1b9a805bb6d9,eventtype_subscription_start,OF_TYPE,rel_a107ef9820a7078c
event_0a7030e17d5a27a6,eventtype_subscription_start,OF_TYPE,rel_a10cf926c43c5343
event_c502c82d3c367731,eventtype_support_open,OF_TYPE,rel_a11ca52ac51d653e
event_d9660a7fe333b1fe,eventtype_subscription_start,OF_TYPE,rel_a162983c33d0ec52
event_66904eb168629876,eventtype_feature,OF_TYPE,rel_a170635e5d8faefb
event_77d9de2944bab4ee,eventtype_subscription_start,OF_TYPE,rel_a178253c442a3370
event_c1eae27977507b6d,eventtype_feature,OF_TYPE,rel_a1b642501818775b
event_54549bbcc1f2ea65,eventtype_subscription_start,OF_TYPE,rel_a1bdf30d9d6c9721
event_6581b754608804ad,eventtype_subscription_start,OF_TYPE,rel_a1c0850dd606b5a8
event_ac92bfc4321dfdd7,eventtype_feature,OF_TYPE,rel_a1c3f344e2fd4109
event_8475df4eb7e73422,eventtype_feature,OF_TYPE,rel_a1cec25d16b24667
event_7ff52768b87affe4,eventtype_subscription_start,OF_TYPE,rel_a1d91462864d806d
event_46b553cfb1cb34c1,eventtype_subscription_start,OF_TYPE,rel_a204ccda3f4219ed
event_53e8c06112535f27,eventtype_feature,OF_TYPE,rel_a2273913b5eea75b
event_b9cb722fdee16d9d,eventtype_feature,OF_TYPE,rel_a23a14b10b91f293
event_4e188fdad6928ab2,eventtype_support_close,OF_TYPE,rel_a2574239071efaf9
event_3df9f0ef46aa8b36,eventtype_subscription_start,OF_TYPE,rel_a291237a74dc1eeb
event_a4685bc8da661e0b,eventtype_subscription_start,OF_TYPE,rel_a294a5bfffb834ca
event_3d6e6e993bb615ab,eventtype_subscription_start,OF_TYPE,rel_a2b6a833cea64021
event_53f9c73544423f56,eventtype_subscription_start,OF_TYPE,rel_a2c4627ed7117148
event_578055a44327ca11,eventtype_feature,OF_TYPE,rel_a2cff0606a75f0f6
event_24d72a1fc5f365df,eventtype_feature,OF_TYPE,rel_a2f0aef7fb3eb63d
event_01c58f4e47c90a31,eventtype_subscription_start,OF_TYPE,rel_a312acd5ed9aced8
event_c2802556bab6bf79,eventtype_subscription_start,OF_TYPE,rel_a326ed67598397a4
event_01102a09ed728a0a,eventtype_support_open,OF_TYPE,rel_a37b0157aae71e7f
event_515e51e515b7cc4a,eventtype_feature,OF_TYPE,rel_a3c26a07f67b2083
event_21da74dd216e0714,eventtype_subscription_start,OF_TYPE,rel_a3c87c9b9dfbe998
event_faec4ce2f701d680,eventtype_subscription_start,OF_TYPE,rel_a3d6d0fc22dc8cf1
event_b97235be18d19d53,eventtype_subscription_start,OF_TYPE,rel_a41d31b669bd93cc
event_09a2c265811908f4,eventtype_feature,OF_TYPE,rel_a436668a8f6eba83
event_c05531be16defa16,eventtype_feature,OF_TYPE,rel_a45192a1aba75274
event_72a94ad76302589f,eventtype_subscription_start,OF_TYPE,rel_a47128becb099fdd
event_e8468e60e8adb446,eventtype_subscription_start,OF_TYPE,rel_a49d78afffb696fa
event_e2dba9dfb2e5eaa9,eventtype_subscription_start,OF_TYPE,rel_a4ab8a88343674c6
event_1bfd730231195099,eventtype_subscription_start,OF_TYPE,rel_a4c236b407cdfe17
event_0b991376901d3b5c,eventtype_feature,OF_TYPE,rel_a4d5acaede24d433
event_69099aff7b564fc5,eventtype_subscription_start,OF_TYPE,rel_a5269230963e81f5
event_31be69f042f395a5,eventtype_subscription_end,OF_TYPE,rel_a54a67c3154570a5
event_f943f086d2830952,eventtype_feature,OF_TYPE,rel_a56acfef91f01837
event_ec16c1c51f62abc7,eventtype_account,OF_TYPE,rel_a5c35fd0151f7212
event_48eed85677ce8834,eventtype_subscription_start,OF_TYPE,rel_a5c736089826a40a
event_bc461dc825d00f97,eventtype_feature,OF_TYPE,rel_a5dd33538012f0a2
event_c6bf5b5662400c22,eventtype_account,OF_TYPE,rel_a5deb49515bbd530
event_b7eef667480a011c,eventtype_subscription_start,OF_TYPE,rel_a60596f8a71dea24
event_8765881bba8d4fb3,eventtype_subscription_start,OF_TYPE,rel_a61c0f0ce15d7f42
event_282ebda9778f9880,eventtype_feature,OF_TYPE,rel_a6aa66c5cd3ac6bf
event_7d6e430418fa3afb,eventtype_feature,OF_TYPE,rel_a6f48a32efa3e4e8
event_fc2e4664748f2005,eventtype_subscription_end,OF_TYPE,rel_a7017f2e73cb2687
event_6bd5c28c24d9156c,eventtype_feature,OF_TYPE,rel_a715552a42ff4c14
event_cb2c05a513ea3538,eventtype_subscription_start,OF_TYPE,rel_a715837323dec245
event_ba112d86b79a208a,eventtype_subscription_start,OF_TYPE,rel_a71fdcfae296ab23
event_9c51b5f9c1f3a06b,eventtype_feature,OF_TYPE,rel_a72c1729007df1d6
event_42f3bb51b13668a4,eventtype_feature,OF_TYPE,rel_a72d1a64d35c59f5
event_f92d2d3825a1f140,eventtype_feature,OF_TYPE,rel_a748a0e4ed287e86
event_2cb53318d6913c60,eventtype_subscription_start,OF_TYPE,rel_a74c34df7646b1b5
event_5a891dd58b83e439,eventtype_subscription_start,OF_TYPE,rel_a766f84becd48e3b
event_d0b8397595ce9628,eventtype_feature,OF_TYPE,rel_a7975f05626065eb
event_8ce6915f97142f35,eventtype_support_close,OF_TYPE,rel_a79b72fefa8bab7b
event_e05c4096ebf73558,eventtype_support_open,OF_TYPE,rel_a7a2f465362da246
event_74b61e2000a4bf8a,eventtype_subscription_start,OF_TYPE,rel_a8128e7b7bb81b8e
event_9a7a2e50702f1139,eventtype_subscription_start,OF_TYPE,rel_a84bdc7c82261d4f
event_48cac6e5cbf128eb,eventtype_feature,OF_TYPE,rel_a85395500dbb6e47
event_ae4c4a24b065b7ff,eventtype_support_close,OF_TYPE,rel_a85a281dfc4030bf
event_63d7b9baddc99596,eventtype_subscription_start,OF_TYPE,rel_a880bc7bddb63d48
event_634fc0096195138e,eventtype_feature,OF_TYPE,rel_a88d90a917e9bdd2
event_0f4f666a7fe0ab2f,eventtype_subscription_start,OF_TYPE,rel_a890ce1cd18c4d3b
event_fed5e16816512c02,eventtype_feature,OF_TYPE,rel_a8991bca1e21f460
event_f1085665eb812b07,eventtype_subscription_start,OF_TYPE,rel_a8c2fdaa749b9034
event_2370a57c979f27fe,eventtype_subscription_start,OF_TYPE,rel_a8cb322fa1a36a99
event_eba6823ba7a77076,eventtype_subscription_start,OF_TYPE,rel_a8fa88325dbb6f7e
event_692b205921ee0916,eventtype_subscription_start,OF_TYPE,rel_a9038dbc57da16af
event_5cc3029cf8a3cf86,eventtype_support_open,OF_TYPE,rel_a9ba54ddf84efaea
event_3d1bd8b9f7a294fc,eventtype_support_close,OF_TYPE,rel_a9bd2a0d2ea41c6a
event_e42013c2394509c6,eventtype_subscription_start,OF_TYPE,rel_a9ecbb3fbd503cd1
event_174eb13e6255fd13,eventtype_feature,OF_TYPE,rel_aa283f7ecba58b5f
event_162acd2d834d9203,eventtype_feature,OF_TYPE,rel_aa3a8dda74483e75
event_d36206f0a3111e34,eventtype_feature,OF_TYPE,rel_aa52aec34c697d74
event_b49f854d74c69647,eventtype_subscription_start,OF_TYPE,rel_aa8035ed9dc4adab
event_efac9b737980e84a,eventtype_churn,OF_TYPE,rel_aa88871c7f40adea
event_437e85b5cfe4e3cd,eventtype_subscription_start,OF_TYPE,rel_aa8da6619189d7da
event_d1b911338331ca86,eventtype_feature,OF_TYPE,rel_aaa01e131d371eb7
event_eb08df3f56c1ca7a,eventtype_support_close,OF_TYPE,rel_aaa75607d038d247
event_cb0af1104635fea4,eventtype_feature,OF_TYPE,rel_aab9eab0ec02573f
event_1fdba53ee8a44872,eventtype_subscription_start,OF_TYPE,rel_ab14f10c484e97ba
event_1b9d672eb83b1904,eventtype_subscription_start,OF_TYPE,rel_ab35b5cb53de0539
event_27b2ee8a068113dd,eventtype_feature,OF_TYPE,rel_ab46a680f21dd969
event_6c0973162d6ee03d,eventtype_subscription_start,OF_TYPE,rel_ab4b3de59db6695f
event_db922bb182104896,eventtype_support_close,OF_TYPE,rel_ab666663d67f3b10
event_f5d2d0c2e937b8c2,eventtype_subscription_start,OF_TYPE,rel_ab7487d395f45846
event_e6943fd6be64c841,eventtype_subscription_start,OF_TYPE,rel_ab80a671dbe62664
event_2dc78d2b87d0f075,eventtype_subscription_start,OF_TYPE,rel_ab869839c8084d2f
event_a96fd25e8cca649f,eventtype_subscription_start,OF_TYPE,rel_ab8fca909a653d03
event_dd699679ea4b087b,eventtype_subscription_start,OF_TYPE,rel_ab9306df8109505f
event_87536ff6386ccfa3,eventtype_subscription_start,OF_TYPE,rel_ab970a7d75a54881
event_10e4116f51259945,eventtype_subscription_start,OF_TYPE,rel_aba7a7ebed3fa183
event_469fdf4dba4d6bec,eventtype_feature,OF_TYPE,rel_abb06f628ad98c20
event_57a51d5ca1ba3a5c,eventtype_support_open,OF_TYPE,rel_abe16e1bbec85322
event_7319844878851a5c,eventtype_feature,OF_TYPE,rel_abe7b958241e388c
event_f173f24e91554a05,eventtype_subscription_start,OF_TYPE,rel_ac1708727e5ff8d1
event_eafff7258d4cea70,eventtype_feature,OF_TYPE,rel_ac5ab0fe521089b0
event_e33a877068c40a2a,eventtype_account,OF_TYPE,rel_ac88ceb7351ddc26
event_975468f5e8bc95d0,eventtype_feature,OF_TYPE,rel_acac134b5c0a15bd
event_f911e84823cd945c,eventtype_subscription_start,OF_TYPE,rel_acb8eed54f45fcd8
event_7b98446ba3f38833,eventtype_feature,OF_TYPE,rel_acea2e79a24cebd6
event_c4db7b85c9fe783b,eventtype_subscription_start,OF_TYPE,rel_aceaffec14c1f4c8
event_860436718d20158d,eventtype_support_open,OF_TYPE,rel_acfb75fbada7ff7c
event_f919155043c7c716,eventtype_support_open,OF_TYPE,rel_ad393306da33372c
event_c1b4ad51bbbffec8,eventtype_support_close,OF_TYPE,rel_ad3ea08e2d770b0a
event_935685d0dff51aca,eventtype_subscription_start,OF_TYPE,rel_ad3ee78e3a1874d2
event_a5d0d649fdf874a7,eventtype_feature,OF_TYPE,rel_ad4c74444ac00930
event_69922729272b11ec,eventtype_subscription_start,OF_TYPE,rel_ad4e1a1dd8f7b6db
event_70124f360ede8415,eventtype_subscription_start,OF_TYPE,rel_ad5222c0fea642fa
event_94df693e07eb5c41,eventtype_feature,OF_TYPE,rel_ad9c78d1a5b0c719
event_66e10699983da409,eventtype_feature,OF_TYPE,rel_adbe06335897f171
event_1860457a96a948c9,eventtype_subscription_start,OF_TYPE,rel_add3bf3843b3f36e
event_661201e85ffe20bb,eventtype_feature,OF_TYPE,rel_ade39fdee5b7afc7
event_dd445a34982a249c,eventtype_feature,OF_TYPE,rel_adfa7c7e7b225c51
event_bd42db5546c75286,eventtype_feature,OF_TYPE,rel_ae2bb5b01d28e39d
event_82fe9609908ed3f2,eventtype_feature,OF_TYPE,rel_ae3844de9d3fd479
event_6224f9c92c3a6003,eventtype_feature,OF_TYPE,rel_ae6d22349565b9bc
event_ec91bd51c34db751,eventtype_subscription_start,OF_TYPE,rel_ae7549bc2a7a9b14
event_b60ad1ff1cf079bd,eventtype_feature,OF_TYPE,rel_ae7dec9a085f1f7d
event_f463c8ede423c0c1,eventtype_subscription_start,OF_TYPE,rel_ae808c803ebc86e9
event_38dc05707ea6ef78,eventtype_churn,OF_TYPE,rel_ae97e5d8c4a6432e
event_33f10b3255680351,eventtype_feature,OF_TYPE,rel_ae9b19779a963ce4
event_f602f26bc0d623e5,eventtype_subscription_start,OF_TYPE,rel_aec36864a8c89298
event_3e2b6f038bd88932,eventtype_support_open,OF_TYPE,rel_aecc8f4f1456cc63
event_b681bc2e18000d26,eventtype_subscription_end,OF_TYPE,rel_aefe64becae36ee5
event_3d694c4785a458cc,eventtype_feature,OF_TYPE,rel_af070e66eb1bc993
event_5ea37fb7a50248b4,eventtype_feature,OF_TYPE,rel_af114b1787b50ac9
event_7448501aa42bf38b,eventtype_subscription_start,OF_TYPE,rel_af1255f011ba2521
event_62122f5612c4e2f5,eventtype_subscription_start,OF_TYPE,rel_af1bcaf5ba79be70
event_7453e201f18cd45e,eventtype_subscription_start,OF_TYPE,rel_af2792eef79af9fd
event_052ba2a20cf6e085,eventtype_feature,OF_TYPE,rel_af3f3098f306b5cf
event_4f823ba3ff124f73,eventtype_subscription_start,OF_TYPE,rel_af5a65ddb19932aa
event_6a76fb50b3adbe40,eventtype_feature,OF_TYPE,rel_afab3731ba3fd35d
event_5fccd71ebb815197,eventtype_subscription_start,OF_TYPE,rel_afae9e6b95cabe95
event_a585733437bb471e,eventtype_support_open,OF_TYPE,rel_afd327b5c4a92ebf
event_478e16aea41f18f6,eventtype_feature,OF_TYPE,rel_afd41af53a075905
event_e0302394b3cf2ab8,eventtype_subscription_start,OF_TYPE,rel_aff339b38f3e8889
event_430774a8b716cc77,eventtype_feature,OF_TYPE,rel_b00231600768cf3e
event_45f618409bb15851,eventtype_feature,OF_TYPE,rel_b04a6854742de714
event_22ff231652d9ce9f,eventtype_feature,OF_TYPE,rel_b065d47529de7e19
event_0d930f0fe039553d,eventtype_feature,OF_TYPE,rel_b0710eff114d9007
event_60839762f14d6810,eventtype_subscription_start,OF_TYPE,rel_b0c421697ad28aa1
event_6b8ace572e707aed,eventtype_feature,OF_TYPE,rel_b0d52a0036a34483
event_5fb25df729910553,eventtype_subscription_start,OF_TYPE,rel_b0e1d95f3c8b327a
event_02c9f5c807059bb2,eventtype_support_open,OF_TYPE,rel_b0e4095e39bb137e
event_4fdcc0dba28aca78,eventtype_support_close,OF_TYPE,rel_b0f48e50cdbe8f91
event_9897e0c20e2b9826,eventtype_feature,OF_TYPE,rel_b0f5f74775b76d70
event_695b86da9eb56cf5,eventtype_subscription_start,OF_TYPE,rel_b0f7db34da6e9012
event_3b73a7a6f4d5b157,eventtype_feature,OF_TYPE,rel_b129d863cb02e4c1
event_852e836b593aabb6,eventtype_subscription_start,OF_TYPE,rel_b138187dad58369c
event_a1129ebfead15b08,eventtype_churn,OF_TYPE,rel_b163bc68ed04684c
event_8dbd8ec32780e141,eventtype_feature,OF_TYPE,rel_b18d0e6cffdaf81d
event_af9ed4ffee11f208,eventtype_subscription_start,OF_TYPE,rel_b1904e3619f80ee1
event_290920d9bb637af0,eventtype_subscription_end,OF_TYPE,rel_b19d738a12df6a02
event_c3e5ed09688dc233,eventtype_feature,OF_TYPE,rel_b19d925889e4d9e1
event_bd0302daede94bec,eventtype_support_open,OF_TYPE,rel_b1bf1880b699d4cc
event_01a8d76fd7e78d0d,eventtype_account,OF_TYPE,rel_b1c85c9a6076b1a9
event_3ca802a7b4e16782,eventtype_feature,OF_TYPE,rel_b1df6f0a0c417c2d
event_8752bba7be3ed933,eventtype_feature,OF_TYPE,rel_b1df8b66359c35e2
event_b5daa8d4d1cabefc,eventtype_subscription_start,OF_TYPE,rel_b219bcd35b7ae9e6
event_6c0650d0902f9d53,eventtype_subscription_start,OF_TYPE,rel_b21c954a737f015d
event_fb7d189467dc9a73,eventtype_churn,OF_TYPE,rel_b24725a08bbfb2ca
event_5c3e18c73b7922ce,eventtype_reactivation,OF_TYPE,rel_b250377305fa4521
event_28c6d87d8ce3902a,eventtype_feature,OF_TYPE,rel_b26e1b05e1ccadcc
event_bc022398b00f6759,eventtype_subscription_start,OF_TYPE,rel_b2c6d6fc4a51710d
event_64f5378fa9d86f21,eventtype_subscription_end,OF_TYPE,rel_b30e4f9b5a61fb73
event_d0a9b5c8a664dc86,eventtype_subscription_end,OF_TYPE,rel_b322dc86410ab4c1
event_45b814bf0272d8aa,eventtype_feature,OF_TYPE,rel_b33db6a771d0cd63
event_355281f87bddba47,eventtype_feature,OF_TYPE,rel_b34152e6b9a28fe8
event_791fe9924f72a65a,eventtype_feature,OF_TYPE,rel_b364f97cddefe0a6
event_3e9a7e1846fc4a20,eventtype_subscription_start,OF_TYPE,rel_b37620dc4d0bb4f3
event_70c722a4ebcf66df,eventtype_subscription_end,OF_TYPE,rel_b37d52de58da9a97
event_2315c911c7917410,eventtype_subscription_start,OF_TYPE,rel_b37d8016230fac2f
event_d4f0474b1a03dcae,eventtype_feature,OF_TYPE,rel_b381daa9ce0260ae
event_f66102f57862891c,eventtype_subscription_start,OF_TYPE,rel_b3842a6aabd7dd94
event_d61255efcee356e8,eventtype_account,OF_TYPE,rel_b3910a836601348e
event_abbb5d7ff8f930dd,eventtype_subscription_start,OF_TYPE,rel_b391f212565a152c
event_80c1459843615219,eventtype_feature,OF_TYPE,rel_b39747527807f9b0
event_6eb8c4e7c9b01118,eventtype_account,OF_TYPE,rel_b3fad46637ccd6b0
event_4d5c0a72a68634f4,eventtype_feature,OF_TYPE,rel_b3fc2f04a9964986
event_90ce9fc3c58e822e,eventtype_subscription_start,OF_TYPE,rel_b3fea5d5d5eb0731
event_a02e0faa48c57066,eventtype_feature,OF_TYPE,rel_b41a4cd2b27a763b
event_ad05900fada1b77c,eventtype_feature,OF_TYPE,rel_b432cb2f62830152
event_524c037df33421ab,eventtype_subscription_start,OF_TYPE,rel_b433286a9b58f5c3
event_4cb0d2c3be3211ee,eventtype_subscription_start,OF_TYPE,rel_b443f2b066d16c56
event_f4eab2766c14852b,eventtype_subscription_start,OF_TYPE,rel_b445141c9041a4d9
event_1fca66ba2f7ee098,eventtype_feature,OF_TYPE,rel_b45400ef78296b95
event_8b75c7f67b4649ea,eventtype_feature,OF_TYPE,rel_b465ccdc2bcb4f10
event_dc8843b3d4d553a6,eventtype_subscription_start,OF_TYPE,rel_b488d756e12f38d2
event_6f92c740c61641a4,eventtype_feature,OF_TYPE,rel_b4bf0a19ad38f645
event_45f9df2f5b83aec1,eventtype_subscription_start,OF_TYPE,rel_b4c626acc0239965
event_8cf4596d90f7d1a2,eventtype_subscription_start,OF_TYPE,rel_b4c8316878028414
event_c050dd2225b4b884,eventtype_subscription_start,OF_TYPE,rel_b4cf125078786ed7
event_26168629a08ea5da,eventtype_subscription_start,OF_TYPE,rel_b51fbae664114f6f
event_645f2906f8e881a8,eventtype_subscription_start,OF_TYPE,rel_b54ed3b39320dddc
event_b559d5ce0a21f0dd,eventtype_churn,OF_TYPE,rel_b551b1ba296cee05
event_bd2dac267fd00aa8,eventtype_subscription_start,OF_TYPE,rel_b58035d96eb1a376
event_14851fbec1fb111a,eventtype_subscription_start,OF_TYPE,rel_b581f8c068a9739f
event_9257683edd6ed738,eventtype_feature,OF_TYPE,rel_b58647258c2a2d2a
event_08ca141a65de17c5,eventtype_feature,OF_TYPE,rel_b5947ddef14aa7c1
event_5adfc989b4b721d8,eventtype_subscription_start,OF_TYPE,rel_b5a606388156c183
event_6bc0650ca0887498,eventtype_subscription_start,OF_TYPE,rel_b5d18952a885591f
event_6cff5cb32e08f304,eventtype_subscription_start,OF_TYPE,rel_b5e94a1c7a63bef8
event_1bdf6de4c12a45c0,eventtype_subscription_start,OF_TYPE,rel_b5fb9b907d177a7c
event_503e1222a44e4f84,eventtype_feature,OF_TYPE,rel_b637d9ed8a4ff304
event_6f8abaf0b2c28ffe,eventtype_subscription_start,OF_TYPE,rel_b63c809bbbf971a8
event_f02105ae81a78923,eventtype_subscription_start,OF_TYPE,rel_b67608566da40e07
event_d7c766a7ddef7fc1,eventtype_support_open,OF_TYPE,rel_b697a4f448279eb9
event_014b652ed93ebab1,eventtype_subscription_start,OF_TYPE,rel_b6981baa4884dcf4
event_085dc27e1c643216,eventtype_subscription_end,OF_TYPE,rel_b6a2b30b90924873
event_11beae31aa2b9f21,eventtype_subscription_start,OF_TYPE,rel_b6a3a7819b9df2e0
event_5b7390f970b03bd4,eventtype_subscription_start,OF_TYPE,rel_b6cac5e1320a9dda
event_b10c9e3ee830c330,eventtype_feature,OF_TYPE,rel_b6dcb187b17ecc3a
event_e5c6ec2a767c32aa,eventtype_subscription_start,OF_TYPE,rel_b72718e729636948
event_3de9f5a5ad4c3c9d,eventtype_subscription_start,OF_TYPE,rel_b72c89687f544806
event_1360deb6649e81ef,eventtype_subscription_start,OF_TYPE,rel_b75bd791511ef38c
event_c9cb76749df7933f,eventtype_feature,OF_TYPE,rel_b75c7a296c13b870
event_22474bb0009568b7,eventtype_support_open,OF_TYPE,rel_b797b5856afaf9ae
event_ec71fac4c4c9437d,eventtype_subscription_start,OF_TYPE,rel_b7b1facf3b4db201
event_3467486216a2c1b4,eventtype_subscription_start,OF_TYPE,rel_b7d2d39b8017a032
event_69da0f5b4615cfd7,eventtype_subscription_start,OF_TYPE,rel_b7e1151400c6819f
event_fa0a94a67076845f,eventtype_subscription_start,OF_TYPE,rel_b7e24f4fef776913
event_ed2bb3e5a3a3443c,eventtype_feature,OF_TYPE,rel_b7f2f29ece8c22f0
event_57db232c774745ec,eventtype_feature,OF_TYPE,rel_b7fa3c726803916b
event_eebb8db42f3a1799,eventtype_subscription_start,OF_TYPE,rel_b80d27f107ffd853
event_8c8a0382ff220192,eventtype_subscription_start,OF_TYPE,rel_b81395b9868f1fc1
event_58a0bb7fe4477568,eventtype_support_open,OF_TYPE,rel_b819d4d712c30240
event_aeaf9f3e4530df77,eventtype_support_close,OF_TYPE,rel_b8ad23a50062cf89
event_d894b43fa1dcace4,eventtype_feature,OF_TYPE,rel_b8c84486b3f1c0a2
event_7842d1e979bc5544,eventtype_support_open,OF_TYPE,rel_b8e46336f8738f4a
event_9a0b3feece6d5447,eventtype_subscription_start,OF_TYPE,rel_b8f90af07a561c6c
event_954b7ea626c3bdb3,eventtype_subscription_start,OF_TYPE,rel_b90155fdde65dd64
event_20509708f68a6ef1,eventtype_subscription_start,OF_TYPE,rel_b906a09657d904cf
event_f4e27221eefab774,eventtype_feature,OF_TYPE,rel_b92b67220d3407ff
event_e2c31cddd5af42c0,eventtype_feature,OF_TYPE,rel_b93414a225f0cda7
event_695cd6790e5d6510,eventtype_feature,OF_TYPE,rel_b961ce10ffc0a697
event_1eeea1ba840a3ba1,eventtype_feature,OF_TYPE,rel_b9a681a924098179
event_d833a64f16cf85c1,eventtype_subscription_start,OF_TYPE,rel_b9d5712d2e22b117
event_eac6a0926032a991,eventtype_feature,OF_TYPE,rel_ba08adb35f142892
event_1684cdb838a8a09c,eventtype_subscription_start,OF_TYPE,rel_ba399019f917b548
event_3778c3c173ec640f,eventtype_feature,OF_TYPE,rel_ba3d4a7b5d3540e3
event_c6ac0809b9fda00f,eventtype_subscription_start,OF_TYPE,rel_ba7f794121de2685
event_95100c5939d91518,eventtype_feature,OF_TYPE,rel_ba94644aa38ce1fc
event_5d99a23e077e73c2,eventtype_subscription_start,OF_TYPE,rel_bac8d7dfeff19ca1
event_b4bb740d4b8ef339,eventtype_subscription_start,OF_TYPE,rel_bae7a582ab6b95c7
event_4ce3da3c8dee5e78,eventtype_feature,OF_TYPE,rel_bb0a15948da93e12
event_077876ae66189fb5,eventtype_feature,OF_TYPE,rel_bb24a238f16a2f4c
event_b5f8ce56f8b3d024,eventtype_subscription_start,OF_TYPE,rel_bb50a72302ff3955
event_55b9849b1e2f6200,eventtype_support_close,OF_TYPE,rel_bb5d22021cf4f2e0
event_6453c6b76960e4fc,eventtype_subscription_start,OF_TYPE,rel_bb5e17aee6ac3467
event_d52a4df1c50c03d1,eventtype_feature,OF_TYPE,rel_bb5f42eb1601ee0b
event_ad9438c2ebe5f2ed,eventtype_subscription_start,OF_TYPE,rel_bb87001d36137584
event_51e878b563823577,eventtype_feature,OF_TYPE,rel_bb994b1e42104ddf
event_31df35bc7d6d505f,eventtype_feature,OF_TYPE,rel_bbb414758301a806
event_c041a7a43b75703f,eventtype_support_close,OF_TYPE,rel_bbbe30dd9920b754
event_37aab4a35cbe271f,eventtype_subscription_start,OF_TYPE,rel_bbe12c12cd6b347f
event_6f881ad697325f95,eventtype_subscription_start,OF_TYPE,rel_bbfab81aee49679b
event_4eaf96b425bb71c6,eventtype_subscription_end,OF_TYPE,rel_bc1d43fdd17a25ec
event_e234c3b375414fdc,eventtype_subscription_start,OF_TYPE,rel_bc34bcfe429e4df8
event_02da9f81234afd20,eventtype_feature,OF_TYPE,rel_bc7444dd538a6a9a
event_e645d37565e1b011,eventtype_feature,OF_TYPE,rel_bc8796a7d2efbb10
event_9c825db61988cc4e,eventtype_subscription_start,OF_TYPE,rel_bc94fe9534caa7c6
event_da764a282413b2e8,eventtype_subscription_start,OF_TYPE,rel_bc9beec389c489f9
event_4daa1451e59a5e9b,eventtype_subscription_start,OF_TYPE,rel_bcb3322d263ed769
event_35e914b8e3e768a1,eventtype_subscription_start,OF_TYPE,rel_bcbada61b0cae36e
event_61ae35e5d36fc6ae,eventtype_support_open,OF_TYPE,rel_bccf3d548adfe546
event_055098a801d8bf9d,eventtype_subscription_start,OF_TYPE,rel_bd1d6d29c7a61dc2
event_b540f46333a94cca,eventtype_subscription_start,OF_TYPE,rel_bd7254e0380dcab6
event_4ffe8ee8fcf7360b,eventtype_churn,OF_TYPE,rel_bd7b0d4cb9a01c95
event_8203e5deb623ae83,eventtype_subscription_start,OF_TYPE,rel_bd88e02e1f1229ad
event_796c8cbe732e63df,eventtype_subscription_start,OF_TYPE,rel_bd94392d1441b4c5
event_096ede2f5a158c3b,eventtype_subscription_start,OF_TYPE,rel_bda04eff0c1aae71
event_fcb46e99224bd9f7,eventtype_subscription_start,OF_TYPE,rel_bda1dd34c0e923ee
event_34643d703c01d9a9,eventtype_churn,OF_TYPE,rel_bdad77c1a2073e0a
event_c6522f838a73d206,eventtype_feature,OF_TYPE,rel_bdc69614e5c361c2
event_6d4f57dd734251a3,eventtype_subscription_start,OF_TYPE,rel_bdc913b58397605a
event_dd1ac4fe7c9868a7,eventtype_subscription_start,OF_TYPE,rel_bdf152dfc828175b
event_24a0a9d8f175a86c,eventtype_subscription_end,OF_TYPE,rel_bdfae3a4bd0bc02a
event_38905eab1006dc9f,eventtype_subscription_start,OF_TYPE,rel_be10360dc7f7dc27
event_ae778f341a82baf5,eventtype_feature,OF_TYPE,rel_be39254b6c76aaeb
event_9b5ae40bb925ee86,eventtype_feature,OF_TYPE,rel_be5212186614c6de
event_ebca0c6fb2814acd,eventtype_subscription_start,OF_TYPE,rel_be63f69b9113154c
event_59dbf62881d1d799,eventtype_feature,OF_TYPE,rel_be67e19f99a5b84f
event_34475874854c8524,eventtype_feature,OF_TYPE,rel_be6991a1a8197f84
event_b2d9fa6208483b80,eventtype_subscription_start,OF_TYPE,rel_be6c4074e9da1a93
event_31b4d9a4c7a64477,eventtype_subscription_start,OF_TYPE,rel_be8650876134b5ea
event_b1c31b73e74335d3,eventtype_feature,OF_TYPE,rel_beb20924bcfdf523
event_cba966d10bb5b3b0,eventtype_feature,OF_TYPE,rel_beb9f21f521aff54
event_8ee846eef871f510,eventtype_subscription_end,OF_TYPE,rel_bf0b4eab4a044e2d
event_edd6250d4c4ae103,eventtype_support_open,OF_TYPE,rel_bf1661322978c653
event_73cdcfa642dbfa25,eventtype_subscription_start,OF_TYPE,rel_bf234b87df011616
event_0582bbd32f6c0f0d,eventtype_subscription_start,OF_TYPE,rel_bf626ae9d30ac0cc
event_b6843f68288ccd46,eventtype_subscription_start,OF_TYPE,rel_bf6a6017f6752e88
event_008ec71ce5fdae11,eventtype_subscription_start,OF_TYPE,rel_bf6b7f548af80c52
event_f72f5c7508b7557f,eventtype_feature,OF_TYPE,rel_bf8ec3c5ebffa80d
event_359cd0e0f6969a23,eventtype_feature,OF_TYPE,rel_bf90b130f8990c42
event_e7f9f5a6b36cfa4b,eventtype_feature,OF_TYPE,rel_bf953fb6f7fd818a
event_4b0929b47b4c0f35,eventtype_feature,OF_TYPE,rel_bfb576f3ecbebc68
event_5bf3bd4c6ba26048,eventtype_subscription_start,OF_TYPE,rel_bfca6f1c5f09440a
event_fa4fa89e84c6f197,eventtype_subscription_start,OF_TYPE,rel_bfd6a25ffa4c2605
event_54685db4f3ba9692,eventtype_account,OF_TYPE,rel_bffcd2b2f8ef29c2
event_575701289d4be654,eventtype_support_open,OF_TYPE,rel_c0054301ddfd40fa
event_4eb54fdca0061072,eventtype_subscription_start,OF_TYPE,rel_c00ea6f57700ea27
event_ede63ada5e0dfe19,eventtype_subscription_start,OF_TYPE,rel_c02054bb61311418
event_eacc784c7128fc3d,eventtype_feature,OF_TYPE,rel_c026315dd86ba82c
event_89b2cd21fe298af1,eventtype_feature,OF_TYPE,rel_c03fb62fa2f3e93f
event_eba1675a0f76d7db,eventtype_subscription_start,OF_TYPE,rel_c05c9a8223910849
event_dc2910056c38301a,eventtype_feature,OF_TYPE,rel_c0cc6a1322acb039
event_dd10aefbd389ad12,eventtype_subscription_start,OF_TYPE,rel_c0d0a48383ea2557
event_c238967b05a91775,eventtype_subscription_start,OF_TYPE,rel_c0d4696941bddc33
event_8de5f70a35308942,eventtype_subscription_start,OF_TYPE,rel_c0defff65a828391
event_67ed5192a4b9d1af,eventtype_subscription_start,OF_TYPE,rel_c1355c4b778a5145
event_cc8e1315761d57f6,eventtype_subscription_start,OF_TYPE,rel_c14ad495809a4756
event_e3e60838b4d75822,eventtype_subscription_start,OF_TYPE,rel_c152da828be237c3
event_d95d52a311e849d1,eventtype_feature,OF_TYPE,rel_c163d2a49b170505
event_f5c5114f5b728fad,eventtype_subscription_start,OF_TYPE,rel_c17d056c5f4d3d56
event_ae3f4781085801b2,eventtype_subscription_start,OF_TYPE,rel_c19bafc140cc9b1b
event_9ce8130a18b9f6d6,eventtype_subscription_start,OF_TYPE,rel_c1a031424fa9ac84
event_d03599bf2f241b71,eventtype_subscription_start,OF_TYPE,rel_c1ac2b2bdc45fe96
event_b53bc9fcc7b45457,eventtype_subscription_start,OF_TYPE,rel_c1db2559df3dfdcd
event_317a0e5fa12ad1a6,eventtype_subscription_start,OF_TYPE,rel_c1f7d3feb73ba54b
event_3d3b33c59d5c2a54,eventtype_feature,OF_TYPE,rel_c22a3f0c7eb1db89
event_367f46cf220aed69,eventtype_feature,OF_TYPE,rel_c250e7dde7e48507
event_d1c1d4bd0796f7f1,eventtype_feature,OF_TYPE,rel_c26e41a215e65056
event_4a1c7e318248be99,eventtype_subscription_start,OF_TYPE,rel_c2736dd22976e703
event_d78d8dba0901ddc9,eventtype_feature,OF_TYPE,rel_c293c058ce692c60
event_126a730710d9ecc8,eventtype_subscription_start,OF_TYPE,rel_c29790c9913c8fc3
event_8e26b24c1d853cd8,eventtype_subscription_start,OF_TYPE,rel_c29e0f1842b074e5
event_211c8ec554ed4034,eventtype_subscription_start,OF_TYPE,rel_c29ed93a2a9642f2
event_8e6e53f00c5b7ab9,eventtype_feature,OF_TYPE,rel_c2cf629819a3cf57
event_1edc89a6861c3c52,eventtype_subscription_start,OF_TYPE,rel_c309a0014ff8356d
event_c62314ed8bca2f41,eventtype_subscription_start,OF_TYPE,rel_c331f94dc80da7d6
event_5fb9262eae96cac9,eventtype_feature,OF_TYPE,rel_c3642d1b603f80a3
event_f4f8a5bc1611d3f4,eventtype_feature,OF_TYPE,rel_c36e9ceecf8fc862
event_d111a5a2a62fcab5,eventtype_subscription_start,OF_TYPE,rel_c38642969b25774f
event_82360f06bf614c82,eventtype_support_close,OF_TYPE,rel_c3a7788ad68ff687
event_145518b4514f626d,eventtype_subscription_start,OF_TYPE,rel_c3aee215373a7d1e
event_9e886df57b5ff860,eventtype_subscription_start,OF_TYPE,rel_c3af8bdd90241ceb
event_4ac74a6d80fcacc2,eventtype_support_close,OF_TYPE,rel_c3f30a7a468067dc
event_280747ca62a1f65f,eventtype_account,OF_TYPE,rel_c4058d1cd952415e
event_5a49ea99e03aad6e,eventtype_feature,OF_TYPE,rel_c40630b127891539
event_b5efa37d16ff5b17,eventtype_subscription_start,OF_TYPE,rel_c4158e5f1eed52f4
event_270caae58571b8b0,eventtype_subscription_start,OF_TYPE,rel_c41ebb5547facc1e
event_40b162ca80f1d097,eventtype_subscription_start,OF_TYPE,rel_c436744f0c48d34d
event_24c52d3bf5c4a419,eventtype_subscription_start,OF_TYPE,rel_c47012d50c2a77da
event_dc94ef2caed59263,eventtype_feature,OF_TYPE,rel_c48fa0da769032ec
event_9562ee8b56f76092,eventtype_subscription_start,OF_TYPE,rel_c49b517f3f26a676
event_e6b7e69abf23efc0,eventtype_support_open,OF_TYPE,rel_c4b3deb2b1ae28bb
event_1f7dd7665ee4c8f7,eventtype_feature,OF_TYPE,rel_c4cd7d45bd34902a
event_6e3567bd9b997e67,eventtype_subscription_start,OF_TYPE,rel_c4e40e4ec9be433f
event_34a54eb654c12c56,eventtype_subscription_start,OF_TYPE,rel_c4ef9a8fa7a099ba
event_fe6c5b671dabfeea,eventtype_churn,OF_TYPE,rel_c51454ac8a4869a6
event_41c20aa2b46b16e8,eventtype_subscription_start,OF_TYPE,rel_c522209ade56688c
event_b5c672b8c8bc5fe1,eventtype_subscription_start,OF_TYPE,rel_c54ce4052246ffab
event_b9ccf319dec56c06,eventtype_subscription_start,OF_TYPE,rel_c54d06c6b30e2a94
event_3e1588d4e89ca53f,eventtype_subscription_start,OF_TYPE,rel_c5842f41f26294d9
event_12414e70ee6244de,eventtype_subscription_start,OF_TYPE,rel_c590b06778941534
event_5a787e49e049f78e,eventtype_subscription_start,OF_TYPE,rel_c5ac6d6c9168366e
event_37385369efab162d,eventtype_feature,OF_TYPE,rel_c613a824b7e89c83
event_d5ab01fdc6a66b95,eventtype_feature,OF_TYPE,rel_c6354a4c28501c13
event_e2ed4f108793d85e,eventtype_feature,OF_TYPE,rel_c6985045f9962c2a
event_9bc35fa89a844e51,eventtype_subscription_start,OF_TYPE,rel_c6bb2e41eb77bc3c
event_afedbd06efd71f43,eventtype_subscription_start,OF_TYPE,rel_c6ce7867691a63b0
event_213ef035bd573f40,eventtype_subscription_start,OF_TYPE,rel_c6d33e5ec12bfa5f
event_d37ba91bdd883eff,eventtype_subscription_start,OF_TYPE,rel_c704bc7c98307081
event_6d13c64207cdc852,eventtype_account,OF_TYPE,rel_c71ab8cec23e3369
event_c299c595911f0596,eventtype_feature,OF_TYPE,rel_c71c21a8c080fb20
event_007035186cdb5ac3,eventtype_feature,OF_TYPE,rel_c7205b923b99275a
event_65ccd5b8286f5669,eventtype_subscription_end,OF_TYPE,rel_c7343b179fbd3a7e
event_8c064557047a051f,eventtype_feature,OF_TYPE,rel_c73fdd81ddfa550d
event_f185ab8cf1d4a2e4,eventtype_subscription_start,OF_TYPE,rel_c750b45a8883035f
event_579b385c2d2f5f15,eventtype_account,OF_TYPE,rel_c780ad908b31e069
event_dc6e1d8e9f839ae3,eventtype_feature,OF_TYPE,rel_c79e8108e2a53e5d
event_2c88d17aa1eb4724,eventtype_account,OF_TYPE,rel_c7ef23d4fa17ad29
event_b95f96c202b5ac04,eventtype_support_close,OF_TYPE,rel_c80dc2ccd07a9d77
event_6136f23b398fffba,eventtype_churn,OF_TYPE,rel_c836603eb334a08e
event_2880bc56f92d93a0,eventtype_churn,OF_TYPE,rel_c8511d4096ea054b
event_6190bff94ee449bc,eventtype_subscription_start,OF_TYPE,rel_c8557dc08a5695c4
event_58651d3cf2416d78,eventtype_feature,OF_TYPE,rel_c85d33a11e9498ee
event_5d40ca88393174c9,eventtype_support_open,OF_TYPE,rel_c86f51ca0b96f5b8
event_f9b6c684cd15b043,eventtype_subscription_start,OF_TYPE,rel_c876fba03c731ba6
event_3fea3c59f1a4841c,eventtype_feature,OF_TYPE,rel_c89f361b4cc4fe84
event_6e71dfd01f3c6b49,eventtype_support_open,OF_TYPE,rel_c8b5d36702383635
event_d67f38dce190cdf1,eventtype_subscription_start,OF_TYPE,rel_c8e557b294857501
event_5e73853ba31f80cc,eventtype_feature,OF_TYPE,rel_c8ede850c414b30b
event_de429ef487bbd9a6,eventtype_subscription_start,OF_TYPE,rel_c8ee7d6f9ffafa91
event_2fa0b7affa2cf0f6,eventtype_feature,OF_TYPE,rel_c92f6dacf1e6fd0e
event_6688620f53f2e951,eventtype_support_close,OF_TYPE,rel_c9692df120ea3dd9
event_24008da68f3d0876,eventtype_subscription_start,OF_TYPE,rel_c972cf60544ec153
event_4d6b311f2f403145,eventtype_subscription_start,OF_TYPE,rel_c97be7fb346e41d9
event_d971e8b66a242d8a,eventtype_subscription_start,OF_TYPE,rel_c99ffe1787385121
event_6903a1c2e6ea98ef,eventtype_feature,OF_TYPE,rel_c9b7e211e52da397
event_5379dd2b1fcc13ca,eventtype_subscription_start,OF_TYPE,rel_c9debe6bcaf919ee
event_6da8dcd992b4354e,eventtype_support_open,OF_TYPE,rel_c9f8eed50e09876d
event_e864976dd78f634f,eventtype_subscription_start,OF_TYPE,rel_ca039a98d5b1aa28
event_040c9a8e22c09179,eventtype_subscription_start,OF_TYPE,rel_ca3d88a3cc88c047
event_556f930efa79714b,eventtype_subscription_start,OF_TYPE,rel_ca6771aabbf28336
event_1d919255aea5abb1,eventtype_subscription_start,OF_TYPE,rel_ca67fe92ba1e8e22
event_14ef60900d4fb759,eventtype_support_close,OF_TYPE,rel_ca6a6af9c7ea103a
event_a9f9107b69399594,eventtype_subscription_start,OF_TYPE,rel_ca72275131adbadd
event_de8959a7d21296e4,eventtype_subscription_start,OF_TYPE,rel_ca76ffbd88e27123
event_e3fd51efba86e65d,eventtype_subscription_start,OF_TYPE,rel_caa1e21008524460
event_deeb2988082b2930,eventtype_subscription_start,OF_TYPE,rel_caa5ff4d21b02ad8
event_fb4cb90403b96382,eventtype_feature,OF_TYPE,rel_caca5973fa0ce643
event_7fafb6908879854e,eventtype_subscription_start,OF_TYPE,rel_cb012f55e00237fc
event_8ab217b9358fcf04,eventtype_subscription_start,OF_TYPE,rel_cb21cb3dc69c482a
event_15928f616a6a0aac,eventtype_support_close,OF_TYPE,rel_cb43631a8980adab
event_401b47e4e89ad0d4,eventtype_feature,OF_TYPE,rel_cb62fdf45df59fee
event_8b0d61d56eabb9bd,eventtype_feature,OF_TYPE,rel_cb70ac3f5c90b4ee
event_e02f9bfaec31abf2,eventtype_support_open,OF_TYPE,rel_cb719ba846a69075
event_e5c8b74cd72d1148,eventtype_subscription_start,OF_TYPE,rel_cba258f88e351659
event_ad7ee52b2d86f03d,eventtype_subscription_end,OF_TYPE,rel_cba65dec2e5810cb
event_3ed9ab285dc0c10c,eventtype_subscription_start,OF_TYPE,rel_cbed21440ab19420
event_86b66dd6e64535d8,eventtype_subscription_start,OF_TYPE,rel_cbf187852fe7a946
event_0ebed9aa5efaccea,eventtype_subscription_start,OF_TYPE,rel_cbf936a43f21e07f
event_109433c3036dcbe9,eventtype_support_open,OF_TYPE,rel_cc032247a4e6f1dc
event_97505ecb0690e2fd,eventtype_subscription_start,OF_TYPE,rel_cc054247a619f7c4
event_7cf8d83285b6b66a,eventtype_subscription_start,OF_TYPE,rel_cc1105fb078a6b64
event_66adc326ed4e0e23,eventtype_feature,OF_TYPE,rel_cc11e6b90894cb93
event_be648f1643d3d024,eventtype_churn,OF_TYPE,rel_cc4d3b3493c7dab4
event_2e91bee13d19dc7f,eventtype_subscription_start,OF_TYPE,rel_cc4d46d5c6539f7a
event_968fe9fc642fe618,eventtype_subscription_start,OF_TYPE,rel_cc5b78a7d022ddd4
event_a14e2b543684f619,eventtype_subscription_start,OF_TYPE,rel_cc5eabb94e539369
event_c9c1228cd154e429,eventtype_subscription_start,OF_TYPE,rel_cc60e609511a233e
event_ec0a24208179e06f,eventtype_subscription_start,OF_TYPE,rel_cc68312e6f7a515e
event_86c21e6db503241f,eventtype_support_close,OF_TYPE,rel_cc808d4c401d2338
event_0f1b3d1a9195c802,eventtype_subscription_end,OF_TYPE,rel_cc8ae01c28555643
event_58ae88c9abb965fc,eventtype_account,OF_TYPE,rel_cc8f4b8879c75d91
event_9cc88612ddaeca25,eventtype_feature,OF_TYPE,rel_cc97943b8b6ad2a8
event_d978ddf7003a330e,eventtype_feature,OF_TYPE,rel_ccb1146075c7259c
event_74b87982588a04d3,eventtype_support_close,OF_TYPE,rel_ccc2e9c0cb3f38cb
event_72d0245bc7034269,eventtype_feature,OF_TYPE,rel_ccd722bbbe75dee4
event_8eee5d30a56cde53,eventtype_support_close,OF_TYPE,rel_cd0b472a7ac1b9dd
event_369cc55d35491ae0,eventtype_feature,OF_TYPE,rel_cd1b71a287f0c36c
event_7f0f1c45a556b02d,eventtype_subscription_start,OF_TYPE,rel_cd232d165726510c
event_3e1283e1c52351dc,eventtype_feature,OF_TYPE,rel_cd23cc5077097647
event_e7c455fdc7d83d5e,eventtype_subscription_start,OF_TYPE,rel_cd6098ffffb3510f
event_79b0c8347dba78ae,eventtype_subscription_start,OF_TYPE,rel_cd71513b38829f52
event_a64f4d7149067085,eventtype_feature,OF_TYPE,rel_cd7313aa60f8b015
event_7671ea4e77d99758,eventtype_feature,OF_TYPE,rel_cdb4421817ab33f3
event_3d9bbc4a89f1bc82,eventtype_churn,OF_TYPE,rel_cdf8a43ca6a51d7a
event_5ae43b9c30cd6b4a,eventtype_feature,OF_TYPE,rel_ce2da454f21143f6
event_4cab022231c57b70,eventtype_feature,OF_TYPE,rel_ce4f832e30fead5e
event_47ac330d9a2ba092,eventtype_support_close,OF_TYPE,rel_ce5ba49ac3166061
event_e07d8ebed90fe25b,eventtype_subscription_start,OF_TYPE,rel_ce7046ec6ac43eac
event_de19ae2aaaa891d8,eventtype_feature,OF_TYPE,rel_ce78898e6518b412
event_1903a9bbc29bc53f,eventtype_subscription_start,OF_TYPE,rel_ce861f90d36bfaf7
event_617918bfe672fa0d,eventtype_subscription_start,OF_TYPE,rel_ce8dad94876e4217
event_faa281a9cedd2294,eventtype_subscription_start,OF_TYPE,rel_cec09b1a31a5a5d6
event_bad8c367787827d6,eventtype_subscription_end,OF_TYPE,rel_ced71ca793b23e99
event_c06db708538ee0ae,eventtype_support_close,OF_TYPE,rel_cee7035d40514b33
event_ddaa440404b275f9,eventtype_subscription_start,OF_TYPE,rel_cee99d83e32b031a
event_3d1450ce0508b867,eventtype_feature,OF_TYPE,rel_ceea83ca32b3eb44
event_20660517f9c6a7c8,eventtype_churn,OF_TYPE,rel_ceecfb8be0b731a6
event_d6fec0911a1cc67d,eventtype_account,OF_TYPE,rel_cf0fe75369ec86f9
event_292f3c689a3852bc,eventtype_support_open,OF_TYPE,rel_cf1adebc23d39e38
event_e158f7c31a0cd308,eventtype_subscription_start,OF_TYPE,rel_cf38e9aaa80896d8
event_04344cb88d596e20,eventtype_feature,OF_TYPE,rel_cf4da12fd4cf68ab
event_38c610644a2d748e,eventtype_feature,OF_TYPE,rel_cf6ff532a12f8ec1
event_2fd62a3ef8903479,eventtype_churn,OF_TYPE,rel_cf75732c6bf40c0d
event_e69cb3612622fcf3,eventtype_churn,OF_TYPE,rel_cf75f9e9ff6a18b7
event_d8c89877cb53360c,eventtype_subscription_end,OF_TYPE,rel_cf7754eb0f607cc8
event_c9123140e3356263,eventtype_account,OF_TYPE,rel_cf9cf875a3ed36ad
event_e9f65253384d7c10,eventtype_subscription_start,OF_TYPE,rel_cfb6528b540fe27a
event_01f6d2efc6045e3a,eventtype_subscription_start,OF_TYPE,rel_cfc38ea5ac7477f0
event_c20f89c6253e1ff5,eventtype_support_close,OF_TYPE,rel_cfe47a50d46e81a1
event_29d7007fb0f999d4,eventtype_subscription_start,OF_TYPE,rel_cfe9078284ddcac7
event_f2a156943dbe8059,eventtype_support_open,OF_TYPE,rel_d05814186480b943
event_758160b8d5682a39,eventtype_feature,OF_TYPE,rel_d0592dda9b4063c7
event_4c9a2c1ba817ec5a,eventtype_account,OF_TYPE,rel_d09e25fb5328658e
event_077b15db55ca5d45,eventtype_churn,OF_TYPE,rel_d0aeec3362651e94
event_3610b7449053fada,eventtype_feature,OF_TYPE,rel_d0c2867bc415ad21
event_dec9c9d8670fb4f9,eventtype_account,OF_TYPE,rel_d0df617e18769cc7
event_14b996889cb3b7e0,eventtype_subscription_start,OF_TYPE,rel_d0fd7ef064e2cb9a
event_e15e0b885b6aa9e1,eventtype_subscription_start,OF_TYPE,rel_d12227533ce4c656
event_6f35d592dd736f3e,eventtype_subscription_start,OF_TYPE,rel_d12cad59fd800448
event_6cb092670e0b9626,eventtype_subscription_start,OF_TYPE,rel_d1314c6e8fb2cd83
event_0438fd2f490b8086,eventtype_subscription_start,OF_TYPE,rel_d15bd41f1a42a25d
event_19ffdf748e871566,eventtype_feature,OF_TYPE,rel_d170e93f1d488442
event_536ebe0a91484a43,eventtype_support_close,OF_TYPE,rel_d17a028881f46397
event_c765c9db8f36dded,eventtype_support_open,OF_TYPE,rel_d17d810735804a83
event_a9ce6f75f055adf4,eventtype_subscription_start,OF_TYPE,rel_d193ee0dabe33dda
event_a2e518b3c389cc82,eventtype_feature,OF_TYPE,rel_d19dc2ab0f30422c
event_705895a73d1e2cf3,eventtype_subscription_start,OF_TYPE,rel_d19e97c2b1d5b118
event_568d45f637be0e74,eventtype_churn,OF_TYPE,rel_d1a39490b00395ab
event_398d5822a83ac91a,eventtype_subscription_start,OF_TYPE,rel_d1b7162b18fe2d66
event_12e2b0ae7431203c,eventtype_subscription_start,OF_TYPE,rel_d1d29e0b63a415d1
event_2dc3bc2a8a92f7b5,eventtype_feature,OF_TYPE,rel_d224e8e032bd0089
event_b056310723dea187,eventtype_feature,OF_TYPE,rel_d224ec0d3242d7a9
event_da278c2b232413f3,eventtype_subscription_start,OF_TYPE,rel_d24116fb90dfb7c5
event_f3d945f7369ed986,eventtype_subscription_start,OF_TYPE,rel_d25eb4de01c52520
event_14dfa38e924d271d,eventtype_subscription_start,OF_TYPE,rel_d270fb999588d65f
event_f0ee79125ba2edb0,eventtype_feature,OF_TYPE,rel_d28529469466f4ff
event_6e9057e865e67ef9,eventtype_subscription_start,OF_TYPE,rel_d285e5c5942ec9f2
event_7794988cfc4d0473,eventtype_feature,OF_TYPE,rel_d28744dfd98bae74
event_a259be318913378c,eventtype_support_open,OF_TYPE,rel_d29a1034a9d4b97f
event_c7e629a6f5653e83,eventtype_subscription_start,OF_TYPE,rel_d2a1a1943f58a06a
event_c5f4a90a6605e616,eventtype_feature,OF_TYPE,rel_d2b0e6dae1842ae8
event_d480b8ce68d345c7,eventtype_subscription_start,OF_TYPE,rel_d2b802bf50e4eb19
event_b19d662df43aaf69,eventtype_support_close,OF_TYPE,rel_d2dc6b06967a6968
event_302331e2235e1e74,eventtype_subscription_start,OF_TYPE,rel_d2dfce6823adadc8
event_539e3195903875bc,eventtype_feature,OF_TYPE,rel_d2f08c59a1c071de
event_61e3358ddc916b7d,eventtype_feature,OF_TYPE,rel_d2f7e28d2327347b
event_9086f856487fc6c0,eventtype_reactivation,OF_TYPE,rel_d30080417cb19df6
event_25457c35fe8326a8,eventtype_support_close,OF_TYPE,rel_d34f46eeb5b4619b
event_53970905d25b6174,eventtype_subscription_start,OF_TYPE,rel_d35119efd48bb8e4
event_7303f10f747d5bc7,eventtype_subscription_start,OF_TYPE,rel_d3747387982393e0
event_1722f3731ad7d592,eventtype_feature,OF_TYPE,rel_d38d19956e0a49c2
event_a1ac81a48a914846,eventtype_subscription_start,OF_TYPE,rel_d3977e6b4c1103fb
event_e005e4c880c5f14a,eventtype_feature,OF_TYPE,rel_d3cfc0a5b63206fd
event_a72830b9f60095c9,eventtype_feature,OF_TYPE,rel_d3ed32c0f3445d5c
event_c79f5bbb2e371b06,eventtype_support_open,OF_TYPE,rel_d42dfff8be310568
event_38d517e559bc5a6d,eventtype_subscription_start,OF_TYPE,rel_d4335f6a47984fc8
event_366c839e35de2373,eventtype_subscription_start,OF_TYPE,rel_d45130a7f2fa711f
event_9ec6df54f1d1a4c7,eventtype_support_close,OF_TYPE,rel_d4539ba8c2f9c8f5
event_27b8a2e90cd23d9c,eventtype_feature,OF_TYPE,rel_d4570c789fdc9ca2
event_a959bed92476162c,eventtype_subscription_start,OF_TYPE,rel_d45c0feddb02ce09
event_46c6f24f7a2317f1,eventtype_feature,OF_TYPE,rel_d47627143c39430e
event_e986e7d7821799c0,eventtype_subscription_start,OF_TYPE,rel_d4a3ed4414d67eab
event_a89ccb95c35bb065,eventtype_feature,OF_TYPE,rel_d4cf560adcb209ea
event_bc0d96bd3d0c92ce,eventtype_subscription_start,OF_TYPE,rel_d4d236fbd498aafa
event_76c665f319f4ea96,eventtype_subscription_start,OF_TYPE,rel_d4d82e08166a2d69
event_a837af6f2623a463,eventtype_subscription_start,OF_TYPE,rel_d5007d9ca15f3e2f
event_1b34b64e78a4a594,eventtype_feature,OF_TYPE,rel_d5090c08d8335449
event_e6906aa61c464690,eventtype_subscription_end,OF_TYPE,rel_d51186290d298b77
event_60456af08c58f8fa,eventtype_feature,OF_TYPE,rel_d518decdc00cea44
event_1ef6742671badddb,eventtype_feature,OF_TYPE,rel_d534585847356405
event_c29d7bc8bf242f0f,eventtype_account,OF_TYPE,rel_d53def9a2e33e4f1
event_09a958d9630246c4,eventtype_feature,OF_TYPE,rel_d548f584f95f7eef
event_233798c915517d0c,eventtype_feature,OF_TYPE,rel_d5575b6196833f34
event_06756e5e92025459,eventtype_account,OF_TYPE,rel_d55f1fa01e47d4e9
event_9070dcb6af310a03,eventtype_feature,OF_TYPE,rel_d56182626bf4a773
event_a9f60abf59fbc305,eventtype_feature,OF_TYPE,rel_d5b514d992b7b931
event_491d25ca2fed6514,eventtype_subscription_start,OF_TYPE,rel_d5c0dbb279ee18b7
event_1fae40f650b561a1,eventtype_feature,OF_TYPE,rel_d5ca811c2e2d9f5d
event_e0e943ae5042d1bc,eventtype_subscription_start,OF_TYPE,rel_d5ebd5c8248307fc
event_73ce883ed6a72d15,eventtype_subscription_start,OF_TYPE,rel_d5f3182c9f2ac447
event_b98f65ee0fe236f2,eventtype_subscription_start,OF_TYPE,rel_d6111479042daf00
event_cc47b68a2d001eb0,eventtype_subscription_start,OF_TYPE,rel_d613d66a97733f93
event_8643606a9e2bfabe,eventtype_feature,OF_TYPE,rel_d61494bee9e9df59
event_6d77fbf803230999,eventtype_feature,OF_TYPE,rel_d6599c95641681a6
event_a08e5d929aed4ab2,eventtype_subscription_start,OF_TYPE,rel_d66040a3175842a6
event_909a4ecb543e9299,eventtype_subscription_start,OF_TYPE,rel_d67761f7be99cf18
event_3dfdeb14777ff0a3,eventtype_feature,OF_TYPE,rel_d67afbfe5708a3a1
event_06a8a5c51c59e882,eventtype_support_open,OF_TYPE,rel_d69d2061959a84a2
event_93b5ba0c28408755,eventtype_support_open,OF_TYPE,rel_d6a6b08c1d2c1491
event_1eb03126818d10c6,eventtype_support_open,OF_TYPE,rel_d6bad027836adc08
event_7ab833a6da09a513,eventtype_feature,OF_TYPE,rel_d6ce49db572d8ac9
event_a3c318371bd5b453,eventtype_feature,OF_TYPE,rel_d6f6dab20fff0418
event_076271462b3b2ef3,eventtype_feature,OF_TYPE,rel_d717373c95e1ea7e
event_561f31efc7e24bde,eventtype_subscription_start,OF_TYPE,rel_d7236206157334b6
event_cf4c6687d5dea673,eventtype_subscription_start,OF_TYPE,rel_d738a1a02b3054cd
event_6eba2812d111f957,eventtype_churn,OF_TYPE,rel_d73dcc28bdb82cf3
event_3a7ee956944abb36,eventtype_support_close,OF_TYPE,rel_d73eb8f41b77f551
event_6d5bfe19ae155146,eventtype_subscription_start,OF_TYPE,rel_d76d0c215f3c308a
event_c9a24e501ab7c614,eventtype_subscription_start,OF_TYPE,rel_d76f5be7b9b9fa86
event_4972759b28101157,eventtype_support_close,OF_TYPE,rel_d776568893dc03ea
event_f0b35b8de8003745,eventtype_support_open,OF_TYPE,rel_d7800000a99f6b62
event_4b99392abfdceefc,eventtype_subscription_start,OF_TYPE,rel_d78e86fee2c98246
event_4f785495df9f6bba,eventtype_churn,OF_TYPE,rel_d7a5c8ec7c3f4167
event_4944592ddfdf676c,eventtype_subscription_start,OF_TYPE,rel_d7c4acf08a470abf
event_c047687d65f625d0,eventtype_subscription_start,OF_TYPE,rel_d7c90865cb35d618
event_1f68bdf51722d2a1,eventtype_subscription_end,OF_TYPE,rel_d7d130e8979a0f56
event_9be921d8cdc45dc0,eventtype_subscription_start,OF_TYPE,rel_d8382b2b63a3b500
event_971243af3a192234,eventtype_subscription_start,OF_TYPE,rel_d844244fbc32e474
event_d34c498bcc7dc4ac,eventtype_support_close,OF_TYPE,rel_d857592cddb1365c
event_d651e6b926d289d3,eventtype_support_open,OF_TYPE,rel_d85b3c733421649b
event_88908c33df8cd437,eventtype_subscription_start,OF_TYPE,rel_d86b3594dab37597
event_01b991d49833a98a,eventtype_feature,OF_TYPE,rel_d87b4c871c5bede4
event_182ea6255976e091,eventtype_subscription_start,OF_TYPE,rel_d89d73eafb9b8c3a
event_162c4975ab4e6af2,eventtype_feature,OF_TYPE,rel_d8d407dd788ced79
event_b6bde78249bb722f,eventtype_subscription_start,OF_TYPE,rel_d8d8d83142e7dec4
event_c4ace881d1847c67,eventtype_account,OF_TYPE,rel_d8f616f4552cd148
event_2fb8d420f3020c84,eventtype_subscription_start,OF_TYPE,rel_d8f99ce8241fa75d
event_321ce973db56394b,eventtype_support_close,OF_TYPE,rel_d91605e215621031
event_87414fd137d054ae,eventtype_feature,OF_TYPE,rel_d922a949636bb891
event_a1cdb679efed033b,eventtype_subscription_start,OF_TYPE,rel_d98756af94395d21
event_93cd224a00d79f3d,eventtype_feature,OF_TYPE,rel_d98b1ebf120d759e
event_5f2593af027138da,eventtype_subscription_start,OF_TYPE,rel_d9b62ecff4b0fdea
event_1bbc5010db1db11a,eventtype_feature,OF_TYPE,rel_da00e52e313e1acd
event_170396d47f0752c9,eventtype_feature,OF_TYPE,rel_da1d8ca0bb7facf4
event_3382ca6c5099b906,eventtype_subscription_start,OF_TYPE,rel_da1fb01c938e5968
event_0b5c39ea5efa2414,eventtype_subscription_start,OF_TYPE,rel_da3d4e0f9fb9ec7c
event_626f68fa594169fd,eventtype_subscription_start,OF_TYPE,rel_da5e3e01a06d1a30
event_887f450b15a2fae3,eventtype_subscription_start,OF_TYPE,rel_daabae98fbb9b366
event_d2548fe51cf5e335,eventtype_feature,OF_TYPE,rel_daacd1349205d30b
event_f42ab2f8ae0000a2,eventtype_feature,OF_TYPE,rel_daba7fa788b964e9
event_3206c68b53838ff8,eventtype_subscription_start,OF_TYPE,rel_dae2783e6532f11d
event_a7613a9a5f3b403a,eventtype_subscription_start,OF_TYPE,rel_db600fb4a7c66003
event_483c8c0eedc734f6,eventtype_subscription_start,OF_TYPE,rel_db6c41dcd4471fec
event_2ea668e71e8fff89,eventtype_subscription_start,OF_TYPE,rel_db732479f8f1f281
event_4720a1008fdef478,eventtype_feature,OF_TYPE,rel_db85d4af770be817
event_c6cc5762b82ca69e,eventtype_subscription_start,OF_TYPE,rel_dba5d19f8b5b4304
event_463b2dff19c9288b,eventtype_subscription_end,OF_TYPE,rel_dbbeb69305d66d79
event_66bf04ba95a2b192,eventtype_subscription_start,OF_TYPE,rel_dbca442af2c081b7
event_dbf647e93493b838,eventtype_subscription_start,OF_TYPE,rel_dbdb72f6c7d7ad6a
event_3435c0459de6fade,eventtype_feature,OF_TYPE,rel_dbed96c3aabf1197
event_2e70754e556977fc,eventtype_feature,OF_TYPE,rel_dbf0c6ac5e9ac0a7
event_a2d5931142b8373b,eventtype_feature,OF_TYPE,rel_dc7c90d870f90dff
event_b96f8f1b4b2c7eef,eventtype_feature,OF_TYPE,rel_dcb7e68f27ef7338
event_ea6c298dad361a18,eventtype_churn,OF_TYPE,rel_dcd167b8ba71acc2
event_b2e5eef08db40ae2,eventtype_support_open,OF_TYPE,rel_dcf4ae2225f77c4b
event_b273f26f9b1954b2,eventtype_support_open,OF_TYPE,rel_dd0184eef4317e72
event_aa82c57d7708c042,eventtype_subscription_start,OF_TYPE,rel_dd3b2b12039a5550
event_4b2311591a69f50f,eventtype_subscription_start,OF_TYPE,rel_dd6a2814171b7555
event_30c5b468745f694b,eventtype_feature,OF_TYPE,rel_dda5cfc9eb195392
event_6c75fcb58b712bb0,eventtype_subscription_start,OF_TYPE,rel_ddc630fe032dd17f
event_2c71c4e7eb7c35bf,eventtype_subscription_start,OF_TYPE,rel_ddd741e9475a8640
event_b11e9ba27bad4628,eventtype_churn,OF_TYPE,rel_ddf2966fe5327c34
event_bdc7fe60e200c89a,eventtype_account,OF_TYPE,rel_de06e9e298a86cbe
event_7d10c4795496c5df,eventtype_subscription_start,OF_TYPE,rel_de08ea5621970eb9
event_b4a2f2ac7941f3f6,eventtype_subscription_start,OF_TYPE,rel_de199731eecc02cd
event_147f41e0116b9b7b,eventtype_subscription_start,OF_TYPE,rel_de1c87e6786b9d0d
event_90cc5f22120e5297,eventtype_subscription_start,OF_TYPE,rel_de2f41cd3ca95c8e
event_a399d671d06e5fbe,eventtype_churn,OF_TYPE,rel_de4a0fa46467535a
event_492c55af2005451d,eventtype_subscription_start,OF_TYPE,rel_de5fd76343c7830d
event_2430372b68878132,eventtype_support_close,OF_TYPE,rel_de79b151315ceaf8
event_110681a641bfbfeb,eventtype_feature,OF_TYPE,rel_de876b4931201229
event_d34f673675c8bd5d,eventtype_support_close,OF_TYPE,rel_de9e98baa287a4bf
event_da3453875d305b03,eventtype_subscription_start,OF_TYPE,rel_deb654484570b0f7
event_dc2ceeb4c0827c17,eventtype_subscription_start,OF_TYPE,rel_dedc8977d59d61d9
event_147db601d435ef30,eventtype_subscription_start,OF_TYPE,rel_dee40decd4528241
event_f38e9409aa7b570e,eventtype_support_close,OF_TYPE,rel_def00a5efd07629e
event_235ad876bbe3f72c,eventtype_account,OF_TYPE,rel_df00481def4a9d82
event_5f3e6034bd369fa7,eventtype_subscription_start,OF_TYPE,rel_df09df0e3e0fa2da
event_547c6f0e30cecb89,eventtype_subscription_start,OF_TYPE,rel_df0a173e0a6fcaec
event_7e4b19faf7365321,eventtype_churn,OF_TYPE,rel_df122a923472118f
event_b0c09b5d78f50518,eventtype_subscription_start,OF_TYPE,rel_df17cfd4b58370b9
event_de59401ed7cf4dc1,eventtype_support_close,OF_TYPE,rel_df238134b30c5fd1
event_2314cef3c0841474,eventtype_subscription_start,OF_TYPE,rel_df2f0c60c672ea00
event_c976dc11922edc85,eventtype_support_open,OF_TYPE,rel_df465f672bfd4749
event_36b2ba222853fca3,eventtype_feature,OF_TYPE,rel_df4acd10f0cdb7fb
event_c39a1adb24c9b326,eventtype_subscription_start,OF_TYPE,rel_df4d3349e31bce84
event_a908fde802aac77b,eventtype_feature,OF_TYPE,rel_df574c45e46e5c44
event_0028aba7e6d4db81,eventtype_feature,OF_TYPE,rel_df6378ce397bd9cc
event_a4bd3aed0528d8fd,eventtype_subscription_start,OF_TYPE,rel_df6e264373188187
event_dbf3ce8eb537be79,eventtype_feature,OF_TYPE,rel_df8e758039d18b8c
event_e57e2a72a4d9d4c2,eventtype_feature,OF_TYPE,rel_dfa7de4ca54eae33
event_f4cefaec2f2594bc,eventtype_feature,OF_TYPE,rel_dfac8305b0c50564
event_d114a160fa201877,eventtype_subscription_start,OF_TYPE,rel_dfc3a0280f0ba597
event_24f969355bcb0632,eventtype_feature,OF_TYPE,rel_dfd9fb9fcd0f5f91
event_ecc2410a444f5eeb,eventtype_subscription_start,OF_TYPE,rel_dfe4ca0299d40931
event_6dc453af8d9a4fa6,eventtype_subscription_start,OF_TYPE,rel_dfe81682867431b4
event_3a4c13e43ac8868c,eventtype_support_close,OF_TYPE,rel_dffb58170cbf3ecd
event_95bf6308adcc8de4,eventtype_feature,OF_TYPE,rel_e02441f24374b6cc
event_b07a05c561da3f1e,eventtype_subscription_start,OF_TYPE,rel_e07fec65c139f08d
event_63fb8fe86ee6f331,eventtype_subscription_start,OF_TYPE,rel_e084254329423b4e
event_e1fe9a8c6a41e7bc,eventtype_subscription_start,OF_TYPE,rel_e0930a8658fc4a2e
event_8c981b4767e685f5,eventtype_subscription_start,OF_TYPE,rel_e10192d8e2287e2d
event_37d4d0595ad76371,eventtype_feature,OF_TYPE,rel_e16107409b50f3c2
event_26f83cd9760741a1,eventtype_feature,OF_TYPE,rel_e1c521c97e750f7b
event_f5313ba19db4c815,eventtype_support_open,OF_TYPE,rel_e1cdd88b9346722a
event_87669d9d8724621f,eventtype_churn,OF_TYPE,rel_e208f157d7e3cd2f
event_27d60386e9b5d98f,eventtype_feature,OF_TYPE,rel_e22b328c90388dd7
event_a7c4094fb9f89b58,eventtype_support_open,OF_TYPE,rel_e233619de55aa79c
event_6e0000ed5b4f9b3c,eventtype_subscription_start,OF_TYPE,rel_e24eaeb251777321
event_68b1596b0903ab5e,eventtype_subscription_start,OF_TYPE,rel_e26a85fe40c65299
event_09202ff27008dbae,eventtype_feature,OF_TYPE,rel_e30dafa783d08b69
event_5efde026ebd192db,eventtype_subscription_start,OF_TYPE,rel_e31628fc15f6ce6f
event_b8e3fcb806c2513d,eventtype_support_close,OF_TYPE,rel_e31d0db140c6d6f3
event_3539b0e1df3cbf10,eventtype_subscription_start,OF_TYPE,rel_e31f81688d96aa33
event_ad78061942d4366f,eventtype_support_close,OF_TYPE,rel_e34a5d465014dd17
event_efef8551499af1e4,eventtype_feature,OF_TYPE,rel_e3560eb33082078c
event_ea232f26dba7e4ae,eventtype_feature,OF_TYPE,rel_e35a9fb056ed05a2
event_62bb4851721b63bf,eventtype_subscription_start,OF_TYPE,rel_e387cf9cf970adcd
event_25ec9daac995be71,eventtype_feature,OF_TYPE,rel_e3975055d153f84e
event_06a2839d23165d02,eventtype_feature,OF_TYPE,rel_e3a706f5c4b18704
event_c1f61c607e661fc2,eventtype_subscription_start,OF_TYPE,rel_e3b3d369a40fdace
event_9c5ef57c26406242,eventtype_subscription_start,OF_TYPE,rel_e3c746e0fb1839cc
event_6d23cccd32359edb,eventtype_subscription_start,OF_TYPE,rel_e3d0941a600a859d
event_295f09b42c798cea,eventtype_account,OF_TYPE,rel_e3df6a91f1943755
event_82348a0dbfb9d9f9,eventtype_subscription_start,OF_TYPE,rel_e409900f8d5dea06
event_c3aaf2c4a0949c4b,eventtype_feature,OF_TYPE,rel_e41a7ec06f4933d0
event_78a90fb4f8f3eeb6,eventtype_subscription_start,OF_TYPE,rel_e43161fba72bbbfd
event_f0854117c8505e12,eventtype_subscription_start,OF_TYPE,rel_e43c187cfaae8333
event_f92a7205aab44d61,eventtype_subscription_start,OF_TYPE,rel_e457d036bcb4bc4c
event_e72940ffebc771a8,eventtype_subscription_start,OF_TYPE,rel_e492d0b88c4d9557
event_f3273a5fb7d75145,eventtype_feature,OF_TYPE,rel_e49c0e5ab254daf6
event_5a4634918d5dbd68,eventtype_feature,OF_TYPE,rel_e4a2c22dda4633aa
event_94e70698b0e49780,eventtype_subscription_start,OF_TYPE,rel_e4ad4d3781ea991f
event_108d76baeecffb23,eventtype_feature,OF_TYPE,rel_e4ba8c147b3e4961
event_65583c1586c7bf45,eventtype_subscription_start,OF_TYPE,rel_e4bf0c003407c43f
event_2fb9642ffabaccd3,eventtype_feature,OF_TYPE,rel_e4c43680309823e5
event_7ad92c01b9ebf2aa,eventtype_churn,OF_TYPE,rel_e4d0487dbe3a8716
event_ed24cc3381f4f21d,eventtype_account,OF_TYPE,rel_e4e7a52d2ea217e8
event_22943544afd3d48f,eventtype_feature,OF_TYPE,rel_e4fec273c130781d
event_2497f1056041666d,eventtype_subscription_start,OF_TYPE,rel_e52dbe33c1450b82
event_99fb7e0caca714af,eventtype_subscription_start,OF_TYPE,rel_e562cb0b6527e72b
event_97eff4c34af4a9c1,eventtype_feature,OF_TYPE,rel_e57db4d0bc6fe06c
event_d2ee4c8ad1438c5a,eventtype_subscription_start,OF_TYPE,rel_e58fd22951089e18
event_75ecd6ea70ff7bf4,eventtype_subscription_start,OF_TYPE,rel_e590e063c28a09e3
event_c358ad2833f6b764,eventtype_feature,OF_TYPE,rel_e5a7707d752b2aa6
event_015fb101a3d5392e,eventtype_subscription_start,OF_TYPE,rel_e5cc429c92864d33
event_26924f12d55bd9a6,eventtype_feature,OF_TYPE,rel_e5f5a7258707f4c8
event_a05b3af69d884dc0,eventtype_support_close,OF_TYPE,rel_e606bece3d8abe13
event_55297295c2a32a69,eventtype_churn,OF_TYPE,rel_e60adaff4e4c7a05
event_d895419f7f8b567e,eventtype_subscription_start,OF_TYPE,rel_e63d209a2da40ab8
event_f5a6247e17b097b9,eventtype_subscription_start,OF_TYPE,rel_e645a39f7ac4f315
event_b0c648583f373be1,eventtype_subscription_start,OF_TYPE,rel_e6849e4510231066
event_115295b0b489af03,eventtype_reactivation,OF_TYPE,rel_e693e88cc2da4e23
event_9ba551cecf823578,eventtype_feature,OF_TYPE,rel_e698bd613553d8df
event_655d2c4eba410a2f,eventtype_feature,OF_TYPE,rel_e6a22c61238c4c6e
event_ec6690787af01427,eventtype_subscription_start,OF_TYPE,rel_e6af1624d3c7a054
event_58f39f10a7f42447,eventtype_subscription_start,OF_TYPE,rel_e6c8e08056f67b46
event_2b2043f5e8bbec93,eventtype_subscription_start,OF_TYPE,rel_e7334ce285a873bf
event_ddb16318cc3c1500,eventtype_feature,OF_TYPE,rel_e7393f5c3b8cefe0
event_4cb6b9f99d7c9d1a,eventtype_feature,OF_TYPE,rel_e73f304f0f174c25
event_6b98e77ca77a2bf0,eventtype_feature,OF_TYPE,rel_e741a6139bbdd1a8
event_f4f4b53aa4460776,eventtype_subscription_start,OF_TYPE,rel_e75c98b48345404a
event_53adfd48a9d58c19,eventtype_account,OF_TYPE,rel_e75ef021c9022229
event_e1e7a064202cd75c,eventtype_subscription_start,OF_TYPE,rel_e778832ca5ef4e6c
event_72192f85d8049da4,eventtype_subscription_start,OF_TYPE,rel_e7a605f5e032b4e9
event_10eccb18af16715d,eventtype_support_open,OF_TYPE,rel_e7bb05e34d422c8e
event_74188913a1af2bbb,eventtype_subscription_start,OF_TYPE,rel_e7d706cf7e8a545a
event_2ea07a6cf7bd4058,eventtype_subscription_start,OF_TYPE,rel_e7fcfc0993d20940
event_c4c98fed145c5743,eventtype_feature,OF_TYPE,rel_e80376895b43a35f
event_82329c463073866a,eventtype_support_open,OF_TYPE,rel_e82650faa88dd565
event_b0e15dddb9895396,eventtype_feature,OF_TYPE,rel_e83bd437aef911c4
event_a4858e38b4803235,eventtype_feature,OF_TYPE,rel_e843de3745671fcf
event_2ee0c69c112ac87e,eventtype_feature,OF_TYPE,rel_e8743f2bfef4a061
event_fcb5ef298a890f7a,eventtype_subscription_start,OF_TYPE,rel_e8832d3e41cf34cf
event_688f8ecd5fee1a4f,eventtype_subscription_start,OF_TYPE,rel_e8877c826ab9570c
event_07f5eed2ef188c1e,eventtype_feature,OF_TYPE,rel_e88e53874e7231ff
event_62c4ed7ac97c16f4,eventtype_subscription_start,OF_TYPE,rel_e8b533bfe32527e9
event_ed23c0275f7463a4,eventtype_subscription_start,OF_TYPE,rel_e8be3bb44e935bf7
event_c808af6b8120491d,eventtype_account,OF_TYPE,rel_e8c034a6a8097121
event_7523929782b54b72,eventtype_subscription_start,OF_TYPE,rel_e8c10ff881d9d968
event_ca279814225a8b09,eventtype_subscription_start,OF_TYPE,rel_e8fee7d5ff3ad1ef
event_50c7e9bd22fc3f53,eventtype_subscription_start,OF_TYPE,rel_e9078b1a069d6f19
event_0b96ce1cd0a2f598,eventtype_support_close,OF_TYPE,rel_e913cb56f451d960
event_79f5bcf521670729,eventtype_feature,OF_TYPE,rel_e93bb19beb68f130
event_57aeeb510952547e,eventtype_subscription_start,OF_TYPE,rel_e94a35a44ec30739
event_10c25c38928de2f6,eventtype_feature,OF_TYPE,rel_e96e73bee4020a89
event_6ce50b3775d94b5d,eventtype_feature,OF_TYPE,rel_e9c6b839cc8277e5
event_e85a82f11756ed33,eventtype_subscription_start,OF_TYPE,rel_e9dc342c41d2953a
event_d0163de886f7ddd6,eventtype_feature,OF_TYPE,rel_e9ea6ae3f738ac2b
event_d3fa05490aac63e8,eventtype_subscription_start,OF_TYPE,rel_e9eea4050244f0c3
event_605000b9b8967e71,eventtype_feature,OF_TYPE,rel_ea0df110d3a15a4d
event_0576279ac337cb9f,eventtype_subscription_start,OF_TYPE,rel_ea2a560b84dfa80b
event_4ef38e4af936b0e8,eventtype_subscription_start,OF_TYPE,rel_ea6fffd631f6babb
event_79e8e79a688110ad,eventtype_subscription_start,OF_TYPE,rel_eacca39f46980ab3
event_ad8c9b0a2f16e649,eventtype_subscription_start,OF_TYPE,rel_ead354c22b2b3f83
event_0b6dee211a77944f,eventtype_feature,OF_TYPE,rel_ead61abfef208db4
event_418b3970261587a8,eventtype_feature,OF_TYPE,rel_eaf87a2abb0a6714
event_43419e8e1c17a207,eventtype_feature,OF_TYPE,rel_eb0e1e3fd7cd3b27
event_1927a1636f2c1460,eventtype_churn,OF_TYPE,rel_eb682f34171c2305
event_4bfef367b3a93eb0,eventtype_subscription_start,OF_TYPE,rel_eb752aeb52e86c05
event_bab5f9817fcaf012,eventtype_feature,OF_TYPE,rel_ebcbba4eb2c6e578
event_b515aed574a96517,eventtype_subscription_start,OF_TYPE,rel_ebd4cc251872de6e
event_6f4d55a56339868b,eventtype_feature,OF_TYPE,rel_ebef80b22ce495d1
event_a87218e14af36432,eventtype_churn,OF_TYPE,rel_ec04ad35874c3c21
event_a3b16a88c333c05f,eventtype_feature,OF_TYPE,rel_ec1ec3b1366e97b9
event_bd79ba5a7aa99720,eventtype_subscription_start,OF_TYPE,rel_ec2860f50d4c6bd0
event_f7aad3e3b44a94b0,eventtype_subscription_start,OF_TYPE,rel_ec3f0c1ed291e942
event_034ff5cda00383ce,eventtype_subscription_start,OF_TYPE,rel_ec481d5be7a363b3
event_5038df903f236654,eventtype_subscription_start,OF_TYPE,rel_ec48a4256b66ea78
event_becf05d4965a6e40,eventtype_subscription_start,OF_TYPE,rel_ec4909a0c1ee77b1
event_8d5d13416c7f1130,eventtype_subscription_start,OF_TYPE,rel_ec7183842ddf3626
event_0fe2c4c838371757,eventtype_feature,OF_TYPE,rel_ec81ea0510670fe9
event_88ecd8875ed24189,eventtype_support_close,OF_TYPE,rel_ec8830491a8cee09
event_667b48ea6e374ca7,eventtype_churn,OF_TYPE,rel_eca94ac919a397c4
event_355ae4576ca01aab,eventtype_feature,OF_TYPE,rel_ecaae42b1fc860a0
event_1cfc8f3b8290bc69,eventtype_support_close,OF_TYPE,rel_ecde5a6b06aa4efc
event_f2b4545262408746,eventtype_subscription_start,OF_TYPE,rel_ed2a0cbbf7d67a18
event_76d26e0361d5643e,eventtype_subscription_start,OF_TYPE,rel_ed2cea4eaaa73f66
event_9935047b9dc24015,eventtype_subscription_start,OF_TYPE,rel_ed4d156b4b47135f
event_ac6b43b727340758,eventtype_support_close,OF_TYPE,rel_ed59b12b1569565f
event_0ccb4f5810fc95eb,eventtype_subscription_start,OF_TYPE,rel_ed6aad01861fe3d4
event_433a94cb266a9997,eventtype_subscription_start,OF_TYPE,rel_ed798f329f4ea68f
event_94f00f1e2e5f0ac3,eventtype_feature,OF_TYPE,rel_ed81c00bdea737fd
event_3ae123cea0952ab2,eventtype_subscription_start,OF_TYPE,rel_eda4424eeaa29ffc
event_ff0b729b31184d30,eventtype_subscription_start,OF_TYPE,rel_eda53b18a2f62c4b
event_62ad697ce13ed0d7,eventtype_feature,OF_TYPE,rel_edb371842d508b04
event_485e50a01ccccce4,eventtype_feature,OF_TYPE,rel_edc04e9d1c2fa3d7
event_94ce48a1db1050d7,eventtype_subscription_start,OF_TYPE,rel_edc9e02020545ede
event_f69413c4aaa2ea64,eventtype_feature,OF_TYPE,rel_edcac24ed6586c4d
event_bed8cc15b29d1ea4,eventtype_feature,OF_TYPE,rel_ede2851d8583e27b
event_bd7a86afb337ddbb,eventtype_support_open,OF_TYPE,rel_ee2c199743c8c248
event_df2378566b2e884a,eventtype_subscription_start,OF_TYPE,rel_ee442400a1510da2
event_8b1a9a8682f8ea31,eventtype_feature,OF_TYPE,rel_ee49828e926e1a52
event_d008aa4cc38fb27f,eventtype_feature,OF_TYPE,rel_ee549a302b7a2b20
event_a1db3be6318f26e2,eventtype_subscription_end,OF_TYPE,rel_ee66f2b9adaa3dc7
event_7130d71df936c3b4,eventtype_subscription_start,OF_TYPE,rel_ee7c21b67c61c863
event_640d96a2f6a949a0,eventtype_subscription_start,OF_TYPE,rel_eeae868089fce87f
event_da09f3abe606403b,eventtype_feature,OF_TYPE,rel_eed8bd5062fe591b
event_cbfa1b498c4089da,eventtype_subscription_start,OF_TYPE,rel_eee573812874e93f
event_f33d66ecafa1d41d,eventtype_subscription_start,OF_TYPE,rel_eef190a21c358496
event_5c6284aa46a1c431,eventtype_feature,OF_TYPE,rel_ef09683cc2a0bbb4
event_1ab2961b17fdbea8,eventtype_support_close,OF_TYPE,rel_ef128dd95a7ecbef
event_a129652bac515307,eventtype_subscription_start,OF_TYPE,rel_ef2dd9d5b180ed74
event_5b933f4c73c9a47b,eventtype_subscription_start,OF_TYPE,rel_ef3b537d71019b32
event_4febeda62d332034,eventtype_feature,OF_TYPE,rel_ef48503083f9744a
event_aae59629f9afda75,eventtype_subscription_start,OF_TYPE,rel_ef67b5615ec8df6f
event_2f81c35e2ca334c3,eventtype_account,OF_TYPE,rel_ef888851123470a9
event_ac4dbab0b6bdd977,eventtype_subscription_start,OF_TYPE,rel_efb19325c2949179
event_4880bfe6295c01ad,eventtype_subscription_start,OF_TYPE,rel_efb9191e14575b6d
event_172d5c5b2c45bdd5,eventtype_subscription_start,OF_TYPE,rel_efbf95a22c6cf5a8
event_3473b07fdee12654,eventtype_feature,OF_TYPE,rel_efc533e6c3a2632e
event_6ee699a8079a7cde,eventtype_feature,OF_TYPE,rel_f0060e11314e277e
event_68a6098747a8b574,eventtype_account,OF_TYPE,rel_f00968a7ff0b5c28
event_e277cf573da80899,eventtype_subscription_end,OF_TYPE,rel_f011e710ec4a2d5b
event_46e772cbff833325,eventtype_feature,OF_TYPE,rel_f027dea88218502b
event_67729ed2207f18a7,eventtype_feature,OF_TYPE,rel_f035ab260393b598
event_187e1c33c54a374f,eventtype_feature,OF_TYPE,rel_f0361b803b2a6543
event_5b78c2c6f28941fb,eventtype_feature,OF_TYPE,rel_f0635b4759efe60c
event_edd4dc701444ea5f,eventtype_feature,OF_TYPE,rel_f0785dffdf7f245a
event_713d0021050ccc84,eventtype_subscription_start,OF_TYPE,rel_f0a4bca215faa7dd
event_08af643caac616e9,eventtype_subscription_start,OF_TYPE,rel_f0a9f6bfa061a834
event_f513be4397d13bcb,eventtype_subscription_start,OF_TYPE,rel_f0aa2439954bfa58
event_b8b89745be11e23f,eventtype_feature,OF_TYPE,rel_f0c5448dda6e99f0
event_8c6617b26c941208,eventtype_subscription_start,OF_TYPE,rel_f0d0b5c29827b271
event_7ef51dd0adfea8cb,eventtype_feature,OF_TYPE,rel_f0f06405ede27ca5
event_663d6d32881886a9,eventtype_feature,OF_TYPE,rel_f10c29fd9a4da241
event_1c446f323d39e128,eventtype_subscription_start,OF_TYPE,rel_f1248c1ab751fd2a
event_7cb5b9eb4ccce472,eventtype_feature,OF_TYPE,rel_f14731b8c5e0c99a
event_1f4d9bbdf91fa949,eventtype_feature,OF_TYPE,rel_f150c3f44b5f9f2e
event_d9299f41477ade1a,eventtype_subscription_start,OF_TYPE,rel_f152715708b63877
event_ce7b9e509b15b244,eventtype_feature,OF_TYPE,rel_f1542535d5baf3a8
event_61b3234f8b0d8e02,eventtype_subscription_start,OF_TYPE,rel_f158e2baa6f0c03f
event_e29e086aadaee89a,eventtype_subscription_start,OF_TYPE,rel_f165fe3acf473e8a
event_2f31027975654168,eventtype_feature,OF_TYPE,rel_f17a23e8740a2204
event_8b0d562ed468eac3,eventtype_subscription_start,OF_TYPE,rel_f17c1fe7d740890d
event_80f5a55cb4ab6b25,eventtype_subscription_start,OF_TYPE,rel_f190a77d2ff3f60d
event_1e94f3a0f7fd3308,eventtype_feature,OF_TYPE,rel_f1a49ac938e69f6c
event_d34f7e4c3d69ca19,eventtype_feature,OF_TYPE,rel_f1bc656467a95b4d
event_021ca1850f53a45b,eventtype_subscription_start,OF_TYPE,rel_f1c1bb2a1a47b3d8
event_6f7fb43f65ca5626,eventtype_subscription_start,OF_TYPE,rel_f1c366117fd92062
event_20040fcde389416c,eventtype_subscription_start,OF_TYPE,rel_f1ca002b6df57189
event_305e9bc99808911d,eventtype_subscription_start,OF_TYPE,rel_f1ca91568d75f1da
event_515f906742fd25b2,eventtype_subscription_start,OF_TYPE,rel_f1d2c4566da1895e
event_b3f5f34496200394,eventtype_feature,OF_TYPE,rel_f1dc2e96c691de7a
event_486469892893a80a,eventtype_subscription_start,OF_TYPE,rel_f1ea6dd652f82072
event_37ed428bd242e943,eventtype_feature,OF_TYPE,rel_f20dfac1c1551a77
event_dd90b0301356824a,eventtype_subscription_start,OF_TYPE,rel_f230697fa3ffb855
event_2d7ae56442f4d508,eventtype_feature,OF_TYPE,rel_f23157007aa27a26
event_0d0ebcf2927695ac,eventtype_subscription_start,OF_TYPE,rel_f251359a317968b5
event_c43e8c660c582289,eventtype_subscription_start,OF_TYPE,rel_f286fac12a2987b4
event_bb24edbcab799465,eventtype_support_close,OF_TYPE,rel_f2961ebf0d839154
event_f22096980ccbceae,eventtype_feature,OF_TYPE,rel_f2c60278e5abe637
event_a067bbbb2e921065,eventtype_feature,OF_TYPE,rel_f2c6cde88918c51d
event_d7fea1877fe06592,eventtype_subscription_start,OF_TYPE,rel_f30d8a33744d6bf3
event_23803e32f9075697,eventtype_subscription_start,OF_TYPE,rel_f32389b03cefa94a
event_a647e462819ddc3e,eventtype_subscription_start,OF_TYPE,rel_f3511c2cc91b562b
event_47a55b38bcb54902,eventtype_feature,OF_TYPE,rel_f35bcfbeb3a8295d
event_1f9d8dd354c996b3,eventtype_subscription_start,OF_TYPE,rel_f3620a7824db9b63
event_06483b9dfc60dfb5,eventtype_feature,OF_TYPE,rel_f3955d292f7a0d71
event_89e493c498c83fa1,eventtype_feature,OF_TYPE,rel_f3b4377c07366ae9
event_fc7d7daac5ca1cf0,eventtype_churn,OF_TYPE,rel_f3dfb6ddb3bfcfab
event_46d8a71078fe5a1e,eventtype_subscription_start,OF_TYPE,rel_f3e9e6cfd884e3fa
event_ebad15cd31189158,eventtype_feature,OF_TYPE,rel_f3ed6f24b67716f8
event_4e5e2784772b5982,eventtype_support_open,OF_TYPE,rel_f3f0c0fc11fb33d6
event_2ea5baf253ef9458,eventtype_churn,OF_TYPE,rel_f3ffe6a8d59021a3
event_aedb7277ab120039,eventtype_feature,OF_TYPE,rel_f41f1ff36951c97b
event_004596631beccd7f,eventtype_account,OF_TYPE,rel_f44217beea1c4981
event_b1a64f4cdcf50d24,eventtype_subscription_start,OF_TYPE,rel_f44f35ed71be5922
event_db319ebb6ae14e57,eventtype_account,OF_TYPE,rel_f463a4912556866e
event_efa5928ba3557358,eventtype_subscription_start,OF_TYPE,rel_f46819da4a0ebc25
event_de386b45ed011232,eventtype_support_open,OF_TYPE,rel_f46ca12bb3cfd774
event_9eb0751a5bab91bd,eventtype_feature,OF_TYPE,rel_f4864d531edefe6f
event_2db9066d4a46b272,eventtype_churn,OF_TYPE,rel_f495a4081c6fa707
event_e897b7aebb5198e4,eventtype_subscription_start,OF_TYPE,rel_f49f0ae4a5d07bf4
event_798fefd5b1e85623,eventtype_subscription_start,OF_TYPE,rel_f4a7a1275d2cc6ef
event_6eb1431e20d1bdca,eventtype_support_close,OF_TYPE,rel_f4a93a9461a7e0ea
event_1c77dacbe2531266,eventtype_feature,OF_TYPE,rel_f4bcff017961960f
event_cfbe2d07ac014f72,eventtype_subscription_start,OF_TYPE,rel_f4c73f2e395e8a88
event_126bc79ee522f9f5,eventtype_feature,OF_TYPE,rel_f4c8efebfcc7ea0a
event_921af9ca5e3f4cd4,eventtype_subscription_start,OF_TYPE,rel_f4de570ad7f0c4a1
event_fe3da362b8aebbe1,eventtype_feature,OF_TYPE,rel_f4fd9e6cc4ff9cc2
event_3b7f0b86dbb9ae4e,eventtype_feature,OF_TYPE,rel_f5209f1ad6a93809
event_1052d279e8787a14,eventtype_subscription_start,OF_TYPE,rel_f5307b530a333175
event_cfdecc924f0330f9,eventtype_subscription_start,OF_TYPE,rel_f5516162659fae65
event_f7acd581076cf749,eventtype_feature,OF_TYPE,rel_f556dfbea047e930
event_c3f8b8d97a99e7c6,eventtype_subscription_start,OF_TYPE,rel_f5672520ab32f006
event_6e2294d231255afe,eventtype_subscription_start,OF_TYPE,rel_f5676489303a9854
event_dee602270356e024,eventtype_feature,OF_TYPE,rel_f5924d5d53ac8422
event_239fda8d6455d6b7,eventtype_subscription_start,OF_TYPE,rel_f59e832aa31a1359
event_50cab32187f9f603,eventtype_subscription_end,OF_TYPE,rel_f5b6fefbb4ddb63d
event_045cecc17c4addeb,eventtype_churn,OF_TYPE,rel_f5c63eeb5c4ac16f
event_9b32846496895318,eventtype_subscription_start,OF_TYPE,rel_f5d3c5bda05ed1f3
event_a74edeecffa816d3,eventtype_support_open,OF_TYPE,rel_f5fda153521f625a
event_181a87f7d1f1a2ba,eventtype_feature,OF_TYPE,rel_f666cac4ad70e47f
event_d5c5d29562d29ba9,eventtype_subscription_end,OF_TYPE,rel_f6c0ab744df902b2
event_63f7c36283cb2504,eventtype_support_open,OF_TYPE,rel_f6c848d6a975daa9
event_dfe9018f5b0f81be,eventtype_subscription_start,OF_TYPE,rel_f71d5cc07768ec84
event_1d547cd75d15e05c,eventtype_churn,OF_TYPE,rel_f71ed81a64751aae
event_8cec4a8fb0956052,eventtype_subscription_start,OF_TYPE,rel_f74bdb684f20fbb7
event_ac1b01ceca2d314f,eventtype_subscription_start,OF_TYPE,rel_f778699c4e99b928
event_c94dcdb88dc0d857,eventtype_subscription_start,OF_TYPE,rel_f78f41fea9a52621
event_3ea2c41626f91d9b,eventtype_feature,OF_TYPE,rel_f7b5ad1ce0281d60
event_cd790d6a92ff5f11,eventtype_subscription_start,OF_TYPE,rel_f7bb37c295d33918
event_be133a85fd7002c9,eventtype_subscription_start,OF_TYPE,rel_f7c80e7537f1d78f
event_48ba0d24300004d7,eventtype_churn,OF_TYPE,rel_f7e0adf797de40a7
event_219e33ae5f00d01f,eventtype_subscription_start,OF_TYPE,rel_f803a35ca20a9680
event_22cd9825ae1c4d45,eventtype_support_open,OF_TYPE,rel_f832291a8b5aec4c
event_392b001d2ecb9acd,eventtype_subscription_start,OF_TYPE,rel_f83a02577af03e53
event_a85c372582305712,eventtype_subscription_end,OF_TYPE,rel_f83dbc34f63c5b85
event_3f918509a691978b,eventtype_subscription_start,OF_TYPE,rel_f86180c42c4d4b7f
event_a5fcc494c8d5eb9e,eventtype_support_close,OF_TYPE,rel_f8788f2504b58775
event_f982182ad8f34121,eventtype_account,OF_TYPE,rel_f900fc17f48635b3
event_2d22da7204ce9e9d,eventtype_feature,OF_TYPE,rel_f90c1398d5a6fa78
event_6d5f20709ef20e04,eventtype_subscription_start,OF_TYPE,rel_f96db70194499805
event_fb189b5fae5d58b7,eventtype_feature,OF_TYPE,rel_f9779151e491ec99
event_fff160ff8a1a9b71,eventtype_subscription_end,OF_TYPE,rel_f984be31f65871a7
event_b3a968a48d0bb0ef,eventtype_subscription_start,OF_TYPE,rel_f99af0239489e040
event_644e870474d14929,eventtype_subscription_start,OF_TYPE,rel_f9a9e23f74dd3784
event_a24997dbafbf56d4,eventtype_feature,OF_TYPE,rel_f9b73cc84adeca92
event_5e4873654177b9c7,eventtype_support_close,OF_TYPE,rel_f9cfa01dcc9bb689
event_ec37072bdcb8d802,eventtype_subscription_start,OF_TYPE,rel_f9d1ce12cca4692e
event_0dfa0166838699be,eventtype_account,OF_TYPE,rel_f9e2fe498fa04a8f
event_80bdea1c05b819f9,eventtype_subscription_start,OF_TYPE,rel_f9ec171e71ac3e76
event_99fe307c3538fe06,eventtype_subscription_start,OF_TYPE,rel_fa1fe4d13b95b42d
event_417c297c706fea35,eventtype_feature,OF_TYPE,rel_fa34e28146fb5913
event_0d39a59c63234ff6,eventtype_subscription_start,OF_TYPE,rel_fa484147c3481329
event_0c9cdc170cde7b1a,eventtype_subscription_start,OF_TYPE,rel_fa490c45c9ad38df
event_6b5b1c59bec37153,eventtype_churn,OF_TYPE,rel_fa4a12e0159fc235
event_bcfcbfcbeef544c7,eventtype_feature,OF_TYPE,rel_fa4e4963d8457356
event_9ed6842e4b381608,eventtype_support_open,OF_TYPE,rel_fa640743f7d0a6ee
event_bcba2ace311cfb9f,eventtype_subscription_start,OF_TYPE,rel_fa67f982f9c6856e
event_7679080394a01a44,eventtype_subscription_start,OF_TYPE,rel_fa8c41d044db454c
event_d974594bea9d241c,eventtype_feature,OF_TYPE,rel_fae9172beaea746e
event_5bf8a19507e7ce3b,eventtype_subscription_end,OF_TYPE,rel_faec4b54f2101787
event_5306ed57193f90f1,eventtype_feature,OF_TYPE,rel_faef700abb65da8a
event_42049eae42aa8a8e,eventtype_subscription_end,OF_TYPE,rel_fb068f4408d88ec7
event_fc44d7e6453d69c4,eventtype_feature,OF_TYPE,rel_fb20c3506ffe25a5
event_c8508c1ffd74d916,eventtype_subscription_start,OF_TYPE,rel_fb22b85eabed06d2
event_287d08a107bf5dae,eventtype_subscription_start,OF_TYPE,rel_fb72fbf8e7dea29e
event_f51aa3ea5b60d9d0,eventtype_feature,OF_TYPE,rel_fb7e3fcbb5712574
event_7ac3f384e2419c90,eventtype_reactivation,OF_TYPE,rel_fb8f2fb4cf8dede0
event_263e8c4f42f67c97,eventtype_feature,OF_TYPE,rel_fb9dbc4ba8ee0f61
event_13dd5f4d484ff456,eventtype_account,OF_TYPE,rel_fba754dee28cac29
event_ba1347dbd64382bb,eventtype_churn,OF_TYPE,rel_fbab31cde54d38b6
event_363b071a8f613b32,eventtype_subscription_start,OF_TYPE,rel_fbacb2503d647bec
event_94a0d58862d4451b,eventtype_feature,OF_TYPE,rel_fbb8e7fdeaae8162
event_1168fe5139bf0537,eventtype_subscription_start,OF_TYPE,rel_fbba9e0f865c5bcd
event_adee75243ec5af89,eventtype_subscription_start,OF_TYPE,rel_fbc4e3a34a886688
event_1d6729046575ea9b,eventtype_subscription_start,OF_TYPE,rel_fbcb97380be7974c
event_d1a864cac3657558,eventtype_subscription_end,OF_TYPE,rel_fbf63346d86fe4a8
event_10792d69c9109d82,eventtype_feature,OF_TYPE,rel_fc1652db056ba62b
event_e82ace6ce2101b44,eventtype_subscription_start,OF_TYPE,rel_fc6f37f7965ee9b9
event_27e20fedaedc9fbf,eventtype_subscription_start,OF_TYPE,rel_fcc0d6b2a201026c
event_fe75e7255d60ce2f,eventtype_account,OF_TYPE,rel_fce29097b1ab74f8
event_4e7b3b430be1ba0c,eventtype_feature,OF_TYPE,rel_fd01955448e4ad06
event_8ae0690b15a2a779,eventtype_feature,OF_TYPE,rel_fd127014a70c0982
event_c9c4ac0ebc560701,eventtype_subscription_start,OF_TYPE,rel_fd5c6bf5c0e99fd3
event_67c0ada2c864865e,eventtype_subscription_start,OF_TYPE,rel_fd6c5249da7d5830
event_da842ebef0720b8b,eventtype_subscription_start,OF_TYPE,rel_fd7bc7e708793176
event_efdaaa4ff5d27fb8,eventtype_subscription_start,OF_TYPE,rel_fda9e665b88adc03
event_410fdc8e2bc4e139,eventtype_subscription_start,OF_TYPE,rel_fdea7c082d2bee4e
event_3cc6e80b4d208c29,eventtype_subscription_start,OF_TYPE,rel_fe1a3bdac6446445
event_445c12d1cceebe38,eventtype_feature,OF_TYPE,rel_fe2dc2bb6d11ae24
event_b76c1d2e1e548712,eventtype_subscription_start,OF_TYPE,rel_fe3a58693731d3e7
event_b75dcb8159b3763e,eventtype_feature,OF_TYPE,rel_fe662963eb1bd52d
event_8e076d3cf288516c,eventtype_subscription_start,OF_TYPE,rel_fede5e4908b8dc69
event_71d184de3298b5b3,eventtype_feature,OF_TYPE,rel_fef574b89d2eb064
event_a9a2ae2e02c16e03,eventtype_subscription_start,OF_TYPE,rel_ff1bf1576cf59132
event_b5e87fd4200b0ea9,eventtype_subscription_start,OF_TYPE,rel_ff2c012fd9dd3cae
event_d47382f916c148af,eventtype_feature,OF_TYPE,rel_ff45b45e04717a19
event_40a08a1198e39f91,eventtype_subscription_start,OF_TYPE,rel_ff48ba74ba96e19a
event_74ff562d6eeb1271,eventtype_subscription_start,OF_TYPE,rel_ff51ef3227dc176f
event_8e45ed1e087a8753,eventtype_feature,OF_TYPE,rel_ff5a35b18357a206
event_4347fa2769a9d89f,eventtype_feature,OF_TYPE,rel_ff8ccbef35b2c939
event_6aab70af99b1963d,eventtype_subscription_start,OF_TYPE,rel_ff8eb9e9b7df8992
event_8fadfa9530ca3b11,eventtype_feature,OF_TYPE,rel_ffa6a4ce5f567d6c
event_78a325b3078042fd,eventtype_feature,OF_TYPE,rel_ffb94f4db7dddb96
event_b31b47979f4e2015,eventtype_support_open,OF_TYPE,rel_ffd70e6994837654
event_497300f8f98e49ee,eventtype_subscription_start,OF_TYPE,rel_ffdd835239cae90d
event_bb7202195525dfcc,eventtype_subscription_end,OF_TYPE,rel_ffdf9585fc13ff87
event_48fb826009cc3259,eventtype_subscription_start,OF_TYPE,rel_ffecaa246d3fc9b4
