account_id,month,month_end,months_since_signup,status,n_active_subs,winner_subscription_id,winner_mrr,winner_plan_tier,winner_seats,winner_is_trial,winner_billing_frequency,mrr_sum_naive,mrr_ended_in_month,n_ended_in_month,churn_event_in_month,n_events_in_month,usage_rows_month,usage_rows_in_window_month,tickets_month,csat_mean_month,churn_flag_snapshot_2024_12_31
A-00bed1,2023-11,2023-11-30,0,active,1,S-a7360b,1159,Basic,61,False,annual,1159,0,0,0,0,2,0,0,,0
A-00bed1,2023-12,2023-12-31,1,active,1,S-a7360b,1159,Basic,61,False,annual,1159,0,0,0,0,3,0,1,,0
A-00bed1,2024-01,2024-01-31,2,active,1,S-a7360b,1159,Basic,61,False,annual,1159,0,0,1,1,2,0,0,,0
A-00bed1,2024-02,2024-02-29,3,active,1,S-a7360b,1159,Basic,61,False,annual,1159,0,0,0,0,1,1,0,,0
A-00bed1,2024-03,2024-03-31,4,active,1,S-a7360b,1159,Basic,61,False,annual,1159,0,0,0,0,3,0,1,4.00,0
A-00bed1,2024-04,2024-04-30,5,active,2,S-3fbf9e,1372,Pro,28,False,monthly,2531,0,0,0,0,5,1,0,,0
A-00bed1,2024-05,2024-05-31,6,active,4,S-76a214,9751,Enterprise,49,False,annual,17854,0,0,0,0,1,1,1,,0
A-00bed1,2024-06,2024-06-30,7,active,4,S-76a214,9751,Enterprise,49,False,annual,17854,0,0,0,0,1,0,0,,0
A-00bed1,2024-07,2024-07-31,8,active,6,S-76a214,9751,Enterprise,49,False,annual,24798,0,0,0,0,5,3,0,,0
A-00bed1,2024-08,2024-08-31,9,active,9,S-76a214,9751,Enterprise,49,False,annual,27934,0,0,0,0,2,2,0,,0
A-00bed1,2024-09,2024-09-30,10,active,10,S-76a214,9751,Enterprise,49,False,annual,33506,0,0,0,0,3,3,0,,0
A-00bed1,2024-10,2024-10-31,11,active,10,S-76a214,9751,Enterprise,49,False,annual,33506,0,0,0,0,2,2,0,,0
A-00bed1,2024-11,2024-11-30,12,active,10,S-76a214,9751,Enterprise,49,False,annual,33506,0,0,0,0,2,2,0,,0
A-00bed1,2024-12,2024-12-31,13,active,10,S-76a214,9751,Enterprise,49,False,annual,33506,0,0,0,0,1,1,0,,0
A-00cac8,2023-09,2023-09-30,0,active,1,S-2e965d,392,Pro,8,False,monthly,392,0,0,0,0,3,0,1,,0
A-00cac8,2023-10,2023-10-31,1,active,1,S-2e965d,392,Pro,8,False,monthly,392,0,0,0,0,2,0,0,,0
A-00cac8,2023-11,2023-11-30,2,active,1,S-2e965d,392,Pro,8,False,monthly,392,0,0,0,0,6,0,0,,0
A-00cac8,2023-12,2023-12-31,3,active,2,S-2e965d,392,Pro,8,False,monthly,753,0,0,0,0,1,1,0,,0
A-00cac8,2024-01,2024-01-31,4,active,2,S-2e965d,392,Pro,8,False,monthly,753,0,0,0,0,7,1,0,,0
A-00cac8,2024-02,2024-02-29,5,active,2,S-2e965d,392,Pro,8,False,monthly,753,0,0,0,0,3,1,0,,0
A-00cac8,2024-03,2024-03-31,6,active,3,S-2e965d,392,Pro,8,False,monthly,905,0,0,0,0,1,1,0,,0
A-00cac8,2024-04,2024-04-30,7,active,4,S-2e965d,392,Pro,8,False,monthly,905,0,0,0,0,2,1,0,,0
A-00cac8,2024-05,2024-05-31,8,active,4,S-2e965d,392,Pro,8,False,monthly,905,0,0,0,0,3,2,0,,0
A-00cac8,2024-06,2024-06-30,9,active,4,S-2e965d,392,Pro,8,False,monthly,905,0,0,0,0,3,1,0,,0
A-00cac8,2024-07,2024-07-31,10,active,4,S-2e965d,392,Pro,8,False,monthly,905,0,0,0,0,2,2,0,,0
A-00cac8,2024-08,2024-08-31,11,active,6,S-0bdbb3,7761,Enterprise,39,False,monthly,8818,0,0,0,0,1,1,0,,0
A-00cac8,2024-09,2024-09-30,12,active,7,S-0bdbb3,7761,Enterprise,39,False,monthly,9210,0,0,0,0,1,1,0,,0
A-00cac8,2024-10,2024-10-31,13,active,8,S-0bdbb3,7761,Enterprise,39,False,monthly,13190,0,0,0,0,2,2,0,,0
A-00cac8,2024-11,2024-11-30,14,active,8,S-0bdbb3,7761,Enterprise,39,False,monthly,13190,0,0,0,0,0,0,0,,0
A-00cac8,2024-12,2024-12-31,15,active,9,S-0bdbb3,7761,Enterprise,39,False,monthly,14121,0,0,0,0,2,2,0,,0
A-0158bb,2024-05,2024-05-31,0,active,1,S-ba69a4,0,Basic,25,True,monthly,0,0,0,0,0,0,0,0,,0
A-0158bb,2024-06,2024-06-30,1,active,3,S-66f0d0,665,Basic,35,False,monthly,836,0,0,0,0,1,0,0,,0
A-0158bb,2024-07,2024-07-31,2,active,3,S-66f0d0,665,Basic,35,False,monthly,836,0,0,0,0,1,0,0,,0
A-0158bb,2024-08,2024-08-31,3,active,3,S-66f0d0,665,Basic,35,False,monthly,836,0,0,0,0,2,0,0,,0
A-0158bb,2024-09,2024-09-30,4,active,3,S-66f0d0,665,Basic,35,False,monthly,836,0,0,0,0,4,3,0,,0
A-0158bb,2024-10,2024-10-31,5,active,4,S-66f0d0,665,Basic,35,False,monthly,836,0,0,0,0,0,0,0,,0
A-0158bb,2024-11,2024-11-30,6,active,4,S-66f0d0,665,Basic,35,False,monthly,836,0,0,0,0,1,1,0,,0
A-0158bb,2024-12,2024-12-31,7,active,6,S-fb9972,2205,Pro,45,False,annual,4070,0,0,0,0,2,2,0,,0
A-016043,2024-07,2024-07-31,0,inactive,0,,0,,0,,,0,0,0,0,0,3,0,0,,0
A-016043,2024-08,2024-08-31,1,active,1,S-0e1d53,114,Basic,6,False,annual,114,0,0,1,1,0,0,0,,0
A-016043,2024-09,2024-09-30,2,active,4,S-d54349,3980,Enterprise,20,False,annual,4341,0,0,0,0,1,0,0,,0
A-016043,2024-10,2024-10-31,3,active,7,S-d54349,3980,Enterprise,20,False,annual,8450,0,0,0,0,3,0,0,,0
A-016043,2024-11,2024-11-30,4,active,9,S-0abd10,4776,Enterprise,24,False,annual,13435,0,0,0,0,0,0,0,,0
A-016043,2024-12,2024-12-31,5,active,10,S-d54349,3980,Enterprise,20,False,annual,11740,4776,1,0,0,2,2,1,,0
A-019782,2023-04,2023-04-30,0,inactive,0,,0,,0,,,0,0,0,0,0,1,0,0,,0
A-019782,2023-05,2023-05-31,1,inactive,0,,0,,0,,,0,0,0,0,0,2,0,0,,0
A-019782,2023-06,2023-06-30,2,active,1,S-b37d03,833,Pro,17,False,annual,833,0,0,0,0,4,0,0,,0
A-019782,2023-07,2023-07-31,3,active,1,S-b37d03,833,Pro,17,False,annual,833,0,0,0,0,4,1,0,,0
A-019782,2023-08,2023-08-31,4,active,4,S-3ec165,3184,Enterprise,16,False,annual,7339,0,0,0,0,4,1,0,,0
A-019782,2023-09,2023-09-30,5,active,4,S-3ec165,3184,Enterprise,16,False,annual,7339,0,0,0,0,0,0,0,,0
A-019782,2023-10,2023-10-31,6,active,5,S-3ec165,3184,Enterprise,16,False,annual,7548,0,0,0,0,1,1,0,,0
A-019782,2023-11,2023-11-30,7,active,4,S-b7f657,2587,Enterprise,13,False,annual,4364,3184,1,0,0,2,1,0,,0
A-019782,2023-12,2023-12-31,8,active,4,S-b7f657,2587,Enterprise,13,False,annual,4364,0,0,0,0,0,0,0,,0
A-019782,2024-01,2024-01-31,9,active,4,S-b7f657,2587,Enterprise,13,False,annual,4364,0,0,0,0,1,1,0,,0
A-019782,2024-02,2024-02-29,10,active,5,S-b7f657,2587,Enterprise,13,False,annual,4364,0,0,0,0,4,3,0,,0
A-019782,2024-03,2024-03-31,11,active,5,S-b7f657,2587,Enterprise,13,False,annual,4364,0,0,0,0,3,0,0,,0
A-019782,2024-04,2024-04-30,12,active,5,S-b7f657,2587,Enterprise,13,False,annual,4364,0,0,0,0,2,1,0,,0
A-019782,2024-05,2024-05-31,13,active,6,S-b7f657,2587,Enterprise,13,False,annual,4903,0,0,0,0,1,0,0,,0
A-019782,2024-06,2024-06-30,14,active,7,S-b7f657,2587,Enterprise,13,False,annual,5169,0,0,0,0,2,1,0,,0
A-019782,2024-07,2024-07-31,15,active,7,S-b7f657,2587,Enterprise,13,False,annual,5169,0,0,0,0,1,1,0,,0
A-019782,2024-08,2024-08-31,16,active,7,S-b7f657,2587,Enterprise,13,False,annual,5169,0,0,0,0,6,6,0,,0
A-019782,2024-09,2024-09-30,17,active,7,S-b7f657,2587,Enterprise,13,False,annual,5169,0,0,0,0,3,1,1,,0
A-019782,2024-10,2024-10-31,18,active,7,S-b7f657,2587,Enterprise,13,False,annual,5169,0,0,0,0,2,1,0,,0
A-019782,2024-11,2024-11-30,19,active,7,S-b7f657,2587,Enterprise,13,False,annual,5169,0,0,0,0,2,2,0,,0
A-019782,2024-12,2024-12-31,20,active,8,S-b7f657,2587,Enterprise,13,False,annual,5169,0,0,0,0,3,3,1,3.00,0
A-029f69,2024-03,2024-03-31,0,inactive,0,,0,,0,,,0,0,0,0,0,4,0,0,,0
A-029f69,2024-04,2024-04-30,1,inactive,0,,0,,0,,,0,0,0,0,0,2,0,1,3.00,0
A-029f69,2024-05,2024-05-31,2,active,2,S-228457,4776,Enterprise,24,False,annual,6050,0,0,0,0,5,0,0,,0
A-029f69,2024-06,2024-06-30,3,active,2,S-228457,4776,Enterprise,24,False,annual,6050,0,0,1,1,1,0,0,,0
A-029f69,2024-07,2024-07-31,4,active,2,S-228457,4776,Enterprise,24,False,annual,6050,0,0,0,0,3,0,0,,0
A-029f69,2024-08,2024-08-31,5,active,4,S-228457,4776,Enterprise,24,False,annual,6647,1029,1,0,0,4,0,0,,0
A-029f69,2024-09,2024-09-30,6,active,6,S-228457,4776,Enterprise,24,False,annual,10955,285,1,0,0,5,3,0,,0
A-029f69,2024-10,2024-10-31,7,active,7,S-228457,4776,Enterprise,24,False,annual,10955,0,0,1,1,1,1,0,,0
A-029f69,2024-11,2024-11-30,8,active,9,S-228457,4776,Enterprise,24,False,annual,11846,0,1,0,0,1,1,0,,0
A-029f69,2024-12,2024-12-31,9,active,13,S-228457,4776,Enterprise,24,False,annual,13324,0,0,1,1,2,2,0,,0
A-02cd81,2024-03,2024-03-31,0,active,2,S-700036,836,Basic,44,False,annual,1672,0,0,0,0,5,0,1,,0
A-02cd81,2024-04,2024-04-30,1,active,4,S-700036,836,Basic,44,False,annual,1672,0,0,1,1,5,1,0,,0
A-02cd81,2024-05,2024-05-31,2,active,7,S-9b96c2,8756,Enterprise,44,False,monthly,14740,0,0,0,0,3,2,0,,0
A-02cd81,2024-06,2024-06-30,3,active,9,S-567f8f,8756,Enterprise,44,False,annual,25652,0,0,0,0,1,1,0,,0
A-02cd81,2024-07,2024-07-31,4,active,10,S-567f8f,8756,Enterprise,44,False,annual,27808,0,0,0,0,5,3,1,4.00,0
A-02cd81,2024-08,2024-08-31,5,active,11,S-567f8f,8756,Enterprise,44,False,annual,28644,2156,1,0,0,4,0,0,,0
A-02cd81,2024-09,2024-09-30,6,active,12,S-567f8f,8756,Enterprise,44,False,annual,28644,0,0,0,0,6,5,0,,0
A-02cd81,2024-10,2024-10-31,7,active,12,S-567f8f,8756,Enterprise,44,False,annual,28644,0,0,0,0,3,3,0,,0
A-02cd81,2024-11,2024-11-30,8,active,12,S-567f8f,8756,Enterprise,44,False,annual,28644,0,0,0,0,2,2,0,,0
A-02cd81,2024-12,2024-12-31,9,active,13,S-567f8f,8756,Enterprise,44,False,annual,30800,0,0,0,0,2,2,0,,0
A-02fac6,2023-04,2023-04-30,0,inactive,0,,0,,0,,,0,0,0,0,0,1,0,0,,0
A-02fac6,2023-05,2023-05-31,1,inactive,0,,0,,0,,,0,0,0,0,0,3,0,0,,0
A-02fac6,2023-06,2023-06-30,2,inactive,0,,0,,0,,,0,0,0,0,0,1,0,0,,0
A-02fac6,2023-07,2023-07-31,3,inactive,0,,0,,0,,,0,0,0,0,0,1,0,0,,0
A-02fac6,2023-08,2023-08-31,4,inactive,0,,0,,0,,,0,0,0,0,0,2,0,0,,0
A-02fac6,2023-09,2023-09-30,5,inactive,0,,0,,0,,,0,0,0,0,0,2,0,1,,0
A-02fac6,2023-10,2023-10-31,6,active,1,S-b48787,1078,Pro,22,False,annual,1078,0,0,0,0,4,0,1,,0
A-02fac6,2023-11,2023-11-30,7,active,2,S-52119f,4378,Enterprise,22,False,monthly,5456,0,0,0,0,6,1,1,5.00,0
A-02fac6,2023-12,2023-12-31,8,active,2,S-52119f,4378,Enterprise,22,False,monthly,5456,0,0,0,0,3,0,0,,0
A-02fac6,2024-01,2024-01-31,9,active,3,S-52119f,4378,Enterprise,22,False,monthly,6534,0,0,0,0,2,1,0,,0
A-02fac6,2024-02,2024-02-29,10,active,3,S-52119f,4378,Enterprise,22,False,monthly,6534,0,0,0,0,3,2,1,,0
A-02fac6,2024-03,2024-03-31,11,active,3,S-52119f,4378,Enterprise,22,False,monthly,6534,0,0,0,0,2,0,0,,0
A-02fac6,2024-04,2024-04-30,12,active,3,S-52119f,4378,Enterprise,22,False,monthly,6534,0,0,0,0,1,0,0,,0
A-02fac6,2024-05,2024-05-31,13,active,6,S-60b7c7,4577,Enterprise,23,False,annual,15080,0,0,0,0,2,1,1,3.00,0
A-02fac6,2024-06,2024-06-30,14,active,6,S-60b7c7,4577,Enterprise,23,False,annual,15080,0,0,0,0,1,0,0,,0
A-02fac6,2024-07,2024-07-31,15,active,6,S-60b7c7,4577,Enterprise,23,False,annual,15080,0,0,0,0,2,2,0,,0
A-02fac6,2024-08,2024-08-31,16,active,6,S-60b7c7,4577,Enterprise,23,False,annual,15080,0,0,1,1,2,2,0,,0
A-02fac6,2024-09,2024-09-30,17,active,9,S-60b7c7,4577,Enterprise,23,False,annual,20954,0,0,0,0,0,0,0,,0
A-02fac6,2024-10,2024-10-31,18,active,11,S-60b7c7,4577,Enterprise,23,False,annual,26410,0,0,0,0,2,2,0,,0
A-02fac6,2024-11,2024-11-30,19,active,11,S-60b7c7,4577,Enterprise,23,False,annual,26410,0,0,0,0,4,4,0,,0
A-02fac6,2024-12,2024-12-31,20,active,11,S-60b7c7,4577,Enterprise,23,False,annual,26410,0,0,0,0,6,6,0,,0
A-034368,2023-11,2023-11-30,0,inactive,0,,0,,0,,,0,0,0,0,0,1,0,0,,0
A-034368,2023-12,2023-12-31,1,active,1,S-639754,0,Basic,19,True,monthly,0,0,0,0,0,3,0,0,,0
A-034368,2024-01,2024-01-31,2,active,1,S-639754,0,Basic,19,True,monthly,0,0,0,0,0,0,0,0,,0
A-034368,2024-02,2024-02-29,3,active,1,S-639754,0,Basic,19,True,monthly,0,0,0,0,0,0,0,0,,0
A-034368,2024-03,2024-03-31,4,active,1,S-639754,0,Basic,19,True,monthly,0,0,0,0,0,0,0,0,,0
A-034368,2024-04,2024-04-30,5,active,1,S-639754,0,Basic,19,True,monthly,0,0,0,0,0,3,0,0,,0
A-034368,2024-05,2024-05-31,6,active,1,S-639754,0,Basic,19,True,monthly,0,0,0,0,0,0,0,1,,0
A-034368,2024-06,2024-06-30,7,active,2,S-2a312e,494,Basic,26,False,monthly,494,0,0,0,0,0,0,0,,0
A-034368,2024-07,2024-07-31,8,active,2,S-2a312e,494,Basic,26,False,monthly,494,0,0,0,0,3,0,0,,0
A-034368,2024-08,2024-08-31,9,active,2,S-2a312e,494,Basic,26,False,monthly,494,0,0,1,1,1,0,0,,0
A-034368,2024-09,2024-09-30,10,active,2,S-2a312e,494,Basic,26,False,monthly,494,0,0,0,0,2,1,0,,0
A-034368,2024-10,2024-10-31,11,active,3,S-8f2b13,5572,Enterprise,28,False,annual,6066,0,0,0,0,1,1,0,,0
A-034368,2024-11,2024-11-30,12,active,4,S-8f2b13,5572,Enterprise,28,False,annual,6617,0,0,0,0,1,1,0,,0
A-034368,2024-12,2024-12-31,13,active,5,S-8f2b13,5572,Enterprise,28,False,annual,11194,0,0,0,0,1,1,0,,0
A-0354fe,2024-10,2024-10-31,0,inactive,0,,0,,0,,,0,0,0,0,0,1,0,0,,0
A-0354fe,2024-11,2024-11-30,1,active,4,S-bc5908,6766,Enterprise,34,False,monthly,8058,646,1,1,2,2,0,2,3.00,0
A-0354fe,2024-12,2024-12-31,2,active,6,S-9ea111,6766,Enterprise,34,False,monthly,14824,0,0,0,0,3,3,0,,0
A-038089,2023-12,2023-12-31,0,inactive,0,,0,,0,,,0,0,0,0,0,2,0,1,5.00,1
A-038089,2024-01,2024-01-31,1,inactive,0,,0,,0,,,0,0,0,0,0,0,0,0,,1
A-038089,2024-02,2024-02-29,2,inactive,0,,0,,0,,,0,0,0,0,0,0,0,0,,1
A-038089,2024-03,2024-03-31,3,inactive,0,,0,,0,,,0,0,0,0,0,0,0,0,,1
A-038089,2024-04,2024-04-30,4,inactive,0,,0,,0,,,0,0,0,0,0,2,0,1,3.00,1
A-038089,2024-05,2024-05-31,5,inactive,0,,0,,0,,,0,0,0,0,0,1,0,1,,1
A-038089,2024-06,2024-06-30,6,active,1,S-fc86d6,245,Pro,5,False,annual,245,0,0,0,0,0,0,0,,1
A-038089,2024-07,2024-07-31,7,active,2,S-c3472f,1764,Pro,36,False,monthly,2009,0,0,0,0,0,0,0,,1
A-038089,2024-08,2024-08-31,8,active,2,S-c3472f,1764,Pro,36,False,monthly,2009,0,0,0,0,2,1,0,,1
A-038089,2024-09,2024-09-30,9,active,2,S-c3472f,1764,Pro,36,False,monthly,2009,0,0,0,0,1,1,0,,1
A-038089,2024-10,2024-10-31,10,active,2,S-c3472f,1764,Pro,36,False,monthly,2009,0,0,1,1,0,0,0,,1
A-038089,2024-11,2024-11-30,11,active,2,S-c3472f,1764,Pro,36,False,monthly,2009,0,0,0,0,1,1,0,,1
A-038089,2024-12,2024-12-31,12,active,3,S-c3472f,1764,Pro,36,False,monthly,2104,0,0,1,1,0,0,0,,1
A-039727,2024-11,2024-11-30,0,active,7,S-574b52,4975,Enterprise,25,False,monthly,13350,0,0,0,0,2,0,0,,0
A-039727,2024-12,2024-12-31,1,active,14,S-a6285f,5970,Enterprise,30,False,annual,31445,4975,1,1,1,4,3,0,,0
A-0532a9,2024-09,2024-09-30,0,active,1,S-951c06,361,Basic,19,False,annual,361,0,0,0,0,3,0,1,,0
A-0532a9,2024-10,2024-10-31,1,active,4,S-29597a,5373,Enterprise,27,False,annual,7026,0,0,1,1,3,2,0,,0
A-0532a9,2024-11,2024-11-30,2,active,7,S-29597a,5373,Enterprise,27,False,annual,12595,0,0,0,0,4,2,1,,0
A-0532a9,2024-12,2024-12-31,3,active,10,S-29597a,5373,Enterprise,27,False,annual,15161,0,0,0,0,3,2,0,,0
A-054577,2024-04,2024-04-30,0,inactive,0,,0,,0,,,0,0,0,0,0,5,0,0,,0
A-054577,2024-05,2024-05-31,1,active,3,S-9b8167,1421,Pro,29,False,monthly,2744,0,0,0,0,4,2,0,,0
A-054577,2024-06,2024-06-30,2,active,5,S-d26bbf,1715,Pro,35,False,monthly,5105,0,0,0,0,0,0,0,,0
A-054577,2024-07,2024-07-31,3,active,6,S-d26bbf,1715,Pro,35,False,monthly,5702,0,0,0,0,2,0,0,,0
A-054577,2024-08,2024-08-31,4,active,9,S-d26bbf,1715,Pro,35,False,monthly,8652,0,0,0,0,0,0,0,,0
A-054577,2024-09,2024-09-30,5,active,10,S-056af2,14925,Enterprise,75,False,monthly,23577,0,0,0,0,1,1,0,,0
A-054577,2024-10,2024-10-31,6,active,11,S-056af2,14925,Enterprise,75,False,monthly,24033,0,0,0,0,0,0,0,,0
A-054577,2024-11,2024-11-30,7,active,12,S-056af2,14925,Enterprise,75,False,monthly,24508,0,0,0,0,4,3,0,,0
A-054577,2024-12,2024-12-31,8,active,15,S-62c088,16915,Enterprise,85,False,monthly,44145,456,1,0,0,5,5,0,,0
A-05d3b3,2023-05,2023-05-31,0,inactive,0,,0,,0,,,0,0,0,0,0,1,0,0,,0
A-05d3b3,2023-06,2023-06-30,1,inactive,0,,0,,0,,,0,0,0,0,0,1,0,0,,0
A-05d3b3,2023-07,2023-07-31,2,active,1,S-5bc277,171,Basic,9,False,annual,171,0,0,0,0,3,0,0,,0
A-05d3b3,2023-08,2023-08-31,3,active,3,S-672dd6,3184,Enterprise,16,False,monthly,3355,0,0,0,0,0,0,2,4.00,0
A-05d3b3,2023-09,2023-09-30,4,active,4,S-672dd6,3184,Enterprise,16,False,monthly,4433,0,0,0,0,0,0,1,,0
A-05d3b3,2023-10,2023-10-31,5,active,4,S-672dd6,3184,Enterprise,16,False,monthly,4433,0,0,0,0,5,1,0,,0
A-05d3b3,2023-11,2023-11-30,6,active,6,S-672dd6,3184,Enterprise,16,False,monthly,4642,0,0,0,0,4,0,0,,0
A-05d3b3,2023-12,2023-12-31,7,active,6,S-672dd6,3184,Enterprise,16,False,monthly,4642,0,0,0,0,4,2,0,,0
A-05d3b3,2024-01,2024-01-31,8,active,7,S-672dd6,3184,Enterprise,16,False,monthly,7229,0,0,0,0,4,2,0,,0
A-05d3b3,2024-02,2024-02-29,9,active,8,S-672dd6,3184,Enterprise,16,False,monthly,7761,0,0,0,0,3,2,0,,0
A-05d3b3,2024-03,2024-03-31,10,active,8,S-672dd6,3184,Enterprise,16,False,monthly,7761,0,0,1,1,3,3,0,,0
A-05d3b3,2024-04,2024-04-30,11,active,8,S-672dd6,3184,Enterprise,16,False,monthly,7761,0,0,0,0,2,1,0,,0
A-05d3b3,2024-05,2024-05-31,12,active,8,S-672dd6,3184,Enterprise,16,False,monthly,7761,0,0,0,0,4,2,1,4.00,0
A-05d3b3,2024-06,2024-06-30,13,active,8,S-672dd6,3184,Enterprise,16,False,monthly,7761,0,0,0,0,3,1,0,,0
A-05d3b3,2024-07,2024-07-31,14,active,8,S-672dd6,3184,Enterprise,16,False,monthly,7761,0,0,0,0,5,2,0,,0
A-05d3b3,2024-08,2024-08-31,15,active,9,S-672dd6,3184,Enterprise,16,False,monthly,8202,456,1,0,0,3,2,1,5.00,0
A-05d3b3,2024-09,2024-09-30,16,active,11,S-672dd6,3184,Enterprise,16,False,monthly,8373,0,0,1,1,5,4,0,,0
A-05d3b3,2024-10,2024-10-31,17,active,12,S-3ee288,3781,Enterprise,19,False,annual,12154,0,0,0,0,3,3,0,,0
A-05d3b3,2024-11,2024-11-30,18,active,12,S-3ee288,3781,Enterprise,19,False,annual,12154,0,0,0,0,1,1,1,,0
A-05d3b3,2024-12,2024-12-31,19,active,12,S-3ee288,3781,Enterprise,19,False,annual,12154,0,0,0,0,2,2,0,,0
A-05f0e5,2023-05,2023-05-31,0,inactive,0,,0,,0,,,0,0,0,0,0,2,0,0,,0
A-05f0e5,2023-06,2023-06-30,1,active,2,S-22365f,6368,Enterprise,32,False,annual,8622,0,0,0,0,4,0,0,,0
A-05f0e5,2023-07,2023-07-31,2,active,2,S-22365f,6368,Enterprise,32,False,annual,8622,0,0,0,0,1,0,0,,0
A-05f0e5,2023-08,2023-08-31,3,active,2,S-22365f,6368,Enterprise,32,False,annual,8622,0,0,0,0,5,1,0,,0
A-05f0e5,2023-09,2023-09-30,4,active,2,S-22365f,6368,Enterprise,32,False,annual,8622,0,0,0,0,0,0,0,,0
A-05f0e5,2023-10,2023-10-31,5,active,4,S-22365f,6368,Enterprise,32,False,annual,9838,0,0,0,0,3,2,1,4.00,0
A-05f0e5,2023-11,2023-11-30,6,active,4,S-22365f,6368,Enterprise,32,False,annual,9838,0,0,0,0,1,0,0,,0
A-05f0e5,2023-12,2023-12-31,7,active,4,S-22365f,6368,Enterprise,32,False,annual,9838,0,0,0,0,3,2,0,,0
A-05f0e5,2024-01,2024-01-31,8,active,4,S-22365f,6368,Enterprise,32,False,annual,9838,0,0,1,1,1,0,0,,0
A-05f0e5,2024-02,2024-02-29,9,active,5,S-22365f,6368,Enterprise,32,False,annual,10902,0,0,0,0,4,0,0,,0
A-05f0e5,2024-03,2024-03-31,10,active,5,S-22365f,6368,Enterprise,32,False,annual,10902,0,0,0,0,2,1,0,,0
A-05f0e5,2024-04,2024-04-30,11,active,6,S-42f3be,6368,Enterprise,32,False,monthly,17270,0,0,0,0,1,0,0,,0
A-05f0e5,2024-05,2024-05-31,12,active,7,S-42f3be,6368,Enterprise,32,False,monthly,18838,0,0,0,0,3,0,0,,0
A-05f0e5,2024-06,2024-06-30,13,active,8,S-d02277,18308,Enterprise,92,False,monthly,37146,0,0,0,0,3,3,1,4.00,0
A-05f0e5,2024-07,2024-07-31,14,active,9,S-d02277,18308,Enterprise,92,False,monthly,43514,0,0,0,0,4,3,0,,0
A-05f0e5,2024-08,2024-08-31,15,active,10,S-d02277,18308,Enterprise,92,False,monthly,45082,0,0,0,0,1,1,0,,0
A-05f0e5,2024-09,2024-09-30,16,active,10,S-d02277,18308,Enterprise,92,False,monthly,45082,0,0,0,0,2,1,0,,0
A-05f0e5,2024-10,2024-10-31,17,active,11,S-d02277,18308,Enterprise,92,False,monthly,48267,0,0,0,0,3,2,1,,0
A-05f0e5,2024-11,2024-11-30,18,active,12,S-d02277,18308,Enterprise,92,False,monthly,51109,0,0,1,1,7,7,0,,0
A-05f0e5,2024-12,2024-12-31,19,active,12,S-d02277,18308,Enterprise,92,False,monthly,51109,0,0,0,0,3,3,0,,0
A-0651a4,2024-10,2024-10-31,0,active,1,S-86fd71,11940,Enterprise,60,False,annual,11940,0,0,0,0,6,0,0,,0
A-0651a4,2024-11,2024-11-30,1,active,6,S-86fd71,11940,Enterprise,60,False,annual,23294,0,0,1,1,3,0,0,,0
A-0651a4,2024-12,2024-12-31,2,active,14,S-8c10c1,12935,Enterprise,65,False,annual,44564,0,1,1,1,3,3,0,,0
A-068fc6,2023-07,2023-07-31,0,inactive,0,,0,,0,,,0,0,0,0,0,5,0,0,,0
A-068fc6,2023-08,2023-08-31,1,inactive,0,,0,,0,,,0,0,0,0,0,4,0,0,,0
A-068fc6,2023-09,2023-09-30,2,inactive,0,,0,,0,,,0,0,0,0,0,2,0,1,4.00,0
A-068fc6,2023-10,2023-10-31,3,active,1,S-76767f,1715,Pro,35,False,monthly,1715,0,0,0,0,5,0,0,,0
A-068fc6,2023-11,2023-11-30,4,active,1,S-76767f,1715,Pro,35,False,monthly,1715,0,0,0,0,1,1,0,,0
A-068fc6,2023-12,2023-12-31,5,active,1,S-76767f,1715,Pro,35,False,monthly,1715,0,0,0,0,0,0,0,,0
A-068fc6,2024-01,2024-01-31,6,active,2,S-76767f,1715,Pro,35,False,monthly,1715,0,0,0,0,4,1,0,,0
A-068fc6,2024-02,2024-02-29,7,active,2,S-76767f,1715,Pro,35,False,monthly,1715,0,0,0,0,3,0,0,,0
A-068fc6,2024-03,2024-03-31,8,active,3,S-76767f,1715,Pro,35,False,monthly,2380,0,0,0,0,2,0,0,,0
A-068fc6,2024-04,2024-04-30,9,active,4,S-4b75c6,6965,Enterprise,35,False,annual,9345,0,0,0,0,5,2,1,4.00,0
A-068fc6,2024-05,2024-05-31,10,active,4,S-4b75c6,6965,Enterprise,35,False,annual,9345,0,0,0,0,1,0,0,,0
A-068fc6,2024-06,2024-06-30,11,active,4,S-4b75c6,6965,Enterprise,35,False,annual,9345,0,0,0,0,2,1,0,,0
A-068fc6,2024-07,2024-07-31,12,active,7,S-03a5b0,6965,Enterprise,35,False,monthly,19740,0,0,0,0,1,0,0,,0
A-068fc6,2024-08,2024-08-31,13,active,7,S-03a5b0,6965,Enterprise,35,False,monthly,19740,0,0,0,0,4,1,0,,0
A-068fc6,2024-09,2024-09-30,14,active,7,S-03a5b0,6965,Enterprise,35,False,monthly,19740,0,0,0,0,4,1,0,,0
A-068fc6,2024-10,2024-10-31,15,active,8,S-03a5b0,6965,Enterprise,35,False,monthly,20405,0,0,0,0,0,0,0,,0
A-068fc6,2024-11,2024-11-30,16,active,8,S-03a5b0,6965,Enterprise,35,False,monthly,20405,0,0,0,0,1,1,0,,0
A-068fc6,2024-12,2024-12-31,17,active,9,S-03a5b0,6965,Enterprise,35,False,monthly,22120,6965,1,0,0,5,4,0,,0
A-075038,2023-05,2023-05-31,0,inactive,0,,0,,0,,,0,0,0,0,0,1,0,0,,0
A-075038,2023-06,2023-06-30,1,inactive,0,,0,,0,,,0,0,0,0,0,0,0,0,,0
A-075038,2023-07,2023-07-31,2,active,1,S-0ae33f,5047,Pro,103,False,annual,5047,0,0,0,0,1,0,0,,0
A-075038,2023-08,2023-08-31,3,active,1,S-0ae33f,5047,Pro,103,False,annual,5047,0,0,0,0,5,0,0,,0
A-075038,2023-09,2023-09-30,4,active,1,S-0ae33f,5047,Pro,103,False,annual,5047,0,0,0,0,4,1,0,,0
A-075038,2023-10,2023-10-31,5,active,1,S-0ae33f,5047,Pro,103,False,annual,5047,0,0,0,0,1,0,0,,0
A-075038,2023-11,2023-11-30,6,active,4,S-0ae33f,5047,Pro,103,False,annual,5880,0,0,0,0,4,0,0,,0
A-075038,2023-12,2023-12-31,7,active,4,S-0ae33f,5047,Pro,103,False,annual,5880,0,0,0,0,3,0,0,,0
A-075038,2024-01,2024-01-31,8,active,6,S-0ae33f,5047,Pro,103,False,annual,8653,0,0,0,0,3,0,0,,0
A-075038,2024-02,2024-02-29,9,active,7,S-0ae33f,5047,Pro,103,False,annual,9486,0,0,0,0,4,3,0,,0
A-075038,2024-03,2024-03-31,10,active,7,S-0ae33f,5047,Pro,103,False,annual,9486,0,0,0,0,2,1,0,,0
A-075038,2024-04,2024-04-30,11,active,8,S-0ae33f,5047,Pro,103,False,annual,9809,0,0,0,0,1,1,0,,0
A-075038,2024-05,2024-05-31,12,active,9,S-0ae33f,5047,Pro,103,False,annual,10512,0,0,0,0,1,1,0,,0
A-075038,2024-06,2024-06-30,13,active,9,S-0ae33f,5047,Pro,103,False,annual,10512,0,0,0,0,3,2,0,,0
A-075038,2024-07,2024-07-31,14,active,11,S-0ae33f,5047,Pro,103,False,annual,14728,0,0,0,0,2,1,0,,0
A-075038,2024-08,2024-08-31,15,active,13,S-0ae33f,5047,Pro,103,False,annual,18111,0,0,0,0,8,6,0,,0
A-075038,2024-09,2024-09-30,16,active,13,S-0ae33f,5047,Pro,103,False,annual,18111,0,0,1,1,6,6,0,,0
A-075038,2024-10,2024-10-31,17,active,14,S-0ae33f,5047,Pro,103,False,annual,18909,0,0,0,0,5,4,1,3.00,0
A-075038,2024-11,2024-11-30,18,active,14,S-0ae33f,5047,Pro,103,False,annual,18909,0,0,0,0,3,3,0,,0
A-075038,2024-12,2024-12-31,19,active,14,S-0ae33f,5047,Pro,103,False,annual,18909,0,0,0,0,1,1,0,,0
A-089363,2023-05,2023-05-31,0,inactive,0,,0,,0,,,0,0,0,0,0,1,0,0,,0
A-089363,2023-06,2023-06-30,1,active,1,S-85caaf,98,Pro,2,False,annual,98,0,0,0,0,3,0,0,,0
A-089363,2023-07,2023-07-31,2,active,1,S-85caaf,98,Pro,2,False,annual,98,0,0,0,0,2,1,0,,0
A-089363,2023-08,2023-08-31,3,active,1,S-85caaf,98,Pro,2,False,annual,98,0,0,0,0,3,0,1,4.00,0
A-089363,2023-09,2023-09-30,4,active,1,S-85caaf,98,Pro,2,False,annual,98,0,0,0,0,1,0,0,,0
A-089363,2023-10,2023-10-31,5,active,2,S-85caaf,98,Pro,2,False,annual,98,0,0,0,0,6,1,0,,0
A-089363,2023-11,2023-11-30,6,active,3,S-a83bf1,760,Basic,40,False,monthly,858,0,0,1,1,2,0,1,3.00,0
A-089363,2023-12,2023-12-31,7,active,3,S-a83bf1,760,Basic,40,False,monthly,858,0,0,0,0,2,2,0,,0
A-089363,2024-01,2024-01-31,8,active,4,S-5bb13f,2985,Enterprise,15,False,monthly,3843,0,0,0,0,1,0,0,,0
A-089363,2024-02,2024-02-29,9,active,4,S-5bb13f,2985,Enterprise,15,False,monthly,3843,0,0,0,0,5,0,0,,0
A-089363,2024-03,2024-03-31,10,active,4,S-5bb13f,2985,Enterprise,15,False,monthly,3843,0,0,0,0,3,0,0,,0
A-089363,2024-04,2024-04-30,11,active,4,S-5bb13f,2985,Enterprise,15,False,monthly,3843,0,0,0,0,1,0,0,,0
A-089363,2024-05,2024-05-31,12,active,4,S-5bb13f,2985,Enterprise,15,False,monthly,3843,0,0,0,0,2,1,0,,0
A-089363,2024-06,2024-06-30,13,active,8,S-5bb13f,2985,Enterprise,15,False,monthly,3900,0,0,0,0,4,2,0,,0
A-089363,2024-07,2024-07-31,14,active,9,S-5bb13f,2985,Enterprise,15,False,monthly,5174,0,0,0,0,5,3,0,,0
A-089363,2024-08,2024-08-31,15,active,10,S-5bb13f,2985,Enterprise,15,False,monthly,7164,0,0,0,0,0,0,0,,0
A-089363,2024-09,2024-09-30,16,active,10,S-5bb13f,2985,Enterprise,15,False,monthly,7164,0,0,0,0,1,1,1,4.00,0
A-089363,2024-10,2024-10-31,17,active,11,S-5bb13f,2985,Enterprise,15,False,monthly,7373,0,0,0,0,4,3,0,,0
A-089363,2024-11,2024-11-30,18,active,12,S-1e1853,5174,Enterprise,26,False,monthly,12547,8557,1,0,0,2,2,0,,0
A-089363,2024-12,2024-12-31,19,active,13,S-1e1853,5174,Enterprise,26,False,monthly,12547,5174,1,0,0,1,1,0,,0
A-08e34e,2024-06,2024-06-30,0,inactive,0,,0,,0,,,0,0,0,0,0,2,0,0,,1
A-08e34e,2024-07,2024-07-31,1,active,2,S-bbe998,686,Pro,14,False,annual,686,0,0,1,1,6,1,1,3.00,1
A-08e34e,2024-08,2024-08-31,2,active,4,S-42daaa,1463,Basic,77,False,annual,2835,0,0,0,0,3,1,0,,1
A-08e34e,2024-09,2024-09-30,3,active,7,S-7d55dc,5970,Enterprise,30,False,annual,10422,0,0,1,1,2,0,0,,1
A-08e34e,2024-10,2024-10-31,4,active,7,S-7d55dc,5970,Enterprise,30,False,annual,10422,0,0,0,0,4,3,0,,1
A-08e34e,2024-11,2024-11-30,5,active,8,S-7d55dc,5970,Enterprise,30,False,annual,16193,0,0,0,0,1,1,0,,1
A-08e34e,2024-12,2024-12-31,6,active,11,S-7d55dc,5970,Enterprise,30,False,annual,21821,0,0,0,0,3,3,0,,1
A-09316c,2024-09,2024-09-30,0,active,3,S-fdb8f1,13930,Enterprise,70,False,annual,29190,0,0,0,0,1,0,0,,0
A-09316c,2024-10,2024-10-31,1,active,4,S-fdb8f1,13930,Enterprise,70,False,annual,29190,0,0,0,0,0,0,0,,0
A-09316c,2024-11,2024-11-30,2,active,8,S-fdb8f1,13930,Enterprise,70,False,annual,40810,0,0,0,0,2,2,1,3.00,0
A-09316c,2024-12,2024-12-31,3,active,11,S-d98caa,13930,Enterprise,70,False,annual,70000,0,0,1,1,3,3,1,3.00,0
A-09540c,2023-10,2023-10-31,0,inactive,0,,0,,0,,,0,0,0,0,0,1,0,0,,0
A-09540c,2023-11,2023-11-30,1,inactive,0,,0,,0,,,0,0,0,0,0,1,0,0,,0
A-09540c,2023-12,2023-12-31,2,inactive,0,,0,,0,,,0,0,0,0,0,0,0,0,,0
A-09540c,2024-01,2024-01-31,3,inactive,0,,0,,0,,,0,0,0,0,0,0,0,0,,0
A-09540c,2024-02,2024-02-29,4,inactive,0,,0,,0,,,0,0,0,0,0,1,0,1,4.00,0
A-09540c,2024-03,2024-03-31,5,inactive,0,,0,,0,,,0,0,0,1,1,0,0,0,,0
A-09540c,2024-04,2024-04-30,6,active,1,S-a81bcd,1273,Basic,67,False,annual,1273,0,0,0,0,2,0,0,,0
A-09540c,2024-05,2024-05-31,7,active,2,S-0e43ee,13333,Enterprise,67,False,monthly,14606,0,0,0,0,0,0,0,,0
A-09540c,2024-06,2024-06-30,8,active,2,S-0e43ee,13333,Enterprise,67,False,monthly,14606,0,0,0,0,0,0,0,,0
A-09540c,2024-07,2024-07-31,9,active,2,S-0e43ee,13333,Enterprise,67,False,monthly,14606,0,0,0,0,3,1,0,,0
A-09540c,2024-08,2024-08-31,10,active,4,S-0e43ee,13333,Enterprise,67,False,monthly,17152,0,0,0,0,1,1,0,,0
A-09540c,2024-09,2024-09-30,11,active,4,S-0e43ee,13333,Enterprise,67,False,monthly,17152,0,0,0,0,1,0,0,,0
A-09540c,2024-10,2024-10-31,12,active,4,S-0e43ee,13333,Enterprise,67,False,monthly,17152,0,0,0,0,3,3,0,,0
A-09540c,2024-11,2024-11-30,13,active,4,S-0e43ee,13333,Enterprise,67,False,monthly,19162,1273,1,0,0,0,0,0,,0
A-09540c,2024-12,2024-12-31,14,active,5,S-0e43ee,13333,Enterprise,67,False,monthly,22445,0,0,0,0,1,0,0,,0
A-098560,2023-10,2023-10-31,0,inactive,0,,0,,0,,,0,0,0,0,0,2,0,0,,1
A-098560,2023-11,2023-11-30,1,inactive,0,,0,,0,,,0,0,0,0,0,2,0,0,,1
A-098560,2023-12,2023-12-31,2,active,1,S-94aaef,1715,Pro,35,False,annual,1715,0,0,0,0,1,0,0,,1
A-098560,2024-01,2024-01-31,3,active,1,S-94aaef,1715,Pro,35,False,annual,1715,0,0,0,0,1,0,0,,1
A-098560,2024-02,2024-02-29,4,active,2,S-94aaef,1715,Pro,35,False,annual,1715,0,0,0,0,0,0,0,,1
A-098560,2024-03,2024-03-31,5,active,3,S-94aaef,1715,Pro,35,False,annual,2303,0,0,0,0,2,0,0,,1
A-098560,2024-04,2024-04-30,6,active,5,S-94aaef,1715,Pro,35,False,annual,3718,0,0,0,0,4,1,0,,1
A-098560,2024-05,2024-05-31,7,active,5,S-94aaef,1715,Pro,35,False,annual,3718,0,0,1,1,1,0,0,,1
A-098560,2024-06,2024-06-30,8,active,5,S-94aaef,1715,Pro,35,False,annual,3718,0,0,0,0,0,0,0,,1
A-098560,2024-07,2024-07-31,9,active,7,S-94aaef,1715,Pro,35,False,annual,4866,0,0,0,0,3,0,0,,1
A-098560,2024-08,2024-08-31,10,active,7,S-94aaef,1715,Pro,35,False,annual,4866,0,0,0,0,1,0,0,,1
A-098560,2024-09,2024-09-30,11,active,9,S-0337da,5771,Enterprise,29,False,monthly,10770,0,0,1,1,4,4,0,,1
A-098560,2024-10,2024-10-31,12,active,9,S-0337da,5771,Enterprise,29,False,monthly,10979,551,1,0,0,4,3,0,,1
A-098560,2024-11,2024-11-30,13,active,10,S-0337da,5771,Enterprise,29,False,monthly,11775,0,0,0,0,1,1,0,,1
A-098560,2024-12,2024-12-31,14,active,10,S-0337da,5771,Enterprise,29,False,monthly,11775,0,0,0,0,2,2,1,3.00,1
A-0a282f,2024-08,2024-08-31,0,active,1,S-a346d6,3781,Enterprise,19,False,annual,3781,0,0,0,0,3,0,0,,0
A-0a282f,2024-09,2024-09-30,1,active,1,S-973e8e,1194,Enterprise,6,False,annual,1194,3781,1,0,0,3,0,0,,0
A-0a282f,2024-10,2024-10-31,2,active,9,S-3b98b1,5771,Enterprise,29,False,monthly,10523,0,0,1,1,0,0,1,4.00,0
A-0a282f,2024-11,2024-11-30,3,active,10,S-3b98b1,5771,Enterprise,29,False,monthly,10572,0,0,0,0,3,1,0,,0
A-0a282f,2024-12,2024-12-31,4,active,12,S-3b98b1,5771,Enterprise,29,False,monthly,13311,1194,2,1,1,8,5,0,,0
A-0a62f5,2024-09,2024-09-30,0,active,1,S-c62bb7,3184,Enterprise,16,False,monthly,3184,0,0,1,1,0,0,0,,0
A-0a62f5,2024-10,2024-10-31,1,active,2,S-c62bb7,3184,Enterprise,16,False,monthly,3968,0,0,1,1,0,0,0,,0
A-0a62f5,2024-11,2024-11-30,2,active,2,S-c62bb7,3184,Enterprise,16,False,monthly,3968,0,0,0,0,1,1,1,,0
A-0a62f5,2024-12,2024-12-31,3,active,4,S-c62bb7,3184,Enterprise,16,False,monthly,4861,0,0,1,3,0,0,0,,0
A-0aaf6e,2024-05,2024-05-31,0,inactive,0,,0,,0,,,0,0,0,0,0,1,0,0,,0
A-0aaf6e,2024-06,2024-06-30,1,active,1,S-f97537,1813,Pro,37,False,monthly,1813,0,0,0,0,3,0,1,3.00,0
A-0aaf6e,2024-07,2024-07-31,2,active,2,S-f97537,1813,Pro,37,False,monthly,1813,0,0,0,0,2,1,0,,0
A-0aaf6e,2024-08,2024-08-31,3,active,4,S-f97537,1813,Pro,37,False,monthly,2269,0,0,0,0,3,0,0,,0
A-0aaf6e,2024-09,2024-09-30,4,active,4,S-f97537,1813,Pro,37,False,monthly,2269,0,0,0,0,1,1,0,,0
A-0aaf6e,2024-10,2024-10-31,5,active,4,S-f97537,1813,Pro,37,False,monthly,2269,0,0,0,0,3,1,1,5.00,0
A-0aaf6e,2024-11,2024-11-30,6,active,6,S-f97537,1813,Pro,37,False,monthly,2402,0,0,0,0,2,0,0,,0
A-0aaf6e,2024-12,2024-12-31,7,active,8,S-e7d026,17512,Enterprise,88,False,annual,23496,588,1,0,0,4,3,0,,0
A-0b0d6d,2024-12,2024-12-31,0,active,13,S-7e145e,10348,Enterprise,52,False,annual,33491,3062,2,1,1,3,0,0,,0
A-0baac2,2024-05,2024-05-31,0,inactive,0,,0,,0,,,0,0,0,0,0,2,0,0,,1
A-0baac2,2024-06,2024-06-30,1,active,1,S-3c3a3e,5771,Enterprise,29,False,annual,5771,0,0,0,0,2,0,2,3.00,1
A-0baac2,2024-07,2024-07-31,2,active,1,S-3c3a3e,5771,Enterprise,29,False,annual,5771,0,0,1,1,0,0,1,5.00,1
A-0baac2,2024-08,2024-08-31,3,active,1,S-3c3a3e,5771,Enterprise,29,False,annual,5771,0,0,0,0,1,1,0,,1
A-0baac2,2024-09,2024-09-30,4,inactive,0,,0,,0,,,0,5771,1,1,1,0,0,1,5.00,1
A-0baac2,2024-10,2024-10-31,5,active,2,S-21ebb6,6169,Enterprise,31,False,annual,6796,0,0,1,1,3,0,0,,1
A-0baac2,2024-11,2024-11-30,6,active,2,S-21ebb6,6169,Enterprise,31,False,annual,6796,0,0,0,0,0,0,0,,1
A-0baac2,2024-12,2024-12-31,7,active,4,S-21ebb6,6169,Enterprise,31,False,annual,9943,2786,1,1,1,0,0,0,,1
A-0be015,2024-10,2024-10-31,0,active,1,S-22014f,361,Basic,19,False,annual,361,0,0,0,0,4,1,0,,0
A-0be015,2024-11,2024-11-30,1,active,2,S-f9a56a,456,Basic,24,False,monthly,817,361,1,0,0,0,0,1,,0
A-0be015,2024-12,2024-12-31,2,active,4,S-f9a56a,456,Basic,24,False,monthly,817,0,0,1,1,0,0,1,4.00,0
A-0cc442,2024-07,2024-07-31,0,active,1,S-1351ac,0,Enterprise,45,True,monthly,0,0,0,1,1,3,0,0,,0
A-0cc442,2024-08,2024-08-31,1,active,2,S-658bcb,8955,Enterprise,45,False,monthly,8955,0,0,0,0,4,0,0,,0
A-0cc442,2024-09,2024-09-30,2,active,7,S-6ca46a,10547,Enterprise,53,False,annual,31517,0,0,1,1,3,3,0,,0
A-0cc442,2024-10,2024-10-31,3,active,8,S-6ca46a,10547,Enterprise,53,False,annual,33227,1843,2,1,2,5,4,0,,0
A-0cc442,2024-11,2024-11-30,4,active,10,S-6ca46a,10547,Enterprise,53,False,annual,51137,0,0,0,0,3,3,0,,0
A-0cc442,2024-12,2024-12-31,5,active,11,S-6ca46a,10547,Enterprise,53,False,annual,60092,0,0,0,0,2,1,0,,0
A-0dbdc6,2023-02,2023-02-28,0,inactive,0,,0,,0,,,0,0,0,0,0,2,0,0,,1
A-0dbdc6,2023-03,2023-03-31,1,inactive,0,,0,,0,,,0,0,0,0,0,4,0,0,,1
A-0dbdc6,2023-04,2023-04-30,2,inactive,0,,0,,0,,,0,0,0,0,0,2,0,0,,1
A-0dbdc6,2023-05,2023-05-31,3,inactive,0,,0,,0,,,0,0,0,0,0,2,0,0,,1
A-0dbdc6,2023-06,2023-06-30,4,active,1,S-8e169f,0,Pro,30,True,annual,0,0,0,0,0,2,0,0,,1
A-0dbdc6,2023-07,2023-07-31,5,active,1,S-8e169f,0,Pro,30,True,annual,0,0,0,0,0,3,0,0,,1
A-0dbdc6,2023-08,2023-08-31,6,active,1,S-8e169f,0,Pro,30,True,annual,0,0,0,0,0,3,0,1,,1
A-0dbdc6,2023-09,2023-09-30,7,active,1,S-8e169f,0,Pro,30,True,annual,0,0,0,0,0,2,1,2,,1
A-0dbdc6,2023-10,2023-10-31,8,active,1,S-8e169f,0,Pro,30,True,annual,0,0,0,0,0,1,0,0,,1
A-0dbdc6,2023-11,2023-11-30,9,active,2,S-4fd561,570,Basic,30,False,monthly,570,0,0,1,1,4,2,0,,1
A-0dbdc6,2023-12,2023-12-31,10,active,2,S-4fd561,570,Basic,30,False,monthly,570,0,0,0,0,0,0,0,,1
A-0dbdc6,2024-01,2024-01-31,11,active,2,S-4fd561,570,Basic,30,False,monthly,570,0,0,0,0,7,3,0,,1
A-0dbdc6,2024-02,2024-02-29,12,active,2,S-4fd561,570,Basic,30,False,monthly,570,0,0,0,0,2,0,0,,1
A-0dbdc6,2024-03,2024-03-31,13,active,3,S-e92512,570,Basic,30,False,monthly,1140,0,0,0,0,0,0,0,,1
A-0dbdc6,2024-04,2024-04-30,14,active,4,S-61d573,1470,Pro,30,False,annual,2610,0,0,1,1,0,0,0,,1
A-0dbdc6,2024-05,2024-05-31,15,active,5,S-8ae804,9950,Enterprise,50,False,monthly,12560,0,0,0,0,1,1,0,,1
A-0dbdc6,2024-06,2024-06-30,16,active,5,S-8ae804,9950,Enterprise,50,False,monthly,12560,0,0,0,0,2,1,0,,1
A-0dbdc6,2024-07,2024-07-31,17,active,6,S-8ae804,9950,Enterprise,50,False,monthly,14030,0,0,0,0,3,2,0,,1
A-0dbdc6,2024-08,2024-08-31,18,active,6,S-8ae804,9950,Enterprise,50,False,monthly,14030,0,0,0,0,4,3,0,,1
A-0dbdc6,2024-09,2024-09-30,19,active,6,S-8ae804,9950,Enterprise,50,False,monthly,14030,0,0,0,0,2,2,0,,1
A-0dbdc6,2024-10,2024-10-31,20,active,8,S-8ae804,9950,Enterprise,50,False,monthly,25970,0,0,0,0,3,1,1,5.00,1
A-0dbdc6,2024-11,2024-11-30,21,active,8,S-8ae804,9950,Enterprise,50,False,monthly,25970,0,0,0,0,0,0,0,,1
A-0dbdc6,2024-12,2024-12-31,22,active,9,S-8ae804,9950,Enterprise,50,False,monthly,28273,0,0,0,0,3,3,0,,1
A-0e966d,2024-06,2024-06-30,0,active,1,S-b420be,4577,Enterprise,23,False,annual,4577,0,0,0,0,2,0,0,,1
A-0e966d,2024-07,2024-07-31,1,active,1,S-b420be,4577,Enterprise,23,False,annual,4577,0,0,0,0,1,0,0,,1
A-0e966d,2024-08,2024-08-31,2,active,2,S-b420be,4577,Enterprise,23,False,annual,4577,0,0,0,0,2,0,0,,1
A-0e966d,2024-09,2024-09-30,3,active,5,S-b420be,4577,Enterprise,23,False,annual,5632,0,0,0,0,1,0,1,5.00,1
A-0e966d,2024-10,2024-10-31,4,active,8,S-b420be,4577,Enterprise,23,False,annual,9382,0,0,0,0,5,4,0,,1
A-0e966d,2024-11,2024-11-30,5,active,11,S-b420be,4577,Enterprise,23,False,annual,12445,209,1,0,0,3,2,0,,1
A-0e966d,2024-12,2024-12-31,6,active,10,S-b420be,4577,Enterprise,23,False,annual,12236,0,0,0,0,4,3,1,4.00,1
A-0f3e88,2023-07,2023-07-31,0,inactive,0,,0,,0,,,0,0,0,0,0,1,0,0,,1
A-0f3e88,2023-08,2023-08-31,1,active,1,S-9cfabf,133,Basic,7,False,annual,133,0,0,0,0,2,0,0,,1
A-0f3e88,2023-09,2023-09-30,2,active,2,S-d735d1,456,Basic,24,False,monthly,589,0,0,0,0,1,0,0,,1
A-0f3e88,2023-10,2023-10-31,3,active,2,S-d735d1,456,Basic,24,False,monthly,589,0,0,0,0,3,0,0,,1
A-0f3e88,2023-11,2023-11-30,4,active,2,S-d735d1,456,Basic,24,False,monthly,589,0,0,0,0,1,0,1,5.00,1
A-0f3e88,2023-12,2023-12-31,5,active,3,S-d735d1,456,Basic,24,False,monthly,893,0,0,0,0,1,1,0,,1
A-0f3e88,2024-01,2024-01-31,6,active,4,S-dcbf45,1078,Pro,22,False,monthly,1971,0,0,0,0,1,0,0,,1
A-0f3e88,2024-02,2024-02-29,7,active,5,S-c284ce,2189,Enterprise,11,False,monthly,4160,0,0,0,0,3,1,0,,1
A-0f3e88,2024-03,2024-03-31,8,active,5,S-c284ce,2189,Enterprise,11,False,monthly,4160,0,0,0,0,3,2,0,,1
A-0f3e88,2024-04,2024-04-30,9,active,6,S-c284ce,2189,Enterprise,11,False,monthly,4426,0,0,0,0,2,1,0,,1
A-0f3e88,2024-05,2024-05-31,10,active,6,S-c284ce,2189,Enterprise,11,False,monthly,4426,0,0,0,0,2,1,0,,1
A-0f3e88,2024-06,2024-06-30,11,active,7,S-c284ce,2189,Enterprise,11,False,monthly,4749,0,0,0,0,3,2,0,,1
A-0f3e88,2024-07,2024-07-31,12,active,7,S-c284ce,2189,Enterprise,11,False,monthly,4749,0,0,0,0,3,3,1,,1
A-0f3e88,2024-08,2024-08-31,13,active,7,S-c284ce,2189,Enterprise,11,False,monthly,4749,0,0,1,1,3,1,0,,1
A-0f3e88,2024-09,2024-09-30,14,active,7,S-c284ce,2189,Enterprise,11,False,monthly,4749,0,0,0,0,3,2,0,,1
A-0f3e88,2024-10,2024-10-31,15,active,8,S-c284ce,2189,Enterprise,11,False,monthly,4958,0,0,0,0,3,1,1,4.00,1
A-0f3e88,2024-11,2024-11-30,16,active,10,S-c284ce,2189,Enterprise,11,False,monthly,5281,0,0,0,0,5,3,0,,1
A-0f3e88,2024-12,2024-12-31,17,active,10,S-c284ce,2189,Enterprise,11,False,monthly,5281,343,1,0,0,5,5,0,,1
A-0f6450,2024-12,2024-12-31,0,active,11,S-1c54b6,5572,Enterprise,28,False,monthly,23800,0,0,1,2,0,0,0,,1
A-0f7d77,2024-10,2024-10-31,0,inactive,0,,0,,0,,,0,0,0,0,0,1,0,0,,0
A-0f7d77,2024-11,2024-11-30,1,active,2,S-e9b437,539,Pro,11,False,monthly,653,0,0,1,1,3,0,0,,0
A-0f7d77,2024-12,2024-12-31,2,active,6,S-126e7e,1393,Enterprise,7,False,monthly,2326,0,1,0,0,2,1,0,,0
A-104f1a,2024-08,2024-08-31,0,inactive,0,,0,,0,,,0,0,0,0,0,3,0,0,,0
A-104f1a,2024-09,2024-09-30,1,active,3,S-59f0a6,6027,Pro,123,False,monthly,7987,0,0,1,2,0,0,0,,0
A-104f1a,2024-10,2024-10-31,2,active,4,S-59f0a6,6027,Pro,123,False,monthly,9163,0,0,0,0,1,1,0,,0
A-104f1a,2024-11,2024-11-30,3,active,4,S-7c81dd,1960,Pro,40,False,monthly,3592,6027,1,0,0,4,2,0,,0
A-104f1a,2024-12,2024-12-31,4,active,7,S-7c81dd,1960,Pro,40,False,monthly,6590,0,0,1,1,2,2,1,,0
A-10b8da,2023-05,2023-05-31,0,active,1,S-b4212b,3383,Enterprise,17,False,monthly,3383,0,0,0,0,1,0,0,,1
A-10b8da,2023-06,2023-06-30,1,active,2,S-b4212b,3383,Enterprise,17,False,monthly,3649,0,0,0,0,0,0,0,,1
A-10b8da,2023-07,2023-07-31,2,active,2,S-b4212b,3383,Enterprise,17,False,monthly,3649,0,0,0,0,4,2,0,,1
A-10b8da,2023-08,2023-08-31,3,active,2,S-b4212b,3383,Enterprise,17,False,monthly,3649,0,0,0,0,1,0,0,,1
A-10b8da,2023-09,2023-09-30,4,active,2,S-b4212b,3383,Enterprise,17,False,monthly,3649,0,0,0,0,0,0,1,4.00,1
A-10b8da,2023-10,2023-10-31,5,active,2,S-b4212b,3383,Enterprise,17,False,monthly,3649,0,0,0,0,0,0,0,,1
A-10b8da,2023-11,2023-11-30,6,active,2,S-b4212b,3383,Enterprise,17,False,monthly,3649,0,0,0,0,2,0,0,,1
A-10b8da,2023-12,2023-12-31,7,active,2,S-b4212b,3383,Enterprise,17,False,monthly,3649,0,0,0,0,0,0,0,,1
A-10b8da,2024-01,2024-01-31,8,active,1,S-bfca66,266,Basic,14,False,annual,266,3383,1,0,0,1,0,0,,1
A-10b8da,2024-02,2024-02-29,9,active,1,S-bfca66,266,Basic,14,False,annual,266,0,0,0,0,3,1,0,,1
A-10b8da,2024-03,2024-03-31,10,active,1,S-bfca66,266,Basic,14,False,annual,266,0,0,0,0,0,0,0,,1
A-10b8da,2024-04,2024-04-30,11,active,2,S-bfca66,266,Basic,14,False,annual,266,0,0,0,0,1,1,0,,1
A-10b8da,2024-05,2024-05-31,12,active,3,S-c1ad26,686,Pro,14,False,annual,952,0,0,0,0,0,0,0,,1
A-10b8da,2024-06,2024-06-30,13,active,3,S-c1ad26,686,Pro,14,False,annual,952,0,0,0,0,2,1,0,,1
A-10b8da,2024-07,2024-07-31,14,active,4,S-020dce,2786,Enterprise,14,False,monthly,3738,0,0,0,0,0,0,0,,1
A-10b8da,2024-08,2024-08-31,15,active,4,S-020dce,2786,Enterprise,14,False,monthly,3738,0,0,0,0,0,0,0,,1
A-10b8da,2024-09,2024-09-30,16,active,5,S-020dce,2786,Enterprise,14,False,monthly,5404,0,0,0,0,1,1,0,,1
A-10b8da,2024-10,2024-10-31,17,active,5,S-020dce,2786,Enterprise,14,False,monthly,5404,0,0,0,0,4,3,0,,1
A-10b8da,2024-11,2024-11-30,18,active,5,S-020dce,2786,Enterprise,14,False,monthly,5404,0,0,0,0,0,0,0,,1
A-10b8da,2024-12,2024-12-31,19,active,5,S-020dce,2786,Enterprise,14,False,monthly,5404,0,0,0,0,2,0,0,,1
A-10b8f2,2023-01,2023-01-31,0,inactive,0,,0,,0,,,0,0,0,0,0,3,0,0,,0
A-10b8f2,2023-02,2023-02-28,1,active,1,S-fa9b43,0,Basic,47,True,annual,0,0,0,0,0,1,0,0,,0
A-10b8f2,2023-03,2023-03-31,2,active,1,S-fa9b43,0,Basic,47,True,annual,0,0,0,0,0,3,0,0,,0
A-10b8f2,2023-04,2023-04-30,3,active,2,S-4a89a7,893,Basic,47,False,monthly,893,0,0,0,0,1,0,0,,0
A-10b8f2,2023-05,2023-05-31,4,active,2,S-4a89a7,893,Basic,47,False,monthly,893,0,0,0,0,3,0,0,,0
A-10b8f2,2023-06,2023-06-30,5,active,3,S-49a9aa,969,Basic,51,False,annual,1862,0,0,0,0,2,0,0,,0
A-10b8f2,2023-07,2023-07-31,6,active,3,S-49a9aa,969,Basic,51,False,annual,1862,0,0,0,0,1,0,0,,0
A-10b8f2,2023-08,2023-08-31,7,active,4,S-49a9aa,969,Basic,51,False,annual,1862,0,0,0,0,4,0,0,,0
A-10b8f2,2023-09,2023-09-30,8,active,4,S-49a9aa,969,Basic,51,False,annual,1862,0,0,0,0,1,0,0,,0
A-10b8f2,2023-10,2023-10-31,9,active,6,S-5e558a,9353,Enterprise,47,False,annual,13861,0,0,0,0,2,1,0,,0
A-10b8f2,2023-11,2023-11-30,10,active,6,S-5e558a,9353,Enterprise,47,False,annual,13861,0,0,0,0,3,1,1,5.00,0
A-10b8f2,2023-12,2023-12-31,11,active,6,S-5e558a,9353,Enterprise,47,False,annual,13861,0,0,0,0,1,0,1,5.00,0
A-10b8f2,2024-01,2024-01-31,12,active,7,S-5e558a,9353,Enterprise,47,False,annual,14754,0,0,0,0,1,0,1,3.00,0
A-10b8f2,2024-02,2024-02-29,13,active,7,S-5e558a,9353,Enterprise,47,False,annual,14754,0,0,0,0,5,3,0,,0
A-10b8f2,2024-03,2024-03-31,14,active,8,S-5e558a,9353,Enterprise,47,False,annual,17057,0,0,0,0,4,3,0,,0
A-10b8f2,2024-04,2024-04-30,15,active,10,S-7ea264,9353,Enterprise,47,False,annual,28367,0,0,0,0,1,1,0,,0
A-10b8f2,2024-05,2024-05-31,16,active,10,S-7ea264,9353,Enterprise,47,False,annual,28367,0,0,0,0,0,0,0,,0
A-10b8f2,2024-06,2024-06-30,17,active,10,S-7ea264,9353,Enterprise,47,False,annual,28367,0,0,1,1,1,1,0,,0
A-10b8f2,2024-07,2024-07-31,18,active,10,S-7ea264,9353,Enterprise,47,False,annual,28367,0,0,0,0,4,4,0,,0
A-10b8f2,2024-08,2024-08-31,19,active,11,S-7ea264,9353,Enterprise,47,False,annual,28367,0,0,0,0,3,2,0,,0
A-10b8f2,2024-09,2024-09-30,20,active,11,S-7ea264,9353,Enterprise,47,False,annual,28367,0,0,0,0,3,3,0,,0
A-10b8f2,2024-10,2024-10-31,21,active,11,S-7ea264,9353,Enterprise,47,False,annual,28367,0,0,0,0,1,1,0,,0
A-10b8f2,2024-11,2024-11-30,22,active,11,S-7ea264,9353,Enterprise,47,False,annual,28367,0,0,0,0,3,3,0,,0
A-10b8f2,2024-12,2024-12-31,23,active,12,S-7ea264,9353,Enterprise,47,False,annual,30719,0,0,0,0,5,4,0,,0
A-117171,2024-09,2024-09-30,0,inactive,0,,0,,0,,,0,0,0,0,0,0,0,0,,1
A-117171,2024-10,2024-10-31,1,active,2,S-e71203,8955,Enterprise,45,False,monthly,8955,0,0,1,2,0,0,0,,1
A-117171,2024-11,2024-11-30,2,active,4,S-e71203,8955,Enterprise,45,False,monthly,9810,0,0,1,1,1,1,0,,1
A-117171,2024-12,2024-12-31,3,active,4,S-e71203,8955,Enterprise,45,False,monthly,9810,2205,1,0,0,1,1,1,4.00,1
A-118d55,2024-10,2024-10-31,0,active,1,S-a4d121,1592,Enterprise,8,False,monthly,1592,0,0,0,0,4,0,0,,0
A-118d55,2024-11,2024-11-30,1,active,4,S-b9bbfd,7164,Enterprise,36,False,monthly,12225,0,0,1,1,2,0,0,,0
A-118d55,2024-12,2024-12-31,2,active,12,S-b9bbfd,7164,Enterprise,36,False,monthly,23919,5771,1,1,1,3,1,2,4.00,0
A-118f1c,2024-10,2024-10-31,0,active,1,S-eff39c,6368,Enterprise,32,False,annual,6368,0,0,0,0,2,0,0,,0
A-118f1c,2024-11,2024-11-30,1,active,2,S-2c1ca6,6368,Enterprise,32,False,monthly,12736,0,0,0,0,0,0,0,,0
A-118f1c,2024-12,2024-12-31,2,active,7,S-3fb8f4,6368,Enterprise,32,False,annual,26688,26080,2,1,1,0,0,0,,0
A-13466a,2023-10,2023-10-31,0,inactive,0,,0,,0,,,0,0,0,0,0,0,0,0,,1
A-13466a,2023-11,2023-11-30,1,active,1,S-2f8dbb,38,Basic,2,False,annual,38,0,0,1,1,1,0,1,5.00,1
A-13466a,2023-12,2023-12-31,2,active,1,S-2f8dbb,38,Basic,2,False,annual,38,0,0,0,0,1,0,0,,1
A-13466a,2024-01,2024-01-31,3,active,1,S-2f8dbb,38,Basic,2,False,annual,38,0,0,0,0,0,0,0,,1
A-13466a,2024-02,2024-02-29,4,active,2,S-af6536,7960,Enterprise,40,False,monthly,7998,0,0,0,0,3,1,0,,1
A-13466a,2024-03,2024-03-31,5,active,2,S-af6536,7960,Enterprise,40,False,monthly,7998,0,0,0,0,0,0,0,,1
A-13466a,2024-04,2024-04-30,6,active,3,S-af6536,7960,Enterprise,40,False,monthly,7998,0,0,1,1,1,0,0,,1
A-13466a,2024-05,2024-05-31,7,active,4,S-af6536,7960,Enterprise,40,False,monthly,12376,0,0,0,0,0,0,0,,1
A-13466a,2024-06,2024-06-30,8,active,3,S-af6536,7960,Enterprise,40,False,monthly,12338,38,1,0,0,2,1,0,,1
A-13466a,2024-07,2024-07-31,9,active,3,S-af6536,7960,Enterprise,40,False,monthly,12338,0,0,0,0,0,0,0,,1
A-13466a,2024-08,2024-08-31,10,active,3,S-af6536,7960,Enterprise,40,False,monthly,12338,0,0,0,0,0,0,0,,1
A-13466a,2024-09,2024-09-30,11,active,4,S-af6536,7960,Enterprise,40,False,monthly,8927,4378,1,0,0,0,0,0,,1
A-13466a,2024-10,2024-10-31,12,active,3,S-b89456,796,Enterprise,4,False,monthly,967,7960,1,0,0,2,1,0,,1
A-13466a,2024-11,2024-11-30,13,active,3,S-b89456,796,Enterprise,4,False,monthly,967,0,0,0,0,0,0,1,3.00,1
A-13466a,2024-12,2024-12-31,14,active,3,S-b89456,796,Enterprise,4,False,monthly,967,796,1,0,0,2,2,0,,1
A-139c3b,2024-11,2024-11-30,0,active,3,S-46ff9c,1372,Pro,28,False,monthly,2756,0,0,0,0,4,1,0,,1
A-139c3b,2024-12,2024-12-31,1,active,7,S-a2afb0,3582,Enterprise,18,False,annual,7655,2205,2,0,0,3,2,2,4.50,1
A-149a69,2024-10,2024-10-31,0,inactive,0,,0,,0,,,0,0,0,0,0,0,0,2,4.00,0
A-149a69,2024-11,2024-11-30,1,inactive,0,,0,,0,,,0,0,0,0,0,0,0,0,,0
A-149a69,2024-12,2024-12-31,2,active,3,S-770018,6766,Enterprise,34,False,annual,8058,0,0,1,1,0,0,0,,0
A-151c9a,2023-01,2023-01-31,0,inactive,0,,0,,0,,,0,0,0,0,0,1,0,0,,0
A-151c9a,2023-02,2023-02-28,1,inactive,0,,0,,0,,,0,0,0,0,0,1,0,0,,0
A-151c9a,2023-03,2023-03-31,2,inactive,0,,0,,0,,,0,0,0,0,0,1,0,0,,0
A-151c9a,2023-04,2023-04-30,3,inactive,0,,0,,0,,,0,0,0,0,0,1,0,0,,0
A-151c9a,2023-05,2023-05-31,4,active,1,S-da9f05,1127,Pro,23,False,annual,1127,0,0,0,0,1,0,0,,0
A-151c9a,2023-06,2023-06-30,5,active,1,S-da9f05,1127,Pro,23,False,annual,1127,0,0,0,0,0,0,0,,0
A-151c9a,2023-07,2023-07-31,6,active,2,S-f24609,1421,Pro,29,False,monthly,2548,0,0,0,0,1,0,0,,0
A-151c9a,2023-08,2023-08-31,7,active,2,S-f24609,1421,Pro,29,False,monthly,2548,0,0,0,0,1,0,0,,0
A-151c9a,2023-09,2023-09-30,8,active,2,S-f24609,1421,Pro,29,False,monthly,2548,0,0,0,0,2,0,0,,0
A-151c9a,2023-10,2023-10-31,9,active,2,S-f24609,1421,Pro,29,False,monthly,2548,0,0,0,0,3,2,0,,0
A-151c9a,2023-11,2023-11-30,10,active,2,S-f24609,1421,Pro,29,False,monthly,2548,0,0,1,1,0,0,0,,0
A-151c9a,2023-12,2023-12-31,11,active,2,S-f24609,1421,Pro,29,False,monthly,2548,0,0,0,0,0,0,0,,0
A-151c9a,2024-01,2024-01-31,12,active,2,S-f24609,1421,Pro,29,False,monthly,2548,0,0,0,0,6,4,0,,0
A-151c9a,2024-02,2024-02-29,13,active,3,S-909612,4577,Enterprise,23,False,monthly,7125,0,0,0,0,1,1,0,,0
A-151c9a,2024-03,2024-03-31,14,active,3,S-909612,4577,Enterprise,23,False,monthly,7125,0,0,0,0,2,0,0,,0
A-151c9a,2024-04,2024-04-30,15,active,3,S-909612,4577,Enterprise,23,False,monthly,7125,0,0,0,0,1,1,0,,0
A-151c9a,2024-05,2024-05-31,16,active,3,S-909612,4577,Enterprise,23,False,monthly,7125,0,0,0,0,2,1,1,4.00,0
A-151c9a,2024-06,2024-06-30,17,active,5,S-f9e2ca,4577,Enterprise,23,False,annual,14250,0,0,0,0,0,0,1,3.00,0
A-151c9a,2024-07,2024-07-31,18,active,5,S-f9e2ca,4577,Enterprise,23,False,annual,14250,0,0,0,0,0,0,0,,0
A-151c9a,2024-08,2024-08-31,19,active,5,S-f9e2ca,4577,Enterprise,23,False,annual,14250,0,0,0,0,3,3,0,,0
A-151c9a,2024-09,2024-09-30,20,active,5,S-f9e2ca,4577,Enterprise,23,False,annual,14250,0,0,0,0,1,1,0,,0
A-151c9a,2024-10,2024-10-31,21,active,5,S-f9e2ca,4577,Enterprise,23,False,annual,14250,0,0,0,0,4,4,0,,0
A-151c9a,2024-11,2024-11-30,22,active,5,S-f9e2ca,4577,Enterprise,23,False,annual,14250,0,0,0,0,0,0,0,,0
A-151c9a,2024-12,2024-12-31,23,active,5,S-f9e2ca,4577,Enterprise,23,False,annual,14250,0,0,0,0,2,2,0,,0
A-157070,2023-11,2023-11-30,0,inactive,0,,0,,0,,,0,0,0,0,0,0,0,0,,0
A-157070,2023-12,2023-12-31,1,active,1,S-3e54f5,323,Basic,17,False,annual,323,0,0,0,0,1,0,1,,0
A-157070,2024-01,2024-01-31,2,active,2,S-cd74b9,3184,Enterprise,16,False,annual,3507,0,0,1,1,3,0,0,,0
A-157070,2024-02,2024-02-29,3,active,4,S-cd74b9,3184,Enterprise,16,False,annual,4712,0,0,0,0,2,0,0,,0
A-157070,2024-03,2024-03-31,4,active,5,S-804965,6965,Enterprise,35,False,monthly,11677,0,0,0,0,2,0,0,,0
A-157070,2024-04,2024-04-30,5,active,4,S-804965,6965,Enterprise,35,False,monthly,11354,323,1,0,0,1,0,0,,0
A-157070,2024-05,2024-05-31,6,active,5,S-804965,6965,Enterprise,35,False,monthly,11867,0,0,0,0,6,3,0,,0
A-157070,2024-06,2024-06-30,7,active,5,S-804965,6965,Enterprise,35,False,monthly,11867,0,0,0,0,3,0,0,,0
A-157070,2024-07,2024-07-31,8,active,8,S-804965,6965,Enterprise,35,False,monthly,13533,0,0,0,0,7,3,0,,0
A-157070,2024-08,2024-08-31,9,active,9,S-804965,6965,Enterprise,35,False,monthly,16717,0,0,0,0,3,3,0,,0
A-157070,2024-09,2024-09-30,10,active,12,S-804965,6965,Enterprise,35,False,monthly,18700,0,0,0,0,5,3,0,,0
A-157070,2024-10,2024-10-31,11,active,12,S-804965,6965,Enterprise,35,False,monthly,22395,882,1,0,0,3,3,0,,0
A-157070,2024-11,2024-11-30,12,active,12,S-804965,6965,Enterprise,35,False,monthly,22395,0,0,0,0,2,2,0,,0
A-157070,2024-12,2024-12-31,13,active,12,S-804965,6965,Enterprise,35,False,monthly,22395,3906,2,1,1,3,3,1,3.00,0
A-158f4e,2023-03,2023-03-31,0,inactive,0,,0,,0,,,0,0,0,1,1,5,0,0,,0
A-158f4e,2023-04,2023-04-30,1,inactive,0,,0,,0,,,0,0,0,0,0,4,0,0,,0
A-158f4e,2023-05,2023-05-31,2,inactive,0,,0,,0,,,0,0,0,0,0,5,0,0,,0
A-158f4e,2023-06,2023-06-30,3,active,2,S-f3ff07,1159,Basic,61,False,annual,2318,0,0,0,0,2,1,0,,0
A-158f4e,2023-07,2023-07-31,4,active,2,S-f3ff07,1159,Basic,61,False,annual,2318,0,0,0,0,1,0,0,,0
A-158f4e,2023-08,2023-08-31,5,active,3,S-f3ff07,1159,Basic,61,False,annual,2318,0,0,0,0,2,0,0,,0
A-158f4e,2023-09,2023-09-30,6,active,4,S-ce5e0e,2989,Pro,61,False,annual,5307,0,0,0,0,0,0,0,,0
A-158f4e,2023-10,2023-10-31,7,active,5,S-63c794,2989,Pro,61,False,annual,8296,0,0,0,0,5,2,0,,0
A-158f4e,2023-11,2023-11-30,8,active,6,S-63c794,2989,Pro,61,False,annual,9455,0,0,0,0,4,2,0,,0
A-158f4e,2023-12,2023-12-31,9,active,7,S-4dae4c,2989,Pro,61,False,monthly,12444,0,0,0,0,1,1,2,4.00,0
A-158f4e,2024-01,2024-01-31,10,active,7,S-4dae4c,2989,Pro,61,False,monthly,12444,0,0,0,0,0,0,0,,0
A-158f4e,2024-02,2024-02-29,11,active,8,S-9714fa,2989,Pro,61,False,annual,15433,0,0,0,0,0,0,0,,0
A-158f4e,2024-03,2024-03-31,12,active,9,S-f762a3,12139,Enterprise,61,False,annual,27572,0,0,0,0,1,1,0,,0
A-158f4e,2024-04,2024-04-30,13,active,9,S-f762a3,12139,Enterprise,61,False,annual,27572,0,0,0,0,2,1,1,5.00,0
A-158f4e,2024-05,2024-05-31,14,active,8,S-f762a3,12139,Enterprise,61,False,annual,26413,1159,1,0,0,1,1,0,,0
A-158f4e,2024-06,2024-06-30,15,active,8,S-f762a3,12139,Enterprise,61,False,annual,26413,0,0,0,0,3,2,0,,0
A-158f4e,2024-07,2024-07-31,16,active,8,S-f762a3,12139,Enterprise,61,False,annual,26413,0,0,0,0,2,0,0,,0
A-158f4e,2024-08,2024-08-31,17,active,8,S-f762a3,12139,Enterprise,61,False,annual,26413,0,0,0,0,2,2,1,4.00,0
A-158f4e,2024-09,2024-09-30,18,active,9,S-f762a3,12139,Enterprise,61,False,annual,27572,0,0,0,0,1,1,0,,0
A-158f4e,2024-10,2024-10-31,19,active,9,S-f762a3,12139,Enterprise,61,False,annual,27572,0,0,0,0,3,2,0,,0
A-158f4e,2024-11,2024-11-30,20,active,11,S-3ad334,12139,Enterprise,61,False,monthly,42700,0,0,0,0,1,1,0,,0
A-158f4e,2024-12,2024-12-31,21,active,11,S-3ad334,12139,Enterprise,61,False,monthly,42700,0,0,1,1,0,0,0,,0
A-1619f8,2024-05,2024-05-31,0,inactive,0,,0,,0,,,0,0,0,0,0,1,0,0,,0
A-1619f8,2024-06,2024-06-30,1,active,2,S-3401bf,10945,Enterprise,55,False,annual,10945,0,0,1,1,0,0,0,,0
A-1619f8,2024-07,2024-07-31,2,active,3,S-3401bf,10945,Enterprise,55,False,annual,11496,0,0,1,1,6,1,0,,0
A-1619f8,2024-08,2024-08-31,3,active,3,S-3401bf,10945,Enterprise,55,False,annual,11496,0,0,0,0,2,1,0,,0
A-1619f8,2024-09,2024-09-30,4,active,3,S-3401bf,10945,Enterprise,55,False,annual,11496,0,0,1,1,2,1,0,,0
A-1619f8,2024-10,2024-10-31,5,active,3,S-3401bf,10945,Enterprise,55,False,annual,11496,0,0,0,0,1,0,0,,0
A-1619f8,2024-11,2024-11-30,6,active,7,S-3401bf,10945,Enterprise,55,False,annual,19790,0,0,0,0,1,1,1,,0
A-1619f8,2024-12,2024-12-31,7,active,7,S-3401bf,10945,Enterprise,55,False,annual,19790,0,0,0,0,2,2,0,,0
A-17939a,2024-12,2024-12-31,0,active,9,S-a4b1af,2587,Enterprise,13,False,monthly,8035,1634,2,0,0,1,0,0,,0
A-180abf,2023-08,2023-08-31,0,inactive,0,,0,,0,,,0,0,0,0,0,0,0,1,,1
A-180abf,2023-09,2023-09-30,1,active,1,S-a5a40b,12736,Enterprise,64,False,annual,12736,0,0,0,0,4,1,0,,1
A-180abf,2023-10,2023-10-31,2,active,1,S-a5a40b,12736,Enterprise,64,False,annual,12736,0,0,0,0,1,0,0,,1
A-180abf,2023-11,2023-11-30,3,inactive,0,,0,,0,,,0,12736,1,0,0,3,0,0,,1
A-180abf,2023-12,2023-12-31,4,inactive,0,,0,,0,,,0,0,0,1,1,1,0,0,,1
A-180abf,2024-01,2024-01-31,5,active,1,S-0b0ffa,0,Basic,64,True,annual,0,0,0,0,0,2,0,1,3.00,1
A-180abf,2024-02,2024-02-29,6,active,2,S-8b0498,3136,Pro,64,False,monthly,3136,0,0,0,0,3,0,0,,1
A-180abf,2024-03,2024-03-31,7,active,2,S-8b0498,3136,Pro,64,False,monthly,3136,0,0,1,1,2,0,0,,1
A-180abf,2024-04,2024-04-30,8,active,2,S-612bfb,12736,Enterprise,64,False,annual,15872,0,1,0,0,0,0,0,,1
A-180abf,2024-05,2024-05-31,9,active,2,S-612bfb,12736,Enterprise,64,False,annual,15872,0,0,1,2,3,0,0,,1
A-180abf,2024-06,2024-06-30,10,active,2,S-612bfb,12736,Enterprise,64,False,annual,15872,0,0,0,0,3,2,0,,1
A-180abf,2024-07,2024-07-31,11,active,3,S-612bfb,12736,Enterprise,64,False,annual,17088,0,0,0,0,2,0,1,,1
A-180abf,2024-08,2024-08-31,12,active,3,S-612bfb,12736,Enterprise,64,False,annual,17088,0,0,0,0,1,0,0,,1
A-180abf,2024-09,2024-09-30,13,active,3,S-612bfb,12736,Enterprise,64,False,annual,17088,0,0,1,1,4,2,0,,1
A-180abf,2024-10,2024-10-31,14,active,3,S-612bfb,12736,Enterprise,64,False,annual,17088,0,0,0,0,2,2,0,,1
A-180abf,2024-11,2024-11-30,15,active,4,S-612bfb,12736,Enterprise,64,False,annual,18304,0,0,0,0,2,2,0,,1
A-180abf,2024-12,2024-12-31,16,active,7,S-612bfb,12736,Enterprise,64,False,annual,24576,0,0,0,0,1,1,0,,1
A-186a44,2023-08,2023-08-31,0,active,1,S-f77847,380,Basic,20,False,annual,380,0,0,0,0,2,0,0,,0
A-186a44,2023-09,2023-09-30,1,active,1,S-f77847,380,Basic,20,False,annual,380,0,0,0,0,5,1,0,,0
A-186a44,2023-10,2023-10-31,2,active,1,S-f77847,380,Basic,20,False,annual,380,0,0,0,0,4,0,0,,0
A-186a44,2023-11,2023-11-30,3,active,2,S-a84c82,980,Pro,20,False,annual,1360,0,0,0,0,1,1,0,,0
A-186a44,2023-12,2023-12-31,4,active,2,S-a84c82,980,Pro,20,False,annual,1360,0,0,0,0,0,0,0,,0
A-186a44,2024-01,2024-01-31,5,active,2,S-a84c82,980,Pro,20,False,annual,1360,0,0,0,0,0,0,1,3.00,0
A-186a44,2024-02,2024-02-29,6,active,2,S-a84c82,980,Pro,20,False,annual,1360,0,0,0,0,3,0,0,,0
A-186a44,2024-03,2024-03-31,7,active,3,S-a84c82,980,Pro,20,False,annual,1740,0,0,0,0,8,2,1,,0
A-186a44,2024-04,2024-04-30,8,active,3,S-a84c82,980,Pro,20,False,annual,1740,0,0,0,0,3,0,0,,0
A-186a44,2024-05,2024-05-31,9,active,4,S-a84c82,980,Pro,20,False,annual,1740,0,0,0,0,2,0,0,,0
A-186a44,2024-06,2024-06-30,10,active,4,S-a84c82,980,Pro,20,False,annual,1740,0,0,0,0,3,2,2,4.00,0
A-186a44,2024-07,2024-07-31,11,active,5,S-a84c82,980,Pro,20,False,annual,2120,0,0,0,0,7,2,0,,0
A-186a44,2024-08,2024-08-31,12,active,7,S-23ae3c,4776,Enterprise,24,False,monthly,7276,0,0,0,0,4,2,0,,0
A-186a44,2024-09,2024-09-30,13,active,7,S-23ae3c,4776,Enterprise,24,False,monthly,7276,0,0,0,0,0,0,0,,0
A-186a44,2024-10,2024-10-31,14,active,8,S-23ae3c,4776,Enterprise,24,False,monthly,7276,0,0,0,0,4,2,0,,0
A-186a44,2024-11,2024-11-30,15,active,11,S-bd2ab2,9353,Enterprise,47,False,annual,16629,0,0,0,0,3,2,0,,0
A-186a44,2024-12,2024-12-31,16,active,13,S-bd2ab2,9353,Enterprise,47,False,annual,20609,380,1,0,0,0,0,1,4.00,0
A-18793f,2024-12,2024-12-31,0,active,10,S-155b3e,29452,Enterprise,148,False,annual,75776,2812,1,1,1,1,0,0,,0
A-1986ca,2023-01,2023-01-31,0,inactive,0,,0,,0,,,0,0,0,0,0,1,0,0,,0
A-1986ca,2023-02,2023-02-28,1,inactive,0,,0,,0,,,0,0,0,0,0,2,0,0,,0
A-1986ca,2023-03,2023-03-31,2,inactive,0,,0,,0,,,0,0,0,0,0,3,0,0,,0
A-1986ca,2023-04,2023-04-30,3,inactive,0,,0,,0,,,0,0,0,0,0,2,0,1,,0
A-1986ca,2023-05,2023-05-31,4,inactive,0,,0,,0,,,0,0,0,0,0,2,0,1,4.00,0
A-1986ca,2023-06,2023-06-30,5,inactive,0,,0,,0,,,0,0,0,0,0,3,0,1,4.00,0
A-1986ca,2023-07,2023-07-31,6,active,1,S-c9d475,3980,Enterprise,20,False,annual,3980,0,0,0,0,2,0,0,,0
A-1986ca,2023-08,2023-08-31,7,active,1,S-c9d475,3980,Enterprise,20,False,annual,3980,0,0,0,0,1,0,0,,0
A-1986ca,2023-09,2023-09-30,8,active,1,S-c9d475,3980,Enterprise,20,False,annual,3980,0,0,0,0,0,0,0,,0
A-1986ca,2023-10,2023-10-31,9,active,1,S-c9d475,3980,Enterprise,20,False,annual,3980,0,0,0,0,1,0,0,,0
A-1986ca,2023-11,2023-11-30,10,active,2,S-c9d475,3980,Enterprise,20,False,annual,3980,0,0,0,0,1,0,0,,0
A-1986ca,2023-12,2023-12-31,11,active,2,S-c9d475,3980,Enterprise,20,False,annual,3980,0,0,0,0,1,1,0,,0
A-1986ca,2024-01,2024-01-31,12,active,3,S-dc1cf4,3980,Enterprise,20,False,monthly,7960,0,0,0,0,2,2,0,,0
A-1986ca,2024-02,2024-02-29,13,active,3,S-dc1cf4,3980,Enterprise,20,False,monthly,7960,0,0,0,0,1,0,0,,0
A-1986ca,2024-03,2024-03-31,14,active,3,S-dc1cf4,3980,Enterprise,20,False,monthly,7960,0,0,0,0,0,0,0,,0
A-1986ca,2024-04,2024-04-30,15,active,3,S-dc1cf4,3980,Enterprise,20,False,monthly,7960,0,0,0,0,2,0,1,3.00,0
A-1986ca,2024-05,2024-05-31,16,active,4,S-fee7b2,6169,Enterprise,31,False,monthly,14129,0,0,0,0,2,2,0,,0
A-1986ca,2024-06,2024-06-30,17,active,4,S-fee7b2,6169,Enterprise,31,False,monthly,14129,0,0,0,0,1,1,0,,0
A-1986ca,2024-07,2024-07-31,18,active,4,S-fee7b2,6169,Enterprise,31,False,monthly,14129,0,0,0,0,3,2,1,3.00,0
A-1986ca,2024-08,2024-08-31,19,active,4,S-fee7b2,6169,Enterprise,31,False,monthly,14129,0,0,0,0,3,1,1,,0
A-1986ca,2024-09,2024-09-30,20,active,7,S-fee7b2,6169,Enterprise,31,False,monthly,27661,0,0,0,0,0,0,1,3.00,0
A-1986ca,2024-10,2024-10-31,21,active,7,S-fee7b2,6169,Enterprise,31,False,monthly,27661,0,0,0,0,1,1,0,,0
A-1986ca,2024-11,2024-11-30,22,active,7,S-fee7b2,6169,Enterprise,31,False,monthly,27661,0,0,0,0,3,3,0,,0
A-1986ca,2024-12,2024-12-31,23,active,7,S-fee7b2,6169,Enterprise,31,False,monthly,27661,0,0,0,0,0,0,0,,0
A-19b2c8,2023-06,2023-06-30,0,active,1,S-36f8c0,1617,Pro,33,False,annual,1617,0,0,0,0,2,0,0,,0
A-19b2c8,2023-07,2023-07-31,1,active,3,S-36f8c0,1617,Pro,33,False,annual,2977,0,0,0,0,4,0,0,,0
A-19b2c8,2023-08,2023-08-31,2,active,5,S-36f8c0,1617,Pro,33,False,annual,3775,0,0,0,0,5,1,0,,0
A-19b2c8,2023-09,2023-09-30,3,active,5,S-36f8c0,1617,Pro,33,False,annual,3775,0,0,0,0,3,0,0,,0
A-19b2c8,2023-10,2023-10-31,4,active,5,S-36f8c0,1617,Pro,33,False,annual,3775,0,0,0,0,2,1,0,,0
A-19b2c8,2023-11,2023-11-30,5,active,6,S-d106d4,3980,Enterprise,20,False,monthly,7755,0,0,0,0,3,0,1,5.00,0
A-19b2c8,2023-12,2023-12-31,6,active,6,S-d106d4,3980,Enterprise,20,False,monthly,7755,0,0,0,0,1,0,0,,0
A-19b2c8,2024-01,2024-01-31,7,active,7,S-2ddf94,3980,Enterprise,20,False,annual,11735,0,0,0,0,3,3,0,,0
A-19b2c8,2024-02,2024-02-29,8,active,8,S-44f453,3980,Enterprise,20,False,monthly,15715,0,0,0,0,3,1,0,,0
A-19b2c8,2024-03,2024-03-31,9,active,8,S-44f453,3980,Enterprise,20,False,monthly,15715,0,0,0,0,4,0,0,,0
A-19b2c8,2024-04,2024-04-30,10,active,8,S-44f453,3980,Enterprise,20,False,monthly,15715,0,0,0,0,1,0,0,,0
A-19b2c8,2024-05,2024-05-31,11,active,9,S-44f453,3980,Enterprise,20,False,monthly,16695,0,0,0,0,2,2,0,,0
A-19b2c8,2024-06,2024-06-30,12,active,9,S-44f453,3980,Enterprise,20,False,monthly,16695,0,0,0,0,2,2,0,,0
A-19b2c8,2024-07,2024-07-31,13,active,11,S-f0d2fd,5572,Enterprise,28,False,annual,22723,0,0,0,0,3,2,0,,0
A-19b2c8,2024-08,2024-08-31,14,active,12,S-f0d2fd,5572,Enterprise,28,False,annual,22723,0,0,1,1,3,3,0,,0
A-19b2c8,2024-09,2024-09-30,15,active,12,S-f0d2fd,5572,Enterprise,28,False,annual,22723,0,0,0,0,2,2,1,5.00,0
A-19b2c8,2024-10,2024-10-31,16,active,13,S-f0d2fd,5572,Enterprise,28,False,annual,26703,0,0,0,0,2,2,0,,0
A-19b2c8,2024-11,2024-11-30,17,active,13,S-f0d2fd,5572,Enterprise,28,False,annual,26703,0,0,0,0,3,3,0,,0
A-19b2c8,2024-12,2024-12-31,18,active,13,S-f0d2fd,5572,Enterprise,28,False,annual,26703,0,0,0,0,5,5,0,,0
A-1ac5e0,2024-10,2024-10-31,0,active,1,S-95cf94,627,Basic,33,False,annual,627,0,0,0,0,4,0,0,,1
A-1ac5e0,2024-11,2024-11-30,1,active,8,S-e768f5,6567,Enterprise,33,False,annual,18249,0,0,0,0,2,0,0,,1
A-1ac5e0,2024-12,2024-12-31,2,active,10,S-e768f5,6567,Enterprise,33,False,annual,18249,0,0,0,0,1,1,0,,1
A-1b707d,2023-07,2023-07-31,0,inactive,0,,0,,0,,,0,0,0,1,1,2,0,0,,0
A-1b707d,2023-08,2023-08-31,1,inactive,0,,0,,0,,,0,0,0,0,0,1,0,0,,0
A-1b707d,2023-09,2023-09-30,2,inactive,0,,0,,0,,,0,0,0,0,0,0,0,1,,0
A-1b707d,2023-10,2023-10-31,3,inactive,0,,0,,0,,,0,0,0,0,0,1,0,0,,0
A-1b707d,2023-11,2023-11-30,4,active,2,S-0d33fc,3184,Enterprise,16,False,monthly,3527,0,0,0,0,2,1,0,,0
A-1b707d,2023-12,2023-12-31,5,active,2,S-0d33fc,3184,Enterprise,16,False,monthly,3527,0,0,0,0,1,1,0,,0
A-1b707d,2024-01,2024-01-31,6,active,3,S-0d33fc,3184,Enterprise,16,False,monthly,4164,0,0,0,0,1,0,0,,0
A-1b707d,2024-02,2024-02-29,7,active,3,S-0d33fc,3184,Enterprise,16,False,monthly,4164,0,0,0,0,0,0,0,,0
A-1b707d,2024-03,2024-03-31,8,active,3,S-0d33fc,3184,Enterprise,16,False,monthly,4164,0,0,0,0,1,0,0,,0
A-1b707d,2024-04,2024-04-30,9,active,4,S-5f75b5,3781,Enterprise,19,False,annual,7945,0,0,0,0,0,0,1,,0
A-1b707d,2024-05,2024-05-31,10,active,5,S-5f75b5,3781,Enterprise,19,False,annual,8097,0,0,0,0,0,0,0,,0
A-1b707d,2024-06,2024-06-30,11,active,5,S-5f75b5,3781,Enterprise,19,False,annual,8097,0,0,0,0,1,0,0,,0
A-1b707d,2024-07,2024-07-31,12,active,4,S-5f75b5,3781,Enterprise,19,False,annual,7945,152,1,0,0,3,0,0,,0
A-1b707d,2024-08,2024-08-31,13,active,4,S-5f75b5,3781,Enterprise,19,False,annual,7945,0,0,0,0,1,1,0,,0
A-1b707d,2024-09,2024-09-30,14,active,4,S-5f75b5,3781,Enterprise,19,False,annual,7945,0,0,0,0,3,2,0,,0
A-1b707d,2024-10,2024-10-31,15,active,5,S-5f75b5,3781,Enterprise,19,False,annual,8724,0,0,0,0,3,2,1,,0
A-1b707d,2024-11,2024-11-30,16,active,6,S-5f75b5,3781,Enterprise,19,False,annual,9180,0,0,0,0,4,3,0,,0
A-1b707d,2024-12,2024-12-31,17,active,7,S-5f75b5,3781,Enterprise,19,False,annual,9180,0,0,0,0,1,1,0,,0
A-1b7577,2024-10,2024-10-31,0,active,1,S-009027,1791,Enterprise,9,False,annual,1791,0,0,0,0,5,0,0,,0
A-1b7577,2024-11,2024-11-30,1,active,6,S-009027,1791,Enterprise,9,False,annual,4643,190,1,0,0,2,1,0,,0
A-1b7577,2024-12,2024-12-31,2,active,9,S-94fa70,2009,Pro,41,False,monthly,8505,76,1,0,0,3,1,0,,0
A-1b9609,2023-10,2023-10-31,0,inactive,0,,0,,0,,,0,0,0,0,0,3,0,0,,0
A-1b9609,2023-11,2023-11-30,1,inactive,0,,0,,0,,,0,0,0,0,0,1,0,0,,0
A-1b9609,2023-12,2023-12-31,2,active,2,S-86455a,588,Pro,12,False,monthly,930,0,0,0,0,1,0,0,,0
A-1b9609,2024-01,2024-01-31,3,active,4,S-80016a,995,Enterprise,5,False,monthly,2229,0,0,1,1,3,1,1,,0
A-1b9609,2024-02,2024-02-29,4,active,5,S-80016a,995,Enterprise,5,False,monthly,3160,0,0,1,1,1,1,0,,0
A-1b9609,2024-03,2024-03-31,5,active,5,S-80016a,995,Enterprise,5,False,monthly,3160,0,0,0,0,3,2,0,,0
A-1b9609,2024-04,2024-04-30,6,active,5,S-80016a,995,Enterprise,5,False,monthly,3160,0,0,0,0,1,1,1,3.00,0
A-1b9609,2024-05,2024-05-31,7,active,6,S-80016a,995,Enterprise,5,False,monthly,3356,0,0,0,0,1,1,0,,0
A-1b9609,2024-06,2024-06-30,8,active,7,S-5d5699,6965,Enterprise,35,False,annual,10321,0,0,0,0,5,2,0,,0
A-1b9609,2024-07,2024-07-31,9,active,7,S-5d5699,6965,Enterprise,35,False,annual,10321,0,0,0,0,7,4,0,,0
A-1b9609,2024-08,2024-08-31,10,active,8,S-5d5699,6965,Enterprise,35,False,annual,16291,196,1,0,0,2,1,0,,0
A-1b9609,2024-09,2024-09-30,11,active,9,S-5d5699,6965,Enterprise,35,False,annual,16614,0,0,0,0,0,0,0,,0
A-1b9609,2024-10,2024-10-31,12,active,10,S-5d5699,6965,Enterprise,35,False,annual,16614,0,0,0,0,3,3,1,,0
A-1b9609,2024-11,2024-11-30,13,active,10,S-5d5699,6965,Enterprise,35,False,annual,16614,0,0,1,1,2,2,0,,0
A-1b9609,2024-12,2024-12-31,14,active,10,S-5d5699,6965,Enterprise,35,False,annual,16614,0,0,0,0,0,0,0,,0
A-1d5444,2024-01,2024-01-31,0,inactive,0,,0,,0,,,0,0,0,0,0,2,0,0,,1
A-1d5444,2024-02,2024-02-29,1,inactive,0,,0,,0,,,0,0,0,0,0,3,0,0,,1
A-1d5444,2024-03,2024-03-31,2,active,1,S-7e5af5,456,Basic,24,False,annual,456,0,0,0,0,2,0,0,,1
A-1d5444,2024-04,2024-04-30,3,active,5,S-5619af,4776,Enterprise,24,False,monthly,6600,0,0,0,0,6,3,0,,1
A-1d5444,2024-05,2024-05-31,4,active,7,S-9da0f3,8159,Enterprise,41,False,monthly,19535,0,0,0,0,4,2,0,,1
A-1d5444,2024-06,2024-06-30,5,active,7,S-9da0f3,8159,Enterprise,41,False,monthly,19535,0,0,1,1,5,2,1,4.00,1
A-1d5444,2024-07,2024-07-31,6,active,10,S-9da0f3,8159,Enterprise,41,False,monthly,21623,0,0,0,0,2,0,0,,1
A-1d5444,2024-08,2024-08-31,7,active,11,S-c3213f,8159,Enterprise,41,False,annual,29782,0,0,0,0,1,1,0,,1
A-1d5444,2024-09,2024-09-30,8,active,12,S-c3213f,8159,Enterprise,41,False,annual,29782,0,0,0,0,5,5,0,,1
A-1d5444,2024-10,2024-10-31,9,active,12,S-c3213f,8159,Enterprise,41,False,annual,29782,0,0,0,0,1,1,0,,1
A-1d5444,2024-11,2024-11-30,10,active,14,S-c3213f,8159,Enterprise,41,False,annual,30958,0,0,0,0,6,6,0,,1
A-1d5444,2024-12,2024-12-31,11,active,14,S-c3213f,8159,Enterprise,41,False,annual,30958,0,0,0,0,1,1,1,,1
A-1e1b80,2023-09,2023-09-30,0,inactive,0,,0,,0,,,0,0,0,0,0,6,0,0,,0
A-1e1b80,2023-10,2023-10-31,1,active,1,S-6def60,950,Basic,50,False,monthly,950,0,0,1,1,2,0,0,,0
A-1e1b80,2023-11,2023-11-30,2,active,2,S-9488ec,9950,Enterprise,50,False,annual,10900,0,0,0,0,2,1,0,,0
A-1e1b80,2023-12,2023-12-31,3,active,5,S-28a4b7,9950,Enterprise,50,False,annual,24397,0,0,0,0,3,0,0,,0
A-1e1b80,2024-01,2024-01-31,4,active,5,S-28a4b7,9950,Enterprise,50,False,annual,24397,0,0,0,0,1,1,1,,0
A-1e1b80,2024-02,2024-02-29,5,active,5,S-28a4b7,9950,Enterprise,50,False,annual,24397,0,0,0,0,3,3,0,,0
A-1e1b80,2024-03,2024-03-31,6,active,6,S-ed76ff,9950,Enterprise,50,False,monthly,34347,0,0,0,0,2,1,1,3.00,0
A-1e1b80,2024-04,2024-04-30,7,active,7,S-ed76ff,9950,Enterprise,50,False,monthly,35297,0,0,0,0,4,1,0,,0
A-1e1b80,2024-05,2024-05-31,8,active,7,S-ed76ff,9950,Enterprise,50,False,monthly,35297,0,0,0,0,1,1,1,3.00,0
A-1e1b80,2024-06,2024-06-30,9,active,7,S-ed76ff,9950,Enterprise,50,False,monthly,35297,0,0,0,0,6,5,0,,0
A-1e1b80,2024-07,2024-07-31,10,active,10,S-0b6e58,9950,Enterprise,50,False,annual,47697,0,0,0,0,2,2,0,,0
A-1e1b80,2024-08,2024-08-31,11,active,10,S-0b6e58,9950,Enterprise,50,False,annual,47697,0,0,0,0,1,1,1,3.00,0
A-1e1b80,2024-09,2024-09-30,12,active,11,S-0b6e58,9950,Enterprise,50,False,annual,47697,0,0,0,0,5,4,0,,0
A-1e1b80,2024-10,2024-10-31,13,active,11,S-0b6e58,9950,Enterprise,50,False,annual,47697,0,0,1,1,5,4,0,,0
A-1e1b80,2024-11,2024-11-30,14,active,12,S-0b6e58,9950,Enterprise,50,False,annual,48647,0,0,1,1,3,3,0,,0
A-1e1b80,2024-12,2024-12-31,15,active,12,S-0b6e58,9950,Enterprise,50,False,annual,48647,0,0,0,0,1,1,0,,0
A-1e50e0,2023-02,2023-02-28,0,inactive,0,,0,,0,,,0,0,0,0,0,5,0,0,,1
A-1e50e0,2023-03,2023-03-31,1,active,1,S-1d15a7,3781,Enterprise,19,False,monthly,3781,0,0,0,0,1,0,0,,1
A-1e50e0,2023-04,2023-04-30,2,active,2,S-1d15a7,3781,Enterprise,19,False,monthly,3781,0,0,0,0,1,0,0,,1
A-1e50e0,2023-05,2023-05-31,3,active,2,S-1d15a7,3781,Enterprise,19,False,monthly,3781,0,0,0,0,0,0,0,,1
A-1e50e0,2023-06,2023-06-30,4,active,2,S-1d15a7,3781,Enterprise,19,False,monthly,3781,0,0,0,0,0,0,0,,1
A-1e50e0,2023-07,2023-07-31,5,active,2,S-1d15a7,3781,Enterprise,19,False,monthly,3781,0,0,0,0,1,1,0,,1
A-1e50e0,2023-08,2023-08-31,6,active,2,S-1d15a7,3781,Enterprise,19,False,monthly,3781,0,0,0,0,0,0,0,,1
A-1e50e0,2023-09,2023-09-30,7,active,2,S-1d15a7,3781,Enterprise,19,False,monthly,3781,0,0,0,0,0,0,0,,1
A-1e50e0,2023-10,2023-10-31,8,active,2,S-1d15a7,3781,Enterprise,19,False,monthly,3781,0,0,0,0,1,1,0,,1
A-1e50e0,2023-11,2023-11-30,9,active,2,S-1d15a7,3781,Enterprise,19,False,monthly,3781,0,0,1,1,3,1,0,,1
A-1e50e0,2023-12,2023-12-31,10,active,2,S-1d15a7,3781,Enterprise,19,False,monthly,3781,0,0,0,0,0,0,0,,1
A-1e50e0,2024-01,2024-01-31,11,active,1,S-1d15a7,3781,Enterprise,19,False,monthly,3781,0,1,0,0,1,0,0,,1
A-1e50e0,2024-02,2024-02-29,12,active,1,S-1d15a7,3781,Enterprise,19,False,monthly,3781,0,0,0,0,0,0,0,,1
A-1e50e0,2024-03,2024-03-31,13,active,2,S-9b5676,4802,Pro,98,False,monthly,8583,0,0,0,0,0,0,0,,1
A-1e50e0,2024-04,2024-04-30,14,active,2,S-9b5676,4802,Pro,98,False,monthly,8583,0,0,1,1,0,0,0,,1
A-1e50e0,2024-05,2024-05-31,15,active,3,S-9b5676,4802,Pro,98,False,monthly,9514,0,0,0,0,0,0,0,,1
A-1e50e0,2024-06,2024-06-30,16,active,3,S-9b5676,4802,Pro,98,False,monthly,9514,0,0,0,0,2,1,0,,1
A-1e50e0,2024-07,2024-07-31,17,active,3,S-9b5676,4802,Pro,98,False,monthly,9514,0,0,0,0,0,0,0,,1
A-1e50e0,2024-08,2024-08-31,18,active,3,S-9b5676,4802,Pro,98,False,monthly,9514,0,0,0,0,0,0,0,,1
A-1e50e0,2024-09,2024-09-30,19,active,4,S-9b5676,4802,Pro,98,False,monthly,13295,0,0,0,0,2,2,0,,1
A-1e50e0,2024-10,2024-10-31,20,active,4,S-9b5676,4802,Pro,98,False,monthly,13295,0,0,0,0,1,0,2,5.00,1
A-1e50e0,2024-11,2024-11-30,21,active,4,S-9b5676,4802,Pro,98,False,monthly,13295,0,0,0,0,0,0,0,,1
A-1e50e0,2024-12,2024-12-31,22,active,4,S-9b5676,4802,Pro,98,False,monthly,13295,0,0,0,0,1,1,0,,1
A-1e6fc3,2023-12,2023-12-31,0,inactive,0,,0,,0,,,0,0,0,0,0,1,0,1,5.00,0
A-1e6fc3,2024-01,2024-01-31,1,active,1,S-e6cfc1,0,Basic,1,True,annual,0,0,0,0,0,1,0,0,,0
A-1e6fc3,2024-02,2024-02-29,2,active,1,S-e6cfc1,0,Basic,1,True,annual,0,0,0,0,0,1,1,0,,0
A-1e6fc3,2024-03,2024-03-31,3,active,1,S-e6cfc1,0,Basic,1,True,annual,0,0,0,1,1,1,1,1,3.00,0
A-1e6fc3,2024-04,2024-04-30,4,active,1,S-1a20b6,245,Pro,5,False,monthly,245,0,1,0,0,0,0,0,,0
A-1e6fc3,2024-05,2024-05-31,5,active,1,S-1a20b6,245,Pro,5,False,monthly,245,0,0,0,0,1,1,0,,0
A-1e6fc3,2024-06,2024-06-30,6,active,1,S-1a20b6,245,Pro,5,False,monthly,245,0,0,0,0,2,0,0,,0
A-1e6fc3,2024-07,2024-07-31,7,active,1,S-1a20b6,245,Pro,5,False,monthly,245,0,0,0,0,1,0,0,,0
A-1e6fc3,2024-08,2024-08-31,8,active,2,S-1a20b6,245,Pro,5,False,monthly,245,0,0,0,0,1,0,0,,0
A-1e6fc3,2024-09,2024-09-30,9,active,2,S-1a20b6,245,Pro,5,False,monthly,245,0,0,0,0,3,2,0,,0
A-1e6fc3,2024-10,2024-10-31,10,active,2,S-1a20b6,245,Pro,5,False,monthly,245,0,0,0,0,1,1,0,,0
A-1e6fc3,2024-11,2024-11-30,11,active,2,S-1a20b6,245,Pro,5,False,monthly,245,0,0,0,0,0,0,0,,0
A-1e6fc3,2024-12,2024-12-31,12,active,3,S-1a20b6,245,Pro,5,False,monthly,444,0,0,0,0,0,0,0,,0
A-1f0636,2024-01,2024-01-31,0,inactive,0,,0,,0,,,0,0,0,0,0,2,0,0,,0
A-1f0636,2024-02,2024-02-29,1,active,2,S-2fe253,0,Pro,105,True,annual,0,0,0,0,0,2,0,0,,0
A-1f0636,2024-03,2024-03-31,2,active,3,S-b5b39a,0,Pro,105,True,annual,0,0,0,0,0,5,1,0,,0
A-1f0636,2024-04,2024-04-30,3,active,4,S-edc542,20895,Enterprise,105,False,annual,20895,0,0,0,0,3,1,1,4.00,0
A-1f0636,2024-05,2024-05-31,4,active,5,S-db89df,20895,Enterprise,105,False,annual,41790,0,0,0,0,4,1,0,,0
A-1f0636,2024-06,2024-06-30,5,active,7,S-e9a159,20895,Enterprise,105,False,monthly,67830,0,0,0,0,2,0,0,,0
A-1f0636,2024-07,2024-07-31,6,active,8,S-e9a159,20895,Enterprise,105,False,monthly,69825,0,0,0,0,4,2,0,,0
A-1f0636,2024-08,2024-08-31,7,active,8,S-e9a159,20895,Enterprise,105,False,monthly,69825,0,0,0,0,1,0,1,3.00,0
A-1f0636,2024-09,2024-09-30,8,active,9,S-e9a159,20895,Enterprise,105,False,monthly,71820,0,0,0,0,2,2,0,,0
A-1f0636,2024-10,2024-10-31,9,active,9,S-e9a159,20895,Enterprise,105,False,monthly,73815,0,1,0,0,4,3,0,,0
A-1f0636,2024-11,2024-11-30,10,active,10,S-c62428,20895,Enterprise,105,False,annual,94710,0,0,0,0,3,3,0,,0
A-1f0636,2024-12,2024-12-31,11,active,10,S-c62428,20895,Enterprise,105,False,annual,94710,0,0,0,0,4,4,0,,0
A-1f0ac7,2023-08,2023-08-31,0,inactive,0,,0,,0,,,0,0,0,0,0,2,0,0,,0
A-1f0ac7,2023-09,2023-09-30,1,inactive,0,,0,,0,,,0,0,0,0,0,3,0,0,,0
A-1f0ac7,2023-10,2023-10-31,2,inactive,0,,0,,0,,,0,0,0,0,0,2,0,0,,0
A-1f0ac7,2023-11,2023-11-30,3,inactive,0,,0,,0,,,0,0,0,0,0,1,0,0,,0
A-1f0ac7,2023-12,2023-12-31,4,active,1,S-da7f1f,1176,Pro,24,False,monthly,1176,0,0,0,0,3,0,0,,0
A-1f0ac7,2024-01,2024-01-31,5,active,1,S-da7f1f,1176,Pro,24,False,monthly,1176,0,0,0,0,2,0,0,,0
A-1f0ac7,2024-02,2024-02-29,6,active,2,S-e7e4bd,4776,Enterprise,24,False,annual,5952,0,0,0,0,0,0,0,,0
A-1f0ac7,2024-03,2024-03-31,7,active,2,S-e7e4bd,4776,Enterprise,24,False,annual,5952,0,0,0,0,1,0,0,,0
A-1f0ac7,2024-04,2024-04-30,8,active,3,S-e7e4bd,4776,Enterprise,24,False,annual,6598,0,0,0,0,1,0,1,,0
A-1f0ac7,2024-05,2024-05-31,9,active,4,S-e7e4bd,4776,Enterprise,24,False,annual,7491,0,0,0,0,1,0,0,,0
A-1f0ac7,2024-06,2024-06-30,10,active,4,S-e7e4bd,4776,Enterprise,24,False,annual,7491,0,0,0,0,3,3,0,,0
A-1f0ac7,2024-07,2024-07-31,11,active,5,S-e7e4bd,4776,Enterprise,24,False,annual,7491,0,0,0,0,3,2,0,,0
A-1f0ac7,2024-08,2024-08-31,12,active,5,S-e7e4bd,4776,Enterprise,24,False,annual,7491,0,0,0,0,1,1,0,,0
A-1f0ac7,2024-09,2024-09-30,13,active,5,S-e7e4bd,4776,Enterprise,24,False,annual,7491,0,0,0,0,4,3,0,,0
A-1f0ac7,2024-10,2024-10-31,14,active,5,S-e7e4bd,4776,Enterprise,24,False,annual,7491,0,0,0,0,2,1,0,,0
A-1f0ac7,2024-11,2024-11-30,15,active,6,S-e7e4bd,4776,Enterprise,24,False,annual,8099,0,0,1,1,0,0,0,,0
A-1f0ac7,2024-12,2024-12-31,16,active,7,S-e7e4bd,4776,Enterprise,24,False,annual,9275,0,0,0,0,3,3,0,,0
A-1f559b,2023-09,2023-09-30,0,inactive,0,,0,,0,,,0,0,0,0,0,0,0,0,,1
A-1f559b,2023-10,2023-10-31,1,inactive,0,,0,,0,,,0,0,0,0,0,2,0,0,,1
A-1f559b,2023-11,2023-11-30,2,inactive,0,,0,,0,,,0,0,0,0,0,1,0,0,,1
A-1f559b,2023-12,2023-12-31,3,active,2,S-d26ee3,304,Basic,16,False,monthly,549,0,0,0,0,8,1,1,4.00,1
A-1f559b,2024-01,2024-01-31,4,active,2,S-d26ee3,304,Basic,16,False,monthly,549,0,0,0,0,2,0,1,4.00,1
A-1f559b,2024-02,2024-02-29,5,active,4,S-1a5fa7,5174,Enterprise,26,False,annual,5970,0,0,0,0,1,1,0,,1
A-1f559b,2024-03,2024-03-31,6,active,4,S-1a5fa7,5174,Enterprise,26,False,annual,5970,0,0,0,0,0,0,0,,1
A-1f559b,2024-04,2024-04-30,7,active,5,S-1a5fa7,5174,Enterprise,26,False,annual,8861,0,0,0,0,2,1,0,,1
A-1f559b,2024-05,2024-05-31,8,active,4,S-1a5fa7,5174,Enterprise,26,False,annual,8557,304,1,0,0,1,0,0,,1
A-1f559b,2024-06,2024-06-30,9,active,6,S-1a5fa7,5174,Enterprise,26,False,annual,10247,0,0,0,0,0,0,0,,1
A-1f559b,2024-07,2024-07-31,10,active,8,S-1a5fa7,5174,Enterprise,26,False,annual,11262,0,0,0,0,2,2,0,,1
A-1f559b,2024-08,2024-08-31,11,active,8,S-1a5fa7,5174,Enterprise,26,False,annual,11262,0,0,0,0,2,1,0,,1
A-1f559b,2024-09,2024-09-30,12,active,7,S-1a5fa7,5174,Enterprise,26,False,annual,10160,1102,1,1,1,0,0,0,,1
A-1f559b,2024-10,2024-10-31,13,active,8,S-1a5fa7,5174,Enterprise,26,False,annual,10350,0,0,0,0,1,0,0,,1
A-1f559b,2024-11,2024-11-30,14,active,8,S-1a5fa7,5174,Enterprise,26,False,annual,10350,0,0,0,0,5,4,0,,1
A-1f559b,2024-12,2024-12-31,15,active,8,S-1a5fa7,5174,Enterprise,26,False,annual,10350,0,0,0,0,0,0,1,5.00,1
A-1f7acb,2023-08,2023-08-31,0,inactive,0,,0,,0,,,0,0,0,0,0,3,0,0,,0
A-1f7acb,2023-09,2023-09-30,1,active,1,S-9fa49b,12736,Enterprise,64,False,annual,12736,0,0,0,0,2,0,0,,0
A-1f7acb,2023-10,2023-10-31,2,active,3,S-9fa49b,12736,Enterprise,64,False,annual,15168,0,0,0,0,2,0,0,,0
A-1f7acb,2023-11,2023-11-30,3,active,3,S-9fa49b,12736,Enterprise,64,False,annual,15168,0,0,0,0,4,1,0,,0
A-1f7acb,2023-12,2023-12-31,4,active,3,S-9fa49b,12736,Enterprise,64,False,annual,15168,0,0,0,0,3,2,0,,0
A-1f7acb,2024-01,2024-01-31,5,active,3,S-9fa49b,12736,Enterprise,64,False,annual,15168,0,0,0,0,1,1,1,,0
A-1f7acb,2024-02,2024-02-29,6,active,3,S-9fa49b,12736,Enterprise,64,False,annual,15168,0,0,0,0,1,0,0,,0
A-1f7acb,2024-03,2024-03-31,7,active,3,S-9fa49b,12736,Enterprise,64,False,annual,15168,0,0,0,0,3,1,0,,0
A-1f7acb,2024-04,2024-04-30,8,active,3,S-9fa49b,12736,Enterprise,64,False,annual,15168,0,0,0,0,3,1,0,,0
A-1f7acb,2024-05,2024-05-31,9,active,3,S-9fa49b,12736,Enterprise,64,False,annual,15168,0,0,0,0,2,1,1,4.00,0
A-1f7acb,2024-06,2024-06-30,10,active,4,S-9fa49b,12736,Enterprise,64,False,annual,15168,0,0,0,0,6,3,1,5.00,0
A-1f7acb,2024-07,2024-07-31,11,active,6,S-2636a7,12736,Enterprise,64,False,annual,31040,0,0,0,0,4,4,0,,0
A-1f7acb,2024-08,2024-08-31,12,active,7,S-2636a7,12736,Enterprise,64,False,annual,34176,0,0,0,0,2,2,0,,0
A-1f7acb,2024-09,2024-09-30,13,active,8,S-f4a3ac,12736,Enterprise,64,False,annual,46912,0,0,0,0,5,5,0,,0
A-1f7acb,2024-10,2024-10-31,14,active,8,S-f4a3ac,12736,Enterprise,64,False,annual,46912,0,0,0,0,1,1,0,,0
A-1f7acb,2024-11,2024-11-30,15,active,8,S-f4a3ac,12736,Enterprise,64,False,annual,46912,0,0,0,0,1,1,0,,0
A-1f7acb,2024-12,2024-12-31,16,active,8,S-f4a3ac,12736,Enterprise,64,False,annual,46912,0,0,0,0,1,1,1,,0
A-202b67,2024-03,2024-03-31,0,active,1,S-36b46e,539,Pro,11,False,monthly,539,0,0,1,1,0,0,0,,0
A-202b67,2024-04,2024-04-30,1,active,1,S-36b46e,539,Pro,11,False,monthly,539,0,0,0,0,0,0,0,,0
A-202b67,2024-05,2024-05-31,2,active,3,S-93592e,2989,Pro,61,False,monthly,4067,0,0,0,0,1,0,0,,0
A-202b67,2024-06,2024-06-30,3,active,4,S-540cee,4975,Enterprise,25,False,annual,9042,0,0,0,0,5,4,1,4.00,0
A-202b67,2024-07,2024-07-31,4,active,6,S-540cee,4975,Enterprise,25,False,annual,11440,0,0,0,0,2,2,1,,0
A-202b67,2024-08,2024-08-31,5,active,7,S-540cee,4975,Enterprise,25,False,annual,11858,0,0,0,0,2,1,0,,0
A-202b67,2024-09,2024-09-30,6,active,8,S-540cee,4975,Enterprise,25,False,annual,12397,0,0,1,1,1,1,0,,0
A-202b67,2024-10,2024-10-31,7,active,9,S-b5162d,5771,Enterprise,29,False,monthly,18168,0,0,0,0,3,3,0,,0
A-202b67,2024-11,2024-11-30,8,active,9,S-b5162d,5771,Enterprise,29,False,monthly,18168,0,0,0,0,1,1,0,,0
A-202b67,2024-12,2024-12-31,9,active,8,S-b5162d,5771,Enterprise,29,False,monthly,15979,2189,1,0,0,6,6,0,,0
A-20736a,2024-03,2024-03-31,0,inactive,0,,0,,0,,,0,0,0,1,1,1,0,0,,0
A-20736a,2024-04,2024-04-30,1,inactive,0,,0,,0,,,0,0,0,0,0,4,0,0,,0
A-20736a,2024-05,2024-05-31,2,active,1,S-f57b2b,2450,Pro,50,False,annual,2450,0,0,0,0,4,1,0,,0
A-20736a,2024-06,2024-06-30,3,active,1,S-f57b2b,2450,Pro,50,False,annual,2450,0,0,0,0,2,0,1,5.00,0
A-20736a,2024-07,2024-07-31,4,active,1,S-f57b2b,2450,Pro,50,False,annual,2450,0,0,0,0,0,0,0,,0
A-20736a,2024-08,2024-08-31,5,active,2,S-f9f7af,2450,Pro,50,False,annual,4900,0,0,0,0,1,0,0,,0
A-20736a,2024-09,2024-09-30,6,active,3,S-bedd26,9950,Enterprise,50,False,monthly,14850,0,0,0,0,1,0,0,,0
A-20736a,2024-10,2024-10-31,7,active,6,S-b95c5c,12736,Enterprise,64,False,monthly,30575,0,0,0,0,1,1,0,,0
A-20736a,2024-11,2024-11-30,8,active,7,S-b95c5c,12736,Enterprise,64,False,monthly,40525,0,0,0,0,0,0,0,,0
A-20736a,2024-12,2024-12-31,9,active,7,S-b95c5c,12736,Enterprise,64,False,monthly,40525,0,0,0,0,2,2,2,3.50,0
A-22d9d2,2024-03,2024-03-31,0,active,1,S-3c853b,152,Basic,8,False,monthly,152,0,0,0,0,2,0,0,,0
A-22d9d2,2024-04,2024-04-30,1,active,3,S-ca6962,2842,Pro,58,False,monthly,2994,0,0,0,0,6,3,1,4.00,0
A-22d9d2,2024-05,2024-05-31,2,active,3,S-ca6962,2842,Pro,58,False,monthly,2994,0,0,0,0,5,1,0,,0
A-22d9d2,2024-06,2024-06-30,3,active,7,S-ca6962,2842,Pro,58,False,monthly,5640,0,0,0,0,4,1,0,,0
A-22d9d2,2024-07,2024-07-31,4,active,9,S-ca6962,2842,Pro,58,False,monthly,7624,0,0,0,0,4,2,1,,0
A-22d9d2,2024-08,2024-08-31,5,active,10,S-ca6962,2842,Pro,58,False,monthly,9094,0,0,0,0,3,2,0,,0
A-22d9d2,2024-09,2024-09-30,6,active,8,S-5d6528,1592,Enterprise,8,False,monthly,6252,2842,2,0,0,2,1,0,,0
A-22d9d2,2024-10,2024-10-31,7,active,10,S-1ade0b,4508,Pro,92,False,monthly,11152,0,0,1,1,4,1,1,3.00,0
A-22d9d2,2024-11,2024-11-30,8,active,11,S-1ade0b,4508,Pro,92,False,monthly,14336,0,0,0,0,4,4,0,,0
A-22d9d2,2024-12,2024-12-31,9,active,11,S-1ade0b,4508,Pro,92,False,monthly,14336,1568,1,0,0,3,3,0,,0
A-22f2df,2024-12,2024-12-31,0,active,9,S-bfe8ca,2989,Pro,61,False,annual,7451,0,0,0,0,2,0,0,,0
A-241e75,2024-07,2024-07-31,0,active,1,S-2d0c1f,2254,Pro,46,False,annual,2254,0,0,0,0,1,0,0,,0
A-241e75,2024-08,2024-08-31,1,active,2,S-2d0c1f,2254,Pro,46,False,annual,2596,0,0,0,0,0,0,0,,0
A-241e75,2024-09,2024-09-30,2,active,4,S-2d0c1f,2254,Pro,46,False,annual,3499,0,0,0,0,1,0,1,5.00,0
A-241e75,2024-10,2024-10-31,3,active,5,S-2d0c1f,2254,Pro,46,False,annual,3594,0,0,1,1,1,1,0,,0
A-241e75,2024-11,2024-11-30,4,active,5,S-2d0c1f,2254,Pro,46,False,annual,3594,0,0,0,0,1,1,0,,0
A-241e75,2024-12,2024-12-31,5,active,5,S-2d0c1f,2254,Pro,46,False,annual,3594,0,0,1,1,2,2,0,,0
A-2446e3,2024-01,2024-01-31,0,active,1,S-c899a3,1323,Pro,27,False,monthly,1323,0,0,0,0,2,0,0,,0
A-2446e3,2024-02,2024-02-29,1,active,1,S-c899a3,1323,Pro,27,False,monthly,1323,0,0,0,0,5,0,1,3.00,0
A-2446e3,2024-03,2024-03-31,2,active,1,S-c899a3,1323,Pro,27,False,monthly,1323,0,0,0,0,1,0,0,,0
A-2446e3,2024-04,2024-04-30,3,active,2,S-6587d8,5373,Enterprise,27,False,monthly,6696,0,0,0,0,1,0,0,,0
A-2446e3,2024-05,2024-05-31,4,active,2,S-6587d8,5373,Enterprise,27,False,monthly,6696,0,0,0,0,4,2,1,5.00,0
A-2446e3,2024-06,2024-06-30,5,active,2,S-6587d8,5373,Enterprise,27,False,monthly,6696,0,0,0,0,1,0,0,,0
A-2446e3,2024-07,2024-07-31,6,active,3,S-6587d8,5373,Enterprise,27,False,monthly,8019,0,0,1,2,2,2,0,,0
A-2446e3,2024-08,2024-08-31,7,active,3,S-6587d8,5373,Enterprise,27,False,monthly,8019,0,0,0,0,4,4,0,,0
A-2446e3,2024-09,2024-09-30,8,active,5,S-3d6b69,5373,Enterprise,27,False,annual,13392,0,0,0,0,0,0,0,,0
A-2446e3,2024-10,2024-10-31,9,active,6,S-f6a70a,5373,Enterprise,27,False,annual,18765,0,0,0,0,2,2,1,4.00,0
A-2446e3,2024-11,2024-11-30,10,active,6,S-f6a70a,5373,Enterprise,27,False,annual,18765,0,0,0,0,4,4,0,,0
A-2446e3,2024-12,2024-12-31,11,active,7,S-fe6eb1,5373,Enterprise,27,False,monthly,24138,0,0,0,0,1,1,0,,0
A-249769,2024-04,2024-04-30,0,inactive,0,,0,,0,,,0,0,0,0,0,7,0,0,,1
A-249769,2024-05,2024-05-31,1,inactive,0,,0,,0,,,0,0,0,0,0,2,0,0,,1
A-249769,2024-06,2024-06-30,2,active,2,S-c6d8ce,539,Pro,11,False,monthly,824,0,0,1,1,1,0,0,,1
A-249769,2024-07,2024-07-31,3,active,3,S-c6d8ce,539,Pro,11,False,monthly,919,0,0,0,0,3,0,1,3.00,1
A-249769,2024-08,2024-08-31,4,active,7,S-40dcf4,11144,Enterprise,56,False,annual,13532,0,0,0,0,6,3,0,,1
A-249769,2024-09,2024-09-30,5,active,9,S-40dcf4,11144,Enterprise,56,False,annual,14727,0,0,0,0,2,2,0,,1
A-249769,2024-10,2024-10-31,6,active,11,S-40dcf4,11144,Enterprise,56,False,annual,15413,0,0,0,0,6,4,1,5.00,1
A-249769,2024-11,2024-11-30,7,active,13,S-40dcf4,11144,Enterprise,56,False,annual,15717,0,0,0,0,0,0,0,,1
A-249769,2024-12,2024-12-31,8,active,13,S-40dcf4,11144,Enterprise,56,False,annual,15717,0,0,1,1,7,7,0,,1
A-271f46,2023-02,2023-02-28,0,inactive,0,,0,,0,,,0,0,0,0,0,1,0,1,,1
A-271f46,2023-03,2023-03-31,1,active,1,S-3e0c24,722,Basic,38,False,annual,722,0,0,1,1,2,0,0,,1
A-271f46,2023-04,2023-04-30,2,active,1,S-3e0c24,722,Basic,38,False,annual,722,0,0,0,0,1,0,0,,1
A-271f46,2023-05,2023-05-31,3,active,1,S-3e0c24,722,Basic,38,False,annual,722,0,0,0,0,1,0,0,,1
A-271f46,2023-06,2023-06-30,4,active,1,S-3e0c24,722,Basic,38,False,annual,722,0,0,0,0,1,0,0,,1
A-271f46,2023-07,2023-07-31,5,active,2,S-47e122,722,Basic,38,False,monthly,1444,0,0,0,0,2,0,0,,1
A-271f46,2023-08,2023-08-31,6,active,2,S-47e122,722,Basic,38,False,monthly,1444,0,0,0,0,1,0,0,,1
A-271f46,2023-09,2023-09-30,7,active,2,S-47e122,722,Basic,38,False,monthly,1444,0,0,0,0,0,0,0,,1
A-271f46,2023-10,2023-10-31,8,active,2,S-47e122,722,Basic,38,False,monthly,1444,0,0,0,0,5,1,0,,1
A-271f46,2023-11,2023-11-30,9,active,2,S-47e122,722,Basic,38,False,monthly,1444,0,0,0,0,2,0,0,,1
A-271f46,2023-12,2023-12-31,10,active,2,S-47e122,722,Basic,38,False,monthly,1444,0,0,0,0,3,2,0,,1
A-271f46,2024-01,2024-01-31,11,active,3,S-47e122,722,Basic,38,False,monthly,1444,0,0,0,0,2,1,0,,1
A-271f46,2024-02,2024-02-29,12,active,3,S-47e122,722,Basic,38,False,monthly,1444,0,0,0,0,2,0,0,,1
A-271f46,2024-03,2024-03-31,13,active,3,S-47e122,722,Basic,38,False,monthly,1444,0,0,0,0,0,0,0,,1
A-271f46,2024-04,2024-04-30,14,active,4,S-47e122,722,Basic,38,False,monthly,1444,0,0,0,0,3,1,0,,1
A-271f46,2024-05,2024-05-31,15,active,5,S-81d174,7562,Enterprise,38,False,annual,9006,0,0,0,0,0,0,0,,1
A-271f46,2024-06,2024-06-30,16,active,6,S-81d174,7562,Enterprise,38,False,annual,9728,0,0,0,0,4,3,0,,1
A-271f46,2024-07,2024-07-31,17,active,6,S-81d174,7562,Enterprise,38,False,annual,9728,0,0,0,0,1,0,0,,1
A-271f46,2024-08,2024-08-31,18,active,6,S-81d174,7562,Enterprise,38,False,annual,9728,0,0,1,1,1,0,0,,1
A-271f46,2024-09,2024-09-30,19,active,6,S-81d174,7562,Enterprise,38,False,annual,9728,0,0,0,0,0,0,0,,1
A-271f46,2024-10,2024-10-31,20,active,7,S-81d174,7562,Enterprise,38,False,annual,10450,0,0,0,0,1,1,0,,1
A-271f46,2024-11,2024-11-30,21,active,8,S-3da8ee,9154,Enterprise,46,False,monthly,19604,0,0,0,0,2,2,0,,1
A-271f46,2024-12,2024-12-31,22,active,8,S-3da8ee,9154,Enterprise,46,False,monthly,19604,0,0,0,0,3,3,0,,1
A-2789e3,2024-09,2024-09-30,0,active,1,S-a805a5,627,Basic,33,False,monthly,627,0,0,0,0,2,0,0,,0
A-2789e3,2024-10,2024-10-31,1,active,7,S-0c91c4,2189,Enterprise,11,False,annual,3652,0,0,0,0,6,1,1,4.00,0
A-2789e3,2024-11,2024-11-30,2,active,9,S-4e762d,12139,Enterprise,61,False,annual,17980,0,0,0,0,2,2,1,4.00,0
A-2789e3,2024-12,2024-12-31,3,active,12,S-4e762d,12139,Enterprise,61,False,annual,24489,0,0,0,0,3,3,1,,0
A-2922b6,2024-11,2024-11-30,0,inactive,0,,0,,0,,,0,0,0,0,0,2,0,1,4.00,0
A-2922b6,2024-12,2024-12-31,1,active,5,S-a64940,6965,Enterprise,35,False,monthly,9934,735,1,1,1,3,0,0,,0
A-296d7c,2023-11,2023-11-30,0,inactive,0,,0,,0,,,0,0,0,0,0,1,0,0,,0
A-296d7c,2023-12,2023-12-31,1,inactive,0,,0,,0,,,0,0,0,0,0,3,0,0,,0
A-296d7c,2024-01,2024-01-31,2,active,1,S-e77b1e,114,Basic,6,False,annual,114,0,0,0,0,2,0,0,,0
A-296d7c,2024-02,2024-02-29,3,active,1,S-e77b1e,114,Basic,6,False,annual,114,0,0,0,0,4,0,0,,0
A-296d7c,2024-03,2024-03-31,4,active,1,S-e77b1e,114,Basic,6,False,annual,114,0,0,0,0,0,0,0,,0
A-296d7c,2024-04,2024-04-30,5,active,2,S-5ae105,361,Basic,19,False,monthly,475,0,0,0,0,1,0,1,3.00,0
A-296d7c,2024-05,2024-05-31,6,active,2,S-5ae105,361,Basic,19,False,monthly,475,0,0,0,0,2,1,0,,0
A-296d7c,2024-06,2024-06-30,7,active,3,S-5ae105,361,Basic,19,False,monthly,513,0,0,0,0,2,2,0,,0
A-296d7c,2024-07,2024-07-31,8,active,4,S-5ae105,361,Basic,19,False,monthly,513,0,0,0,0,1,1,2,4.00,0
A-296d7c,2024-08,2024-08-31,9,active,5,S-0e499f,784,Pro,16,False,annual,1297,0,0,0,0,0,0,0,,0
A-296d7c,2024-09,2024-09-30,10,active,5,S-0e499f,784,Pro,16,False,annual,1297,0,0,0,0,2,2,0,,0
A-296d7c,2024-10,2024-10-31,11,active,5,S-0e499f,784,Pro,16,False,annual,1297,0,0,0,0,2,2,0,,0
A-296d7c,2024-11,2024-11-30,12,active,7,S-0e499f,784,Pro,16,False,annual,1989,0,0,1,1,1,1,0,,0
A-296d7c,2024-12,2024-12-31,13,active,7,S-0e499f,784,Pro,16,False,annual,1989,0,0,0,0,0,0,0,,0
A-297a2d,2023-05,2023-05-31,0,inactive,0,,0,,0,,,0,0,0,0,0,0,0,0,,0
A-297a2d,2023-06,2023-06-30,1,inactive,0,,0,,0,,,0,0,0,0,0,1,0,0,,0
A-297a2d,2023-07,2023-07-31,2,inactive,0,,0,,0,,,0,0,0,0,0,0,0,0,,0
A-297a2d,2023-08,2023-08-31,3,active,2,S-dec1fb,7164,Enterprise,36,False,monthly,7164,0,0,0,0,2,1,0,,0
A-297a2d,2023-09,2023-09-30,4,active,2,S-dec1fb,7164,Enterprise,36,False,monthly,7164,0,0,0,0,1,0,0,,0
A-297a2d,2023-10,2023-10-31,5,active,2,S-dec1fb,7164,Enterprise,36,False,monthly,7164,0,0,0,0,1,0,0,,0
A-297a2d,2023-11,2023-11-30,6,active,2,S-dec1fb,7164,Enterprise,36,False,monthly,7164,0,0,0,0,2,1,0,,0
A-297a2d,2023-12,2023-12-31,7,active,2,S-dec1fb,7164,Enterprise,36,False,monthly,7164,0,0,0,0,2,0,0,,0
A-297a2d,2024-01,2024-01-31,8,active,2,S-dec1fb,7164,Enterprise,36,False,monthly,7164,0,0,0,0,2,1,0,,0
A-297a2d,2024-02,2024-02-29,9,active,2,S-dec1fb,7164,Enterprise,36,False,monthly,7164,0,0,0,0,3,2,0,,0
A-297a2d,2024-03,2024-03-31,10,active,3,S-dec1fb,7164,Enterprise,36,False,monthly,8487,0,0,0,0,0,0,0,,0
A-297a2d,2024-04,2024-04-30,11,active,3,S-dec1fb,7164,Enterprise,36,False,monthly,8487,0,0,0,0,0,0,0,,0
A-297a2d,2024-05,2024-05-31,12,active,3,S-dec1fb,7164,Enterprise,36,False,monthly,8487,0,0,0,0,1,0,1,,0
A-297a2d,2024-06,2024-06-30,13,active,3,S-dec1fb,7164,Enterprise,36,False,monthly,8487,0,0,0,0,1,1,0,,0
A-297a2d,2024-07,2024-07-31,14,active,3,S-dec1fb,7164,Enterprise,36,False,monthly,8487,0,0,0,0,0,0,0,,0
A-297a2d,2024-08,2024-08-31,15,active,4,S-dec1fb,7164,Enterprise,36,False,monthly,9000,0,0,0,0,0,0,0,,0
A-297a2d,2024-09,2024-09-30,16,active,4,S-dec1fb,7164,Enterprise,36,False,monthly,9000,0,0,0,0,1,0,0,,0
A-297a2d,2024-10,2024-10-31,17,active,4,S-dec1fb,7164,Enterprise,36,False,monthly,9000,0,0,0,0,1,1,0,,0
A-297a2d,2024-11,2024-11-30,18,active,5,S-dec1fb,7164,Enterprise,36,False,monthly,14373,0,0,0,0,1,1,0,,0
A-297a2d,2024-12,2024-12-31,19,active,5,S-dec1fb,7164,Enterprise,36,False,monthly,14373,0,0,0,0,0,0,0,,0
A-2b9d3e,2023-06,2023-06-30,0,inactive,0,,0,,0,,,0,0,0,0,0,1,0,0,,0
A-2b9d3e,2023-07,2023-07-31,1,inactive,0,,0,,0,,,0,0,0,0,0,1,0,0,,0
A-2b9d3e,2023-08,2023-08-31,2,inactive,0,,0,,0,,,0,0,0,0,0,1,0,1,,0
A-2b9d3e,2023-09,2023-09-30,3,active,1,S-0c9600,209,Basic,11,False,annual,209,0,0,0,0,2,0,0,,0
A-2b9d3e,2023-10,2023-10-31,4,active,1,S-0c9600,209,Basic,11,False,annual,209,0,0,0,0,0,0,0,,0
A-2b9d3e,2023-11,2023-11-30,5,active,2,S-140813,995,Enterprise,5,False,annual,1204,0,0,0,0,5,1,0,,0
A-2b9d3e,2023-12,2023-12-31,6,active,2,S-140813,995,Enterprise,5,False,annual,1204,0,0,0,0,3,0,0,,0
A-2b9d3e,2024-01,2024-01-31,7,active,2,S-140813,995,Enterprise,5,False,annual,1204,0,0,0,0,1,0,0,,0
A-2b9d3e,2024-02,2024-02-29,8,active,2,S-140813,995,Enterprise,5,False,annual,1204,0,0,0,0,2,1,0,,0
A-2b9d3e,2024-03,2024-03-31,9,active,4,S-140813,995,Enterprise,5,False,annual,2086,0,0,0,0,4,1,1,5.00,0
A-2b9d3e,2024-04,2024-04-30,10,active,5,S-140813,995,Enterprise,5,False,annual,2105,0,0,0,0,3,1,0,,0
A-2b9d3e,2024-05,2024-05-31,11,active,5,S-140813,995,Enterprise,5,False,annual,2105,0,0,0,0,0,0,0,,0
A-2b9d3e,2024-06,2024-06-30,12,active,5,S-140813,995,Enterprise,5,False,annual,2105,0,0,0,0,2,0,1,,0
A-2b9d3e,2024-07,2024-07-31,13,active,5,S-140813,995,Enterprise,5,False,annual,2105,0,0,0,0,2,1,0,,0
A-2b9d3e,2024-08,2024-08-31,14,active,6,S-140813,995,Enterprise,5,False,annual,2637,0,0,0,0,0,0,0,,0
A-2b9d3e,2024-09,2024-09-30,15,active,6,S-140813,995,Enterprise,5,False,annual,2637,0,0,0,0,1,1,0,,0
A-2b9d3e,2024-10,2024-10-31,16,active,6,S-140813,995,Enterprise,5,False,annual,2637,0,0,0,0,2,0,0,,0
A-2b9d3e,2024-11,2024-11-30,17,active,8,S-21eeea,1421,Pro,29,False,monthly,4744,0,0,0,0,3,2,0,,0
A-2b9d3e,2024-12,2024-12-31,18,active,9,S-21eeea,1421,Pro,29,False,monthly,5142,0,0,0,0,1,1,0,,0
A-2bc93d,2023-03,2023-03-31,0,inactive,0,,0,,0,,,0,0,0,0,0,3,0,0,,0
A-2bc93d,2023-04,2023-04-30,1,inactive,0,,0,,0,,,0,0,0,0,0,2,0,0,,0
A-2bc93d,2023-05,2023-05-31,2,inactive,0,,0,,0,,,0,0,0,0,0,4,0,1,4.00,0
A-2bc93d,2023-06,2023-06-30,3,inactive,0,,0,,0,,,0,0,0,0,0,1,0,0,,0
A-2bc93d,2023-07,2023-07-31,4,active,2,S-39539d,2786,Enterprise,14,False,annual,3166,0,0,0,0,3,0,0,,0
A-2bc93d,2023-08,2023-08-31,5,active,3,S-223221,7960,Enterprise,40,False,monthly,11126,0,0,1,1,1,0,0,,0
A-2bc93d,2023-09,2023-09-30,6,active,3,S-223221,7960,Enterprise,40,False,monthly,11126,0,0,0,0,2,0,0,,0
A-2bc93d,2023-10,2023-10-31,7,active,3,S-223221,7960,Enterprise,40,False,monthly,11126,0,0,0,0,2,0,0,,0
A-2bc93d,2023-11,2023-11-30,8,active,4,S-223221,7960,Enterprise,40,False,monthly,15106,0,0,0,0,2,0,0,,0
A-2bc93d,2023-12,2023-12-31,9,active,5,S-085f96,7960,Enterprise,40,False,annual,23066,0,0,0,0,5,1,0,,0
A-2bc93d,2024-01,2024-01-31,10,active,5,S-085f96,7960,Enterprise,40,False,annual,23066,0,0,0,0,3,1,0,,0
A-2bc93d,2024-02,2024-02-29,11,active,6,S-085f96,7960,Enterprise,40,False,annual,23752,0,0,0,0,5,3,0,,0
A-2bc93d,2024-03,2024-03-31,12,active,7,S-085f96,7960,Enterprise,40,False,annual,25557,0,0,0,0,2,1,0,,0
A-2bc93d,2024-04,2024-04-30,13,active,8,S-085f96,7960,Enterprise,40,False,annual,27076,0,0,0,0,4,1,0,,0
A-2bc93d,2024-05,2024-05-31,14,active,8,S-085f96,7960,Enterprise,40,False,annual,27076,0,0,0,0,3,3,0,,0
A-2bc93d,2024-06,2024-06-30,15,active,8,S-085f96,7960,Enterprise,40,False,annual,27076,0,0,0,0,1,1,0,,0
A-2bc93d,2024-07,2024-07-31,16,active,8,S-085f96,7960,Enterprise,40,False,annual,27076,0,0,0,0,5,4,0,,0
A-2bc93d,2024-08,2024-08-31,17,active,9,S-085f96,7960,Enterprise,40,False,annual,27076,0,0,1,1,3,3,0,,0
A-2bc93d,2024-09,2024-09-30,18,active,11,S-085f96,7960,Enterprise,40,False,annual,30413,266,1,0,0,3,3,0,,0
A-2bc93d,2024-10,2024-10-31,19,active,11,S-085f96,7960,Enterprise,40,False,annual,30413,0,0,0,0,1,0,0,,0
A-2bc93d,2024-11,2024-11-30,20,active,11,S-085f96,7960,Enterprise,40,False,annual,30413,0,0,0,0,6,4,1,5.00,0
A-2bc93d,2024-12,2024-12-31,21,active,12,S-085f96,7960,Enterprise,40,False,annual,32128,0,0,0,0,1,1,0,,0
A-2d1036,2024-06,2024-06-30,0,inactive,0,,0,,0,,,0,0,0,0,0,5,0,1,5.00,1
A-2d1036,2024-07,2024-07-31,1,active,3,S-5631a9,13731,Enterprise,69,False,annual,28773,0,0,0,0,5,1,0,,1
A-2d1036,2024-08,2024-08-31,2,active,5,S-5631a9,13731,Enterprise,69,False,annual,35535,0,0,0,0,2,1,0,,1
A-2d1036,2024-09,2024-09-30,3,active,10,S-5631a9,13731,Enterprise,69,False,annual,46230,0,0,0,0,1,1,1,5.00,1
A-2d1036,2024-10,2024-10-31,4,active,10,S-b51d34,13731,Enterprise,69,False,annual,58650,1311,1,1,2,4,4,0,,1
A-2d1036,2024-11,2024-11-30,5,active,10,S-5631a9,13731,Enterprise,69,False,annual,46230,13731,1,0,0,2,2,1,5.00,1
A-2d1036,2024-12,2024-12-31,6,active,10,S-5631a9,13731,Enterprise,69,False,annual,46230,3381,1,0,0,4,3,0,,1
A-2d4502,2024-04,2024-04-30,0,active,1,S-2bc644,392,Pro,8,False,annual,392,0,0,0,0,1,0,0,,0
A-2d4502,2024-05,2024-05-31,1,active,1,S-2bc644,392,Pro,8,False,annual,392,0,0,1,1,0,0,1,5.00,0
A-2d4502,2024-06,2024-06-30,2,active,1,S-2bc644,392,Pro,8,False,annual,392,0,0,0,0,2,0,0,,0
A-2d4502,2024-07,2024-07-31,3,active,3,S-2664e1,8159,Enterprise,41,False,annual,9710,0,0,0,0,1,0,0,,0
A-2d4502,2024-08,2024-08-31,4,active,4,S-2664e1,8159,Enterprise,41,False,annual,11103,0,0,0,0,4,1,0,,0
A-2d4502,2024-09,2024-09-30,5,active,6,S-2664e1,8159,Enterprise,41,False,annual,15481,0,0,0,0,2,1,0,,0
A-2d4502,2024-10,2024-10-31,6,active,6,S-2664e1,8159,Enterprise,41,False,annual,15481,0,0,0,0,1,1,0,,0
A-2d4502,2024-11,2024-11-30,7,active,8,S-2664e1,8159,Enterprise,41,False,annual,21717,0,0,0,0,0,0,0,,0
A-2d4502,2024-12,2024-12-31,8,active,10,S-2664e1,8159,Enterprise,41,False,annual,29071,0,0,0,0,1,1,0,,0
A-2e3bad,2023-08,2023-08-31,0,active,1,S-5fea89,12139,Enterprise,61,False,monthly,12139,0,0,0,0,2,0,0,,0
A-2e3bad,2023-09,2023-09-30,1,active,1,S-5fea89,12139,Enterprise,61,False,monthly,12139,0,0,0,0,3,0,0,,0
A-2e3bad,2023-10,2023-10-31,2,active,1,S-5fea89,12139,Enterprise,61,False,monthly,12139,0,0,0,0,1,0,0,,0
A-2e3bad,2023-11,2023-11-30,3,active,1,S-5fea89,12139,Enterprise,61,False,monthly,12139,0,0,0,0,3,0,0,,0
A-2e3bad,2023-12,2023-12-31,4,active,1,S-5fea89,12139,Enterprise,61,False,monthly,12139,0,0,0,0,1,0,0,,0
A-2e3bad,2024-01,2024-01-31,5,active,3,S-5fea89,12139,Enterprise,61,False,monthly,18117,0,0,0,0,2,0,2,,0
A-2e3bad,2024-02,2024-02-29,6,active,3,S-5fea89,12139,Enterprise,61,False,monthly,18117,0,0,0,0,2,2,0,,0
A-2e3bad,2024-03,2024-03-31,7,active,3,S-5fea89,12139,Enterprise,61,False,monthly,15128,2989,1,1,1,1,0,0,,0
A-2e3bad,2024-04,2024-04-30,8,active,4,S-5fea89,12139,Enterprise,61,False,monthly,16287,0,0,0,0,2,1,0,,0
A-2e3bad,2024-05,2024-05-31,9,active,4,S-5fea89,12139,Enterprise,61,False,monthly,16287,0,0,0,0,0,0,0,,0
A-2e3bad,2024-06,2024-06-30,10,active,5,S-02984e,12139,Enterprise,61,False,annual,28426,0,0,0,0,1,1,0,,0
A-2e3bad,2024-07,2024-07-31,11,active,5,S-02984e,12139,Enterprise,61,False,annual,28426,0,0,0,0,1,1,0,,0
A-2e3bad,2024-08,2024-08-31,12,active,5,S-02984e,12139,Enterprise,61,False,annual,28426,0,0,0,0,2,1,0,,0
A-2e3bad,2024-09,2024-09-30,13,active,6,S-1f4db5,12139,Enterprise,61,False,annual,40565,0,0,0,0,1,1,1,,0
A-2e3bad,2024-10,2024-10-31,14,active,8,S-1f4db5,12139,Enterprise,61,False,annual,41724,0,0,0,0,2,2,0,,0
A-2e3bad,2024-11,2024-11-30,15,active,8,S-1f4db5,12139,Enterprise,61,False,annual,41724,0,0,0,0,2,1,0,,0
A-2e3bad,2024-12,2024-12-31,16,active,8,S-1f4db5,12139,Enterprise,61,False,annual,41724,1159,1,0,0,0,0,0,,0
A-2e4581,2024-10,2024-10-31,0,active,3,S-c4cef7,637,Pro,13,False,annual,1078,0,0,0,0,1,0,0,,0
A-2e4581,2024-11,2024-11-30,1,active,7,S-1e349b,1938,Basic,102,False,monthly,5787,0,0,1,1,4,4,0,,0
A-2e4581,2024-12,2024-12-31,2,active,10,S-d4d459,5771,Enterprise,29,False,monthly,12603,0,0,1,1,1,0,1,,0
A-2ebb4b,2023-05,2023-05-31,0,inactive,0,,0,,0,,,0,0,0,0,0,1,0,0,,0
A-2ebb4b,2023-06,2023-06-30,1,active,2,S-b9fc6c,779,Basic,41,False,annual,779,0,0,0,0,0,0,0,,0
A-2ebb4b,2023-07,2023-07-31,2,active,2,S-b9fc6c,779,Basic,41,False,annual,779,0,0,0,0,1,0,1,3.00,0
A-2ebb4b,2023-08,2023-08-31,3,active,2,S-b9fc6c,779,Basic,41,False,annual,779,0,0,1,2,2,0,0,,0
A-2ebb4b,2023-09,2023-09-30,4,active,2,S-b9fc6c,779,Basic,41,False,annual,779,0,0,0,0,3,1,0,,0
A-2ebb4b,2023-10,2023-10-31,5,active,4,S-feaca1,12935,Enterprise,65,False,monthly,15723,0,0,0,0,3,1,0,,0
A-2ebb4b,2023-11,2023-11-30,6,active,5,S-feaca1,12935,Enterprise,65,False,monthly,15723,0,0,0,0,3,1,0,,0
A-2ebb4b,2023-12,2023-12-31,7,active,5,S-feaca1,12935,Enterprise,65,False,monthly,15723,0,0,0,0,1,1,0,,0
A-2ebb4b,2024-01,2024-01-31,8,active,5,S-feaca1,12935,Enterprise,65,False,monthly,15723,0,0,0,0,4,3,0,,0
A-2ebb4b,2024-02,2024-02-29,9,active,5,S-feaca1,12935,Enterprise,65,False,monthly,15723,0,0,0,0,2,1,0,,0
A-2ebb4b,2024-03,2024-03-31,10,active,5,S-feaca1,12935,Enterprise,65,False,monthly,15723,0,0,0,0,4,2,0,,0
A-2ebb4b,2024-04,2024-04-30,11,active,5,S-feaca1,12935,Enterprise,65,False,monthly,15723,0,0,0,0,1,0,1,3.00,0
A-2ebb4b,2024-05,2024-05-31,12,active,7,S-feaca1,12935,Enterprise,65,False,monthly,18511,0,0,0,0,4,4,0,,0
A-2ebb4b,2024-06,2024-06-30,13,active,8,S-feaca1,12935,Enterprise,65,False,monthly,26670,0,0,0,0,1,1,0,,0
A-2ebb4b,2024-07,2024-07-31,14,active,9,S-feaca1,12935,Enterprise,65,False,monthly,28679,0,0,0,0,2,2,0,,0
A-2ebb4b,2024-08,2024-08-31,15,active,8,S-feaca1,12935,Enterprise,65,False,monthly,26670,2009,1,0,0,2,2,0,,0
A-2ebb4b,2024-09,2024-09-30,16,active,8,S-feaca1,12935,Enterprise,65,False,monthly,26670,0,0,0,0,0,0,0,,0
A-2ebb4b,2024-10,2024-10-31,17,active,8,S-feaca1,12935,Enterprise,65,False,monthly,26670,0,0,0,0,5,3,0,,0
A-2ebb4b,2024-11,2024-11-30,18,active,8,S-feaca1,12935,Enterprise,65,False,monthly,26670,0,0,0,0,0,0,0,,0
A-2ebb4b,2024-12,2024-12-31,19,active,9,S-feaca1,12935,Enterprise,65,False,monthly,28679,0,0,1,1,2,2,0,,0
A-2edab2,2023-11,2023-11-30,0,active,2,S-32b223,833,Pro,17,False,annual,1156,0,0,0,0,2,1,0,,0
A-2edab2,2023-12,2023-12-31,1,active,3,S-32b223,833,Pro,17,False,annual,1479,0,0,1,1,0,0,0,,0
A-2edab2,2024-01,2024-01-31,2,active,3,S-32b223,833,Pro,17,False,annual,1479,0,0,0,0,1,1,0,,0
A-2edab2,2024-02,2024-02-29,3,active,3,S-32b223,833,Pro,17,False,annual,1479,0,0,0,0,4,0,0,,0
A-2edab2,2024-03,2024-03-31,4,active,5,S-7fbc53,833,Pro,17,False,monthly,3145,0,0,0,0,1,1,0,,0
A-2edab2,2024-04,2024-04-30,5,active,5,S-7fbc53,833,Pro,17,False,monthly,3145,0,0,0,0,4,2,0,,0
A-2edab2,2024-05,2024-05-31,6,active,5,S-7fbc53,833,Pro,17,False,monthly,3145,0,0,0,0,5,3,0,,0
A-2edab2,2024-06,2024-06-30,7,active,6,S-e8d48e,3383,Enterprise,17,False,annual,6528,0,0,1,1,1,0,0,,0
A-2edab2,2024-07,2024-07-31,8,active,7,S-e8d48e,3383,Enterprise,17,False,annual,6851,0,0,0,0,0,0,1,,0
A-2edab2,2024-08,2024-08-31,9,active,7,S-e8d48e,3383,Enterprise,17,False,annual,6851,0,0,0,0,5,5,0,,0
A-2edab2,2024-09,2024-09-30,10,active,7,S-e8d48e,3383,Enterprise,17,False,annual,6851,0,0,0,0,0,0,0,,0
A-2edab2,2024-10,2024-10-31,11,active,7,S-e8d48e,3383,Enterprise,17,False,annual,6341,833,1,0,0,2,2,0,,0
A-2edab2,2024-11,2024-11-30,12,active,8,S-eb15a1,3383,Enterprise,17,False,monthly,9724,0,0,0,0,2,2,0,,0
A-2edab2,2024-12,2024-12-31,13,active,9,S-eb15a1,3383,Enterprise,17,False,monthly,10557,0,0,0,0,2,2,0,,0
A-2f6a32,2024-08,2024-08-31,0,inactive,0,,0,,0,,,0,0,0,0,0,4,0,0,,0
A-2f6a32,2024-09,2024-09-30,1,active,2,S-3c52a6,361,Basic,19,False,annual,361,0,0,0,0,5,0,0,,0
A-2f6a32,2024-10,2024-10-31,2,active,5,S-89c7ff,1617,Pro,33,False,annual,3466,0,0,0,0,2,1,0,,0
A-2f6a32,2024-11,2024-11-30,3,active,8,S-89c7ff,1617,Pro,33,False,annual,5860,361,1,0,0,2,1,0,,0
A-2f6a32,2024-12,2024-12-31,4,active,9,S-89c7ff,1617,Pro,33,False,annual,6221,931,1,0,0,3,3,0,,0
A-309e54,2024-12,2024-12-31,0,active,10,S-93fa71,11741,Enterprise,59,False,annual,26932,1617,1,1,1,1,0,0,,0
A-30b4ca,2024-05,2024-05-31,0,active,3,S-3128b4,17114,Enterprise,86,False,monthly,51342,0,0,0,0,4,0,1,,1
A-30b4ca,2024-06,2024-06-30,1,active,4,S-e36ccb,17114,Enterprise,86,False,monthly,68456,0,0,0,0,0,0,0,,1
A-30b4ca,2024-07,2024-07-31,2,active,5,S-e36ccb,17114,Enterprise,86,False,monthly,72670,0,0,0,0,4,4,0,,1
A-30b4ca,2024-08,2024-08-31,3,active,7,S-e36ccb,17114,Enterprise,86,False,monthly,74304,0,0,0,0,1,0,0,,1
A-30b4ca,2024-09,2024-09-30,4,active,7,S-e36ccb,17114,Enterprise,86,False,monthly,74304,0,0,1,1,4,3,1,,1
A-30b4ca,2024-10,2024-10-31,5,active,8,S-e36ccb,17114,Enterprise,86,False,monthly,75938,0,0,0,0,1,1,0,,1
A-30b4ca,2024-11,2024-11-30,6,active,8,S-e36ccb,17114,Enterprise,86,False,monthly,75938,0,0,0,0,0,0,0,,1
A-30b4ca,2024-12,2024-12-31,7,active,8,S-e36ccb,17114,Enterprise,86,False,monthly,75938,0,0,0,0,2,2,0,,1
A-310452,2024-12,2024-12-31,0,active,5,S-e371b7,9950,Enterprise,50,False,monthly,11003,0,0,1,2,0,0,1,4.00,0
A-313be3,2023-11,2023-11-30,0,active,1,S-f5efe4,0,Enterprise,47,True,annual,0,0,0,0,0,1,0,0,,0
A-313be3,2023-12,2023-12-31,1,active,2,S-c14566,2303,Pro,47,False,annual,2303,0,0,1,1,4,0,0,,0
A-313be3,2024-01,2024-01-31,2,active,3,S-0b6899,9353,Enterprise,47,False,annual,11656,0,0,0,0,0,0,0,,0
A-313be3,2024-02,2024-02-29,3,active,3,S-0b6899,9353,Enterprise,47,False,annual,11656,0,0,0,0,3,1,0,,0
A-313be3,2024-03,2024-03-31,4,active,3,S-0b6899,9353,Enterprise,47,False,annual,11656,0,0,1,1,2,1,0,,0
A-313be3,2024-04,2024-04-30,5,active,3,S-0b6899,9353,Enterprise,47,False,annual,11656,0,0,0,0,4,0,0,,0
A-313be3,2024-05,2024-05-31,6,active,3,S-0b6899,9353,Enterprise,47,False,annual,11656,0,0,0,0,1,0,0,,0
A-313be3,2024-06,2024-06-30,7,active,3,S-0b6899,9353,Enterprise,47,False,annual,11656,0,0,0,0,0,0,0,,0
A-313be3,2024-07,2024-07-31,8,active,4,S-0b6899,9353,Enterprise,47,False,annual,11656,0,0,0,0,3,3,0,,0
A-313be3,2024-08,2024-08-31,9,active,7,S-0b6899,9353,Enterprise,47,False,annual,16703,0,0,0,0,2,0,0,,0
A-313be3,2024-09,2024-09-30,10,active,8,S-0b6899,9353,Enterprise,47,False,annual,16703,0,0,0,0,2,1,0,,0
A-313be3,2024-10,2024-10-31,11,active,8,S-0b6899,9353,Enterprise,47,False,annual,16703,0,0,0,0,5,2,0,,0
A-313be3,2024-11,2024-11-30,12,active,9,S-0b6899,9353,Enterprise,47,False,annual,16703,0,0,0,0,3,1,1,5.00,0
A-313be3,2024-12,2024-12-31,13,active,11,S-0b6899,9353,Enterprise,47,False,annual,19006,0,0,0,0,1,1,0,,0
A-31ab9a,2024-03,2024-03-31,0,active,1,S-a68d25,285,Basic,15,False,monthly,285,0,0,0,0,1,0,0,,0
A-31ab9a,2024-04,2024-04-30,1,active,3,S-c5cee8,3577,Pro,73,False,monthly,4459,0,0,0,0,1,0,0,,0
A-31ab9a,2024-05,2024-05-31,2,active,3,S-c5cee8,3577,Pro,73,False,monthly,4459,0,0,0,0,2,1,0,,0
A-31ab9a,2024-06,2024-06-30,3,active,3,S-c5cee8,3577,Pro,73,False,monthly,4459,0,0,0,0,2,1,1,3.00,0
A-31ab9a,2024-07,2024-07-31,4,active,3,S-c5cee8,3577,Pro,73,False,monthly,4459,0,0,0,0,2,0,0,,0
A-31ab9a,2024-08,2024-08-31,5,active,4,S-c5cee8,3577,Pro,73,False,monthly,4459,0,0,1,1,2,1,0,,0
A-31ab9a,2024-09,2024-09-30,6,active,4,S-c5cee8,3577,Pro,73,False,monthly,4459,0,0,1,1,2,2,1,4.00,0
A-31ab9a,2024-10,2024-10-31,7,active,5,S-c5cee8,3577,Pro,73,False,monthly,7245,0,0,0,0,0,0,0,,0
A-31ab9a,2024-11,2024-11-30,8,active,5,S-c5cee8,3577,Pro,73,False,monthly,7245,0,0,0,0,2,2,0,,0
A-31ab9a,2024-12,2024-12-31,9,active,7,S-12bfc8,5771,Enterprise,29,False,monthly,15802,0,0,0,0,1,1,1,3.00,0
A-32728c,2023-01,2023-01-31,0,inactive,0,,0,,0,,,0,0,0,1,1,3,0,1,3.00,1
A-32728c,2023-02,2023-02-28,1,inactive,0,,0,,0,,,0,0,0,0,0,3,0,0,,1
A-32728c,2023-03,2023-03-31,2,inactive,0,,0,,0,,,0,0,0,0,0,2,0,1,4.00,1
A-32728c,2023-04,2023-04-30,3,active,1,S-2ebd06,980,Pro,20,False,monthly,980,0,0,0,0,1,0,0,,1
A-32728c,2023-05,2023-05-31,4,active,2,S-a4f26d,980,Pro,20,False,monthly,1960,0,0,0,0,0,0,0,,1
A-32728c,2023-06,2023-06-30,5,active,3,S-2c091a,980,Pro,20,False,annual,2940,0,0,0,0,3,1,0,,1
A-32728c,2023-07,2023-07-31,6,active,4,S-2c091a,980,Pro,20,False,annual,3320,0,0,0,0,1,0,0,,1
A-32728c,2023-08,2023-08-31,7,active,4,S-2c091a,980,Pro,20,False,annual,3320,0,0,0,0,3,2,0,,1
A-32728c,2023-09,2023-09-30,8,active,4,S-2c091a,980,Pro,20,False,annual,3320,0,0,0,0,1,0,0,,1
A-32728c,2023-10,2023-10-31,9,active,4,S-2c091a,980,Pro,20,False,annual,3320,0,0,0,0,1,0,0,,1
A-32728c,2023-11,2023-11-30,10,active,4,S-2c091a,980,Pro,20,False,annual,3320,0,0,0,0,3,3,0,,1
A-32728c,2023-12,2023-12-31,11,active,4,S-2c091a,980,Pro,20,False,annual,3320,0,0,0,0,0,0,0,,1
A-32728c,2024-01,2024-01-31,12,active,4,S-2c091a,980,Pro,20,False,annual,3320,0,0,0,0,2,0,0,,1
A-32728c,2024-02,2024-02-29,13,active,4,S-2c091a,980,Pro,20,False,annual,3320,0,0,0,0,2,0,0,,1
A-32728c,2024-03,2024-03-31,14,active,5,S-2c091a,980,Pro,20,False,annual,3320,0,0,0,0,1,1,0,,1
A-32728c,2024-04,2024-04-30,15,active,5,S-2c091a,980,Pro,20,False,annual,2940,380,1,0,0,4,1,0,,1
A-32728c,2024-05,2024-05-31,16,active,6,S-2c091a,980,Pro,20,False,annual,3320,0,0,0,0,1,1,0,,1
A-32728c,2024-06,2024-06-30,17,active,6,S-2c091a,980,Pro,20,False,annual,3320,0,0,1,1,3,3,0,,1
A-32728c,2024-07,2024-07-31,18,active,6,S-2c091a,980,Pro,20,False,annual,3320,0,0,1,1,1,1,0,,1
A-32728c,2024-08,2024-08-31,19,active,6,S-2c091a,980,Pro,20,False,annual,3320,0,0,0,0,1,1,0,,1
A-32728c,2024-09,2024-09-30,20,active,7,S-2c091a,980,Pro,20,False,annual,4118,0,0,0,0,2,2,0,,1
A-32728c,2024-10,2024-10-31,21,active,7,S-2c091a,980,Pro,20,False,annual,4118,0,0,0,0,0,0,0,,1
A-32728c,2024-11,2024-11-30,22,active,7,S-2c091a,980,Pro,20,False,annual,4118,0,0,0,0,0,0,0,,1
A-32728c,2024-12,2024-12-31,23,active,7,S-2c091a,980,Pro,20,False,annual,4118,0,0,0,0,3,3,0,,1
A-328bd0,2023-05,2023-05-31,0,inactive,0,,0,,0,,,0,0,0,0,0,1,0,0,,0
A-328bd0,2023-06,2023-06-30,1,inactive,0,,0,,0,,,0,0,0,0,0,4,0,0,,0
A-328bd0,2023-07,2023-07-31,2,inactive,0,,0,,0,,,0,0,0,0,0,4,0,0,,0
A-328bd0,2023-08,2023-08-31,3,active,2,S-0a59be,3582,Enterprise,18,False,monthly,3582,0,0,0,0,1,0,0,,0
A-328bd0,2023-09,2023-09-30,4,active,3,S-0a59be,3582,Enterprise,18,False,monthly,5199,0,0,0,0,2,0,1,,0
A-328bd0,2023-10,2023-10-31,5,active,5,S-0a59be,3582,Enterprise,18,False,monthly,5883,0,0,0,0,3,2,0,,0
A-328bd0,2023-11,2023-11-30,6,active,5,S-0a59be,3582,Enterprise,18,False,monthly,5883,0,0,0,0,4,1,0,,0
A-328bd0,2023-12,2023-12-31,7,active,6,S-0a59be,3582,Enterprise,18,False,monthly,7794,0,0,0,0,6,4,0,,0
A-328bd0,2024-01,2024-01-31,8,active,5,S-0a59be,3582,Enterprise,18,False,monthly,5883,1911,1,0,0,1,0,0,,0
A-328bd0,2024-02,2024-02-29,9,active,7,S-0a59be,3582,Enterprise,18,False,monthly,6567,0,0,0,0,1,0,1,4.00,0
A-328bd0,2024-03,2024-03-31,10,active,6,S-0a59be,3582,Enterprise,18,False,monthly,6225,342,1,0,0,1,0,1,3.00,0
A-328bd0,2024-04,2024-04-30,11,active,7,S-0a59be,3582,Enterprise,18,False,monthly,7107,0,0,0,0,1,0,0,,0
A-328bd0,2024-05,2024-05-31,12,active,8,S-0a59be,3582,Enterprise,18,False,monthly,8920,0,0,0,0,1,0,0,,0
A-328bd0,2024-06,2024-06-30,13,active,8,S-0a59be,3582,Enterprise,18,False,monthly,8920,0,0,0,0,4,3,0,,0
A-328bd0,2024-07,2024-07-31,14,active,9,S-1f94ad,3582,Enterprise,18,False,annual,12502,0,0,0,0,1,1,0,,0
A-328bd0,2024-08,2024-08-31,15,active,10,S-1f94ad,3582,Enterprise,18,False,annual,12844,0,0,0,0,4,4,1,4.00,0
A-328bd0,2024-09,2024-09-30,16,active,10,S-1f94ad,3582,Enterprise,18,False,annual,12844,0,0,0,0,2,1,1,,0
A-328bd0,2024-10,2024-10-31,17,active,10,S-1f94ad,3582,Enterprise,18,False,annual,12844,0,0,0,0,5,4,0,,0
A-328bd0,2024-11,2024-11-30,18,active,10,S-1f94ad,3582,Enterprise,18,False,annual,12844,0,0,0,0,0,0,0,,0
A-328bd0,2024-12,2024-12-31,19,active,11,S-1f94ad,3582,Enterprise,18,False,annual,13726,0,0,0,0,4,2,0,,0
A-32fb14,2023-03,2023-03-31,0,inactive,0,,0,,0,,,0,0,0,0,0,4,0,1,,1
A-32fb14,2023-04,2023-04-30,1,inactive,0,,0,,0,,,0,0,0,0,0,1,0,0,,1
A-32fb14,2023-05,2023-05-31,2,inactive,0,,0,,0,,,0,0,0,0,0,3,0,0,,1
A-32fb14,2023-06,2023-06-30,3,inactive,0,,0,,0,,,0,0,0,0,0,2,0,0,,1
A-32fb14,2023-07,2023-07-31,4,active,1,S-d9eb73,0,Basic,26,True,annual,0,0,0,0,0,3,0,0,,1
A-32fb14,2023-08,2023-08-31,5,active,1,S-d9eb73,0,Basic,26,True,annual,0,0,0,1,1,5,0,0,,1
A-32fb14,2023-09,2023-09-30,6,active,2,S-856241,494,Basic,26,False,monthly,494,0,0,0,0,1,0,0,,1
A-32fb14,2023-10,2023-10-31,7,active,2,S-856241,494,Basic,26,False,monthly,494,0,0,0,0,3,2,0,,1
A-32fb14,2023-11,2023-11-30,8,active,4,S-38c5fd,494,Basic,26,False,annual,1482,0,0,0,0,2,1,0,,1
A-32fb14,2023-12,2023-12-31,9,active,4,S-38c5fd,494,Basic,26,False,annual,1482,0,0,0,0,0,0,0,,1
A-32fb14,2024-01,2024-01-31,10,active,4,S-38c5fd,494,Basic,26,False,annual,1482,0,0,0,0,3,2,0,,1
A-32fb14,2024-02,2024-02-29,11,active,4,S-38c5fd,494,Basic,26,False,annual,1482,0,0,0,0,3,2,0,,1
A-32fb14,2024-03,2024-03-31,12,active,6,S-5ed35a,893,Basic,47,False,monthly,2926,0,0,0,0,1,0,0,,1
A-32fb14,2024-04,2024-04-30,13,active,5,S-4f8c90,551,Basic,29,False,annual,2033,893,1,1,2,3,1,0,,1
A-32fb14,2024-05,2024-05-31,14,active,5,S-4f8c90,551,Basic,29,False,annual,2033,0,0,0,0,2,1,1,,1
A-32fb14,2024-06,2024-06-30,15,active,4,S-4f8c90,551,Basic,29,False,annual,1539,494,1,0,0,0,0,1,5.00,1
A-32fb14,2024-07,2024-07-31,16,active,5,S-8d6cec,1568,Pro,32,False,annual,3107,0,0,0,0,1,1,1,,1
A-32fb14,2024-08,2024-08-31,17,active,5,S-8d6cec,1568,Pro,32,False,annual,3107,0,0,0,0,3,1,0,,1
A-32fb14,2024-09,2024-09-30,18,active,6,S-8d6cec,1568,Pro,32,False,annual,3601,0,0,0,0,0,0,1,4.00,1
A-32fb14,2024-10,2024-10-31,19,active,6,S-8d6cec,1568,Pro,32,False,annual,3601,0,0,0,0,0,0,0,,1
A-32fb14,2024-11,2024-11-30,20,active,7,S-33598f,5174,Enterprise,26,False,annual,8775,0,0,0,0,0,0,0,,1
A-32fb14,2024-12,2024-12-31,21,active,7,S-33598f,5174,Enterprise,26,False,annual,8775,0,0,0,0,3,2,0,,1
A-331424,2023-11,2023-11-30,0,inactive,0,,0,,0,,,0,0,0,0,0,2,0,0,,0
A-331424,2023-12,2023-12-31,1,inactive,0,,0,,0,,,0,0,0,0,0,0,0,0,,0
A-331424,2024-01,2024-01-31,2,active,2,S-70e232,2189,Enterprise,11,False,annual,2189,0,0,0,0,1,1,0,,0
A-331424,2024-02,2024-02-29,3,active,3,S-70e232,2189,Enterprise,11,False,annual,2398,0,0,1,1,0,0,0,,0
A-331424,2024-03,2024-03-31,4,active,3,S-70e232,2189,Enterprise,11,False,annual,2398,0,0,0,0,3,1,0,,0
A-331424,2024-04,2024-04-30,5,active,3,S-70e232,2189,Enterprise,11,False,annual,2398,0,0,0,0,0,0,0,,0
A-331424,2024-05,2024-05-31,6,active,4,S-19f899,2189,Enterprise,11,False,annual,4587,0,0,0,0,1,1,0,,0
A-331424,2024-06,2024-06-30,7,active,4,S-19f899,2189,Enterprise,11,False,annual,4587,0,0,0,0,0,0,0,,0
A-331424,2024-07,2024-07-31,8,active,4,S-19f899,2189,Enterprise,11,False,annual,4587,0,0,0,0,2,2,0,,0
A-331424,2024-08,2024-08-31,9,active,4,S-632acf,2189,Enterprise,11,False,monthly,6567,209,1,0,0,1,1,0,,0
A-331424,2024-09,2024-09-30,10,active,4,S-632acf,2189,Enterprise,11,False,monthly,6567,0,0,0,0,1,1,0,,0
A-331424,2024-10,2024-10-31,11,active,4,S-632acf,2189,Enterprise,11,False,monthly,6567,0,0,0,0,1,1,0,,0
A-331424,2024-11,2024-11-30,12,active,5,S-632acf,2189,Enterprise,11,False,monthly,6567,0,0,0,0,0,0,0,,0
A-331424,2024-12,2024-12-31,13,active,5,S-632acf,2189,Enterprise,11,False,monthly,6567,0,0,0,0,1,1,0,,0
A-337bc1,2023-07,2023-07-31,0,inactive,0,,0,,0,,,0,0,0,0,0,2,0,0,,0
A-337bc1,2023-08,2023-08-31,1,active,1,S-fd8bb6,1470,Pro,30,False,monthly,1470,0,0,0,0,1,0,1,4.00,0
A-337bc1,2023-09,2023-09-30,2,active,1,S-fd8bb6,1470,Pro,30,False,monthly,1470,0,0,0,0,1,0,0,,0
A-337bc1,2023-10,2023-10-31,3,active,1,S-fd8bb6,1470,Pro,30,False,monthly,1470,0,0,1,1,1,0,0,,0
A-337bc1,2023-11,2023-11-30,4,active,2,S-05b1b6,6766,Enterprise,34,False,monthly,8236,0,0,0,0,0,0,0,,0
A-337bc1,2023-12,2023-12-31,5,active,2,S-05b1b6,6766,Enterprise,34,False,monthly,8236,0,0,1,1,2,0,0,,0
A-337bc1,2024-01,2024-01-31,6,active,2,S-05b1b6,6766,Enterprise,34,False,monthly,8236,0,0,0,0,1,0,0,,0
A-337bc1,2024-02,2024-02-29,7,active,2,S-05b1b6,6766,Enterprise,34,False,monthly,8236,0,0,0,0,2,2,0,,0
A-337bc1,2024-03,2024-03-31,8,active,3,S-05b1b6,6766,Enterprise,34,False,monthly,14405,0,0,0,0,1,0,0,,0
A-337bc1,2024-04,2024-04-30,9,active,3,S-05b1b6,6766,Enterprise,34,False,monthly,14405,0,0,0,0,2,1,0,,0
A-337bc1,2024-05,2024-05-31,10,active,3,S-05b1b6,6766,Enterprise,34,False,monthly,14405,0,0,0,0,1,0,1,5.00,0
A-337bc1,2024-06,2024-06-30,11,active,3,S-05b1b6,6766,Enterprise,34,False,monthly,14405,0,0,0,0,3,0,0,,0
A-337bc1,2024-07,2024-07-31,12,active,3,S-05b1b6,6766,Enterprise,34,False,monthly,14405,0,0,0,0,2,1,0,,0
A-337bc1,2024-08,2024-08-31,13,active,4,S-05b1b6,6766,Enterprise,34,False,monthly,15165,0,0,0,0,1,1,0,,0
A-337bc1,2024-09,2024-09-30,14,active,7,S-05b1b6,6766,Enterprise,34,False,monthly,19379,0,0,0,0,2,2,0,,0
A-337bc1,2024-10,2024-10-31,15,active,7,S-05b1b6,6766,Enterprise,34,False,monthly,19379,0,0,0,0,4,4,0,,0
A-337bc1,2024-11,2024-11-30,16,active,7,S-05b1b6,6766,Enterprise,34,False,monthly,19379,0,0,0,0,0,0,1,3.00,0
A-337bc1,2024-12,2024-12-31,17,active,7,S-05b1b6,6766,Enterprise,34,False,monthly,19379,0,0,0,0,2,2,1,,0
A-342303,2024-03,2024-03-31,0,inactive,0,,0,,0,,,0,0,0,1,1,0,0,1,,0
A-342303,2024-04,2024-04-30,1,inactive,0,,0,,0,,,0,0,0,0,0,0,0,0,,0
A-342303,2024-05,2024-05-31,2,active,1,S-6fa5cd,323,Basic,17,False,monthly,323,0,0,0,0,1,1,0,,0
A-342303,2024-06,2024-06-30,3,active,1,S-6fa5cd,323,Basic,17,False,monthly,323,0,0,0,0,0,0,0,,0
A-342303,2024-07,2024-07-31,4,active,2,S-d4f02f,1372,Pro,28,False,annual,1695,0,0,0,0,0,0,0,,0
A-342303,2024-08,2024-08-31,5,active,2,S-d4f02f,1372,Pro,28,False,annual,1695,0,0,0,0,2,2,0,,0
A-342303,2024-09,2024-09-30,6,active,2,S-d4f02f,1372,Pro,28,False,annual,1695,0,0,0,0,1,1,0,,0
A-342303,2024-10,2024-10-31,7,active,2,S-d4f02f,1372,Pro,28,False,annual,1695,0,0,0,0,1,1,0,,0
A-342303,2024-11,2024-11-30,8,active,3,S-d4f02f,1372,Pro,28,False,annual,1695,0,0,0,0,1,0,0,,0
A-342303,2024-12,2024-12-31,9,active,3,S-d4f02f,1372,Pro,28,False,annual,1695,0,0,0,0,0,0,0,,0
A-34d880,2024-04,2024-04-30,0,active,2,S-2d807a,10547,Enterprise,53,False,monthly,10743,0,0,0,0,1,0,0,,0
A-34d880,2024-05,2024-05-31,1,active,2,S-2d807a,10547,Enterprise,53,False,monthly,10743,0,0,0,0,2,0,0,,0
A-34d880,2024-06,2024-06-30,2,active,4,S-2d807a,10547,Enterprise,53,False,monthly,10743,0,0,0,0,2,1,0,,0
A-34d880,2024-07,2024-07-31,3,active,6,S-2d807a,10547,Enterprise,53,False,monthly,18394,0,0,0,0,3,2,1,3.00,0
A-34d880,2024-08,2024-08-31,4,active,7,S-2d807a,10547,Enterprise,53,False,monthly,19173,0,0,0,0,0,0,0,,0
A-34d880,2024-09,2024-09-30,5,active,6,S-2d807a,10547,Enterprise,53,False,monthly,18394,779,1,0,0,2,2,0,,0
A-34d880,2024-10,2024-10-31,6,active,8,S-2d807a,10547,Enterprise,53,False,monthly,20185,0,0,0,0,4,1,1,3.00,0
A-34d880,2024-11,2024-11-30,7,active,8,S-2d807a,10547,Enterprise,53,False,monthly,20185,0,0,0,0,1,1,1,3.00,0
A-34d880,2024-12,2024-12-31,8,active,8,S-2d807a,10547,Enterprise,53,False,monthly,20185,0,0,1,1,1,1,0,,0
A-34ea2f,2024-08,2024-08-31,0,inactive,0,,0,,0,,,0,0,0,0,0,1,0,0,,1
A-34ea2f,2024-09,2024-09-30,1,active,4,S-62fe77,1127,Pro,23,False,annual,1671,0,0,0,0,4,2,0,,1
A-34ea2f,2024-10,2024-10-31,2,active,8,S-d5c6cc,4067,Pro,83,False,annual,6441,0,0,1,2,2,1,1,,1
A-34ea2f,2024-11,2024-11-30,3,active,10,S-d5c6cc,4067,Pro,83,False,annual,7220,4179,1,0,0,4,3,0,,1
A-34ea2f,2024-12,2024-12-31,4,active,10,S-d5c6cc,4067,Pro,83,False,annual,10404,0,1,0,0,4,3,0,,1
A-35083d,2023-04,2023-04-30,0,inactive,0,,0,,0,,,0,0,0,0,0,7,0,0,,1
A-35083d,2023-05,2023-05-31,1,inactive,0,,0,,0,,,0,0,0,0,0,3,0,0,,1
A-35083d,2023-06,2023-06-30,2,active,1,S-ad3ef7,0,Enterprise,19,True,annual,0,0,0,0,0,1,0,0,,1
A-35083d,2023-07,2023-07-31,3,active,1,S-ad3ef7,0,Enterprise,19,True,annual,0,0,0,0,0,5,0,0,,1
A-35083d,2023-08,2023-08-31,4,active,3,S-03ac49,3781,Enterprise,19,False,monthly,7562,0,0,0,0,3,0,0,,1
A-35083d,2023-09,2023-09-30,5,active,3,S-03ac49,3781,Enterprise,19,False,monthly,7562,0,0,0,0,5,0,1,5.00,1
A-35083d,2023-10,2023-10-31,6,active,3,S-03ac49,3781,Enterprise,19,False,monthly,7562,0,0,0,0,4,1,1,5.00,1
A-35083d,2023-11,2023-11-30,7,active,5,S-03ac49,3781,Enterprise,19,False,monthly,8037,0,0,0,0,2,2,0,,1
A-35083d,2023-12,2023-12-31,8,active,5,S-03ac49,3781,Enterprise,19,False,monthly,8037,0,0,0,0,4,1,0,,1
A-35083d,2024-01,2024-01-31,9,active,6,S-03ac49,3781,Enterprise,19,False,monthly,8683,0,0,0,0,1,1,0,,1
A-35083d,2024-02,2024-02-29,10,active,6,S-03ac49,3781,Enterprise,19,False,monthly,8683,0,0,0,0,7,3,0,,1
A-35083d,2024-03,2024-03-31,11,active,6,S-03ac49,3781,Enterprise,19,False,monthly,8683,0,0,0,0,0,0,0,,1
A-35083d,2024-04,2024-04-30,12,active,7,S-03ac49,3781,Enterprise,19,False,monthly,9614,0,0,0,0,2,1,0,,1
A-35083d,2024-05,2024-05-31,13,active,9,S-de059a,3781,Enterprise,19,False,monthly,14326,0,0,0,0,3,3,0,,1
A-35083d,2024-06,2024-06-30,14,active,8,S-de059a,3781,Enterprise,19,False,monthly,13395,931,1,0,0,1,1,1,5.00,1
A-35083d,2024-07,2024-07-31,15,active,10,S-de059a,3781,Enterprise,19,False,monthly,15814,0,0,0,0,0,0,0,,1
A-35083d,2024-08,2024-08-31,16,active,12,S-c5d797,3781,Enterprise,19,False,monthly,19595,0,0,0,0,5,3,0,,1
A-35083d,2024-09,2024-09-30,17,active,13,S-c5d797,3781,Enterprise,19,False,monthly,20820,0,0,0,0,4,1,1,,1
A-35083d,2024-10,2024-10-31,18,active,14,S-c5d797,3781,Enterprise,19,False,monthly,21751,0,0,0,0,4,3,0,,1
A-35083d,2024-11,2024-11-30,19,active,14,S-c5d797,3781,Enterprise,19,False,monthly,21751,0,0,0,0,1,1,0,,1
A-35083d,2024-12,2024-12-31,20,active,15,S-22be2c,9751,Enterprise,49,False,monthly,31502,0,0,0,0,6,6,0,,1
A-354f12,2024-04,2024-04-30,0,inactive,0,,0,,0,,,0,0,0,0,0,0,0,0,,0
A-354f12,2024-05,2024-05-31,1,active,1,S-d64e41,6766,Enterprise,34,False,annual,6766,0,0,0,0,0,0,0,,0
A-354f12,2024-06,2024-06-30,2,active,1,S-d64e41,6766,Enterprise,34,False,annual,6766,0,0,0,0,1,0,0,,0
A-354f12,2024-07,2024-07-31,3,active,1,S-d64e41,6766,Enterprise,34,False,annual,6766,0,0,0,0,0,0,0,,0
A-354f12,2024-08,2024-08-31,4,active,2,S-d64e41,6766,Enterprise,34,False,annual,6965,0,0,0,0,0,0,0,,0
A-354f12,2024-09,2024-09-30,5,active,2,S-d64e41,6766,Enterprise,34,False,annual,6965,0,0,1,1,0,0,0,,0
A-354f12,2024-10,2024-10-31,6,active,3,S-d64e41,6766,Enterprise,34,False,annual,8756,0,0,0,0,4,4,0,,0
A-354f12,2024-11,2024-11-30,7,active,4,S-d64e41,6766,Enterprise,34,False,annual,8889,0,0,0,0,1,1,0,,0
A-354f12,2024-12,2024-12-31,8,active,4,S-d64e41,6766,Enterprise,34,False,annual,8889,0,0,0,0,2,2,0,,0
A-378b99,2024-09,2024-09-30,0,active,2,S-447189,1292,Basic,68,False,monthly,2223,0,0,0,0,1,0,0,,0
A-378b99,2024-10,2024-10-31,1,active,6,S-447189,1292,Basic,68,False,monthly,3644,0,0,1,1,1,1,0,,0
A-378b99,2024-11,2024-11-30,2,active,9,S-41acf0,3184,Enterprise,16,False,annual,9740,0,0,0,0,2,2,0,,0
A-378b99,2024-12,2024-12-31,3,active,11,S-41acf0,3184,Enterprise,16,False,annual,10524,1592,1,0,0,5,5,0,,0
A-3793ee,2023-03,2023-03-31,0,inactive,0,,0,,0,,,0,0,0,0,0,0,0,0,,0
A-3793ee,2023-04,2023-04-30,1,inactive,0,,0,,0,,,0,0,0,0,0,3,0,0,,0
A-3793ee,2023-05,2023-05-31,2,inactive,0,,0,,0,,,0,0,0,0,0,2,0,0,,0
A-3793ee,2023-06,2023-06-30,3,inactive,0,,0,,0,,,0,0,0,1,1,2,0,0,,0
A-3793ee,2023-07,2023-07-31,4,inactive,0,,0,,0,,,0,0,0,0,0,2,0,0,,0
A-3793ee,2023-08,2023-08-31,5,inactive,0,,0,,0,,,0,0,0,0,0,1,0,0,,0
A-3793ee,2023-09,2023-09-30,6,inactive,0,,0,,0,,,0,0,0,0,0,1,0,1,,0
A-3793ee,2023-10,2023-10-31,7,inactive,0,,0,,0,,,0,0,0,0,0,2,0,0,,0
A-3793ee,2023-11,2023-11-30,8,active,3,S-b1d153,2401,Pro,49,False,monthly,2401,0,0,0,0,3,0,1,,0
A-3793ee,2023-12,2023-12-31,9,active,3,S-b1d153,2401,Pro,49,False,monthly,2401,0,0,0,0,2,0,0,,0
A-3793ee,2024-01,2024-01-31,10,active,4,S-bf39f7,2401,Pro,49,False,monthly,4802,0,0,0,0,0,0,0,,0
A-3793ee,2024-02,2024-02-29,11,active,4,S-bf39f7,2401,Pro,49,False,monthly,4802,0,0,0,0,1,0,0,,0
A-3793ee,2024-03,2024-03-31,12,active,5,S-75fe32,2401,Pro,49,False,annual,7203,0,0,0,0,1,1,0,,0
A-3793ee,2024-04,2024-04-30,13,active,5,S-75fe32,2401,Pro,49,False,annual,7203,0,0,0,0,0,0,0,,0
A-3793ee,2024-05,2024-05-31,14,active,5,S-75fe32,2401,Pro,49,False,annual,7203,0,0,0,0,2,1,0,,0
A-3793ee,2024-06,2024-06-30,15,active,5,S-75fe32,2401,Pro,49,False,annual,7203,0,0,0,0,5,4,2,4.00,0
A-3793ee,2024-07,2024-07-31,16,active,6,S-ab152e,9751,Enterprise,49,False,monthly,16954,0,0,0,0,3,1,0,,0
A-3793ee,2024-08,2024-08-31,17,active,6,S-ab152e,9751,Enterprise,49,False,monthly,16954,0,0,0,0,1,1,0,,0
A-3793ee,2024-09,2024-09-30,18,active,6,S-ab152e,9751,Enterprise,49,False,monthly,16954,0,0,0,0,1,1,0,,0
A-3793ee,2024-10,2024-10-31,19,active,6,S-efdeae,9751,Enterprise,49,False,monthly,24304,2401,1,0,0,1,1,0,,0
A-3793ee,2024-11,2024-11-30,20,active,6,S-efdeae,9751,Enterprise,49,False,monthly,24304,0,0,0,0,2,1,0,,0
A-3793ee,2024-12,2024-12-31,21,active,6,S-efdeae,9751,Enterprise,49,False,monthly,24304,0,0,0,0,2,1,0,,0
A-37f969,2023-10,2023-10-31,0,active,1,S-ed32c7,1470,Pro,30,False,annual,1470,0,0,0,0,1,0,0,,0
A-37f969,2023-11,2023-11-30,1,active,2,S-ed32c7,1470,Pro,30,False,annual,2439,0,0,0,0,3,1,0,,0
A-37f969,2023-12,2023-12-31,2,active,3,S-e6f639,1470,Pro,30,False,monthly,3909,0,0,0,0,1,0,2,3.00,0
A-37f969,2024-01,2024-01-31,3,active,4,S-3bb28f,5970,Enterprise,30,False,monthly,9879,0,0,0,0,0,0,0,,0
A-37f969,2024-02,2024-02-29,4,active,4,S-3bb28f,5970,Enterprise,30,False,monthly,9879,0,0,1,1,0,0,0,,0
A-37f969,2024-03,2024-03-31,5,active,4,S-3bb28f,5970,Enterprise,30,False,monthly,9879,0,0,0,0,1,0,0,,0
A-37f969,2024-04,2024-04-30,6,active,4,S-3bb28f,5970,Enterprise,30,False,monthly,9879,0,0,0,0,1,0,1,,0
A-37f969,2024-05,2024-05-31,7,active,5,S-969aac,5970,Enterprise,30,False,monthly,15849,0,0,0,0,2,0,0,,0
A-37f969,2024-06,2024-06-30,8,active,6,S-969aac,5970,Enterprise,30,False,monthly,16419,0,0,1,1,1,0,0,,0
A-37f969,2024-07,2024-07-31,9,active,6,S-969aac,5970,Enterprise,30,False,monthly,16419,0,0,0,0,1,1,0,,0
A-37f969,2024-08,2024-08-31,10,active,7,S-969aac,5970,Enterprise,30,False,monthly,16989,0,0,0,0,2,2,0,,0
A-37f969,2024-09,2024-09-30,11,active,8,S-3947da,5970,Enterprise,30,False,annual,22959,0,0,0,0,1,1,0,,0
A-37f969,2024-10,2024-10-31,12,active,8,S-3947da,5970,Enterprise,30,False,annual,22959,0,0,0,0,1,1,0,,0
A-37f969,2024-11,2024-11-30,13,active,8,S-3947da,5970,Enterprise,30,False,annual,22959,0,0,1,1,0,0,0,,0
A-37f969,2024-12,2024-12-31,14,active,8,S-3947da,5970,Enterprise,30,False,annual,22959,0,0,1,1,2,2,0,,0
A-3932db,2023-10,2023-10-31,0,inactive,0,,0,,0,,,0,0,0,0,0,1,0,0,,1
A-3932db,2023-11,2023-11-30,1,inactive,0,,0,,0,,,0,0,0,0,0,1,0,0,,1
A-3932db,2023-12,2023-12-31,2,active,1,S-3d46f8,437,Basic,23,False,monthly,437,0,0,0,0,3,0,1,,1
A-3932db,2024-01,2024-01-31,3,active,1,S-3d46f8,437,Basic,23,False,monthly,437,0,0,0,0,3,1,1,5.00,1
A-3932db,2024-02,2024-02-29,4,active,2,S-3d46f8,437,Basic,23,False,monthly,798,0,0,0,0,1,0,0,,1
A-3932db,2024-03,2024-03-31,5,active,3,S-9bf1a0,779,Basic,41,False,monthly,1577,0,0,0,0,3,0,0,,1
A-3932db,2024-04,2024-04-30,6,active,3,S-9bf1a0,779,Basic,41,False,monthly,1577,0,0,0,0,2,0,0,,1
A-3932db,2024-05,2024-05-31,7,active,3,S-9bf1a0,779,Basic,41,False,monthly,1577,0,0,0,0,2,0,0,,1
A-3932db,2024-06,2024-06-30,8,active,3,S-9bf1a0,779,Basic,41,False,monthly,1577,0,0,0,0,2,0,0,,1
A-3932db,2024-07,2024-07-31,9,active,4,S-9bf1a0,779,Basic,41,False,monthly,1577,0,0,0,0,3,2,0,,1
A-3932db,2024-08,2024-08-31,10,active,3,S-9bf1a0,779,Basic,41,False,monthly,1577,0,1,0,0,1,0,0,,1
A-3932db,2024-09,2024-09-30,11,active,5,S-12902a,3781,Enterprise,19,False,monthly,5358,0,0,0,0,3,0,1,,1
A-3932db,2024-10,2024-10-31,12,active,6,S-12902a,3781,Enterprise,19,False,monthly,7122,0,0,0,0,2,1,0,,1
A-3932db,2024-11,2024-11-30,13,active,7,S-7d8dde,6965,Enterprise,35,False,monthly,14087,0,0,0,0,5,3,0,,1
A-3932db,2024-12,2024-12-31,14,active,8,S-7d8dde,6965,Enterprise,35,False,monthly,14087,0,0,0,0,3,3,0,,1
A-396e5f,2024-10,2024-10-31,0,active,7,S-6ee6c9,2597,Pro,53,False,annual,7829,0,0,0,0,3,0,0,,0
A-396e5f,2024-11,2024-11-30,1,active,8,S-6ee6c9,2597,Pro,53,False,annual,8172,0,0,1,1,3,3,0,,0
A-396e5f,2024-12,2024-12-31,2,active,10,S-6ee6c9,2597,Pro,53,False,annual,10236,0,0,0,0,4,4,1,4.00,0
A-39868b,2024-03,2024-03-31,0,inactive,0,,0,,0,,,0,0,0,0,0,0,0,1,,0
A-39868b,2024-04,2024-04-30,1,active,1,S-d0f5fb,1791,Enterprise,9,False,annual,1791,0,0,0,0,0,0,0,,0
A-39868b,2024-05,2024-05-31,2,active,1,S-d0f5fb,1791,Enterprise,9,False,annual,1791,0,0,1,2,3,0,0,,0
A-39868b,2024-06,2024-06-30,3,active,3,S-e5ba1c,1791,Enterprise,9,False,annual,3753,0,0,0,0,2,0,0,,0
A-39868b,2024-07,2024-07-31,4,active,3,S-e5ba1c,1791,Enterprise,9,False,annual,3753,0,0,0,0,1,1,0,,0
A-39868b,2024-08,2024-08-31,5,active,3,S-e5ba1c,1791,Enterprise,9,False,annual,3753,0,0,0,0,1,1,0,,0
A-39868b,2024-09,2024-09-30,6,active,3,S-e5ba1c,1791,Enterprise,9,False,annual,3753,0,0,0,0,3,2,0,,0
A-39868b,2024-10,2024-10-31,7,active,4,S-e5ba1c,1791,Enterprise,9,False,annual,4194,0,0,0,0,2,2,0,,0
A-39868b,2024-11,2024-11-30,8,active,5,S-e5ba1c,1791,Enterprise,9,False,annual,4194,0,0,0,0,3,2,0,,0
A-39868b,2024-12,2024-12-31,9,active,5,S-e5ba1c,1791,Enterprise,9,False,annual,4194,0,0,0,0,1,1,0,,0
A-39b19f,2023-02,2023-02-28,0,active,2,S-0e4b0c,1176,Pro,24,False,annual,1960,0,0,0,0,2,0,0,,0
A-39b19f,2023-03,2023-03-31,1,active,2,S-0e4b0c,1176,Pro,24,False,annual,1960,0,0,1,1,2,0,0,,0
A-39b19f,2023-04,2023-04-30,2,active,2,S-0e4b0c,1176,Pro,24,False,annual,1960,0,0,0,0,5,0,2,3.00,0
A-39b19f,2023-05,2023-05-31,3,active,2,S-0e4b0c,1176,Pro,24,False,annual,1960,0,0,0,0,2,0,0,,0
A-39b19f,2023-06,2023-06-30,4,active,1,S-6904e6,784,Pro,16,False,monthly,784,1176,1,0,0,2,0,0,,0
A-39b19f,2023-07,2023-07-31,5,active,3,S-049328,2695,Pro,55,False,monthly,4459,0,0,0,0,2,1,0,,0
A-39b19f,2023-08,2023-08-31,6,active,3,S-049328,2695,Pro,55,False,monthly,4459,0,0,0,0,2,2,1,4.00,0
A-39b19f,2023-09,2023-09-30,7,active,3,S-049328,2695,Pro,55,False,monthly,4459,0,0,0,0,4,4,0,,0
A-39b19f,2023-10,2023-10-31,8,active,3,S-049328,2695,Pro,55,False,monthly,4459,0,0,0,0,3,1,0,,0
A-39b19f,2023-11,2023-11-30,9,active,4,S-049328,2695,Pro,55,False,monthly,6223,0,0,0,0,3,1,0,,0
A-39b19f,2023-12,2023-12-31,10,active,4,S-049328,2695,Pro,55,False,monthly,6223,0,0,0,0,4,2,0,,0
A-39b19f,2024-01,2024-01-31,11,active,4,S-049328,2695,Pro,55,False,monthly,6223,0,0,0,0,1,1,0,,0
A-39b19f,2024-02,2024-02-29,12,active,4,S-049328,2695,Pro,55,False,monthly,6223,0,0,0,0,4,2,0,,0
A-39b19f,2024-03,2024-03-31,13,active,5,S-fb4fae,8159,Enterprise,41,False,monthly,14382,0,0,0,0,1,0,0,,0
A-39b19f,2024-04,2024-04-30,14,active,5,S-fb4fae,8159,Enterprise,41,False,monthly,14382,0,0,0,0,0,0,0,,0
A-39b19f,2024-05,2024-05-31,15,active,6,S-dd73ac,2786,Enterprise,14,False,monthly,11655,8159,1,0,0,1,1,0,,0
A-39b19f,2024-06,2024-06-30,16,active,6,S-dd73ac,2786,Enterprise,14,False,monthly,11655,0,0,0,0,5,4,1,,0
A-39b19f,2024-07,2024-07-31,17,active,6,S-dd73ac,2786,Enterprise,14,False,monthly,11655,0,0,0,0,3,2,0,,0
A-39b19f,2024-08,2024-08-31,18,active,6,S-dd73ac,2786,Enterprise,14,False,monthly,11655,0,0,0,0,2,0,1,5.00,0
A-39b19f,2024-09,2024-09-30,19,active,7,S-dd73ac,2786,Enterprise,14,False,monthly,11655,0,0,0,0,2,2,0,,0
A-39b19f,2024-10,2024-10-31,20,active,8,S-dd73ac,2786,Enterprise,14,False,monthly,11655,0,0,0,0,2,1,1,5.00,0
A-39b19f,2024-11,2024-11-30,21,active,9,S-dd73ac,2786,Enterprise,14,False,monthly,11902,0,0,0,0,0,0,0,,0
A-39b19f,2024-12,2024-12-31,22,active,9,S-dd73ac,2786,Enterprise,14,False,monthly,11902,0,0,0,0,0,0,0,,0
A-39ddf4,2024-12,2024-12-31,0,active,8,S-cdd281,7960,Enterprise,40,False,monthly,33876,1960,1,1,1,1,0,0,,0
A-3a5ad8,2023-12,2023-12-31,0,active,1,S-d1ef4d,0,Enterprise,9,True,annual,0,0,0,0,0,2,0,0,,0
A-3a5ad8,2024-01,2024-01-31,1,active,3,S-be86e3,2189,Enterprise,11,False,annual,2360,0,0,0,0,2,1,0,,0
A-3a5ad8,2024-02,2024-02-29,2,active,4,S-d1f12e,6169,Enterprise,31,False,monthly,8529,0,0,0,0,3,3,0,,0
A-3a5ad8,2024-03,2024-03-31,3,active,5,S-d1f12e,6169,Enterprise,31,False,monthly,8529,0,0,0,0,1,0,0,,0
A-3a5ad8,2024-04,2024-04-30,4,active,6,S-d1f12e,6169,Enterprise,31,False,monthly,8970,0,0,0,0,1,0,0,,0
A-3a5ad8,2024-05,2024-05-31,5,active,8,S-d1f12e,6169,Enterprise,31,False,monthly,11216,0,0,0,0,1,0,0,,0
A-3a5ad8,2024-06,2024-06-30,6,active,8,S-d1f12e,6169,Enterprise,31,False,monthly,11216,0,0,0,0,1,0,0,,0
A-3a5ad8,2024-07,2024-07-31,7,active,8,S-d1f12e,6169,Enterprise,31,False,monthly,11216,0,0,0,0,4,3,0,,0
A-3a5ad8,2024-08,2024-08-31,8,active,8,S-d1f12e,6169,Enterprise,31,False,monthly,11216,0,0,0,0,3,3,0,,0
A-3a5ad8,2024-09,2024-09-30,9,active,9,S-d1f12e,6169,Enterprise,31,False,monthly,11216,0,0,0,0,1,0,1,4.00,0
A-3a5ad8,2024-10,2024-10-31,10,active,9,S-d1f12e,6169,Enterprise,31,False,monthly,11216,0,0,0,0,1,1,0,,0
A-3a5ad8,2024-11,2024-11-30,11,active,11,S-a82909,13930,Enterprise,70,False,annual,26910,0,0,0,0,0,0,0,,0
A-3a5ad8,2024-12,2024-12-31,12,active,13,S-a82909,13930,Enterprise,70,False,annual,28701,0,0,0,0,4,4,1,5.00,0
A-3a7284,2024-11,2024-11-30,0,active,3,S-522a6f,7761,Enterprise,39,False,annual,15317,0,0,0,0,3,0,0,,0
A-3a7284,2024-12,2024-12-31,1,active,10,S-522a6f,7761,Enterprise,39,False,annual,32515,3004,3,1,1,4,1,0,,0
A-3b37d9,2023-01,2023-01-31,0,inactive,0,,0,,0,,,0,0,0,0,0,0,0,1,5.00,0
A-3b37d9,2023-02,2023-02-28,1,inactive,0,,0,,0,,,0,0,0,0,0,3,0,0,,0
A-3b37d9,2023-03,2023-03-31,2,inactive,0,,0,,0,,,0,0,0,0,0,3,0,2,4.00,0
A-3b37d9,2023-04,2023-04-30,3,active,1,S-07aba0,4577,Enterprise,23,False,annual,4577,0,0,0,0,1,0,0,,0
A-3b37d9,2023-05,2023-05-31,4,active,1,S-07aba0,4577,Enterprise,23,False,annual,4577,0,0,0,0,2,0,0,,0
A-3b37d9,2023-06,2023-06-30,5,active,1,S-07aba0,4577,Enterprise,23,False,annual,4577,0,0,0,0,0,0,0,,0
A-3b37d9,2023-07,2023-07-31,6,active,2,S-07aba0,4577,Enterprise,23,False,annual,5704,0,0,0,0,2,0,0,,0
A-3b37d9,2023-08,2023-08-31,7,active,2,S-07aba0,4577,Enterprise,23,False,annual,5704,0,0,0,0,2,0,0,,0
A-3b37d9,2023-09,2023-09-30,8,active,2,S-07aba0,4577,Enterprise,23,False,annual,5704,0,0,0,0,3,3,1,,0
A-3b37d9,2023-10,2023-10-31,9,active,3,S-02b754,4577,Enterprise,23,False,annual,10281,0,0,0,0,2,0,0,,0
A-3b37d9,2023-11,2023-11-30,10,active,4,S-2fc028,4577,Enterprise,23,False,annual,14858,0,0,0,0,3,3,0,,0
A-3b37d9,2023-12,2023-12-31,11,active,5,S-2fc028,4577,Enterprise,23,False,annual,14858,0,0,1,1,1,1,0,,0
A-3b37d9,2024-01,2024-01-31,12,active,5,S-2fc028,4577,Enterprise,23,False,annual,14858,0,0,0,0,5,3,0,,0
A-3b37d9,2024-02,2024-02-29,13,active,5,S-2fc028,4577,Enterprise,23,False,annual,14858,0,0,0,0,2,1,0,,0
A-3b37d9,2024-03,2024-03-31,14,active,5,S-2fc028,4577,Enterprise,23,False,annual,14858,0,0,0,0,2,1,0,,0
A-3b37d9,2024-04,2024-04-30,15,active,5,S-2fc028,4577,Enterprise,23,False,annual,14858,0,0,0,0,2,1,0,,0
A-3b37d9,2024-05,2024-05-31,16,active,6,S-2fc028,4577,Enterprise,23,False,annual,14858,0,0,0,0,2,1,0,,0
A-3b37d9,2024-06,2024-06-30,17,active,6,S-2fc028,4577,Enterprise,23,False,annual,14858,0,0,0,0,0,0,0,,0
A-3b37d9,2024-07,2024-07-31,18,active,6,S-2fc028,4577,Enterprise,23,False,annual,14858,0,0,0,0,1,1,0,,0
A-3b37d9,2024-08,2024-08-31,19,active,6,S-2fc028,4577,Enterprise,23,False,annual,14858,0,0,0,0,2,2,0,,0
A-3b37d9,2024-09,2024-09-30,20,active,6,S-2fc028,4577,Enterprise,23,False,annual,14858,0,0,0,0,0,0,1,,0
A-3b37d9,2024-10,2024-10-31,21,active,6,S-2fc028,4577,Enterprise,23,False,annual,14858,0,0,1,1,2,1,0,,0
A-3b37d9,2024-11,2024-11-30,22,active,6,S-3af70e,4577,Enterprise,23,False,annual,14858,4577,1,0,0,2,2,0,,0
A-3b37d9,2024-12,2024-12-31,23,active,6,S-3af70e,4577,Enterprise,23,False,annual,14858,0,0,0,0,1,1,0,,0
A-3b5cd1,2023-09,2023-09-30,0,active,1,S-332e0d,0,Pro,13,True,monthly,0,0,0,0,0,4,0,0,,0
A-3b5cd1,2023-10,2023-10-31,1,active,3,S-b4ac47,1519,Pro,31,False,annual,2548,0,0,0,0,0,0,1,4.00,0
A-3b5cd1,2023-11,2023-11-30,2,active,4,S-b4ac47,1519,Pro,31,False,annual,3185,0,0,0,0,4,1,0,,0
A-3b5cd1,2023-12,2023-12-31,3,active,5,S-ff582b,2587,Enterprise,13,False,monthly,5772,0,0,0,0,4,1,0,,0
A-3b5cd1,2024-01,2024-01-31,4,active,7,S-ff582b,2587,Enterprise,13,False,monthly,6323,0,0,1,1,1,0,0,,0
A-3b5cd1,2024-02,2024-02-29,5,active,8,S-224bca,3582,Enterprise,18,False,monthly,9905,0,0,0,0,4,2,0,,0
A-3b5cd1,2024-03,2024-03-31,6,active,9,S-224bca,3582,Enterprise,18,False,monthly,10542,0,0,0,0,1,1,0,,0
A-3b5cd1,2024-04,2024-04-30,7,active,9,S-224bca,3582,Enterprise,18,False,monthly,10542,0,0,0,0,2,1,0,,0
A-3b5cd1,2024-05,2024-05-31,8,active,9,S-224bca,3582,Enterprise,18,False,monthly,10542,0,0,0,0,4,2,0,,0
A-3b5cd1,2024-06,2024-06-30,9,active,10,S-224bca,3582,Enterprise,18,False,monthly,10542,0,0,0,0,0,0,0,,0
A-3b5cd1,2024-07,2024-07-31,10,active,10,S-224bca,3582,Enterprise,18,False,monthly,10542,0,0,1,1,1,1,0,,0
A-3b5cd1,2024-08,2024-08-31,11,active,10,S-224bca,3582,Enterprise,18,False,monthly,10542,0,0,1,1,1,1,0,,0
A-3b5cd1,2024-09,2024-09-30,12,active,10,S-224bca,3582,Enterprise,18,False,monthly,10542,0,0,0,0,5,3,0,,0
A-3b5cd1,2024-10,2024-10-31,13,active,10,S-224bca,3582,Enterprise,18,False,monthly,10542,0,0,0,0,3,3,0,,0
A-3b5cd1,2024-11,2024-11-30,14,active,11,S-224bca,3582,Enterprise,18,False,monthly,13129,0,0,0,0,4,4,0,,0
A-3b5cd1,2024-12,2024-12-31,15,active,13,S-fc3dcb,6368,Enterprise,32,False,annual,23676,0,0,0,0,3,2,1,,0
A-3be56b,2023-10,2023-10-31,0,inactive,0,,0,,0,,,0,0,0,0,0,2,0,0,,1
A-3be56b,2023-11,2023-11-30,1,active,1,S-4977c8,0,Enterprise,3,True,annual,0,0,0,0,0,3,0,0,,1
A-3be56b,2023-12,2023-12-31,2,active,2,S-e2c20a,3038,Pro,62,False,monthly,3038,0,0,0,0,1,1,1,3.00,1
A-3be56b,2024-01,2024-01-31,3,active,2,S-e2c20a,3038,Pro,62,False,monthly,3038,0,0,1,1,1,0,0,,1
A-3be56b,2024-02,2024-02-29,4,active,2,S-e2c20a,3038,Pro,62,False,monthly,4753,0,1,0,0,1,0,1,4.00,1
A-3be56b,2024-03,2024-03-31,5,active,2,S-e2c20a,3038,Pro,62,False,monthly,3871,1715,1,0,0,5,1,0,,1
A-3be56b,2024-04,2024-04-30,6,active,2,S-e2c20a,3038,Pro,62,False,monthly,3871,0,0,0,0,2,1,0,,1
A-3be56b,2024-05,2024-05-31,7,active,5,S-b23ec5,3582,Enterprise,18,False,annual,7586,0,0,0,0,5,2,0,,1
A-3be56b,2024-06,2024-06-30,8,active,6,S-b23ec5,3582,Enterprise,18,False,annual,7586,0,0,1,1,3,3,0,,1
A-3be56b,2024-07,2024-07-31,9,active,6,S-b23ec5,3582,Enterprise,18,False,annual,7586,0,0,0,0,2,1,0,,1
A-3be56b,2024-08,2024-08-31,10,active,9,S-64acb8,5970,Enterprise,30,False,monthly,14945,0,0,0,0,2,2,0,,1
A-3be56b,2024-09,2024-09-30,11,active,9,S-64acb8,5970,Enterprise,30,False,monthly,14945,0,0,0,0,2,2,0,,1
A-3be56b,2024-10,2024-10-31,12,active,9,S-64acb8,5970,Enterprise,30,False,monthly,14945,0,0,0,0,1,1,0,,1
A-3be56b,2024-11,2024-11-30,13,active,9,S-64acb8,5970,Enterprise,30,False,monthly,14945,0,0,0,0,3,3,0,,1
A-3be56b,2024-12,2024-12-31,14,active,10,S-64acb8,5970,Enterprise,30,False,monthly,15325,0,0,0,0,2,2,0,,1
A-3c1a3f,2023-08,2023-08-31,0,active,1,S-a10eb2,0,Basic,45,True,annual,0,0,0,0,0,3,0,1,,0
A-3c1a3f,2023-09,2023-09-30,1,active,1,S-a10eb2,0,Basic,45,True,annual,0,0,0,0,0,2,0,1,4.00,0
A-3c1a3f,2023-10,2023-10-31,2,active,1,S-a10eb2,0,Basic,45,True,annual,0,0,0,0,0,1,0,0,,0
A-3c1a3f,2023-11,2023-11-30,3,active,1,S-a10eb2,0,Basic,45,True,annual,0,0,0,0,0,2,0,1,,0
A-3c1a3f,2023-12,2023-12-31,4,active,5,S-e9737c,5771,Enterprise,29,False,monthly,8557,0,0,0,0,5,0,0,,0
A-3c1a3f,2024-01,2024-01-31,5,active,5,S-e9737c,5771,Enterprise,29,False,monthly,8557,0,0,0,0,0,0,0,,0
A-3c1a3f,2024-02,2024-02-29,6,active,5,S-e9737c,5771,Enterprise,29,False,monthly,8557,0,0,0,0,2,2,0,,0
A-3c1a3f,2024-03,2024-03-31,7,active,6,S-e9737c,5771,Enterprise,29,False,monthly,8633,0,0,0,0,5,2,1,3.00,0
A-3c1a3f,2024-04,2024-04-30,8,active,6,S-e9737c,5771,Enterprise,29,False,monthly,6245,2786,1,0,0,2,1,0,,0
A-3c1a3f,2024-05,2024-05-31,9,active,7,S-e9737c,5771,Enterprise,29,False,monthly,7176,0,0,0,0,0,0,0,,0
A-3c1a3f,2024-06,2024-06-30,10,active,7,S-e9737c,5771,Enterprise,29,False,monthly,7176,0,0,0,0,2,1,0,,0
A-3c1a3f,2024-07,2024-07-31,11,active,7,S-e9737c,5771,Enterprise,29,False,monthly,7176,0,0,0,0,2,2,0,,0
A-3c1a3f,2024-08,2024-08-31,12,active,7,S-e9737c,5771,Enterprise,29,False,monthly,7176,0,0,0,0,1,1,0,,0
A-3c1a3f,2024-09,2024-09-30,13,active,8,S-e9737c,5771,Enterprise,29,False,monthly,7773,0,0,0,0,3,2,0,,0
A-3c1a3f,2024-10,2024-10-31,14,active,11,S-e9737c,5771,Enterprise,29,False,monthly,12123,0,0,0,0,3,1,0,,0
A-3c1a3f,2024-11,2024-11-30,15,active,10,S-e9737c,5771,Enterprise,29,False,monthly,11192,931,1,0,0,3,3,0,,0
A-3c1a3f,2024-12,2024-12-31,16,active,10,S-e9737c,5771,Enterprise,29,False,monthly,11192,0,0,0,0,1,1,0,,0
A-3cc791,2024-01,2024-01-31,0,active,1,S-343642,0,Basic,25,True,annual,0,0,0,0,0,2,0,0,,0
A-3cc791,2024-02,2024-02-29,1,active,1,S-343642,0,Basic,25,True,annual,0,0,0,0,0,4,0,1,5.00,0
A-3cc791,2024-03,2024-03-31,2,active,2,S-879b43,1194,Enterprise,6,False,monthly,1194,0,0,0,0,3,0,0,,0
A-3cc791,2024-04,2024-04-30,3,active,4,S-879b43,1194,Enterprise,6,False,monthly,1498,0,0,0,0,0,0,0,,0
A-3cc791,2024-05,2024-05-31,4,active,5,S-879b43,1194,Enterprise,6,False,monthly,2086,0,0,0,0,3,1,0,,0
A-3cc791,2024-06,2024-06-30,5,active,6,S-f981fe,4378,Enterprise,22,False,monthly,6464,0,0,0,0,3,2,1,4.00,0
A-3cc791,2024-07,2024-07-31,6,active,7,S-f981fe,4378,Enterprise,22,False,monthly,6758,0,0,0,0,2,2,1,,0
A-3cc791,2024-08,2024-08-31,7,active,7,S-f981fe,4378,Enterprise,22,False,monthly,6758,0,0,0,0,1,1,0,,0
A-3cc791,2024-09,2024-09-30,8,active,7,S-f981fe,4378,Enterprise,22,False,monthly,6758,0,0,0,0,1,0,1,3.00,0
A-3cc791,2024-10,2024-10-31,9,active,7,S-f981fe,4378,Enterprise,22,False,monthly,6758,0,0,1,1,3,2,0,,0
A-3cc791,2024-11,2024-11-30,10,active,7,S-f981fe,4378,Enterprise,22,False,monthly,6758,0,0,0,0,1,1,0,,0
A-3cc791,2024-12,2024-12-31,11,active,8,S-f981fe,4378,Enterprise,22,False,monthly,8522,0,0,0,0,0,0,1,,0
A-3ce5b8,2023-09,2023-09-30,0,inactive,0,,0,,0,,,0,0,0,0,0,3,0,0,,1
A-3ce5b8,2023-10,2023-10-31,1,inactive,0,,0,,0,,,0,0,0,0,0,0,0,2,3.00,1
A-3ce5b8,2023-11,2023-11-30,2,inactive,0,,0,,0,,,0,0,0,0,0,3,0,0,,1
A-3ce5b8,2023-12,2023-12-31,3,active,1,S-e11518,9261,Pro,189,False,annual,9261,0,0,0,0,1,0,0,,1
A-3ce5b8,2024-01,2024-01-31,4,active,1,S-e11518,9261,Pro,189,False,annual,9261,0,0,0,0,4,0,1,,1
A-3ce5b8,2024-02,2024-02-29,5,active,2,S-e11518,9261,Pro,189,False,annual,9653,0,0,0,0,0,0,0,,1
A-3ce5b8,2024-03,2024-03-31,6,active,3,S-e11518,9261,Pro,189,False,annual,11417,0,0,0,0,5,1,0,,1
A-3ce5b8,2024-04,2024-04-30,7,active,4,S-e11518,9261,Pro,189,False,annual,14203,0,0,0,0,1,0,1,,1
A-3ce5b8,2024-05,2024-05-31,8,active,5,S-e11518,9261,Pro,189,False,annual,14906,0,0,0,0,2,1,0,,1
A-3ce5b8,2024-06,2024-06-30,9,active,6,S-e11518,9261,Pro,189,False,annual,16498,0,0,0,0,2,1,1,4.00,1
A-3ce5b8,2024-07,2024-07-31,10,active,6,S-e11518,9261,Pro,189,False,annual,16498,0,0,0,0,2,2,0,,1
A-3ce5b8,2024-08,2024-08-31,11,active,6,S-e11518,9261,Pro,189,False,annual,16498,0,0,0,0,2,1,1,4.00,1
A-3ce5b8,2024-09,2024-09-30,12,active,8,S-e11518,9261,Pro,189,False,annual,16650,0,0,1,1,2,1,0,,1
A-3ce5b8,2024-10,2024-10-31,13,active,9,S-e11518,9261,Pro,189,False,annual,16650,0,0,0,0,1,1,1,3.00,1
A-3ce5b8,2024-11,2024-11-30,14,active,9,S-e11518,9261,Pro,189,False,annual,16650,0,0,0,0,3,3,1,3.00,1
A-3ce5b8,2024-12,2024-12-31,15,active,9,S-e11518,9261,Pro,189,False,annual,16650,0,0,0,0,2,2,0,,1
A-3d957b,2024-04,2024-04-30,0,inactive,0,,0,,0,,,0,0,0,0,0,1,0,0,,0
A-3d957b,2024-05,2024-05-31,1,inactive,0,,0,,0,,,0,0,0,1,1,1,0,0,,0
A-3d957b,2024-06,2024-06-30,2,inactive,0,,0,,0,,,0,0,0,0,0,0,0,0,,0
A-3d957b,2024-07,2024-07-31,3,active,2,S-7425f9,1421,Pro,29,False,monthly,2107,0,0,0,0,0,0,0,,0
A-3d957b,2024-08,2024-08-31,4,active,5,S-527b39,2786,Enterprise,14,False,monthly,9066,0,0,0,0,0,0,0,,0
A-3d957b,2024-09,2024-09-30,5,active,5,S-527b39,2786,Enterprise,14,False,monthly,9066,0,0,0,0,0,0,0,,0
A-3d957b,2024-10,2024-10-31,6,active,5,S-2cc962,2786,Enterprise,14,False,annual,9066,2786,1,0,0,1,1,0,,0
A-3d957b,2024-11,2024-11-30,7,active,5,S-2cc962,2786,Enterprise,14,False,annual,9066,0,0,0,0,0,0,0,,0
A-3d957b,2024-12,2024-12-31,8,active,5,S-2cc962,2786,Enterprise,14,False,annual,9066,0,0,0,0,0,0,0,,0
A-3f9cc0,2024-06,2024-06-30,0,active,3,S-0bf451,4378,Enterprise,22,False,annual,9174,0,0,0,0,0,0,0,,0
A-3f9cc0,2024-07,2024-07-31,1,active,6,S-86ed20,4378,Enterprise,22,False,monthly,13970,0,0,1,1,4,4,0,,0
A-3f9cc0,2024-08,2024-08-31,2,active,7,S-d1fb2e,5970,Enterprise,30,False,monthly,19940,0,0,1,1,1,1,1,,0
A-3f9cc0,2024-09,2024-09-30,3,active,7,S-d1fb2e,5970,Enterprise,30,False,monthly,19940,0,0,0,0,8,8,0,,0
A-3f9cc0,2024-10,2024-10-31,4,active,7,S-d1fb2e,5970,Enterprise,30,False,monthly,19940,0,0,0,0,0,0,0,,0
A-3f9cc0,2024-11,2024-11-30,5,active,7,S-d1fb2e,5970,Enterprise,30,False,monthly,19940,0,0,0,0,0,0,1,,0
A-3f9cc0,2024-12,2024-12-31,6,active,7,S-d1fb2e,5970,Enterprise,30,False,monthly,19940,0,0,1,1,2,2,0,,0
A-40906c,2024-03,2024-03-31,0,inactive,0,,0,,0,,,0,0,0,0,0,2,0,0,,0
A-40906c,2024-04,2024-04-30,1,inactive,0,,0,,0,,,0,0,0,0,0,3,0,0,,0
A-40906c,2024-05,2024-05-31,2,active,1,S-37a280,0,Basic,92,True,monthly,0,0,0,0,0,7,0,1,3.00,0
A-40906c,2024-06,2024-06-30,3,active,5,S-8b00ff,18308,Enterprise,92,False,annual,24564,0,0,0,0,2,1,0,,0
A-40906c,2024-07,2024-07-31,4,active,5,S-8b00ff,18308,Enterprise,92,False,annual,24564,0,0,0,0,1,0,0,,0
A-40906c,2024-08,2024-08-31,5,active,5,S-8b00ff,18308,Enterprise,92,False,annual,24564,0,0,0,0,2,1,1,5.00,0
A-40906c,2024-09,2024-09-30,6,active,7,S-8b00ff,18308,Enterprise,92,False,annual,30820,0,0,0,0,1,1,0,,0
A-40906c,2024-10,2024-10-31,7,active,8,S-8b00ff,18308,Enterprise,92,False,annual,32568,0,0,0,0,3,3,2,3.00,0
A-40906c,2024-11,2024-11-30,8,active,11,S-07a006,18308,Enterprise,92,False,monthly,59892,0,0,0,0,1,1,1,4.00,0
A-40906c,2024-12,2024-12-31,9,active,12,S-07a006,18308,Enterprise,92,False,monthly,64400,0,0,0,0,3,3,0,,0
A-40a557,2023-12,2023-12-31,0,inactive,0,,0,,0,,,0,0,0,1,1,2,0,0,,0
A-40a557,2024-01,2024-01-31,1,inactive,0,,0,,0,,,0,3184,1,0,0,1,0,0,,0
A-40a557,2024-02,2024-02-29,2,active,1,S-6762fa,3184,Enterprise,16,False,annual,3184,0,0,0,0,1,0,0,,0
A-40a557,2024-03,2024-03-31,3,active,2,S-a25d8b,10945,Enterprise,55,False,monthly,14129,0,0,0,0,3,1,1,,0
A-40a557,2024-04,2024-04-30,4,active,2,S-a25d8b,10945,Enterprise,55,False,monthly,14129,0,0,0,0,2,0,0,,0
A-40a557,2024-05,2024-05-31,5,active,2,S-a25d8b,10945,Enterprise,55,False,monthly,14129,0,0,0,0,2,2,0,,0
A-40a557,2024-06,2024-06-30,6,active,4,S-a25d8b,10945,Enterprise,55,False,monthly,15388,0,0,0,0,2,1,1,,0
A-40a557,2024-07,2024-07-31,7,active,4,S-a25d8b,10945,Enterprise,55,False,monthly,15388,0,0,0,0,1,0,1,3.00,0
A-40a557,2024-08,2024-08-31,8,active,4,S-a25d8b,10945,Enterprise,55,False,monthly,15388,0,0,0,0,3,1,0,,0
A-40a557,2024-09,2024-09-30,9,active,5,S-a25d8b,10945,Enterprise,55,False,monthly,15388,0,0,0,0,1,0,0,,0
A-40a557,2024-10,2024-10-31,10,active,5,S-a25d8b,10945,Enterprise,55,False,monthly,15388,0,0,0,0,3,2,1,,0
A-40a557,2024-11,2024-11-30,11,active,7,S-a25d8b,10945,Enterprise,55,False,monthly,16956,0,0,0,0,0,0,1,5.00,0
A-40a557,2024-12,2024-12-31,12,active,8,S-a25d8b,10945,Enterprise,55,False,monthly,20140,0,0,0,0,1,0,0,,0
A-40de06,2023-05,2023-05-31,0,inactive,0,,0,,0,,,0,0,0,0,0,5,0,0,,1
A-40de06,2023-06,2023-06-30,1,active,2,S-42af3d,5572,Enterprise,28,False,annual,6750,0,0,0,0,4,0,0,,1
A-40de06,2023-07,2023-07-31,2,active,2,S-42af3d,5572,Enterprise,28,False,annual,6750,0,0,0,0,7,2,0,,1
A-40de06,2023-08,2023-08-31,3,active,2,S-42af3d,5572,Enterprise,28,False,annual,6750,0,0,0,0,6,3,0,,1
A-40de06,2023-09,2023-09-30,4,active,3,S-42af3d,5572,Enterprise,28,False,annual,8122,0,0,0,0,6,2,0,,1
A-40de06,2023-10,2023-10-31,5,active,4,S-42af3d,5572,Enterprise,28,False,annual,9494,0,0,0,0,3,0,0,,1
A-40de06,2023-11,2023-11-30,6,active,6,S-42af3d,5572,Enterprise,28,False,annual,11398,0,0,0,0,4,2,1,4.00,1
A-40de06,2023-12,2023-12-31,7,active,7,S-4afb53,5572,Enterprise,28,False,monthly,16970,0,0,0,0,4,2,0,,1
A-40de06,2024-01,2024-01-31,8,active,7,S-4afb53,5572,Enterprise,28,False,monthly,16970,0,0,0,0,2,0,0,,1
A-40de06,2024-02,2024-02-29,9,active,7,S-4afb53,5572,Enterprise,28,False,monthly,16970,0,0,0,0,6,3,1,,1
A-40de06,2024-03,2024-03-31,10,active,8,S-4afb53,5572,Enterprise,28,False,monthly,18342,0,0,0,0,4,1,0,,1
A-40de06,2024-04,2024-04-30,11,active,8,S-4afb53,5572,Enterprise,28,False,monthly,18342,0,0,0,0,0,0,0,,1
A-40de06,2024-05,2024-05-31,12,active,9,S-4afb53,5572,Enterprise,28,False,monthly,19714,0,0,0,0,6,4,0,,1
A-40de06,2024-06,2024-06-30,13,active,10,S-4afb53,5572,Enterprise,28,False,monthly,19714,0,0,0,0,2,2,0,,1
A-40de06,2024-07,2024-07-31,14,active,11,S-4afb53,5572,Enterprise,28,False,monthly,19714,0,0,0,0,4,2,0,,1
A-40de06,2024-08,2024-08-31,15,active,12,S-4afb53,5572,Enterprise,28,False,monthly,21086,0,0,0,0,2,2,0,,1
A-40de06,2024-09,2024-09-30,16,active,14,S-4afb53,5572,Enterprise,28,False,monthly,22758,0,0,0,0,4,3,0,,1
A-40de06,2024-10,2024-10-31,17,active,15,S-2574a3,5572,Enterprise,28,False,annual,28330,0,0,0,0,3,1,0,,1
A-40de06,2024-11,2024-11-30,18,active,16,S-2574a3,5572,Enterprise,28,False,annual,28862,0,0,0,0,4,4,0,,1
A-40de06,2024-12,2024-12-31,19,active,14,S-2574a3,5572,Enterprise,28,False,annual,21918,6944,2,0,0,8,8,0,,1
A-410e86,2024-11,2024-11-30,0,active,1,S-fe25ff,4776,Enterprise,24,False,annual,4776,4776,1,0,0,0,0,0,,0
A-410e86,2024-12,2024-12-31,1,active,5,S-2b2532,4776,Enterprise,24,False,monthly,11184,0,1,0,0,1,0,0,,0
A-417d2f,2023-07,2023-07-31,0,active,2,S-f874e5,10149,Enterprise,51,False,annual,10244,0,0,0,0,6,1,0,,0
A-417d2f,2023-08,2023-08-31,1,active,3,S-f874e5,10149,Enterprise,51,False,annual,10947,0,0,0,0,2,1,0,,0
A-417d2f,2023-09,2023-09-30,2,active,3,S-f874e5,10149,Enterprise,51,False,annual,10947,0,0,0,0,4,2,0,,0
A-417d2f,2023-10,2023-10-31,3,active,3,S-f874e5,10149,Enterprise,51,False,annual,10947,0,0,0,0,3,0,0,,0
A-417d2f,2023-11,2023-11-30,4,active,3,S-f874e5,10149,Enterprise,51,False,annual,10947,0,0,0,0,3,3,1,4.00,0
A-417d2f,2023-12,2023-12-31,5,active,4,S-f874e5,10149,Enterprise,51,False,annual,11743,0,0,0,0,1,0,0,,0
A-417d2f,2024-01,2024-01-31,6,active,5,S-f874e5,10149,Enterprise,51,False,annual,12009,0,0,0,0,0,0,0,,0
A-417d2f,2024-02,2024-02-29,7,active,6,S-f874e5,10149,Enterprise,51,False,annual,17183,0,0,0,0,5,2,1,5.00,0
A-417d2f,2024-03,2024-03-31,8,active,7,S-f874e5,10149,Enterprise,51,False,annual,17820,0,0,0,0,3,0,0,,0
A-417d2f,2024-04,2024-04-30,9,active,7,S-f874e5,10149,Enterprise,51,False,annual,17820,0,0,0,0,4,2,0,,0
A-417d2f,2024-05,2024-05-31,10,active,6,S-f874e5,10149,Enterprise,51,False,annual,12646,5174,1,0,0,2,1,0,,0
A-417d2f,2024-06,2024-06-30,11,active,7,S-f874e5,10149,Enterprise,51,False,annual,12842,0,0,0,0,6,0,0,,0
A-417d2f,2024-07,2024-07-31,12,active,7,S-f874e5,10149,Enterprise,51,False,annual,12842,0,0,0,0,2,2,0,,0
A-417d2f,2024-08,2024-08-31,13,active,7,S-f874e5,10149,Enterprise,51,False,annual,12842,0,0,0,0,2,1,0,,0
A-417d2f,2024-09,2024-09-30,14,active,10,S-f874e5,10149,Enterprise,51,False,annual,13969,0,0,0,0,5,5,0,,0
A-417d2f,2024-10,2024-10-31,15,active,13,S-f874e5,10149,Enterprise,51,False,annual,14868,0,0,0,0,4,3,0,,0
A-417d2f,2024-11,2024-11-30,16,active,13,S-f874e5,10149,Enterprise,51,False,annual,14868,0,0,0,0,1,1,2,,0
A-417d2f,2024-12,2024-12-31,17,active,15,S-f874e5,10149,Enterprise,51,False,annual,17759,0,0,1,1,3,3,0,,0
A-425e76,2023-05,2023-05-31,0,inactive,0,,0,,0,,,0,0,0,0,0,0,0,0,,1
A-425e76,2023-06,2023-06-30,1,active,2,S-12ca50,1592,Enterprise,8,False,monthly,2124,0,0,0,0,4,0,0,,1
A-425e76,2023-07,2023-07-31,2,active,3,S-12ca50,1592,Enterprise,8,False,monthly,2516,0,0,0,0,0,0,0,,1
A-425e76,2023-08,2023-08-31,3,active,4,S-b45bc6,6368,Enterprise,32,False,monthly,8884,0,0,1,1,2,2,0,,1
A-425e76,2023-09,2023-09-30,4,active,4,S-b45bc6,6368,Enterprise,32,False,monthly,8884,0,0,1,1,5,4,0,,1
A-425e76,2023-10,2023-10-31,5,active,4,S-b45bc6,6368,Enterprise,32,False,monthly,8884,0,0,0,0,0,0,1,3.00,1
A-425e76,2023-11,2023-11-30,6,active,4,S-0d8293,3479,Pro,71,False,monthly,5995,6368,1,0,0,0,0,0,,1
A-425e76,2023-12,2023-12-31,7,active,4,S-0d8293,3479,Pro,71,False,monthly,5995,0,0,1,1,2,1,0,,1
A-425e76,2024-01,2024-01-31,8,active,4,S-0d8293,3479,Pro,71,False,monthly,5995,0,0,0,0,2,1,0,,1
A-425e76,2024-02,2024-02-29,9,active,4,S-0d8293,3479,Pro,71,False,monthly,5995,0,0,0,0,1,1,1,3.00,1
A-425e76,2024-03,2024-03-31,10,active,4,S-0d8293,3479,Pro,71,False,monthly,5995,0,0,0,0,1,0,1,,1
A-425e76,2024-04,2024-04-30,11,active,5,S-0d8293,3479,Pro,71,False,monthly,6147,0,0,0,0,4,2,0,,1
A-425e76,2024-05,2024-05-31,12,active,7,S-0d8293,3479,Pro,71,False,monthly,6926,0,0,0,0,1,0,1,,1
A-425e76,2024-06,2024-06-30,13,active,7,S-0d8293,3479,Pro,71,False,monthly,6926,0,0,0,0,2,1,0,,1
A-425e76,2024-07,2024-07-31,14,active,8,S-0d8293,3479,Pro,71,False,monthly,7629,0,0,0,0,2,1,0,,1
A-425e76,2024-08,2024-08-31,15,active,10,S-0d8293,3479,Pro,71,False,monthly,10743,0,0,0,0,2,2,0,,1
A-425e76,2024-09,2024-09-30,16,active,10,S-0d8293,3479,Pro,71,False,monthly,10743,0,0,0,0,3,2,0,,1
A-425e76,2024-10,2024-10-31,17,active,10,S-0d8293,3479,Pro,71,False,monthly,10743,0,0,1,1,2,2,0,,1
A-425e76,2024-11,2024-11-30,18,active,10,S-0d8293,3479,Pro,71,False,monthly,10743,0,0,0,0,0,0,0,,1
A-425e76,2024-12,2024-12-31,19,active,10,S-0d8293,3479,Pro,71,False,monthly,10743,0,0,0,0,3,3,0,,1
A-427b69,2024-08,2024-08-31,0,inactive,0,,0,,0,,,0,0,0,0,0,4,0,0,,0
A-427b69,2024-09,2024-09-30,1,active,3,S-b520e9,5174,Enterprise,26,False,monthly,6056,0,0,0,0,0,0,0,,0
A-427b69,2024-10,2024-10-31,2,active,4,S-b520e9,5174,Enterprise,26,False,monthly,6889,0,0,0,0,0,0,0,,0
A-427b69,2024-11,2024-11-30,3,active,7,S-5aea91,6766,Enterprise,34,False,monthly,16252,0,0,0,0,4,1,0,,0
A-427b69,2024-12,2024-12-31,4,active,9,S-5aea91,6766,Enterprise,34,False,monthly,18194,1764,1,0,0,5,3,0,,0
A-42b791,2024-05,2024-05-31,0,inactive,0,,0,,0,,,0,0,0,0,0,0,0,0,,0
A-42b791,2024-06,2024-06-30,1,active,1,S-d224a1,1421,Pro,29,False,monthly,1421,0,0,0,0,3,0,0,,0
A-42b791,2024-07,2024-07-31,2,active,1,S-d224a1,1421,Pro,29,False,monthly,1421,0,0,0,0,2,0,0,,0
A-42b791,2024-08,2024-08-31,3,active,1,S-d224a1,1421,Pro,29,False,monthly,1421,0,0,0,0,0,0,0,,0
A-42b791,2024-09,2024-09-30,4,active,1,S-d224a1,1421,Pro,29,False,monthly,1421,0,0,0,0,1,1,0,,0
A-42b791,2024-10,2024-10-31,5,active,3,S-817e4b,14925,Enterprise,75,False,annual,16859,0,0,0,0,1,0,0,,0
A-42b791,2024-11,2024-11-30,6,active,4,S-817e4b,14925,Enterprise,75,False,annual,17481,513,1,0,0,2,2,0,,0
A-42b791,2024-12,2024-12-31,7,active,6,S-817e4b,14925,Enterprise,75,False,annual,18547,0,0,0,0,2,1,0,,0
A-42e5e1,2024-07,2024-07-31,0,active,1,S-2881e0,49,Pro,1,False,annual,49,0,0,0,0,1,0,0,,1
A-42e5e1,2024-08,2024-08-31,1,active,3,S-2881e0,49,Pro,1,False,annual,68,3980,1,0,0,3,1,0,,1
A-42e5e1,2024-09,2024-09-30,2,active,3,S-2881e0,49,Pro,1,False,annual,68,0,0,0,0,1,0,0,,1
A-42e5e1,2024-10,2024-10-31,3,active,5,S-8426e7,4378,Enterprise,22,False,annual,4446,0,0,1,1,3,2,0,,1
A-42e5e1,2024-11,2024-11-30,4,active,6,S-8426e7,4378,Enterprise,22,False,annual,4936,0,0,0,0,2,1,0,,1
A-42e5e1,2024-12,2024-12-31,5,active,6,S-8426e7,4378,Enterprise,22,False,annual,4936,0,0,0,0,2,2,0,,1
A-432483,2023-02,2023-02-28,0,inactive,0,,0,,0,,,0,0,0,0,0,2,0,0,,0
A-432483,2023-03,2023-03-31,1,inactive,0,,0,,0,,,0,0,0,0,0,2,0,0,,0
A-432483,2023-04,2023-04-30,2,active,1,S-40b133,0,Basic,4,True,annual,0,245,1,0,0,1,0,0,,0
A-432483,2023-05,2023-05-31,3,active,1,S-40b133,0,Basic,4,True,annual,0,0,0,0,0,0,0,0,,0
A-432483,2023-06,2023-06-30,4,active,1,S-40b133,0,Basic,4,True,annual,0,0,0,0,0,4,0,0,,0
A-432483,2023-07,2023-07-31,5,active,1,S-40b133,0,Basic,4,True,annual,0,0,0,0,0,0,0,0,,0
A-432483,2023-08,2023-08-31,6,active,1,S-40b133,0,Basic,4,True,annual,0,0,0,0,0,2,0,0,,0
A-432483,2023-09,2023-09-30,7,active,2,S-e78857,1990,Enterprise,10,False,monthly,1990,0,0,0,0,0,0,0,,0
A-432483,2023-10,2023-10-31,8,active,2,S-e78857,1990,Enterprise,10,False,monthly,1990,0,0,0,0,0,0,0,,0
A-432483,2023-11,2023-11-30,9,active,2,S-e78857,1990,Enterprise,10,False,monthly,1990,0,0,0,0,2,0,0,,0
A-432483,2023-12,2023-12-31,10,active,4,S-377ced,11940,Enterprise,60,False,monthly,14861,0,0,0,0,3,1,0,,0
A-432483,2024-01,2024-01-31,11,active,5,S-377ced,11940,Enterprise,60,False,monthly,23020,0,0,0,0,2,2,0,,0
A-432483,2024-02,2024-02-29,12,active,5,S-377ced,11940,Enterprise,60,False,monthly,23020,0,0,0,0,1,1,0,,0
A-432483,2024-03,2024-03-31,13,active,5,S-377ced,11940,Enterprise,60,False,monthly,23020,0,0,0,0,6,4,0,,0
A-432483,2024-04,2024-04-30,14,active,5,S-377ced,11940,Enterprise,60,False,monthly,23020,0,0,0,0,1,1,0,,0
A-432483,2024-05,2024-05-31,15,active,6,S-377ced,11940,Enterprise,60,False,monthly,23412,0,0,0,0,3,3,0,,0
A-432483,2024-06,2024-06-30,16,active,6,S-377ced,11940,Enterprise,60,False,monthly,23412,0,0,0,0,2,2,0,,0
A-432483,2024-07,2024-07-31,17,active,6,S-377ced,11940,Enterprise,60,False,monthly,23412,0,0,0,0,2,1,0,,0
A-432483,2024-08,2024-08-31,18,active,6,S-377ced,11940,Enterprise,60,False,monthly,23412,0,0,0,0,1,1,0,,0
A-432483,2024-09,2024-09-30,19,active,6,S-377ced,11940,Enterprise,60,False,monthly,23412,637,1,0,0,2,2,1,,0
A-432483,2024-10,2024-10-31,20,active,6,S-377ced,11940,Enterprise,60,False,monthly,23412,0,0,0,0,2,1,0,,0
A-432483,2024-11,2024-11-30,21,active,7,S-377ced,11940,Enterprise,60,False,monthly,24931,0,0,0,0,4,2,0,,0
A-432483,2024-12,2024-12-31,22,active,6,S-377ced,11940,Enterprise,60,False,monthly,22941,1990,1,0,0,2,2,0,,0
A-439b2f,2024-02,2024-02-29,0,inactive,0,,0,,0,,,0,0,0,0,0,0,0,0,,1
A-439b2f,2024-03,2024-03-31,1,active,1,S-e48c4d,133,Basic,7,False,annual,133,0,0,0,0,2,1,0,,1
A-439b2f,2024-04,2024-04-30,2,active,2,S-e48c4d,133,Basic,7,False,annual,133,0,0,0,0,0,0,0,,1
A-439b2f,2024-05,2024-05-31,3,active,3,S-ea3d54,199,Enterprise,1,False,monthly,446,0,1,0,0,1,0,0,,1
A-439b2f,2024-06,2024-06-30,4,active,3,S-ea3d54,199,Enterprise,1,False,monthly,446,0,0,0,0,2,1,0,,1
A-439b2f,2024-07,2024-07-31,5,active,4,S-ea3d54,199,Enterprise,1,False,monthly,522,0,0,0,0,1,0,0,,1
A-439b2f,2024-08,2024-08-31,6,active,4,S-ea3d54,199,Enterprise,1,False,monthly,522,0,0,1,1,1,0,0,,1
A-439b2f,2024-09,2024-09-30,7,active,4,S-ea3d54,199,Enterprise,1,False,monthly,522,0,0,0,0,0,0,0,,1
A-439b2f,2024-10,2024-10-31,8,active,4,S-ea3d54,199,Enterprise,1,False,monthly,522,0,0,0,0,0,0,0,,1
A-439b2f,2024-11,2024-11-30,9,active,4,S-ea3d54,199,Enterprise,1,False,monthly,522,0,0,1,1,0,0,0,,1
A-439b2f,2024-12,2024-12-31,10,active,5,S-83ee75,1274,Pro,26,False,monthly,1796,0,0,0,0,2,1,1,,1
A-43a9e3,2023-08,2023-08-31,0,inactive,0,,0,,0,,,0,0,0,0,0,0,0,0,,1
A-43a9e3,2023-09,2023-09-30,1,active,1,S-0d2fb8,418,Basic,22,False,annual,418,0,0,0,0,0,0,0,,1
A-43a9e3,2023-10,2023-10-31,2,active,1,S-0d2fb8,418,Basic,22,False,annual,418,0,0,0,0,1,0,0,,1
A-43a9e3,2023-11,2023-11-30,3,active,3,S-df262a,5572,Enterprise,28,False,monthly,6332,0,0,0,0,0,0,0,,1
A-43a9e3,2023-12,2023-12-31,4,active,3,S-df262a,5572,Enterprise,28,False,monthly,6332,0,0,0,0,1,1,0,,1
A-43a9e3,2024-01,2024-01-31,5,active,3,S-df262a,5572,Enterprise,28,False,monthly,6332,0,0,0,0,2,1,0,,1
A-43a9e3,2024-02,2024-02-29,6,active,5,S-df262a,5572,Enterprise,28,False,monthly,8096,0,0,0,0,2,0,0,,1
A-43a9e3,2024-03,2024-03-31,7,active,7,S-df262a,5572,Enterprise,28,False,monthly,9122,0,0,0,0,2,2,0,,1
A-43a9e3,2024-04,2024-04-30,8,active,7,S-df262a,5572,Enterprise,28,False,monthly,9122,0,0,0,0,2,2,0,,1
A-43a9e3,2024-05,2024-05-31,9,active,7,S-df262a,5572,Enterprise,28,False,monthly,9122,0,0,0,0,0,0,0,,1
A-43a9e3,2024-06,2024-06-30,10,active,7,S-df262a,5572,Enterprise,28,False,monthly,9122,0,0,0,0,1,1,1,3.00,1
A-43a9e3,2024-07,2024-07-31,11,active,8,S-df262a,5572,Enterprise,28,False,monthly,10004,0,0,0,0,1,1,0,,1
A-43a9e3,2024-08,2024-08-31,12,active,8,S-df262a,5572,Enterprise,28,False,monthly,10004,0,0,0,0,3,3,0,,1
A-43a9e3,2024-09,2024-09-30,13,active,8,S-df262a,5572,Enterprise,28,False,monthly,10004,0,0,0,0,3,3,0,,1
A-43a9e3,2024-10,2024-10-31,14,active,8,S-df262a,5572,Enterprise,28,False,monthly,10004,0,0,0,0,1,1,0,,1
A-43a9e3,2024-11,2024-11-30,15,active,8,S-df262a,5572,Enterprise,28,False,monthly,10004,0,0,0,0,2,2,0,,1
A-43a9e3,2024-12,2024-12-31,16,active,8,S-df262a,5572,Enterprise,28,False,monthly,10004,0,0,0,0,1,1,0,,1
A-4437e4,2023-09,2023-09-30,0,inactive,0,,0,,0,,,0,0,0,0,0,3,0,1,,0
A-4437e4,2023-10,2023-10-31,1,inactive,0,,0,,0,,,0,0,0,0,0,3,0,0,,0
A-4437e4,2023-11,2023-11-30,2,active,3,S-4236fa,323,Basic,17,False,monthly,323,0,0,0,0,3,0,0,,0
A-4437e4,2023-12,2023-12-31,3,active,3,S-4236fa,323,Basic,17,False,monthly,323,0,0,0,0,5,1,0,,0
A-4437e4,2024-01,2024-01-31,4,active,3,S-4236fa,323,Basic,17,False,monthly,323,0,0,0,0,2,0,1,3.00,0
A-4437e4,2024-02,2024-02-29,5,active,5,S-72b4f2,2401,Pro,49,False,annual,4047,0,0,0,0,2,0,0,,0
A-4437e4,2024-03,2024-03-31,6,active,5,S-72b4f2,2401,Pro,49,False,annual,4047,0,0,0,0,4,1,0,,0
A-4437e4,2024-04,2024-04-30,7,active,6,S-72b4f2,2401,Pro,49,False,annual,4644,0,0,0,0,4,1,0,,0
A-4437e4,2024-05,2024-05-31,8,active,7,S-72b4f2,2401,Pro,49,False,annual,5241,0,0,0,0,3,2,0,,0
A-4437e4,2024-06,2024-06-30,9,active,7,S-72b4f2,2401,Pro,49,False,annual,5241,0,0,1,1,7,1,0,,0
A-4437e4,2024-07,2024-07-31,10,active,9,S-05555d,3184,Enterprise,16,False,annual,11609,0,0,0,0,0,0,1,,0
A-4437e4,2024-08,2024-08-31,11,active,13,S-05555d,3184,Enterprise,16,False,annual,15869,0,0,0,0,3,2,0,,0
A-4437e4,2024-09,2024-09-30,12,active,12,S-05555d,3184,Enterprise,16,False,annual,15869,0,1,0,0,6,4,0,,0
A-4437e4,2024-10,2024-10-31,13,active,13,S-05555d,3184,Enterprise,16,False,annual,17063,0,0,0,0,3,2,0,,0
A-4437e4,2024-11,2024-11-30,14,active,13,S-05555d,3184,Enterprise,16,False,annual,17063,0,0,0,0,1,1,2,3.00,0
A-4437e4,2024-12,2024-12-31,15,active,15,S-05555d,3184,Enterprise,16,False,annual,17831,0,0,0,0,3,3,0,,0
A-443b7c,2024-09,2024-09-30,0,active,3,S-fcc241,13930,Enterprise,70,False,annual,14859,0,0,0,0,2,0,0,,1
A-443b7c,2024-10,2024-10-31,1,active,9,S-fcc241,13930,Enterprise,70,False,annual,21516,0,0,0,0,2,2,0,,1
A-443b7c,2024-11,2024-11-30,2,active,13,S-fcc241,13930,Enterprise,70,False,annual,23587,0,1,0,0,4,3,0,,1
A-443b7c,2024-12,2024-12-31,3,active,14,S-fcc241,13930,Enterprise,70,False,annual,23739,323,1,0,0,4,3,0,,1
A-443f6f,2024-12,2024-12-31,0,active,8,S-869978,3781,Enterprise,19,False,monthly,12663,931,1,0,0,4,2,0,,0
A-44dc83,2024-05,2024-05-31,0,inactive,0,,0,,0,,,0,0,0,0,0,2,0,0,,0
A-44dc83,2024-06,2024-06-30,1,active,1,S-90a2c8,456,Basic,24,False,annual,456,0,0,0,0,2,1,0,,0
A-44dc83,2024-07,2024-07-31,2,active,1,S-90a2c8,456,Basic,24,False,annual,456,0,0,0,0,1,1,0,,0
A-44dc83,2024-08,2024-08-31,3,active,1,S-90a2c8,456,Basic,24,False,annual,456,0,0,0,0,0,0,0,,0
A-44dc83,2024-09,2024-09-30,4,active,3,S-90a2c8,456,Basic,24,False,annual,456,0,0,0,0,2,0,1,5.00,0
A-44dc83,2024-10,2024-10-31,5,active,3,S-90a2c8,456,Basic,24,False,annual,456,0,0,0,0,1,0,0,,0
A-44dc83,2024-11,2024-11-30,6,active,4,S-90a2c8,456,Basic,24,False,annual,456,0,0,1,1,0,0,0,,0
A-44dc83,2024-12,2024-12-31,7,active,4,S-90a2c8,456,Basic,24,False,annual,456,0,0,0,0,0,0,0,,0
A-45ce7a,2023-07,2023-07-31,0,inactive,0,,0,,0,,,0,0,0,0,0,2,0,0,,0
A-45ce7a,2023-08,2023-08-31,1,active,1,S-453f00,784,Pro,16,False,monthly,784,0,0,0,0,1,1,1,3.00,0
A-45ce7a,2023-09,2023-09-30,2,active,1,S-453f00,784,Pro,16,False,monthly,784,0,0,0,0,1,0,0,,0
A-45ce7a,2023-10,2023-10-31,3,active,1,S-453f00,784,Pro,16,False,monthly,784,0,0,0,0,1,0,0,,0
A-45ce7a,2023-11,2023-11-30,4,active,1,S-453f00,784,Pro,16,False,monthly,784,0,0,0,0,2,0,0,,0
A-45ce7a,2023-12,2023-12-31,5,active,1,S-453f00,784,Pro,16,False,monthly,784,0,0,0,0,3,0,0,,0
A-45ce7a,2024-01,2024-01-31,6,active,1,S-453f00,784,Pro,16,False,monthly,784,0,0,0,0,1,0,0,,0
A-45ce7a,2024-02,2024-02-29,7,active,2,S-453f00,784,Pro,16,False,monthly,1126,0,0,0,0,1,1,0,,0
A-45ce7a,2024-03,2024-03-31,8,active,3,S-fcb954,3184,Enterprise,16,False,annual,4310,0,0,0,0,3,0,0,,0
A-45ce7a,2024-04,2024-04-30,9,active,5,S-fcb954,3184,Enterprise,16,False,annual,4728,0,0,0,0,3,1,1,,0
A-45ce7a,2024-05,2024-05-31,10,active,4,S-fcb954,3184,Enterprise,16,False,annual,3944,784,1,0,0,2,0,0,,0
A-45ce7a,2024-06,2024-06-30,11,active,4,S-fcb954,3184,Enterprise,16,False,annual,3944,0,0,0,0,4,3,0,,0
A-45ce7a,2024-07,2024-07-31,12,active,4,S-fcb954,3184,Enterprise,16,False,annual,3944,0,0,0,0,1,1,0,,0
A-45ce7a,2024-08,2024-08-31,13,active,4,S-fcb954,3184,Enterprise,16,False,annual,3944,0,0,0,0,1,1,0,,0
A-45ce7a,2024-09,2024-09-30,14,active,5,S-fcb954,3184,Enterprise,16,False,annual,4248,0,0,0,0,2,1,0,,0
A-45ce7a,2024-10,2024-10-31,15,active,5,S-fcb954,3184,Enterprise,16,False,annual,4248,0,0,0,0,2,2,0,,0
A-45ce7a,2024-11,2024-11-30,16,active,6,S-41128b,3184,Enterprise,16,False,monthly,7432,0,0,0,0,0,0,0,,0
A-45ce7a,2024-12,2024-12-31,17,active,6,S-41128b,3184,Enterprise,16,False,monthly,7432,0,0,0,0,1,1,1,,0
A-462d45,2024-01,2024-01-31,0,active,1,S-9dda85,1691,Basic,89,False,annual,1691,0,0,0,0,2,0,1,,0
A-462d45,2024-02,2024-02-29,1,active,4,S-d5bf88,10348,Enterprise,52,False,annual,12676,0,0,0,0,1,0,1,4.00,0
A-462d45,2024-03,2024-03-31,2,active,5,S-d5bf88,10348,Enterprise,52,False,annual,13558,0,0,0,0,2,1,0,,0
A-462d45,2024-04,2024-04-30,3,active,6,S-d5bf88,10348,Enterprise,52,False,annual,14717,0,0,0,0,4,4,0,,0
A-462d45,2024-05,2024-05-31,4,active,7,S-d5bf88,10348,Enterprise,52,False,annual,14496,1691,1,1,1,3,1,0,,0
A-462d45,2024-06,2024-06-30,5,active,7,S-d5bf88,10348,Enterprise,52,False,annual,14496,0,0,0,0,1,1,0,,0
A-462d45,2024-07,2024-07-31,6,active,7,S-d5bf88,10348,Enterprise,52,False,annual,14496,0,0,0,0,1,1,0,,0
A-462d45,2024-08,2024-08-31,7,active,8,S-d5bf88,10348,Enterprise,52,False,annual,17282,0,0,0,0,2,1,0,,0
A-462d45,2024-09,2024-09-30,8,active,9,S-d5bf88,10348,Enterprise,52,False,annual,17282,0,0,0,0,5,5,0,,0
A-462d45,2024-10,2024-10-31,9,active,9,S-d5bf88,10348,Enterprise,52,False,annual,17282,0,0,0,0,2,1,0,,0
A-462d45,2024-11,2024-11-30,10,active,10,S-d5bf88,10348,Enterprise,52,False,annual,20271,0,0,0,0,3,3,0,,0
A-462d45,2024-12,2024-12-31,11,active,10,S-d5bf88,10348,Enterprise,52,False,annual,18752,2989,1,0,0,1,1,1,,0
A-463db0,2024-12,2024-12-31,0,active,7,S-18565e,8358,Enterprise,42,False,monthly,13266,0,0,1,1,2,1,1,4.00,0
A-474ad4,2023-11,2023-11-30,0,inactive,0,,0,,0,,,0,0,0,0,0,4,0,0,,0
A-474ad4,2023-12,2023-12-31,1,active,3,S-7d4d45,323,Basic,17,False,annual,513,0,0,0,0,2,0,0,,0
A-474ad4,2024-01,2024-01-31,2,active,6,S-e7cb68,441,Pro,9,False,annual,1783,0,0,0,0,3,0,0,,0
A-474ad4,2024-02,2024-02-29,3,active,6,S-e7cb68,441,Pro,9,False,annual,1783,0,0,0,0,1,0,0,,0
A-474ad4,2024-03,2024-03-31,4,active,7,S-79e254,2597,Pro,53,False,annual,4380,0,0,0,0,1,0,0,,0
A-474ad4,2024-04,2024-04-30,5,active,8,S-79e254,2597,Pro,53,False,annual,4532,0,0,0,0,2,1,0,,0
A-474ad4,2024-05,2024-05-31,6,active,8,S-79e254,2597,Pro,53,False,annual,4532,0,0,0,0,5,4,1,5.00,0
A-474ad4,2024-06,2024-06-30,7,active,8,S-79e254,2597,Pro,53,False,annual,4532,0,0,0,0,1,0,0,,0
A-474ad4,2024-07,2024-07-31,8,active,10,S-79e254,2597,Pro,53,False,annual,5365,0,0,0,0,4,3,0,,0
A-474ad4,2024-08,2024-08-31,9,active,10,S-79e254,2597,Pro,53,False,annual,5365,0,0,0,0,3,2,0,,0
A-474ad4,2024-09,2024-09-30,10,active,11,S-79e254,2597,Pro,53,False,annual,5757,0,0,0,0,8,7,0,,0
A-474ad4,2024-10,2024-10-31,11,active,11,S-79e254,2597,Pro,53,False,annual,5757,0,0,0,0,3,3,0,,0
A-474ad4,2024-11,2024-11-30,12,active,13,S-79e254,2597,Pro,53,False,annual,7349,0,0,0,0,5,4,0,,0
A-474ad4,2024-12,2024-12-31,13,active,13,S-d88b25,4776,Enterprise,24,False,annual,10533,1592,2,0,0,1,0,0,,0
A-4814a3,2024-09,2024-09-30,0,active,1,S-cf12f4,4263,Pro,87,False,monthly,4263,0,0,0,0,1,0,0,,1
A-4814a3,2024-10,2024-10-31,1,active,4,S-9842bb,17313,Enterprise,87,False,monthly,23229,0,0,0,0,3,2,0,,1
A-4814a3,2024-11,2024-11-30,2,active,9,S-bef342,17313,Enterprise,87,False,annual,66381,0,0,1,1,1,1,0,,1
A-4814a3,2024-12,2024-12-31,3,active,11,S-2c5e1c,17313,Enterprise,87,False,monthly,87957,17313,1,0,0,3,2,0,,1
A-484819,2023-02,2023-02-28,0,active,1,S-18f80d,3582,Enterprise,18,False,annual,3582,0,0,0,0,1,0,1,5.00,0
A-484819,2023-03,2023-03-31,1,active,1,S-18f80d,3582,Enterprise,18,False,annual,3582,0,0,0,0,4,0,0,,0
A-484819,2023-04,2023-04-30,2,active,1,S-18f80d,3582,Enterprise,18,False,annual,3582,0,0,0,0,3,1,0,,0
A-484819,2023-05,2023-05-31,3,active,2,S-709f67,3582,Enterprise,18,False,annual,7164,0,0,0,0,2,1,0,,0
A-484819,2023-06,2023-06-30,4,active,3,S-709f67,3582,Enterprise,18,False,annual,7506,0,0,1,1,0,0,0,,0
A-484819,2023-07,2023-07-31,5,active,3,S-709f67,3582,Enterprise,18,False,annual,7506,0,0,0,0,0,0,0,,0
A-484819,2023-08,2023-08-31,6,active,3,S-709f67,3582,Enterprise,18,False,annual,7506,0,0,0,0,1,0,0,,0
A-484819,2023-09,2023-09-30,7,active,3,S-709f67,3582,Enterprise,18,False,annual,7506,0,0,0,0,1,0,0,,0
A-484819,2023-10,2023-10-31,8,active,3,S-709f67,3582,Enterprise,18,False,annual,7506,0,0,0,0,1,0,0,,0
A-484819,2023-11,2023-11-30,9,active,3,S-709f67,3582,Enterprise,18,False,annual,7506,0,0,0,0,2,1,0,,0
A-484819,2023-12,2023-12-31,10,active,3,S-709f67,3582,Enterprise,18,False,annual,7506,0,0,1,1,0,0,1,,0
A-484819,2024-01,2024-01-31,11,active,4,S-fef8bf,3582,Enterprise,18,False,annual,11088,0,0,0,0,1,0,0,,0
A-484819,2024-02,2024-02-29,12,active,4,S-fef8bf,3582,Enterprise,18,False,annual,11088,0,0,0,0,4,0,1,4.00,0
A-484819,2024-03,2024-03-31,13,active,4,S-fef8bf,3582,Enterprise,18,False,annual,11088,0,0,0,0,3,0,0,,0
A-484819,2024-04,2024-04-30,14,active,4,S-fef8bf,3582,Enterprise,18,False,annual,11088,0,0,0,0,0,0,1,,0
A-484819,2024-05,2024-05-31,15,active,6,S-5228d6,5174,Enterprise,26,False,annual,16604,0,0,0,0,0,0,0,,0
A-484819,2024-06,2024-06-30,16,active,6,S-5228d6,5174,Enterprise,26,False,annual,16604,0,0,0,0,1,1,0,,0
A-484819,2024-07,2024-07-31,17,active,6,S-5228d6,5174,Enterprise,26,False,annual,16680,342,1,0,0,2,1,0,,0
A-484819,2024-08,2024-08-31,18,active,5,S-fef8bf,3582,Enterprise,18,False,annual,11506,5174,1,0,0,1,1,1,,0
A-484819,2024-09,2024-09-30,19,active,5,S-fef8bf,3582,Enterprise,18,False,annual,11506,0,0,0,0,1,1,0,,0
A-484819,2024-10,2024-10-31,20,active,5,S-fef8bf,3582,Enterprise,18,False,annual,11506,0,0,0,0,0,0,0,,0
A-484819,2024-11,2024-11-30,21,active,6,S-ac8fd3,3582,Enterprise,18,False,monthly,15088,0,0,0,0,1,1,0,,0
A-484819,2024-12,2024-12-31,22,active,6,S-ac8fd3,3582,Enterprise,18,False,monthly,15088,0,0,0,0,1,1,0,,0
A-49b828,2023-05,2023-05-31,0,active,2,S-da0a69,294,Pro,6,False,monthly,465,0,0,0,0,3,0,0,,0
A-49b828,2023-06,2023-06-30,1,active,2,S-da0a69,294,Pro,6,False,monthly,465,0,0,0,0,2,0,1,4.00,0
A-49b828,2023-07,2023-07-31,2,active,2,S-da0a69,294,Pro,6,False,monthly,465,0,0,0,0,2,0,0,,0
A-49b828,2023-08,2023-08-31,3,active,4,S-e77144,4975,Enterprise,25,False,monthly,5440,0,0,0,0,2,0,0,,0
A-49b828,2023-09,2023-09-30,4,active,4,S-e77144,4975,Enterprise,25,False,monthly,5440,0,0,0,0,3,1,0,,0
A-49b828,2023-10,2023-10-31,5,active,5,S-b2b1b9,9751,Enterprise,49,False,annual,15191,0,0,0,0,2,0,0,,0
A-49b828,2023-11,2023-11-30,6,active,5,S-b2b1b9,9751,Enterprise,49,False,annual,15191,0,0,0,0,3,2,1,,0
A-49b828,2023-12,2023-12-31,7,active,6,S-b2b1b9,9751,Enterprise,49,False,annual,21360,0,0,0,0,5,3,0,,0
A-49b828,2024-01,2024-01-31,8,active,6,S-b2b1b9,9751,Enterprise,49,False,annual,21360,0,0,0,0,2,0,0,,0
A-49b828,2024-02,2024-02-29,9,active,7,S-b2b1b9,9751,Enterprise,49,False,annual,21816,0,0,0,0,2,1,0,,0
A-49b828,2024-03,2024-03-31,10,active,8,S-b2b1b9,9751,Enterprise,49,False,annual,23286,0,0,0,0,0,0,0,,0
A-49b828,2024-04,2024-04-30,11,active,9,S-b2b1b9,9751,Enterprise,49,False,annual,24511,0,0,0,0,2,2,0,,0
A-49b828,2024-05,2024-05-31,12,active,9,S-b2b1b9,9751,Enterprise,49,False,annual,24511,0,0,0,0,6,5,0,,0
A-49b828,2024-06,2024-06-30,13,active,9,S-b2b1b9,9751,Enterprise,49,False,annual,24511,0,0,0,0,3,2,0,,0
A-49b828,2024-07,2024-07-31,14,active,10,S-b2b1b9,9751,Enterprise,49,False,annual,25705,0,0,0,0,4,2,0,,0
A-49b828,2024-08,2024-08-31,15,active,11,S-b2b1b9,9751,Enterprise,49,False,annual,26391,0,0,0,0,1,1,0,,0
A-49b828,2024-09,2024-09-30,16,active,11,S-b2b1b9,9751,Enterprise,49,False,annual,26391,0,0,0,0,2,1,0,,0
A-49b828,2024-10,2024-10-31,17,active,12,S-b2b1b9,9751,Enterprise,49,False,annual,26881,0,0,0,0,3,2,1,3.00,0
A-49b828,2024-11,2024-11-30,18,active,14,S-b2b1b9,9751,Enterprise,49,False,annual,31108,0,0,0,0,3,3,0,,0
A-49b828,2024-12,2024-12-31,19,active,14,S-b2b1b9,9751,Enterprise,49,False,annual,31108,0,0,0,0,1,1,0,,0
A-4a267b,2024-05,2024-05-31,0,active,1,S-5d729e,5771,Enterprise,29,False,monthly,5771,0,0,0,0,1,0,1,,0
A-4a267b,2024-06,2024-06-30,1,active,2,S-5d729e,5771,Enterprise,29,False,monthly,6246,0,0,1,1,0,0,0,,0
A-4a267b,2024-07,2024-07-31,2,active,2,S-5d729e,5771,Enterprise,29,False,monthly,6246,0,0,0,0,2,1,0,,0
A-4a267b,2024-08,2024-08-31,3,active,4,S-5d729e,5771,Enterprise,29,False,monthly,7471,0,0,0,0,3,1,0,,0
A-4a267b,2024-09,2024-09-30,4,active,6,S-5d729e,5771,Enterprise,29,False,monthly,13671,2254,1,0,0,1,1,0,,0
A-4a267b,2024-10,2024-10-31,5,active,8,S-db37e1,12537,Enterprise,63,False,annual,27433,0,0,0,0,4,4,0,,0
A-4a267b,2024-11,2024-11-30,6,active,9,S-db37e1,12537,Enterprise,63,False,annual,27433,0,0,0,0,3,2,0,,0
A-4a267b,2024-12,2024-12-31,7,active,8,S-db37e1,12537,Enterprise,63,False,annual,22458,4975,1,0,0,0,0,0,,0
A-4a4c2d,2023-05,2023-05-31,0,inactive,0,,0,,0,,,0,0,0,0,0,3,0,0,,0
A-4a4c2d,2023-06,2023-06-30,1,inactive,0,,0,,0,,,0,0,0,0,0,3,0,1,,0
A-4a4c2d,2023-07,2023-07-31,2,active,3,S-0abdec,1026,Basic,54,False,monthly,3078,0,0,0,0,4,1,0,,0
A-4a4c2d,2023-08,2023-08-31,3,active,4,S-1b524a,1026,Basic,54,False,annual,4104,0,0,0,0,3,1,1,4.00,0
A-4a4c2d,2023-09,2023-09-30,4,active,5,S-e50f43,10746,Enterprise,54,False,annual,14850,0,0,0,0,5,2,0,,0
A-4a4c2d,2023-10,2023-10-31,5,active,5,S-e50f43,10746,Enterprise,54,False,annual,14850,0,0,0,0,3,1,0,,0
A-4a4c2d,2023-11,2023-11-30,6,active,5,S-e50f43,10746,Enterprise,54,False,annual,14850,0,0,0,0,0,0,0,,0
A-4a4c2d,2023-12,2023-12-31,7,active,6,S-e267d1,10746,Enterprise,54,False,annual,25596,0,0,0,0,4,1,0,,0
A-4a4c2d,2024-01,2024-01-31,8,active,5,S-e267d1,10746,Enterprise,54,False,annual,24570,1026,1,0,0,4,2,0,,0
A-4a4c2d,2024-02,2024-02-29,9,active,7,S-e267d1,10746,Enterprise,54,False,annual,27216,0,0,0,0,1,0,0,,0
A-4a4c2d,2024-03,2024-03-31,10,active,7,S-e267d1,10746,Enterprise,54,False,annual,27216,0,0,0,0,4,1,0,,0
A-4a4c2d,2024-04,2024-04-30,11,active,8,S-e267d1,10746,Enterprise,54,False,annual,27216,0,0,0,0,2,1,0,,0
A-4a4c2d,2024-05,2024-05-31,12,active,8,S-e267d1,10746,Enterprise,54,False,annual,27216,0,0,0,0,0,0,1,4.00,0
A-4a4c2d,2024-06,2024-06-30,13,active,8,S-e267d1,10746,Enterprise,54,False,annual,27216,0,0,0,0,2,2,0,,0
A-4a4c2d,2024-07,2024-07-31,14,active,9,S-e267d1,10746,Enterprise,54,False,annual,28242,0,0,0,0,4,3,0,,0
A-4a4c2d,2024-08,2024-08-31,15,active,9,S-e267d1,10746,Enterprise,54,False,annual,28242,0,0,0,0,4,1,0,,0
A-4a4c2d,2024-09,2024-09-30,16,active,10,S-e267d1,10746,Enterprise,54,False,annual,29268,0,0,0,0,1,1,0,,0
A-4a4c2d,2024-10,2024-10-31,17,active,11,S-e267d1,10746,Enterprise,54,False,annual,30294,0,0,0,0,2,2,0,,0
A-4a4c2d,2024-11,2024-11-30,18,active,11,S-e267d1,10746,Enterprise,54,False,annual,30294,0,0,0,0,3,3,1,5.00,0
A-4a4c2d,2024-12,2024-12-31,19,active,12,S-e267d1,10746,Enterprise,54,False,annual,32940,0,0,0,0,1,0,0,,0
A-4ae22a,2024-05,2024-05-31,0,active,1,S-a87c2f,5572,Enterprise,28,False,annual,5572,0,0,0,0,1,0,0,,1
A-4ae22a,2024-06,2024-06-30,1,active,1,S-a87c2f,5572,Enterprise,28,False,annual,5572,0,0,0,0,0,0,0,,1
A-4ae22a,2024-07,2024-07-31,2,active,2,S-a87c2f,5572,Enterprise,28,False,annual,6766,0,0,1,1,1,0,0,,1
A-4ae22a,2024-08,2024-08-31,3,active,3,S-a87c2f,5572,Enterprise,28,False,annual,7060,0,0,0,0,0,0,1,,1
A-4ae22a,2024-09,2024-09-30,4,active,4,S-a87c2f,5572,Enterprise,28,False,annual,7592,0,0,0,0,2,2,0,,1
A-4ae22a,2024-10,2024-10-31,5,active,4,S-c86cb0,1194,Enterprise,6,False,monthly,3214,5572,1,0,0,1,1,0,,1
A-4ae22a,2024-11,2024-11-30,6,active,5,S-c86cb0,1194,Enterprise,6,False,monthly,3328,0,0,0,0,2,2,0,,1
A-4ae22a,2024-12,2024-12-31,7,active,6,S-c86cb0,1194,Enterprise,6,False,monthly,3860,0,0,0,0,2,2,0,,1
A-4bfa33,2024-12,2024-12-31,0,active,6,S-70c369,3528,Pro,72,False,monthly,5165,441,1,1,3,4,2,0,,0
A-4c38bc,2024-03,2024-03-31,0,active,1,S-e82bdc,684,Basic,36,False,annual,684,0,0,0,0,2,0,0,,1
A-4c38bc,2024-04,2024-04-30,1,active,5,S-a801d1,7164,Enterprise,36,False,monthly,9216,0,0,0,0,0,0,0,,1
A-4c38bc,2024-05,2024-05-31,2,active,7,S-a801d1,7164,Enterprise,36,False,monthly,12744,0,0,0,0,6,1,0,,1
A-4c38bc,2024-06,2024-06-30,3,active,8,S-a801d1,7164,Enterprise,36,False,monthly,14508,0,0,0,0,4,0,0,,1
A-4c38bc,2024-07,2024-07-31,4,active,10,S-427275,7164,Enterprise,36,False,annual,22356,0,0,0,0,5,3,1,4.00,1
A-4c38bc,2024-08,2024-08-31,5,active,11,S-0fdcfe,7164,Enterprise,36,False,annual,29520,0,0,0,0,4,1,0,,1
A-4c38bc,2024-09,2024-09-30,6,active,11,S-0fdcfe,7164,Enterprise,36,False,annual,29520,0,0,0,0,4,3,0,,1
A-4c38bc,2024-10,2024-10-31,7,active,12,S-79123c,7164,Enterprise,36,False,annual,36684,684,1,0,0,1,1,0,,1
A-4c38bc,2024-11,2024-11-30,8,active,13,S-62b7cf,7164,Enterprise,36,False,annual,43848,0,0,0,0,2,2,0,,1
A-4c38bc,2024-12,2024-12-31,9,active,14,S-62b7cf,7164,Enterprise,36,False,annual,45612,1764,1,0,0,8,7,0,,1
A-4c56c9,2023-12,2023-12-31,0,inactive,0,,0,,0,,,0,0,0,0,0,3,0,0,,1
A-4c56c9,2024-01,2024-01-31,1,inactive,0,,0,,0,,,0,0,0,0,0,3,0,2,3.00,1
A-4c56c9,2024-02,2024-02-29,2,inactive,0,,0,,0,,,0,0,0,0,0,3,0,0,,1
A-4c56c9,2024-03,2024-03-31,3,inactive,0,,0,,0,,,0,0,0,0,0,4,0,0,,1
A-4c56c9,2024-04,2024-04-30,4,inactive,0,,0,,0,,,0,0,0,1,1,3,0,0,,1
A-4c56c9,2024-05,2024-05-31,5,active,2,S-e2799b,2587,Enterprise,13,False,monthly,2758,0,0,0,0,1,0,0,,1
A-4c56c9,2024-06,2024-06-30,6,active,2,S-e2799b,2587,Enterprise,13,False,monthly,2758,0,0,0,0,2,0,0,,1
A-4c56c9,2024-07,2024-07-31,7,active,5,S-e2799b,2587,Enterprise,13,False,monthly,3868,0,0,0,0,2,0,0,,1
A-4c56c9,2024-08,2024-08-31,8,active,6,S-54283b,9751,Enterprise,49,False,monthly,13619,0,0,0,0,6,3,1,4.00,1
A-4c56c9,2024-09,2024-09-30,9,active,8,S-54283b,9751,Enterprise,49,False,monthly,20783,0,0,0,0,0,0,1,5.00,1
A-4c56c9,2024-10,2024-10-31,10,active,7,S-54283b,9751,Enterprise,49,False,monthly,19901,882,1,0,0,4,2,1,3.00,1
A-4c56c9,2024-11,2024-11-30,11,active,8,S-72fa62,5373,Enterprise,27,False,annual,13732,9751,1,0,0,3,1,0,,1
A-4c56c9,2024-12,2024-12-31,12,active,10,S-72fa62,5373,Enterprise,27,False,annual,16256,3582,1,0,0,2,2,0,,1
A-4c6f11,2023-11,2023-11-30,0,inactive,0,,0,,0,,,0,0,0,0,0,1,0,1,5.00,1
A-4c6f11,2023-12,2023-12-31,1,inactive,0,,0,,0,,,0,0,0,0,0,0,0,1,5.00,1
A-4c6f11,2024-01,2024-01-31,2,inactive,0,,0,,0,,,0,0,0,0,0,2,0,0,,1
A-4c6f11,2024-02,2024-02-29,3,inactive,0,,0,,0,,,0,0,0,0,0,0,0,0,,1
A-4c6f11,2024-03,2024-03-31,4,active,1,S-f1826f,4776,Enterprise,24,False,monthly,4776,0,0,0,0,3,0,0,,1
A-4c6f11,2024-04,2024-04-30,5,active,1,S-f1826f,4776,Enterprise,24,False,monthly,4776,0,0,0,0,1,1,0,,1
A-4c6f11,2024-05,2024-05-31,6,active,3,S-f1826f,4776,Enterprise,24,False,monthly,6465,0,0,0,0,1,0,0,,1
A-4c6f11,2024-06,2024-06-30,7,active,3,S-f1826f,4776,Enterprise,24,False,monthly,6465,0,0,1,1,1,1,0,,1
A-4c6f11,2024-07,2024-07-31,8,active,4,S-f1826f,4776,Enterprise,24,False,monthly,7130,0,0,0,0,2,1,0,,1
A-4c6f11,2024-08,2024-08-31,9,active,5,S-f1826f,4776,Enterprise,24,False,monthly,7586,0,0,0,0,1,1,0,,1
A-4c6f11,2024-09,2024-09-30,10,active,5,S-f1826f,4776,Enterprise,24,False,monthly,7586,0,0,0,0,0,0,0,,1
A-4c6f11,2024-10,2024-10-31,11,active,5,S-f1826f,4776,Enterprise,24,False,monthly,7586,0,0,1,1,1,1,0,,1
A-4c6f11,2024-11,2024-11-30,12,active,5,S-f1826f,4776,Enterprise,24,False,monthly,7586,0,0,0,0,1,1,0,,1
A-4c6f11,2024-12,2024-12-31,13,active,5,S-f1826f,4776,Enterprise,24,False,monthly,7586,0,0,0,0,2,2,0,,1
A-4d1e75,2024-08,2024-08-31,0,inactive,0,,0,,0,,,0,0,0,0,0,0,0,0,,0
A-4d1e75,2024-09,2024-09-30,1,active,3,S-9161b0,12338,Enterprise,62,False,monthly,13698,0,0,1,1,5,1,0,,0
A-4d1e75,2024-10,2024-10-31,2,active,9,S-9161b0,12338,Enterprise,62,False,monthly,27580,0,0,0,0,5,2,0,,0
A-4d1e75,2024-11,2024-11-30,3,active,11,S-9161b0,12338,Enterprise,62,False,monthly,31010,0,0,0,0,0,0,0,,0
A-4d1e75,2024-12,2024-12-31,4,active,13,S-9161b0,12338,Enterprise,62,False,monthly,31390,0,0,0,0,1,1,0,,0
A-4e0e85,2023-09,2023-09-30,0,inactive,0,,0,,0,,,0,0,0,0,0,3,0,0,,0
A-4e0e85,2023-10,2023-10-31,1,inactive,0,,0,,0,,,0,0,0,0,0,1,0,0,,0
A-4e0e85,2023-11,2023-11-30,2,inactive,0,,0,,0,,,0,0,0,1,1,1,0,0,,0
A-4e0e85,2023-12,2023-12-31,3,inactive,0,,0,,0,,,0,0,0,0,0,2,0,0,,0
A-4e0e85,2024-01,2024-01-31,4,inactive,0,,0,,0,,,0,0,0,0,0,2,0,0,,0
A-4e0e85,2024-02,2024-02-29,5,active,2,S-d0259a,1194,Enterprise,6,False,monthly,1194,0,0,0,0,2,0,0,,0
A-4e0e85,2024-03,2024-03-31,6,active,2,S-d0259a,1194,Enterprise,6,False,monthly,1194,0,0,1,1,2,0,0,,0
A-4e0e85,2024-04,2024-04-30,7,active,3,S-102053,1194,Enterprise,6,False,monthly,2388,0,0,0,0,0,0,0,,0
A-4e0e85,2024-05,2024-05-31,8,active,3,S-102053,1194,Enterprise,6,False,monthly,2388,0,0,0,0,1,0,1,,0
A-4e0e85,2024-06,2024-06-30,9,active,4,S-041534,1862,Pro,38,False,monthly,4250,0,0,0,0,2,1,0,,0
A-4e0e85,2024-07,2024-07-31,10,active,5,S-041534,1862,Pro,38,False,monthly,4544,0,0,0,0,1,1,0,,0
A-4e0e85,2024-08,2024-08-31,11,active,6,S-041534,1862,Pro,38,False,monthly,4544,0,0,0,0,0,0,0,,0
A-4e0e85,2024-09,2024-09-30,12,active,7,S-041534,1862,Pro,38,False,monthly,4544,0,0,0,0,0,0,1,5.00,0
A-4e0e85,2024-10,2024-10-31,13,active,7,S-041534,1862,Pro,38,False,monthly,4544,0,0,0,0,3,3,0,,0
A-4e0e85,2024-11,2024-11-30,14,active,7,S-041534,1862,Pro,38,False,monthly,4544,0,0,0,0,1,1,0,,0
A-4e0e85,2024-12,2024-12-31,15,active,8,S-041534,1862,Pro,38,False,monthly,4544,0,0,0,0,3,3,0,,0
A-4e44e8,2024-08,2024-08-31,0,active,2,S-cdd00a,722,Basic,38,False,monthly,1102,0,0,1,1,5,0,0,,1
A-4e44e8,2024-09,2024-09-30,1,active,7,S-cdd00a,722,Basic,38,False,monthly,1874,15522,1,0,0,4,0,1,3.00,1
A-4e44e8,2024-10,2024-10-31,2,active,8,S-cdd00a,722,Basic,38,False,monthly,1672,392,1,1,1,2,2,0,,1
A-4e44e8,2024-11,2024-11-30,3,active,11,S-02ab8b,14925,Enterprise,75,False,monthly,17148,0,0,0,0,4,3,0,,1
A-4e44e8,2024-12,2024-12-31,4,active,12,S-02ab8b,14925,Enterprise,75,False,monthly,20531,0,0,0,0,0,0,0,,1
A-4e631b,2024-03,2024-03-31,0,active,1,S-503afa,7960,Enterprise,40,False,monthly,7960,0,0,0,0,5,0,0,,0
A-4e631b,2024-04,2024-04-30,1,active,1,S-503afa,7960,Enterprise,40,False,monthly,7960,0,0,0,0,4,0,0,,0
A-4e631b,2024-05,2024-05-31,2,active,2,S-503afa,7960,Enterprise,40,False,monthly,12338,0,0,0,0,3,0,0,,0
A-4e631b,2024-06,2024-06-30,3,active,2,S-503afa,7960,Enterprise,40,False,monthly,12338,0,0,0,0,7,2,0,,0
A-4e631b,2024-07,2024-07-31,4,active,3,S-503afa,7960,Enterprise,40,False,monthly,12756,0,0,0,0,4,0,0,,0
A-4e631b,2024-08,2024-08-31,5,active,4,S-503afa,7960,Enterprise,40,False,monthly,13174,0,0,0,0,0,0,0,,0
A-4e631b,2024-09,2024-09-30,6,active,4,S-503afa,7960,Enterprise,40,False,monthly,13174,0,0,0,0,1,1,1,4.00,0
A-4e631b,2024-10,2024-10-31,7,active,6,S-503afa,7960,Enterprise,40,False,monthly,17970,0,0,0,0,4,2,0,,0
A-4e631b,2024-11,2024-11-30,8,active,10,S-503afa,7960,Enterprise,40,False,monthly,23980,0,0,0,0,1,1,0,,0
A-4e631b,2024-12,2024-12-31,9,active,11,S-503afa,7960,Enterprise,40,False,monthly,24398,0,0,0,0,3,3,0,,0
A-4e960a,2024-01,2024-01-31,0,inactive,0,,0,,0,,,0,0,0,0,0,1,0,1,,1
A-4e960a,2024-02,2024-02-29,1,active,1,S-327e7c,0,Enterprise,17,True,annual,0,0,0,0,0,4,0,0,,1
A-4e960a,2024-03,2024-03-31,2,active,2,S-539566,228,Basic,12,False,monthly,228,0,0,0,0,1,0,0,,1
A-4e960a,2024-04,2024-04-30,3,active,5,S-183502,14129,Enterprise,71,False,monthly,18934,0,0,0,0,3,0,0,,1
A-4e960a,2024-05,2024-05-31,4,active,5,S-183502,14129,Enterprise,71,False,monthly,18934,0,0,0,0,0,0,0,,1
A-4e960a,2024-06,2024-06-30,5,active,7,S-183502,14129,Enterprise,71,False,monthly,19922,0,0,0,0,4,3,0,,1
A-4e960a,2024-07,2024-07-31,6,active,8,S-183502,14129,Enterprise,71,False,monthly,22310,0,0,0,0,1,1,0,,1
A-4e960a,2024-08,2024-08-31,7,active,9,S-183502,14129,Enterprise,71,False,monthly,22898,0,0,0,0,0,0,0,,1
A-4e960a,2024-09,2024-09-30,8,active,10,S-183502,14129,Enterprise,71,False,monthly,23126,0,0,0,0,2,1,0,,1
A-4e960a,2024-10,2024-10-31,9,active,10,S-183502,14129,Enterprise,71,False,monthly,23126,0,0,0,0,2,1,0,,1
A-4e960a,2024-11,2024-11-30,10,active,11,S-183502,14129,Enterprise,71,False,monthly,23714,0,0,0,0,4,4,0,,1
A-4e960a,2024-12,2024-12-31,11,active,12,S-183502,14129,Enterprise,71,False,monthly,23942,0,0,0,0,3,3,1,,1
A-4ef964,2024-03,2024-03-31,0,inactive,0,,0,,0,,,0,0,0,0,0,1,0,0,,0
A-4ef964,2024-04,2024-04-30,1,active,1,S-03340d,3383,Enterprise,17,False,annual,3383,0,0,0,0,3,0,0,,0
A-4ef964,2024-05,2024-05-31,2,active,2,S-03340d,3383,Enterprise,17,False,annual,4216,0,0,0,0,3,0,0,,0
A-4ef964,2024-06,2024-06-30,3,active,3,S-03340d,3383,Enterprise,17,False,annual,5049,0,0,1,1,0,0,0,,0
A-4ef964,2024-07,2024-07-31,4,active,4,S-804a70,3383,Enterprise,17,False,monthly,8432,0,0,0,0,2,1,0,,0
A-4ef964,2024-08,2024-08-31,5,active,5,S-804a70,3383,Enterprise,17,False,monthly,8432,0,0,0,0,2,2,0,,0
A-4ef964,2024-09,2024-09-30,6,active,7,S-c1164e,3430,Pro,70,False,monthly,12584,0,0,0,0,2,2,0,,0
A-4ef964,2024-10,2024-10-31,7,active,6,S-c1164e,3430,Pro,70,False,monthly,11862,722,1,0,0,5,5,0,,0
A-4ef964,2024-11,2024-11-30,8,active,8,S-c1164e,3430,Pro,70,False,monthly,13557,0,0,0,0,2,2,1,5.00,0
A-4ef964,2024-12,2024-12-31,9,active,8,S-c1164e,3430,Pro,70,False,monthly,13557,0,0,0,0,7,4,0,,0
A-4f18f0,2024-04,2024-04-30,0,active,2,S-d9ad28,1176,Pro,24,False,monthly,1176,0,0,0,0,4,1,0,,0
A-4f18f0,2024-05,2024-05-31,1,active,2,S-d9ad28,1176,Pro,24,False,monthly,1176,0,0,1,1,2,0,0,,0
A-4f18f0,2024-06,2024-06-30,2,active,4,S-7db513,4776,Enterprise,24,False,monthly,6408,0,0,0,0,1,1,1,5.00,0
A-4f18f0,2024-07,2024-07-31,3,active,7,S-afa2a9,4776,Enterprise,24,False,annual,12816,0,0,0,0,1,0,0,,0
A-4f18f0,2024-08,2024-08-31,4,active,7,S-afa2a9,4776,Enterprise,24,False,annual,12835,456,1,0,0,2,2,1,4.00,0
A-4f18f0,2024-09,2024-09-30,5,active,8,S-afa2a9,4776,Enterprise,24,False,annual,12835,0,0,0,0,1,1,0,,0
A-4f18f0,2024-10,2024-10-31,6,active,8,S-1876fb,11741,Enterprise,59,False,monthly,28877,475,2,0,0,0,0,0,,0
A-4f18f0,2024-11,2024-11-30,7,active,8,S-1876fb,11741,Enterprise,59,False,monthly,28877,0,0,0,0,2,2,0,,0
A-4f18f0,2024-12,2024-12-31,8,active,9,S-1876fb,11741,Enterprise,59,False,monthly,29333,0,0,1,1,2,1,0,,0
A-503d5a,2023-10,2023-10-31,0,active,1,S-9a6596,931,Basic,49,False,monthly,931,0,0,0,0,1,0,0,,1
A-503d5a,2023-11,2023-11-30,1,active,2,S-78ffdd,2388,Enterprise,12,False,monthly,3319,0,0,0,0,2,0,1,,1
A-503d5a,2023-12,2023-12-31,2,active,3,S-78ffdd,2388,Enterprise,12,False,monthly,3319,0,0,0,0,2,1,0,,1
A-503d5a,2024-01,2024-01-31,3,active,4,S-78ffdd,2388,Enterprise,12,False,monthly,3319,0,0,0,0,1,1,1,5.00,1
A-503d5a,2024-02,2024-02-29,4,active,4,S-78ffdd,2388,Enterprise,12,False,monthly,3319,0,0,0,0,3,1,0,,1
A-503d5a,2024-03,2024-03-31,5,active,7,S-78ffdd,2388,Enterprise,12,False,monthly,5460,0,0,0,0,1,1,1,,1
A-503d5a,2024-04,2024-04-30,6,active,7,S-78ffdd,2388,Enterprise,12,False,monthly,5460,0,0,0,0,3,3,0,,1
A-503d5a,2024-05,2024-05-31,7,active,8,S-78ffdd,2388,Enterprise,12,False,monthly,5460,0,0,0,0,2,0,1,,1
A-503d5a,2024-06,2024-06-30,8,active,9,S-78ffdd,2388,Enterprise,12,False,monthly,5754,0,0,0,0,3,3,0,,1
A-503d5a,2024-07,2024-07-31,9,active,9,S-78ffdd,2388,Enterprise,12,False,monthly,5754,0,0,0,0,0,0,0,,1
A-503d5a,2024-08,2024-08-31,10,active,9,S-78ffdd,2388,Enterprise,12,False,monthly,5754,0,0,0,0,1,1,0,,1
A-503d5a,2024-09,2024-09-30,11,active,9,S-78ffdd,2388,Enterprise,12,False,monthly,5754,0,0,0,0,3,2,0,,1
A-503d5a,2024-10,2024-10-31,12,active,9,S-78ffdd,2388,Enterprise,12,False,monthly,5754,0,0,0,0,5,4,1,4.00,1
A-503d5a,2024-11,2024-11-30,13,active,10,S-78ffdd,2388,Enterprise,12,False,monthly,5944,0,0,0,0,4,4,1,,1
A-503d5a,2024-12,2024-12-31,14,active,12,S-88338a,11144,Enterprise,56,False,annual,17884,0,0,0,0,4,3,0,,1
A-508199,2024-01,2024-01-31,0,active,1,S-82ffca,3781,Enterprise,19,False,annual,3781,0,0,0,0,1,0,0,,0
A-508199,2024-02,2024-02-29,1,active,3,S-82ffca,3781,Enterprise,19,False,annual,4655,0,0,0,0,2,1,0,,0
A-508199,2024-03,2024-03-31,2,active,3,S-82ffca,3781,Enterprise,19,False,annual,4655,0,0,0,0,0,0,2,3.00,0
A-508199,2024-04,2024-04-30,3,active,4,S-1df679,3781,Enterprise,19,False,annual,8436,0,0,0,0,0,0,0,,0
A-508199,2024-05,2024-05-31,4,active,4,S-1df679,3781,Enterprise,19,False,annual,8436,0,0,0,0,1,1,0,,0
A-508199,2024-06,2024-06-30,5,active,4,S-1df679,3781,Enterprise,19,False,annual,8436,0,0,0,0,1,0,0,,0
A-508199,2024-07,2024-07-31,6,active,4,S-1df679,3781,Enterprise,19,False,annual,8436,0,0,0,0,1,1,0,,0
A-508199,2024-08,2024-08-31,7,active,4,S-1df679,3781,Enterprise,19,False,annual,8436,0,0,0,0,2,2,1,,0
A-508199,2024-09,2024-09-30,8,active,4,S-1df679,3781,Enterprise,19,False,annual,8436,0,0,0,0,0,0,0,,0
A-508199,2024-10,2024-10-31,9,active,4,S-1df679,3781,Enterprise,19,False,annual,8436,0,0,0,0,2,0,0,,0
A-508199,2024-11,2024-11-30,10,active,4,S-1df679,3781,Enterprise,19,False,annual,8436,0,0,0,0,2,0,0,,0
A-508199,2024-12,2024-12-31,11,active,5,S-1df679,3781,Enterprise,19,False,annual,8436,0,0,0,0,0,0,0,,0
A-50bb9f,2024-07,2024-07-31,0,active,1,S-8921cb,6965,Enterprise,35,False,monthly,6965,0,0,0,0,0,0,0,,0
A-50bb9f,2024-08,2024-08-31,1,active,3,S-8921cb,6965,Enterprise,35,False,monthly,7403,0,0,0,0,1,0,2,,0
A-50bb9f,2024-09,2024-09-30,2,active,3,S-8921cb,6965,Enterprise,35,False,monthly,7403,0,0,1,2,0,0,0,,0
A-50bb9f,2024-10,2024-10-31,3,active,5,S-8921cb,6965,Enterprise,35,False,monthly,11383,0,0,0,0,1,1,0,,0
A-50bb9f,2024-11,2024-11-30,4,active,6,S-8921cb,6965,Enterprise,35,False,monthly,12853,0,0,0,0,0,0,0,,0
A-50bb9f,2024-12,2024-12-31,5,active,7,S-8921cb,6965,Enterprise,35,False,monthly,15499,1764,1,0,0,1,0,0,,0
A-50f3f7,2023-12,2023-12-31,0,inactive,0,,0,,0,,,0,0,0,0,0,3,0,1,,1
A-50f3f7,2024-01,2024-01-31,1,active,1,S-4b005c,8955,Enterprise,45,False,annual,8955,0,0,0,0,4,0,0,,1
A-50f3f7,2024-02,2024-02-29,2,active,2,S-4b005c,8955,Enterprise,45,False,annual,9544,0,0,0,0,2,0,0,,1
A-50f3f7,2024-03,2024-03-31,3,active,2,S-4b005c,8955,Enterprise,45,False,annual,9544,0,0,0,0,2,0,0,,1
A-50f3f7,2024-04,2024-04-30,4,active,3,S-4b005c,8955,Enterprise,45,False,annual,10513,0,0,0,0,4,1,0,,1
A-50f3f7,2024-05,2024-05-31,5,active,6,S-4b005c,8955,Enterprise,45,False,annual,13551,0,0,0,0,2,2,0,,1
A-50f3f7,2024-06,2024-06-30,6,active,8,S-4b005c,8955,Enterprise,45,False,annual,15070,0,0,0,0,1,1,0,,1
A-50f3f7,2024-07,2024-07-31,7,active,10,S-4b005c,8955,Enterprise,45,False,annual,17178,0,0,0,0,4,2,0,,1
A-50f3f7,2024-08,2024-08-31,8,active,10,S-4b005c,8955,Enterprise,45,False,annual,17178,0,0,0,0,1,1,0,,1
A-50f3f7,2024-09,2024-09-30,9,active,10,S-4b005c,8955,Enterprise,45,False,annual,17178,0,0,0,0,3,3,1,5.00,1
A-50f3f7,2024-10,2024-10-31,10,active,11,S-4b005c,8955,Enterprise,45,False,annual,23347,0,0,0,0,5,5,0,,1
A-50f3f7,2024-11,2024-11-30,11,active,13,S-4b005c,8955,Enterprise,45,False,annual,31739,0,0,0,0,6,2,0,,1
A-50f3f7,2024-12,2024-12-31,12,active,15,S-4b005c,8955,Enterprise,45,False,annual,44077,0,0,0,0,3,3,0,,1
A-51ec1b,2023-11,2023-11-30,0,inactive,0,,0,,0,,,0,0,0,0,0,0,0,1,5.00,0
A-51ec1b,2023-12,2023-12-31,1,inactive,0,,0,,0,,,0,0,0,1,1,2,0,0,,0
A-51ec1b,2024-01,2024-01-31,2,inactive,0,,0,,0,,,0,0,0,0,0,0,0,0,,0
A-51ec1b,2024-02,2024-02-29,3,active,1,S-b29d83,209,Basic,11,False,annual,209,0,0,0,0,2,0,0,,0
A-51ec1b,2024-03,2024-03-31,4,active,1,S-b29d83,209,Basic,11,False,annual,209,0,0,0,0,1,1,0,,0
A-51ec1b,2024-04,2024-04-30,5,active,2,S-cb7ea9,1393,Enterprise,7,False,monthly,1602,0,0,0,0,0,0,0,,0
A-51ec1b,2024-05,2024-05-31,6,active,2,S-cb7ea9,1393,Enterprise,7,False,monthly,1602,0,0,0,0,3,0,0,,0
A-51ec1b,2024-06,2024-06-30,7,active,2,S-cb7ea9,1393,Enterprise,7,False,monthly,1602,0,0,0,0,1,1,0,,0
A-51ec1b,2024-07,2024-07-31,8,active,2,S-cb7ea9,1393,Enterprise,7,False,monthly,1602,0,0,0,0,0,0,0,,0
A-51ec1b,2024-08,2024-08-31,9,active,3,S-1fddda,3582,Enterprise,18,False,monthly,5184,0,0,0,0,2,0,0,,0
A-51ec1b,2024-09,2024-09-30,10,active,3,S-1fddda,3582,Enterprise,18,False,monthly,5184,0,0,0,0,2,1,1,,0
A-51ec1b,2024-10,2024-10-31,11,active,5,S-1fddda,3582,Enterprise,18,False,monthly,7704,0,0,0,0,1,1,0,,0
A-51ec1b,2024-11,2024-11-30,12,active,4,S-1fddda,3582,Enterprise,18,False,monthly,8567,2520,2,0,0,0,0,0,,0
A-51ec1b,2024-12,2024-12-31,13,active,4,S-1fddda,3582,Enterprise,18,False,monthly,8567,0,0,0,0,0,0,0,,0
A-524364,2024-12,2024-12-31,0,active,6,S-7480e6,8557,Enterprise,43,False,annual,9552,0,0,0,0,0,0,0,,0
A-5247b3,2024-03,2024-03-31,0,active,1,S-26a630,3184,Enterprise,16,False,monthly,3184,0,0,0,0,2,0,0,,0
A-5247b3,2024-04,2024-04-30,1,active,2,S-26a630,3184,Enterprise,16,False,monthly,3184,0,0,0,0,1,0,0,,0
A-5247b3,2024-05,2024-05-31,2,active,3,S-26a630,3184,Enterprise,16,False,monthly,3811,0,0,0,0,1,0,0,,0
A-5247b3,2024-06,2024-06-30,3,active,6,S-4f7b91,3184,Enterprise,16,False,annual,7299,0,0,0,0,2,1,0,,0
A-5247b3,2024-07,2024-07-31,4,active,7,S-4f7b91,3184,Enterprise,16,False,annual,8475,0,0,0,0,2,0,1,4.00,0
A-5247b3,2024-08,2024-08-31,5,active,7,S-4f7b91,3184,Enterprise,16,False,annual,8475,0,0,0,0,4,3,0,,0
A-5247b3,2024-09,2024-09-30,6,active,8,S-4f7b91,3184,Enterprise,16,False,annual,9259,0,0,0,0,5,2,1,5.00,0
A-5247b3,2024-10,2024-10-31,7,active,10,S-4f7b91,3184,Enterprise,16,False,annual,10385,0,0,1,2,1,1,0,,0
A-5247b3,2024-11,2024-11-30,8,active,10,S-4f7b91,3184,Enterprise,16,False,annual,11791,0,1,0,0,3,3,0,,0
A-5247b3,2024-12,2024-12-31,9,active,10,S-4f7b91,3184,Enterprise,16,False,annual,11791,0,0,0,0,2,1,0,,0
A-526d93,2024-04,2024-04-30,0,active,2,S-87db32,9751,Enterprise,49,False,monthly,18308,0,0,0,0,3,0,1,4.00,0
A-526d93,2024-05,2024-05-31,1,active,2,S-87db32,9751,Enterprise,49,False,monthly,18308,0,0,0,0,1,1,0,,0
A-526d93,2024-06,2024-06-30,2,active,3,S-87db32,9751,Enterprise,49,False,monthly,19163,0,0,0,0,3,0,0,,0
A-526d93,2024-07,2024-07-31,3,active,6,S-87db32,9751,Enterprise,49,False,monthly,21270,0,0,1,1,2,2,0,,0
A-526d93,2024-08,2024-08-31,4,active,6,S-87db32,9751,Enterprise,49,False,monthly,21270,0,0,1,1,4,3,0,,0
A-526d93,2024-09,2024-09-30,5,active,7,S-87db32,9751,Enterprise,49,False,monthly,29827,0,0,1,1,0,0,0,,0
A-526d93,2024-10,2024-10-31,6,active,8,S-87db32,9751,Enterprise,49,False,monthly,30644,0,0,0,0,5,5,0,,0
A-526d93,2024-11,2024-11-30,7,active,8,S-87db32,9751,Enterprise,49,False,monthly,30644,8557,1,0,0,3,3,1,,0
A-526d93,2024-12,2024-12-31,8,active,8,S-87db32,9751,Enterprise,49,False,monthly,30644,0,0,0,0,1,1,0,,0
A-52dd88,2023-02,2023-02-28,0,inactive,0,,0,,0,,,0,0,0,0,0,4,0,0,,0
A-52dd88,2023-03,2023-03-31,1,active,1,S-5698bd,1274,Pro,26,False,monthly,1274,0,0,0,0,4,2,0,,0
A-52dd88,2023-04,2023-04-30,2,active,1,S-5698bd,1274,Pro,26,False,monthly,1274,0,0,0,0,3,0,0,,0
A-52dd88,2023-05,2023-05-31,3,active,1,S-5698bd,1274,Pro,26,False,monthly,1274,0,0,0,0,6,0,0,,0
A-52dd88,2023-06,2023-06-30,4,active,1,S-5698bd,1274,Pro,26,False,monthly,1274,0,0,0,0,2,0,0,,0
A-52dd88,2023-07,2023-07-31,5,active,1,S-5698bd,1274,Pro,26,False,monthly,1274,0,0,0,0,0,0,0,,0
A-52dd88,2023-08,2023-08-31,6,active,1,S-5698bd,1274,Pro,26,False,monthly,1274,0,0,0,0,4,1,0,,0
A-52dd88,2023-09,2023-09-30,7,active,1,S-5698bd,1274,Pro,26,False,monthly,1274,0,0,0,0,1,0,0,,0
A-52dd88,2023-10,2023-10-31,8,active,2,S-5698bd,1274,Pro,26,False,monthly,2401,0,0,0,0,2,0,0,,0
A-52dd88,2023-11,2023-11-30,9,active,2,S-5698bd,1274,Pro,26,False,monthly,2401,0,0,0,0,0,0,0,,0
A-52dd88,2023-12,2023-12-31,10,active,6,S-5698bd,1274,Pro,26,False,monthly,3712,0,0,0,0,1,1,1,,0
A-52dd88,2024-01,2024-01-31,11,active,6,S-5698bd,1274,Pro,26,False,monthly,3712,0,0,0,0,1,1,0,,0
A-52dd88,2024-02,2024-02-29,12,active,6,S-5698bd,1274,Pro,26,False,monthly,3712,0,0,0,0,1,1,0,,0
A-52dd88,2024-03,2024-03-31,13,active,7,S-5698bd,1274,Pro,26,False,monthly,4839,0,0,0,0,1,1,0,,0
A-52dd88,2024-04,2024-04-30,14,active,7,S-5698bd,1274,Pro,26,False,monthly,4839,0,0,0,0,1,1,0,,0
A-52dd88,2024-05,2024-05-31,15,active,7,S-5698bd,1274,Pro,26,False,monthly,4839,0,0,0,0,3,0,0,,0
A-52dd88,2024-06,2024-06-30,16,active,7,S-5698bd,1274,Pro,26,False,monthly,4839,0,0,0,0,4,1,0,,0
A-52dd88,2024-07,2024-07-31,17,active,7,S-5698bd,1274,Pro,26,False,monthly,4839,0,0,0,0,3,3,0,,0
A-52dd88,2024-08,2024-08-31,18,active,8,S-e8488d,5174,Enterprise,26,False,monthly,10013,0,0,0,0,3,3,0,,0
A-52dd88,2024-09,2024-09-30,19,active,9,S-e8488d,5174,Enterprise,26,False,monthly,14590,0,0,0,0,1,1,0,,0
A-52dd88,2024-10,2024-10-31,20,active,9,S-e8488d,5174,Enterprise,26,False,monthly,14590,0,0,0,0,2,2,0,,0
A-52dd88,2024-11,2024-11-30,21,active,10,S-e8488d,5174,Enterprise,26,False,monthly,15122,0,0,0,0,3,3,0,,0
A-52dd88,2024-12,2024-12-31,22,active,11,S-e8488d,5174,Enterprise,26,False,monthly,16592,0,0,0,0,0,0,0,,0
A-533452,2024-11,2024-11-30,0,active,7,S-38b3b4,5174,Enterprise,26,False,annual,17273,0,0,1,2,3,2,0,,0
A-533452,2024-12,2024-12-31,1,active,10,S-38b3b4,5174,Enterprise,26,False,annual,20223,441,1,1,2,3,2,0,,0
A-53f4e3,2024-06,2024-06-30,0,active,1,S-e781ba,931,Pro,19,False,monthly,931,0,0,0,0,0,0,0,,0
A-53f4e3,2024-07,2024-07-31,1,active,1,S-e781ba,931,Pro,19,False,monthly,931,0,0,0,0,4,0,0,,0
A-53f4e3,2024-08,2024-08-31,2,active,1,S-e781ba,931,Pro,19,False,monthly,931,0,0,0,0,2,1,0,,0
A-53f4e3,2024-09,2024-09-30,3,active,3,S-7f8cd8,3980,Enterprise,20,False,monthly,5329,0,0,0,0,2,0,1,5.00,0
A-53f4e3,2024-10,2024-10-31,4,active,5,S-3a897f,4557,Pro,93,False,annual,10228,0,0,0,0,3,1,0,,0
A-53f4e3,2024-11,2024-11-30,5,active,6,S-3a897f,4557,Pro,93,False,annual,6837,3980,1,0,0,0,0,0,,0
A-53f4e3,2024-12,2024-12-31,6,active,9,S-3a897f,4557,Pro,93,False,annual,11092,0,0,1,1,3,2,0,,0
A-544d0a,2024-05,2024-05-31,0,active,1,S-88bc66,2107,Pro,43,False,monthly,2107,0,0,0,0,0,0,0,,0
A-544d0a,2024-06,2024-06-30,1,active,3,S-88bc66,2107,Pro,43,False,monthly,2610,0,0,0,0,1,0,0,,0
A-544d0a,2024-07,2024-07-31,2,active,4,S-88bc66,2107,Pro,43,False,monthly,3605,0,0,0,0,2,0,0,,0
A-544d0a,2024-08,2024-08-31,3,active,4,S-88bc66,2107,Pro,43,False,monthly,3605,0,0,0,0,1,0,0,,0
A-544d0a,2024-09,2024-09-30,4,active,6,S-4f2ca8,12736,Enterprise,64,False,annual,17762,0,0,0,0,1,1,0,,0
A-544d0a,2024-10,2024-10-31,5,active,7,S-4f2ca8,12736,Enterprise,64,False,annual,18056,0,0,0,0,1,0,0,,0
A-544d0a,2024-11,2024-11-30,6,active,8,S-4f2ca8,12736,Enterprise,64,False,annual,18056,0,0,0,0,5,5,0,,0
A-544d0a,2024-12,2024-12-31,7,active,10,S-4f2ca8,12736,Enterprise,64,False,annual,18492,0,0,0,0,3,2,0,,0
A-54d94a,2023-05,2023-05-31,0,inactive,0,,0,,0,,,0,0,0,0,0,3,0,0,,0
A-54d94a,2023-06,2023-06-30,1,inactive,0,,0,,0,,,0,0,0,0,0,3,0,0,,0
A-54d94a,2023-07,2023-07-31,2,inactive,0,,0,,0,,,0,0,0,0,0,3,0,0,,0
A-54d94a,2023-08,2023-08-31,3,inactive,0,,0,,0,,,0,0,0,0,0,1,0,1,,0
A-54d94a,2023-09,2023-09-30,4,inactive,0,,0,,0,,,0,0,0,0,0,1,0,0,,0
A-54d94a,2023-10,2023-10-31,5,inactive,0,,0,,0,,,0,0,0,0,0,2,0,0,,0
A-54d94a,2023-11,2023-11-30,6,active,1,S-7553fb,0,Enterprise,52,True,monthly,0,0,0,0,0,3,0,0,,0
A-54d94a,2023-12,2023-12-31,7,active,3,S-dbde43,1323,Pro,27,False,annual,2368,0,0,0,0,1,0,0,,0
A-54d94a,2024-01,2024-01-31,8,active,3,S-aabbf4,2548,Pro,52,False,annual,4916,0,1,0,0,2,0,0,,0
A-54d94a,2024-02,2024-02-29,9,active,4,S-aabbf4,2548,Pro,52,False,annual,6239,0,0,0,0,2,1,0,,0
A-54d94a,2024-03,2024-03-31,10,active,4,S-aabbf4,2548,Pro,52,False,annual,6239,0,0,0,0,3,1,0,,0
A-54d94a,2024-04,2024-04-30,11,active,4,S-aabbf4,2548,Pro,52,False,annual,6239,0,0,0,0,2,1,0,,0
A-54d94a,2024-05,2024-05-31,12,active,4,S-aabbf4,2548,Pro,52,False,annual,6239,0,0,0,0,2,1,1,4.00,0
A-54d94a,2024-06,2024-06-30,13,active,4,S-aabbf4,2548,Pro,52,False,annual,6239,0,0,0,0,3,1,0,,0
A-54d94a,2024-07,2024-07-31,14,active,5,S-aabbf4,2548,Pro,52,False,annual,6752,0,0,0,0,4,1,2,3.00,0
A-54d94a,2024-08,2024-08-31,15,active,6,S-aabbf4,2548,Pro,52,False,annual,8075,0,0,0,0,3,0,0,,0
A-54d94a,2024-09,2024-09-30,16,active,6,S-aabbf4,2548,Pro,52,False,annual,8075,0,0,0,0,2,1,0,,0
A-54d94a,2024-10,2024-10-31,17,active,8,S-aabbf4,2548,Pro,52,False,annual,10721,0,0,0,0,2,1,0,,0
A-54d94a,2024-11,2024-11-30,18,active,8,S-aabbf4,2548,Pro,52,False,annual,10721,0,0,0,0,2,2,0,,0
A-54d94a,2024-12,2024-12-31,19,active,10,S-aabbf4,2548,Pro,52,False,annual,12557,0,0,0,0,3,2,0,,0
A-54ecc2,2023-06,2023-06-30,0,inactive,0,,0,,0,,,0,0,0,0,0,1,0,0,,0
A-54ecc2,2023-07,2023-07-31,1,inactive,0,,0,,0,,,0,0,0,0,0,2,0,2,,0
A-54ecc2,2023-08,2023-08-31,2,active,1,S-e6678a,196,Pro,4,False,annual,196,0,0,0,0,2,0,0,,0
A-54ecc2,2023-09,2023-09-30,3,active,3,S-36d5c9,2189,Enterprise,11,False,monthly,2385,0,0,0,0,6,2,0,,0
A-54ecc2,2023-10,2023-10-31,4,active,3,S-36d5c9,2189,Enterprise,11,False,monthly,2385,0,0,0,0,1,1,0,,0
A-54ecc2,2023-11,2023-11-30,5,active,4,S-36d5c9,2189,Enterprise,11,False,monthly,2461,0,0,0,0,2,0,0,,0
A-54ecc2,2023-12,2023-12-31,6,active,4,S-36d5c9,2189,Enterprise,11,False,monthly,2461,0,0,0,0,2,1,0,,0
A-54ecc2,2024-01,2024-01-31,7,active,4,S-36d5c9,2189,Enterprise,11,False,monthly,2461,0,0,0,0,1,0,0,,0
A-54ecc2,2024-02,2024-02-29,8,active,4,S-36d5c9,2189,Enterprise,11,False,monthly,2461,0,0,0,0,4,2,0,,0
A-54ecc2,2024-03,2024-03-31,9,active,4,S-36d5c9,2189,Enterprise,11,False,monthly,2461,0,0,0,0,3,1,0,,0
A-54ecc2,2024-04,2024-04-30,10,active,5,S-875cf3,5970,Enterprise,30,False,monthly,8431,0,0,0,0,1,1,0,,0
A-54ecc2,2024-05,2024-05-31,11,active,5,S-875cf3,5970,Enterprise,30,False,monthly,8431,0,0,0,0,0,0,0,,0
A-54ecc2,2024-06,2024-06-30,12,active,5,S-875cf3,5970,Enterprise,30,False,monthly,8431,0,0,0,0,3,1,0,,0
A-54ecc2,2024-07,2024-07-31,13,active,5,S-875cf3,5970,Enterprise,30,False,monthly,8431,0,0,0,0,4,2,0,,0
A-54ecc2,2024-08,2024-08-31,14,active,7,S-875cf3,5970,Enterprise,30,False,monthly,9144,0,0,0,0,2,1,0,,0
A-54ecc2,2024-09,2024-09-30,15,active,9,S-875cf3,5970,Enterprise,30,False,monthly,9601,0,0,1,2,1,1,0,,0
A-54ecc2,2024-10,2024-10-31,16,active,11,S-875cf3,5970,Enterprise,30,False,monthly,16168,0,0,0,0,0,0,1,5.00,0
A-54ecc2,2024-11,2024-11-30,17,active,11,S-875cf3,5970,Enterprise,30,False,monthly,16168,0,0,1,1,2,2,0,,0
A-54ecc2,2024-12,2024-12-31,18,active,11,S-875cf3,5970,Enterprise,30,False,monthly,16168,0,0,0,0,3,3,0,,0
A-558c72,2023-06,2023-06-30,0,active,1,S-4781b1,784,Pro,16,False,monthly,784,0,0,0,0,1,0,0,,0
A-558c72,2023-07,2023-07-31,1,active,1,S-4781b1,784,Pro,16,False,monthly,784,0,0,0,0,2,1,0,,0
A-558c72,2023-08,2023-08-31,2,active,1,S-4781b1,784,Pro,16,False,monthly,784,0,0,0,0,2,2,0,,0
A-558c72,2023-09,2023-09-30,3,active,1,S-4781b1,784,Pro,16,False,monthly,784,0,0,0,0,4,0,1,5.00,0
A-558c72,2023-10,2023-10-31,4,active,1,S-4781b1,784,Pro,16,False,monthly,784,0,0,0,0,0,0,0,,0
A-558c72,2023-11,2023-11-30,5,active,1,S-4781b1,784,Pro,16,False,monthly,784,0,0,0,0,0,0,0,,0
A-558c72,2023-12,2023-12-31,6,active,2,S-4781b1,784,Pro,16,False,monthly,1372,0,0,0,0,4,2,0,,0
A-558c72,2024-01,2024-01-31,7,active,3,S-c8d680,2388,Enterprise,12,False,monthly,3760,0,0,0,0,2,1,0,,0
A-558c72,2024-02,2024-02-29,8,active,2,S-4781b1,784,Pro,16,False,monthly,1372,2388,1,0,0,0,0,0,,0
A-558c72,2024-03,2024-03-31,9,active,4,S-9f2386,2985,Enterprise,15,False,annual,4585,0,0,0,0,1,0,0,,0
A-558c72,2024-04,2024-04-30,10,active,4,S-9f2386,2985,Enterprise,15,False,annual,4585,0,0,0,0,0,0,0,,0
A-558c72,2024-05,2024-05-31,11,active,4,S-9f2386,2985,Enterprise,15,False,annual,4585,0,0,0,0,1,0,1,4.00,0
A-558c72,2024-06,2024-06-30,12,active,5,S-9f2386,2985,Enterprise,15,False,annual,6048,0,0,0,0,0,0,0,,0
A-558c72,2024-07,2024-07-31,13,active,5,S-9f2386,2985,Enterprise,15,False,annual,6048,0,0,0,0,1,1,0,,0
A-558c72,2024-08,2024-08-31,14,active,5,S-9f2386,2985,Enterprise,15,False,annual,6048,0,0,0,0,2,2,1,,0
A-558c72,2024-09,2024-09-30,15,active,5,S-9f2386,2985,Enterprise,15,False,annual,6048,0,0,0,0,0,0,0,,0
A-558c72,2024-10,2024-10-31,16,active,6,S-9f2386,2985,Enterprise,15,False,annual,6783,0,0,0,0,3,2,0,,0
A-558c72,2024-11,2024-11-30,17,active,6,S-9f2386,2985,Enterprise,15,False,annual,6783,0,0,1,1,1,1,0,,0
A-558c72,2024-12,2024-12-31,18,active,6,S-9f2386,2985,Enterprise,15,False,annual,6783,0,0,0,0,1,1,0,,0
A-55f257,2023-12,2023-12-31,0,inactive,0,,0,,0,,,0,0,0,0,0,0,0,1,,0
A-55f257,2024-01,2024-01-31,1,active,3,S-caec41,4577,Enterprise,23,False,annual,5018,0,0,0,0,4,1,0,,0
A-55f257,2024-02,2024-02-29,2,active,4,S-caec41,4577,Enterprise,23,False,annual,5655,0,0,0,0,2,0,0,,0
A-55f257,2024-03,2024-03-31,3,active,6,S-caec41,4577,Enterprise,23,False,annual,6782,0,0,0,0,2,1,0,,0
A-55f257,2024-04,2024-04-30,4,active,6,S-caec41,4577,Enterprise,23,False,annual,6782,0,0,0,0,0,0,0,,0
A-55f257,2024-05,2024-05-31,5,active,6,S-caec41,4577,Enterprise,23,False,annual,6782,0,0,0,0,2,1,0,,0
A-55f257,2024-06,2024-06-30,6,active,8,S-caec41,4577,Enterprise,23,False,annual,7958,0,0,0,0,2,2,1,5.00,0
A-55f257,2024-07,2024-07-31,7,active,9,S-caec41,4577,Enterprise,23,False,annual,7958,0,0,0,0,3,3,1,5.00,0
A-55f257,2024-08,2024-08-31,8,active,10,S-caec41,4577,Enterprise,23,False,annual,12137,0,0,0,0,1,1,0,,0
A-55f257,2024-09,2024-09-30,9,active,10,S-caec41,4577,Enterprise,23,False,annual,12137,0,0,0,0,1,1,0,,0
A-55f257,2024-10,2024-10-31,10,active,10,S-caec41,4577,Enterprise,23,False,annual,12137,0,0,0,0,1,1,0,,0
A-55f257,2024-11,2024-11-30,11,active,10,S-caec41,4577,Enterprise,23,False,annual,12137,0,0,0,0,3,3,0,,0
A-55f257,2024-12,2024-12-31,12,active,10,S-caec41,4577,Enterprise,23,False,annual,12137,0,0,0,0,7,7,0,,0
A-560d27,2024-05,2024-05-31,0,active,1,S-0cb4fe,14129,Enterprise,71,False,monthly,14129,0,0,0,0,4,0,0,,0
A-560d27,2024-06,2024-06-30,1,active,2,S-0cb4fe,14129,Enterprise,71,False,monthly,15256,0,0,0,0,3,0,0,,0
A-560d27,2024-07,2024-07-31,2,active,4,S-0cb4fe,14129,Enterprise,71,False,monthly,31176,0,0,0,0,2,1,0,,0
A-560d27,2024-08,2024-08-31,3,active,4,S-0cb4fe,14129,Enterprise,71,False,monthly,31176,0,0,0,0,2,0,0,,0
A-560d27,2024-09,2024-09-30,4,active,4,S-0cb4fe,14129,Enterprise,71,False,monthly,31176,0,0,0,0,3,0,0,,0
A-560d27,2024-10,2024-10-31,5,active,7,S-0cb4fe,14129,Enterprise,71,False,monthly,40767,0,0,0,0,5,2,0,,0
A-560d27,2024-11,2024-11-30,6,active,10,S-0cb4fe,14129,Enterprise,71,False,monthly,37064,4577,1,0,0,0,0,0,,0
A-560d27,2024-12,2024-12-31,7,active,11,S-0cb4fe,14129,Enterprise,71,False,monthly,37064,0,0,0,0,0,0,0,,0
A-56962b,2024-04,2024-04-30,0,inactive,0,,0,,0,,,0,0,0,0,0,0,0,0,,0
A-56962b,2024-05,2024-05-31,1,active,1,S-faee8b,0,Pro,163,True,monthly,0,0,0,0,0,1,0,0,,0
A-56962b,2024-06,2024-06-30,2,active,1,S-faee8b,0,Pro,163,True,monthly,0,0,0,0,0,2,0,0,,0
A-56962b,2024-07,2024-07-31,3,active,1,S-faee8b,0,Pro,163,True,monthly,0,0,0,1,1,1,0,0,,0
A-56962b,2024-08,2024-08-31,4,active,2,S-c8fa77,3097,Basic,163,False,monthly,3097,0,0,1,1,1,0,0,,0
A-56962b,2024-09,2024-09-30,5,active,5,S-86e45a,7987,Pro,163,False,annual,22168,0,0,0,0,1,1,0,,0
A-56962b,2024-10,2024-10-31,6,active,5,S-86e45a,7987,Pro,163,False,annual,22168,0,0,0,0,2,1,0,,0
A-56962b,2024-11,2024-11-30,7,active,6,S-86e45a,7987,Pro,163,False,annual,22168,0,0,0,0,3,3,0,,0
A-56962b,2024-12,2024-12-31,8,active,6,S-e98121,32437,Enterprise,163,False,monthly,54605,0,1,0,0,0,0,0,,0
A-5790f4,2024-12,2024-12-31,0,active,5,S-a7da97,12537,Enterprise,63,False,annual,17334,1592,1,1,3,1,0,0,,0
A-58b9ff,2024-05,2024-05-31,0,inactive,0,,0,,0,,,0,0,0,0,0,2,0,0,,0
A-58b9ff,2024-06,2024-06-30,1,active,2,S-f5df4a,294,Pro,6,False,annual,294,0,0,0,0,4,0,0,,0
A-58b9ff,2024-07,2024-07-31,2,active,5,S-3503b4,398,Enterprise,2,False,monthly,986,0,0,0,0,1,0,0,,0
A-58b9ff,2024-08,2024-08-31,3,active,6,S-3503b4,398,Enterprise,2,False,monthly,1084,0,0,0,0,4,1,0,,0
A-58b9ff,2024-09,2024-09-30,4,active,10,S-46852c,15124,Enterprise,76,False,monthly,20379,0,0,0,0,5,4,0,,0
A-58b9ff,2024-10,2024-10-31,5,active,11,S-46852c,15124,Enterprise,76,False,monthly,20627,398,1,1,1,3,2,0,,0
A-58b9ff,2024-11,2024-11-30,6,active,12,S-46852c,15124,Enterprise,76,False,monthly,22244,0,0,0,0,2,2,0,,0
A-58b9ff,2024-12,2024-12-31,7,active,12,S-46852c,15124,Enterprise,76,False,monthly,22244,0,0,0,0,3,3,0,,0
A-592832,2024-09,2024-09-30,0,active,4,S-150930,8358,Enterprise,42,False,monthly,12605,0,0,0,0,7,0,0,,1
A-592832,2024-10,2024-10-31,1,active,8,S-150930,8358,Enterprise,42,False,monthly,20466,0,0,1,1,4,2,1,,1
A-592832,2024-11,2024-11-30,2,active,11,S-150930,8358,Enterprise,42,False,monthly,22572,0,0,0,0,2,1,0,,1
A-592832,2024-12,2024-12-31,3,active,16,S-150930,8358,Enterprise,42,False,monthly,26833,5738,3,0,0,4,4,0,,1
A-59f724,2023-11,2023-11-30,0,inactive,0,,0,,0,,,0,0,0,0,0,2,0,0,,0
A-59f724,2023-12,2023-12-31,1,inactive,0,,0,,0,,,0,0,0,0,0,3,0,0,,0
A-59f724,2024-01,2024-01-31,2,active,2,S-85eb8f,4378,Enterprise,22,False,monthly,5260,0,0,0,0,4,0,1,4.00,0
A-59f724,2024-02,2024-02-29,3,active,2,S-85eb8f,4378,Enterprise,22,False,monthly,5260,0,0,0,0,2,0,0,,0
A-59f724,2024-03,2024-03-31,4,active,3,S-85eb8f,4378,Enterprise,22,False,monthly,5260,0,0,0,0,2,1,0,,0
A-59f724,2024-04,2024-04-30,5,active,3,S-85eb8f,4378,Enterprise,22,False,monthly,5260,0,0,0,0,2,0,0,,0
A-59f724,2024-05,2024-05-31,6,active,5,S-85eb8f,4378,Enterprise,22,False,monthly,6485,0,0,0,0,5,2,0,,0
A-59f724,2024-06,2024-06-30,7,active,8,S-85eb8f,4378,Enterprise,22,False,monthly,8492,0,0,0,0,3,1,1,4.00,0
A-59f724,2024-07,2024-07-31,8,active,10,S-85eb8f,4378,Enterprise,22,False,monthly,9431,0,0,0,0,3,3,0,,0
A-59f724,2024-08,2024-08-31,9,active,11,S-85eb8f,4378,Enterprise,22,False,monthly,9431,0,0,0,0,4,4,0,,0
A-59f724,2024-09,2024-09-30,10,active,11,S-85eb8f,4378,Enterprise,22,False,monthly,9431,0,0,0,0,4,2,1,5.00,0
A-59f724,2024-10,2024-10-31,11,active,11,S-85eb8f,4378,Enterprise,22,False,monthly,9431,0,0,0,0,1,1,0,,0
A-59f724,2024-11,2024-11-30,12,active,11,S-85eb8f,4378,Enterprise,22,False,monthly,9431,0,0,0,0,6,5,0,,0
A-59f724,2024-12,2024-12-31,13,active,12,S-85eb8f,4378,Enterprise,22,False,monthly,9773,0,0,0,0,1,1,1,4.00,0
A-5a184f,2023-06,2023-06-30,0,inactive,0,,0,,0,,,0,0,0,0,0,1,0,1,5.00,1
A-5a184f,2023-07,2023-07-31,1,inactive,0,,0,,0,,,0,0,0,1,1,0,0,0,,1
A-5a184f,2023-08,2023-08-31,2,active,1,S-8a4156,0,Pro,19,True,annual,0,0,0,0,0,4,0,0,,1
A-5a184f,2023-09,2023-09-30,3,active,2,S-2a53d5,1406,Basic,74,False,annual,1406,0,0,0,0,0,0,1,4.00,1
A-5a184f,2023-10,2023-10-31,4,active,2,S-2a53d5,1406,Basic,74,False,annual,1406,0,0,0,0,0,0,0,,1
A-5a184f,2023-11,2023-11-30,5,active,3,S-ec58ac,2009,Pro,41,False,annual,3415,0,0,0,0,3,1,0,,1
A-5a184f,2023-12,2023-12-31,6,active,4,S-505f35,4378,Enterprise,22,False,annual,7793,0,0,0,0,0,0,0,,1
A-5a184f,2024-01,2024-01-31,7,active,7,S-0ba1fe,9154,Enterprise,46,False,monthly,17194,0,0,0,0,2,2,0,,1
A-5a184f,2024-02,2024-02-29,8,active,7,S-0ba1fe,9154,Enterprise,46,False,monthly,17194,0,0,0,0,3,2,0,,1
A-5a184f,2024-03,2024-03-31,9,active,7,S-0ba1fe,9154,Enterprise,46,False,monthly,17194,0,0,1,1,5,3,0,,1
A-5a184f,2024-04,2024-04-30,10,active,8,S-0ba1fe,9154,Enterprise,46,False,monthly,19980,0,0,0,0,1,1,1,4.00,1
A-5a184f,2024-05,2024-05-31,11,active,8,S-0ba1fe,9154,Enterprise,46,False,monthly,19980,0,0,0,0,3,2,0,,1
A-5a184f,2024-06,2024-06-30,12,active,8,S-0ba1fe,9154,Enterprise,46,False,monthly,19980,0,0,0,0,4,4,0,,1
A-5a184f,2024-07,2024-07-31,13,active,8,S-0ba1fe,9154,Enterprise,46,False,monthly,19980,0,0,0,0,3,3,0,,1
A-5a184f,2024-08,2024-08-31,14,active,8,S-0ba1fe,9154,Enterprise,46,False,monthly,19980,0,0,0,0,3,3,0,,1
A-5a184f,2024-09,2024-09-30,15,active,8,S-0ba1fe,9154,Enterprise,46,False,monthly,19980,0,0,1,1,0,0,0,,1
A-5a184f,2024-10,2024-10-31,16,active,9,S-0ba1fe,9154,Enterprise,46,False,monthly,19999,0,0,0,0,5,3,0,,1
A-5a184f,2024-11,2024-11-30,17,active,10,S-0ba1fe,9154,Enterprise,46,False,monthly,20683,0,0,0,0,4,4,0,,1
A-5a184f,2024-12,2024-12-31,18,active,9,S-0ba1fe,9154,Enterprise,46,False,monthly,19999,684,1,0,0,2,2,0,,1
A-5a215a,2024-01,2024-01-31,0,active,1,S-5bb58e,1653,Basic,87,False,annual,1653,0,0,0,0,2,0,0,,0
A-5a215a,2024-02,2024-02-29,1,active,3,S-93f835,4263,Pro,87,False,monthly,5916,0,0,0,0,2,0,0,,0
A-5a215a,2024-03,2024-03-31,2,active,5,S-0144ac,17313,Enterprise,87,False,monthly,23229,0,0,0,0,2,1,0,,0
A-5a215a,2024-04,2024-04-30,3,active,5,S-0144ac,17313,Enterprise,87,False,monthly,23229,0,0,0,0,2,0,0,,0
A-5a215a,2024-05,2024-05-31,4,active,7,S-e04d93,17313,Enterprise,87,False,monthly,57855,0,0,0,0,4,2,0,,0
A-5a215a,2024-06,2024-06-30,5,active,8,S-e04d93,17313,Enterprise,87,False,monthly,57855,0,0,0,0,7,4,1,3.00,0
A-5a215a,2024-07,2024-07-31,6,active,11,S-e04d93,17313,Enterprise,87,False,monthly,66381,0,0,0,0,1,1,0,,0
A-5a215a,2024-08,2024-08-31,7,active,10,S-e04d93,17313,Enterprise,87,False,monthly,66381,0,1,0,0,4,1,0,,0
A-5a215a,2024-09,2024-09-30,8,active,12,S-75cba6,17313,Enterprise,87,False,monthly,114057,4263,1,0,0,2,2,1,5.00,0
A-5a215a,2024-10,2024-10-31,9,active,14,S-75cba6,17313,Enterprise,87,False,monthly,119973,0,0,0,0,3,2,0,,0
A-5a215a,2024-11,2024-11-30,10,active,13,S-75cba6,17313,Enterprise,87,False,monthly,100050,21576,2,0,0,5,2,0,,0
A-5a215a,2024-12,2024-12-31,11,active,12,S-75cba6,17313,Enterprise,87,False,monthly,69687,34626,2,0,0,2,1,1,4.00,0
A-5a3eb9,2023-08,2023-08-31,0,inactive,0,,0,,0,,,0,0,0,0,0,4,0,0,,0
A-5a3eb9,2023-09,2023-09-30,1,active,2,S-1cff77,3185,Pro,65,False,annual,4067,0,0,0,0,1,0,0,,0
A-5a3eb9,2023-10,2023-10-31,2,active,2,S-1cff77,3185,Pro,65,False,annual,4067,0,0,0,0,2,0,0,,0
A-5a3eb9,2023-11,2023-11-30,3,active,2,S-1cff77,3185,Pro,65,False,annual,4067,0,0,0,0,5,3,0,,0
A-5a3eb9,2023-12,2023-12-31,4,active,3,S-1cff77,3185,Pro,65,False,annual,4618,0,0,0,0,5,3,0,,0
A-5a3eb9,2024-01,2024-01-31,5,active,3,S-1cff77,3185,Pro,65,False,annual,4618,0,0,0,0,1,1,0,,0
A-5a3eb9,2024-02,2024-02-29,6,active,3,S-1cff77,3185,Pro,65,False,annual,4618,0,0,0,0,3,0,0,,0
A-5a3eb9,2024-03,2024-03-31,7,active,5,S-1cff77,3185,Pro,65,False,annual,5842,0,0,0,0,5,1,0,,0
A-5a3eb9,2024-04,2024-04-30,8,active,5,S-1cff77,3185,Pro,65,False,annual,5842,0,0,1,2,3,1,1,,0
A-5a3eb9,2024-05,2024-05-31,9,active,6,S-755502,3582,Enterprise,18,False,annual,9424,0,0,0,0,2,0,0,,0
A-5a3eb9,2024-06,2024-06-30,10,active,8,S-755502,3582,Enterprise,18,False,annual,13565,0,0,1,1,5,3,0,,0
A-5a3eb9,2024-07,2024-07-31,11,active,8,S-755502,3582,Enterprise,18,False,annual,13565,0,0,0,0,4,1,0,,0
A-5a3eb9,2024-08,2024-08-31,12,active,10,S-755502,3582,Enterprise,18,False,annual,15430,0,0,0,0,3,2,0,,0
A-5a3eb9,2024-09,2024-09-30,13,active,10,S-755502,3582,Enterprise,18,False,annual,15430,0,0,0,0,1,1,0,,0
A-5a3eb9,2024-10,2024-10-31,14,active,11,S-755502,3582,Enterprise,18,False,annual,15829,0,0,0,0,2,0,0,,0
A-5a3eb9,2024-11,2024-11-30,15,active,12,S-4fdfa3,3582,Enterprise,18,False,monthly,19411,0,0,0,0,3,3,0,,0
A-5a3eb9,2024-12,2024-12-31,16,active,12,S-4fdfa3,3582,Enterprise,18,False,monthly,19411,882,1,0,0,1,1,0,,0
A-5a92e7,2024-06,2024-06-30,0,active,3,S-6895d0,1421,Pro,29,False,monthly,1592,0,0,1,1,5,1,0,,0
A-5a92e7,2024-07,2024-07-31,1,active,6,S-fb10b8,2107,Pro,43,False,annual,4628,0,0,0,0,6,1,0,,0
A-5a92e7,2024-08,2024-08-31,2,active,8,S-fb10b8,2107,Pro,43,False,annual,6931,0,0,0,0,3,1,1,,0
A-5a92e7,2024-09,2024-09-30,3,active,10,S-fb10b8,2107,Pro,43,False,annual,8744,0,0,0,0,3,0,0,,0
A-5a92e7,2024-10,2024-10-31,4,active,12,S-fb10b8,2107,Pro,43,False,annual,9663,796,1,0,0,4,3,1,3.00,0
A-5a92e7,2024-11,2024-11-30,5,active,13,S-fb10b8,2107,Pro,43,False,annual,10104,0,0,1,1,4,3,0,,0
A-5a92e7,2024-12,2024-12-31,6,active,17,S-fb10b8,2107,Pro,43,False,annual,11666,209,1,0,0,4,4,0,,0
A-5b051a,2024-08,2024-08-31,0,inactive,0,,0,,0,,,0,0,0,0,0,1,0,0,,0
A-5b051a,2024-09,2024-09-30,1,active,1,S-6e0006,418,Basic,22,False,monthly,418,0,0,0,0,0,0,0,,0
A-5b051a,2024-10,2024-10-31,2,active,2,S-0a70a3,418,Basic,22,False,annual,836,0,0,0,0,0,0,0,,0
A-5b051a,2024-11,2024-11-30,3,active,3,S-9b493e,418,Basic,22,False,monthly,1254,0,0,0,0,1,0,0,,0
A-5b051a,2024-12,2024-12-31,4,active,3,S-ad31b0,1078,Pro,22,False,monthly,1914,418,1,0,0,3,2,0,,0
A-5b1bcd,2023-09,2023-09-30,0,active,1,S-aba835,1387,Basic,73,False,annual,1387,0,0,0,0,5,0,0,,0
A-5b1bcd,2023-10,2023-10-31,1,active,3,S-ee4c5c,14527,Enterprise,73,False,annual,30441,0,0,0,0,4,1,0,,0
A-5b1bcd,2023-11,2023-11-30,2,active,4,S-62aa3c,14527,Enterprise,73,False,monthly,44968,0,0,0,0,3,1,0,,0
A-5b1bcd,2023-12,2023-12-31,3,active,4,S-62aa3c,14527,Enterprise,73,False,monthly,44968,0,0,0,0,1,0,0,,0
A-5b1bcd,2024-01,2024-01-31,4,active,6,S-0a8200,14527,Enterprise,73,False,annual,60882,0,0,0,0,3,2,0,,0
A-5b1bcd,2024-02,2024-02-29,5,active,7,S-269b4a,14527,Enterprise,73,False,monthly,75409,0,0,0,0,6,2,0,,0
A-5b1bcd,2024-03,2024-03-31,6,active,8,S-795878,14527,Enterprise,73,False,annual,89936,0,0,0,0,1,1,1,,0
A-5b1bcd,2024-04,2024-04-30,7,active,9,S-795878,14527,Enterprise,73,False,annual,89936,0,0,0,0,3,1,1,4.00,0
A-5b1bcd,2024-05,2024-05-31,8,active,9,S-795878,14527,Enterprise,73,False,annual,89936,0,0,0,0,2,2,0,,0
A-5b1bcd,2024-06,2024-06-30,9,active,10,S-795878,14527,Enterprise,73,False,annual,93513,0,0,0,0,5,3,0,,0
A-5b1bcd,2024-07,2024-07-31,10,active,11,S-795878,14527,Enterprise,73,False,annual,97090,0,0,0,0,2,1,0,,0
A-5b1bcd,2024-08,2024-08-31,11,active,11,S-795878,14527,Enterprise,73,False,annual,97090,0,0,1,1,4,4,0,,0
A-5b1bcd,2024-09,2024-09-30,12,active,12,S-f0c747,14527,Enterprise,73,False,monthly,111617,0,0,0,0,5,3,1,,0
A-5b1bcd,2024-10,2024-10-31,13,active,14,S-b553d7,14527,Enterprise,73,False,annual,129721,0,0,0,0,4,4,0,,0
A-5b1bcd,2024-11,2024-11-30,14,active,13,S-b553d7,14527,Enterprise,73,False,annual,128334,1387,1,0,0,4,3,0,,0
A-5b1bcd,2024-12,2024-12-31,15,active,14,S-b553d7,14527,Enterprise,73,False,annual,131911,0,0,0,0,3,3,1,5.00,0
A-5b4ebb,2024-07,2024-07-31,0,active,2,S-969c1d,551,Basic,29,False,monthly,950,0,0,0,0,3,0,0,,1
A-5b4ebb,2024-08,2024-08-31,1,active,3,S-7fca0e,988,Basic,52,False,annual,1938,0,0,0,0,6,1,0,,1
A-5b4ebb,2024-09,2024-09-30,2,active,4,S-7fca0e,988,Basic,52,False,annual,2337,0,0,0,0,4,1,0,,1
A-5b4ebb,2024-10,2024-10-31,3,active,10,S-0a19d1,4179,Enterprise,21,False,annual,13796,0,0,0,0,2,1,0,,1
A-5b4ebb,2024-11,2024-11-30,4,active,10,S-02cde8,12537,Enterprise,63,False,monthly,25934,399,1,0,0,2,2,1,5.00,1
A-5b4ebb,2024-12,2024-12-31,5,active,12,S-02cde8,12537,Enterprise,63,False,monthly,27404,0,0,0,0,1,1,0,,1
A-5c046d,2024-07,2024-07-31,0,active,1,S-11eef4,4557,Pro,93,False,annual,4557,0,0,0,0,0,0,0,,0
A-5c046d,2024-08,2024-08-31,1,active,2,S-11eef4,4557,Pro,93,False,annual,6324,0,0,0,0,1,0,0,,0
A-5c046d,2024-09,2024-09-30,2,active,3,S-f2be88,18507,Enterprise,93,False,monthly,24831,0,0,0,0,3,1,0,,0
A-5c046d,2024-10,2024-10-31,3,active,3,S-f2be88,18507,Enterprise,93,False,monthly,24831,0,0,0,0,0,0,0,,0
A-5c046d,2024-11,2024-11-30,4,active,4,S-da3b68,18507,Enterprise,93,False,monthly,43338,0,0,0,0,1,0,0,,0
A-5c046d,2024-12,2024-12-31,5,active,8,S-aced77,18507,Enterprise,93,False,annual,83886,0,0,0,0,3,2,0,,0
A-5c9849,2024-11,2024-11-30,0,active,4,S-771f7b,12338,Enterprise,62,False,annual,13934,0,0,1,1,1,0,0,,0
A-5c9849,2024-12,2024-12-31,1,active,8,S-771f7b,12338,Enterprise,62,False,annual,18646,18109,1,0,0,1,1,0,,0
A-5ed98d,2024-06,2024-06-30,0,active,1,S-021297,4776,Enterprise,24,False,annual,4776,0,0,0,0,2,0,0,,0
A-5ed98d,2024-07,2024-07-31,1,active,2,S-786a36,4776,Enterprise,24,False,annual,9552,0,0,0,0,1,0,0,,0
A-5ed98d,2024-08,2024-08-31,2,active,3,S-786a36,4776,Enterprise,24,False,annual,10728,0,0,0,0,0,0,0,,0
A-5ed98d,2024-09,2024-09-30,3,active,4,S-786a36,4776,Enterprise,24,False,annual,11904,0,0,1,1,0,0,1,,0
A-5ed98d,2024-10,2024-10-31,4,active,4,S-786a36,4776,Enterprise,24,False,annual,11904,0,0,1,1,3,0,0,,0
A-5ed98d,2024-11,2024-11-30,5,active,6,S-786a36,4776,Enterprise,24,False,annual,14452,0,0,0,0,4,1,0,,0
A-5ed98d,2024-12,2024-12-31,6,active,8,S-786a36,4776,Enterprise,24,False,annual,15478,0,0,0,0,2,1,0,,0
A-5f2961,2024-11,2024-11-30,0,active,1,S-09950d,1393,Enterprise,7,False,annual,1393,0,0,1,1,1,0,0,,0
A-5f2961,2024-12,2024-12-31,1,active,7,S-8d89a8,3184,Enterprise,16,False,monthly,10299,0,0,0,0,0,0,0,,0
A-5f7781,2024-08,2024-08-31,0,active,1,S-f7234f,0,Pro,85,True,monthly,0,0,0,0,0,3,0,1,4.00,0
A-5f7781,2024-09,2024-09-30,1,active,3,S-b8a352,4378,Enterprise,22,False,annual,4796,0,0,0,0,1,1,0,,0
A-5f7781,2024-10,2024-10-31,2,active,4,S-a01aad,4378,Enterprise,22,False,monthly,9174,0,0,0,0,0,0,0,,0
A-5f7781,2024-11,2024-11-30,3,active,4,S-a01aad,4378,Enterprise,22,False,monthly,9174,0,0,0,0,1,1,0,,0
A-5f7781,2024-12,2024-12-31,4,active,5,S-a01aad,4378,Enterprise,22,False,monthly,10252,0,0,1,1,1,1,0,,0
A-5fe118,2024-11,2024-11-30,0,inactive,0,,0,,0,,,0,0,0,0,0,1,0,0,,0
A-5fe118,2024-12,2024-12-31,1,active,5,S-1feff8,7761,Enterprise,39,False,annual,22290,0,0,1,1,1,1,0,,0
A-600734,2023-11,2023-11-30,0,inactive,0,,0,,0,,,0,0,0,0,0,3,0,1,,1
A-600734,2023-12,2023-12-31,1,inactive,0,,0,,0,,,0,0,0,0,0,2,0,0,,1
A-600734,2024-01,2024-01-31,2,active,1,S-eef0cd,1421,Pro,29,False,annual,1421,0,0,0,0,3,0,0,,1
A-600734,2024-02,2024-02-29,3,active,3,S-6b200f,1421,Pro,29,False,annual,3393,0,0,0,0,4,0,0,,1
A-600734,2024-03,2024-03-31,4,active,5,S-6630bc,5771,Enterprise,29,False,monthly,10585,0,0,0,0,4,2,1,4.00,1
A-600734,2024-04,2024-04-30,5,active,7,S-6630bc,5771,Enterprise,29,False,monthly,11687,0,0,0,0,2,0,0,,1
A-600734,2024-05,2024-05-31,6,active,6,S-6630bc,5771,Enterprise,29,False,monthly,10266,1421,1,0,0,3,1,0,,1
A-600734,2024-06,2024-06-30,7,active,7,S-6630bc,5771,Enterprise,29,False,monthly,12177,0,0,0,0,3,1,0,,1
A-600734,2024-07,2024-07-31,8,active,7,S-6630bc,5771,Enterprise,29,False,monthly,12177,0,0,0,0,7,5,0,,1
A-600734,2024-08,2024-08-31,9,active,9,S-6630bc,5771,Enterprise,29,False,monthly,12975,0,0,0,0,1,1,0,,1
A-600734,2024-09,2024-09-30,10,active,9,S-6630bc,5771,Enterprise,29,False,monthly,13526,0,1,0,0,3,0,1,,1
A-600734,2024-10,2024-10-31,11,active,10,S-6630bc,5771,Enterprise,29,False,monthly,14947,0,0,0,0,1,1,0,,1
A-600734,2024-11,2024-11-30,12,active,11,S-6630bc,5771,Enterprise,29,False,monthly,16711,0,0,0,0,3,3,0,,1
A-600734,2024-12,2024-12-31,13,active,11,S-6630bc,5771,Enterprise,29,False,monthly,16711,0,0,0,0,4,4,0,,1
A-625d0b,2024-09,2024-09-30,0,active,1,S-f50b14,0,Basic,9,True,annual,0,0,0,0,0,1,0,0,,0
A-625d0b,2024-10,2024-10-31,1,active,5,S-7018bf,2058,Pro,42,False,monthly,4290,0,0,0,0,2,0,0,,0
A-625d0b,2024-11,2024-11-30,2,active,8,S-7018bf,2058,Pro,42,False,monthly,7279,1990,1,0,0,3,2,1,,0
A-625d0b,2024-12,2024-12-31,3,active,10,S-7018bf,2058,Pro,42,False,monthly,9903,0,0,0,0,3,3,0,,0
A-659280,2023-11,2023-11-30,0,active,2,S-f41a31,2587,Enterprise,13,False,monthly,3224,0,0,0,0,3,0,0,,1
A-659280,2023-12,2023-12-31,1,active,3,S-66a834,6169,Enterprise,31,False,annual,9393,0,0,0,0,1,0,0,,1
A-659280,2024-01,2024-01-31,2,active,3,S-66a834,6169,Enterprise,31,False,annual,9393,0,0,0,0,3,1,0,,1
A-659280,2024-02,2024-02-29,3,active,5,S-66a834,6169,Enterprise,31,False,annual,12076,0,0,0,0,0,0,0,,1
A-659280,2024-03,2024-03-31,4,active,5,S-66a834,6169,Enterprise,31,False,annual,12076,0,0,0,0,2,2,1,,1
A-659280,2024-04,2024-04-30,5,active,6,S-66a834,6169,Enterprise,31,False,annual,15857,0,0,0,0,8,3,0,,1
A-659280,2024-05,2024-05-31,6,active,7,S-66a834,6169,Enterprise,31,False,annual,16104,0,0,0,0,2,1,0,,1
A-659280,2024-06,2024-06-30,7,active,8,S-66a834,6169,Enterprise,31,False,annual,20880,0,0,0,0,1,1,1,4.00,1
A-659280,2024-07,2024-07-31,8,active,9,S-66a834,6169,Enterprise,31,False,annual,21127,0,0,1,1,1,1,0,,1
A-659280,2024-08,2024-08-31,9,active,9,S-66a834,6169,Enterprise,31,False,annual,21127,0,0,0,0,2,1,1,5.00,1
A-659280,2024-09,2024-09-30,10,active,9,S-66a834,6169,Enterprise,31,False,annual,21127,0,0,0,0,4,4,0,,1
A-659280,2024-10,2024-10-31,11,active,9,S-66a834,6169,Enterprise,31,False,annual,21127,0,0,0,0,1,1,0,,1
A-659280,2024-11,2024-11-30,12,active,11,S-66a834,6169,Enterprise,31,False,annual,21450,0,0,1,1,2,0,0,,1
A-659280,2024-12,2024-12-31,13,active,12,S-66a834,6169,Enterprise,31,False,annual,21450,0,0,0,0,5,4,0,,1
A-65a46c,2023-11,2023-11-30,0,inactive,0,,0,,0,,,0,0,0,0,0,2,0,0,,0
A-65a46c,2023-12,2023-12-31,1,inactive,0,,0,,0,,,0,0,0,0,0,1,0,0,,0
A-65a46c,2024-01,2024-01-31,2,inactive,0,,0,,0,,,0,0,0,0,0,1,0,0,,0
A-65a46c,2024-02,2024-02-29,3,inactive,0,,0,,0,,,0,0,0,0,0,1,0,0,,0
A-65a46c,2024-03,2024-03-31,4,active,3,S-6f75be,15522,Enterprise,78,False,monthly,16719,0,0,0,0,2,1,1,,0
A-65a46c,2024-04,2024-04-30,5,active,4,S-6f75be,15522,Enterprise,78,False,monthly,18510,0,0,0,0,2,1,1,5.00,0
A-65a46c,2024-05,2024-05-31,6,active,5,S-6f75be,15522,Enterprise,78,False,monthly,20323,0,0,0,0,2,2,0,,0
A-65a46c,2024-06,2024-06-30,7,active,5,S-6f75be,15522,Enterprise,78,False,monthly,20323,0,0,0,0,2,1,1,,0
A-65a46c,2024-07,2024-07-31,8,active,5,S-6f75be,15522,Enterprise,78,False,monthly,20323,0,0,0,0,4,3,0,,0
A-65a46c,2024-08,2024-08-31,9,active,6,S-6f75be,15522,Enterprise,78,False,monthly,20960,0,0,0,0,0,0,0,,0
A-65a46c,2024-09,2024-09-30,10,active,6,S-6f75be,15522,Enterprise,78,False,monthly,20960,0,0,0,0,1,1,0,,0
A-65a46c,2024-10,2024-10-31,11,active,7,S-6f75be,15522,Enterprise,78,False,monthly,20960,0,0,0,0,2,1,1,4.00,0
A-65a46c,2024-11,2024-11-30,12,active,7,S-6f75be,15522,Enterprise,78,False,monthly,20960,0,0,0,0,2,2,0,,0
A-65a46c,2024-12,2024-12-31,13,active,7,S-6f75be,15522,Enterprise,78,False,monthly,22675,0,1,0,0,4,3,1,5.00,0
A-65aeb5,2024-01,2024-01-31,0,inactive,0,,0,,0,,,0,0,0,0,0,0,0,0,,0
A-65aeb5,2024-02,2024-02-29,1,active,1,S-c2eeba,171,Basic,9,False,monthly,171,0,0,1,1,4,0,0,,0
A-65aeb5,2024-03,2024-03-31,2,active,2,S-b7deea,12537,Enterprise,63,False,monthly,12708,0,0,0,0,3,1,0,,0
A-65aeb5,2024-04,2024-04-30,3,active,2,S-b7deea,12537,Enterprise,63,False,monthly,12708,0,0,0,0,6,2,0,,0
A-65aeb5,2024-05,2024-05-31,4,active,4,S-b7deea,12537,Enterprise,63,False,monthly,13149,0,0,0,0,1,0,0,,0
A-65aeb5,2024-06,2024-06-30,5,active,4,S-b7deea,12537,Enterprise,63,False,monthly,13149,0,0,0,0,3,0,0,,0
A-65aeb5,2024-07,2024-07-31,6,active,4,S-b7deea,12537,Enterprise,63,False,monthly,13149,0,0,0,0,2,0,0,,0
A-65aeb5,2024-08,2024-08-31,7,active,8,S-b7deea,12537,Enterprise,63,False,monthly,20845,0,0,0,0,2,0,0,,0
A-65aeb5,2024-09,2024-09-30,8,active,10,S-b7deea,12537,Enterprise,63,False,monthly,32430,1791,1,0,0,4,3,0,,0
A-65aeb5,2024-10,2024-10-31,9,active,11,S-b7deea,12537,Enterprise,63,False,monthly,32601,0,0,0,0,1,1,0,,0
A-65aeb5,2024-11,2024-11-30,10,active,11,S-b7deea,12537,Enterprise,63,False,monthly,32601,0,0,0,0,2,2,0,,0
A-65aeb5,2024-12,2024-12-31,11,active,9,S-64d514,11144,Enterprise,56,False,annual,19893,12708,2,1,1,3,3,0,,0
A-65c341,2023-12,2023-12-31,0,inactive,0,,0,,0,,,0,0,0,0,0,5,0,0,,0
A-65c341,2024-01,2024-01-31,1,inactive,0,,0,,0,,,0,0,0,0,0,0,0,0,,0
A-65c341,2024-02,2024-02-29,2,active,2,S-dd85c4,6169,Enterprise,31,False,monthly,7002,0,0,0,0,1,0,0,,0
A-65c341,2024-03,2024-03-31,3,active,3,S-d6aefa,16716,Enterprise,84,False,annual,23718,0,0,1,1,1,0,0,,0
A-65c341,2024-04,2024-04-30,4,active,3,S-d6aefa,16716,Enterprise,84,False,annual,23718,0,0,0,0,1,1,0,,0
A-65c341,2024-05,2024-05-31,5,active,3,S-d6aefa,16716,Enterprise,84,False,annual,23718,0,0,0,0,4,2,1,,0
A-65c341,2024-06,2024-06-30,6,active,3,S-d6aefa,16716,Enterprise,84,False,annual,23718,0,0,0,0,2,1,0,,0
A-65c341,2024-07,2024-07-31,7,active,2,S-d6aefa,16716,Enterprise,84,False,annual,17549,6169,1,0,0,1,1,0,,0
A-65c341,2024-08,2024-08-31,8,active,2,S-d6aefa,16716,Enterprise,84,False,annual,17549,0,0,0,0,2,1,0,,0
A-65c341,2024-09,2024-09-30,9,active,3,S-d6aefa,16716,Enterprise,84,False,annual,18088,0,0,0,0,1,0,0,,0
A-65c341,2024-10,2024-10-31,10,active,6,S-d6aefa,16716,Enterprise,84,False,annual,22466,0,0,0,0,0,0,0,,0
A-65c341,2024-11,2024-11-30,11,active,6,S-d6aefa,16716,Enterprise,84,False,annual,22466,1911,1,0,0,0,0,0,,0
A-65c341,2024-12,2024-12-31,12,active,6,S-d6aefa,16716,Enterprise,84,False,annual,22466,0,0,1,1,1,1,0,,0
A-66224b,2024-10,2024-10-31,0,active,1,S-b465a7,18308,Enterprise,92,False,monthly,18308,0,0,0,0,0,0,1,5.00,0
A-66224b,2024-11,2024-11-30,1,active,6,S-e5c35c,18308,Enterprise,92,False,monthly,42872,0,0,0,0,4,0,1,3.00,0
A-66224b,2024-12,2024-12-31,2,active,11,S-e5c35c,18308,Enterprise,92,False,monthly,50876,18308,1,0,0,1,0,0,,0
A-671f31,2024-11,2024-11-30,0,active,2,S-330989,2891,Pro,59,False,annual,4012,0,0,0,0,2,0,0,,0
A-671f31,2024-12,2024-12-31,1,active,6,S-c508b3,11741,Enterprise,59,False,annual,30385,0,0,0,0,1,1,0,,0
A-67be94,2023-04,2023-04-30,0,inactive,0,,0,,0,,,0,0,0,0,0,1,0,0,,0
A-67be94,2023-05,2023-05-31,1,inactive,0,,0,,0,,,0,0,0,0,0,0,0,0,,0
A-67be94,2023-06,2023-06-30,2,inactive,0,,0,,0,,,0,0,0,0,0,1,0,0,,0
A-67be94,2023-07,2023-07-31,3,inactive,0,,0,,0,,,0,0,0,0,0,6,0,1,,0
A-67be94,2023-08,2023-08-31,4,active,1,S-d604ec,494,Basic,26,False,monthly,494,0,0,0,0,1,0,0,,0
A-67be94,2023-09,2023-09-30,5,active,2,S-b6e15a,7363,Enterprise,37,False,monthly,7857,0,0,0,0,0,0,0,,0
A-67be94,2023-10,2023-10-31,6,active,2,S-b6e15a,7363,Enterprise,37,False,monthly,7857,0,0,0,0,1,0,0,,0
A-67be94,2023-11,2023-11-30,7,active,3,S-b6e15a,7363,Enterprise,37,False,monthly,8636,0,0,0,0,1,0,0,,0
A-67be94,2023-12,2023-12-31,8,active,3,S-b6e15a,7363,Enterprise,37,False,monthly,8636,0,0,0,0,0,0,0,,0
A-67be94,2024-01,2024-01-31,9,active,4,S-b6e15a,7363,Enterprise,37,False,monthly,9814,0,0,0,0,2,1,0,,0
A-67be94,2024-02,2024-02-29,10,active,3,S-51924b,1178,Basic,62,False,annual,2451,7363,1,0,0,1,0,0,,0
A-67be94,2024-03,2024-03-31,11,active,3,S-51924b,1178,Basic,62,False,annual,2451,0,0,0,0,2,0,0,,0
A-67be94,2024-04,2024-04-30,12,active,4,S-51924b,1178,Basic,62,False,annual,2945,0,0,0,0,0,0,0,,0
A-67be94,2024-05,2024-05-31,13,active,4,S-51924b,1178,Basic,62,False,annual,2945,0,0,1,1,3,1,1,,0
A-67be94,2024-06,2024-06-30,14,active,5,S-58b1a2,10348,Enterprise,52,False,monthly,13293,0,0,1,1,1,1,0,,0
A-67be94,2024-07,2024-07-31,15,active,5,S-58b1a2,10348,Enterprise,52,False,monthly,13293,0,0,0,0,1,1,0,,0
A-67be94,2024-08,2024-08-31,16,active,5,S-58b1a2,10348,Enterprise,52,False,monthly,13293,0,0,0,0,4,3,0,,0
A-67be94,2024-09,2024-09-30,17,active,5,S-58b1a2,10348,Enterprise,52,False,monthly,13293,0,0,0,0,2,2,0,,0
A-67be94,2024-10,2024-10-31,18,active,5,S-58b1a2,10348,Enterprise,52,False,monthly,13293,0,0,0,0,2,2,0,,0
A-67be94,2024-11,2024-11-30,19,active,5,S-58b1a2,10348,Enterprise,52,False,monthly,13293,0,0,0,0,2,2,2,3.00,0
A-67be94,2024-12,2024-12-31,20,active,6,S-58b1a2,10348,Enterprise,52,False,monthly,14567,0,0,0,0,3,3,0,,0
A-684255,2024-04,2024-04-30,0,active,1,S-c935b8,608,Basic,32,False,annual,608,0,0,0,0,5,0,1,4.00,0
A-684255,2024-05,2024-05-31,1,active,2,S-070d42,1127,Pro,23,False,annual,1735,0,0,1,1,2,0,0,,0
A-684255,2024-06,2024-06-30,2,active,4,S-070d42,1127,Pro,23,False,annual,2715,0,0,0,0,1,0,0,,0
A-684255,2024-07,2024-07-31,3,active,7,S-070d42,1127,Pro,23,False,annual,3866,0,0,1,1,2,0,1,,0
A-684255,2024-08,2024-08-31,4,active,8,S-5df64f,2786,Enterprise,14,False,annual,7953,980,2,0,0,3,1,1,5.00,0
A-684255,2024-09,2024-09-30,5,active,9,S-5df64f,2786,Enterprise,14,False,annual,9744,0,0,0,0,3,2,0,,0
A-684255,2024-10,2024-10-31,6,active,11,S-5df64f,2786,Enterprise,14,False,annual,10864,0,0,0,0,5,4,0,,0
A-684255,2024-11,2024-11-30,7,active,11,S-5df64f,2786,Enterprise,14,False,annual,10864,0,0,0,0,2,2,0,,0
A-684255,2024-12,2024-12-31,8,active,11,S-5df64f,2786,Enterprise,14,False,annual,10864,0,1,0,0,1,0,0,,0
A-6843f2,2024-12,2024-12-31,0,active,9,S-16fb78,4179,Enterprise,21,False,monthly,16520,0,0,0,0,0,0,0,,0
A-68f37c,2023-07,2023-07-31,0,active,1,S-0f3df6,24079,Enterprise,121,False,annual,24079,0,0,0,0,4,0,0,,0
A-68f37c,2023-08,2023-08-31,1,active,3,S-0f3df6,24079,Enterprise,121,False,annual,24875,0,0,0,0,3,1,0,,0
A-68f37c,2023-09,2023-09-30,2,active,3,S-0f3df6,24079,Enterprise,121,False,annual,24875,0,0,0,0,1,1,0,,0
A-68f37c,2023-10,2023-10-31,3,active,3,S-0f3df6,24079,Enterprise,121,False,annual,24875,0,0,0,0,3,1,0,,0
A-68f37c,2023-11,2023-11-30,4,active,3,S-0f3df6,24079,Enterprise,121,False,annual,24875,0,1,0,0,3,0,1,,0
A-68f37c,2023-12,2023-12-31,5,active,4,S-0f3df6,24079,Enterprise,121,False,annual,25414,0,0,0,0,2,1,0,,0
A-68f37c,2024-01,2024-01-31,6,active,4,S-0f3df6,24079,Enterprise,121,False,annual,25414,0,0,0,0,4,2,0,,0
A-68f37c,2024-02,2024-02-29,7,active,7,S-0f3df6,24079,Enterprise,121,False,annual,27680,0,0,1,1,3,3,0,,0
A-68f37c,2024-03,2024-03-31,8,active,8,S-0f3df6,24079,Enterprise,121,False,annual,28953,0,0,0,0,3,2,0,,0
A-68f37c,2024-04,2024-04-30,9,active,9,S-0f3df6,24079,Enterprise,121,False,annual,30739,0,0,0,0,1,1,1,,0
A-68f37c,2024-05,2024-05-31,10,active,9,S-0f3df6,24079,Enterprise,121,False,annual,30739,0,0,1,1,4,3,0,,0
A-68f37c,2024-06,2024-06-30,11,active,8,S-0f3df6,24079,Enterprise,121,False,annual,29943,796,1,1,1,4,3,0,,0
A-68f37c,2024-07,2024-07-31,12,active,8,S-0f3df6,24079,Enterprise,121,False,annual,29943,0,0,0,0,4,2,0,,0
A-68f37c,2024-08,2024-08-31,13,active,9,S-0f3df6,24079,Enterprise,121,False,annual,30678,0,0,0,0,2,2,0,,0
A-68f37c,2024-09,2024-09-30,14,active,9,S-0f3df6,24079,Enterprise,121,False,annual,30678,0,0,0,0,3,2,1,4.00,0
A-68f37c,2024-10,2024-10-31,15,active,10,S-0f3df6,24079,Enterprise,121,False,annual,31474,0,0,0,0,1,1,1,,0
A-68f37c,2024-11,2024-11-30,16,active,10,S-0f3df6,24079,Enterprise,121,False,annual,31474,0,0,0,0,3,3,0,,0
A-68f37c,2024-12,2024-12-31,17,active,10,S-0f3df6,24079,Enterprise,121,False,annual,31474,0,0,1,1,2,2,0,,0
A-692f18,2024-03,2024-03-31,0,active,1,S-fe0bc0,5771,Enterprise,29,False,monthly,5771,0,0,0,0,5,0,0,,1
A-692f18,2024-04,2024-04-30,1,active,2,S-fe0bc0,5771,Enterprise,29,False,monthly,6702,0,0,0,0,3,0,0,,1
A-692f18,2024-05,2024-05-31,2,active,3,S-fe0bc0,5771,Enterprise,29,False,monthly,6996,0,0,0,0,3,0,0,,1
A-692f18,2024-06,2024-06-30,3,active,6,S-fe0bc0,5771,Enterprise,29,False,monthly,9691,0,0,0,0,1,0,0,,1
A-692f18,2024-07,2024-07-31,4,active,9,S-41ca59,7363,Enterprise,37,False,monthly,19035,0,0,0,0,4,0,1,5.00,1
A-692f18,2024-08,2024-08-31,5,active,12,S-41ca59,7363,Enterprise,37,False,monthly,22798,0,0,0,0,4,3,0,,1
A-692f18,2024-09,2024-09-30,6,active,14,S-41ca59,7363,Enterprise,37,False,monthly,22798,0,0,0,0,3,3,0,,1
A-692f18,2024-10,2024-10-31,7,active,15,S-41ca59,7363,Enterprise,37,False,monthly,22988,0,0,0,0,5,5,0,,1
A-692f18,2024-11,2024-11-30,8,active,15,S-41ca59,7363,Enterprise,37,False,monthly,22988,0,0,0,0,1,1,1,,1
A-692f18,2024-12,2024-12-31,9,active,16,S-41ca59,7363,Enterprise,37,False,monthly,24978,5572,1,1,1,5,5,0,,1
A-6965e1,2024-11,2024-11-30,0,inactive,0,,0,,0,,,0,0,0,0,0,1,0,0,,0
A-6965e1,2024-12,2024-12-31,1,active,12,S-bf893c,7562,Enterprise,38,False,monthly,27765,0,0,1,3,2,1,0,,0
A-69b156,2023-11,2023-11-30,0,inactive,0,,0,,0,,,0,0,0,0,0,3,0,0,,1
A-69b156,2023-12,2023-12-31,1,active,1,S-624857,1393,Enterprise,7,False,monthly,1393,0,0,0,0,0,0,0,,1
A-69b156,2024-01,2024-01-31,2,active,2,S-807d87,5572,Enterprise,28,False,annual,6965,0,0,0,0,5,1,0,,1
A-69b156,2024-02,2024-02-29,3,active,2,S-807d87,5572,Enterprise,28,False,annual,6965,0,0,0,0,0,0,1,,1
A-69b156,2024-03,2024-03-31,4,active,2,S-807d87,5572,Enterprise,28,False,annual,6965,0,0,0,0,2,1,0,,1
A-69b156,2024-04,2024-04-30,5,active,3,S-807d87,5572,Enterprise,28,False,annual,7308,0,0,0,0,2,0,0,,1
A-69b156,2024-05,2024-05-31,6,active,3,S-807d87,5572,Enterprise,28,False,annual,7308,0,0,0,0,4,1,0,,1
A-69b156,2024-06,2024-06-30,7,active,4,S-807d87,5572,Enterprise,28,False,annual,9895,0,0,0,0,2,0,1,4.00,1
A-69b156,2024-07,2024-07-31,8,active,3,S-807d87,5572,Enterprise,28,False,annual,9552,343,1,0,0,1,1,1,5.00,1
A-69b156,2024-08,2024-08-31,9,active,3,S-807d87,5572,Enterprise,28,False,annual,9552,0,0,0,0,3,1,1,3.00,1
A-69b156,2024-09,2024-09-30,10,active,4,S-807d87,5572,Enterprise,28,False,annual,12139,0,0,0,0,0,0,1,4.00,1
A-69b156,2024-10,2024-10-31,11,active,6,S-807d87,5572,Enterprise,28,False,annual,13798,0,0,0,0,0,0,0,,1
A-69b156,2024-11,2024-11-30,12,active,7,S-807d87,5572,Enterprise,28,False,annual,13798,0,0,0,0,0,0,0,,1
A-69b156,2024-12,2024-12-31,13,active,7,S-807d87,5572,Enterprise,28,False,annual,13798,152,1,0,0,2,2,0,,1
A-69fad4,2023-04,2023-04-30,0,inactive,0,,0,,0,,,0,0,0,0,0,2,0,0,,1
A-69fad4,2023-05,2023-05-31,1,inactive,0,,0,,0,,,0,0,0,0,0,1,0,0,,1
A-69fad4,2023-06,2023-06-30,2,inactive,0,,0,,0,,,0,0,0,0,0,3,0,0,,1
A-69fad4,2023-07,2023-07-31,3,active,1,S-23281c,285,Basic,15,False,monthly,285,0,0,0,0,4,0,1,,1
A-69fad4,2023-08,2023-08-31,4,active,1,S-23281c,285,Basic,15,False,monthly,285,0,0,0,0,1,0,0,,1
A-69fad4,2023-09,2023-09-30,5,active,3,S-2d4edf,1194,Enterprise,6,False,annual,2144,0,0,0,0,1,0,1,4.00,1
A-69fad4,2023-10,2023-10-31,6,active,3,S-2d4edf,1194,Enterprise,6,False,annual,2144,0,0,0,0,2,0,0,,1
A-69fad4,2023-11,2023-11-30,7,active,3,S-2d4edf,1194,Enterprise,6,False,annual,2144,0,0,0,0,2,1,0,,1
A-69fad4,2023-12,2023-12-31,8,active,4,S-fffeb8,1990,Enterprise,10,False,annual,4134,0,0,0,0,3,1,0,,1
A-69fad4,2024-01,2024-01-31,9,active,4,S-fffeb8,1990,Enterprise,10,False,annual,4134,0,0,0,0,1,1,0,,1
A-69fad4,2024-02,2024-02-29,10,active,5,S-1d63bf,4378,Enterprise,22,False,monthly,8056,665,1,0,0,1,0,0,,1
A-69fad4,2024-03,2024-03-31,11,active,6,S-1d63bf,4378,Enterprise,22,False,monthly,8056,0,0,0,0,1,1,0,,1
A-69fad4,2024-04,2024-04-30,12,active,6,S-1d63bf,4378,Enterprise,22,False,monthly,8056,0,0,0,0,0,0,0,,1
A-69fad4,2024-05,2024-05-31,13,active,6,S-1d63bf,4378,Enterprise,22,False,monthly,8056,0,0,0,0,0,0,0,,1
A-69fad4,2024-06,2024-06-30,14,active,6,S-1d63bf,4378,Enterprise,22,False,monthly,8056,0,0,1,1,1,1,0,,1
A-69fad4,2024-07,2024-07-31,15,active,6,S-1d63bf,4378,Enterprise,22,False,monthly,8056,0,0,0,0,2,2,1,3.00,1
A-69fad4,2024-08,2024-08-31,16,active,5,S-fffeb8,1990,Enterprise,10,False,annual,3678,4378,1,0,0,1,1,0,,1
A-69fad4,2024-09,2024-09-30,17,active,5,S-fffeb8,1990,Enterprise,10,False,annual,3678,0,0,0,0,0,0,1,4.00,1
A-69fad4,2024-10,2024-10-31,18,active,5,S-fffeb8,1990,Enterprise,10,False,annual,3678,0,0,0,0,1,1,0,,1
A-69fad4,2024-11,2024-11-30,19,active,5,S-fffeb8,1990,Enterprise,10,False,annual,3678,0,0,0,0,4,2,0,,1
A-69fad4,2024-12,2024-12-31,20,active,5,S-fffeb8,1990,Enterprise,10,False,annual,3678,0,0,0,0,2,2,0,,1
A-6a4e2d,2023-04,2023-04-30,0,inactive,0,,0,,0,,,0,0,0,0,0,1,0,0,,0
A-6a4e2d,2023-05,2023-05-31,1,active,1,S-9b8421,0,Pro,56,True,annual,0,0,0,0,0,2,0,0,,0
A-6a4e2d,2023-06,2023-06-30,2,active,1,S-9b8421,0,Pro,56,True,annual,0,0,0,0,0,2,1,0,,0
A-6a4e2d,2023-07,2023-07-31,3,active,3,S-2b504d,1791,Enterprise,9,False,annual,2817,0,0,0,0,4,0,0,,0
A-6a4e2d,2023-08,2023-08-31,4,active,4,S-3092cb,4378,Enterprise,22,False,annual,7195,0,0,0,0,1,0,0,,0
A-6a4e2d,2023-09,2023-09-30,5,active,4,S-3092cb,4378,Enterprise,22,False,annual,7195,0,0,0,0,2,0,0,,0
A-6a4e2d,2023-10,2023-10-31,6,active,4,S-3092cb,4378,Enterprise,22,False,annual,7195,0,0,0,0,4,1,0,,0
A-6a4e2d,2023-11,2023-11-30,7,active,5,S-3092cb,4378,Enterprise,22,False,annual,7461,0,0,0,0,0,0,0,,0
A-6a4e2d,2023-12,2023-12-31,8,active,6,S-3092cb,4378,Enterprise,22,False,annual,8245,0,0,0,0,2,0,0,,0
A-6a4e2d,2024-01,2024-01-31,9,active,7,S-3092cb,4378,Enterprise,22,False,annual,8416,0,0,0,0,3,3,0,,0
A-6a4e2d,2024-02,2024-02-29,10,active,7,S-3092cb,4378,Enterprise,22,False,annual,8416,0,0,0,0,3,1,0,,0
A-6a4e2d,2024-03,2024-03-31,11,active,8,S-3092cb,4378,Enterprise,22,False,annual,8834,0,0,0,0,4,3,0,,0
A-6a4e2d,2024-04,2024-04-30,12,active,9,S-3092cb,4378,Enterprise,22,False,annual,9214,0,0,0,0,2,1,1,4.00,0
A-6a4e2d,2024-05,2024-05-31,13,active,9,S-3092cb,4378,Enterprise,22,False,annual,9214,0,0,0,0,5,5,0,,0
A-6a4e2d,2024-06,2024-06-30,14,active,9,S-3092cb,4378,Enterprise,22,False,annual,9214,0,0,0,0,3,3,0,,0
A-6a4e2d,2024-07,2024-07-31,15,active,8,S-3092cb,4378,Enterprise,22,False,annual,9214,0,1,1,1,4,4,0,,0
A-6a4e2d,2024-08,2024-08-31,16,active,8,S-3092cb,4378,Enterprise,22,False,annual,9214,0,0,0,0,1,1,0,,0
A-6a4e2d,2024-09,2024-09-30,17,active,9,S-3092cb,4378,Enterprise,22,False,annual,9708,0,0,0,0,1,1,1,5.00,0
A-6a4e2d,2024-10,2024-10-31,18,active,10,S-3092cb,4378,Enterprise,22,False,annual,10394,0,0,0,0,4,4,0,,0
A-6a4e2d,2024-11,2024-11-30,19,active,8,S-3092cb,4378,Enterprise,22,False,annual,9537,857,2,0,0,2,2,0,,0
A-6a4e2d,2024-12,2024-12-31,20,active,8,S-3092cb,4378,Enterprise,22,False,annual,9537,0,0,0,0,3,2,0,,0
A-6a7c9d,2024-10,2024-10-31,0,inactive,0,,0,,0,,,0,0,0,0,0,1,0,0,,1
A-6a7c9d,2024-11,2024-11-30,1,active,2,S-a0a5e3,5174,Enterprise,26,False,monthly,10348,0,0,1,2,1,0,0,,1
A-6a7c9d,2024-12,2024-12-31,2,active,4,S-a0a5e3,5174,Enterprise,26,False,monthly,12135,893,1,0,0,1,1,0,,1
A-6c093d,2023-04,2023-04-30,0,active,1,S-0ff481,285,Basic,15,False,annual,285,0,0,0,0,1,0,0,,0
A-6c093d,2023-05,2023-05-31,1,active,1,S-0ff481,285,Basic,15,False,annual,285,0,0,0,0,2,0,0,,0
A-6c093d,2023-06,2023-06-30,2,active,1,S-0ff481,285,Basic,15,False,annual,285,0,0,0,0,1,0,0,,0
A-6c093d,2023-07,2023-07-31,3,active,1,S-0ff481,285,Basic,15,False,annual,285,0,0,0,0,2,0,0,,0
A-6c093d,2023-08,2023-08-31,4,active,2,S-d66d63,637,Pro,13,False,annual,922,0,0,0,0,5,1,0,,0
A-6c093d,2023-09,2023-09-30,5,active,3,S-d66d63,637,Pro,13,False,annual,922,0,0,0,0,1,0,0,,0
A-6c093d,2023-10,2023-10-31,6,active,3,S-d66d63,637,Pro,13,False,annual,922,0,0,0,0,3,1,0,,0
A-6c093d,2023-11,2023-11-30,7,active,3,S-d66d63,637,Pro,13,False,annual,922,0,0,0,0,1,0,0,,0
A-6c093d,2023-12,2023-12-31,8,active,3,S-d66d63,637,Pro,13,False,annual,922,0,0,0,0,2,0,0,,0
A-6c093d,2024-01,2024-01-31,9,active,4,S-d66d63,637,Pro,13,False,annual,1055,0,0,0,0,7,5,0,,0
A-6c093d,2024-02,2024-02-29,10,active,4,S-d66d63,637,Pro,13,False,annual,1055,0,0,0,0,3,0,0,,0
A-6c093d,2024-03,2024-03-31,11,active,6,S-77c22b,1393,Enterprise,7,False,annual,2791,0,0,0,0,7,1,0,,0
A-6c093d,2024-04,2024-04-30,12,active,6,S-77c22b,1393,Enterprise,7,False,annual,2791,0,0,0,0,3,2,0,,0
A-6c093d,2024-05,2024-05-31,13,active,7,S-77c22b,1393,Enterprise,7,False,annual,3076,0,0,0,0,1,1,1,5.00,0
A-6c093d,2024-06,2024-06-30,14,active,7,S-77c22b,1393,Enterprise,7,False,annual,3076,0,0,0,0,0,0,0,,0
A-6c093d,2024-07,2024-07-31,15,active,8,S-d1350e,12139,Enterprise,61,False,annual,15728,0,1,0,0,1,0,1,,0
A-6c093d,2024-08,2024-08-31,16,active,8,S-d1350e,12139,Enterprise,61,False,annual,15728,0,0,0,0,3,2,0,,0
A-6c093d,2024-09,2024-09-30,17,active,8,S-d1350e,12139,Enterprise,61,False,annual,15728,343,1,0,0,3,1,0,,0
A-6c093d,2024-10,2024-10-31,18,active,9,S-d1350e,12139,Enterprise,61,False,annual,15899,0,0,0,0,3,3,0,,0
A-6c093d,2024-11,2024-11-30,19,active,8,S-d1350e,12139,Enterprise,61,False,annual,15556,343,1,0,0,1,1,0,,0
A-6c093d,2024-12,2024-12-31,20,active,9,S-d1350e,12139,Enterprise,61,False,annual,15556,0,0,0,0,6,3,0,,0
A-6da850,2023-10,2023-10-31,0,active,1,S-f553b5,1666,Pro,34,False,monthly,1666,0,0,0,0,3,0,0,,0
A-6da850,2023-11,2023-11-30,1,active,1,S-f553b5,1666,Pro,34,False,monthly,1666,0,0,0,0,3,0,0,,0
A-6da850,2023-12,2023-12-31,2,active,2,S-f553b5,1666,Pro,34,False,monthly,1911,0,0,0,0,2,1,0,,0
A-6da850,2024-01,2024-01-31,3,active,4,S-f553b5,1666,Pro,34,False,monthly,3381,0,0,1,1,3,0,0,,0
A-6da850,2024-02,2024-02-29,4,active,6,S-f553b5,1666,Pro,34,False,monthly,3723,0,0,0,0,2,0,0,,0
A-6da850,2024-03,2024-03-31,5,active,6,S-f553b5,1666,Pro,34,False,monthly,3723,0,0,0,0,2,0,0,,0
A-6da850,2024-04,2024-04-30,6,active,8,S-f553b5,1666,Pro,34,False,monthly,3951,0,0,0,0,5,2,0,,0
A-6da850,2024-05,2024-05-31,7,active,8,S-f553b5,1666,Pro,34,False,monthly,3951,0,0,0,0,0,0,0,,0
A-6da850,2024-06,2024-06-30,8,active,9,S-dd220e,7363,Enterprise,37,False,monthly,11314,0,0,0,0,4,1,0,,0
A-6da850,2024-07,2024-07-31,9,active,9,S-dd220e,7363,Enterprise,37,False,monthly,11314,0,0,0,0,1,1,0,,0
A-6da850,2024-08,2024-08-31,10,active,10,S-dd220e,7363,Enterprise,37,False,monthly,11314,0,0,0,0,3,1,0,,0
A-6da850,2024-09,2024-09-30,11,active,11,S-dd220e,7363,Enterprise,37,False,monthly,11559,0,0,1,1,4,1,0,,0
A-6da850,2024-10,2024-10-31,12,active,13,S-dd220e,7363,Enterprise,37,False,monthly,18053,0,0,1,1,0,0,0,,0
A-6da850,2024-11,2024-11-30,13,active,14,S-dd220e,7363,Enterprise,37,False,monthly,18445,0,0,0,0,1,1,1,,0
A-6da850,2024-12,2024-12-31,14,active,14,S-dd220e,7363,Enterprise,37,False,monthly,16648,2025,3,0,0,2,2,1,4.00,0
A-6dee43,2023-08,2023-08-31,0,inactive,0,,0,,0,,,0,0,0,0,0,3,0,0,,0
A-6dee43,2023-09,2023-09-30,1,inactive,0,,0,,0,,,0,0,0,0,0,2,0,0,,0
A-6dee43,2023-10,2023-10-31,2,active,2,S-108caf,2388,Enterprise,12,False,annual,2502,0,0,0,0,6,1,1,3.00,0
A-6dee43,2023-11,2023-11-30,3,active,2,S-108caf,2388,Enterprise,12,False,annual,2502,0,0,0,0,2,0,1,5.00,0
A-6dee43,2023-12,2023-12-31,4,active,2,S-108caf,2388,Enterprise,12,False,annual,2502,0,0,0,0,0,0,0,,0
A-6dee43,2024-01,2024-01-31,5,active,3,S-108caf,2388,Enterprise,12,False,annual,2730,0,0,1,1,3,0,0,,0
A-6dee43,2024-02,2024-02-29,6,active,3,S-108caf,2388,Enterprise,12,False,annual,2730,0,0,0,0,2,0,0,,0
A-6dee43,2024-03,2024-03-31,7,active,4,S-108caf,2388,Enterprise,12,False,annual,2787,0,0,0,0,2,0,0,,0
A-6dee43,2024-04,2024-04-30,8,active,6,S-37bdb4,15920,Enterprise,80,False,annual,18854,0,0,0,0,2,0,0,,0
A-6dee43,2024-05,2024-05-31,9,active,8,S-37bdb4,15920,Enterprise,80,False,annual,19638,0,0,0,0,2,2,0,,0
A-6dee43,2024-06,2024-06-30,10,active,8,S-37bdb4,15920,Enterprise,80,False,annual,19638,0,0,0,0,2,1,0,,0
A-6dee43,2024-07,2024-07-31,11,active,9,S-37bdb4,15920,Enterprise,80,False,annual,20075,0,0,0,0,0,0,1,,0
A-6dee43,2024-08,2024-08-31,12,active,10,S-37bdb4,15920,Enterprise,80,False,annual,22770,0,0,0,0,4,4,0,,0
A-6dee43,2024-09,2024-09-30,13,active,10,S-37bdb4,15920,Enterprise,80,False,annual,22770,0,0,0,0,1,0,0,,0
A-6dee43,2024-10,2024-10-31,14,active,10,S-37bdb4,15920,Enterprise,80,False,annual,20075,2695,1,0,0,2,2,0,,0
A-6dee43,2024-11,2024-11-30,15,active,10,S-37bdb4,15920,Enterprise,80,False,annual,20075,0,0,0,0,1,1,1,,0
A-6dee43,2024-12,2024-12-31,16,active,10,S-37bdb4,15920,Enterprise,80,False,annual,20075,0,0,0,0,0,0,0,,0
A-6e08f3,2023-02,2023-02-28,0,inactive,0,,0,,0,,,0,0,0,0,0,1,0,0,,0
A-6e08f3,2023-03,2023-03-31,1,inactive,0,,0,,0,,,0,0,0,0,0,3,0,0,,0
A-6e08f3,2023-04,2023-04-30,2,inactive,0,,0,,0,,,0,0,0,0,0,2,0,1,3.00,0
A-6e08f3,2023-05,2023-05-31,3,inactive,0,,0,,0,,,0,0,0,0,0,0,0,0,,0
A-6e08f3,2023-06,2023-06-30,4,inactive,0,,0,,0,,,0,0,0,0,0,1,0,0,,0
A-6e08f3,2023-07,2023-07-31,5,active,1,S-ca0eb1,0,Enterprise,24,True,monthly,0,0,0,0,0,1,0,0,,0
A-6e08f3,2023-08,2023-08-31,6,active,1,S-ca0eb1,0,Enterprise,24,True,monthly,0,0,0,0,0,3,0,0,,0
A-6e08f3,2023-09,2023-09-30,7,active,1,S-ca0eb1,0,Enterprise,24,True,monthly,0,0,0,0,0,2,0,0,,0
A-6e08f3,2023-10,2023-10-31,8,active,1,S-ca0eb1,0,Enterprise,24,True,monthly,0,0,0,0,0,1,1,0,,0
A-6e08f3,2023-11,2023-11-30,9,active,1,S-ca0eb1,0,Enterprise,24,True,monthly,0,0,0,0,0,3,1,0,,0
A-6e08f3,2023-12,2023-12-31,10,active,1,S-ca0eb1,0,Enterprise,24,True,monthly,0,0,0,0,0,2,0,0,,0
A-6e08f3,2024-01,2024-01-31,11,active,1,S-ca0eb1,0,Enterprise,24,True,monthly,0,0,0,0,0,5,0,0,,0
A-6e08f3,2024-02,2024-02-29,12,active,4,S-c419d6,4776,Enterprise,24,False,annual,6965,0,0,1,1,2,0,0,,0
A-6e08f3,2024-03,2024-03-31,13,active,4,S-c419d6,4776,Enterprise,24,False,annual,6965,0,0,0,0,2,1,0,,0
A-6e08f3,2024-04,2024-04-30,14,active,4,S-c419d6,4776,Enterprise,24,False,annual,6965,0,0,0,0,3,1,0,,0
A-6e08f3,2024-05,2024-05-31,15,active,5,S-c419d6,4776,Enterprise,24,False,annual,10945,0,0,0,0,1,0,0,,0
A-6e08f3,2024-06,2024-06-30,16,active,5,S-c419d6,4776,Enterprise,24,False,annual,10945,0,0,0,0,0,0,0,,0
A-6e08f3,2024-07,2024-07-31,17,active,7,S-c419d6,4776,Enterprise,24,False,annual,11489,0,0,0,0,0,0,0,,0
A-6e08f3,2024-08,2024-08-31,18,active,8,S-c419d6,4776,Enterprise,24,False,annual,12371,0,0,0,0,2,1,1,4.00,0
A-6e08f3,2024-09,2024-09-30,19,active,8,S-c419d6,4776,Enterprise,24,False,annual,12371,0,0,0,0,4,4,0,,0
A-6e08f3,2024-10,2024-10-31,20,active,8,S-c419d6,4776,Enterprise,24,False,annual,12371,0,0,0,0,2,1,0,,0
A-6e08f3,2024-11,2024-11-30,21,active,8,S-c419d6,4776,Enterprise,24,False,annual,12371,0,0,0,0,5,4,0,,0
A-6e08f3,2024-12,2024-12-31,22,active,10,S-3b9ad8,5572,Enterprise,28,False,monthly,18190,0,0,0,0,2,2,0,,0
A-6e7827,2023-03,2023-03-31,0,inactive,0,,0,,0,,,0,0,0,0,0,1,0,0,,0
A-6e7827,2023-04,2023-04-30,1,inactive,0,,0,,0,,,0,0,0,0,0,3,0,0,,0
A-6e7827,2023-05,2023-05-31,2,inactive,0,,0,,0,,,0,0,0,0,0,3,0,0,,0
A-6e7827,2023-06,2023-06-30,3,active,1,S-49e3e5,171,Basic,9,False,monthly,171,0,0,0,0,0,0,0,,0
A-6e7827,2023-07,2023-07-31,4,active,1,S-49e3e5,171,Basic,9,False,monthly,171,0,0,0,0,3,0,0,,0
A-6e7827,2023-08,2023-08-31,5,active,2,S-798707,392,Pro,8,False,annual,563,0,0,0,0,0,0,0,,0
A-6e7827,2023-09,2023-09-30,6,active,2,S-798707,392,Pro,8,False,annual,563,0,0,1,1,3,1,0,,0
A-6e7827,2023-10,2023-10-31,7,active,2,S-798707,392,Pro,8,False,annual,563,0,0,0,0,1,0,0,,0
A-6e7827,2023-11,2023-11-30,8,active,3,S-798707,392,Pro,8,False,annual,612,0,0,0,0,1,0,0,,0
A-6e7827,2023-12,2023-12-31,9,active,3,S-798707,392,Pro,8,False,annual,612,0,0,0,0,1,0,0,,0
A-6e7827,2024-01,2024-01-31,10,active,3,S-798707,392,Pro,8,False,annual,612,0,0,0,0,1,0,0,,0
A-6e7827,2024-02,2024-02-29,11,active,3,S-798707,392,Pro,8,False,annual,612,0,0,0,0,2,0,0,,0
A-6e7827,2024-03,2024-03-31,12,active,4,S-bdf4de,398,Enterprise,2,False,annual,1010,0,0,0,0,3,2,0,,0
A-6e7827,2024-04,2024-04-30,13,active,6,S-cd13b5,1715,Pro,35,False,monthly,2872,0,0,1,1,0,0,0,,0
A-6e7827,2024-05,2024-05-31,14,active,6,S-cd13b5,1715,Pro,35,False,monthly,2872,0,0,0,0,1,0,0,,0
A-6e7827,2024-06,2024-06-30,15,active,6,S-cd13b5,1715,Pro,35,False,monthly,2872,0,0,0,0,2,1,0,,0
A-6e7827,2024-07,2024-07-31,16,active,6,S-cd13b5,1715,Pro,35,False,monthly,2872,0,0,0,0,3,2,0,,0
A-6e7827,2024-08,2024-08-31,17,active,7,S-741431,2189,Enterprise,11,False,monthly,5061,0,0,0,0,3,1,0,,0
A-6e7827,2024-09,2024-09-30,18,active,7,S-741431,2189,Enterprise,11,False,monthly,5061,0,0,0,0,2,0,1,3.00,0
A-6e7827,2024-10,2024-10-31,19,active,7,S-741431,2189,Enterprise,11,False,monthly,5061,2450,1,0,0,2,1,0,,0
A-6e7827,2024-11,2024-11-30,20,active,7,S-741431,2189,Enterprise,11,False,monthly,5061,0,0,0,0,2,2,1,4.00,0
A-6e7827,2024-12,2024-12-31,21,active,8,S-741431,2189,Enterprise,11,False,monthly,5894,0,0,0,0,1,1,0,,0
A-6f50ae,2023-09,2023-09-30,0,inactive,0,,0,,0,,,0,0,0,0,0,4,0,0,,1
A-6f50ae,2023-10,2023-10-31,1,inactive,0,,0,,0,,,0,0,0,0,0,1,0,0,,1
A-6f50ae,2023-11,2023-11-30,2,active,2,S-3ad221,361,Basic,19,False,monthly,361,0,0,1,1,3,0,0,,1
A-6f50ae,2023-12,2023-12-31,3,active,2,S-3ad221,361,Basic,19,False,monthly,361,0,0,0,0,2,0,0,,1
A-6f50ae,2024-01,2024-01-31,4,active,4,S-c03f87,3781,Enterprise,19,False,annual,4503,0,0,0,0,5,1,0,,1
A-6f50ae,2024-02,2024-02-29,5,active,4,S-c03f87,3781,Enterprise,19,False,annual,4503,0,0,1,1,3,1,0,,1
A-6f50ae,2024-03,2024-03-31,6,active,5,S-c03f87,3781,Enterprise,19,False,annual,4864,0,0,0,0,2,0,0,,1
A-6f50ae,2024-04,2024-04-30,7,active,6,S-c03f87,3781,Enterprise,19,False,annual,4864,0,0,0,0,5,2,0,,1
A-6f50ae,2024-05,2024-05-31,8,active,8,S-c03f87,3781,Enterprise,19,False,annual,6156,0,0,0,0,3,2,0,,1
A-6f50ae,2024-06,2024-06-30,9,active,9,S-f0c3f6,9950,Enterprise,50,False,annual,16106,0,0,0,0,4,3,0,,1
A-6f50ae,2024-07,2024-07-31,10,active,11,S-f0c3f6,9950,Enterprise,50,False,annual,18115,0,0,0,0,1,1,0,,1
A-6f50ae,2024-08,2024-08-31,11,active,11,S-f0c3f6,9950,Enterprise,50,False,annual,18115,0,0,0,0,4,3,1,5.00,1
A-6f50ae,2024-09,2024-09-30,12,active,12,S-f0c3f6,9950,Enterprise,50,False,annual,19046,0,0,0,0,6,4,0,,1
A-6f50ae,2024-10,2024-10-31,13,active,12,S-f0c3f6,9950,Enterprise,50,False,annual,19046,0,0,0,0,4,2,1,4.00,1
A-6f50ae,2024-11,2024-11-30,14,active,13,S-f0c3f6,9950,Enterprise,50,False,annual,22827,0,0,0,0,4,4,2,4.00,1
A-6f50ae,2024-12,2024-12-31,15,active,14,S-f0c3f6,9950,Enterprise,50,False,annual,26608,0,0,0,0,3,3,0,,1
A-6f8ad2,2024-07,2024-07-31,0,active,1,S-fe0c52,0,Basic,29,True,monthly,0,0,0,0,0,5,2,0,,0
A-6f8ad2,2024-08,2024-08-31,1,active,6,S-43c2e3,6965,Enterprise,35,False,monthly,17744,0,0,0,0,5,0,0,,0
A-6f8ad2,2024-09,2024-09-30,2,active,10,S-43c2e3,6965,Enterprise,35,False,monthly,20619,0,0,0,0,6,3,0,,0
A-6f8ad2,2024-10,2024-10-31,3,active,12,S-43c2e3,6965,Enterprise,35,False,monthly,21915,882,2,0,0,6,4,0,,0
A-6f8ad2,2024-11,2024-11-30,4,active,12,S-43c2e3,6965,Enterprise,35,False,monthly,21915,0,0,0,0,2,2,2,5.00,0
A-6f8ad2,2024-12,2024-12-31,5,active,15,S-43c2e3,6965,Enterprise,35,False,monthly,25046,0,0,0,0,4,3,0,,0
A-700ade,2024-10,2024-10-31,0,inactive,0,,0,,0,,,0,0,0,0,0,2,0,0,,0
A-700ade,2024-11,2024-11-30,1,active,6,S-e27e43,9552,Enterprise,48,False,monthly,15876,0,0,0,0,0,0,1,,0
A-700ade,2024-12,2024-12-31,2,active,7,S-e27e43,9552,Enterprise,48,False,monthly,15084,3016,2,0,0,0,0,0,,0
A-702032,2023-10,2023-10-31,0,inactive,0,,0,,0,,,0,0,0,0,0,2,0,0,,0
A-702032,2023-11,2023-11-30,1,inactive,0,,0,,0,,,0,0,0,0,0,0,0,0,,0
A-702032,2023-12,2023-12-31,2,inactive,0,,0,,0,,,0,0,0,0,0,1,0,0,,0
A-702032,2024-01,2024-01-31,3,inactive,0,,0,,0,,,0,0,0,0,0,0,0,0,,0
A-702032,2024-02,2024-02-29,4,inactive,0,,0,,0,,,0,0,0,0,0,0,0,0,,0
A-702032,2024-03,2024-03-31,5,inactive,0,,0,,0,,,0,0,0,0,0,1,0,0,,0
A-702032,2024-04,2024-04-30,6,active,1,S-2de449,5572,Enterprise,28,False,annual,5572,0,0,1,1,1,0,0,,0
A-702032,2024-05,2024-05-31,7,active,1,S-2de449,5572,Enterprise,28,False,annual,5572,0,0,0,0,2,0,0,,0
A-702032,2024-06,2024-06-30,8,active,1,S-2de449,5572,Enterprise,28,False,annual,5572,0,0,1,1,0,0,0,,0
A-702032,2024-07,2024-07-31,9,active,2,S-2de449,5572,Enterprise,28,False,annual,5572,0,0,0,0,1,0,2,3.00,0
A-702032,2024-08,2024-08-31,10,active,2,S-2de449,5572,Enterprise,28,False,annual,5572,0,0,0,0,1,1,0,,0
A-702032,2024-09,2024-09-30,11,active,2,S-2de449,5572,Enterprise,28,False,annual,5572,0,0,0,0,2,0,0,,0
A-702032,2024-10,2024-10-31,12,active,2,S-2de449,5572,Enterprise,28,False,annual,6104,0,1,0,0,2,1,0,,0
A-702032,2024-11,2024-11-30,13,active,3,S-2de449,5572,Enterprise,28,False,annual,6636,0,0,0,0,0,0,0,,0
A-702032,2024-12,2024-12-31,14,active,4,S-2de449,5572,Enterprise,28,False,annual,7168,1372,1,0,0,1,1,0,,0
A-712426,2024-11,2024-11-30,0,active,5,S-af8f54,1791,Enterprise,9,False,monthly,3530,0,0,1,2,2,0,0,,0
A-712426,2024-12,2024-12-31,1,active,13,S-9b623b,2587,Enterprise,13,False,annual,8671,2526,2,1,1,1,1,1,4.00,0
A-712533,2023-07,2023-07-31,0,inactive,0,,0,,0,,,0,0,0,0,0,1,0,1,3.00,0
A-712533,2023-08,2023-08-31,1,active,1,S-6c877e,0,Enterprise,18,True,monthly,0,0,0,0,0,0,0,0,,0
A-712533,2023-09,2023-09-30,2,active,1,S-6c877e,0,Enterprise,18,True,monthly,0,0,0,0,0,2,1,0,,0
A-712533,2023-10,2023-10-31,3,active,1,S-6c877e,0,Enterprise,18,True,monthly,0,0,0,0,0,4,1,0,,0
A-712533,2023-11,2023-11-30,4,active,3,S-24a63d,684,Basic,36,False,annual,1026,0,0,0,0,0,0,0,,0
A-712533,2023-12,2023-12-31,5,active,3,S-24a63d,684,Basic,36,False,annual,1026,0,0,0,0,3,0,0,,0
A-712533,2024-01,2024-01-31,6,active,5,S-80c291,3582,Enterprise,18,False,annual,5686,0,0,0,0,3,3,0,,0
A-712533,2024-02,2024-02-29,7,active,5,S-80c291,3582,Enterprise,18,False,annual,5686,0,0,0,0,2,0,0,,0
A-712533,2024-03,2024-03-31,8,active,5,S-80c291,3582,Enterprise,18,False,annual,5686,0,0,0,0,3,1,0,,0
A-712533,2024-04,2024-04-30,9,active,6,S-80c291,3582,Enterprise,18,False,annual,5686,0,0,0,0,4,2,0,,0
A-712533,2024-05,2024-05-31,10,active,6,S-80c291,3582,Enterprise,18,False,annual,5686,0,0,0,0,2,0,1,5.00,0
A-712533,2024-06,2024-06-30,11,active,6,S-80c291,3582,Enterprise,18,False,annual,5686,0,0,0,0,2,1,0,,0
A-712533,2024-07,2024-07-31,12,active,7,S-b3f236,3582,Enterprise,18,False,monthly,9268,0,0,1,1,2,0,0,,0
A-712533,2024-08,2024-08-31,13,active,7,S-b3f236,3582,Enterprise,18,False,monthly,9268,0,0,0,0,0,0,1,3.00,0
A-712533,2024-09,2024-09-30,14,active,7,S-b3f236,3582,Enterprise,18,False,monthly,9268,0,0,0,0,2,1,0,,0
A-712533,2024-10,2024-10-31,15,active,9,S-b3f236,3582,Enterprise,18,False,monthly,14462,0,0,0,0,2,1,1,4.00,0
A-712533,2024-11,2024-11-30,16,active,11,S-e1ee60,3582,Enterprise,18,False,monthly,18500,0,0,0,0,4,3,1,,0
A-712533,2024-12,2024-12-31,17,active,12,S-e1ee60,3582,Enterprise,18,False,monthly,19382,0,0,0,0,3,3,0,,0
A-712f1c,2023-12,2023-12-31,0,inactive,0,,0,,0,,,0,0,0,0,0,4,0,0,,1
A-712f1c,2024-01,2024-01-31,1,active,3,S-54d2a3,3383,Enterprise,17,False,monthly,3839,0,0,0,0,1,0,0,,1
A-712f1c,2024-02,2024-02-29,2,active,4,S-76e7d9,8756,Enterprise,44,False,monthly,12595,0,0,0,0,2,0,1,4.00,1
A-712f1c,2024-03,2024-03-31,3,active,5,S-4fc5ca,14925,Enterprise,75,False,annual,27520,0,0,0,0,4,2,0,,1
A-712f1c,2024-04,2024-04-30,4,active,7,S-4fc5ca,14925,Enterprise,75,False,annual,31785,0,0,0,0,5,4,0,,1
A-712f1c,2024-05,2024-05-31,5,active,9,S-4fc5ca,14925,Enterprise,75,False,annual,33970,0,0,0,0,1,0,0,,1
A-712f1c,2024-06,2024-06-30,6,active,9,S-4fc5ca,14925,Enterprise,75,False,annual,33970,0,0,0,0,0,0,0,,1
A-712f1c,2024-07,2024-07-31,7,active,8,S-4fc5ca,14925,Enterprise,75,False,annual,30587,3383,1,0,0,3,0,0,,1
A-712f1c,2024-08,2024-08-31,8,active,8,S-4fc5ca,14925,Enterprise,75,False,annual,30587,0,0,0,0,4,3,1,,1
A-712f1c,2024-09,2024-09-30,9,active,8,S-4fc5ca,14925,Enterprise,75,False,annual,30587,0,0,0,0,2,1,0,,1
A-712f1c,2024-10,2024-10-31,10,active,9,S-4fc5ca,14925,Enterprise,75,False,annual,31420,0,0,1,1,1,0,0,,1
A-712f1c,2024-11,2024-11-30,11,active,9,S-4fc5ca,14925,Enterprise,75,False,annual,31420,0,0,0,0,2,1,0,,1
A-712f1c,2024-12,2024-12-31,12,active,11,S-4fc5ca,14925,Enterprise,75,False,annual,39616,0,0,0,0,3,3,0,,1
A-71615e,2024-05,2024-05-31,0,inactive,0,,0,,0,,,0,0,0,0,0,1,0,0,,0
A-71615e,2024-06,2024-06-30,1,active,1,S-d30894,2985,Enterprise,15,False,annual,2985,0,0,0,0,3,0,0,,0
A-71615e,2024-07,2024-07-31,2,active,3,S-17fb4d,2985,Enterprise,15,False,monthly,6255,0,0,1,1,3,0,0,,0
A-71615e,2024-08,2024-08-31,3,active,6,S-d238c2,10945,Enterprise,55,False,annual,19699,0,0,0,0,5,2,0,,0
A-71615e,2024-09,2024-09-30,4,active,7,S-d238c2,10945,Enterprise,55,False,annual,26067,0,0,0,0,2,1,0,,0
A-71615e,2024-10,2024-10-31,5,active,10,S-d238c2,10945,Enterprise,55,False,annual,28038,0,0,0,0,4,3,0,,0
A-71615e,2024-11,2024-11-30,6,active,12,S-820711,11940,Enterprise,60,False,annual,39978,0,0,0,0,3,3,0,,0
A-71615e,2024-12,2024-12-31,7,active,13,S-820711,11940,Enterprise,60,False,annual,40713,0,0,0,0,3,3,0,,0
A-716841,2024-05,2024-05-31,0,active,3,S-dd5a4c,3059,Basic,161,False,annual,5264,0,0,0,0,1,0,0,,0
A-716841,2024-06,2024-06-30,1,active,3,S-dd5a4c,3059,Basic,161,False,annual,5264,0,0,0,0,3,1,0,,0
A-716841,2024-07,2024-07-31,2,active,3,S-dd5a4c,3059,Basic,161,False,annual,5264,0,0,0,0,2,1,0,,0
A-716841,2024-08,2024-08-31,3,active,3,S-dd5a4c,3059,Basic,161,False,annual,5264,0,0,0,0,2,1,0,,0
A-716841,2024-09,2024-09-30,4,active,5,S-dd5a4c,3059,Basic,161,False,annual,7469,0,0,0,0,0,0,0,,0
A-716841,2024-10,2024-10-31,5,active,6,S-dd5a4c,3059,Basic,161,False,annual,8324,0,0,0,0,0,0,0,,0
A-716841,2024-11,2024-11-30,6,active,7,S-76c065,8955,Enterprise,45,False,annual,17279,0,0,1,1,1,1,0,,0
A-716841,2024-12,2024-12-31,7,active,8,S-83c56d,8955,Enterprise,45,False,monthly,26234,0,0,0,0,2,2,0,,0
A-726cfa,2023-07,2023-07-31,0,active,1,S-207191,980,Pro,20,False,annual,980,0,0,0,0,8,0,0,,0
A-726cfa,2023-08,2023-08-31,1,active,3,S-fdc415,5970,Enterprise,30,False,annual,8420,0,0,0,0,3,2,1,4.00,0
A-726cfa,2023-09,2023-09-30,2,active,4,S-fdc415,5970,Enterprise,30,False,annual,9449,0,0,0,0,3,1,0,,0
A-726cfa,2023-10,2023-10-31,3,active,4,S-fdc415,5970,Enterprise,30,False,annual,9449,0,0,0,0,5,0,0,,0
A-726cfa,2023-11,2023-11-30,4,active,6,S-fdc415,5970,Enterprise,30,False,annual,10527,0,0,0,0,4,0,0,,0
A-726cfa,2023-12,2023-12-31,5,active,7,S-fdc415,5970,Enterprise,30,False,annual,10527,0,0,0,0,7,2,1,,0
A-726cfa,2024-01,2024-01-31,6,active,9,S-fdc415,5970,Enterprise,30,False,annual,11135,0,0,0,0,2,1,0,,0
A-726cfa,2024-02,2024-02-29,7,active,10,S-fdc415,5970,Enterprise,30,False,annual,11591,0,0,0,0,1,0,0,,0
A-726cfa,2024-03,2024-03-31,8,active,11,S-fdc415,5970,Enterprise,30,False,annual,13780,0,0,0,0,5,4,0,,0
A-726cfa,2024-04,2024-04-30,9,active,11,S-fdc415,5970,Enterprise,30,False,annual,13780,0,0,0,0,7,2,0,,0
A-726cfa,2024-05,2024-05-31,10,active,12,S-fdc415,5970,Enterprise,30,False,annual,14319,0,0,0,0,5,4,0,,0
A-726cfa,2024-06,2024-06-30,11,active,12,S-fdc415,5970,Enterprise,30,False,annual,14319,0,0,0,0,2,1,0,,0
A-726cfa,2024-07,2024-07-31,12,active,12,S-fdc415,5970,Enterprise,30,False,annual,14946,0,1,0,0,3,0,0,,0
A-726cfa,2024-08,2024-08-31,13,active,14,S-fdc415,5970,Enterprise,30,False,annual,20785,0,0,1,1,4,4,1,4.00,0
A-726cfa,2024-09,2024-09-30,14,active,15,S-fdc415,5970,Enterprise,30,False,annual,20785,0,0,0,0,4,2,0,,0
A-726cfa,2024-10,2024-10-31,15,active,15,S-fdc415,5970,Enterprise,30,False,annual,20785,0,0,0,0,3,3,0,,0
A-726cfa,2024-11,2024-11-30,16,active,17,S-c38acd,6169,Enterprise,31,False,monthly,27220,0,0,0,0,4,3,0,,0
A-726cfa,2024-12,2024-12-31,17,active,17,S-fa0d9e,7562,Enterprise,38,False,monthly,34243,539,1,0,0,5,4,0,,0
A-72799b,2023-11,2023-11-30,0,active,2,S-3ef584,3980,Enterprise,20,False,annual,3980,0,0,0,0,0,0,0,,1
A-72799b,2023-12,2023-12-31,1,active,3,S-3ef584,3980,Enterprise,20,False,annual,4360,0,0,0,0,2,1,0,,1
A-72799b,2024-01,2024-01-31,2,active,3,S-3ef584,3980,Enterprise,20,False,annual,4360,0,0,0,0,0,0,1,4.00,1
A-72799b,2024-02,2024-02-29,3,active,3,S-3ef584,3980,Enterprise,20,False,annual,4360,0,0,0,0,2,1,0,,1
A-72799b,2024-03,2024-03-31,4,active,4,S-3ef584,3980,Enterprise,20,False,annual,5340,0,0,0,0,1,0,0,,1
A-72799b,2024-04,2024-04-30,5,active,6,S-3ef584,3980,Enterprise,20,False,annual,6366,0,0,0,0,4,1,0,,1
A-72799b,2024-05,2024-05-31,6,active,7,S-f61f42,3980,Enterprise,20,False,monthly,10346,0,0,1,1,4,3,0,,1
A-72799b,2024-06,2024-06-30,7,active,7,S-f61f42,3980,Enterprise,20,False,monthly,10346,0,0,0,0,4,3,0,,1
A-72799b,2024-07,2024-07-31,8,active,7,S-f61f42,3980,Enterprise,20,False,monthly,10346,0,0,0,0,3,3,0,,1
A-72799b,2024-08,2024-08-31,9,active,8,S-d2d423,3980,Enterprise,20,False,monthly,14326,0,0,0,0,0,0,0,,1
A-72799b,2024-09,2024-09-30,10,active,9,S-d2d423,3980,Enterprise,20,False,monthly,14326,380,1,0,0,0,0,1,5.00,1
A-72799b,2024-10,2024-10-31,11,active,9,S-d2d423,3980,Enterprise,20,False,monthly,16935,0,0,0,0,1,1,0,,1
A-72799b,2024-11,2024-11-30,12,active,9,S-d2d423,3980,Enterprise,20,False,monthly,16935,0,0,0,0,3,3,0,,1
A-72799b,2024-12,2024-12-31,13,active,9,S-d2d423,3980,Enterprise,20,False,monthly,16935,0,0,0,0,2,2,0,,1
A-751bd4,2024-07,2024-07-31,0,inactive,0,,0,,0,,,0,0,0,0,0,1,0,0,,0
A-751bd4,2024-08,2024-08-31,1,inactive,0,,0,,0,,,0,0,0,0,0,0,0,0,,0
A-751bd4,2024-09,2024-09-30,2,active,1,S-4eabfc,190,Basic,10,False,monthly,190,0,0,1,1,0,0,0,,0
A-751bd4,2024-10,2024-10-31,3,active,2,S-4eabfc,190,Basic,10,False,monthly,190,0,0,0,0,0,0,1,4.00,0
A-751bd4,2024-11,2024-11-30,4,active,2,S-4eabfc,190,Basic,10,False,monthly,190,0,0,0,0,2,2,1,5.00,0
A-751bd4,2024-12,2024-12-31,5,active,2,S-4eabfc,190,Basic,10,False,monthly,190,0,0,0,0,1,1,0,,0
A-751c58,2024-07,2024-07-31,0,active,1,S-4d2011,2985,Enterprise,15,False,annual,2985,0,0,0,0,4,0,0,,0
A-751c58,2024-08,2024-08-31,1,active,4,S-4d2011,2985,Enterprise,15,False,annual,5337,0,0,0,0,1,0,1,,0
A-751c58,2024-09,2024-09-30,2,active,7,S-aede24,2985,Enterprise,15,False,annual,10869,0,0,1,1,3,0,0,,0
A-751c58,2024-10,2024-10-31,3,active,8,S-aede24,2985,Enterprise,15,False,annual,13074,0,0,0,0,2,1,0,,0
A-751c58,2024-11,2024-11-30,4,active,8,S-aede24,2985,Enterprise,15,False,annual,13074,0,0,1,1,3,3,1,5.00,0
A-751c58,2024-12,2024-12-31,5,active,11,S-2aaca3,5174,Enterprise,26,False,monthly,19597,0,0,1,1,3,3,0,,0
A-756192,2023-06,2023-06-30,0,inactive,0,,0,,0,,,0,0,0,0,0,1,0,0,,0
A-756192,2023-07,2023-07-31,1,inactive,0,,0,,0,,,0,0,0,0,0,3,0,0,,0
A-756192,2023-08,2023-08-31,2,inactive,0,,0,,0,,,0,0,0,0,0,1,0,0,,0
A-756192,2023-09,2023-09-30,3,active,1,S-9a0b2f,0,Pro,19,True,monthly,0,0,0,0,0,2,0,0,,0
A-756192,2023-10,2023-10-31,4,active,2,S-f5d8ce,931,Pro,19,False,monthly,931,0,0,0,0,1,0,0,,0
A-756192,2023-11,2023-11-30,5,active,2,S-f5d8ce,931,Pro,19,False,monthly,931,0,0,0,0,5,0,0,,0
A-756192,2023-12,2023-12-31,6,active,2,S-f5d8ce,931,Pro,19,False,monthly,931,0,0,0,0,5,2,0,,0
A-756192,2024-01,2024-01-31,7,active,2,S-f5d8ce,931,Pro,19,False,monthly,931,0,0,0,0,1,1,0,,0
A-756192,2024-02,2024-02-29,8,active,2,S-f5d8ce,931,Pro,19,False,monthly,931,0,0,0,0,4,1,0,,0
A-756192,2024-03,2024-03-31,9,active,2,S-f5d8ce,931,Pro,19,False,monthly,931,0,0,0,0,4,2,0,,0
A-756192,2024-04,2024-04-30,10,active,2,S-f5d8ce,931,Pro,19,False,monthly,931,0,0,0,0,0,0,0,,0
A-756192,2024-05,2024-05-31,11,active,2,S-f5d8ce,931,Pro,19,False,monthly,931,0,0,0,0,3,1,0,,0
A-756192,2024-06,2024-06-30,12,active,4,S-43b137,7761,Enterprise,39,False,annual,13667,0,0,0,0,3,1,1,3.00,0
A-756192,2024-07,2024-07-31,13,active,5,S-43b137,7761,Enterprise,39,False,annual,17448,0,0,0,0,3,1,0,,0
A-756192,2024-08,2024-08-31,14,active,6,S-43b137,7761,Enterprise,39,False,annual,18740,0,0,0,0,3,1,0,,0
A-756192,2024-09,2024-09-30,15,active,7,S-43b137,7761,Enterprise,39,False,annual,18740,0,0,0,0,2,2,0,,0
A-756192,2024-10,2024-10-31,16,active,7,S-43b137,7761,Enterprise,39,False,annual,18740,0,0,0,0,3,1,0,,0
A-756192,2024-11,2024-11-30,17,active,9,S-43b137,7761,Enterprise,39,False,annual,19538,0,0,0,0,1,0,0,,0
A-756192,2024-12,2024-12-31,18,active,10,S-43b137,7761,Enterprise,39,False,annual,21400,0,0,0,0,2,2,0,,0
A-7641d3,2023-02,2023-02-28,0,inactive,0,,0,,0,,,0,0,0,0,0,1,0,2,5.00,1
A-7641d3,2023-03,2023-03-31,1,inactive,0,,0,,0,,,0,0,0,0,0,1,0,1,5.00,1
A-7641d3,2023-04,2023-04-30,2,active,2,S-b3613a,1592,Enterprise,8,False,monthly,1744,0,0,0,0,5,1,0,,1
A-7641d3,2023-05,2023-05-31,3,active,2,S-b3613a,1592,Enterprise,8,False,monthly,1744,0,0,0,0,3,0,0,,1
A-7641d3,2023-06,2023-06-30,4,active,2,S-b3613a,1592,Enterprise,8,False,monthly,1744,0,0,0,0,3,2,0,,1
A-7641d3,2023-07,2023-07-31,5,active,2,S-b3613a,1592,Enterprise,8,False,monthly,1744,0,0,0,0,1,0,0,,1
A-7641d3,2023-08,2023-08-31,6,active,2,S-b3613a,1592,Enterprise,8,False,monthly,1744,0,0,0,0,3,0,0,,1
A-7641d3,2023-09,2023-09-30,7,active,2,S-b3613a,1592,Enterprise,8,False,monthly,1744,0,0,0,0,2,1,0,,1
A-7641d3,2023-10,2023-10-31,8,active,3,S-b3613a,1592,Enterprise,8,False,monthly,1744,0,0,0,0,1,0,0,,1
A-7641d3,2023-11,2023-11-30,9,active,3,S-b3613a,1592,Enterprise,8,False,monthly,1744,0,0,1,1,1,0,0,,1
A-7641d3,2023-12,2023-12-31,10,active,3,S-b3613a,1592,Enterprise,8,False,monthly,1744,0,0,0,0,2,2,1,,1
A-7641d3,2024-01,2024-01-31,11,active,3,S-b3613a,1592,Enterprise,8,False,monthly,1744,0,0,0,0,4,1,0,,1
A-7641d3,2024-02,2024-02-29,12,active,3,S-b3613a,1592,Enterprise,8,False,monthly,1744,0,0,0,0,0,0,0,,1
A-7641d3,2024-03,2024-03-31,13,active,4,S-b3613a,1592,Enterprise,8,False,monthly,1744,0,0,0,0,1,0,0,,1
A-7641d3,2024-04,2024-04-30,14,active,4,S-b3613a,1592,Enterprise,8,False,monthly,1744,0,0,0,0,2,0,0,,1
A-7641d3,2024-05,2024-05-31,15,active,7,S-f8d74d,2786,Enterprise,14,False,monthly,7705,0,0,0,0,2,2,0,,1
A-7641d3,2024-06,2024-06-30,16,active,8,S-f8d74d,2786,Enterprise,14,False,monthly,8097,0,0,1,1,1,0,0,,1
A-7641d3,2024-07,2024-07-31,17,active,8,S-f8d74d,2786,Enterprise,14,False,monthly,8097,0,0,0,0,4,4,0,,1
A-7641d3,2024-08,2024-08-31,18,active,9,S-6b3ac8,2989,Pro,61,False,monthly,11086,0,0,0,0,3,3,0,,1
A-7641d3,2024-09,2024-09-30,19,active,9,S-6b3ac8,2989,Pro,61,False,monthly,11086,0,0,0,0,2,2,0,,1
A-7641d3,2024-10,2024-10-31,20,active,9,S-6b3ac8,2989,Pro,61,False,monthly,11086,0,0,0,0,2,2,0,,1
A-7641d3,2024-11,2024-11-30,21,active,11,S-6b3ac8,2989,Pro,61,False,monthly,12060,0,0,0,0,3,2,0,,1
A-7641d3,2024-12,2024-12-31,22,active,11,S-6b3ac8,2989,Pro,61,False,monthly,12060,0,0,0,0,2,2,1,3.00,1
A-76fa4d,2024-11,2024-11-30,0,active,3,S-6dff9e,13731,Enterprise,69,False,monthly,30843,0,0,1,1,3,0,0,,0
A-76fa4d,2024-12,2024-12-31,1,active,6,S-e6ce29,13731,Enterprise,69,False,monthly,61686,13731,2,1,1,2,0,1,4.00,0
A-779e4e,2023-01,2023-01-31,0,active,2,S-18356d,3582,Enterprise,18,False,annual,3753,0,0,0,0,5,0,1,3.00,0
A-779e4e,2023-02,2023-02-28,1,active,3,S-18356d,3582,Enterprise,18,False,annual,4684,0,0,0,0,4,2,0,,0
A-779e4e,2023-03,2023-03-31,2,active,4,S-18356d,3582,Enterprise,18,False,annual,5713,0,0,0,0,3,1,1,,0
A-779e4e,2023-04,2023-04-30,3,active,4,S-18356d,3582,Enterprise,18,False,annual,5713,0,0,0,0,4,3,0,,0
A-779e4e,2023-05,2023-05-31,4,active,4,S-18356d,3582,Enterprise,18,False,annual,5713,0,0,0,0,1,0,0,,0
A-779e4e,2023-06,2023-06-30,5,active,4,S-18356d,3582,Enterprise,18,False,annual,5713,0,0,0,0,1,0,0,,0
A-779e4e,2023-07,2023-07-31,6,active,5,S-295bac,11542,Enterprise,58,False,monthly,17255,0,0,0,0,4,2,2,4.00,0
A-779e4e,2023-08,2023-08-31,7,active,5,S-295bac,11542,Enterprise,58,False,monthly,17255,0,0,0,0,1,1,0,,0
A-779e4e,2023-09,2023-09-30,8,active,5,S-295bac,11542,Enterprise,58,False,monthly,17255,0,0,0,0,1,0,0,,0
A-779e4e,2023-10,2023-10-31,9,active,5,S-295bac,11542,Enterprise,58,False,monthly,17255,0,0,0,0,0,0,0,,0
A-779e4e,2023-11,2023-11-30,10,active,5,S-295bac,11542,Enterprise,58,False,monthly,23488,931,1,0,0,0,0,0,,0
A-779e4e,2023-12,2023-12-31,11,active,5,S-295bac,11542,Enterprise,58,False,monthly,23488,0,0,0,0,1,1,0,,0
A-779e4e,2024-01,2024-01-31,12,active,5,S-295bac,11542,Enterprise,58,False,monthly,23488,0,0,0,0,0,0,0,,0
A-779e4e,2024-02,2024-02-29,13,active,5,S-295bac,11542,Enterprise,58,False,monthly,23488,0,0,0,0,3,2,0,,0
A-779e4e,2024-03,2024-03-31,14,active,5,S-295bac,11542,Enterprise,58,False,monthly,23488,0,0,0,0,3,2,0,,0
A-779e4e,2024-04,2024-04-30,15,active,5,S-295bac,11542,Enterprise,58,False,monthly,23488,0,0,0,0,1,0,0,,0
A-779e4e,2024-05,2024-05-31,16,active,5,S-295bac,11542,Enterprise,58,False,monthly,23488,0,0,0,0,1,0,0,,0
A-779e4e,2024-06,2024-06-30,17,active,5,S-295bac,11542,Enterprise,58,False,monthly,23488,0,0,0,0,0,0,0,,0
A-779e4e,2024-07,2024-07-31,18,active,7,S-295bac,11542,Enterprise,58,False,monthly,24927,0,0,0,0,4,3,0,,0
A-779e4e,2024-08,2024-08-31,19,active,7,S-295bac,11542,Enterprise,58,False,monthly,24927,0,0,0,0,0,0,0,,0
A-779e4e,2024-09,2024-09-30,20,active,9,S-295bac,11542,Enterprise,58,False,monthly,27150,0,0,0,0,3,1,0,,0
A-779e4e,2024-10,2024-10-31,21,active,8,S-295bac,11542,Enterprise,58,False,monthly,19986,7164,1,0,0,3,3,0,,0
A-779e4e,2024-11,2024-11-30,22,active,8,S-295bac,11542,Enterprise,58,False,monthly,19986,0,0,0,0,0,0,1,5.00,0
A-779e4e,2024-12,2024-12-31,23,active,8,S-295bac,11542,Enterprise,58,False,monthly,19986,0,0,0,0,1,1,0,,0
A-781cc0,2024-09,2024-09-30,0,active,6,S-d32441,2388,Enterprise,12,False,annual,10426,0,0,0,0,7,1,0,,0
A-781cc0,2024-10,2024-10-31,1,active,11,S-3ce79c,4378,Enterprise,22,False,monthly,15735,0,0,1,1,5,2,0,,0
A-781cc0,2024-11,2024-11-30,2,active,13,S-3ce79c,4378,Enterprise,22,False,monthly,14327,3760,2,0,0,5,3,0,,0
A-781cc0,2024-12,2024-12-31,3,active,14,S-3ce79c,4378,Enterprise,22,False,monthly,14555,0,0,1,1,4,4,1,3.00,0
A-78f02b,2024-11,2024-11-30,0,active,2,S-e702a4,3582,Enterprise,18,False,annual,5771,0,0,0,0,1,0,0,,0
A-78f02b,2024-12,2024-12-31,1,active,4,S-acf8ce,8771,Pro,179,False,monthly,15081,0,0,1,2,0,0,0,,0
A-7920cc,2023-11,2023-11-30,0,active,2,S-565c4b,741,Basic,39,False,annual,741,0,0,0,0,4,0,0,,0
A-7920cc,2023-12,2023-12-31,1,active,3,S-45c2cf,741,Basic,39,False,monthly,1482,0,0,0,0,2,1,0,,0
A-7920cc,2024-01,2024-01-31,2,active,4,S-45c2cf,741,Basic,39,False,monthly,1482,0,0,0,0,3,0,0,,0
A-7920cc,2024-02,2024-02-29,3,active,7,S-3ed1f5,7761,Enterprise,39,False,monthly,10725,0,0,0,0,6,1,0,,0
A-7920cc,2024-03,2024-03-31,4,active,8,S-885aa7,10746,Enterprise,54,False,annual,21471,0,0,0,0,0,0,1,3.00,0
A-7920cc,2024-04,2024-04-30,5,active,8,S-885aa7,10746,Enterprise,54,False,annual,21471,0,0,0,0,1,0,0,,0
A-7920cc,2024-05,2024-05-31,6,active,8,S-885aa7,10746,Enterprise,54,False,annual,21471,0,0,0,0,2,1,0,,0
A-7920cc,2024-06,2024-06-30,7,active,9,S-885aa7,10746,Enterprise,54,False,annual,23382,0,0,0,0,2,0,0,,0
A-7920cc,2024-07,2024-07-31,8,active,12,S-885aa7,10746,Enterprise,54,False,annual,33795,0,0,0,0,1,1,0,,0
A-7920cc,2024-08,2024-08-31,9,active,12,S-885aa7,10746,Enterprise,54,False,annual,33795,0,0,0,0,2,2,0,,0
A-7920cc,2024-09,2024-09-30,10,active,13,S-885aa7,10746,Enterprise,54,False,annual,34536,0,0,0,0,2,2,0,,0
A-7920cc,2024-10,2024-10-31,11,active,14,S-885aa7,10746,Enterprise,54,False,annual,36447,0,0,0,0,3,2,2,,0
A-7920cc,2024-11,2024-11-30,12,active,15,S-885aa7,10746,Enterprise,54,False,annual,38358,0,0,0,0,4,2,0,,0
A-7920cc,2024-12,2024-12-31,13,active,16,S-b7d290,13731,Enterprise,69,False,annual,52089,0,0,0,0,4,4,0,,0
A-794a0b,2023-06,2023-06-30,0,inactive,0,,0,,0,,,0,0,0,0,0,0,0,0,,0
A-794a0b,2023-07,2023-07-31,1,inactive,0,,0,,0,,,0,0,0,0,0,1,0,0,,0
A-794a0b,2023-08,2023-08-31,2,active,1,S-f7e37f,0,Pro,23,True,annual,0,0,0,0,0,0,0,0,,0
A-794a0b,2023-09,2023-09-30,3,active,1,S-f7e37f,0,Pro,23,True,annual,0,0,0,0,0,3,0,0,,0
A-794a0b,2023-10,2023-10-31,4,active,1,S-f7e37f,0,Pro,23,True,annual,0,0,0,0,0,2,0,0,,0
A-794a0b,2023-11,2023-11-30,5,active,1,S-f7e37f,0,Pro,23,True,annual,0,0,0,0,0,0,0,0,,0
A-794a0b,2023-12,2023-12-31,6,active,2,S-973625,437,Basic,23,False,annual,437,0,0,0,0,2,0,0,,0
A-794a0b,2024-01,2024-01-31,7,active,2,S-973625,437,Basic,23,False,annual,437,0,0,0,0,1,0,0,,0
A-794a0b,2024-02,2024-02-29,8,active,3,S-509f0d,1715,Pro,35,False,monthly,2152,0,0,0,0,2,1,0,,0
A-794a0b,2024-03,2024-03-31,9,active,3,S-509f0d,1715,Pro,35,False,monthly,2152,0,0,0,0,0,0,0,,0
A-794a0b,2024-04,2024-04-30,10,active,4,S-509f0d,1715,Pro,35,False,monthly,3279,0,0,0,0,1,1,0,,0
A-794a0b,2024-05,2024-05-31,11,active,4,S-509f0d,1715,Pro,35,False,monthly,3279,0,0,0,0,4,2,0,,0
A-794a0b,2024-06,2024-06-30,12,active,6,S-509f0d,1715,Pro,35,False,monthly,4406,0,0,0,0,1,0,0,,0
A-794a0b,2024-07,2024-07-31,13,active,7,S-38ac0c,6169,Enterprise,31,False,monthly,10575,0,0,0,0,1,1,0,,0
A-794a0b,2024-08,2024-08-31,14,active,7,S-38ac0c,6169,Enterprise,31,False,monthly,10575,0,0,0,0,3,3,0,,0
A-794a0b,2024-09,2024-09-30,15,active,7,S-38ac0c,6169,Enterprise,31,False,monthly,10575,0,0,1,1,3,3,0,,0
A-794a0b,2024-10,2024-10-31,16,active,7,S-38ac0c,6169,Enterprise,31,False,monthly,10575,0,0,0,0,2,2,0,,0
A-794a0b,2024-11,2024-11-30,17,active,7,S-38ac0c,6169,Enterprise,31,False,monthly,10575,0,0,0,0,5,5,0,,0
A-794a0b,2024-12,2024-12-31,18,active,7,S-38ac0c,6169,Enterprise,31,False,monthly,10575,0,0,0,0,1,1,0,,0
A-7988d1,2023-12,2023-12-31,0,inactive,0,,0,,0,,,0,0,0,0,0,3,0,0,,0
A-7988d1,2024-01,2024-01-31,1,inactive,0,,0,,0,,,0,0,0,1,1,1,0,0,,0
A-7988d1,2024-02,2024-02-29,2,inactive,0,,0,,0,,,0,0,0,0,0,0,0,0,,0
A-7988d1,2024-03,2024-03-31,3,active,1,S-409beb,0,Basic,33,True,annual,0,0,0,0,0,4,1,0,,0
A-7988d1,2024-04,2024-04-30,4,active,2,S-bc2ca5,627,Basic,33,False,monthly,627,0,0,0,0,2,0,0,,0
A-7988d1,2024-05,2024-05-31,5,active,3,S-5163bd,627,Basic,33,False,annual,1254,0,0,0,0,2,1,0,,0
A-7988d1,2024-06,2024-06-30,6,active,3,S-5163bd,627,Basic,33,False,annual,1254,0,0,1,1,2,1,0,,0
A-7988d1,2024-07,2024-07-31,7,active,4,S-d4e525,627,Basic,33,False,annual,1881,0,0,0,0,1,1,0,,0
A-7988d1,2024-08,2024-08-31,8,active,7,S-6fd24b,6567,Enterprise,33,False,monthly,10065,0,0,0,0,4,3,0,,0
A-7988d1,2024-09,2024-09-30,9,active,8,S-6fd24b,6567,Enterprise,33,False,monthly,10692,0,0,0,0,1,1,1,5.00,0
A-7988d1,2024-10,2024-10-31,10,active,8,S-6fd24b,6567,Enterprise,33,False,monthly,10692,0,0,0,0,4,4,0,,0
A-7988d1,2024-11,2024-11-30,11,active,7,S-6fd24b,6567,Enterprise,33,False,monthly,10065,627,1,0,0,4,4,1,3.00,0
A-7988d1,2024-12,2024-12-31,12,active,8,S-6fd24b,6567,Enterprise,33,False,monthly,10065,0,0,1,1,2,2,0,,0
A-798a3f,2023-10,2023-10-31,0,inactive,0,,0,,0,,,0,0,0,0,0,2,0,0,,1
A-798a3f,2023-11,2023-11-30,1,inactive,0,,0,,0,,,0,0,0,0,0,1,0,0,,1
A-798a3f,2023-12,2023-12-31,2,active,2,S-af4e84,2388,Enterprise,12,False,annual,2977,0,0,0,0,2,0,1,,1
A-798a3f,2024-01,2024-01-31,3,active,2,S-af4e84,2388,Enterprise,12,False,annual,2977,0,0,0,0,2,0,0,,1
A-798a3f,2024-02,2024-02-29,4,active,3,S-af4e84,2388,Enterprise,12,False,annual,2977,0,0,0,0,2,1,0,,1
A-798a3f,2024-03,2024-03-31,5,active,4,S-af4e84,2388,Enterprise,12,False,annual,3775,0,0,0,0,4,3,0,,1
A-798a3f,2024-04,2024-04-30,6,active,3,S-af4e84,2388,Enterprise,12,False,annual,3186,589,1,0,0,3,1,0,,1
A-798a3f,2024-05,2024-05-31,7,active,4,S-bff540,2388,Enterprise,12,False,monthly,5574,0,0,0,0,1,0,1,5.00,1
A-798a3f,2024-06,2024-06-30,8,active,4,S-bff540,2388,Enterprise,12,False,monthly,5574,0,0,0,0,1,0,0,,1
A-798a3f,2024-07,2024-07-31,9,active,5,S-bff540,2388,Enterprise,12,False,monthly,5802,0,0,1,1,0,0,0,,1
A-798a3f,2024-08,2024-08-31,10,active,6,S-8cfc1b,5174,Enterprise,26,False,annual,10976,0,0,0,0,0,0,0,,1
A-798a3f,2024-09,2024-09-30,11,active,7,S-8cfc1b,5174,Enterprise,26,False,annual,10976,0,0,0,0,3,2,0,,1
A-798a3f,2024-10,2024-10-31,12,active,8,S-8cfc1b,5174,Enterprise,26,False,annual,13563,0,0,0,0,2,1,1,4.00,1
A-798a3f,2024-11,2024-11-30,13,active,7,S-8cfc1b,5174,Enterprise,26,False,annual,13563,0,1,0,0,1,1,0,,1
A-798a3f,2024-12,2024-12-31,14,active,7,S-8cfc1b,5174,Enterprise,26,False,annual,13563,0,0,0,0,1,1,0,,1
A-7a0d69,2024-06,2024-06-30,0,inactive,0,,0,,0,,,0,0,0,0,0,1,0,0,,1
A-7a0d69,2024-07,2024-07-31,1,active,1,S-c59d50,0,Basic,40,True,monthly,0,0,0,1,1,2,0,1,,1
A-7a0d69,2024-08,2024-08-31,2,active,3,S-bf4ec8,735,Pro,15,False,monthly,735,0,0,0,0,6,1,0,,1
A-7a0d69,2024-09,2024-09-30,3,active,7,S-bf4ec8,735,Pro,15,False,monthly,1330,0,0,0,0,6,4,0,,1
A-7a0d69,2024-10,2024-10-31,4,active,8,S-1acdd2,5174,Enterprise,26,False,monthly,6504,0,0,0,0,4,3,0,,1
A-7a0d69,2024-11,2024-11-30,5,active,10,S-1acdd2,5174,Enterprise,26,False,monthly,7178,0,0,0,0,1,1,0,,1
A-7a0d69,2024-12,2024-12-31,6,active,11,S-1acdd2,5174,Enterprise,26,False,monthly,10362,0,0,1,2,4,4,0,,1
A-7c4956,2023-05,2023-05-31,0,inactive,0,,0,,0,,,0,0,0,0,0,2,0,0,,1
A-7c4956,2023-06,2023-06-30,1,active,2,S-b84a07,441,Pro,9,False,annual,612,0,0,0,0,4,0,0,,1
A-7c4956,2023-07,2023-07-31,2,active,3,S-b84a07,441,Pro,9,False,annual,707,0,0,0,0,2,0,0,,1
A-7c4956,2023-08,2023-08-31,3,active,3,S-b84a07,441,Pro,9,False,annual,707,0,0,0,0,1,1,0,,1
A-7c4956,2023-09,2023-09-30,4,active,3,S-b84a07,441,Pro,9,False,annual,707,0,0,0,0,2,0,0,,1
A-7c4956,2023-10,2023-10-31,5,active,3,S-b84a07,441,Pro,9,False,annual,707,0,0,0,0,1,0,0,,1
A-7c4956,2023-11,2023-11-30,6,active,4,S-b84a07,441,Pro,9,False,annual,707,95,1,0,0,1,0,0,,1
A-7c4956,2023-12,2023-12-31,7,active,5,S-b5035b,995,Enterprise,5,False,monthly,1607,0,0,0,0,0,0,0,,1
A-7c4956,2024-01,2024-01-31,8,active,5,S-b5035b,995,Enterprise,5,False,monthly,1607,0,0,0,0,2,1,0,,1
A-7c4956,2024-02,2024-02-29,9,active,5,S-b5035b,995,Enterprise,5,False,monthly,1607,0,0,0,0,0,0,0,,1
A-7c4956,2024-03,2024-03-31,10,active,4,S-b5035b,995,Enterprise,5,False,monthly,1607,0,1,0,0,2,2,0,,1
A-7c4956,2024-04,2024-04-30,11,active,4,S-b5035b,995,Enterprise,5,False,monthly,1607,0,0,0,0,3,1,0,,1
A-7c4956,2024-05,2024-05-31,12,active,4,S-b5035b,995,Enterprise,5,False,monthly,1607,0,0,0,0,3,2,0,,1
A-7c4956,2024-06,2024-06-30,13,active,4,S-b5035b,995,Enterprise,5,False,monthly,1607,0,0,0,0,2,1,1,4.00,1
A-7c4956,2024-07,2024-07-31,14,active,4,S-b5035b,995,Enterprise,5,False,monthly,1607,0,0,0,0,1,0,0,,1
A-7c4956,2024-08,2024-08-31,15,active,5,S-02c3e7,1194,Enterprise,6,False,annual,2801,0,0,0,0,3,2,0,,1
A-7c4956,2024-09,2024-09-30,16,active,5,S-02c3e7,1194,Enterprise,6,False,annual,2801,0,0,0,0,1,1,1,,1
A-7c4956,2024-10,2024-10-31,17,active,4,S-02c3e7,1194,Enterprise,6,False,annual,2801,0,1,0,0,3,2,0,,1
A-7c4956,2024-11,2024-11-30,18,active,4,S-02c3e7,1194,Enterprise,6,False,annual,2801,0,0,0,0,1,0,0,,1
A-7c4956,2024-12,2024-12-31,19,active,5,S-02c3e7,1194,Enterprise,6,False,annual,3314,0,0,0,0,2,2,1,,1
A-7c5768,2024-03,2024-03-31,0,active,1,S-c657b6,995,Enterprise,5,False,annual,995,0,0,0,0,3,0,0,,0
A-7c5768,2024-04,2024-04-30,1,active,1,S-c657b6,995,Enterprise,5,False,annual,995,0,0,0,0,3,0,1,,0
A-7c5768,2024-05,2024-05-31,2,active,2,S-c657b6,995,Enterprise,5,False,annual,1147,0,0,0,0,2,1,0,,0
A-7c5768,2024-06,2024-06-30,3,active,2,S-c657b6,995,Enterprise,5,False,annual,1147,0,0,0,0,2,0,0,,0
A-7c5768,2024-07,2024-07-31,4,active,3,S-c657b6,995,Enterprise,5,False,annual,1204,0,0,0,0,2,2,0,,0
A-7c5768,2024-08,2024-08-31,5,active,3,S-c657b6,995,Enterprise,5,False,annual,1204,0,0,0,0,1,0,0,,0
A-7c5768,2024-09,2024-09-30,6,active,5,S-bf806d,1178,Basic,62,False,annual,2382,0,0,0,0,0,0,1,,0
A-7c5768,2024-10,2024-10-31,7,active,7,S-bf806d,1178,Basic,62,False,annual,2439,0,0,0,0,3,2,1,3.00,0
A-7c5768,2024-11,2024-11-30,8,active,8,S-bf806d,1178,Basic,62,False,annual,3389,0,0,0,0,1,1,1,4.00,0
A-7c5768,2024-12,2024-12-31,9,active,9,S-bf806d,1178,Basic,62,False,annual,3389,0,0,0,0,1,1,0,,0
A-7c6b6b,2024-11,2024-11-30,0,inactive,0,,0,,0,,,0,0,0,0,0,0,0,0,,0
A-7c6b6b,2024-12,2024-12-31,1,active,5,S-4ac0bb,1372,Pro,28,False,monthly,3250,1568,2,1,1,1,0,0,,0
A-7c83a1,2024-05,2024-05-31,0,active,3,S-0e9f04,2388,Enterprise,12,False,monthly,5328,0,0,1,1,4,0,0,,0
A-7c83a1,2024-06,2024-06-30,1,active,4,S-83b2ee,5174,Enterprise,26,False,monthly,10502,0,0,0,0,6,0,0,,0
A-7c83a1,2024-07,2024-07-31,2,active,5,S-83b2ee,5174,Enterprise,26,False,monthly,13923,588,1,0,0,2,0,0,,0
A-7c83a1,2024-08,2024-08-31,3,active,5,S-83b2ee,5174,Enterprise,26,False,monthly,13923,0,0,0,0,2,1,0,,0
A-7c83a1,2024-09,2024-09-30,4,active,7,S-83b2ee,5174,Enterprise,26,False,monthly,14511,0,0,0,0,2,2,0,,0
A-7c83a1,2024-10,2024-10-31,5,active,7,S-83b2ee,5174,Enterprise,26,False,monthly,14511,0,0,0,0,3,1,0,,0
A-7c83a1,2024-11,2024-11-30,6,active,9,S-83b2ee,5174,Enterprise,26,False,monthly,14739,228,1,0,0,0,0,0,,0
A-7c83a1,2024-12,2024-12-31,7,active,9,S-775a4f,3781,Enterprise,19,False,monthly,10741,5174,1,0,0,5,4,0,,0
A-7cfe77,2024-07,2024-07-31,0,active,1,S-d48577,3381,Pro,69,False,annual,3381,0,0,0,0,0,0,0,,0
A-7cfe77,2024-08,2024-08-31,1,active,3,S-3311b1,3381,Pro,69,False,monthly,8073,0,0,0,0,0,0,0,,0
A-7cfe77,2024-09,2024-09-30,2,active,3,S-3311b1,3381,Pro,69,False,monthly,8073,0,0,1,1,2,1,0,,0
A-7cfe77,2024-10,2024-10-31,3,active,3,S-3311b1,3381,Pro,69,False,monthly,8073,0,0,0,0,1,1,1,3.00,0
A-7cfe77,2024-11,2024-11-30,4,active,4,S-b11225,3381,Pro,69,False,annual,11454,0,0,0,0,0,0,0,,0
A-7cfe77,2024-12,2024-12-31,5,active,5,S-b11225,3381,Pro,69,False,annual,12765,0,0,1,1,1,1,0,,0
A-7d514c,2024-02,2024-02-29,0,active,1,S-ee3466,0,Enterprise,17,True,monthly,0,0,0,0,0,3,0,0,,0
A-7d514c,2024-03,2024-03-31,1,active,2,S-d97ff1,323,Basic,17,False,monthly,323,0,0,0,0,0,0,2,5.00,0
A-7d514c,2024-04,2024-04-30,2,active,3,S-cfca40,6766,Enterprise,34,False,monthly,7089,0,0,0,0,3,2,0,,0
A-7d514c,2024-05,2024-05-31,3,active,3,S-cfca40,6766,Enterprise,34,False,monthly,7089,0,0,0,0,5,1,0,,0
A-7d514c,2024-06,2024-06-30,4,active,4,S-cfca40,6766,Enterprise,34,False,monthly,7922,0,0,0,0,2,0,0,,0
A-7d514c,2024-07,2024-07-31,5,active,5,S-abddce,8557,Enterprise,43,False,monthly,16479,0,0,0,0,2,2,0,,0
A-7d514c,2024-08,2024-08-31,6,active,5,S-abddce,8557,Enterprise,43,False,monthly,16479,0,0,0,0,1,1,0,,0
A-7d514c,2024-09,2024-09-30,7,active,7,S-abddce,8557,Enterprise,43,False,monthly,19862,0,0,0,0,1,0,0,,0
A-7d514c,2024-10,2024-10-31,8,active,7,S-abddce,8557,Enterprise,43,False,monthly,19862,0,0,0,0,3,1,0,,0
A-7d514c,2024-11,2024-11-30,9,active,7,S-cfca40,6766,Enterprise,34,False,monthly,12334,8557,1,0,0,2,1,0,,0
A-7d514c,2024-12,2024-12-31,10,active,8,S-cfca40,6766,Enterprise,34,False,monthly,15717,0,0,0,0,1,0,1,,0
A-7da956,2024-06,2024-06-30,0,active,2,S-510999,0,Enterprise,13,True,monthly,0,0,0,0,0,1,0,0,,0
A-7da956,2024-07,2024-07-31,1,active,4,S-9bc272,637,Pro,13,False,annual,884,0,0,0,0,3,1,1,,0
A-7da956,2024-08,2024-08-31,2,active,5,S-9bc272,637,Pro,13,False,annual,1131,0,0,0,0,4,4,0,,0
A-7da956,2024-09,2024-09-30,3,active,7,S-632337,2786,Enterprise,14,False,monthly,4164,0,0,0,0,2,2,0,,0
A-7da956,2024-10,2024-10-31,4,active,9,S-632337,2786,Enterprise,14,False,monthly,6751,0,0,0,0,3,3,0,,0
A-7da956,2024-11,2024-11-30,5,active,11,S-808efb,2985,Enterprise,15,False,monthly,10716,247,1,0,0,2,2,0,,0
A-7da956,2024-12,2024-12-31,6,active,10,S-808efb,2985,Enterprise,15,False,monthly,7930,2786,1,0,0,3,3,0,,0
A-7dacce,2024-09,2024-09-30,0,active,3,S-0bdf55,2587,Enterprise,13,False,annual,4975,0,0,1,1,2,2,0,,1
A-7dacce,2024-10,2024-10-31,1,active,3,S-0bdf55,2587,Enterprise,13,False,annual,4975,0,0,0,0,4,2,0,,1
A-7dacce,2024-11,2024-11-30,2,active,9,S-ab476e,13333,Enterprise,67,False,annual,23057,0,0,0,0,2,1,0,,1
A-7dacce,2024-12,2024-12-31,3,active,10,S-ab476e,13333,Enterprise,67,False,annual,23057,0,0,1,2,1,1,0,,1
A-7df7a7,2023-01,2023-01-31,0,inactive,0,,0,,0,,,0,0,0,0,0,4,0,0,,1
A-7df7a7,2023-02,2023-02-28,1,active,1,S-6676fa,343,Pro,7,False,monthly,343,0,0,0,0,4,0,0,,1
A-7df7a7,2023-03,2023-03-31,2,active,2,S-6676fa,343,Pro,7,False,monthly,343,0,0,0,0,4,2,0,,1
A-7df7a7,2023-04,2023-04-30,3,active,2,S-6676fa,343,Pro,7,False,monthly,343,0,0,0,0,1,1,1,5.00,1
A-7df7a7,2023-05,2023-05-31,4,active,2,S-6676fa,343,Pro,7,False,monthly,343,0,0,0,0,4,1,0,,1
A-7df7a7,2023-06,2023-06-30,5,active,4,S-61afee,8955,Enterprise,45,False,monthly,9298,0,0,0,0,7,0,0,,1
A-7df7a7,2023-07,2023-07-31,6,active,4,S-61afee,8955,Enterprise,45,False,monthly,9298,0,0,0,0,5,1,1,4.00,1
A-7df7a7,2023-08,2023-08-31,7,active,4,S-61afee,8955,Enterprise,45,False,monthly,9298,0,0,0,0,2,1,0,,1
A-7df7a7,2023-09,2023-09-30,8,active,6,S-61afee,8955,Enterprise,45,False,monthly,12228,0,0,0,0,4,0,0,,1
A-7df7a7,2023-10,2023-10-31,9,active,7,S-61afee,8955,Enterprise,45,False,monthly,14815,0,0,0,0,3,1,0,,1
A-7df7a7,2023-11,2023-11-30,10,active,7,S-61afee,8955,Enterprise,45,False,monthly,14815,0,0,0,0,4,3,0,,1
A-7df7a7,2023-12,2023-12-31,11,active,8,S-61afee,8955,Enterprise,45,False,monthly,17800,0,0,0,0,4,3,0,,1
A-7df7a7,2024-01,2024-01-31,12,active,7,S-61afee,8955,Enterprise,45,False,monthly,15213,2587,1,0,0,3,0,0,,1
A-7df7a7,2024-02,2024-02-29,13,active,7,S-61afee,8955,Enterprise,45,False,monthly,15213,0,0,0,0,3,1,0,,1
A-7df7a7,2024-03,2024-03-31,14,active,8,S-61afee,8955,Enterprise,45,False,monthly,15556,0,0,0,0,1,0,1,3.00,1
A-7df7a7,2024-04,2024-04-30,15,active,9,S-61afee,8955,Enterprise,45,False,monthly,15689,0,0,0,0,4,2,0,,1
A-7df7a7,2024-05,2024-05-31,16,active,11,S-61afee,8955,Enterprise,45,False,monthly,18475,0,0,0,0,3,1,0,,1
A-7df7a7,2024-06,2024-06-30,17,active,11,S-61afee,8955,Enterprise,45,False,monthly,18475,0,0,0,0,4,4,0,,1
A-7df7a7,2024-07,2024-07-31,18,active,11,S-61afee,8955,Enterprise,45,False,monthly,18475,0,0,1,1,5,3,0,,1
A-7df7a7,2024-08,2024-08-31,19,active,11,S-61afee,8955,Enterprise,45,False,monthly,18475,0,0,0,0,5,5,0,,1
A-7df7a7,2024-09,2024-09-30,20,active,11,S-61afee,8955,Enterprise,45,False,monthly,18475,0,0,0,0,4,2,0,,1
A-7df7a7,2024-10,2024-10-31,21,active,11,S-61afee,8955,Enterprise,45,False,monthly,18475,0,0,0,0,7,5,0,,1
A-7df7a7,2024-11,2024-11-30,22,active,12,S-61afee,8955,Enterprise,45,False,monthly,18608,0,0,0,0,4,4,0,,1
A-7df7a7,2024-12,2024-12-31,23,active,14,S-61afee,8955,Enterprise,45,False,monthly,26568,0,0,0,0,2,2,0,,1
A-7e0a10,2023-11,2023-11-30,0,active,1,S-77befa,874,Basic,46,False,monthly,874,0,0,0,0,2,0,0,,0
A-7e0a10,2023-12,2023-12-31,1,active,3,S-576aec,2254,Pro,46,False,monthly,4002,0,0,0,0,2,0,0,,0
A-7e0a10,2024-01,2024-01-31,2,active,4,S-576aec,2254,Pro,46,False,monthly,4876,0,0,0,0,2,0,1,,0
A-7e0a10,2024-02,2024-02-29,3,active,6,S-78e1c6,9154,Enterprise,46,False,monthly,16284,0,0,0,0,2,0,0,,0
A-7e0a10,2024-03,2024-03-31,4,active,7,S-0ac09f,9154,Enterprise,46,False,monthly,25438,0,0,0,0,2,1,0,,0
A-7e0a10,2024-04,2024-04-30,5,active,7,S-0ac09f,9154,Enterprise,46,False,monthly,25438,0,0,0,0,2,1,0,,0
A-7e0a10,2024-05,2024-05-31,6,active,7,S-0ac09f,9154,Enterprise,46,False,monthly,25438,0,0,0,0,2,0,0,,0
A-7e0a10,2024-06,2024-06-30,7,active,8,S-0ac09f,9154,Enterprise,46,False,monthly,26312,0,0,0,0,0,0,0,,0
A-7e0a10,2024-07,2024-07-31,8,active,9,S-0ac09f,9154,Enterprise,46,False,monthly,27186,0,0,0,0,4,3,0,,0
A-7e0a10,2024-08,2024-08-31,9,active,9,S-0ac09f,9154,Enterprise,46,False,monthly,27186,0,0,0,0,1,1,1,,0
A-7e0a10,2024-09,2024-09-30,10,active,9,S-0ac09f,9154,Enterprise,46,False,monthly,27186,0,0,1,1,1,1,0,,0
A-7e0a10,2024-10,2024-10-31,11,active,9,S-0ac09f,9154,Enterprise,46,False,monthly,27186,0,0,0,0,5,5,0,,0
A-7e0a10,2024-11,2024-11-30,12,active,9,S-0ac09f,9154,Enterprise,46,False,monthly,27186,0,0,0,0,1,1,0,,0
A-7e0a10,2024-12,2024-12-31,13,active,10,S-f030d4,13930,Enterprise,70,False,annual,41116,0,0,0,0,2,1,1,,0
A-7f29a7,2024-09,2024-09-30,0,active,1,S-80af39,779,Basic,41,False,monthly,779,0,0,0,0,3,0,0,,0
A-7f29a7,2024-10,2024-10-31,1,active,3,S-7679b6,2009,Pro,41,False,annual,2788,779,1,1,1,3,2,0,,0
A-7f29a7,2024-11,2024-11-30,2,active,6,S-9e8ce0,2009,Pro,41,False,annual,6355,0,0,0,0,1,0,0,,0
A-7f29a7,2024-12,2024-12-31,3,active,8,S-fcbd92,2009,Pro,41,False,monthly,9143,8938,2,0,0,1,0,0,,0
A-7f4db3,2023-03,2023-03-31,0,active,2,S-0b7eba,1592,Enterprise,8,False,monthly,1788,0,0,1,1,5,0,1,3.00,0
A-7f4db3,2023-04,2023-04-30,1,active,3,S-0b7eba,1592,Enterprise,8,False,monthly,1788,0,0,0,0,4,2,0,,0
A-7f4db3,2023-05,2023-05-31,2,active,3,S-0b7eba,1592,Enterprise,8,False,monthly,1788,0,0,0,0,6,1,1,3.00,0
A-7f4db3,2023-06,2023-06-30,3,active,3,S-0b7eba,1592,Enterprise,8,False,monthly,1788,0,0,0,0,9,0,0,,0
A-7f4db3,2023-07,2023-07-31,4,active,5,S-0b7eba,1592,Enterprise,8,False,monthly,2621,0,0,0,0,1,0,0,,0
A-7f4db3,2023-08,2023-08-31,5,active,5,S-0b7eba,1592,Enterprise,8,False,monthly,2621,0,0,0,0,2,0,0,,0
A-7f4db3,2023-09,2023-09-30,6,active,5,S-0b7eba,1592,Enterprise,8,False,monthly,2621,0,0,0,0,3,1,0,,0
A-7f4db3,2023-10,2023-10-31,7,active,7,S-0b7eba,1592,Enterprise,8,False,monthly,4308,0,0,0,0,4,1,0,,0
A-7f4db3,2023-11,2023-11-30,8,active,7,S-0b7eba,1592,Enterprise,8,False,monthly,4308,0,0,0,0,4,1,0,,0
A-7f4db3,2023-12,2023-12-31,9,active,7,S-0b7eba,1592,Enterprise,8,False,monthly,4308,0,0,0,0,4,2,0,,0
A-7f4db3,2024-01,2024-01-31,10,active,7,S-0b7eba,1592,Enterprise,8,False,monthly,4308,0,0,0,0,1,0,0,,0
A-7f4db3,2024-02,2024-02-29,11,active,7,S-0b7eba,1592,Enterprise,8,False,monthly,4308,0,0,0,0,3,3,0,,0
A-7f4db3,2024-03,2024-03-31,12,active,8,S-0b7eba,1592,Enterprise,8,False,monthly,5092,0,0,0,0,3,2,0,,0
A-7f4db3,2024-04,2024-04-30,13,active,8,S-0b7eba,1592,Enterprise,8,False,monthly,5092,0,0,0,0,4,3,0,,0
A-7f4db3,2024-05,2024-05-31,14,active,8,S-0b7eba,1592,Enterprise,8,False,monthly,5092,0,0,0,0,4,3,1,4.00,0
A-7f4db3,2024-06,2024-06-30,15,active,8,S-f2f40c,8955,Enterprise,45,False,annual,13851,196,1,0,0,0,0,1,3.00,0
A-7f4db3,2024-07,2024-07-31,16,active,8,S-f2f40c,8955,Enterprise,45,False,annual,13851,0,0,0,0,5,1,0,,0
A-7f4db3,2024-08,2024-08-31,17,active,9,S-f2f40c,8955,Enterprise,45,False,annual,17722,0,0,0,0,3,2,1,,0
A-7f4db3,2024-09,2024-09-30,18,active,10,S-f2f40c,8955,Enterprise,45,False,annual,17722,0,0,0,0,4,3,0,,0
A-7f4db3,2024-10,2024-10-31,19,active,11,S-f2f40c,8955,Enterprise,45,False,annual,17722,0,0,0,0,5,3,0,,0
A-7f4db3,2024-11,2024-11-30,20,active,12,S-f2f40c,8955,Enterprise,45,False,annual,21304,0,1,0,0,6,5,0,,0
A-7f4db3,2024-12,2024-12-31,21,active,12,S-f2f40c,8955,Enterprise,45,False,annual,21304,4776,1,0,0,5,5,0,,0
A-7f6b86,2023-08,2023-08-31,0,active,1,S-8f4f5b,0,Pro,45,True,annual,0,0,0,0,0,1,0,0,,1
A-7f6b86,2023-09,2023-09-30,1,active,1,S-8f4f5b,0,Pro,45,True,annual,0,0,0,0,0,2,0,0,,1
A-7f6b86,2023-10,2023-10-31,2,active,3,S-a0c517,2891,Pro,59,False,monthly,3746,0,0,0,0,5,2,0,,1
A-7f6b86,2023-11,2023-11-30,3,active,3,S-a0c517,2891,Pro,59,False,monthly,3746,0,0,0,0,1,0,0,,1
A-7f6b86,2023-12,2023-12-31,4,active,3,S-a0c517,2891,Pro,59,False,monthly,3746,0,0,0,0,1,1,0,,1
A-7f6b86,2024-01,2024-01-31,5,active,4,S-a0c517,2891,Pro,59,False,monthly,5951,0,0,0,0,2,0,0,,1
A-7f6b86,2024-02,2024-02-29,6,active,4,S-a0c517,2891,Pro,59,False,monthly,5951,0,0,0,0,2,1,0,,1
A-7f6b86,2024-03,2024-03-31,7,active,3,S-a0c517,2891,Pro,59,False,monthly,3746,2205,1,0,0,3,1,0,,1
A-7f6b86,2024-04,2024-04-30,8,active,3,S-a0c517,2891,Pro,59,False,monthly,3746,0,0,0,0,1,1,0,,1
A-7f6b86,2024-05,2024-05-31,9,active,4,S-a0c517,2891,Pro,59,False,monthly,4601,0,0,0,0,1,0,0,,1
A-7f6b86,2024-06,2024-06-30,10,active,4,S-a0c517,2891,Pro,59,False,monthly,4601,0,0,0,0,0,0,0,,1
A-7f6b86,2024-07,2024-07-31,11,active,5,S-a0c517,2891,Pro,59,False,monthly,4601,0,0,1,1,4,1,1,,1
A-7f6b86,2024-08,2024-08-31,12,active,5,S-a0c517,2891,Pro,59,False,monthly,4601,0,0,0,0,4,2,0,,1
A-7f6b86,2024-09,2024-09-30,13,active,6,S-f17152,11741,Enterprise,59,False,annual,16342,0,0,0,0,0,0,1,4.00,1
A-7f6b86,2024-10,2024-10-31,14,active,7,S-f17152,11741,Enterprise,59,False,annual,16342,0,0,0,0,2,1,1,,1
A-7f6b86,2024-11,2024-11-30,15,active,7,S-f17152,11741,Enterprise,59,False,annual,16342,0,0,0,0,0,0,0,,1
A-7f6b86,2024-12,2024-12-31,16,active,8,S-f17152,11741,Enterprise,59,False,annual,17197,0,0,0,0,2,2,1,4.00,1
A-7f8241,2023-03,2023-03-31,0,active,1,S-f1cc81,646,Basic,34,False,annual,646,0,0,0,0,4,0,0,,1
A-7f8241,2023-04,2023-04-30,1,active,1,S-f1cc81,646,Basic,34,False,annual,646,0,0,0,0,7,1,0,,1
A-7f8241,2023-05,2023-05-31,2,active,2,S-c985c4,646,Basic,34,False,annual,1292,0,0,0,0,3,0,0,,1
A-7f8241,2023-06,2023-06-30,3,active,3,S-2e4018,6766,Enterprise,34,False,monthly,8058,0,0,0,0,0,0,0,,1
A-7f8241,2023-07,2023-07-31,4,active,4,S-2e4018,6766,Enterprise,34,False,monthly,9724,0,0,0,0,5,2,0,,1
A-7f8241,2023-08,2023-08-31,5,active,5,S-2e4018,6766,Enterprise,34,False,monthly,11390,0,0,0,0,0,0,0,,1
A-7f8241,2023-09,2023-09-30,6,active,7,S-2e4018,6766,Enterprise,34,False,monthly,14722,0,0,0,0,1,0,0,,1
A-7f8241,2023-10,2023-10-31,7,active,8,S-7b7e04,6766,Enterprise,34,False,annual,21488,0,0,0,0,4,2,0,,1
A-7f8241,2023-11,2023-11-30,8,active,9,S-7b7e04,6766,Enterprise,34,False,annual,21488,0,0,0,0,1,0,0,,1
A-7f8241,2023-12,2023-12-31,9,active,10,S-7b7e04,6766,Enterprise,34,False,annual,22134,0,0,0,0,1,0,0,,1
A-7f8241,2024-01,2024-01-31,10,active,11,S-7b7e04,6766,Enterprise,34,False,annual,23274,0,0,0,0,3,1,0,,1
A-7f8241,2024-02,2024-02-29,11,active,11,S-7b7e04,6766,Enterprise,34,False,annual,23274,0,0,0,0,5,2,0,,1
A-7f8241,2024-03,2024-03-31,12,active,11,S-7b7e04,6766,Enterprise,34,False,annual,23274,0,0,0,0,5,3,0,,1
A-7f8241,2024-04,2024-04-30,13,active,11,S-7b7e04,6766,Enterprise,34,False,annual,23274,0,0,0,0,3,3,1,3.00,1
A-7f8241,2024-05,2024-05-31,14,active,11,S-7b7e04,6766,Enterprise,34,False,annual,23274,0,0,0,0,3,2,0,,1
A-7f8241,2024-06,2024-06-30,15,active,12,S-6c7bd8,7164,Enterprise,36,False,monthly,30438,0,0,0,0,1,1,0,,1
A-7f8241,2024-07,2024-07-31,16,active,12,S-6c7bd8,7164,Enterprise,36,False,monthly,30438,0,0,0,0,3,2,0,,1
A-7f8241,2024-08,2024-08-31,17,active,13,S-6c7bd8,7164,Enterprise,36,False,monthly,32104,0,0,0,0,5,5,0,,1
A-7f8241,2024-09,2024-09-30,18,active,13,S-6c7bd8,7164,Enterprise,36,False,monthly,32104,0,0,0,0,2,2,0,,1
A-7f8241,2024-10,2024-10-31,19,active,14,S-6c7bd8,7164,Enterprise,36,False,monthly,32750,0,0,0,0,8,8,0,,1
A-7f8241,2024-11,2024-11-30,20,active,14,S-6c7bd8,7164,Enterprise,36,False,monthly,32750,0,0,0,0,3,3,0,,1
A-7f8241,2024-12,2024-12-31,21,active,15,S-6c7bd8,7164,Enterprise,36,False,monthly,39516,0,0,0,0,1,1,0,,1
A-80eeb6,2023-05,2023-05-31,0,inactive,0,,0,,0,,,0,0,0,0,0,4,0,1,3.00,0
A-80eeb6,2023-06,2023-06-30,1,inactive,0,,0,,0,,,0,0,0,0,0,6,0,0,,0
A-80eeb6,2023-07,2023-07-31,2,active,1,S-1be7c5,646,Basic,34,False,monthly,646,0,0,0,0,3,0,1,5.00,0
A-80eeb6,2023-08,2023-08-31,3,active,4,S-2a6eb3,13532,Enterprise,68,False,monthly,19634,0,0,0,0,3,0,1,3.00,0
A-80eeb6,2023-09,2023-09-30,4,active,4,S-2a6eb3,13532,Enterprise,68,False,monthly,19634,0,0,0,0,2,0,0,,0
A-80eeb6,2023-10,2023-10-31,5,active,5,S-2a6eb3,13532,Enterprise,68,False,monthly,20052,0,0,1,1,6,0,0,,0
A-80eeb6,2023-11,2023-11-30,6,active,5,S-2a6eb3,13532,Enterprise,68,False,monthly,20052,0,0,0,0,5,1,0,,0
A-80eeb6,2023-12,2023-12-31,7,active,5,S-2a6eb3,13532,Enterprise,68,False,monthly,20052,0,0,0,0,2,1,0,,0
A-80eeb6,2024-01,2024-01-31,8,active,5,S-2a6eb3,13532,Enterprise,68,False,monthly,20052,0,0,0,0,1,1,0,,0
A-80eeb6,2024-02,2024-02-29,9,active,8,S-2a6eb3,13532,Enterprise,68,False,monthly,30231,0,0,1,1,3,1,0,,0
A-80eeb6,2024-03,2024-03-31,10,active,8,S-2a6eb3,13532,Enterprise,68,False,monthly,30231,0,0,0,0,2,1,0,,0
A-80eeb6,2024-04,2024-04-30,11,active,9,S-2a6eb3,13532,Enterprise,68,False,monthly,43166,0,0,0,0,2,1,0,,0
A-80eeb6,2024-05,2024-05-31,12,active,10,S-677801,17711,Enterprise,89,False,monthly,60877,0,0,0,0,4,3,0,,0
A-80eeb6,2024-06,2024-06-30,13,active,10,S-677801,17711,Enterprise,89,False,monthly,60877,0,0,0,0,2,1,0,,0
A-80eeb6,2024-07,2024-07-31,14,active,10,S-677801,17711,Enterprise,89,False,monthly,60877,0,0,0,0,3,3,0,,0
A-80eeb6,2024-08,2024-08-31,15,active,9,S-677801,17711,Enterprise,89,False,monthly,55703,5174,1,0,0,0,0,0,,0
A-80eeb6,2024-09,2024-09-30,16,active,11,S-677801,17711,Enterprise,89,False,monthly,56928,0,0,0,0,3,2,0,,0
A-80eeb6,2024-10,2024-10-31,17,active,13,S-677801,17711,Enterprise,89,False,monthly,58519,0,0,0,0,8,6,0,,0
A-80eeb6,2024-11,2024-11-30,18,active,13,S-677801,17711,Enterprise,89,False,monthly,58291,646,1,0,0,3,3,0,,0
A-80eeb6,2024-12,2024-12-31,19,active,14,S-677801,17711,Enterprise,89,False,monthly,62669,4378,1,0,0,4,4,0,,0
A-812c5b,2024-02,2024-02-29,0,inactive,0,,0,,0,,,0,0,0,0,0,3,0,0,,1
A-812c5b,2024-03,2024-03-31,1,inactive,0,,0,,0,,,0,0,0,0,0,4,0,0,,1
A-812c5b,2024-04,2024-04-30,2,active,1,S-ce90ba,0,Pro,55,True,monthly,0,0,0,0,0,5,1,0,,1
A-812c5b,2024-05,2024-05-31,3,active,2,S-bf89e6,6370,Pro,130,False,monthly,6370,0,0,1,1,7,0,0,,1
A-812c5b,2024-06,2024-06-30,4,active,4,S-bf89e6,6370,Pro,130,False,monthly,6370,0,0,0,0,2,0,0,,1
A-812c5b,2024-07,2024-07-31,5,active,6,S-bf89e6,6370,Pro,130,False,monthly,10110,0,0,0,0,4,1,0,,1
A-812c5b,2024-08,2024-08-31,6,active,6,S-bf89e6,6370,Pro,130,False,monthly,10110,0,0,0,0,3,0,1,,1
A-812c5b,2024-09,2024-09-30,7,active,6,S-bf89e6,6370,Pro,130,False,monthly,10110,0,0,0,0,4,2,0,,1
A-812c5b,2024-10,2024-10-31,8,active,8,S-bf89e6,6370,Pro,130,False,monthly,13850,0,0,0,0,3,2,0,,1
A-812c5b,2024-11,2024-11-30,9,active,10,S-bf89e6,6370,Pro,130,False,monthly,16244,0,0,0,0,2,1,0,,1
A-812c5b,2024-12,2024-12-31,10,active,13,S-feccd8,10945,Enterprise,55,False,monthly,29884,0,0,0,0,2,2,0,,1
A-8145a0,2023-04,2023-04-30,0,inactive,0,,0,,0,,,0,0,0,0,0,2,0,0,,0
A-8145a0,2023-05,2023-05-31,1,inactive,0,,0,,0,,,0,0,0,0,0,1,0,0,,0
A-8145a0,2023-06,2023-06-30,2,inactive,0,,0,,0,,,0,0,0,0,0,2,0,0,,0
A-8145a0,2023-07,2023-07-31,3,inactive,0,,0,,0,,,0,0,0,1,1,6,0,0,,0
A-8145a0,2023-08,2023-08-31,4,active,1,S-87e8d3,796,Enterprise,4,False,monthly,796,0,0,0,0,2,0,2,3.00,0
A-8145a0,2023-09,2023-09-30,5,active,2,S-101324,4776,Enterprise,24,False,monthly,5572,0,0,0,0,1,1,0,,0
A-8145a0,2023-10,2023-10-31,6,active,3,S-101324,4776,Enterprise,24,False,monthly,6408,0,0,0,0,4,3,0,,0
A-8145a0,2023-11,2023-11-30,7,active,4,S-101324,4776,Enterprise,24,False,monthly,8199,0,0,0,0,3,0,0,,0
A-8145a0,2023-12,2023-12-31,8,active,4,S-101324,4776,Enterprise,24,False,monthly,8199,0,0,0,0,3,1,0,,0
A-8145a0,2024-01,2024-01-31,9,active,5,S-101324,4776,Enterprise,24,False,monthly,8389,0,0,0,0,3,2,0,,0
A-8145a0,2024-02,2024-02-29,10,active,6,S-2eb247,4975,Enterprise,25,False,monthly,13364,0,0,0,0,1,1,1,,0
A-8145a0,2024-03,2024-03-31,11,active,8,S-2eb247,4975,Enterprise,25,False,monthly,14359,0,0,0,0,5,4,0,,0
A-8145a0,2024-04,2024-04-30,12,active,8,S-2eb247,4975,Enterprise,25,False,monthly,14359,0,0,0,0,1,1,0,,0
A-8145a0,2024-05,2024-05-31,13,active,9,S-2eb247,4975,Enterprise,25,False,monthly,14359,0,0,0,0,2,2,0,,0
A-8145a0,2024-06,2024-06-30,14,active,8,S-101324,4776,Enterprise,24,False,monthly,9384,4975,1,0,0,5,4,0,,0
A-8145a0,2024-07,2024-07-31,15,active,8,S-101324,4776,Enterprise,24,False,monthly,9384,0,0,0,0,5,3,0,,0
A-8145a0,2024-08,2024-08-31,16,active,9,S-101324,4776,Enterprise,24,False,monthly,11772,0,0,0,0,3,3,0,,0
A-8145a0,2024-09,2024-09-30,17,active,10,S-101324,4776,Enterprise,24,False,monthly,12000,0,0,0,0,3,2,0,,0
A-8145a0,2024-10,2024-10-31,18,active,10,S-101324,4776,Enterprise,24,False,monthly,12000,0,0,0,0,3,3,1,4.00,0
A-8145a0,2024-11,2024-11-30,19,active,10,S-101324,4776,Enterprise,24,False,monthly,12000,0,0,0,0,1,1,0,,0
A-8145a0,2024-12,2024-12-31,20,active,11,S-101324,4776,Enterprise,24,False,monthly,12285,0,0,0,0,3,3,0,,0
A-81edc3,2023-10,2023-10-31,0,inactive,0,,0,,0,,,0,0,0,0,0,4,0,0,,0
A-81edc3,2023-11,2023-11-30,1,active,2,S-3fa87d,995,Enterprise,5,False,monthly,1583,0,0,0,0,3,1,0,,0
A-81edc3,2023-12,2023-12-31,2,active,2,S-3fa87d,995,Enterprise,5,False,monthly,1583,0,0,0,0,6,0,1,,0
A-81edc3,2024-01,2024-01-31,3,active,4,S-44e3ac,995,Enterprise,5,False,monthly,3460,0,0,0,0,4,1,0,,0
A-81edc3,2024-02,2024-02-29,4,active,5,S-44e3ac,995,Enterprise,5,False,monthly,3460,0,0,0,0,2,1,0,,0
A-81edc3,2024-03,2024-03-31,5,active,5,S-44e3ac,995,Enterprise,5,False,monthly,3460,0,0,1,1,3,0,0,,0
A-81edc3,2024-04,2024-04-30,6,active,5,S-44e3ac,995,Enterprise,5,False,monthly,3460,0,0,0,0,5,3,0,,0
A-81edc3,2024-05,2024-05-31,7,active,5,S-44e3ac,995,Enterprise,5,False,monthly,3460,0,0,0,0,4,2,1,5.00,0
A-81edc3,2024-06,2024-06-30,8,active,7,S-cc771c,2009,Pro,41,False,monthly,5925,0,0,0,0,2,1,0,,0
A-81edc3,2024-07,2024-07-31,9,active,8,S-cc771c,2009,Pro,41,False,monthly,6170,0,0,0,0,3,1,0,,0
A-81edc3,2024-08,2024-08-31,10,active,8,S-cc771c,2009,Pro,41,False,monthly,6170,0,0,0,0,2,1,0,,0
A-81edc3,2024-09,2024-09-30,11,active,9,S-9e5075,8756,Enterprise,44,False,annual,14926,0,0,1,1,1,1,0,,0
A-81edc3,2024-10,2024-10-31,12,active,9,S-9e5075,8756,Enterprise,44,False,annual,14926,0,0,0,0,2,2,0,,0
A-81edc3,2024-11,2024-11-30,13,active,11,S-9e5075,8756,Enterprise,44,False,annual,16529,0,0,0,0,5,3,0,,0
A-81edc3,2024-12,2024-12-31,14,active,12,S-9e5075,8756,Enterprise,44,False,annual,17524,0,0,1,1,6,5,0,,0
A-82861f,2024-04,2024-04-30,0,inactive,0,,0,,0,,,0,0,0,0,0,1,0,0,,0
A-82861f,2024-05,2024-05-31,1,active,3,S-766d8b,8159,Enterprise,41,False,monthly,12422,0,0,1,1,2,0,0,,0
A-82861f,2024-06,2024-06-30,2,active,3,S-766d8b,8159,Enterprise,41,False,monthly,12422,0,0,0,0,2,1,0,,0
A-82861f,2024-07,2024-07-31,3,active,6,S-1c406a,10547,Enterprise,53,False,monthly,24527,0,0,0,0,2,1,0,,0
A-82861f,2024-08,2024-08-31,4,active,7,S-1c406a,10547,Enterprise,53,False,monthly,25306,0,0,0,0,3,1,0,,0
A-82861f,2024-09,2024-09-30,5,active,6,S-1c406a,10547,Enterprise,53,False,monthly,24527,779,1,0,0,3,2,2,3.00,0
A-82861f,2024-10,2024-10-31,6,active,8,S-1c406a,10547,Enterprise,53,False,monthly,34695,0,0,0,0,2,0,0,,0
A-82861f,2024-11,2024-11-30,7,active,7,S-1c406a,10547,Enterprise,53,False,monthly,32686,10168,2,0,0,2,2,0,,0
A-82861f,2024-12,2024-12-31,8,active,7,S-1c406a,10547,Enterprise,53,False,monthly,32686,0,0,0,0,1,1,1,3.00,0
A-82d8a6,2024-11,2024-11-30,0,inactive,0,,0,,0,,,0,0,0,0,0,5,0,2,3.00,0
A-82d8a6,2024-12,2024-12-31,1,active,14,S-c913f8,13532,Enterprise,68,False,monthly,27871,340,4,1,1,1,1,0,,0
A-832ec2,2023-11,2023-11-30,0,inactive,0,,0,,0,,,0,0,0,0,0,1,0,0,,0
A-832ec2,2023-12,2023-12-31,1,inactive,0,,0,,0,,,0,0,0,1,1,1,0,0,,0
A-832ec2,2024-01,2024-01-31,2,active,1,S-e76e80,0,Basic,25,True,monthly,0,0,0,0,0,1,0,0,,0
A-832ec2,2024-02,2024-02-29,3,active,2,S-396546,3781,Enterprise,19,False,monthly,3781,0,0,0,0,2,1,1,,0
A-832ec2,2024-03,2024-03-31,4,active,3,S-396546,3781,Enterprise,19,False,monthly,3876,0,0,0,0,6,3,0,,0
A-832ec2,2024-04,2024-04-30,5,active,4,S-396546,3781,Enterprise,19,False,monthly,4104,0,0,0,0,2,0,1,4.00,0
A-832ec2,2024-05,2024-05-31,6,active,5,S-396546,3781,Enterprise,19,False,monthly,4332,0,0,0,0,2,1,0,,0
A-832ec2,2024-06,2024-06-30,7,active,5,S-396546,3781,Enterprise,19,False,monthly,4332,0,0,0,0,2,1,0,,0
A-832ec2,2024-07,2024-07-31,8,active,6,S-396546,3781,Enterprise,19,False,monthly,4921,0,0,0,0,1,1,1,4.00,0
A-832ec2,2024-08,2024-08-31,9,active,6,S-396546,3781,Enterprise,19,False,monthly,4921,0,0,0,0,3,2,0,,0
A-832ec2,2024-09,2024-09-30,10,active,7,S-396546,3781,Enterprise,19,False,monthly,4921,0,0,1,1,4,3,0,,0
A-832ec2,2024-10,2024-10-31,11,active,7,S-396546,3781,Enterprise,19,False,monthly,4921,0,0,0,0,5,4,0,,0
A-832ec2,2024-11,2024-11-30,12,active,8,S-460deb,4378,Enterprise,22,False,annual,9299,0,0,0,0,2,2,0,,0
A-832ec2,2024-12,2024-12-31,13,active,8,S-460deb,4378,Enterprise,22,False,annual,9299,0,0,0,0,1,1,0,,0
A-84ebe4,2023-03,2023-03-31,0,inactive,0,,0,,0,,,0,0,0,0,0,0,0,0,,1
A-84ebe4,2023-04,2023-04-30,1,inactive,0,,0,,0,,,0,0,0,0,0,1,0,0,,1
A-84ebe4,2023-05,2023-05-31,2,active,1,S-1cb993,342,Basic,18,False,annual,342,0,0,0,0,1,0,0,,1
A-84ebe4,2023-06,2023-06-30,3,active,2,S-7f0419,3582,Enterprise,18,False,annual,3924,0,0,0,0,1,0,0,,1
A-84ebe4,2023-07,2023-07-31,4,active,2,S-7f0419,3582,Enterprise,18,False,annual,3924,0,0,0,0,5,1,1,,1
A-84ebe4,2023-08,2023-08-31,5,active,3,S-6717d6,4179,Enterprise,21,False,annual,8103,0,0,0,0,1,0,0,,1
A-84ebe4,2023-09,2023-09-30,6,active,3,S-6717d6,4179,Enterprise,21,False,annual,8103,0,0,0,0,1,0,1,4.00,1
A-84ebe4,2023-10,2023-10-31,7,active,3,S-6717d6,4179,Enterprise,21,False,annual,8103,0,0,0,0,3,1,0,,1
A-84ebe4,2023-11,2023-11-30,8,active,3,S-6717d6,4179,Enterprise,21,False,annual,8103,0,0,0,0,1,0,0,,1
A-84ebe4,2023-12,2023-12-31,9,active,3,S-6717d6,4179,Enterprise,21,False,annual,8103,0,0,0,0,0,0,0,,1
A-84ebe4,2024-01,2024-01-31,10,active,4,S-6717d6,4179,Enterprise,21,False,annual,8103,0,0,1,2,2,1,0,,1
A-84ebe4,2024-02,2024-02-29,11,active,5,S-6717d6,4179,Enterprise,21,False,annual,8985,0,0,0,0,2,1,0,,1
A-84ebe4,2024-03,2024-03-31,12,active,6,S-6717d6,4179,Enterprise,21,False,annual,10651,0,0,0,0,2,1,0,,1
A-84ebe4,2024-04,2024-04-30,13,active,8,S-6717d6,4179,Enterprise,21,False,annual,11875,0,0,0,0,1,0,0,,1
A-84ebe4,2024-05,2024-05-31,14,active,8,S-6717d6,4179,Enterprise,21,False,annual,11875,0,0,0,0,2,2,0,,1
A-84ebe4,2024-06,2024-06-30,15,active,9,S-6717d6,4179,Enterprise,21,False,annual,11875,0,0,0,0,2,1,0,,1
A-84ebe4,2024-07,2024-07-31,16,active,9,S-6717d6,4179,Enterprise,21,False,annual,11875,0,0,0,0,4,3,0,,1
A-84ebe4,2024-08,2024-08-31,17,active,10,S-a583df,8955,Enterprise,45,False,annual,20830,0,0,0,0,1,1,0,,1
A-84ebe4,2024-09,2024-09-30,18,active,10,S-a583df,8955,Enterprise,45,False,annual,20830,0,0,0,0,1,1,0,,1
A-84ebe4,2024-10,2024-10-31,19,active,9,S-a583df,8955,Enterprise,45,False,annual,20488,342,1,0,0,1,1,0,,1
A-84ebe4,2024-11,2024-11-30,20,active,9,S-a583df,8955,Enterprise,45,False,annual,27652,0,1,0,0,3,2,0,,1
A-84ebe4,2024-12,2024-12-31,21,active,9,S-a583df,8955,Enterprise,45,False,annual,27652,0,0,0,0,4,4,2,4.00,1
A-854864,2024-12,2024-12-31,0,active,5,S-6c625e,4459,Pro,91,False,monthly,14379,380,1,1,1,2,0,0,,0
A-855a48,2023-12,2023-12-31,0,inactive,0,,0,,0,,,0,0,0,0,0,1,0,0,,0
A-855a48,2024-01,2024-01-31,1,active,1,S-72cf21,7960,Enterprise,40,False,annual,7960,0,0,0,0,0,0,0,,0
A-855a48,2024-02,2024-02-29,2,active,2,S-72cf21,7960,Enterprise,40,False,annual,9479,0,0,0,0,1,0,0,,0
A-855a48,2024-03,2024-03-31,3,active,4,S-72cf21,7960,Enterprise,40,False,annual,12531,0,0,0,0,3,2,0,,0
A-855a48,2024-04,2024-04-30,4,active,4,S-72cf21,7960,Enterprise,40,False,annual,12531,0,0,0,0,1,0,0,,0
A-855a48,2024-05,2024-05-31,5,active,6,S-72cf21,7960,Enterprise,40,False,annual,18170,0,0,0,0,1,1,0,,0
A-855a48,2024-06,2024-06-30,6,active,7,S-72cf21,7960,Enterprise,40,False,annual,18436,0,0,0,0,1,0,1,,0
A-855a48,2024-07,2024-07-31,7,active,8,S-c1316c,11940,Enterprise,60,False,annual,30376,0,0,0,0,3,3,1,3.00,0
A-855a48,2024-08,2024-08-31,8,active,8,S-c1316c,11940,Enterprise,60,False,annual,30376,0,0,1,1,1,1,0,,0
A-855a48,2024-09,2024-09-30,9,active,8,S-c1316c,11940,Enterprise,60,False,annual,30376,0,0,0,0,3,3,0,,0
A-855a48,2024-10,2024-10-31,10,active,8,S-c1316c,11940,Enterprise,60,False,annual,30376,0,0,0,0,0,0,0,,0
A-855a48,2024-11,2024-11-30,11,active,8,S-c1316c,11940,Enterprise,60,False,annual,30376,0,0,0,0,1,1,0,,0
A-855a48,2024-12,2024-12-31,12,active,8,S-c1316c,11940,Enterprise,60,False,annual,30376,0,0,0,0,0,0,0,,0
A-856b1e,2023-10,2023-10-31,0,inactive,0,,0,,0,,,0,0,0,0,0,1,0,0,,0
A-856b1e,2023-11,2023-11-30,1,active,1,S-c455ec,931,Pro,19,False,monthly,931,0,0,0,0,0,0,0,,0
A-856b1e,2023-12,2023-12-31,2,active,3,S-56c529,1470,Pro,30,False,monthly,3626,0,0,0,0,0,0,0,,0
A-856b1e,2024-01,2024-01-31,3,active,4,S-56c529,1470,Pro,30,False,monthly,4557,0,0,0,0,1,0,1,,0
A-856b1e,2024-02,2024-02-29,4,active,5,S-c1c6ca,1764,Pro,36,False,monthly,6321,0,0,0,0,1,1,1,,0
A-856b1e,2024-03,2024-03-31,5,active,5,S-c1c6ca,1764,Pro,36,False,monthly,6321,0,0,0,0,0,0,0,,0
A-856b1e,2024-04,2024-04-30,6,active,5,S-c1c6ca,1764,Pro,36,False,monthly,6321,0,0,0,0,3,2,0,,0
A-856b1e,2024-05,2024-05-31,7,active,5,S-c1c6ca,1764,Pro,36,False,monthly,6321,0,0,0,0,0,0,0,,0
A-856b1e,2024-06,2024-06-30,8,active,5,S-c1c6ca,1764,Pro,36,False,monthly,6321,0,0,0,0,1,1,0,,0
A-856b1e,2024-07,2024-07-31,9,active,5,S-c1c6ca,1764,Pro,36,False,monthly,6321,0,0,0,0,1,1,0,,0
A-856b1e,2024-08,2024-08-31,10,active,5,S-c1c6ca,1764,Pro,36,False,monthly,6321,0,0,0,0,2,0,0,,0
A-856b1e,2024-09,2024-09-30,11,active,5,S-c1c6ca,1764,Pro,36,False,monthly,6321,0,0,0,0,1,1,1,,0
A-856b1e,2024-10,2024-10-31,12,active,6,S-c1c6ca,1764,Pro,36,False,monthly,6321,0,0,0,0,3,3,0,,0
A-856b1e,2024-11,2024-11-30,13,active,6,S-c1c6ca,1764,Pro,36,False,monthly,6321,0,0,0,0,1,1,0,,0
A-856b1e,2024-12,2024-12-31,14,active,6,S-c1c6ca,1764,Pro,36,False,monthly,6321,0,0,0,0,1,1,0,,0
A-86902e,2023-05,2023-05-31,0,inactive,0,,0,,0,,,0,0,0,0,0,3,0,2,,0
A-86902e,2023-06,2023-06-30,1,inactive,0,,0,,0,,,0,0,0,0,0,1,0,0,,0
A-86902e,2023-07,2023-07-31,2,active,2,S-94fc5d,0,Basic,34,True,monthly,0,0,0,0,0,1,0,1,3.00,0
A-86902e,2023-08,2023-08-31,3,active,2,S-94fc5d,0,Basic,34,True,monthly,0,0,0,0,0,0,0,0,,0
A-86902e,2023-09,2023-09-30,4,active,2,S-94fc5d,0,Basic,34,True,monthly,0,0,0,0,0,4,3,0,,0
A-86902e,2023-10,2023-10-31,5,active,2,S-94fc5d,0,Basic,34,True,monthly,0,0,0,0,0,1,0,0,,0
A-86902e,2023-11,2023-11-30,6,active,3,S-c317f9,646,Basic,34,False,annual,646,0,0,0,0,1,0,0,,0
A-86902e,2023-12,2023-12-31,7,active,5,S-e60430,12139,Enterprise,61,False,annual,13431,0,0,0,0,5,2,0,,0
A-86902e,2024-01,2024-01-31,8,active,5,S-e60430,12139,Enterprise,61,False,annual,13431,0,0,0,0,0,0,1,3.00,0
A-86902e,2024-02,2024-02-29,9,active,5,S-e60430,12139,Enterprise,61,False,annual,13431,0,0,0,0,4,3,0,,0
A-86902e,2024-03,2024-03-31,10,active,5,S-e60430,12139,Enterprise,61,False,annual,13431,0,0,0,0,2,1,2,3.00,0
A-86902e,2024-04,2024-04-30,11,active,6,S-e60430,12139,Enterprise,61,False,annual,20197,0,0,0,0,2,1,0,,0
A-86902e,2024-05,2024-05-31,12,active,7,S-e60430,12139,Enterprise,61,False,annual,21863,0,0,0,0,2,1,1,,0
A-86902e,2024-06,2024-06-30,13,active,8,S-e60430,12139,Enterprise,61,False,annual,28629,0,0,0,0,2,2,1,5.00,0
A-86902e,2024-07,2024-07-31,14,active,8,S-e60430,12139,Enterprise,61,False,annual,28629,0,0,0,0,4,4,0,,0
A-86902e,2024-08,2024-08-31,15,active,7,S-e60430,12139,Enterprise,61,False,annual,28629,0,1,0,0,1,1,0,,0
A-86902e,2024-09,2024-09-30,16,active,7,S-e60430,12139,Enterprise,61,False,annual,28629,0,0,0,0,4,3,0,,0
A-86902e,2024-10,2024-10-31,17,active,7,S-e60430,12139,Enterprise,61,False,annual,28629,0,0,0,0,6,5,0,,0
A-86902e,2024-11,2024-11-30,18,active,8,S-e60430,12139,Enterprise,61,False,annual,29275,0,0,0,0,2,0,0,,0
A-86902e,2024-12,2024-12-31,19,active,9,S-e60430,12139,Enterprise,61,False,annual,36041,0,0,1,1,3,1,0,,0
A-86cdb4,2024-09,2024-09-30,0,inactive,0,,0,,0,,,0,0,0,0,0,2,0,0,,0
A-86cdb4,2024-10,2024-10-31,1,active,4,S-33e40e,398,Enterprise,2,False,annual,966,0,0,0,0,2,1,0,,0
A-86cdb4,2024-11,2024-11-30,2,active,5,S-af6974,882,Pro,18,False,annual,1701,147,1,0,0,7,4,1,3.00,0
A-86cdb4,2024-12,2024-12-31,3,active,7,S-31428b,988,Basic,52,False,annual,3006,398,1,0,0,2,1,1,,0
A-86fc1d,2024-07,2024-07-31,0,inactive,0,,0,,0,,,0,0,0,0,0,1,0,0,,0
A-86fc1d,2024-08,2024-08-31,1,active,2,S-a4a6c9,5572,Enterprise,28,False,monthly,8316,0,0,1,1,1,0,1,5.00,0
A-86fc1d,2024-09,2024-09-30,2,active,2,S-a4a6c9,5572,Enterprise,28,False,monthly,8316,0,0,0,0,1,1,0,,0
A-86fc1d,2024-10,2024-10-31,3,active,5,S-a4a6c9,5572,Enterprise,28,False,monthly,10007,0,1,0,0,0,0,0,,0
A-86fc1d,2024-11,2024-11-30,4,active,6,S-a4a6c9,5572,Enterprise,28,False,monthly,14687,494,1,0,0,2,1,0,,0
A-86fc1d,2024-12,2024-12-31,5,active,7,S-a4a6c9,5572,Enterprise,28,False,monthly,14687,0,0,0,0,4,3,1,,0
A-87aa7b,2024-05,2024-05-31,0,active,2,S-37f480,1323,Pro,27,False,annual,2499,0,0,0,0,3,0,0,,0
A-87aa7b,2024-06,2024-06-30,1,active,5,S-37f480,1323,Pro,27,False,annual,6027,0,0,1,2,7,1,0,,0
A-87aa7b,2024-07,2024-07-31,2,active,7,S-37f480,1323,Pro,27,False,annual,7091,0,0,0,0,2,0,0,,0
A-87aa7b,2024-08,2024-08-31,3,active,10,S-37f480,1323,Pro,27,False,annual,8742,0,0,0,0,1,1,0,,0
A-87aa7b,2024-09,2024-09-30,4,active,11,S-7925f0,4776,Enterprise,24,False,monthly,13518,0,0,0,0,2,2,0,,0
A-87aa7b,2024-10,2024-10-31,5,active,12,S-344c0d,4776,Enterprise,24,False,annual,18294,0,0,0,0,3,3,0,,0
A-87aa7b,2024-11,2024-11-30,6,active,15,S-344c0d,4776,Enterprise,24,False,annual,20382,0,0,0,0,4,3,0,,0
A-87aa7b,2024-12,2024-12-31,7,active,16,S-344c0d,4776,Enterprise,24,False,annual,22881,0,0,1,1,3,3,1,,0
A-883b7d,2024-03,2024-03-31,0,inactive,0,,0,,0,,,0,0,0,0,0,2,0,0,,0
A-883b7d,2024-04,2024-04-30,1,active,3,S-9c0df6,2009,Pro,41,False,monthly,3431,0,0,0,0,1,0,0,,0
A-883b7d,2024-05,2024-05-31,2,active,6,S-9122a4,4975,Enterprise,25,False,monthly,11003,0,0,0,0,5,3,1,3.00,0
A-883b7d,2024-06,2024-06-30,3,active,6,S-9122a4,4975,Enterprise,25,False,monthly,11003,0,0,0,0,3,1,0,,0
A-883b7d,2024-07,2024-07-31,4,active,6,S-9122a4,4975,Enterprise,25,False,monthly,11003,0,0,0,0,2,1,0,,0
A-883b7d,2024-08,2024-08-31,5,active,12,S-8bb388,9950,Enterprise,50,False,annual,30524,0,0,0,0,2,2,0,,0
A-883b7d,2024-09,2024-09-30,6,active,11,S-8bb388,9950,Enterprise,50,False,annual,28515,2009,1,0,0,2,2,0,,0
A-883b7d,2024-10,2024-10-31,7,active,11,S-8bb388,9950,Enterprise,50,False,annual,28515,0,0,0,0,3,3,1,3.00,0
A-883b7d,2024-11,2024-11-30,8,active,11,S-8bb388,9950,Enterprise,50,False,annual,28515,0,0,0,0,3,3,0,,0
A-883b7d,2024-12,2024-12-31,9,active,11,S-8bb388,9950,Enterprise,50,False,annual,28515,0,0,0,0,6,6,1,3.00,0
A-88c6ca,2024-10,2024-10-31,0,inactive,0,,0,,0,,,0,0,0,0,0,1,0,0,,1
A-88c6ca,2024-11,2024-11-30,1,active,3,S-07f282,995,Enterprise,5,False,monthly,1990,0,0,0,0,1,0,0,,1
A-88c6ca,2024-12,2024-12-31,2,active,7,S-f89d8c,2401,Pro,49,False,monthly,6449,0,0,0,0,4,3,0,,1
A-89ee83,2024-10,2024-10-31,0,active,3,S-a82639,7960,Enterprise,40,False,monthly,9195,0,0,0,0,3,0,1,4.00,1
A-89ee83,2024-11,2024-11-30,1,active,6,S-a82639,7960,Enterprise,40,False,monthly,13317,0,0,0,0,3,2,0,,1
A-89ee83,2024-12,2024-12-31,2,active,10,S-a82639,7960,Enterprise,40,False,monthly,24717,4767,2,0,0,3,1,0,,1
A-8adedc,2024-02,2024-02-29,0,active,1,S-70d15d,11343,Enterprise,57,False,monthly,11343,0,0,0,0,4,0,0,,1
A-8adedc,2024-03,2024-03-31,1,active,2,S-871e83,2786,Enterprise,14,False,annual,2862,11343,1,0,0,4,1,0,,1
A-8adedc,2024-04,2024-04-30,2,active,4,S-86c28f,3871,Pro,79,False,annual,9519,0,0,0,0,4,1,0,,1
A-8adedc,2024-05,2024-05-31,3,active,8,S-86c28f,3871,Pro,79,False,annual,9690,0,0,0,0,1,0,0,,1
A-8adedc,2024-06,2024-06-30,4,active,9,S-86c28f,3871,Pro,79,False,annual,10051,0,0,0,0,2,2,0,,1
A-8adedc,2024-07,2024-07-31,5,active,11,S-86c28f,3871,Pro,79,False,annual,13235,0,0,0,0,1,1,0,,1
A-8adedc,2024-08,2024-08-31,6,active,12,S-86c28f,3871,Pro,79,False,annual,13653,0,0,0,0,3,3,1,,1
A-8adedc,2024-09,2024-09-30,7,active,13,S-86c28f,3871,Pro,79,False,annual,16985,0,0,0,0,2,2,0,,1
A-8adedc,2024-10,2024-10-31,8,active,12,S-86c28f,3871,Pro,79,False,annual,13801,3184,1,0,0,0,0,0,,1
A-8adedc,2024-11,2024-11-30,9,active,12,S-86c28f,3871,Pro,79,False,annual,13801,0,0,0,0,1,1,0,,1
A-8adedc,2024-12,2024-12-31,10,active,12,S-86c28f,3871,Pro,79,False,annual,13801,0,0,0,0,4,3,0,,1
A-8ae05d,2024-04,2024-04-30,0,inactive,0,,0,,0,,,0,0,0,0,0,0,0,0,,0
A-8ae05d,2024-05,2024-05-31,1,inactive,0,,0,,0,,,0,0,0,0,0,1,0,0,,0
A-8ae05d,2024-06,2024-06-30,2,active,2,S-a54fb2,1634,Basic,86,False,annual,1634,0,0,0,0,0,0,0,,0
A-8ae05d,2024-07,2024-07-31,3,active,3,S-be601b,1634,Basic,86,False,monthly,3268,0,0,0,0,0,0,0,,0
A-8ae05d,2024-08,2024-08-31,4,active,4,S-55db9e,1634,Basic,86,False,annual,4902,0,0,1,1,1,0,0,,0
A-8ae05d,2024-09,2024-09-30,5,active,4,S-55db9e,1634,Basic,86,False,annual,4902,0,0,0,0,0,0,0,,0
A-8ae05d,2024-10,2024-10-31,6,active,4,S-55db9e,1634,Basic,86,False,annual,4902,0,0,0,0,1,0,0,,0
A-8ae05d,2024-11,2024-11-30,7,active,5,S-f4b648,17114,Enterprise,86,False,annual,22016,0,0,0,0,1,0,0,,0
A-8ae05d,2024-12,2024-12-31,8,active,6,S-f74e00,4214,Pro,86,False,monthly,9116,17114,1,0,0,2,2,0,,0
A-8ae3fc,2024-06,2024-06-30,0,inactive,0,,0,,0,,,0,0,0,0,0,0,0,0,,0
A-8ae3fc,2024-07,2024-07-31,1,active,1,S-90e2d7,589,Basic,31,False,annual,589,0,0,0,0,0,0,0,,0
A-8ae3fc,2024-08,2024-08-31,2,active,2,S-9a3e85,1029,Pro,21,False,annual,1618,0,0,1,1,3,1,0,,0
A-8ae3fc,2024-09,2024-09-30,3,active,5,S-e505c1,1666,Pro,34,False,annual,3896,0,0,0,0,1,1,0,,0
A-8ae3fc,2024-10,2024-10-31,4,active,6,S-e505c1,1666,Pro,34,False,annual,3896,0,0,0,0,1,1,0,,0
A-8ae3fc,2024-11,2024-11-30,5,active,7,S-e505c1,1666,Pro,34,False,annual,4067,0,0,0,0,2,1,0,,0
A-8ae3fc,2024-12,2024-12-31,6,active,8,S-e505c1,1666,Pro,34,False,annual,4447,0,0,0,0,3,3,0,,0
A-8b0451,2024-09,2024-09-30,0,active,1,S-dc8c2f,779,Basic,41,False,monthly,779,0,0,0,0,4,0,0,,0
A-8b0451,2024-10,2024-10-31,1,active,4,S-a14d4b,2107,Pro,43,False,annual,3665,0,0,0,0,1,0,0,,0
A-8b0451,2024-11,2024-11-30,2,active,6,S-670476,8159,Enterprise,41,False,monthly,12603,0,0,0,0,2,2,0,,0
A-8b0451,2024-12,2024-12-31,3,active,10,S-bf424e,8159,Enterprise,41,False,annual,31709,8159,1,1,1,3,2,2,3.00,0
A-8b25f2,2024-02,2024-02-29,0,active,1,S-4cdee1,0,Enterprise,20,True,monthly,0,0,0,0,0,7,0,1,3.00,1
A-8b25f2,2024-03,2024-03-31,1,active,2,S-96e431,294,Pro,6,False,annual,294,0,0,0,0,1,0,0,,1
A-8b25f2,2024-04,2024-04-30,2,active,2,S-96e431,294,Pro,6,False,annual,294,0,0,0,0,3,0,0,,1
A-8b25f2,2024-05,2024-05-31,3,active,5,S-baba71,1990,Enterprise,10,False,monthly,3062,0,0,0,0,1,0,0,,1
A-8b25f2,2024-06,2024-06-30,4,active,5,S-baba71,1990,Enterprise,10,False,monthly,3062,0,0,0,0,2,0,0,,1
A-8b25f2,2024-07,2024-07-31,5,active,5,S-baba71,1990,Enterprise,10,False,monthly,2986,190,1,0,0,1,0,0,,1
A-8b25f2,2024-08,2024-08-31,6,active,5,S-baba71,1990,Enterprise,10,False,monthly,2986,0,0,0,0,3,1,0,,1
A-8b25f2,2024-09,2024-09-30,7,active,8,S-8b721c,5572,Enterprise,28,False,annual,8957,0,0,0,0,2,1,0,,1
A-8b25f2,2024-10,2024-10-31,8,active,9,S-8b721c,5572,Enterprise,28,False,annual,8957,893,1,0,0,3,2,0,,1
A-8b25f2,2024-11,2024-11-30,9,active,9,S-8b721c,5572,Enterprise,28,False,annual,8957,0,0,0,0,2,1,0,,1
A-8b25f2,2024-12,2024-12-31,10,active,11,S-8b721c,5572,Enterprise,28,False,annual,12965,0,0,0,0,2,2,0,,1
A-8bde0c,2024-11,2024-11-30,0,active,2,S-885bd4,588,Pro,12,False,annual,1176,0,0,1,1,2,0,1,,0
A-8bde0c,2024-12,2024-12-31,1,active,16,S-859ee0,5572,Enterprise,28,False,monthly,32385,1813,2,1,1,1,0,0,,0
A-8e47ca,2024-02,2024-02-29,0,active,1,S-16dfaf,931,Pro,19,False,annual,931,0,0,0,0,0,0,1,,0
A-8e47ca,2024-03,2024-03-31,1,active,3,S-d53c0a,3781,Enterprise,19,False,annual,5073,0,0,0,0,2,2,0,,0
A-8e47ca,2024-04,2024-04-30,2,active,5,S-ec242e,6169,Enterprise,31,False,monthly,15023,0,0,0,0,2,2,0,,0
A-8e47ca,2024-05,2024-05-31,3,active,6,S-ec242e,6169,Enterprise,31,False,monthly,19003,0,0,0,0,2,1,0,,0
A-8e47ca,2024-06,2024-06-30,4,active,6,S-ec242e,6169,Enterprise,31,False,monthly,19003,0,0,1,1,0,0,0,,0
A-8e47ca,2024-07,2024-07-31,5,active,7,S-ec242e,6169,Enterprise,31,False,monthly,19364,0,0,0,0,4,2,0,,0
A-8e47ca,2024-08,2024-08-31,6,active,8,S-ec242e,6169,Enterprise,31,False,monthly,23145,0,0,0,0,0,0,0,,0
A-8e47ca,2024-09,2024-09-30,7,active,8,S-ec242e,6169,Enterprise,31,False,monthly,23145,0,0,1,1,5,5,0,,0
A-8e47ca,2024-10,2024-10-31,8,active,8,S-ec242e,6169,Enterprise,31,False,monthly,23145,0,0,0,0,0,0,0,,0
A-8e47ca,2024-11,2024-11-30,9,active,9,S-ec242e,6169,Enterprise,31,False,monthly,28120,0,0,0,0,2,2,0,,0
A-8e47ca,2024-12,2024-12-31,10,active,8,S-ec242e,6169,Enterprise,31,False,monthly,23145,4975,1,1,1,1,1,0,,0
A-8ed5dd,2023-06,2023-06-30,0,inactive,0,,0,,0,,,0,0,0,0,0,2,0,1,5.00,1
A-8ed5dd,2023-07,2023-07-31,1,inactive,0,,0,,0,,,0,0,0,0,0,1,0,0,,1
A-8ed5dd,2023-08,2023-08-31,2,active,1,S-911b0a,245,Pro,5,False,annual,245,0,0,0,0,2,0,0,,1
A-8ed5dd,2023-09,2023-09-30,3,active,1,S-911b0a,245,Pro,5,False,annual,245,0,0,0,0,2,0,0,,1
A-8ed5dd,2023-10,2023-10-31,4,active,1,S-911b0a,245,Pro,5,False,annual,245,0,0,0,0,2,1,0,,1
A-8ed5dd,2023-11,2023-11-30,5,active,3,S-6f398a,245,Pro,5,False,annual,585,0,0,0,0,2,2,0,,1
A-8ed5dd,2023-12,2023-12-31,6,active,4,S-444f22,2254,Pro,46,False,monthly,2839,0,0,0,0,5,2,0,,1
A-8ed5dd,2024-01,2024-01-31,7,active,5,S-444f22,2254,Pro,46,False,monthly,3834,0,0,0,0,3,2,0,,1
A-8ed5dd,2024-02,2024-02-29,8,active,6,S-9093cf,5970,Enterprise,30,False,monthly,9804,0,0,0,0,1,0,0,,1
A-8ed5dd,2024-03,2024-03-31,9,active,7,S-9093cf,5970,Enterprise,30,False,monthly,9899,0,0,0,0,3,2,0,,1
A-8ed5dd,2024-04,2024-04-30,10,active,8,S-9093cf,5970,Enterprise,30,False,monthly,10894,0,0,0,0,4,4,0,,1
A-8ed5dd,2024-05,2024-05-31,11,active,8,S-9093cf,5970,Enterprise,30,False,monthly,10894,0,0,0,0,1,1,1,,1
A-8ed5dd,2024-06,2024-06-30,12,active,8,S-9093cf,5970,Enterprise,30,False,monthly,10894,0,0,0,0,4,3,1,,1
A-8ed5dd,2024-07,2024-07-31,13,active,8,S-9093cf,5970,Enterprise,30,False,monthly,10894,0,0,0,0,0,0,0,,1
A-8ed5dd,2024-08,2024-08-31,14,active,9,S-9093cf,5970,Enterprise,30,False,monthly,10989,0,0,0,0,4,3,0,,1
A-8ed5dd,2024-09,2024-09-30,15,active,10,S-9093cf,5970,Enterprise,30,False,monthly,11426,0,0,0,0,1,1,0,,1
A-8ed5dd,2024-10,2024-10-31,16,active,9,S-9093cf,5970,Enterprise,30,False,monthly,11331,95,1,1,1,2,2,0,,1
A-8ed5dd,2024-11,2024-11-30,17,active,11,S-9093cf,5970,Enterprise,30,False,monthly,11861,0,0,1,1,3,3,0,,1
A-8ed5dd,2024-12,2024-12-31,18,active,11,S-9093cf,5970,Enterprise,30,False,monthly,11861,0,0,0,0,2,2,1,3.00,1
A-902ef7,2024-09,2024-09-30,0,active,2,S-8d8dd0,16517,Enterprise,83,False,monthly,20584,0,0,1,1,3,0,0,,1
A-902ef7,2024-10,2024-10-31,1,active,2,S-8d8dd0,16517,Enterprise,83,False,monthly,20584,0,0,0,0,4,0,0,,1
A-902ef7,2024-11,2024-11-30,2,active,4,S-8d8dd0,16517,Enterprise,83,False,monthly,22161,0,0,0,0,0,0,0,,1
A-902ef7,2024-12,2024-12-31,3,active,8,S-39b5ce,16517,Enterprise,83,False,annual,44322,0,0,0,0,0,0,0,,1
A-9077b0,2024-08,2024-08-31,0,active,1,S-5f30ce,38,Basic,2,False,monthly,38,0,0,0,0,5,0,0,,0
A-9077b0,2024-09,2024-09-30,1,active,1,S-5f30ce,38,Basic,2,False,monthly,38,0,0,0,0,2,0,1,3.00,0
A-9077b0,2024-10,2024-10-31,2,active,1,S-5f30ce,38,Basic,2,False,monthly,38,0,0,0,0,1,0,0,,0
A-9077b0,2024-11,2024-11-30,3,active,3,S-731ee3,2786,Enterprise,14,False,annual,2824,0,0,0,0,2,1,0,,0
A-9077b0,2024-12,2024-12-31,4,active,5,S-2cb298,398,Enterprise,2,False,annual,779,2786,2,0,0,0,0,0,,0
A-90a8c8,2024-08,2024-08-31,0,active,1,S-21b034,1568,Pro,32,False,annual,1568,0,0,1,1,2,0,0,,0
A-90a8c8,2024-09,2024-09-30,1,active,4,S-746e1b,14527,Enterprise,73,False,annual,21667,0,0,0,0,3,1,0,,0
A-90a8c8,2024-10,2024-10-31,2,active,5,S-746e1b,14527,Enterprise,73,False,annual,22402,0,0,0,0,1,1,0,,0
A-90a8c8,2024-11,2024-11-30,3,active,6,S-746e1b,14527,Enterprise,73,False,annual,23529,0,0,0,0,1,1,0,,0
A-90a8c8,2024-12,2024-12-31,4,active,7,S-746e1b,14527,Enterprise,73,False,annual,26514,0,0,0,0,2,2,0,,0
A-9123ac,2023-06,2023-06-30,0,inactive,0,,0,,0,,,0,0,0,0,0,4,0,0,,0
A-9123ac,2023-07,2023-07-31,1,inactive,0,,0,,0,,,0,0,0,0,0,2,0,0,,0
A-9123ac,2023-08,2023-08-31,2,inactive,0,,0,,0,,,0,0,0,0,0,1,0,0,,0
A-9123ac,2023-09,2023-09-30,3,inactive,0,,0,,0,,,0,0,0,0,0,1,0,0,,0
A-9123ac,2023-10,2023-10-31,4,active,1,S-7bcd95,171,Basic,9,False,monthly,171,0,0,0,0,0,0,0,,0
A-9123ac,2023-11,2023-11-30,5,active,1,S-7bcd95,171,Basic,9,False,monthly,171,0,0,0,0,3,1,0,,0
A-9123ac,2023-12,2023-12-31,6,active,2,S-74761f,8358,Enterprise,42,False,annual,8529,0,0,0,0,0,0,1,5.00,0
A-9123ac,2024-01,2024-01-31,7,active,2,S-74761f,8358,Enterprise,42,False,annual,8529,0,0,0,0,1,0,0,,0
A-9123ac,2024-02,2024-02-29,8,active,2,S-74761f,8358,Enterprise,42,False,annual,8529,0,0,0,0,2,0,0,,0
A-9123ac,2024-03,2024-03-31,9,active,2,S-74761f,8358,Enterprise,42,False,annual,8529,0,0,0,0,2,1,0,,0
A-9123ac,2024-04,2024-04-30,10,active,2,S-74761f,8358,Enterprise,42,False,annual,8529,0,0,1,1,1,1,0,,0
A-9123ac,2024-05,2024-05-31,11,active,4,S-74761f,8358,Enterprise,42,False,annual,8738,0,0,0,0,1,0,0,,0
A-9123ac,2024-06,2024-06-30,12,active,5,S-74761f,8358,Enterprise,42,False,annual,9179,0,0,0,0,1,1,0,,0
A-9123ac,2024-07,2024-07-31,13,active,5,S-74761f,8358,Enterprise,42,False,annual,9179,0,0,0,0,0,0,0,,0
A-9123ac,2024-08,2024-08-31,14,active,5,S-74761f,8358,Enterprise,42,False,annual,9179,0,0,0,0,0,0,1,,0
A-9123ac,2024-09,2024-09-30,15,active,5,S-74761f,8358,Enterprise,42,False,annual,9179,0,0,0,0,1,0,1,5.00,0
A-9123ac,2024-10,2024-10-31,16,active,7,S-74761f,8358,Enterprise,42,False,annual,14751,0,0,1,1,3,3,0,,0
A-9123ac,2024-11,2024-11-30,17,active,7,S-74761f,8358,Enterprise,42,False,annual,14751,0,0,0,0,1,1,2,3.50,0
A-9123ac,2024-12,2024-12-31,18,active,7,S-74761f,8358,Enterprise,42,False,annual,14751,0,0,0,0,3,3,0,,0
A-9174e0,2024-12,2024-12-31,0,active,14,S-92afb8,7363,Enterprise,37,False,annual,46613,7363,1,0,0,2,0,0,,0
A-91e948,2023-01,2023-01-31,0,inactive,0,,0,,0,,,0,0,0,0,0,1,0,0,,0
A-91e948,2023-02,2023-02-28,1,inactive,0,,0,,0,,,0,0,0,0,0,3,0,0,,0
A-91e948,2023-03,2023-03-31,2,inactive,0,,0,,0,,,0,0,0,0,0,4,0,0,,0
A-91e948,2023-04,2023-04-30,3,inactive,0,,0,,0,,,0,0,0,0,0,1,0,0,,0
A-91e948,2023-05,2023-05-31,4,inactive,0,,0,,0,,,0,0,0,0,0,1,0,0,,0
A-91e948,2023-06,2023-06-30,5,inactive,0,,0,,0,,,0,0,0,0,0,2,0,0,,0
A-91e948,2023-07,2023-07-31,6,inactive,0,,0,,0,,,0,0,0,0,0,4,0,0,,0
A-91e948,2023-08,2023-08-31,7,active,1,S-61a87e,779,Basic,41,False,monthly,779,0,0,0,0,1,0,0,,0
A-91e948,2023-09,2023-09-30,8,active,1,S-61a87e,779,Basic,41,False,monthly,779,0,0,0,0,1,0,0,,0
A-91e948,2023-10,2023-10-31,9,active,1,S-61a87e,779,Basic,41,False,monthly,779,0,0,0,0,1,0,0,,0
A-91e948,2023-11,2023-11-30,10,active,3,S-7fb77e,2009,Pro,41,False,annual,4797,0,0,0,0,3,1,0,,0
A-91e948,2023-12,2023-12-31,11,active,4,S-7fb77e,2009,Pro,41,False,annual,5576,0,0,0,0,1,1,0,,0
A-91e948,2024-01,2024-01-31,12,active,5,S-7fb77e,2009,Pro,41,False,annual,5576,0,0,0,0,1,0,0,,0
A-91e948,2024-02,2024-02-29,13,active,5,S-7fb77e,2009,Pro,41,False,annual,5576,0,0,0,0,1,1,0,,0
A-91e948,2024-03,2024-03-31,14,active,5,S-7fb77e,2009,Pro,41,False,annual,5576,0,0,0,0,2,2,0,,0
A-91e948,2024-04,2024-04-30,15,active,5,S-7fb77e,2009,Pro,41,False,annual,5576,0,0,0,0,3,2,0,,0
A-91e948,2024-05,2024-05-31,16,active,5,S-7fb77e,2009,Pro,41,False,annual,5576,0,0,0,0,2,0,0,,0
A-91e948,2024-06,2024-06-30,17,active,5,S-7fb77e,2009,Pro,41,False,annual,5576,0,0,0,0,1,1,0,,0
A-91e948,2024-07,2024-07-31,18,active,6,S-92ae0a,8159,Enterprise,41,False,monthly,13735,0,0,0,0,0,0,0,,0
A-91e948,2024-08,2024-08-31,19,active,6,S-92ae0a,8159,Enterprise,41,False,monthly,13735,0,0,0,0,1,1,0,,0
A-91e948,2024-09,2024-09-30,20,active,6,S-92ae0a,8159,Enterprise,41,False,monthly,13735,0,0,0,0,2,1,0,,0
A-91e948,2024-10,2024-10-31,21,active,6,S-92ae0a,8159,Enterprise,41,False,monthly,13735,0,0,0,0,2,2,0,,0
A-91e948,2024-11,2024-11-30,22,active,7,S-683e1e,8159,Enterprise,41,False,monthly,21894,0,0,0,0,0,0,0,,0
A-91e948,2024-12,2024-12-31,23,active,7,S-683e1e,8159,Enterprise,41,False,monthly,21894,0,0,0,0,2,2,0,,0
A-9208f0,2023-05,2023-05-31,0,active,1,S-eabdce,2786,Enterprise,14,False,annual,2786,0,0,0,0,1,1,0,,1
A-9208f0,2023-06,2023-06-30,1,active,1,S-eabdce,2786,Enterprise,14,False,annual,2786,0,0,0,0,1,0,1,,1
A-9208f0,2023-07,2023-07-31,2,active,2,S-eabdce,2786,Enterprise,14,False,annual,2786,0,0,0,0,1,0,1,3.00,1
A-9208f0,2023-08,2023-08-31,3,active,3,S-eabdce,2786,Enterprise,14,False,annual,2862,0,0,0,0,2,0,0,,1
A-9208f0,2023-09,2023-09-30,4,active,6,S-eabdce,2786,Enterprise,14,False,annual,3511,0,0,0,0,1,0,1,4.00,1
A-9208f0,2023-10,2023-10-31,5,active,6,S-eabdce,2786,Enterprise,14,False,annual,3511,0,0,0,0,3,3,0,,1
A-9208f0,2023-11,2023-11-30,6,active,6,S-eabdce,2786,Enterprise,14,False,annual,3511,0,0,1,1,2,2,0,,1
A-9208f0,2023-12,2023-12-31,7,active,6,S-eabdce,2786,Enterprise,14,False,annual,3511,0,0,0,0,2,0,0,,1
A-9208f0,2024-01,2024-01-31,8,active,6,S-eabdce,2786,Enterprise,14,False,annual,3511,0,0,0,0,5,4,0,,1
A-9208f0,2024-02,2024-02-29,9,active,6,S-eabdce,2786,Enterprise,14,False,annual,3511,0,0,0,0,1,0,0,,1
A-9208f0,2024-03,2024-03-31,10,active,7,S-eabdce,2786,Enterprise,14,False,annual,3511,0,0,0,0,3,3,0,,1
A-9208f0,2024-04,2024-04-30,11,active,6,S-eabdce,2786,Enterprise,14,False,annual,3413,98,1,0,0,3,3,0,,1
A-9208f0,2024-05,2024-05-31,12,active,6,S-eabdce,2786,Enterprise,14,False,annual,3413,0,0,1,1,4,2,0,,1
A-9208f0,2024-06,2024-06-30,13,active,6,S-eabdce,2786,Enterprise,14,False,annual,3413,0,0,0,0,7,4,0,,1
A-9208f0,2024-07,2024-07-31,14,active,6,S-eabdce,2786,Enterprise,14,False,annual,3413,0,0,0,0,1,1,0,,1
A-9208f0,2024-08,2024-08-31,15,active,7,S-eabdce,2786,Enterprise,14,False,annual,3413,0,0,0,0,2,2,0,,1
A-9208f0,2024-09,2024-09-30,16,active,7,S-eabdce,2786,Enterprise,14,False,annual,3413,0,0,1,1,3,2,0,,1
A-9208f0,2024-10,2024-10-31,17,active,7,S-eabdce,2786,Enterprise,14,False,annual,3413,0,0,0,0,1,0,0,,1
A-9208f0,2024-11,2024-11-30,18,active,7,S-eabdce,2786,Enterprise,14,False,annual,3413,0,0,1,1,2,2,0,,1
A-9208f0,2024-12,2024-12-31,19,active,7,S-eabdce,2786,Enterprise,14,False,annual,3413,0,0,0,0,1,1,1,3.00,1
A-922109,2024-01,2024-01-31,0,inactive,0,,0,,0,,,0,0,0,0,0,3,0,0,,0
A-922109,2024-02,2024-02-29,1,inactive,0,,0,,0,,,0,0,0,0,0,6,0,0,,0
A-922109,2024-03,2024-03-31,2,active,1,S-5c4ef1,1862,Pro,38,False,annual,1862,0,0,0,0,2,0,0,,0
A-922109,2024-04,2024-04-30,3,active,3,S-5c4ef1,1862,Pro,38,False,annual,3377,0,0,0,0,3,0,1,3.00,0
A-922109,2024-05,2024-05-31,4,active,3,S-5c4ef1,1862,Pro,38,False,annual,3377,0,0,0,0,5,1,0,,0
A-922109,2024-06,2024-06-30,5,active,3,S-5c4ef1,1862,Pro,38,False,annual,3377,0,0,0,0,5,1,0,,0
A-922109,2024-07,2024-07-31,6,active,6,S-8e5d9f,8159,Enterprise,41,False,monthly,12124,0,0,0,0,4,1,0,,0
A-922109,2024-08,2024-08-31,7,active,7,S-8e5d9f,8159,Enterprise,41,False,monthly,12124,0,0,1,1,4,2,0,,0
A-922109,2024-09,2024-09-30,8,active,8,S-8e5d9f,8159,Enterprise,41,False,monthly,12516,0,0,0,0,4,1,0,,0
A-922109,2024-10,2024-10-31,9,active,9,S-8e5d9f,8159,Enterprise,41,False,monthly,12516,0,0,0,0,1,1,0,,0
A-922109,2024-11,2024-11-30,10,active,12,S-8e5d9f,8159,Enterprise,41,False,monthly,14118,0,0,0,0,6,3,0,,0
A-922109,2024-12,2024-12-31,11,active,12,S-8e5d9f,8159,Enterprise,41,False,monthly,13677,441,1,1,1,2,2,0,,0
A-9289f6,2023-05,2023-05-31,0,inactive,0,,0,,0,,,0,0,0,0,0,5,0,0,,0
A-9289f6,2023-06,2023-06-30,1,inactive,0,,0,,0,,,0,0,0,0,0,4,0,2,5.00,0
A-9289f6,2023-07,2023-07-31,2,active,1,S-e768c6,418,Basic,22,False,annual,418,228,1,0,0,3,0,0,,0
A-9289f6,2023-08,2023-08-31,3,active,1,S-e768c6,418,Basic,22,False,annual,418,0,0,1,1,4,0,0,,0
A-9289f6,2023-09,2023-09-30,4,active,1,S-e768c6,418,Basic,22,False,annual,418,0,0,0,0,1,0,1,,0
A-9289f6,2023-10,2023-10-31,5,active,1,S-e768c6,418,Basic,22,False,annual,418,0,0,0,0,1,0,1,3.00,0
A-9289f6,2023-11,2023-11-30,6,active,2,S-e768c6,418,Basic,22,False,annual,418,0,0,0,0,1,0,0,,0
A-9289f6,2023-12,2023-12-31,7,active,3,S-e768c6,418,Basic,22,False,annual,437,0,0,0,0,3,0,0,,0
A-9289f6,2024-01,2024-01-31,8,active,3,S-e768c6,418,Basic,22,False,annual,437,0,0,0,0,3,0,0,,0
A-9289f6,2024-02,2024-02-29,9,active,3,S-e768c6,418,Basic,22,False,annual,437,0,0,0,0,3,1,0,,0
A-9289f6,2024-03,2024-03-31,10,active,5,S-c99814,3969,Pro,81,False,monthly,6396,0,0,0,0,0,0,0,,0
A-9289f6,2024-04,2024-04-30,11,active,6,S-c99814,3969,Pro,81,False,monthly,7964,0,0,0,0,3,3,0,,0
A-9289f6,2024-05,2024-05-31,12,active,6,S-c99814,3969,Pro,81,False,monthly,7964,0,0,0,0,2,2,0,,0
A-9289f6,2024-06,2024-06-30,13,active,6,S-c99814,3969,Pro,81,False,monthly,7964,0,0,0,0,2,1,0,,0
A-9289f6,2024-07,2024-07-31,14,active,6,S-c99814,3969,Pro,81,False,monthly,7964,0,0,0,0,5,1,0,,0
A-9289f6,2024-08,2024-08-31,15,active,6,S-c99814,3969,Pro,81,False,monthly,7964,0,0,0,0,4,2,0,,0
A-9289f6,2024-09,2024-09-30,16,active,7,S-c99814,3969,Pro,81,False,monthly,11347,0,0,0,0,1,0,0,,0
A-9289f6,2024-10,2024-10-31,17,active,7,S-c99814,3969,Pro,81,False,monthly,11347,0,0,0,0,4,2,1,5.00,0
A-9289f6,2024-11,2024-11-30,18,active,8,S-c99814,3969,Pro,81,False,monthly,11396,0,0,0,0,5,2,0,,0
A-9289f6,2024-12,2024-12-31,19,active,11,S-c99814,3969,Pro,81,False,monthly,12868,0,0,0,0,0,0,1,,0
A-92a333,2023-03,2023-03-31,0,inactive,0,,0,,0,,,0,0,0,0,0,3,0,0,,0
A-92a333,2023-04,2023-04-30,1,inactive,0,,0,,0,,,0,0,0,0,0,0,0,0,,0
A-92a333,2023-05,2023-05-31,2,inactive,0,,0,,0,,,0,0,0,0,0,3,0,1,,0
A-92a333,2023-06,2023-06-30,3,inactive,0,,0,,0,,,0,0,0,0,0,0,0,1,,0
A-92a333,2023-07,2023-07-31,4,inactive,0,,0,,0,,,0,0,0,0,0,1,0,0,,0
A-92a333,2023-08,2023-08-31,5,active,2,S-7c635b,6567,Enterprise,33,False,annual,6738,0,0,0,0,3,1,0,,0
A-92a333,2023-09,2023-09-30,6,active,2,S-7c635b,6567,Enterprise,33,False,annual,6738,0,0,0,0,0,0,0,,0
A-92a333,2023-10,2023-10-31,7,active,2,S-7c635b,6567,Enterprise,33,False,annual,6738,0,0,0,0,2,0,0,,0
A-92a333,2023-11,2023-11-30,8,active,2,S-7c635b,6567,Enterprise,33,False,annual,6738,0,0,0,0,4,0,1,,0
A-92a333,2023-12,2023-12-31,9,active,2,S-7c635b,6567,Enterprise,33,False,annual,6738,0,0,0,0,0,0,0,,0
A-92a333,2024-01,2024-01-31,10,active,2,S-7c635b,6567,Enterprise,33,False,annual,6738,0,0,0,0,3,0,0,,0
A-92a333,2024-02,2024-02-29,11,active,3,S-7c635b,6567,Enterprise,33,False,annual,7424,0,0,0,0,0,0,0,,0
A-92a333,2024-03,2024-03-31,12,active,4,S-7c635b,6567,Enterprise,33,False,annual,9215,0,0,0,0,3,3,0,,0
A-92a333,2024-04,2024-04-30,13,active,4,S-7c635b,6567,Enterprise,33,False,annual,9215,0,0,0,0,2,2,0,,0
A-92a333,2024-05,2024-05-31,14,active,4,S-7c635b,6567,Enterprise,33,False,annual,9215,0,0,0,0,0,0,0,,0
A-92a333,2024-06,2024-06-30,15,active,4,S-7c635b,6567,Enterprise,33,False,annual,9215,0,0,0,0,0,0,1,,0
A-92a333,2024-07,2024-07-31,16,active,6,S-7c635b,6567,Enterprise,33,False,annual,10659,0,0,0,0,1,1,0,,0
A-92a333,2024-08,2024-08-31,17,active,6,S-7c635b,6567,Enterprise,33,False,annual,10659,0,0,0,0,1,1,0,,0
A-92a333,2024-09,2024-09-30,18,active,6,S-7c635b,6567,Enterprise,33,False,annual,10659,0,0,0,0,3,3,0,,0
A-92a333,2024-10,2024-10-31,19,active,6,S-7c635b,6567,Enterprise,33,False,annual,10659,0,0,0,0,3,3,0,,0
A-92a333,2024-11,2024-11-30,20,active,6,S-7c635b,6567,Enterprise,33,False,annual,10659,0,0,0,0,3,3,0,,0
A-92a333,2024-12,2024-12-31,21,active,6,S-7c635b,6567,Enterprise,33,False,annual,10659,0,0,0,0,1,1,0,,0
A-92a3af,2024-07,2024-07-31,0,active,2,S-e874c1,1666,Pro,34,False,monthly,2891,0,0,0,0,4,0,0,,0
A-92a3af,2024-08,2024-08-31,1,active,3,S-75c438,1666,Pro,34,False,monthly,4557,0,0,0,0,3,0,0,,0
A-92a3af,2024-09,2024-09-30,2,active,7,S-7d5bf1,5373,Enterprise,27,False,monthly,21350,0,0,0,0,1,0,0,,0
A-92a3af,2024-10,2024-10-31,3,active,9,S-7d5bf1,5373,Enterprise,27,False,monthly,26348,0,0,0,0,5,3,0,,0
A-92a3af,2024-11,2024-11-30,4,active,11,S-6a9918,6965,Enterprise,35,False,annual,34538,0,0,0,0,4,4,0,,0
A-92a3af,2024-12,2024-12-31,5,active,11,S-6a9918,6965,Enterprise,35,False,annual,34538,0,0,0,0,2,2,0,,0
A-940b8b,2024-03,2024-03-31,0,inactive,0,,0,,0,,,0,0,0,0,0,2,0,0,,0
A-940b8b,2024-04,2024-04-30,1,active,2,S-85de7a,6368,Enterprise,32,False,annual,7544,0,0,0,0,3,0,0,,0
A-940b8b,2024-05,2024-05-31,2,active,3,S-85de7a,6368,Enterprise,32,False,annual,8608,0,0,0,0,1,0,0,,0
A-940b8b,2024-06,2024-06-30,3,active,5,S-85de7a,6368,Enterprise,32,False,annual,8807,0,0,0,0,1,0,0,,0
A-940b8b,2024-07,2024-07-31,4,active,5,S-85de7a,6368,Enterprise,32,False,annual,8807,0,0,0,0,1,0,0,,0
A-940b8b,2024-08,2024-08-31,5,active,5,S-85de7a,6368,Enterprise,32,False,annual,8807,0,0,0,0,3,0,0,,0
A-940b8b,2024-09,2024-09-30,6,active,7,S-85de7a,6368,Enterprise,32,False,annual,9640,0,0,0,0,2,2,0,,0
A-940b8b,2024-10,2024-10-31,7,active,7,S-85de7a,6368,Enterprise,32,False,annual,9640,0,0,0,0,1,0,1,,0
A-940b8b,2024-11,2024-11-30,8,active,8,S-85de7a,6368,Enterprise,32,False,annual,9640,0,0,0,0,0,0,0,,0
A-940b8b,2024-12,2024-12-31,9,active,8,S-85de7a,6368,Enterprise,32,False,annual,9640,0,0,0,0,0,0,0,,0
A-94c3cd,2023-09,2023-09-30,0,inactive,0,,0,,0,,,0,0,0,0,0,2,0,0,,0
A-94c3cd,2023-10,2023-10-31,1,inactive,0,,0,,0,,,0,0,0,0,0,1,0,0,,0
A-94c3cd,2023-11,2023-11-30,2,inactive,0,,0,,0,,,0,0,0,0,0,2,0,1,,0
A-94c3cd,2023-12,2023-12-31,3,inactive,0,,0,,0,,,0,0,0,0,0,2,0,0,,0
A-94c3cd,2024-01,2024-01-31,4,active,1,S-5c2991,0,Enterprise,32,True,annual,0,0,0,0,0,4,0,0,,0
A-94c3cd,2024-02,2024-02-29,5,active,1,S-5c2991,0,Enterprise,32,True,annual,0,0,0,0,0,1,0,0,,0
A-94c3cd,2024-03,2024-03-31,6,active,1,S-5c2991,0,Enterprise,32,True,annual,0,0,0,0,0,1,0,0,,0
A-94c3cd,2024-04,2024-04-30,7,active,1,S-5c2991,0,Enterprise,32,True,annual,0,0,0,0,0,1,0,0,,0
A-94c3cd,2024-05,2024-05-31,8,active,1,S-5c2991,0,Enterprise,32,True,annual,0,0,0,0,0,1,1,0,,0
A-94c3cd,2024-06,2024-06-30,9,active,1,S-5c2991,0,Enterprise,32,True,annual,0,0,0,0,0,2,1,0,,0
A-94c3cd,2024-07,2024-07-31,10,active,2,S-91419b,1813,Pro,37,False,annual,1813,0,0,0,0,1,0,0,,0
A-94c3cd,2024-08,2024-08-31,11,active,3,S-91419b,1813,Pro,37,False,annual,1813,0,0,0,0,0,0,1,3.00,0
A-94c3cd,2024-09,2024-09-30,12,active,4,S-91419b,1813,Pro,37,False,annual,2668,0,0,0,0,2,2,0,,0
A-94c3cd,2024-10,2024-10-31,13,active,4,S-91419b,1813,Pro,37,False,annual,2668,0,0,0,0,1,1,0,,0
A-94c3cd,2024-11,2024-11-30,14,active,5,S-91419b,1813,Pro,37,False,annual,2668,0,0,0,0,0,0,0,,0
A-94c3cd,2024-12,2024-12-31,15,active,6,S-c43200,6368,Enterprise,32,False,monthly,9036,0,0,0,0,2,2,0,,0
A-94d3da,2023-05,2023-05-31,0,inactive,0,,0,,0,,,0,0,0,0,0,2,0,0,,0
A-94d3da,2023-06,2023-06-30,1,active,3,S-5480a7,8159,Enterprise,41,False,annual,12177,0,0,0,0,4,0,0,,0
A-94d3da,2023-07,2023-07-31,2,active,3,S-5480a7,8159,Enterprise,41,False,annual,12177,0,0,0,0,5,1,0,,0
A-94d3da,2023-08,2023-08-31,3,active,3,S-5480a7,8159,Enterprise,41,False,annual,12177,0,0,0,0,2,0,0,,0
A-94d3da,2023-09,2023-09-30,4,active,5,S-5480a7,8159,Enterprise,41,False,annual,12177,0,0,0,0,4,0,1,,0
A-94d3da,2023-10,2023-10-31,5,active,4,S-5480a7,8159,Enterprise,41,False,annual,10168,2009,1,0,0,1,0,0,,0
A-94d3da,2023-11,2023-11-30,6,active,4,S-5480a7,8159,Enterprise,41,False,annual,10168,0,0,0,0,0,0,0,,0
A-94d3da,2023-12,2023-12-31,7,active,6,S-5480a7,8159,Enterprise,41,False,annual,11726,0,0,0,0,3,0,0,,0
A-94d3da,2024-01,2024-01-31,8,active,6,S-5480a7,8159,Enterprise,41,False,annual,11726,0,0,0,0,1,0,0,,0
A-94d3da,2024-02,2024-02-29,9,active,7,S-5480a7,8159,Enterprise,41,False,annual,11726,0,0,0,0,3,1,0,,0
A-94d3da,2024-03,2024-03-31,10,active,8,S-5480a7,8159,Enterprise,41,False,annual,11726,0,0,0,0,3,2,0,,0
A-94d3da,2024-04,2024-04-30,11,active,8,S-5480a7,8159,Enterprise,41,False,annual,11726,0,0,1,1,4,2,0,,0
A-94d3da,2024-05,2024-05-31,12,active,8,S-5480a7,8159,Enterprise,41,False,annual,11726,0,0,0,0,0,0,0,,0
A-94d3da,2024-06,2024-06-30,13,active,8,S-5480a7,8159,Enterprise,41,False,annual,11726,0,0,0,0,1,1,1,3.00,0
A-94d3da,2024-07,2024-07-31,14,active,8,S-5480a7,8159,Enterprise,41,False,annual,11726,0,0,0,0,2,2,0,,0
A-94d3da,2024-08,2024-08-31,15,active,9,S-5480a7,8159,Enterprise,41,False,annual,11726,0,0,0,0,0,0,1,5.00,0
A-94d3da,2024-09,2024-09-30,16,active,10,S-ffb6cc,8159,Enterprise,41,False,monthly,19885,0,0,0,0,1,1,0,,0
A-94d3da,2024-10,2024-10-31,17,active,11,S-ffb6cc,8159,Enterprise,41,False,monthly,20664,0,0,0,0,3,2,0,,0
A-94d3da,2024-11,2024-11-30,18,active,11,S-ffb6cc,8159,Enterprise,41,False,monthly,20664,0,0,0,0,1,0,1,3.00,0
A-94d3da,2024-12,2024-12-31,19,active,11,S-ffb6cc,8159,Enterprise,41,False,monthly,20664,0,0,0,0,1,1,1,,0
A-94f8c9,2024-03,2024-03-31,0,inactive,0,,0,,0,,,0,0,0,0,0,2,0,0,,0
A-94f8c9,2024-04,2024-04-30,1,active,3,S-25ee09,2587,Enterprise,13,False,monthly,3224,0,0,0,0,3,1,0,,0
A-94f8c9,2024-05,2024-05-31,2,active,2,S-25ee09,2587,Enterprise,13,False,monthly,3224,0,1,1,1,3,2,0,,0
A-94f8c9,2024-06,2024-06-30,3,active,4,S-25ee09,2587,Enterprise,13,False,monthly,4630,0,0,0,0,3,1,0,,0
A-94f8c9,2024-07,2024-07-31,4,active,6,S-5e572d,2587,Enterprise,13,False,annual,7217,0,0,0,0,1,0,0,,0
A-94f8c9,2024-08,2024-08-31,5,active,8,S-55ef07,2587,Enterprise,13,False,annual,12391,0,0,0,0,2,0,1,,0
A-94f8c9,2024-09,2024-09-30,6,active,8,S-55ef07,2587,Enterprise,13,False,annual,12391,0,0,0,0,4,1,0,,0
A-94f8c9,2024-10,2024-10-31,7,active,10,S-cc3f3d,3383,Enterprise,17,False,annual,16021,0,0,0,0,8,4,0,,0
A-94f8c9,2024-11,2024-11-30,8,active,12,S-ccdf41,3383,Enterprise,17,False,monthly,21991,0,0,0,0,2,2,0,,0
A-94f8c9,2024-12,2024-12-31,9,active,15,S-54daa5,7164,Enterprise,36,False,annual,31989,0,0,0,0,1,1,0,,0
A-956988,2024-11,2024-11-30,0,inactive,0,,0,,0,,,0,0,0,0,0,2,0,1,3.00,0
A-956988,2024-12,2024-12-31,1,active,12,S-c069ab,10945,Enterprise,55,False,annual,29407,0,1,1,2,2,1,0,,0
A-95b24a,2023-06,2023-06-30,0,inactive,0,,0,,0,,,0,0,0,0,0,6,0,0,,1
A-95b24a,2023-07,2023-07-31,1,active,3,S-0ed7be,2303,Pro,47,False,monthly,4887,0,0,0,0,6,1,1,4.00,1
A-95b24a,2023-08,2023-08-31,2,active,3,S-0ed7be,2303,Pro,47,False,monthly,4887,0,0,0,0,3,0,1,,1
A-95b24a,2023-09,2023-09-30,3,active,3,S-0ed7be,2303,Pro,47,False,monthly,4887,0,0,0,0,2,0,0,,1
A-95b24a,2023-10,2023-10-31,4,active,5,S-a29ba3,7562,Enterprise,38,False,monthly,13171,0,0,0,0,2,1,0,,1
A-95b24a,2023-11,2023-11-30,5,active,5,S-a29ba3,7562,Enterprise,38,False,monthly,13171,0,0,0,0,0,0,1,3.00,1
A-95b24a,2023-12,2023-12-31,6,active,6,S-a29ba3,7562,Enterprise,38,False,monthly,13893,0,0,0,0,3,2,0,,1
A-95b24a,2024-01,2024-01-31,7,active,7,S-b9ff15,8557,Enterprise,43,False,annual,22450,0,0,0,0,1,1,0,,1
A-95b24a,2024-02,2024-02-29,8,active,7,S-b9ff15,8557,Enterprise,43,False,annual,22450,0,0,0,0,2,1,1,5.00,1
A-95b24a,2024-03,2024-03-31,9,active,7,S-b9ff15,8557,Enterprise,43,False,annual,22450,0,0,0,0,1,1,1,5.00,1
A-95b24a,2024-04,2024-04-30,10,active,7,S-b9ff15,8557,Enterprise,43,False,annual,22450,0,0,0,0,4,1,0,,1
A-95b24a,2024-05,2024-05-31,11,active,7,S-b9ff15,8557,Enterprise,43,False,annual,22450,0,0,0,0,1,1,0,,1
A-95b24a,2024-06,2024-06-30,12,active,9,S-b9ff15,8557,Enterprise,43,False,annual,24312,0,0,0,0,2,1,0,,1
A-95b24a,2024-07,2024-07-31,13,active,9,S-b9ff15,8557,Enterprise,43,False,annual,24312,0,0,0,0,1,1,0,,1
A-95b24a,2024-08,2024-08-31,14,active,9,S-b9ff15,8557,Enterprise,43,False,annual,24312,0,0,0,0,2,2,0,,1
A-95b24a,2024-09,2024-09-30,15,active,10,S-b9ff15,8557,Enterprise,43,False,annual,25034,0,0,0,0,1,1,0,,1
A-95b24a,2024-10,2024-10-31,16,active,11,S-b9ff15,8557,Enterprise,43,False,annual,25034,0,0,0,0,4,3,0,,1
A-95b24a,2024-11,2024-11-30,17,active,11,S-b9ff15,8557,Enterprise,43,False,annual,25034,0,0,0,0,4,4,0,,1
A-95b24a,2024-12,2024-12-31,18,active,11,S-b9ff15,8557,Enterprise,43,False,annual,25034,0,0,0,0,3,3,0,,1
A-96215d,2024-08,2024-08-31,0,active,1,S-ccd045,1990,Enterprise,10,False,monthly,1990,0,0,0,0,2,1,0,,0
A-96215d,2024-09,2024-09-30,1,active,4,S-f1ffee,3184,Enterprise,16,False,annual,8793,0,0,0,0,3,1,0,,0
A-96215d,2024-10,2024-10-31,2,active,5,S-f1ffee,3184,Enterprise,16,False,annual,9822,0,0,0,0,0,0,0,,0
A-96215d,2024-11,2024-11-30,3,active,6,S-f1ffee,3184,Enterprise,16,False,annual,10312,0,0,0,0,2,2,0,,0
A-96215d,2024-12,2024-12-31,4,active,6,S-f1ffee,3184,Enterprise,16,False,annual,10312,0,0,0,0,2,2,0,,0
A-96bbc6,2024-05,2024-05-31,0,active,2,S-31d8aa,1911,Pro,39,False,annual,3822,0,0,0,0,1,0,0,,0
A-96bbc6,2024-06,2024-06-30,1,active,3,S-15d2d2,7761,Enterprise,39,False,monthly,11583,0,0,1,1,2,0,0,,0
A-96bbc6,2024-07,2024-07-31,2,active,3,S-15d2d2,7761,Enterprise,39,False,monthly,11583,0,0,0,0,0,0,0,,0
A-96bbc6,2024-08,2024-08-31,3,active,3,S-15d2d2,7761,Enterprise,39,False,monthly,11583,0,0,0,0,1,0,0,,0
A-96bbc6,2024-09,2024-09-30,4,active,5,S-15d2d2,7761,Enterprise,39,False,monthly,16630,0,0,0,0,4,3,0,,0
A-96bbc6,2024-10,2024-10-31,5,active,5,S-15d2d2,7761,Enterprise,39,False,monthly,16630,0,0,0,0,4,3,0,,0
A-96bbc6,2024-11,2024-11-30,6,active,5,S-15d2d2,7761,Enterprise,39,False,monthly,16630,0,0,0,0,4,1,0,,0
A-96bbc6,2024-12,2024-12-31,7,active,8,S-9fae95,11144,Enterprise,56,False,annual,30426,0,0,1,2,5,5,0,,0
A-96e141,2023-08,2023-08-31,0,inactive,0,,0,,0,,,0,0,0,0,0,0,0,0,,0
A-96e141,2023-09,2023-09-30,1,inactive,0,,0,,0,,,0,0,0,0,0,1,0,0,,0
A-96e141,2023-10,2023-10-31,2,active,1,S-e57fb8,0,Enterprise,40,True,monthly,0,0,0,0,0,1,0,0,,0
A-96e141,2023-11,2023-11-30,3,active,1,S-e57fb8,0,Enterprise,40,True,monthly,0,0,0,0,0,0,0,1,4.00,0
A-96e141,2023-12,2023-12-31,4,active,2,S-2d51ca,1568,Pro,32,False,monthly,1568,0,0,0,0,3,1,0,,0
A-96e141,2024-01,2024-01-31,5,active,2,S-2d51ca,1568,Pro,32,False,monthly,1568,0,0,0,0,0,0,1,4.00,0
A-96e141,2024-02,2024-02-29,6,active,2,S-2d51ca,1568,Pro,32,False,monthly,1568,0,0,0,0,1,1,0,,0
A-96e141,2024-03,2024-03-31,7,active,3,S-2d51ca,1568,Pro,32,False,monthly,2646,0,0,0,0,0,0,1,,0
A-96e141,2024-04,2024-04-30,8,active,3,S-2d51ca,1568,Pro,32,False,monthly,2646,0,0,0,0,3,0,1,5.00,0
A-96e141,2024-05,2024-05-31,9,active,4,S-9f57f5,2786,Enterprise,14,False,monthly,5432,0,0,0,0,4,2,0,,0
A-96e141,2024-06,2024-06-30,10,active,4,S-9f57f5,2786,Enterprise,14,False,monthly,5432,0,0,0,0,3,2,0,,0
A-96e141,2024-07,2024-07-31,11,active,4,S-9f57f5,2786,Enterprise,14,False,monthly,5432,0,0,1,1,3,1,0,,0
A-96e141,2024-08,2024-08-31,12,active,6,S-984423,4975,Enterprise,25,False,monthly,15183,285,1,0,0,0,0,0,,0
A-96e141,2024-09,2024-09-30,13,active,6,S-984423,4975,Enterprise,25,False,monthly,15183,0,0,1,1,1,1,0,,0
A-96e141,2024-10,2024-10-31,14,active,6,S-984423,4975,Enterprise,25,False,monthly,15183,0,0,0,0,2,2,0,,0
A-96e141,2024-11,2024-11-30,15,active,6,S-984423,4975,Enterprise,25,False,monthly,15183,0,0,0,0,2,1,0,,0
A-96e141,2024-12,2024-12-31,16,active,6,S-984423,4975,Enterprise,25,False,monthly,15183,0,0,0,0,1,1,0,,0
A-970c97,2024-03,2024-03-31,0,active,2,S-0eb2e0,2786,Enterprise,14,False,monthly,5572,0,0,0,0,1,0,0,,0
A-970c97,2024-04,2024-04-30,1,active,2,S-0eb2e0,2786,Enterprise,14,False,monthly,5572,0,0,0,0,0,0,0,,0
A-970c97,2024-05,2024-05-31,2,active,2,S-0eb2e0,2786,Enterprise,14,False,monthly,5572,0,0,0,0,3,2,0,,0
A-970c97,2024-06,2024-06-30,3,active,2,S-0eb2e0,2786,Enterprise,14,False,monthly,5572,0,0,0,0,1,0,0,,0
A-970c97,2024-07,2024-07-31,4,active,4,S-d20d7c,5572,Enterprise,28,False,monthly,11830,0,0,0,0,1,0,0,,0
A-970c97,2024-08,2024-08-31,5,active,4,S-d20d7c,5572,Enterprise,28,False,monthly,11830,0,0,0,0,1,0,0,,0
A-970c97,2024-09,2024-09-30,6,active,4,S-d20d7c,5572,Enterprise,28,False,monthly,11830,0,0,0,0,0,0,0,,0
A-970c97,2024-10,2024-10-31,7,active,4,S-d20d7c,5572,Enterprise,28,False,monthly,11830,0,0,0,0,2,1,0,,0
A-970c97,2024-11,2024-11-30,8,active,6,S-d20d7c,5572,Enterprise,28,False,monthly,13937,0,0,0,0,2,1,0,,0
A-970c97,2024-12,2024-12-31,9,active,7,S-d20d7c,5572,Enterprise,28,False,monthly,14868,513,1,0,0,3,2,0,,0
A-9779ad,2024-03,2024-03-31,0,inactive,0,,0,,0,,,0,0,0,0,0,1,0,0,,1
A-9779ad,2024-04,2024-04-30,1,active,1,S-0638dc,7960,Enterprise,40,False,annual,7960,0,0,1,1,4,0,0,,1
A-9779ad,2024-05,2024-05-31,2,active,2,S-f4d491,7960,Enterprise,40,False,monthly,15920,0,0,0,0,2,0,0,,1
A-9779ad,2024-06,2024-06-30,3,active,3,S-6c3700,7960,Enterprise,40,False,annual,23880,0,0,0,0,1,0,0,,1
A-9779ad,2024-07,2024-07-31,4,active,5,S-79bf38,7960,Enterprise,40,False,monthly,31840,0,0,0,0,2,0,0,,1
A-9779ad,2024-08,2024-08-31,5,active,6,S-79bf38,7960,Enterprise,40,False,monthly,33800,0,0,1,2,1,1,0,,1
A-9779ad,2024-09,2024-09-30,6,active,7,S-79bf38,7960,Enterprise,40,False,monthly,35760,0,0,0,0,1,1,0,,1
A-9779ad,2024-10,2024-10-31,7,active,9,S-bf9e6d,7960,Enterprise,40,False,annual,43720,0,0,0,0,1,1,2,5.00,1
A-9779ad,2024-11,2024-11-30,8,active,9,S-bf9e6d,7960,Enterprise,40,False,annual,43720,0,0,0,0,3,3,0,,1
A-9779ad,2024-12,2024-12-31,9,active,10,S-0896bc,7960,Enterprise,40,False,monthly,51680,0,0,0,0,1,1,0,,1
A-977ca0,2023-02,2023-02-28,0,active,1,S-ea5984,1194,Enterprise,6,False,annual,1194,0,0,0,0,2,0,0,,1
A-977ca0,2023-03,2023-03-31,1,active,2,S-ea5984,1194,Enterprise,6,False,annual,1688,0,0,0,0,4,0,0,,1
A-977ca0,2023-04,2023-04-30,2,active,4,S-e31e0c,4508,Pro,92,False,monthly,7029,0,0,0,0,2,0,0,,1
A-977ca0,2023-05,2023-05-31,3,active,4,S-e31e0c,4508,Pro,92,False,monthly,7029,0,0,0,0,3,2,0,,1
A-977ca0,2023-06,2023-06-30,4,active,5,S-e31e0c,4508,Pro,92,False,monthly,7029,0,0,0,0,3,0,1,,1
A-977ca0,2023-07,2023-07-31,5,active,5,S-e31e0c,4508,Pro,92,False,monthly,7029,0,0,0,0,5,4,0,,1
A-977ca0,2023-08,2023-08-31,6,active,6,S-e746d2,18109,Enterprise,91,False,monthly,25138,0,0,0,0,3,0,0,,1
A-977ca0,2023-09,2023-09-30,7,active,6,S-e746d2,18109,Enterprise,91,False,monthly,25138,0,0,0,0,4,1,1,,1
A-977ca0,2023-10,2023-10-31,8,active,7,S-e746d2,18109,Enterprise,91,False,monthly,25347,0,0,0,0,5,2,0,,1
A-977ca0,2023-11,2023-11-30,9,active,7,S-e746d2,18109,Enterprise,91,False,monthly,25347,0,0,0,0,2,2,0,,1
A-977ca0,2023-12,2023-12-31,10,active,7,S-e746d2,18109,Enterprise,91,False,monthly,25347,0,0,0,0,5,1,0,,1
A-977ca0,2024-01,2024-01-31,11,active,8,S-e746d2,18109,Enterprise,91,False,monthly,25461,0,0,0,0,4,0,0,,1
A-977ca0,2024-02,2024-02-29,12,active,9,S-e746d2,18109,Enterprise,91,False,monthly,25461,0,0,0,0,2,2,0,,1
A-977ca0,2024-03,2024-03-31,13,active,10,S-e746d2,18109,Enterprise,91,False,monthly,25755,0,0,0,0,4,1,0,,1
A-977ca0,2024-04,2024-04-30,14,active,12,S-e746d2,18109,Enterprise,91,False,monthly,25755,0,0,0,0,2,2,0,,1
A-977ca0,2024-05,2024-05-31,15,active,12,S-e746d2,18109,Enterprise,91,False,monthly,25755,0,0,0,0,3,2,0,,1
A-977ca0,2024-06,2024-06-30,16,active,11,S-e746d2,18109,Enterprise,91,False,monthly,25641,114,1,0,0,2,1,0,,1
A-977ca0,2024-07,2024-07-31,17,active,13,S-e746d2,18109,Enterprise,91,False,monthly,27540,0,0,0,0,2,2,0,,1
A-977ca0,2024-08,2024-08-31,18,active,14,S-e746d2,18109,Enterprise,91,False,monthly,29255,0,0,0,0,6,6,0,,1
A-977ca0,2024-09,2024-09-30,19,active,14,S-e746d2,18109,Enterprise,91,False,monthly,29255,0,0,0,0,2,1,0,,1
A-977ca0,2024-10,2024-10-31,20,active,14,S-e746d2,18109,Enterprise,91,False,monthly,29255,0,0,0,0,6,6,0,,1
A-977ca0,2024-11,2024-11-30,21,active,14,S-e746d2,18109,Enterprise,91,False,monthly,29255,686,1,0,0,4,3,1,4.00,1
A-977ca0,2024-12,2024-12-31,22,active,14,S-e746d2,18109,Enterprise,91,False,monthly,29255,0,0,0,0,5,4,0,,1
A-98a59a,2023-08,2023-08-31,0,inactive,0,,0,,0,,,0,0,0,0,0,1,0,0,,0
A-98a59a,2023-09,2023-09-30,1,active,2,S-390955,2744,Pro,56,False,monthly,3808,0,0,0,0,1,0,0,,0
A-98a59a,2023-10,2023-10-31,2,active,2,S-390955,2744,Pro,56,False,monthly,3808,0,0,0,0,2,0,0,,0
A-98a59a,2023-11,2023-11-30,3,active,4,S-2bc860,2744,Pro,56,False,monthly,7616,0,0,0,0,3,0,0,,0
A-98a59a,2023-12,2023-12-31,4,active,4,S-2bc860,2744,Pro,56,False,monthly,7616,0,0,0,0,2,1,0,,0
A-98a59a,2024-01,2024-01-31,5,active,4,S-2bc860,2744,Pro,56,False,monthly,7616,0,0,0,0,2,1,0,,0
A-98a59a,2024-02,2024-02-29,6,active,5,S-4faeb9,2744,Pro,56,False,monthly,10360,0,0,0,0,1,1,0,,0
A-98a59a,2024-03,2024-03-31,7,active,5,S-4faeb9,2744,Pro,56,False,monthly,10360,0,0,0,0,3,2,0,,0
A-98a59a,2024-04,2024-04-30,8,active,5,S-4faeb9,2744,Pro,56,False,monthly,10360,0,0,0,0,1,0,0,,0
A-98a59a,2024-05,2024-05-31,9,active,6,S-4faeb9,2744,Pro,56,False,monthly,11424,0,0,0,0,3,1,0,,0
A-98a59a,2024-06,2024-06-30,10,active,6,S-4faeb9,2744,Pro,56,False,monthly,11424,0,0,0,0,3,2,0,,0
A-98a59a,2024-07,2024-07-31,11,active,6,S-4faeb9,2744,Pro,56,False,monthly,11424,0,0,0,0,5,2,0,,0
A-98a59a,2024-08,2024-08-31,12,active,8,S-b0ed51,11144,Enterprise,56,False,monthly,22568,0,0,0,0,1,1,0,,0
A-98a59a,2024-09,2024-09-30,13,active,9,S-3b5458,11144,Enterprise,56,False,monthly,33712,0,0,1,1,0,0,1,5.00,0
A-98a59a,2024-10,2024-10-31,14,active,10,S-3b5458,11144,Enterprise,56,False,monthly,36456,0,0,0,0,2,1,0,,0
A-98a59a,2024-11,2024-11-30,15,active,10,S-3b5458,11144,Enterprise,56,False,monthly,36456,0,0,0,0,1,1,0,,0
A-98a59a,2024-12,2024-12-31,16,active,10,S-3b5458,11144,Enterprise,56,False,monthly,36456,0,0,0,0,1,1,1,4.00,0
A-993085,2023-06,2023-06-30,0,inactive,0,,0,,0,,,0,0,0,0,0,3,0,0,,0
A-993085,2023-07,2023-07-31,1,inactive,0,,0,,0,,,0,0,0,0,0,2,0,0,,0
A-993085,2023-08,2023-08-31,2,active,3,S-b76de2,1519,Pro,31,False,annual,2697,0,0,0,0,4,0,0,,0
A-993085,2023-09,2023-09-30,3,active,5,S-f5bef8,7960,Enterprise,40,False,monthly,16826,0,0,1,1,5,2,0,,0
A-993085,2023-10,2023-10-31,4,active,7,S-22f848,9751,Enterprise,49,False,annual,32746,0,0,0,0,5,1,0,,0
A-993085,2023-11,2023-11-30,5,active,8,S-22f848,9751,Enterprise,49,False,annual,33335,0,0,0,0,1,1,0,,0
A-993085,2023-12,2023-12-31,6,active,8,S-22f848,9751,Enterprise,49,False,annual,33335,0,0,0,0,2,2,0,,0
A-993085,2024-01,2024-01-31,7,active,8,S-22f848,9751,Enterprise,49,False,annual,33335,0,0,1,1,2,0,0,,0
A-993085,2024-02,2024-02-29,8,active,8,S-22f848,9751,Enterprise,49,False,annual,33335,0,0,0,0,2,2,1,4.00,0
A-993085,2024-03,2024-03-31,9,active,8,S-22f848,9751,Enterprise,49,False,annual,33335,0,0,0,0,1,1,1,,0
A-993085,2024-04,2024-04-30,10,active,8,S-22f848,9751,Enterprise,49,False,annual,33335,0,0,0,0,4,1,0,,0
A-993085,2024-05,2024-05-31,11,active,9,S-22f848,9751,Enterprise,49,False,annual,33335,0,0,0,0,3,3,0,,0
A-993085,2024-06,2024-06-30,12,active,10,S-22f848,9751,Enterprise,49,False,annual,34854,0,0,0,0,1,1,1,,0
A-993085,2024-07,2024-07-31,13,active,10,S-22f848,9751,Enterprise,49,False,annual,34854,0,0,0,0,3,2,0,,0
A-993085,2024-08,2024-08-31,14,active,11,S-22f848,9751,Enterprise,49,False,annual,35443,0,0,0,0,6,5,0,,0
A-993085,2024-09,2024-09-30,15,active,14,S-22f848,9751,Enterprise,49,False,annual,40098,0,0,0,0,4,3,0,,0
A-993085,2024-10,2024-10-31,16,active,15,S-22f848,9751,Enterprise,49,False,annual,48456,0,0,0,0,2,2,0,,0
A-993085,2024-11,2024-11-30,17,active,14,S-22f848,9751,Enterprise,49,False,annual,40098,8358,1,0,0,2,2,0,,0
A-993085,2024-12,2024-12-31,18,active,14,S-22f848,9751,Enterprise,49,False,annual,40098,0,0,0,0,2,2,1,3.00,0
A-9a532a,2024-07,2024-07-31,0,inactive,0,,0,,0,,,0,0,0,0,0,1,0,0,,0
A-9a532a,2024-08,2024-08-31,1,active,1,S-255846,6567,Enterprise,33,False,monthly,6567,0,0,0,0,3,0,0,,0
A-9a532a,2024-09,2024-09-30,2,active,3,S-255846,6567,Enterprise,33,False,monthly,8756,0,0,0,0,0,0,0,,0
A-9a532a,2024-10,2024-10-31,3,active,4,S-255846,6567,Enterprise,33,False,monthly,10945,0,0,0,0,2,1,0,,0
A-9a532a,2024-11,2024-11-30,4,active,4,S-255846,6567,Enterprise,33,False,monthly,10945,0,0,0,0,0,0,0,,0
A-9a532a,2024-12,2024-12-31,5,active,4,S-255846,6567,Enterprise,33,False,monthly,10945,0,0,0,0,0,0,0,,0
A-9affe6,2023-03,2023-03-31,0,inactive,0,,0,,0,,,0,0,0,0,0,1,0,0,,0
A-9affe6,2023-04,2023-04-30,1,active,1,S-e0a991,1393,Enterprise,7,False,monthly,1393,0,0,0,0,2,1,0,,0
A-9affe6,2023-05,2023-05-31,2,active,1,S-e0a991,1393,Enterprise,7,False,monthly,1393,0,0,0,0,3,0,0,,0
A-9affe6,2023-06,2023-06-30,3,active,2,S-e0a991,1393,Enterprise,7,False,monthly,1526,0,0,0,0,2,1,0,,0
A-9affe6,2023-07,2023-07-31,4,active,2,S-e0a991,1393,Enterprise,7,False,monthly,1526,0,0,0,0,2,1,1,3.00,0
A-9affe6,2023-08,2023-08-31,5,active,2,S-e0a991,1393,Enterprise,7,False,monthly,1526,0,0,0,0,2,0,0,,0
A-9affe6,2023-09,2023-09-30,6,active,3,S-e0a991,1393,Enterprise,7,False,monthly,2590,0,0,0,0,3,1,0,,0
A-9affe6,2023-10,2023-10-31,7,active,4,S-c2a6cb,1393,Enterprise,7,False,annual,3983,0,0,0,0,2,0,0,,0
A-9affe6,2023-11,2023-11-30,8,active,5,S-c2a6cb,1393,Enterprise,7,False,annual,5159,0,0,0,0,3,1,0,,0
A-9affe6,2023-12,2023-12-31,9,active,5,S-c2a6cb,1393,Enterprise,7,False,annual,5159,0,0,0,0,4,1,0,,0
A-9affe6,2024-01,2024-01-31,10,active,5,S-c2a6cb,1393,Enterprise,7,False,annual,5159,0,0,1,1,2,1,0,,0
A-9affe6,2024-02,2024-02-29,11,active,6,S-869430,1421,Pro,29,False,monthly,6580,0,0,0,0,2,1,1,,0
A-9affe6,2024-03,2024-03-31,12,active,6,S-869430,1421,Pro,29,False,monthly,6580,0,0,0,0,1,0,0,,0
A-9affe6,2024-04,2024-04-30,13,active,6,S-869430,1421,Pro,29,False,monthly,6580,0,0,0,0,3,1,0,,0
A-9affe6,2024-05,2024-05-31,14,active,6,S-869430,1421,Pro,29,False,monthly,6580,0,0,0,0,0,0,0,,0
A-9affe6,2024-06,2024-06-30,15,active,9,S-869430,1421,Pro,29,False,monthly,9167,0,0,0,0,1,1,0,,0
A-9affe6,2024-07,2024-07-31,16,active,9,S-869430,1421,Pro,29,False,monthly,9167,0,0,0,0,4,4,0,,0
A-9affe6,2024-08,2024-08-31,17,active,9,S-869430,1421,Pro,29,False,monthly,9167,0,0,0,0,0,0,1,,0
A-9affe6,2024-09,2024-09-30,18,active,9,S-869430,1421,Pro,29,False,monthly,9167,0,0,0,0,0,0,0,,0
A-9affe6,2024-10,2024-10-31,19,active,10,S-869430,1421,Pro,29,False,monthly,9509,0,0,0,0,2,2,0,,0
A-9affe6,2024-11,2024-11-30,20,active,11,S-869430,1421,Pro,29,False,monthly,10636,0,0,0,0,0,0,0,,0
A-9affe6,2024-12,2024-12-31,21,active,9,S-869430,1421,Pro,29,False,monthly,10142,494,2,0,0,4,3,0,,0
A-9b9fe9,2023-09,2023-09-30,0,inactive,0,,0,,0,,,0,0,0,0,0,3,0,0,,0
A-9b9fe9,2023-10,2023-10-31,1,active,1,S-4bfe7b,0,Basic,11,True,monthly,0,0,0,0,0,1,0,0,,0
A-9b9fe9,2023-11,2023-11-30,2,active,3,S-5fe3e5,995,Enterprise,5,False,annual,1436,0,0,0,0,1,0,1,4.00,0
A-9b9fe9,2023-12,2023-12-31,3,active,4,S-5fe3e5,995,Enterprise,5,False,annual,1681,0,0,1,1,3,1,0,,0
A-9b9fe9,2024-01,2024-01-31,4,active,5,S-fc9cc3,1176,Pro,24,False,annual,2857,0,0,0,0,2,2,0,,0
A-9b9fe9,2024-02,2024-02-29,5,active,5,S-fc9cc3,1176,Pro,24,False,annual,2857,0,0,0,0,1,0,0,,0
A-9b9fe9,2024-03,2024-03-31,6,active,4,S-fc9cc3,1176,Pro,24,False,annual,2612,245,1,0,0,4,0,0,,0
A-9b9fe9,2024-04,2024-04-30,7,active,4,S-fc9cc3,1176,Pro,24,False,annual,2612,0,0,0,0,3,1,0,,0
A-9b9fe9,2024-05,2024-05-31,8,active,5,S-fc9cc3,1176,Pro,24,False,annual,2612,0,0,0,0,3,1,0,,0
A-9b9fe9,2024-06,2024-06-30,9,active,6,S-fc9cc3,1176,Pro,24,False,annual,3445,0,0,0,0,2,1,0,,0
A-9b9fe9,2024-07,2024-07-31,10,active,6,S-fc9cc3,1176,Pro,24,False,annual,3445,0,0,0,0,5,4,1,3.00,0
A-9b9fe9,2024-08,2024-08-31,11,active,7,S-fc9cc3,1176,Pro,24,False,annual,3690,0,0,0,0,2,0,0,,0
A-9b9fe9,2024-09,2024-09-30,12,active,7,S-fc9cc3,1176,Pro,24,False,annual,3690,0,0,1,1,3,2,0,,0
A-9b9fe9,2024-10,2024-10-31,13,active,9,S-23ccf4,1881,Basic,99,False,annual,6198,0,0,0,0,2,1,0,,0
A-9b9fe9,2024-11,2024-11-30,14,active,11,S-7bd2d7,9950,Enterprise,50,False,monthly,19480,0,0,0,0,2,1,0,,0
A-9b9fe9,2024-12,2024-12-31,15,active,11,S-7bd2d7,9950,Enterprise,50,False,monthly,19480,0,0,0,0,6,5,1,,0
A-9badbd,2024-06,2024-06-30,0,active,1,S-f421c8,532,Basic,28,False,annual,532,0,0,0,0,1,0,0,,0
A-9badbd,2024-07,2024-07-31,1,active,2,S-3c9115,5970,Enterprise,30,False,monthly,6502,0,0,0,0,8,3,0,,0
A-9badbd,2024-08,2024-08-31,2,active,4,S-3c9115,5970,Enterprise,30,False,monthly,8782,0,0,0,0,2,1,0,,0
A-9badbd,2024-09,2024-09-30,3,active,7,S-3c9115,5970,Enterprise,30,False,monthly,13796,0,0,0,0,6,2,1,5.00,0
A-9badbd,2024-10,2024-10-31,4,active,8,S-3c9115,5970,Enterprise,30,False,monthly,17132,437,1,0,0,4,3,1,,0
A-9badbd,2024-11,2024-11-30,5,active,9,S-3c9115,5970,Enterprise,30,False,monthly,17911,0,0,0,0,1,1,0,,0
A-9badbd,2024-12,2024-12-31,6,active,11,S-3c9115,5970,Enterprise,30,False,monthly,20299,11741,1,0,0,3,3,0,,0
A-9bfc9f,2023-09,2023-09-30,0,active,1,S-627cfa,2597,Pro,53,False,monthly,2597,0,0,0,0,0,0,0,,0
A-9bfc9f,2023-10,2023-10-31,1,active,2,S-627cfa,2597,Pro,53,False,monthly,2597,0,0,0,0,4,1,0,,0
A-9bfc9f,2023-11,2023-11-30,2,active,2,S-627cfa,2597,Pro,53,False,monthly,2597,0,0,0,0,1,0,0,,0
A-9bfc9f,2023-12,2023-12-31,3,active,2,S-627cfa,2597,Pro,53,False,monthly,2597,0,0,0,0,3,0,0,,0
A-9bfc9f,2024-01,2024-01-31,4,active,2,S-84c44b,1007,Basic,53,False,monthly,1007,2597,1,0,0,1,0,0,,0
A-9bfc9f,2024-02,2024-02-29,5,active,2,S-84c44b,1007,Basic,53,False,monthly,1007,0,0,0,0,2,0,1,,0
A-9bfc9f,2024-03,2024-03-31,6,active,5,S-6bf7d7,2597,Pro,53,False,annual,7208,0,0,0,0,2,0,1,3.00,0
A-9bfc9f,2024-04,2024-04-30,7,active,6,S-6bf7d7,2597,Pro,53,False,annual,7208,0,0,0,0,2,1,0,,0
A-9bfc9f,2024-05,2024-05-31,8,active,6,S-6bf7d7,2597,Pro,53,False,annual,7208,0,0,0,0,1,1,0,,0
A-9bfc9f,2024-06,2024-06-30,9,active,6,S-6bf7d7,2597,Pro,53,False,annual,7208,0,0,0,0,1,1,0,,0
A-9bfc9f,2024-07,2024-07-31,10,active,8,S-5ede24,2940,Pro,60,False,monthly,12745,0,0,0,0,1,1,0,,0
A-9bfc9f,2024-08,2024-08-31,11,active,8,S-5ede24,2940,Pro,60,False,monthly,12745,0,0,0,0,2,2,0,,0
A-9bfc9f,2024-09,2024-09-30,12,active,8,S-5ede24,2940,Pro,60,False,monthly,12745,0,0,0,0,1,1,2,,0
A-9bfc9f,2024-10,2024-10-31,13,active,8,S-5ede24,2940,Pro,60,False,monthly,12745,0,0,0,0,1,1,0,,0
A-9bfc9f,2024-11,2024-11-30,14,active,8,S-5ede24,2940,Pro,60,False,monthly,12745,0,0,0,0,0,0,0,,0
A-9bfc9f,2024-12,2024-12-31,15,active,8,S-5ede24,2940,Pro,60,False,monthly,12745,0,0,0,0,1,1,0,,0
A-9c18c4,2023-07,2023-07-31,0,inactive,0,,0,,0,,,0,0,0,0,0,3,0,1,5.00,1
A-9c18c4,2023-08,2023-08-31,1,active,2,S-506cbd,3781,Enterprise,19,False,annual,4009,0,0,0,0,1,0,0,,1
A-9c18c4,2023-09,2023-09-30,2,active,2,S-506cbd,3781,Enterprise,19,False,annual,4009,0,0,0,0,0,0,0,,1
A-9c18c4,2023-10,2023-10-31,3,active,2,S-506cbd,3781,Enterprise,19,False,annual,4009,0,0,0,0,2,1,0,,1
A-9c18c4,2023-11,2023-11-30,4,active,3,S-506cbd,3781,Enterprise,19,False,annual,6397,0,0,0,0,1,1,0,,1
A-9c18c4,2023-12,2023-12-31,5,active,6,S-987539,3781,Enterprise,19,False,monthly,12906,0,0,0,0,2,0,0,,1
A-9c18c4,2024-01,2024-01-31,6,active,6,S-987539,3781,Enterprise,19,False,monthly,12906,0,0,0,0,1,1,0,,1
A-9c18c4,2024-02,2024-02-29,7,active,5,S-987539,3781,Enterprise,19,False,monthly,9125,3781,1,0,0,1,1,0,,1
A-9c18c4,2024-03,2024-03-31,8,active,6,S-987539,3781,Enterprise,19,False,monthly,9664,0,0,0,0,1,0,0,,1
A-9c18c4,2024-04,2024-04-30,9,active,6,S-987539,3781,Enterprise,19,False,monthly,9664,0,0,0,0,1,1,1,,1
A-9c18c4,2024-05,2024-05-31,10,active,6,S-987539,3781,Enterprise,19,False,monthly,9664,0,0,0,0,2,1,0,,1
A-9c18c4,2024-06,2024-06-30,11,active,6,S-987539,3781,Enterprise,19,False,monthly,9664,0,0,0,0,4,2,0,,1
A-9c18c4,2024-07,2024-07-31,12,active,7,S-987539,3781,Enterprise,19,False,monthly,9664,0,0,0,0,3,2,0,,1
A-9c18c4,2024-08,2024-08-31,13,active,7,S-987539,3781,Enterprise,19,False,monthly,9664,0,0,0,0,3,3,0,,1
A-9c18c4,2024-09,2024-09-30,14,active,8,S-987539,3781,Enterprise,19,False,monthly,11853,0,0,0,0,2,1,0,,1
A-9c18c4,2024-10,2024-10-31,15,active,8,S-987539,3781,Enterprise,19,False,monthly,13814,228,1,0,0,3,3,0,,1
A-9c18c4,2024-11,2024-11-30,16,active,8,S-987539,3781,Enterprise,19,False,monthly,13814,0,0,0,0,3,2,0,,1
A-9c18c4,2024-12,2024-12-31,17,active,8,S-987539,3781,Enterprise,19,False,monthly,13814,0,0,0,0,3,2,1,3.00,1
A-9ee962,2023-02,2023-02-28,0,inactive,0,,0,,0,,,0,0,0,0,0,2,0,0,,1
A-9ee962,2023-03,2023-03-31,1,inactive,0,,0,,0,,,0,0,0,0,0,0,0,0,,1
A-9ee962,2023-04,2023-04-30,2,inactive,0,,0,,0,,,0,0,0,0,0,2,0,1,,1
A-9ee962,2023-05,2023-05-31,3,inactive,0,,0,,0,,,0,0,0,0,0,0,0,0,,1
A-9ee962,2023-06,2023-06-30,4,active,1,S-ffce65,441,Pro,9,False,annual,441,0,0,0,0,3,0,0,,1
A-9ee962,2023-07,2023-07-31,5,active,2,S-4e4ef4,1225,Pro,25,False,monthly,1666,0,0,0,0,5,1,0,,1
A-9ee962,2023-08,2023-08-31,6,active,3,S-ece5a5,1470,Pro,30,False,annual,3136,0,0,0,0,1,1,0,,1
A-9ee962,2023-09,2023-09-30,7,active,4,S-ece5a5,1470,Pro,30,False,annual,3136,0,0,0,0,0,0,0,,1
A-9ee962,2023-10,2023-10-31,8,active,4,S-ece5a5,1470,Pro,30,False,annual,3136,0,0,0,0,1,1,0,,1
A-9ee962,2023-11,2023-11-30,9,active,4,S-ece5a5,1470,Pro,30,False,annual,3136,0,1,0,0,1,0,0,,1
A-9ee962,2023-12,2023-12-31,10,active,4,S-ece5a5,1470,Pro,30,False,annual,3136,0,0,0,0,1,1,0,,1
A-9ee962,2024-01,2024-01-31,11,active,4,S-ece5a5,1470,Pro,30,False,annual,3136,0,0,0,0,2,1,0,,1
A-9ee962,2024-02,2024-02-29,12,active,4,S-ece5a5,1470,Pro,30,False,annual,3136,0,0,0,0,1,0,1,4.00,1
A-9ee962,2024-03,2024-03-31,13,active,4,S-ece5a5,1470,Pro,30,False,annual,3136,0,0,0,0,2,2,0,,1
A-9ee962,2024-04,2024-04-30,14,active,4,S-ece5a5,1470,Pro,30,False,annual,3136,0,0,0,0,3,2,0,,1
A-9ee962,2024-05,2024-05-31,15,active,6,S-ece5a5,1470,Pro,30,False,annual,3478,0,0,0,0,6,5,1,,1
A-9ee962,2024-06,2024-06-30,16,active,7,S-68c537,5771,Enterprise,29,False,monthly,9249,0,0,0,0,4,2,0,,1
A-9ee962,2024-07,2024-07-31,17,active,8,S-68c537,5771,Enterprise,29,False,monthly,9420,0,0,0,0,1,1,0,,1
A-9ee962,2024-08,2024-08-31,18,active,8,S-68c537,5771,Enterprise,29,False,monthly,9420,0,0,0,0,0,0,0,,1
A-9ee962,2024-09,2024-09-30,19,active,7,S-68c537,5771,Enterprise,29,False,monthly,9249,171,1,0,0,1,0,0,,1
A-9ee962,2024-10,2024-10-31,20,active,7,S-68c537,5771,Enterprise,29,False,monthly,9249,0,0,1,1,0,0,0,,1
A-9ee962,2024-11,2024-11-30,21,active,7,S-68c537,5771,Enterprise,29,False,monthly,9249,0,0,0,0,1,1,0,,1
A-9ee962,2024-12,2024-12-31,22,active,7,S-68c537,5771,Enterprise,29,False,monthly,9249,0,0,0,0,1,1,0,,1
A-9f0b68,2024-04,2024-04-30,0,inactive,0,,0,,0,,,0,0,0,0,0,1,0,0,,0
A-9f0b68,2024-05,2024-05-31,1,active,1,S-6522e4,418,Basic,22,False,annual,418,0,0,0,0,5,0,1,3.00,0
A-9f0b68,2024-06,2024-06-30,2,active,2,S-9740c1,1990,Enterprise,10,False,monthly,2408,0,0,0,0,4,1,0,,0
A-9f0b68,2024-07,2024-07-31,3,active,3,S-0268ba,6567,Enterprise,33,False,annual,8975,0,0,0,0,5,1,0,,0
A-9f0b68,2024-08,2024-08-31,4,active,5,S-0268ba,6567,Enterprise,33,False,annual,13042,0,0,1,1,5,2,0,,0
A-9f0b68,2024-09,2024-09-30,5,active,6,S-0268ba,6567,Enterprise,33,False,annual,15629,0,0,0,0,2,1,0,,0
A-9f0b68,2024-10,2024-10-31,6,active,10,S-131064,6766,Enterprise,34,False,annual,28252,0,0,0,0,2,2,0,,0
A-9f0b68,2024-11,2024-11-30,7,active,12,S-131064,6766,Enterprise,34,False,annual,28518,0,0,1,1,1,1,0,,0
A-9f0b68,2024-12,2024-12-31,8,active,12,S-131064,6766,Enterprise,34,False,annual,28518,0,0,0,0,1,1,1,,0
A-9f2731,2024-10,2024-10-31,0,active,2,S-be42e1,0,Pro,39,True,annual,0,0,0,1,1,5,1,0,,0
A-9f2731,2024-11,2024-11-30,1,active,7,S-c6dc67,1617,Pro,33,False,monthly,3613,0,0,0,0,1,1,0,,0
A-9f2731,2024-12,2024-12-31,2,active,7,S-c6dc67,1617,Pro,33,False,monthly,3613,0,0,1,1,1,1,0,,0
A-9f9299,2023-09,2023-09-30,0,inactive,0,,0,,0,,,0,0,0,0,0,3,0,0,,0
A-9f9299,2023-10,2023-10-31,1,inactive,0,,0,,0,,,0,0,0,0,0,7,0,1,,0
A-9f9299,2023-11,2023-11-30,2,active,3,S-32d56d,5572,Enterprise,28,False,annual,12516,0,0,0,0,1,0,0,,0
A-9f9299,2023-12,2023-12-31,3,active,3,S-32d56d,5572,Enterprise,28,False,annual,12516,0,0,0,0,3,0,0,,0
A-9f9299,2024-01,2024-01-31,4,active,3,S-32d56d,5572,Enterprise,28,False,annual,12516,0,0,0,0,3,1,0,,0
A-9f9299,2024-02,2024-02-29,5,active,3,S-32d56d,5572,Enterprise,28,False,annual,12516,0,0,0,0,0,0,0,,0
A-9f9299,2024-03,2024-03-31,6,active,4,S-32d56d,5572,Enterprise,28,False,annual,13048,0,0,1,1,1,0,0,,0
A-9f9299,2024-04,2024-04-30,7,active,5,S-32d56d,5572,Enterprise,28,False,annual,13580,0,0,0,0,4,3,0,,0
A-9f9299,2024-05,2024-05-31,8,active,5,S-32d56d,5572,Enterprise,28,False,annual,13580,0,0,0,0,2,0,0,,0
A-9f9299,2024-06,2024-06-30,9,active,6,S-b5643b,5572,Enterprise,28,False,annual,19152,0,0,0,0,3,0,0,,0
A-9f9299,2024-07,2024-07-31,10,active,8,S-649bb6,5572,Enterprise,28,False,annual,21252,5572,1,0,0,6,4,0,,0
A-9f9299,2024-08,2024-08-31,11,active,8,S-2c270f,5572,Enterprise,28,False,annual,25452,1372,1,0,0,7,6,0,,0
A-9f9299,2024-09,2024-09-30,12,active,8,S-2c270f,5572,Enterprise,28,False,annual,25452,0,0,0,0,6,5,1,,0
A-9f9299,2024-10,2024-10-31,13,active,10,S-4bb483,5572,Enterprise,28,False,monthly,32183,0,0,1,1,5,3,1,,0
A-9f9299,2024-11,2024-11-30,14,active,13,S-4bb483,5572,Enterprise,28,False,monthly,35459,0,0,0,0,5,4,0,,0
A-9f9299,2024-12,2024-12-31,15,active,13,S-4bb483,5572,Enterprise,28,False,monthly,35459,1372,1,0,0,7,5,1,5.00,0
A-a09355,2024-08,2024-08-31,0,active,1,S-6bbf29,266,Basic,14,False,annual,266,0,0,0,0,1,0,0,,0
A-a09355,2024-09,2024-09-30,1,active,3,S-5879cf,5970,Enterprise,30,False,monthly,6971,0,0,1,1,2,0,0,,0
A-a09355,2024-10,2024-10-31,2,active,7,S-5879cf,5970,Enterprise,30,False,monthly,13229,0,0,1,1,3,1,0,,0
A-a09355,2024-11,2024-11-30,3,active,12,S-ef83b4,6567,Enterprise,33,False,monthly,28708,686,1,0,0,3,2,0,,0
A-a09355,2024-12,2024-12-31,4,active,15,S-ef83b4,6567,Enterprise,33,False,monthly,33454,0,0,0,0,5,5,0,,0
A-a0ca4e,2024-03,2024-03-31,0,active,1,S-e97b9f,2388,Enterprise,12,False,annual,2388,0,0,0,0,2,1,0,,0
A-a0ca4e,2024-04,2024-04-30,1,active,1,S-e97b9f,2388,Enterprise,12,False,annual,2388,0,0,0,0,0,0,0,,0
A-a0ca4e,2024-05,2024-05-31,2,active,3,S-e97b9f,2388,Enterprise,12,False,annual,2806,0,0,0,0,3,1,0,,0
A-a0ca4e,2024-06,2024-06-30,3,active,3,S-e97b9f,2388,Enterprise,12,False,annual,2806,0,0,0,0,1,1,0,,0
A-a0ca4e,2024-07,2024-07-31,4,active,3,S-e97b9f,2388,Enterprise,12,False,annual,2806,0,0,0,0,2,1,0,,0
A-a0ca4e,2024-08,2024-08-31,5,active,5,S-97a57b,5174,Enterprise,26,False,monthly,8519,0,0,0,0,3,1,0,,0
A-a0ca4e,2024-09,2024-09-30,6,active,6,S-97a57b,5174,Enterprise,26,False,monthly,10920,0,0,0,0,2,1,0,,0
A-a0ca4e,2024-10,2024-10-31,7,active,7,S-97a57b,5174,Enterprise,26,False,monthly,11459,0,0,0,0,2,1,0,,0
A-a0ca4e,2024-11,2024-11-30,8,active,8,S-97a57b,5174,Enterprise,26,False,monthly,11459,0,0,0,0,2,2,0,,0
A-a0ca4e,2024-12,2024-12-31,9,active,9,S-d26ff6,5174,Enterprise,26,False,monthly,16633,0,0,0,0,2,2,1,,0
A-a1b80b,2023-11,2023-11-30,0,inactive,0,,0,,0,,,0,0,0,0,0,3,0,0,,0
A-a1b80b,2023-12,2023-12-31,1,inactive,0,,0,,0,,,0,0,0,0,0,1,0,1,4.00,0
A-a1b80b,2024-01,2024-01-31,2,inactive,0,,0,,0,,,0,0,0,0,0,3,0,0,,0
A-a1b80b,2024-02,2024-02-29,3,inactive,0,,0,,0,,,0,0,0,0,0,3,0,0,,0
A-a1b80b,2024-03,2024-03-31,4,active,2,S-f9d635,10348,Enterprise,52,False,monthly,13532,0,0,0,0,1,0,0,,0
A-a1b80b,2024-04,2024-04-30,5,active,4,S-f9d635,10348,Enterprise,52,False,monthly,17438,0,0,0,0,2,1,0,,0
A-a1b80b,2024-05,2024-05-31,6,active,5,S-f9d635,10348,Enterprise,52,False,monthly,17438,0,0,0,0,3,0,0,,0
A-a1b80b,2024-06,2024-06-30,7,active,7,S-f9d635,10348,Enterprise,52,False,monthly,20983,0,0,0,0,2,0,0,,0
A-a1b80b,2024-07,2024-07-31,8,active,10,S-f9d635,10348,Enterprise,52,False,monthly,23469,0,0,1,1,1,1,1,5.00,0
A-a1b80b,2024-08,2024-08-31,9,active,11,S-f9d635,10348,Enterprise,52,False,monthly,25037,0,1,0,0,2,1,0,,0
A-a1b80b,2024-09,2024-09-30,10,active,14,S-f9d635,10348,Enterprise,52,False,monthly,34589,0,0,0,0,3,3,0,,0
A-a1b80b,2024-10,2024-10-31,11,active,14,S-f9d635,10348,Enterprise,52,False,monthly,34589,0,0,0,0,2,1,0,,0
A-a1b80b,2024-11,2024-11-30,12,active,15,S-f9d635,10348,Enterprise,52,False,monthly,34589,0,0,0,0,4,4,0,,0
A-a1b80b,2024-12,2024-12-31,13,active,15,S-f9d635,10348,Enterprise,52,False,monthly,34589,0,0,0,0,9,8,0,,0
A-a1bbb6,2023-04,2023-04-30,0,active,1,S-68a558,1029,Pro,21,False,monthly,1029,0,0,0,0,2,0,0,,0
A-a1bbb6,2023-05,2023-05-31,1,active,2,S-cc4bf0,5572,Enterprise,28,False,annual,6601,0,0,0,0,1,0,0,,0
A-a1bbb6,2023-06,2023-06-30,2,active,3,S-cc4bf0,5572,Enterprise,28,False,annual,9785,0,0,0,0,4,3,0,,0
A-a1bbb6,2023-07,2023-07-31,3,active,4,S-cc4bf0,5572,Enterprise,28,False,annual,10030,0,0,0,0,0,0,0,,0
A-a1bbb6,2023-08,2023-08-31,4,active,5,S-cc4bf0,5572,Enterprise,28,False,annual,11821,0,0,0,0,0,0,1,4.00,0
A-a1bbb6,2023-09,2023-09-30,5,active,5,S-cc4bf0,5572,Enterprise,28,False,annual,11821,0,0,0,0,2,0,0,,0
A-a1bbb6,2023-10,2023-10-31,6,active,5,S-cc4bf0,5572,Enterprise,28,False,annual,11821,0,0,0,0,1,0,1,,0
A-a1bbb6,2023-11,2023-11-30,7,active,4,S-cc4bf0,5572,Enterprise,28,False,annual,11576,245,1,0,0,2,1,0,,0
A-a1bbb6,2023-12,2023-12-31,8,active,5,S-cc4bf0,5572,Enterprise,28,False,annual,13765,0,0,0,0,2,2,0,,0
A-a1bbb6,2024-01,2024-01-31,9,active,5,S-cc4bf0,5572,Enterprise,28,False,annual,13765,0,0,0,0,2,2,1,,0
A-a1bbb6,2024-02,2024-02-29,10,active,6,S-cc4bf0,5572,Enterprise,28,False,annual,14157,0,0,0,0,1,1,0,,0
A-a1bbb6,2024-03,2024-03-31,11,active,6,S-cc4bf0,5572,Enterprise,28,False,annual,14157,0,0,0,0,1,0,0,,0
A-a1bbb6,2024-04,2024-04-30,12,active,6,S-cc4bf0,5572,Enterprise,28,False,annual,14157,0,0,0,0,2,2,0,,0
A-a1bbb6,2024-05,2024-05-31,13,active,6,S-cc4bf0,5572,Enterprise,28,False,annual,14157,0,0,0,0,1,1,0,,0
A-a1bbb6,2024-06,2024-06-30,14,active,6,S-cc4bf0,5572,Enterprise,28,False,annual,14157,0,0,0,0,3,3,0,,0
A-a1bbb6,2024-07,2024-07-31,15,active,6,S-cc4bf0,5572,Enterprise,28,False,annual,14157,0,0,0,0,1,0,0,,0
A-a1bbb6,2024-08,2024-08-31,16,active,6,S-cc4bf0,5572,Enterprise,28,False,annual,14157,0,0,0,0,0,0,0,,0
A-a1bbb6,2024-09,2024-09-30,17,active,6,S-cc4bf0,5572,Enterprise,28,False,annual,14157,0,0,0,0,1,1,0,,0
A-a1bbb6,2024-10,2024-10-31,18,active,7,S-cc4bf0,5572,Enterprise,28,False,annual,14157,0,0,0,0,1,1,0,,0
A-a1bbb6,2024-11,2024-11-30,19,active,7,S-cc4bf0,5572,Enterprise,28,False,annual,14157,0,0,0,0,0,0,0,,0
A-a1bbb6,2024-12,2024-12-31,20,active,7,S-cc4bf0,5572,Enterprise,28,False,annual,14157,0,0,0,0,4,4,0,,0
A-a2485e,2024-08,2024-08-31,0,active,3,S-70c743,3332,Pro,68,False,annual,4370,0,0,0,0,0,0,0,,0
A-a2485e,2024-09,2024-09-30,1,active,3,S-70c743,3332,Pro,68,False,annual,4370,0,0,0,0,1,0,0,,0
A-a2485e,2024-10,2024-10-31,2,active,3,S-70c743,3332,Pro,68,False,annual,4370,0,0,0,0,2,2,0,,0
A-a2485e,2024-11,2024-11-30,3,active,5,S-70c743,3332,Pro,68,False,annual,5392,0,0,0,0,2,1,0,,0
A-a2485e,2024-12,2024-12-31,4,active,6,S-2c3b6d,3383,Enterprise,17,False,annual,8775,0,0,0,0,0,0,0,,0
A-a33200,2024-09,2024-09-30,0,active,2,S-1d7003,5771,Enterprise,29,False,monthly,7192,0,0,0,0,2,0,0,,0
A-a33200,2024-10,2024-10-31,1,active,7,S-4e63e7,5771,Enterprise,29,False,annual,17777,0,0,1,1,1,1,0,,0
A-a33200,2024-11,2024-11-30,2,active,9,S-decbf7,5771,Enterprise,29,False,annual,20092,5771,1,0,0,3,2,0,,0
A-a33200,2024-12,2024-12-31,3,active,11,S-decbf7,5771,Enterprise,29,False,annual,23142,0,0,0,0,1,0,0,,0
A-a45270,2024-06,2024-06-30,0,inactive,0,,0,,0,,,0,0,0,0,0,3,0,0,,0
A-a45270,2024-07,2024-07-31,1,active,3,S-bdd5df,4975,Enterprise,25,False,monthly,11542,0,0,0,0,3,0,0,,0
A-a45270,2024-08,2024-08-31,2,active,5,S-bdd5df,4975,Enterprise,25,False,monthly,16050,0,0,0,0,2,1,0,,0
A-a45270,2024-09,2024-09-30,3,active,7,S-bdd5df,4975,Enterprise,25,False,monthly,16601,0,0,0,0,0,0,0,,0
A-a45270,2024-10,2024-10-31,4,active,9,S-bdd5df,4975,Enterprise,25,False,monthly,19387,0,0,0,0,0,0,1,4.00,0
A-a45270,2024-11,2024-11-30,5,active,10,S-bdd5df,4975,Enterprise,25,False,monthly,19984,0,0,1,1,2,2,0,,0
A-a45270,2024-12,2024-12-31,6,active,11,S-bdd5df,4975,Enterprise,25,False,monthly,19984,147,1,0,0,3,2,1,4.00,0
A-a6d261,2023-11,2023-11-30,0,inactive,0,,0,,0,,,0,0,0,0,0,6,0,0,,0
A-a6d261,2023-12,2023-12-31,1,active,1,S-04b127,171,Basic,9,False,monthly,171,0,0,0,0,1,0,0,,0
A-a6d261,2024-01,2024-01-31,2,active,3,S-00dea4,2985,Enterprise,15,False,monthly,3156,0,0,0,0,3,0,0,,0
A-a6d261,2024-02,2024-02-29,3,active,5,S-00dea4,2985,Enterprise,15,False,monthly,4969,0,0,0,0,5,4,1,5.00,0
A-a6d261,2024-03,2024-03-31,4,active,6,S-00dea4,2985,Enterprise,15,False,monthly,7755,0,0,1,1,3,1,0,,0
A-a6d261,2024-04,2024-04-30,5,active,7,S-50c6f5,20497,Enterprise,103,False,monthly,28252,0,0,0,0,1,0,0,,0
A-a6d261,2024-05,2024-05-31,6,active,8,S-50c6f5,20497,Enterprise,103,False,monthly,30043,0,0,0,0,3,1,0,,0
A-a6d261,2024-06,2024-06-30,7,active,9,S-50c6f5,20497,Enterprise,103,False,monthly,30955,0,0,0,0,2,1,0,,0
A-a6d261,2024-07,2024-07-31,8,active,11,S-50c6f5,20497,Enterprise,103,False,monthly,31297,0,0,0,0,3,3,0,,0
A-a6d261,2024-08,2024-08-31,9,active,11,S-50c6f5,20497,Enterprise,103,False,monthly,31297,0,0,0,0,3,2,0,,0
A-a6d261,2024-09,2024-09-30,10,active,13,S-50c6f5,20497,Enterprise,103,False,monthly,37944,0,0,0,0,5,5,0,,0
A-a6d261,2024-10,2024-10-31,11,active,13,S-50c6f5,20497,Enterprise,103,False,monthly,37944,0,0,0,0,2,2,1,,0
A-a6d261,2024-11,2024-11-30,12,active,13,S-69b070,5373,Enterprise,27,False,annual,17694,20497,1,0,0,1,1,0,,0
A-a6d261,2024-12,2024-12-31,13,active,13,S-69b070,5373,Enterprise,27,False,annual,17694,0,0,0,0,1,1,1,4.00,0
A-a7bd4b,2023-02,2023-02-28,0,inactive,0,,0,,0,,,0,0,0,0,0,1,0,0,,0
A-a7bd4b,2023-03,2023-03-31,1,active,1,S-9a8f71,392,Pro,8,False,annual,392,0,0,0,0,4,0,0,,0
A-a7bd4b,2023-04,2023-04-30,2,active,1,S-9a8f71,392,Pro,8,False,annual,392,0,0,0,0,2,0,0,,0
A-a7bd4b,2023-05,2023-05-31,3,active,1,S-9a8f71,392,Pro,8,False,annual,392,0,0,0,0,3,0,1,,0
A-a7bd4b,2023-06,2023-06-30,4,active,2,S-9a8f71,392,Pro,8,False,annual,392,0,0,0,0,1,0,0,,0
A-a7bd4b,2023-07,2023-07-31,5,active,2,S-9a8f71,392,Pro,8,False,annual,392,0,0,0,0,1,1,2,3.50,0
A-a7bd4b,2023-08,2023-08-31,6,active,2,S-9a8f71,392,Pro,8,False,annual,392,0,0,0,0,2,0,0,,0
A-a7bd4b,2023-09,2023-09-30,7,active,2,S-9a8f71,392,Pro,8,False,annual,392,0,0,0,0,1,0,0,,0
A-a7bd4b,2023-10,2023-10-31,8,active,4,S-fae195,418,Basic,22,False,annual,1104,0,0,0,0,4,2,0,,0
A-a7bd4b,2023-11,2023-11-30,9,active,5,S-fae195,418,Basic,22,False,annual,1104,0,0,0,0,2,1,1,,0
A-a7bd4b,2023-12,2023-12-31,10,active,5,S-fae195,418,Basic,22,False,annual,1104,0,0,0,0,5,4,0,,0
A-a7bd4b,2024-01,2024-01-31,11,active,6,S-0aedf8,912,Basic,48,False,monthly,2016,0,0,0,0,2,0,0,,0
A-a7bd4b,2024-02,2024-02-29,12,active,6,S-0aedf8,912,Basic,48,False,monthly,2016,0,0,0,0,2,1,0,,0
A-a7bd4b,2024-03,2024-03-31,13,active,6,S-0aedf8,912,Basic,48,False,monthly,2016,0,0,0,0,2,2,0,,0
A-a7bd4b,2024-04,2024-04-30,14,active,6,S-0aedf8,912,Basic,48,False,monthly,2016,0,0,0,0,2,1,0,,0
A-a7bd4b,2024-05,2024-05-31,15,active,8,S-a7d34e,2499,Pro,51,False,annual,4760,0,0,0,0,0,0,0,,0
A-a7bd4b,2024-06,2024-06-30,16,active,9,S-a7d34e,2499,Pro,51,False,annual,5755,0,0,0,0,2,1,1,3.00,0
A-a7bd4b,2024-07,2024-07-31,17,active,9,S-a7d34e,2499,Pro,51,False,annual,5755,0,0,0,0,1,1,0,,0
A-a7bd4b,2024-08,2024-08-31,18,active,9,S-a7d34e,2499,Pro,51,False,annual,5755,0,0,0,0,5,4,0,,0
A-a7bd4b,2024-09,2024-09-30,19,active,11,S-a7d34e,2499,Pro,51,False,annual,6268,0,0,0,0,3,3,0,,0
A-a7bd4b,2024-10,2024-10-31,20,active,9,S-a7d34e,2499,Pro,51,False,annual,6097,1166,3,1,1,0,0,0,,0
A-a7bd4b,2024-11,2024-11-30,21,active,8,S-a7d34e,2499,Pro,51,False,annual,5102,0,0,0,0,2,1,1,3.00,0
A-a7bd4b,2024-12,2024-12-31,22,active,8,S-a7d34e,2499,Pro,51,False,annual,5102,0,0,0,0,5,5,0,,0
A-a865bd,2023-09,2023-09-30,0,inactive,0,,0,,0,,,0,0,0,0,0,2,0,0,,0
A-a865bd,2023-10,2023-10-31,1,inactive,0,,0,,0,,,0,0,0,0,0,0,0,0,,0
A-a865bd,2023-11,2023-11-30,2,inactive,0,,0,,0,,,0,0,0,1,1,1,0,0,,0
A-a865bd,2023-12,2023-12-31,3,inactive,0,,0,,0,,,0,0,0,0,0,1,0,0,,0
A-a865bd,2024-01,2024-01-31,4,active,1,S-9d7fa9,1862,Pro,38,False,monthly,1862,0,0,0,0,1,0,0,,0
A-a865bd,2024-02,2024-02-29,5,active,1,S-9d7fa9,1862,Pro,38,False,monthly,1862,0,0,0,0,1,1,0,,0
A-a865bd,2024-03,2024-03-31,6,active,1,S-9d7fa9,1862,Pro,38,False,monthly,1862,0,0,1,1,0,0,0,,0
A-a865bd,2024-04,2024-04-30,7,active,3,S-977d49,7562,Enterprise,38,False,monthly,10716,0,0,0,0,0,0,0,,0
A-a865bd,2024-05,2024-05-31,8,active,4,S-921dc3,7562,Enterprise,38,False,annual,18278,0,0,0,0,0,0,0,,0
A-a865bd,2024-06,2024-06-30,9,active,4,S-921dc3,7562,Enterprise,38,False,annual,18278,0,0,0,0,0,0,1,,0
A-a865bd,2024-07,2024-07-31,10,active,4,S-921dc3,7562,Enterprise,38,False,annual,18278,0,0,0,0,0,0,0,,0
A-a865bd,2024-08,2024-08-31,11,active,4,S-921dc3,7562,Enterprise,38,False,annual,18278,0,0,0,0,1,1,0,,0
A-a865bd,2024-09,2024-09-30,12,active,5,S-921dc3,7562,Enterprise,38,False,annual,21022,0,0,0,0,1,1,0,,0
A-a865bd,2024-10,2024-10-31,13,active,5,S-921dc3,7562,Enterprise,38,False,annual,21022,0,0,0,0,3,3,0,,0
A-a865bd,2024-11,2024-11-30,14,active,5,S-921dc3,7562,Enterprise,38,False,annual,21022,0,0,0,0,2,2,1,3.00,0
A-a865bd,2024-12,2024-12-31,15,active,5,S-921dc3,7562,Enterprise,38,False,annual,21022,0,0,0,0,1,1,0,,0
A-a8b49c,2023-10,2023-10-31,0,active,1,S-a4142f,133,Basic,7,False,annual,133,0,0,0,0,4,0,0,,0
A-a8b49c,2023-11,2023-11-30,1,active,3,S-b75a31,343,Pro,7,False,annual,476,0,0,0,0,2,0,0,,0
A-a8b49c,2023-12,2023-12-31,2,active,4,S-b75a31,343,Pro,7,False,annual,476,0,0,0,0,1,0,0,,0
A-a8b49c,2024-01,2024-01-31,3,active,4,S-b75a31,343,Pro,7,False,annual,476,0,0,0,0,1,0,0,,0
A-a8b49c,2024-02,2024-02-29,4,active,6,S-322a59,1274,Pro,26,False,monthly,2054,0,0,0,0,1,0,0,,0
A-a8b49c,2024-03,2024-03-31,5,active,8,S-48aa95,1393,Enterprise,7,False,monthly,3888,0,0,0,0,2,2,0,,0
A-a8b49c,2024-04,2024-04-30,6,active,8,S-48aa95,1393,Enterprise,7,False,monthly,3888,0,0,0,0,3,2,0,,0
A-a8b49c,2024-05,2024-05-31,7,active,8,S-48aa95,1393,Enterprise,7,False,monthly,3888,0,0,0,0,3,3,0,,0
A-a8b49c,2024-06,2024-06-30,8,active,9,S-48aa95,1393,Enterprise,7,False,monthly,4458,0,0,1,1,3,3,0,,0
A-a8b49c,2024-07,2024-07-31,9,active,9,S-48aa95,1393,Enterprise,7,False,monthly,4458,0,0,0,0,3,2,0,,0
A-a8b49c,2024-08,2024-08-31,10,active,9,S-48aa95,1393,Enterprise,7,False,monthly,4458,0,0,0,0,2,1,0,,0
A-a8b49c,2024-09,2024-09-30,11,active,10,S-964542,2388,Enterprise,12,False,annual,6846,0,0,0,0,3,3,0,,0
A-a8b49c,2024-10,2024-10-31,12,active,12,S-379d32,4378,Enterprise,22,False,annual,11567,0,0,0,0,1,1,0,,0
A-a8b49c,2024-11,2024-11-30,13,active,12,S-379d32,4378,Enterprise,22,False,annual,11567,0,0,0,0,2,2,0,,0
A-a8b49c,2024-12,2024-12-31,14,active,12,S-379d32,4378,Enterprise,22,False,annual,11567,0,0,0,0,1,1,0,,0
A-a8d89d,2023-12,2023-12-31,0,active,1,S-e912e6,15522,Enterprise,78,False,monthly,15522,0,0,0,0,0,0,0,,0
A-a8d89d,2024-01,2024-01-31,1,active,1,S-e912e6,15522,Enterprise,78,False,monthly,15522,0,0,1,1,2,0,0,,0
A-a8d89d,2024-02,2024-02-29,2,active,1,S-e912e6,15522,Enterprise,78,False,monthly,15522,0,0,0,0,3,0,0,,0
A-a8d89d,2024-03,2024-03-31,3,active,1,S-e912e6,15522,Enterprise,78,False,monthly,15522,0,0,0,0,2,0,1,5.00,0
A-a8d89d,2024-04,2024-04-30,4,active,3,S-e912e6,15522,Enterprise,78,False,monthly,18356,0,0,0,0,2,1,0,,0
A-a8d89d,2024-05,2024-05-31,5,active,3,S-e912e6,15522,Enterprise,78,False,monthly,18356,0,0,0,0,2,2,0,,0
A-a8d89d,2024-06,2024-06-30,6,active,4,S-e912e6,15522,Enterprise,78,False,monthly,19042,0,0,0,0,3,2,0,,0
A-a8d89d,2024-07,2024-07-31,7,active,5,S-e912e6,15522,Enterprise,78,False,monthly,19707,0,0,0,0,3,1,0,,0
A-a8d89d,2024-08,2024-08-31,8,active,6,S-e912e6,15522,Enterprise,78,False,monthly,20344,0,0,1,1,4,2,0,,0
A-a8d89d,2024-09,2024-09-30,9,active,10,S-e912e6,15522,Enterprise,78,False,monthly,23425,0,0,0,0,3,3,0,,0
A-a8d89d,2024-10,2024-10-31,10,active,10,S-e912e6,15522,Enterprise,78,False,monthly,23425,0,0,0,0,4,4,0,,0
A-a8d89d,2024-11,2024-11-30,11,active,11,S-e912e6,15522,Enterprise,78,False,monthly,28997,0,0,0,0,0,0,0,,0
A-a8d89d,2024-12,2024-12-31,12,active,12,S-e912e6,15522,Enterprise,78,False,monthly,29320,0,0,0,0,1,1,0,,0
A-aa9511,2023-10,2023-10-31,0,active,2,S-c796c1,1127,Pro,23,False,monthly,1564,0,0,1,1,6,0,0,,0
A-aa9511,2023-11,2023-11-30,1,active,4,S-14c8b9,6567,Enterprise,33,False,monthly,12708,0,0,0,0,2,0,0,,0
A-aa9511,2023-12,2023-12-31,2,active,4,S-14c8b9,6567,Enterprise,33,False,monthly,12708,0,0,0,0,1,1,0,,0
A-aa9511,2024-01,2024-01-31,3,active,4,S-14c8b9,6567,Enterprise,33,False,monthly,12708,0,0,0,0,3,0,0,,0
A-aa9511,2024-02,2024-02-29,4,active,5,S-082b15,19303,Enterprise,97,False,annual,32011,0,0,0,0,4,2,0,,0
A-aa9511,2024-03,2024-03-31,5,active,5,S-082b15,19303,Enterprise,97,False,annual,32011,0,0,0,0,4,1,0,,0
A-aa9511,2024-04,2024-04-30,6,active,6,S-082b15,19303,Enterprise,97,False,annual,32011,0,0,0,0,3,0,0,,0
A-aa9511,2024-05,2024-05-31,7,active,6,S-082b15,19303,Enterprise,97,False,annual,32011,0,0,0,0,1,1,0,,0
A-aa9511,2024-06,2024-06-30,8,active,8,S-082b15,19303,Enterprise,97,False,annual,34265,0,0,0,0,4,2,0,,0
A-aa9511,2024-07,2024-07-31,9,active,9,S-082b15,19303,Enterprise,97,False,annual,38842,0,0,0,0,2,1,0,,0
A-aa9511,2024-08,2024-08-31,10,active,11,S-082b15,19303,Enterprise,97,False,annual,43817,0,0,0,0,2,1,0,,0
A-aa9511,2024-09,2024-09-30,11,active,11,S-082b15,19303,Enterprise,97,False,annual,38842,4975,1,0,0,2,1,0,,0
A-aa9511,2024-10,2024-10-31,12,active,12,S-082b15,19303,Enterprise,97,False,annual,49588,0,0,0,0,4,2,0,,0
A-aa9511,2024-11,2024-11-30,13,active,12,S-082b15,19303,Enterprise,97,False,annual,50025,0,1,0,0,3,2,0,,0
A-aa9511,2024-12,2024-12-31,14,active,13,S-082b15,19303,Enterprise,97,False,annual,55995,0,0,0,0,4,3,0,,0
A-ab438f,2024-09,2024-09-30,0,inactive,0,,0,,0,,,0,0,0,0,0,1,0,0,,1
A-ab438f,2024-10,2024-10-31,1,active,3,S-708ac6,5970,Enterprise,30,False,monthly,5970,0,0,0,0,1,0,0,,1
A-ab438f,2024-11,2024-11-30,2,active,5,S-708ac6,5970,Enterprise,30,False,monthly,13134,0,0,0,0,1,0,0,,1
A-ab438f,2024-12,2024-12-31,3,active,6,S-708ac6,5970,Enterprise,30,False,monthly,15721,5214,3,1,1,1,1,0,,1
A-ac14bb,2023-09,2023-09-30,0,active,1,S-b8caad,1029,Pro,21,False,annual,1029,0,0,0,0,2,0,0,,0
A-ac14bb,2023-10,2023-10-31,1,active,2,S-1ac1b4,4179,Enterprise,21,False,monthly,5208,0,0,0,0,1,0,0,,0
A-ac14bb,2023-11,2023-11-30,2,active,2,S-1ac1b4,4179,Enterprise,21,False,monthly,5208,0,0,0,0,2,1,0,,0
A-ac14bb,2023-12,2023-12-31,3,active,2,S-1ac1b4,4179,Enterprise,21,False,monthly,5208,0,0,0,0,1,0,0,,0
A-ac14bb,2024-01,2024-01-31,4,active,3,S-c855b0,14129,Enterprise,71,False,annual,19337,0,0,0,0,5,4,0,,0
A-ac14bb,2024-02,2024-02-29,5,active,5,S-c855b0,14129,Enterprise,71,False,annual,19736,0,0,0,0,2,0,0,,0
A-ac14bb,2024-03,2024-03-31,6,active,7,S-c855b0,14129,Enterprise,71,False,annual,27214,0,0,0,0,2,2,1,,0
A-ac14bb,2024-04,2024-04-30,7,active,7,S-c855b0,14129,Enterprise,71,False,annual,27214,0,0,0,0,2,2,0,,0
A-ac14bb,2024-05,2024-05-31,8,active,7,S-c855b0,14129,Enterprise,71,False,annual,27214,0,0,0,0,1,1,0,,0
A-ac14bb,2024-06,2024-06-30,9,active,6,S-c855b0,14129,Enterprise,71,False,annual,26815,399,1,0,0,3,2,1,4.00,0
A-ac14bb,2024-07,2024-07-31,10,active,7,S-c855b0,14129,Enterprise,71,False,annual,27347,0,0,0,0,2,2,0,,0
A-ac14bb,2024-08,2024-08-31,11,active,7,S-c855b0,14129,Enterprise,71,False,annual,27347,0,0,1,1,2,1,0,,0
A-ac14bb,2024-09,2024-09-30,12,active,7,S-c855b0,14129,Enterprise,71,False,annual,27347,0,0,0,0,2,2,0,,0
A-ac14bb,2024-10,2024-10-31,13,active,6,S-c855b0,14129,Enterprise,71,False,annual,20382,6965,1,1,1,2,2,0,,0
A-ac14bb,2024-11,2024-11-30,14,active,6,S-c855b0,14129,Enterprise,71,False,annual,20382,0,0,0,0,1,1,0,,0
A-ac14bb,2024-12,2024-12-31,15,active,6,S-c855b0,14129,Enterprise,71,False,annual,20382,0,0,0,0,2,1,0,,0
A-ac85cd,2024-07,2024-07-31,0,inactive,0,,0,,0,,,0,0,0,0,0,1,0,0,,0
A-ac85cd,2024-08,2024-08-31,1,active,2,S-70b655,2597,Pro,53,False,monthly,3604,0,0,0,0,2,0,1,,0
A-ac85cd,2024-09,2024-09-30,2,active,3,S-70b655,2597,Pro,53,False,monthly,4611,0,0,0,0,3,1,0,,0
A-ac85cd,2024-10,2024-10-31,3,active,4,S-e32789,2597,Pro,53,False,annual,7208,0,0,1,1,4,2,0,,0
A-ac85cd,2024-11,2024-11-30,4,active,7,S-56122a,12139,Enterprise,61,False,annual,22951,0,0,0,0,5,3,0,,0
A-ac85cd,2024-12,2024-12-31,5,active,9,S-56122a,12139,Enterprise,61,False,annual,37663,3604,3,1,1,0,0,0,,0
A-ac9111,2023-08,2023-08-31,0,inactive,0,,0,,0,,,0,0,0,0,0,2,0,0,,0
A-ac9111,2023-09,2023-09-30,1,active,1,S-82df6c,2009,Pro,41,False,annual,2009,0,0,0,0,4,1,0,,0
A-ac9111,2023-10,2023-10-31,2,active,4,S-82df6c,2009,Pro,41,False,annual,3206,0,0,0,0,7,2,0,,0
A-ac9111,2023-11,2023-11-30,3,active,4,S-82df6c,2009,Pro,41,False,annual,3206,0,0,0,0,4,0,0,,0
A-ac9111,2023-12,2023-12-31,4,active,4,S-82df6c,2009,Pro,41,False,annual,3206,0,0,0,0,4,2,0,,0
A-ac9111,2024-01,2024-01-31,5,active,3,S-82df6c,2009,Pro,41,False,annual,2807,399,1,0,0,4,2,0,,0
A-ac9111,2024-02,2024-02-29,6,active,4,S-82df6c,2009,Pro,41,False,annual,2807,0,0,0,0,3,1,0,,0
A-ac9111,2024-03,2024-03-31,7,active,5,S-82df6c,2009,Pro,41,False,annual,3836,0,0,0,0,2,1,1,,0
A-ac9111,2024-04,2024-04-30,8,active,5,S-82df6c,2009,Pro,41,False,annual,3836,0,0,0,0,5,2,0,,0
A-ac9111,2024-05,2024-05-31,9,active,5,S-82df6c,2009,Pro,41,False,annual,3836,0,0,0,0,4,3,1,,0
A-ac9111,2024-06,2024-06-30,10,active,5,S-6485d5,4179,Enterprise,21,False,monthly,7616,399,1,1,1,4,1,0,,0
A-ac9111,2024-07,2024-07-31,11,active,6,S-6485d5,4179,Enterprise,21,False,monthly,8743,0,0,0,0,3,0,0,,0
A-ac9111,2024-08,2024-08-31,12,active,8,S-d2932e,4179,Enterprise,21,False,annual,13951,0,0,0,0,0,0,0,,0
A-ac9111,2024-09,2024-09-30,13,active,9,S-d2932e,4179,Enterprise,21,False,annual,14483,0,0,0,0,5,1,0,,0
A-ac9111,2024-10,2024-10-31,14,active,11,S-d2932e,4179,Enterprise,21,False,annual,14882,0,0,0,0,2,2,0,,0
A-ac9111,2024-11,2024-11-30,15,active,12,S-a2da20,6368,Enterprise,32,False,monthly,21250,0,0,0,0,3,1,0,,0
A-ac9111,2024-12,2024-12-31,16,active,14,S-a2da20,6368,Enterprise,32,False,monthly,25828,0,0,0,0,6,5,0,,0
A-acb7f7,2024-01,2024-01-31,0,active,1,S-af4059,6368,Enterprise,32,False,annual,6368,0,0,0,0,3,0,1,3.00,0
A-acb7f7,2024-02,2024-02-29,1,active,3,S-84dd93,6368,Enterprise,32,False,annual,13477,0,0,0,0,2,1,0,,0
A-acb7f7,2024-03,2024-03-31,2,active,5,S-f463d3,6368,Enterprise,32,False,monthly,19845,0,0,1,1,4,2,0,,0
A-acb7f7,2024-04,2024-04-30,3,active,6,S-f463d3,6368,Enterprise,32,False,monthly,21854,0,0,0,0,2,2,0,,0
A-acb7f7,2024-05,2024-05-31,4,active,6,S-f463d3,6368,Enterprise,32,False,monthly,21854,0,0,0,0,1,1,0,,0
A-acb7f7,2024-06,2024-06-30,5,active,7,S-f463d3,6368,Enterprise,32,False,monthly,23422,0,0,0,0,2,1,0,,0
A-acb7f7,2024-07,2024-07-31,6,active,8,S-398291,6368,Enterprise,32,False,monthly,29790,0,0,0,0,2,2,0,,0
A-acb7f7,2024-08,2024-08-31,7,active,9,S-398291,6368,Enterprise,32,False,monthly,31358,0,0,0,0,2,2,0,,0
A-acb7f7,2024-09,2024-09-30,8,active,9,S-398291,6368,Enterprise,32,False,monthly,31358,0,0,0,0,3,1,0,,0
A-acb7f7,2024-10,2024-10-31,9,active,10,S-398291,6368,Enterprise,32,False,monthly,31358,0,0,0,0,4,3,0,,0
A-acb7f7,2024-11,2024-11-30,10,active,11,S-398291,6368,Enterprise,32,False,monthly,31966,0,0,0,0,4,3,0,,0
A-acb7f7,2024-12,2024-12-31,11,active,12,S-398291,6368,Enterprise,32,False,monthly,32574,0,0,0,0,5,5,0,,0
A-ad296b,2024-07,2024-07-31,0,active,2,S-61797c,722,Basic,38,False,annual,722,0,0,0,0,0,0,0,,0
A-ad296b,2024-08,2024-08-31,1,active,3,S-0bd442,7562,Enterprise,38,False,monthly,8284,0,0,0,0,2,2,0,,0
A-ad296b,2024-09,2024-09-30,2,active,4,S-22e21a,7562,Enterprise,38,False,annual,15846,0,0,0,0,1,1,1,3.00,0
A-ad296b,2024-10,2024-10-31,3,active,4,S-22e21a,7562,Enterprise,38,False,annual,15846,0,0,0,0,1,1,0,,0
A-ad296b,2024-11,2024-11-30,4,active,4,S-22e21a,7562,Enterprise,38,False,annual,15846,722,1,0,0,2,2,0,,0
A-ad296b,2024-12,2024-12-31,5,active,5,S-22e21a,7562,Enterprise,38,False,annual,17708,0,0,0,0,1,1,0,,0
A-ad3abd,2023-03,2023-03-31,0,active,1,S-a959a3,8756,Enterprise,44,False,monthly,8756,0,0,0,0,2,0,0,,0
A-ad3abd,2023-04,2023-04-30,1,active,2,S-a959a3,8756,Enterprise,44,False,monthly,9592,0,0,0,0,1,0,0,,0
A-ad3abd,2023-05,2023-05-31,2,active,3,S-a959a3,8756,Enterprise,44,False,monthly,11748,0,0,0,0,1,0,0,,0
A-ad3abd,2023-06,2023-06-30,3,active,3,S-a959a3,8756,Enterprise,44,False,monthly,11748,0,0,0,0,3,1,0,,0
A-ad3abd,2023-07,2023-07-31,4,active,3,S-a959a3,8756,Enterprise,44,False,monthly,11748,0,0,1,1,1,0,0,,0
A-ad3abd,2023-08,2023-08-31,5,active,3,S-a959a3,8756,Enterprise,44,False,monthly,11748,0,0,0,0,0,0,1,3.00,0
A-ad3abd,2023-09,2023-09-30,6,active,3,S-a959a3,8756,Enterprise,44,False,monthly,11748,0,0,0,0,2,1,0,,0
A-ad3abd,2023-10,2023-10-31,7,active,3,S-a959a3,8756,Enterprise,44,False,monthly,11748,0,0,0,0,0,0,0,,0
A-ad3abd,2023-11,2023-11-30,8,active,4,S-a959a3,8756,Enterprise,44,False,monthly,11748,0,0,0,0,0,0,0,,0
A-ad3abd,2023-12,2023-12-31,9,active,4,S-a959a3,8756,Enterprise,44,False,monthly,11748,0,0,0,0,0,0,1,3.00,0
A-ad3abd,2024-01,2024-01-31,10,active,4,S-a959a3,8756,Enterprise,44,False,monthly,11748,0,0,0,0,0,0,0,,0
A-ad3abd,2024-02,2024-02-29,11,active,3,S-a959a3,8756,Enterprise,44,False,monthly,11748,0,1,0,0,1,0,0,,0
A-ad3abd,2024-03,2024-03-31,12,active,4,S-a959a3,8756,Enterprise,44,False,monthly,12584,0,0,0,0,2,1,0,,0
A-ad3abd,2024-04,2024-04-30,13,active,4,S-a959a3,8756,Enterprise,44,False,monthly,12584,0,0,0,0,1,0,0,,0
A-ad3abd,2024-05,2024-05-31,14,active,4,S-a959a3,8756,Enterprise,44,False,monthly,12584,0,0,0,0,3,3,0,,0
A-ad3abd,2024-06,2024-06-30,15,active,4,S-a959a3,8756,Enterprise,44,False,monthly,12584,0,0,0,0,0,0,0,,0
A-ad3abd,2024-07,2024-07-31,16,active,4,S-a959a3,8756,Enterprise,44,False,monthly,12584,2156,1,0,0,2,1,0,,0
A-ad3abd,2024-08,2024-08-31,17,active,4,S-a959a3,8756,Enterprise,44,False,monthly,12584,0,0,0,0,2,1,0,,0
A-ad3abd,2024-09,2024-09-30,18,active,3,S-a959a3,8756,Enterprise,44,False,monthly,11748,836,1,0,0,1,0,0,,0
A-ad3abd,2024-10,2024-10-31,19,active,4,S-a959a3,8756,Enterprise,44,False,monthly,13904,0,0,0,0,3,1,0,,0
A-ad3abd,2024-11,2024-11-30,20,active,4,S-a959a3,8756,Enterprise,44,False,monthly,13904,0,0,0,0,1,1,1,,0
A-ad3abd,2024-12,2024-12-31,21,active,4,S-a959a3,8756,Enterprise,44,False,monthly,13904,0,0,0,0,0,0,0,,0
A-ad64c6,2024-02,2024-02-29,0,inactive,0,,0,,0,,,0,0,0,0,0,0,0,0,,0
A-ad64c6,2024-03,2024-03-31,1,active,1,S-ed857b,2388,Enterprise,12,False,monthly,2388,0,0,0,0,0,0,0,,0
A-ad64c6,2024-04,2024-04-30,2,active,1,S-ed857b,2388,Enterprise,12,False,monthly,2388,0,0,0,0,1,0,1,,0
A-ad64c6,2024-05,2024-05-31,3,active,1,S-ed857b,2388,Enterprise,12,False,monthly,2388,0,0,0,0,1,0,0,,0
A-ad64c6,2024-06,2024-06-30,4,active,2,S-753a0a,5572,Enterprise,28,False,annual,7960,0,0,0,0,2,2,0,,0
A-ad64c6,2024-07,2024-07-31,5,active,3,S-753a0a,5572,Enterprise,28,False,annual,7960,0,0,1,2,0,0,1,5.00,0
A-ad64c6,2024-08,2024-08-31,6,active,4,S-753a0a,5572,Enterprise,28,False,annual,8548,0,0,0,0,1,1,0,,0
A-ad64c6,2024-09,2024-09-30,7,active,5,S-753a0a,5572,Enterprise,28,False,annual,9136,0,0,0,0,1,0,0,,0
A-ad64c6,2024-10,2024-10-31,8,active,5,S-753a0a,5572,Enterprise,28,False,annual,9136,0,0,0,0,0,0,1,,0
A-ad64c6,2024-11,2024-11-30,9,active,5,S-28e360,5572,Enterprise,28,False,annual,14120,588,1,0,0,1,1,1,,0
A-ad64c6,2024-12,2024-12-31,10,active,5,S-28e360,5572,Enterprise,28,False,annual,14120,0,0,0,0,0,0,0,,0
A-adc1f3,2024-08,2024-08-31,0,active,2,S-7c727c,1592,Enterprise,8,False,annual,2786,0,0,0,0,0,0,0,,0
A-adc1f3,2024-09,2024-09-30,1,active,3,S-7c727c,1592,Enterprise,8,False,annual,2786,9950,1,0,0,0,0,0,,0
A-adc1f3,2024-10,2024-10-31,2,active,3,S-7c727c,1592,Enterprise,8,False,annual,2786,0,0,0,0,3,1,0,,0
A-adc1f3,2024-11,2024-11-30,3,active,4,S-dcf449,9950,Enterprise,50,False,annual,12736,0,0,0,0,1,1,0,,0
A-adc1f3,2024-12,2024-12-31,4,active,8,S-dcf449,9950,Enterprise,50,False,annual,16658,0,0,0,0,2,1,0,,0
A-ae052e,2023-09,2023-09-30,0,inactive,0,,0,,0,,,0,0,0,0,0,2,0,0,,0
A-ae052e,2023-10,2023-10-31,1,inactive,0,,0,,0,,,0,0,0,1,1,0,0,0,,0
A-ae052e,2023-11,2023-11-30,2,inactive,0,,0,,0,,,0,0,0,0,0,2,0,0,,0
A-ae052e,2023-12,2023-12-31,3,inactive,0,,0,,0,,,0,0,0,0,0,3,0,1,,0
A-ae052e,2024-01,2024-01-31,4,active,1,S-2abab6,0,Pro,39,True,monthly,0,0,0,0,0,3,0,1,,0
A-ae052e,2024-02,2024-02-29,5,active,1,S-2abab6,0,Pro,39,True,monthly,0,0,0,0,0,1,0,0,,0
A-ae052e,2024-03,2024-03-31,6,active,2,S-00ab51,1911,Pro,39,False,monthly,1911,0,0,0,0,1,0,0,,0
A-ae052e,2024-04,2024-04-30,7,active,2,S-00ab51,1911,Pro,39,False,monthly,1911,0,0,0,0,2,1,0,,0
A-ae052e,2024-05,2024-05-31,8,active,2,S-00ab51,1911,Pro,39,False,monthly,1911,0,0,0,0,2,0,0,,0
A-ae052e,2024-06,2024-06-30,9,active,2,S-00ab51,1911,Pro,39,False,monthly,1911,0,0,0,0,0,0,0,,0
A-ae052e,2024-07,2024-07-31,10,active,2,S-00ab51,1911,Pro,39,False,monthly,1911,0,0,0,0,0,0,0,,0
A-ae052e,2024-08,2024-08-31,11,active,2,S-00ab51,1911,Pro,39,False,monthly,1911,0,0,0,0,0,0,0,,0
A-ae052e,2024-09,2024-09-30,12,active,3,S-c619d6,1911,Pro,39,False,annual,3822,0,0,0,0,1,0,0,,0
A-ae052e,2024-10,2024-10-31,13,active,3,S-76eded,1911,Pro,39,False,monthly,5733,0,1,1,1,1,0,0,,0
A-ae052e,2024-11,2024-11-30,14,active,4,S-195cd5,1960,Pro,40,False,monthly,7693,0,0,1,1,2,1,0,,0
A-ae052e,2024-12,2024-12-31,15,active,3,S-c619d6,1911,Pro,39,False,annual,3822,3871,2,1,1,1,0,0,,0
A-af0cd2,2023-01,2023-01-31,0,active,1,S-50aaaa,931,Pro,19,False,monthly,931,0,0,0,0,1,0,0,,0
A-af0cd2,2023-02,2023-02-28,1,active,1,S-50aaaa,931,Pro,19,False,monthly,931,0,0,0,0,0,0,0,,0
A-af0cd2,2023-03,2023-03-31,2,active,1,S-50aaaa,931,Pro,19,False,monthly,931,0,0,0,0,7,1,0,,0
A-af0cd2,2023-04,2023-04-30,3,active,3,S-931899,931,Pro,19,False,annual,2793,0,0,0,0,3,0,0,,0
A-af0cd2,2023-05,2023-05-31,4,active,3,S-931899,931,Pro,19,False,annual,2793,0,0,0,0,2,1,0,,0
A-af0cd2,2023-06,2023-06-30,5,active,3,S-931899,931,Pro,19,False,annual,2793,0,0,0,0,3,2,0,,0
A-af0cd2,2023-07,2023-07-31,6,active,4,S-931899,931,Pro,19,False,annual,2793,0,0,0,0,3,0,0,,0
A-af0cd2,2023-08,2023-08-31,7,active,4,S-931899,931,Pro,19,False,annual,2793,0,0,0,0,3,1,1,,0
A-af0cd2,2023-09,2023-09-30,8,active,4,S-931899,931,Pro,19,False,annual,2793,0,0,0,0,3,0,0,,0
A-af0cd2,2023-10,2023-10-31,9,active,7,S-931899,931,Pro,19,False,annual,4085,0,0,1,1,5,3,0,,0
A-af0cd2,2023-11,2023-11-30,10,active,7,S-931899,931,Pro,19,False,annual,4085,0,0,0,0,6,4,0,,0
A-af0cd2,2023-12,2023-12-31,11,active,7,S-931899,931,Pro,19,False,annual,4085,0,0,0,0,2,1,0,,0
A-af0cd2,2024-01,2024-01-31,12,active,7,S-931899,931,Pro,19,False,annual,4085,0,0,0,0,0,0,0,,0
A-af0cd2,2024-02,2024-02-29,13,active,7,S-931899,931,Pro,19,False,annual,4085,0,0,0,0,4,2,0,,0
A-af0cd2,2024-03,2024-03-31,14,active,7,S-931899,931,Pro,19,False,annual,4085,0,0,0,0,2,0,0,,0
A-af0cd2,2024-04,2024-04-30,15,active,7,S-931899,931,Pro,19,False,annual,4085,0,0,0,0,1,0,1,,0
A-af0cd2,2024-05,2024-05-31,16,active,8,S-8bfab5,931,Pro,19,False,monthly,5016,0,0,0,0,3,3,0,,0
A-af0cd2,2024-06,2024-06-30,17,active,8,S-8bfab5,931,Pro,19,False,monthly,5016,0,0,0,0,5,3,1,,0
A-af0cd2,2024-07,2024-07-31,18,active,7,S-8bfab5,931,Pro,19,False,monthly,5016,0,1,0,0,2,0,0,,0
A-af0cd2,2024-08,2024-08-31,19,active,7,S-8bfab5,931,Pro,19,False,monthly,5016,0,0,0,0,2,1,0,,0
A-af0cd2,2024-09,2024-09-30,20,active,9,S-8bfab5,931,Pro,19,False,monthly,5377,0,0,0,0,0,0,0,,0
A-af0cd2,2024-10,2024-10-31,21,active,10,S-d8c6a0,1083,Basic,57,False,annual,6460,0,0,0,0,5,5,0,,0
A-af0cd2,2024-11,2024-11-30,22,active,10,S-d8c6a0,1083,Basic,57,False,annual,6460,0,0,0,0,5,4,0,,0
A-af0cd2,2024-12,2024-12-31,23,active,9,S-d8c6a0,1083,Basic,57,False,annual,5529,931,1,0,0,3,2,0,,0
A-afa505,2023-12,2023-12-31,0,inactive,0,,0,,0,,,0,0,0,0,0,2,0,0,,0
A-afa505,2024-01,2024-01-31,1,active,1,S-4305f1,3430,Pro,70,False,monthly,3430,0,0,0,0,1,0,0,,0
A-afa505,2024-02,2024-02-29,2,active,2,S-4305f1,3430,Pro,70,False,monthly,3430,0,0,0,0,2,2,0,,0
A-afa505,2024-03,2024-03-31,3,active,2,S-4305f1,3430,Pro,70,False,monthly,3430,0,0,1,1,0,0,0,,0
A-afa505,2024-04,2024-04-30,4,active,2,S-4305f1,3430,Pro,70,False,monthly,3430,0,0,0,0,2,1,0,,0
A-afa505,2024-05,2024-05-31,5,active,3,S-3df6ee,13930,Enterprise,70,False,monthly,17360,0,0,0,0,2,1,0,,0
A-afa505,2024-06,2024-06-30,6,active,4,S-a04ba5,13930,Enterprise,70,False,annual,31290,0,0,0,0,3,1,1,3.00,0
A-afa505,2024-07,2024-07-31,7,active,6,S-db0f41,13930,Enterprise,70,False,monthly,48650,0,0,0,0,2,1,0,,0
A-afa505,2024-08,2024-08-31,8,active,8,S-db0f41,13930,Enterprise,70,False,monthly,52080,0,0,0,0,2,2,0,,0
A-afa505,2024-09,2024-09-30,9,active,8,S-db0f41,13930,Enterprise,70,False,monthly,52080,0,0,0,0,1,1,1,,0
A-afa505,2024-10,2024-10-31,10,active,7,S-db0f41,13930,Enterprise,70,False,monthly,48650,3430,1,0,0,4,4,0,,0
A-afa505,2024-11,2024-11-30,11,active,8,S-4291f7,13930,Enterprise,70,False,monthly,62580,0,0,0,0,0,0,0,,0
A-afa505,2024-12,2024-12-31,12,active,8,S-4291f7,13930,Enterprise,70,False,monthly,62580,0,0,0,0,5,5,0,,0
A-b07346,2024-10,2024-10-31,0,inactive,0,,0,,0,,,0,0,0,0,0,0,0,0,,1
A-b07346,2024-11,2024-11-30,1,active,2,S-bff4f8,10149,Enterprise,51,False,annual,11118,0,0,1,1,0,0,1,3.00,1
A-b07346,2024-12,2024-12-31,2,active,5,S-bb45bb,10149,Enterprise,51,False,annual,31416,0,0,0,0,1,1,0,,1
A-b07b56,2024-11,2024-11-30,0,active,7,S-6ab430,1225,Pro,25,False,monthly,5100,0,0,0,0,3,2,0,,1
A-b07b56,2024-12,2024-12-31,1,active,14,S-680dbe,4975,Enterprise,25,False,annual,16984,0,1,1,1,3,3,0,,1
A-b11cd0,2023-01,2023-01-31,0,inactive,0,,0,,0,,,0,0,0,0,0,1,0,0,,1
A-b11cd0,2023-02,2023-02-28,1,active,1,S-7a36ee,494,Basic,26,False,monthly,494,0,0,0,0,1,1,0,,1
A-b11cd0,2023-03,2023-03-31,2,active,1,S-7a36ee,494,Basic,26,False,monthly,494,0,0,0,0,2,0,0,,1
A-b11cd0,2023-04,2023-04-30,3,active,2,S-7a36ee,494,Basic,26,False,monthly,494,0,0,0,0,1,1,0,,1
A-b11cd0,2023-05,2023-05-31,4,active,2,S-7a36ee,494,Basic,26,False,monthly,494,0,0,0,0,1,0,1,5.00,1
A-b11cd0,2023-06,2023-06-30,5,active,2,S-7a36ee,494,Basic,26,False,monthly,494,0,0,0,0,2,1,0,,1
A-b11cd0,2023-07,2023-07-31,6,active,2,S-7a36ee,494,Basic,26,False,monthly,494,0,0,0,0,3,1,0,,1
A-b11cd0,2023-08,2023-08-31,7,active,2,S-7a36ee,494,Basic,26,False,monthly,494,0,0,0,0,1,0,0,,1
A-b11cd0,2023-09,2023-09-30,8,active,2,S-7a36ee,494,Basic,26,False,monthly,494,0,0,0,0,2,0,0,,1
A-b11cd0,2023-10,2023-10-31,9,active,3,S-7a36ee,494,Basic,26,False,monthly,494,0,0,0,0,1,1,0,,1
A-b11cd0,2023-11,2023-11-30,10,active,3,S-7a36ee,494,Basic,26,False,monthly,494,0,0,0,0,2,1,0,,1
A-b11cd0,2023-12,2023-12-31,11,active,4,S-f7ef84,1274,Pro,26,False,annual,1768,0,0,0,0,0,0,0,,1
A-b11cd0,2024-01,2024-01-31,12,active,4,S-f7ef84,1274,Pro,26,False,annual,1768,0,0,0,0,0,0,2,,1
A-b11cd0,2024-02,2024-02-29,13,active,5,S-57e129,1764,Pro,36,False,monthly,3532,0,0,0,0,3,1,0,,1
A-b11cd0,2024-03,2024-03-31,14,active,5,S-57e129,1764,Pro,36,False,monthly,3532,0,0,0,0,1,1,0,,1
A-b11cd0,2024-04,2024-04-30,15,active,5,S-57e129,1764,Pro,36,False,monthly,3532,0,0,0,0,1,1,0,,1
A-b11cd0,2024-05,2024-05-31,16,active,5,S-57e129,1764,Pro,36,False,monthly,3532,0,0,0,0,3,2,0,,1
A-b11cd0,2024-06,2024-06-30,17,active,4,S-57e129,1764,Pro,36,False,monthly,3038,494,1,0,0,0,0,0,,1
A-b11cd0,2024-07,2024-07-31,18,active,5,S-57e129,1764,Pro,36,False,monthly,4312,0,0,0,0,1,0,0,,1
A-b11cd0,2024-08,2024-08-31,19,active,5,S-57e129,1764,Pro,36,False,monthly,4312,0,0,0,0,0,0,0,,1
A-b11cd0,2024-09,2024-09-30,20,active,5,S-57e129,1764,Pro,36,False,monthly,4312,0,0,0,0,1,1,0,,1
A-b11cd0,2024-10,2024-10-31,21,active,4,S-57e129,1764,Pro,36,False,monthly,4312,0,1,0,0,0,0,1,3.00,1
A-b11cd0,2024-11,2024-11-30,22,active,4,S-57e129,1764,Pro,36,False,monthly,4312,0,0,0,0,0,0,0,,1
A-b11cd0,2024-12,2024-12-31,23,active,4,S-57e129,1764,Pro,36,False,monthly,4312,0,0,0,0,2,1,0,,1
A-b179bf,2024-10,2024-10-31,0,active,1,S-8c118d,0,Pro,43,True,monthly,0,0,0,1,1,0,0,0,,0
A-b179bf,2024-11,2024-11-30,1,active,2,S-6015db,8557,Enterprise,43,False,annual,8557,0,0,1,1,0,0,1,,0
A-b179bf,2024-12,2024-12-31,2,active,5,S-3eb206,8557,Enterprise,43,False,monthly,17931,0,0,1,1,1,1,0,,0
A-b20d99,2023-09,2023-09-30,0,inactive,0,,0,,0,,,0,0,0,0,0,0,0,0,,0
A-b20d99,2023-10,2023-10-31,1,inactive,0,,0,,0,,,0,0,0,0,0,0,0,0,,0
A-b20d99,2023-11,2023-11-30,2,inactive,0,,0,,0,,,0,0,0,0,0,1,0,0,,0
A-b20d99,2023-12,2023-12-31,3,inactive,0,,0,,0,,,0,0,0,0,0,1,0,0,,0
A-b20d99,2024-01,2024-01-31,4,active,2,S-78da0b,3980,Enterprise,20,False,monthly,4360,0,0,0,0,2,0,0,,0
A-b20d99,2024-02,2024-02-29,5,active,2,S-78da0b,3980,Enterprise,20,False,monthly,4360,0,0,0,0,1,0,0,,0
A-b20d99,2024-03,2024-03-31,6,active,3,S-78da0b,3980,Enterprise,20,False,monthly,5006,0,0,1,1,2,0,0,,0
A-b20d99,2024-04,2024-04-30,7,active,3,S-78da0b,3980,Enterprise,20,False,monthly,5006,0,0,0,0,1,0,0,,0
A-b20d99,2024-05,2024-05-31,8,active,3,S-78da0b,3980,Enterprise,20,False,monthly,5006,0,0,0,0,4,0,0,,0
A-b20d99,2024-06,2024-06-30,9,active,3,S-78da0b,3980,Enterprise,20,False,monthly,5006,0,0,0,0,2,0,0,,0
A-b20d99,2024-07,2024-07-31,10,active,4,S-78da0b,3980,Enterprise,20,False,monthly,5386,0,0,0,0,0,0,0,,0
A-b20d99,2024-08,2024-08-31,11,active,5,S-78da0b,3980,Enterprise,20,False,monthly,5766,0,0,0,0,2,1,0,,0
A-b20d99,2024-09,2024-09-30,12,active,6,S-78da0b,3980,Enterprise,20,False,monthly,7089,0,0,0,0,2,0,0,,0
A-b20d99,2024-10,2024-10-31,13,active,6,S-78da0b,3980,Enterprise,20,False,monthly,7089,0,0,0,0,0,0,0,,0
A-b20d99,2024-11,2024-11-30,14,active,7,S-d6f31b,3980,Enterprise,20,False,monthly,11069,0,0,0,0,0,0,0,,0
A-b20d99,2024-12,2024-12-31,15,active,7,S-d6f31b,3980,Enterprise,20,False,monthly,11069,0,0,0,0,0,0,0,,0
A-b2225d,2024-03,2024-03-31,0,inactive,0,,0,,0,,,0,0,0,1,1,4,0,0,,1
A-b2225d,2024-04,2024-04-30,1,active,1,S-2940a5,0,Enterprise,47,True,annual,0,0,0,0,0,4,0,1,3.00,1
A-b2225d,2024-05,2024-05-31,2,active,4,S-b47d75,9353,Enterprise,47,False,annual,10246,0,0,1,1,3,0,0,,1
A-b2225d,2024-06,2024-06-30,3,active,4,S-b47d75,9353,Enterprise,47,False,annual,10246,0,0,1,1,3,0,0,,1
A-b2225d,2024-07,2024-07-31,4,active,4,S-b47d75,9353,Enterprise,47,False,annual,10246,0,0,0,0,4,1,1,,1
A-b2225d,2024-08,2024-08-31,5,active,6,S-b47d75,9353,Enterprise,47,False,annual,13442,0,0,0,0,4,2,0,,1
A-b2225d,2024-09,2024-09-30,6,active,8,S-b47d75,9353,Enterprise,47,False,annual,15745,0,0,0,0,4,2,0,,1
A-b2225d,2024-10,2024-10-31,7,active,10,S-b47d75,9353,Enterprise,47,False,annual,15745,0,0,0,0,2,2,0,,1
A-b2225d,2024-11,2024-11-30,8,active,11,S-b47d75,9353,Enterprise,47,False,annual,18195,0,0,0,0,4,3,0,,1
A-b2225d,2024-12,2024-12-31,9,active,12,S-b47d75,9353,Enterprise,47,False,annual,19088,0,0,0,0,1,1,0,,1
A-b2af2e,2024-08,2024-08-31,0,active,2,S-d1201a,882,Pro,18,False,monthly,1091,0,0,0,0,0,0,0,,0
A-b2af2e,2024-09,2024-09-30,1,active,2,S-d1201a,882,Pro,18,False,monthly,1091,0,0,0,0,0,0,0,,0
A-b2af2e,2024-10,2024-10-31,2,active,3,S-c20518,995,Enterprise,5,False,monthly,2086,0,0,0,0,2,2,0,,0
A-b2af2e,2024-11,2024-11-30,3,active,3,S-c20518,995,Enterprise,5,False,monthly,2086,0,0,1,1,1,0,0,,0
A-b2af2e,2024-12,2024-12-31,4,active,4,S-635c1e,1026,Basic,54,False,annual,3112,0,0,0,0,0,0,0,,0
A-b30291,2024-04,2024-04-30,0,active,2,S-37e3ad,95,Basic,5,False,monthly,190,0,0,0,0,1,0,0,,1
A-b30291,2024-05,2024-05-31,1,active,3,S-1f5841,95,Basic,5,False,annual,285,0,0,0,0,2,0,0,,1
A-b30291,2024-06,2024-06-30,2,active,5,S-1a9fb7,3184,Enterprise,16,False,monthly,4351,0,0,0,0,2,0,0,,1
A-b30291,2024-07,2024-07-31,3,active,5,S-1a9fb7,3184,Enterprise,16,False,monthly,4351,0,0,0,0,3,1,0,,1
A-b30291,2024-08,2024-08-31,4,active,5,S-1a9fb7,3184,Enterprise,16,False,monthly,4351,0,0,0,0,1,0,0,,1
A-b30291,2024-09,2024-09-30,5,active,7,S-1a9fb7,3184,Enterprise,16,False,monthly,5130,0,0,1,1,3,1,0,,1
A-b30291,2024-10,2024-10-31,6,active,9,S-1a9fb7,3184,Enterprise,16,False,monthly,5130,0,0,0,0,3,3,0,,1
A-b30291,2024-11,2024-11-30,7,active,8,S-1a9fb7,3184,Enterprise,16,False,monthly,5130,0,1,0,0,1,1,0,,1
A-b30291,2024-12,2024-12-31,8,active,9,S-1a9fb7,3184,Enterprise,16,False,monthly,5375,0,0,0,0,2,1,0,,1
A-b3fe05,2024-05,2024-05-31,0,inactive,0,,0,,0,,,0,0,0,0,0,1,0,0,,0
A-b3fe05,2024-06,2024-06-30,1,active,1,S-877508,0,Pro,11,True,annual,0,0,0,0,0,2,0,0,,0
A-b3fe05,2024-07,2024-07-31,2,active,1,S-877508,0,Pro,11,True,annual,0,0,0,0,0,3,0,0,,0
A-b3fe05,2024-08,2024-08-31,3,active,2,S-3803ff,9950,Enterprise,50,False,monthly,9950,0,0,0,0,2,1,0,,0
A-b3fe05,2024-09,2024-09-30,4,active,3,S-3803ff,9950,Enterprise,50,False,monthly,13333,0,0,0,0,3,1,0,,0
A-b3fe05,2024-10,2024-10-31,5,active,6,S-3803ff,9950,Enterprise,50,False,monthly,23924,0,0,0,0,1,1,0,,0
A-b3fe05,2024-11,2024-11-30,6,active,7,S-3803ff,9950,Enterprise,50,False,monthly,24102,392,1,0,0,1,1,0,,0
A-b3fe05,2024-12,2024-12-31,7,active,8,S-3803ff,9950,Enterprise,50,False,monthly,24102,0,0,0,0,1,1,1,,0
A-b44e3e,2024-02,2024-02-29,0,active,1,S-f429e0,15721,Enterprise,79,False,annual,15721,0,0,0,0,2,0,0,,0
A-b44e3e,2024-03,2024-03-31,1,active,1,S-f429e0,15721,Enterprise,79,False,annual,15721,0,0,0,0,1,0,0,,0
A-b44e3e,2024-04,2024-04-30,2,active,3,S-f429e0,15721,Enterprise,79,False,annual,19641,0,0,1,1,2,0,0,,0
A-b44e3e,2024-05,2024-05-31,3,active,4,S-f429e0,15721,Enterprise,79,False,annual,27601,0,0,0,0,2,1,0,,0
A-b44e3e,2024-06,2024-06-30,4,active,5,S-f429e0,15721,Enterprise,79,False,annual,35561,0,0,0,0,2,1,1,4.00,0
A-b44e3e,2024-07,2024-07-31,5,active,6,S-f429e0,15721,Enterprise,79,False,annual,35561,0,0,0,0,3,3,0,,0
A-b44e3e,2024-08,2024-08-31,6,active,6,S-f429e0,15721,Enterprise,79,False,annual,35561,0,0,0,0,0,0,0,,0
A-b44e3e,2024-09,2024-09-30,7,active,6,S-f429e0,15721,Enterprise,79,False,annual,35561,0,0,0,0,2,2,0,,0
A-b44e3e,2024-10,2024-10-31,8,active,6,S-f429e0,15721,Enterprise,79,False,annual,35561,0,0,0,0,2,2,0,,0
A-b44e3e,2024-11,2024-11-30,9,active,6,S-f429e0,15721,Enterprise,79,False,annual,35561,0,0,0,0,3,3,0,,0
A-b44e3e,2024-12,2024-12-31,10,active,6,S-f429e0,15721,Enterprise,79,False,annual,35561,7960,1,0,0,0,0,0,,0
A-b48f73,2024-11,2024-11-30,0,active,3,S-856627,3920,Pro,80,False,annual,6960,0,0,0,0,1,0,0,,0
A-b48f73,2024-12,2024-12-31,1,active,7,S-5450af,15920,Enterprise,80,False,annual,28320,0,0,0,0,0,0,0,,0
A-b54c01,2024-09,2024-09-30,0,inactive,0,,0,,0,,,0,0,0,0,0,0,0,0,,0
A-b54c01,2024-10,2024-10-31,1,active,3,S-81510a,1421,Pro,29,False,annual,2842,0,0,1,1,2,0,0,,0
A-b54c01,2024-11,2024-11-30,2,active,3,S-81510a,1421,Pro,29,False,annual,2842,0,0,0,0,0,0,0,,0
A-b54c01,2024-12,2024-12-31,3,active,4,S-81510a,1421,Pro,29,False,annual,3393,0,0,0,0,0,0,0,,0
A-b7724f,2023-03,2023-03-31,0,inactive,0,,0,,0,,,0,0,0,0,0,2,0,0,,0
A-b7724f,2023-04,2023-04-30,1,inactive,0,,0,,0,,,0,0,0,0,0,1,0,0,,0
A-b7724f,2023-05,2023-05-31,2,inactive,0,,0,,0,,,0,0,0,0,0,2,0,0,,0
A-b7724f,2023-06,2023-06-30,3,active,1,S-b41494,627,Basic,33,False,monthly,627,0,0,0,0,1,0,0,,0
A-b7724f,2023-07,2023-07-31,4,active,1,S-b41494,627,Basic,33,False,monthly,627,0,0,0,0,1,0,0,,0
A-b7724f,2023-08,2023-08-31,5,active,1,S-b41494,627,Basic,33,False,monthly,627,0,0,1,1,3,0,0,,0
A-b7724f,2023-09,2023-09-30,6,active,1,S-b41494,627,Basic,33,False,monthly,627,0,0,0,0,2,0,0,,0
A-b7724f,2023-10,2023-10-31,7,active,1,S-b41494,627,Basic,33,False,monthly,627,0,0,0,0,0,0,0,,0
A-b7724f,2023-11,2023-11-30,8,active,1,S-b41494,627,Basic,33,False,monthly,627,0,0,0,0,0,0,0,,0
A-b7724f,2023-12,2023-12-31,9,active,1,S-b41494,627,Basic,33,False,monthly,627,0,0,0,0,1,0,0,,0
A-b7724f,2024-01,2024-01-31,10,active,1,S-b41494,627,Basic,33,False,monthly,627,0,0,1,1,0,0,1,3.00,0
A-b7724f,2024-02,2024-02-29,11,active,1,S-b41494,627,Basic,33,False,monthly,627,0,0,0,0,4,0,0,,0
A-b7724f,2024-03,2024-03-31,12,active,1,S-b41494,627,Basic,33,False,monthly,627,0,0,0,0,0,0,0,,0
A-b7724f,2024-04,2024-04-30,13,active,1,S-b41494,627,Basic,33,False,monthly,627,0,0,0,0,0,0,0,,0
A-b7724f,2024-05,2024-05-31,14,active,1,S-b41494,627,Basic,33,False,monthly,627,0,0,0,0,3,0,0,,0
A-b7724f,2024-06,2024-06-30,15,active,2,S-b41494,627,Basic,33,False,monthly,836,0,0,0,0,5,0,0,,0
A-b7724f,2024-07,2024-07-31,16,active,3,S-b41494,627,Basic,33,False,monthly,1064,0,0,0,0,0,0,1,,0
A-b7724f,2024-08,2024-08-31,17,active,3,S-b41494,627,Basic,33,False,monthly,1064,0,0,0,0,5,2,0,,0
A-b7724f,2024-09,2024-09-30,18,active,6,S-b41494,627,Basic,33,False,monthly,1322,0,0,1,1,2,1,0,,0
A-b7724f,2024-10,2024-10-31,19,active,5,S-b41494,627,Basic,33,False,monthly,1273,49,1,0,0,2,1,0,,0
A-b7724f,2024-11,2024-11-30,20,active,4,S-b41494,627,Basic,33,False,monthly,1083,190,1,0,0,0,0,0,,0
A-b7724f,2024-12,2024-12-31,21,active,5,S-804fb3,1349,Basic,71,False,monthly,2774,209,1,0,0,1,0,1,3.00,0
A-b78bf8,2024-11,2024-11-30,0,active,3,S-4b5470,6567,Enterprise,33,False,monthly,8811,0,0,0,0,1,0,0,,0
A-b78bf8,2024-12,2024-12-31,1,active,8,S-cd0f21,9751,Enterprise,49,False,annual,22423,0,0,1,1,2,1,2,4.00,0
A-b7b7b7,2024-06,2024-06-30,0,inactive,0,,0,,0,,,0,0,0,0,0,2,0,0,,1
A-b7b7b7,2024-07,2024-07-31,1,active,2,S-80ed6b,1176,Pro,24,False,annual,2352,0,0,0,0,3,1,0,,1
A-b7b7b7,2024-08,2024-08-31,2,active,3,S-2e7756,3283,Pro,67,False,annual,5635,0,0,0,0,3,0,1,5.00,1
A-b7b7b7,2024-09,2024-09-30,3,active,7,S-f0972b,5373,Enterprise,27,False,monthly,17416,0,0,0,0,4,2,0,,1
A-b7b7b7,2024-10,2024-10-31,4,active,9,S-f5bd45,7761,Enterprise,39,False,monthly,25177,0,0,0,0,1,1,0,,1
A-b7b7b7,2024-11,2024-11-30,5,active,11,S-f5bd45,7761,Enterprise,39,False,monthly,27382,0,0,0,0,2,2,0,,1
A-b7b7b7,2024-12,2024-12-31,6,active,12,S-f5bd45,7761,Enterprise,39,False,monthly,28558,0,0,0,0,2,2,0,,1
A-b7ef83,2024-05,2024-05-31,0,inactive,0,,0,,0,,,0,0,0,0,0,3,0,0,,0
A-b7ef83,2024-06,2024-06-30,1,active,5,S-557f3e,2587,Enterprise,13,False,annual,6707,0,0,1,1,1,0,0,,0
A-b7ef83,2024-07,2024-07-31,2,active,6,S-5c631b,5174,Enterprise,26,False,annual,11881,0,0,1,1,3,1,0,,0
A-b7ef83,2024-08,2024-08-31,3,active,6,S-5c631b,5174,Enterprise,26,False,annual,11881,0,0,0,0,4,0,0,,0
A-b7ef83,2024-09,2024-09-30,4,active,9,S-5c631b,5174,Enterprise,26,False,annual,16186,0,0,0,0,1,1,0,,0
A-b7ef83,2024-10,2024-10-31,5,active,11,S-5c631b,5174,Enterprise,26,False,annual,17417,0,0,0,0,2,2,1,,0
A-b7ef83,2024-11,2024-11-30,6,active,13,S-e73cdf,8756,Enterprise,44,False,annual,26325,0,0,0,0,4,4,0,,0
A-b7ef83,2024-12,2024-12-31,7,active,14,S-e73cdf,8756,Enterprise,44,False,annual,26913,8955,1,0,0,3,2,0,,0
A-b9eed8,2024-02,2024-02-29,0,inactive,0,,0,,0,,,0,0,0,0,0,2,0,0,,0
A-b9eed8,2024-03,2024-03-31,1,active,1,S-023f3c,2985,Enterprise,15,False,annual,2985,0,0,0,0,2,0,0,,0
A-b9eed8,2024-04,2024-04-30,2,active,1,S-023f3c,2985,Enterprise,15,False,annual,2985,0,0,1,1,5,0,0,,0
A-b9eed8,2024-05,2024-05-31,3,active,2,S-023f3c,2985,Enterprise,15,False,annual,3573,0,0,0,0,6,1,0,,0
A-b9eed8,2024-06,2024-06-30,4,active,3,S-023f3c,2985,Enterprise,15,False,annual,3782,0,0,0,0,0,0,0,,0
A-b9eed8,2024-07,2024-07-31,5,active,4,S-023f3c,2985,Enterprise,15,False,annual,4419,0,0,0,0,1,1,0,,0
A-b9eed8,2024-08,2024-08-31,6,active,7,S-023f3c,2985,Enterprise,15,False,annual,5547,0,0,0,0,1,0,0,,0
A-b9eed8,2024-09,2024-09-30,7,active,7,S-023f3c,2985,Enterprise,15,False,annual,5547,0,0,0,0,4,2,1,4.00,0
A-b9eed8,2024-10,2024-10-31,8,active,9,S-08a5fd,6766,Enterprise,34,False,monthly,15696,0,0,0,0,4,2,0,,0
A-b9eed8,2024-11,2024-11-30,9,active,11,S-08a5fd,6766,Enterprise,34,False,monthly,16577,0,0,0,0,1,1,0,,0
A-b9eed8,2024-12,2024-12-31,10,active,11,S-08a5fd,6766,Enterprise,34,False,monthly,16577,0,0,0,0,3,3,0,,0
A-b9f5b1,2023-01,2023-01-31,0,inactive,0,,0,,0,,,0,0,0,0,0,3,0,0,,0
A-b9f5b1,2023-02,2023-02-28,1,inactive,0,,0,,0,,,0,0,0,0,0,0,0,1,4.00,0
A-b9f5b1,2023-03,2023-03-31,2,active,1,S-2ad954,0,Enterprise,42,True,monthly,0,0,0,0,0,0,0,0,,0
A-b9f5b1,2023-04,2023-04-30,3,active,1,S-2ad954,0,Enterprise,42,True,monthly,0,0,0,0,0,4,0,0,,0
A-b9f5b1,2023-05,2023-05-31,4,active,1,S-2ad954,0,Enterprise,42,True,monthly,0,0,0,0,0,1,0,0,,0
A-b9f5b1,2023-06,2023-06-30,5,active,1,S-2ad954,0,Enterprise,42,True,monthly,0,0,0,0,0,2,0,0,,0
A-b9f5b1,2023-07,2023-07-31,6,active,1,S-2ad954,0,Enterprise,42,True,monthly,0,0,0,1,1,1,0,1,3.00,0
A-b9f5b1,2023-08,2023-08-31,7,active,1,S-2ad954,0,Enterprise,42,True,monthly,0,0,0,0,0,2,0,1,3.00,0
A-b9f5b1,2023-09,2023-09-30,8,active,1,S-2ad954,0,Enterprise,42,True,monthly,0,0,0,0,0,1,0,0,,0
A-b9f5b1,2023-10,2023-10-31,9,active,2,S-869bba,0,Enterprise,15,True,annual,0,0,0,0,0,2,1,0,,0
A-b9f5b1,2023-11,2023-11-30,10,active,2,S-869bba,0,Enterprise,15,True,annual,0,0,0,0,0,0,0,0,,0
A-b9f5b1,2023-12,2023-12-31,11,active,2,S-869bba,0,Enterprise,15,True,annual,0,0,0,0,0,2,1,1,3.00,0
A-b9f5b1,2024-01,2024-01-31,12,active,2,S-869bba,0,Enterprise,15,True,annual,0,0,0,0,0,1,0,0,,0
A-b9f5b1,2024-02,2024-02-29,13,active,2,S-869bba,0,Enterprise,15,True,annual,0,0,0,0,0,0,0,0,,0
A-b9f5b1,2024-03,2024-03-31,14,active,2,S-869bba,0,Enterprise,15,True,annual,0,0,0,0,0,0,0,0,,0
A-b9f5b1,2024-04,2024-04-30,15,active,2,S-869bba,0,Enterprise,15,True,annual,0,0,0,0,0,1,0,0,,0
A-b9f5b1,2024-05,2024-05-31,16,active,3,S-b22602,0,Enterprise,39,True,annual,0,0,0,0,0,1,0,0,,0
A-b9f5b1,2024-06,2024-06-30,17,active,4,S-12f05a,285,Basic,15,False,annual,285,0,0,0,0,2,2,0,,0
A-b9f5b1,2024-07,2024-07-31,18,active,5,S-3a28a1,2985,Enterprise,15,False,annual,3270,0,0,0,0,0,0,0,,0
A-b9f5b1,2024-08,2024-08-31,19,active,6,S-3a28a1,2985,Enterprise,15,False,annual,4087,0,0,0,0,1,1,1,3.00,0
A-b9f5b1,2024-09,2024-09-30,20,active,5,S-3a28a1,2985,Enterprise,15,False,annual,4087,0,1,0,0,2,2,0,,0
A-b9f5b1,2024-10,2024-10-31,21,active,6,S-e78c09,2985,Enterprise,15,False,annual,7072,0,0,0,0,2,2,1,4.00,0
A-b9f5b1,2024-11,2024-11-30,22,active,6,S-e78c09,2985,Enterprise,15,False,annual,7072,0,0,0,0,2,2,0,,0
A-b9f5b1,2024-12,2024-12-31,23,active,6,S-e78c09,2985,Enterprise,15,False,annual,7072,0,0,0,0,0,0,0,,0
A-ba6516,2023-10,2023-10-31,0,inactive,0,,0,,0,,,0,0,0,0,0,1,0,0,,0
A-ba6516,2023-11,2023-11-30,1,inactive,0,,0,,0,,,0,0,0,0,0,1,0,0,,0
A-ba6516,2023-12,2023-12-31,2,inactive,0,,0,,0,,,0,0,0,0,0,3,0,0,,0
A-ba6516,2024-01,2024-01-31,3,active,2,S-cff5a2,5373,Enterprise,27,False,monthly,5886,0,0,0,0,6,0,0,,0
A-ba6516,2024-02,2024-02-29,4,active,2,S-cff5a2,5373,Enterprise,27,False,monthly,5886,0,0,0,0,3,0,0,,0
A-ba6516,2024-03,2024-03-31,5,active,4,S-cff5a2,5373,Enterprise,27,False,monthly,7209,0,0,1,1,2,0,1,3.00,0
A-ba6516,2024-04,2024-04-30,6,active,6,S-cff5a2,5373,Enterprise,27,False,monthly,8235,0,0,0,0,3,1,0,,0
A-ba6516,2024-05,2024-05-31,7,active,8,S-8c8905,5373,Enterprise,27,False,annual,13608,0,0,0,0,1,1,0,,0
A-ba6516,2024-06,2024-06-30,8,active,9,S-e73303,7562,Enterprise,38,False,monthly,21170,0,0,0,0,2,2,2,4.00,0
A-ba6516,2024-07,2024-07-31,9,active,9,S-e73303,7562,Enterprise,38,False,monthly,21170,0,0,0,0,6,1,0,,0
A-ba6516,2024-08,2024-08-31,10,active,9,S-e73303,7562,Enterprise,38,False,monthly,21170,0,0,0,0,4,3,0,,0
A-ba6516,2024-09,2024-09-30,11,active,10,S-e73303,7562,Enterprise,38,False,monthly,21170,0,0,0,0,1,1,0,,0
A-ba6516,2024-10,2024-10-31,12,active,11,S-e73303,7562,Enterprise,38,False,monthly,21683,0,0,0,0,2,1,0,,0
A-ba6516,2024-11,2024-11-30,13,active,13,S-e73303,7562,Enterprise,38,False,monthly,28379,0,0,0,0,1,1,0,,0
A-ba6516,2024-12,2024-12-31,14,active,13,S-e73303,7562,Enterprise,38,False,monthly,28379,0,0,0,0,2,2,1,4.00,0
A-bad8c1,2023-03,2023-03-31,0,inactive,0,,0,,0,,,0,0,0,0,0,2,0,0,,0
A-bad8c1,2023-04,2023-04-30,1,inactive,0,,0,,0,,,0,0,0,0,0,3,0,0,,0
A-bad8c1,2023-05,2023-05-31,2,inactive,0,,0,,0,,,0,0,0,0,0,1,0,0,,0
A-bad8c1,2023-06,2023-06-30,3,active,1,S-371662,2646,Pro,54,False,monthly,2646,0,0,0,0,3,1,0,,0
A-bad8c1,2023-07,2023-07-31,4,active,1,S-371662,2646,Pro,54,False,monthly,2646,0,0,0,0,2,0,0,,0
A-bad8c1,2023-08,2023-08-31,5,active,1,S-371662,2646,Pro,54,False,monthly,2646,0,0,0,0,1,0,0,,0
A-bad8c1,2023-09,2023-09-30,6,active,2,S-371662,2646,Pro,54,False,monthly,3444,0,0,0,0,1,0,0,,0
A-bad8c1,2023-10,2023-10-31,7,active,2,S-371662,2646,Pro,54,False,monthly,3444,0,0,1,1,0,0,0,,0
A-bad8c1,2023-11,2023-11-30,8,active,3,S-371662,2646,Pro,54,False,monthly,3444,0,0,0,0,0,0,0,,0
A-bad8c1,2023-12,2023-12-31,9,active,4,S-371662,2646,Pro,54,False,monthly,3444,0,0,0,0,0,0,0,,0
A-bad8c1,2024-01,2024-01-31,10,active,4,S-371662,2646,Pro,54,False,monthly,3444,0,0,0,0,1,0,0,,0
A-bad8c1,2024-02,2024-02-29,11,active,5,S-371662,2646,Pro,54,False,monthly,5832,0,0,0,0,3,2,0,,0
A-bad8c1,2024-03,2024-03-31,12,active,6,S-371662,2646,Pro,54,False,monthly,5984,0,0,0,0,3,1,0,,0
A-bad8c1,2024-04,2024-04-30,13,active,6,S-371662,2646,Pro,54,False,monthly,5984,0,0,0,0,1,1,1,4.00,0
A-bad8c1,2024-05,2024-05-31,14,active,6,S-371662,2646,Pro,54,False,monthly,5984,0,0,0,0,1,1,0,,0
A-bad8c1,2024-06,2024-06-30,15,active,7,S-371662,2646,Pro,54,False,monthly,7797,0,0,0,0,4,4,0,,0
A-bad8c1,2024-07,2024-07-31,16,active,7,S-371662,2646,Pro,54,False,monthly,7797,0,0,0,0,0,0,0,,0
A-bad8c1,2024-08,2024-08-31,17,active,7,S-371662,2646,Pro,54,False,monthly,7797,0,0,0,0,2,2,0,,0
A-bad8c1,2024-09,2024-09-30,18,active,7,S-371662,2646,Pro,54,False,monthly,7797,0,0,0,0,1,1,0,,0
A-bad8c1,2024-10,2024-10-31,19,active,7,S-371662,2646,Pro,54,False,monthly,7797,0,0,0,0,1,1,0,,0
A-bad8c1,2024-11,2024-11-30,20,active,7,S-371662,2646,Pro,54,False,monthly,7797,0,0,0,0,0,0,0,,0
A-bad8c1,2024-12,2024-12-31,21,active,7,S-371662,2646,Pro,54,False,monthly,7797,0,0,0,0,3,3,0,,0
A-bb1486,2024-11,2024-11-30,0,active,4,S-ed61a2,3381,Pro,69,False,monthly,9457,0,0,1,2,0,0,0,,0
A-bb1486,2024-12,2024-12-31,1,active,7,S-ed61a2,3381,Pro,69,False,monthly,15528,779,1,0,0,2,1,0,,0
A-bb1eaa,2024-06,2024-06-30,0,active,1,S-c95ecc,4179,Enterprise,21,False,monthly,4179,0,0,0,0,0,0,1,,0
A-bb1eaa,2024-07,2024-07-31,1,active,3,S-c95ecc,4179,Enterprise,21,False,monthly,4977,0,0,0,0,0,0,0,,0
A-bb1eaa,2024-08,2024-08-31,2,active,3,S-c95ecc,4179,Enterprise,21,False,monthly,4977,0,0,1,1,0,0,0,,0
A-bb1eaa,2024-09,2024-09-30,3,active,4,S-843a53,4179,Enterprise,21,False,annual,9156,0,0,0,0,1,1,1,5.00,0
A-bb1eaa,2024-10,2024-10-31,4,active,4,S-843a53,4179,Enterprise,21,False,annual,9156,0,0,0,0,1,0,0,,0
A-bb1eaa,2024-11,2024-11-30,5,active,4,S-843a53,4179,Enterprise,21,False,annual,9156,0,0,0,0,2,1,0,,0
A-bb1eaa,2024-12,2024-12-31,6,active,5,S-843a53,4179,Enterprise,21,False,annual,10381,0,0,0,0,0,0,0,,0
A-bb2f49,2023-05,2023-05-31,0,inactive,0,,0,,0,,,0,0,0,0,0,4,0,0,,0
A-bb2f49,2023-06,2023-06-30,1,active,1,S-979365,3332,Pro,68,False,monthly,3332,0,0,0,0,3,0,0,,0
A-bb2f49,2023-07,2023-07-31,2,active,2,S-294fb2,9751,Enterprise,49,False,annual,13083,0,0,0,0,2,0,0,,0
A-bb2f49,2023-08,2023-08-31,3,active,2,S-294fb2,9751,Enterprise,49,False,annual,13083,0,0,0,0,3,1,0,,0
A-bb2f49,2023-09,2023-09-30,4,active,2,S-294fb2,9751,Enterprise,49,False,annual,13083,0,0,0,0,2,0,0,,0
A-bb2f49,2023-10,2023-10-31,5,active,3,S-294fb2,9751,Enterprise,49,False,annual,13524,0,0,0,0,3,1,0,,0
A-bb2f49,2023-11,2023-11-30,6,active,3,S-294fb2,9751,Enterprise,49,False,annual,13524,0,0,0,0,0,0,0,,0
A-bb2f49,2023-12,2023-12-31,7,active,4,S-294fb2,9751,Enterprise,49,False,annual,15116,0,0,0,0,0,0,0,,0
A-bb2f49,2024-01,2024-01-31,8,active,5,S-294fb2,9751,Enterprise,49,False,annual,15116,0,0,0,0,6,2,1,4.00,0
A-bb2f49,2024-02,2024-02-29,9,active,6,S-294fb2,9751,Enterprise,49,False,annual,15900,0,0,0,0,4,3,0,,0
A-bb2f49,2024-03,2024-03-31,10,active,6,S-294fb2,9751,Enterprise,49,False,annual,15900,0,0,0,0,4,3,1,,0
A-bb2f49,2024-04,2024-04-30,11,active,6,S-294fb2,9751,Enterprise,49,False,annual,15900,0,0,0,0,3,3,0,,0
A-bb2f49,2024-05,2024-05-31,12,active,6,S-294fb2,9751,Enterprise,49,False,annual,15900,0,0,0,0,2,1,0,,0
A-bb2f49,2024-06,2024-06-30,13,active,7,S-294fb2,9751,Enterprise,49,False,annual,17615,0,0,0,0,2,2,0,,0
A-bb2f49,2024-07,2024-07-31,14,active,7,S-294fb2,9751,Enterprise,49,False,annual,17615,0,0,0,0,2,0,0,,0
A-bb2f49,2024-08,2024-08-31,15,active,7,S-294fb2,9751,Enterprise,49,False,annual,17615,0,0,0,0,2,0,0,,0
A-bb2f49,2024-09,2024-09-30,16,active,8,S-294fb2,9751,Enterprise,49,False,annual,18301,0,0,0,0,1,1,0,,0
A-bb2f49,2024-10,2024-10-31,17,active,8,S-294fb2,9751,Enterprise,49,False,annual,18301,0,0,0,0,3,2,0,,0
A-bb2f49,2024-11,2024-11-30,18,active,9,S-294fb2,9751,Enterprise,49,False,annual,22466,0,0,0,0,1,1,0,,0
A-bb2f49,2024-12,2024-12-31,19,active,10,S-294fb2,9751,Enterprise,49,False,annual,23990,0,1,0,0,2,2,0,,0
A-bb3bd4,2024-01,2024-01-31,0,inactive,0,,0,,0,,,0,0,0,0,0,3,0,1,,0
A-bb3bd4,2024-02,2024-02-29,1,inactive,0,,0,,0,,,0,0,0,0,0,3,0,0,,0
A-bb3bd4,2024-03,2024-03-31,2,inactive,0,,0,,0,,,0,0,0,0,0,2,0,1,4.00,0
A-bb3bd4,2024-04,2024-04-30,3,active,1,S-342037,4577,Enterprise,23,False,annual,4577,0,0,0,0,2,0,0,,0
A-bb3bd4,2024-05,2024-05-31,4,active,2,S-342037,4577,Enterprise,23,False,annual,5704,0,0,1,1,1,0,0,,0
A-bb3bd4,2024-06,2024-06-30,5,active,3,S-342037,4577,Enterprise,23,False,annual,6141,0,0,1,1,0,0,0,,0
A-bb3bd4,2024-07,2024-07-31,6,active,3,S-342037,4577,Enterprise,23,False,annual,6141,0,0,0,0,2,1,0,,0
A-bb3bd4,2024-08,2024-08-31,7,active,4,S-342037,4577,Enterprise,23,False,annual,6578,0,0,0,0,2,1,0,,0
A-bb3bd4,2024-09,2024-09-30,8,active,5,S-342037,4577,Enterprise,23,False,annual,7015,0,0,0,0,1,0,2,5.00,0
A-bb3bd4,2024-10,2024-10-31,9,active,5,S-342037,4577,Enterprise,23,False,annual,7015,0,0,0,0,0,0,1,3.00,0
A-bb3bd4,2024-11,2024-11-30,10,active,5,S-342037,4577,Enterprise,23,False,annual,7015,0,0,0,0,0,0,0,,0
A-bb3bd4,2024-12,2024-12-31,11,active,7,S-342037,4577,Enterprise,23,False,annual,7452,0,0,0,0,1,0,1,3.00,0
A-bbc346,2024-08,2024-08-31,0,active,2,S-ff681f,3781,Enterprise,19,False,annual,4761,0,0,0,0,3,0,0,,0
A-bbc346,2024-09,2024-09-30,1,active,6,S-cafa84,3781,Enterprise,19,False,annual,9492,0,0,0,0,4,1,1,5.00,0
A-bbc346,2024-10,2024-10-31,2,active,6,S-618471,8955,Enterprise,45,False,monthly,21248,980,2,1,1,5,3,0,,0
A-bbc346,2024-11,2024-11-30,3,active,8,S-618471,8955,Enterprise,45,False,monthly,25789,0,0,1,1,0,0,0,,0
A-bbc346,2024-12,2024-12-31,4,active,11,S-618471,8955,Enterprise,45,False,monthly,32142,0,0,0,0,2,1,0,,0
A-bbe56f,2023-02,2023-02-28,0,inactive,0,,0,,0,,,0,0,0,0,0,1,0,0,,0
A-bbe56f,2023-03,2023-03-31,1,inactive,0,,0,,0,,,0,0,0,0,0,0,0,0,,0
A-bbe56f,2023-04,2023-04-30,2,inactive,0,,0,,0,,,0,0,0,0,0,0,0,0,,0
A-bbe56f,2023-05,2023-05-31,3,inactive,0,,0,,0,,,0,0,0,0,0,2,0,0,,0
A-bbe56f,2023-06,2023-06-30,4,inactive,0,,0,,0,,,0,0,0,0,0,1,0,0,,0
A-bbe56f,2023-07,2023-07-31,5,inactive,0,,0,,0,,,0,0,0,0,0,0,0,0,,0
A-bbe56f,2023-08,2023-08-31,6,active,1,S-fd2307,4179,Enterprise,21,False,annual,4179,0,0,0,0,0,0,0,,0
A-bbe56f,2023-09,2023-09-30,7,active,2,S-fd2307,4179,Enterprise,21,False,annual,4578,0,0,0,0,2,0,0,,0
A-bbe56f,2023-10,2023-10-31,8,active,2,S-fd2307,4179,Enterprise,21,False,annual,4578,0,0,0,0,1,1,0,,0
A-bbe56f,2023-11,2023-11-30,9,active,2,S-fd2307,4179,Enterprise,21,False,annual,4578,0,0,0,0,3,2,0,,0
A-bbe56f,2023-12,2023-12-31,10,active,2,S-fd2307,4179,Enterprise,21,False,annual,4578,0,0,0,0,2,0,0,,0
A-bbe56f,2024-01,2024-01-31,11,active,2,S-fd2307,4179,Enterprise,21,False,annual,4578,0,0,0,0,0,0,0,,0
A-bbe56f,2024-02,2024-02-29,12,active,2,S-fd2307,4179,Enterprise,21,False,annual,4578,0,0,0,0,0,0,0,,0
A-bbe56f,2024-03,2024-03-31,13,active,2,S-fd2307,4179,Enterprise,21,False,annual,4578,0,0,0,0,1,1,0,,0
A-bbe56f,2024-04,2024-04-30,14,active,4,S-fd2307,4179,Enterprise,21,False,annual,5607,0,0,0,0,1,1,0,,0
A-bbe56f,2024-05,2024-05-31,15,active,4,S-fd2307,4179,Enterprise,21,False,annual,5607,0,0,0,0,1,0,0,,0
A-bbe56f,2024-06,2024-06-30,16,active,4,S-fd2307,4179,Enterprise,21,False,annual,5607,0,0,0,0,0,0,1,5.00,0
A-bbe56f,2024-07,2024-07-31,17,active,4,S-fd2307,4179,Enterprise,21,False,annual,5607,0,0,0,0,1,1,0,,0
A-bbe56f,2024-08,2024-08-31,18,active,4,S-fd2307,4179,Enterprise,21,False,annual,5607,0,0,0,0,1,1,1,3.00,0
A-bbe56f,2024-09,2024-09-30,19,active,4,S-fd2307,4179,Enterprise,21,False,annual,5607,0,0,0,0,0,0,0,,0
A-bbe56f,2024-10,2024-10-31,20,active,5,S-fd2307,4179,Enterprise,21,False,annual,6025,0,0,0,0,0,0,1,4.00,0
A-bbe56f,2024-11,2024-11-30,21,active,5,S-fd2307,4179,Enterprise,21,False,annual,6025,0,0,0,0,2,2,1,,0
A-bbe56f,2024-12,2024-12-31,22,active,5,S-fd2307,4179,Enterprise,21,False,annual,6025,0,0,0,0,1,1,0,,0
A-bc4d48,2024-06,2024-06-30,0,active,2,S-c65c8b,665,Basic,35,False,annual,665,0,0,0,0,0,0,0,,0
A-bc4d48,2024-07,2024-07-31,1,active,4,S-07c505,1715,Pro,35,False,monthly,3045,0,0,0,0,1,0,0,,0
A-bc4d48,2024-08,2024-08-31,2,active,5,S-5b9bb9,1715,Pro,35,False,annual,4760,0,0,0,0,2,1,0,,0
A-bc4d48,2024-09,2024-09-30,3,active,5,S-5b9bb9,1715,Pro,35,False,annual,4760,0,0,0,0,0,0,2,5.00,0
A-bc4d48,2024-10,2024-10-31,4,active,5,S-5b9bb9,1715,Pro,35,False,annual,4760,0,0,0,0,1,0,0,,0
A-bc4d48,2024-11,2024-11-30,5,active,6,S-d920e7,6965,Enterprise,35,False,annual,11725,0,0,0,0,1,1,1,5.00,0
A-bc4d48,2024-12,2024-12-31,6,active,7,S-d920e7,6965,Enterprise,35,False,annual,12390,0,0,0,0,1,0,0,,0
A-bc87bc,2024-07,2024-07-31,0,inactive,0,,0,,0,,,0,0,0,0,0,0,0,0,,0
A-bc87bc,2024-08,2024-08-31,1,inactive,0,,0,,0,,,0,0,0,0,0,1,0,0,,0
A-bc87bc,2024-09,2024-09-30,2,active,1,S-d35d49,342,Basic,18,False,annual,342,0,0,0,0,1,0,0,,0
A-bc87bc,2024-10,2024-10-31,3,active,1,S-d35d49,342,Basic,18,False,annual,342,0,0,0,0,0,0,1,3.00,0
A-bc87bc,2024-11,2024-11-30,4,active,3,S-05553e,6169,Enterprise,31,False,annual,11144,342,1,0,0,2,1,0,,0
A-bc87bc,2024-12,2024-12-31,5,active,6,S-05553e,6169,Enterprise,31,False,annual,11690,0,1,0,0,3,3,1,5.00,0
A-bcbe98,2024-07,2024-07-31,0,active,1,S-4dfd17,874,Basic,46,False,monthly,874,0,0,0,0,3,0,0,,0
A-bcbe98,2024-08,2024-08-31,1,active,3,S-7889d9,2254,Pro,46,False,annual,4002,0,0,0,0,3,2,0,,0
A-bcbe98,2024-09,2024-09-30,2,active,6,S-b45a45,2254,Pro,46,False,annual,6256,0,0,0,0,2,0,2,4.00,0
A-bcbe98,2024-10,2024-10-31,3,active,7,S-7070de,9154,Enterprise,46,False,annual,15410,0,0,0,0,6,5,0,,0
A-bcbe98,2024-11,2024-11-30,4,active,9,S-7070de,9154,Enterprise,46,False,annual,19918,0,0,1,1,4,3,0,,0
A-bcbe98,2024-12,2024-12-31,5,active,11,S-7070de,9154,Enterprise,46,False,annual,21666,0,0,0,0,3,3,0,,0
A-bcf664,2023-05,2023-05-31,0,inactive,0,,0,,0,,,0,0,0,0,0,3,0,1,,0
A-bcf664,2023-06,2023-06-30,1,active,1,S-7179fd,1121,Basic,59,False,monthly,1121,0,0,0,0,2,0,0,,0
A-bcf664,2023-07,2023-07-31,2,active,1,S-7179fd,1121,Basic,59,False,monthly,1121,0,0,0,0,1,1,0,,0
A-bcf664,2023-08,2023-08-31,3,active,3,S-b5165e,1568,Pro,32,False,monthly,2689,0,0,0,0,3,0,1,3.00,0
A-bcf664,2023-09,2023-09-30,4,active,3,S-b5165e,1568,Pro,32,False,monthly,2689,0,0,0,0,5,1,0,,0
A-bcf664,2023-10,2023-10-31,5,active,4,S-b5165e,1568,Pro,32,False,monthly,2689,0,0,0,0,2,2,0,,0
A-bcf664,2023-11,2023-11-30,6,active,5,S-4ed473,2388,Enterprise,12,False,annual,5077,0,0,0,0,4,1,0,,0
A-bcf664,2023-12,2023-12-31,7,active,5,S-b5165e,1568,Pro,32,False,monthly,2936,2388,1,0,0,2,1,1,5.00,0
A-bcf664,2024-01,2024-01-31,8,active,6,S-b5165e,1568,Pro,32,False,monthly,3981,0,0,0,0,2,1,0,,0
A-bcf664,2024-02,2024-02-29,9,active,6,S-b5165e,1568,Pro,32,False,monthly,3981,0,0,0,0,3,2,0,,0
A-bcf664,2024-03,2024-03-31,10,active,6,S-b5165e,1568,Pro,32,False,monthly,3981,0,0,0,0,1,0,0,,0
A-bcf664,2024-04,2024-04-30,11,active,7,S-700923,2587,Enterprise,13,False,monthly,6568,0,0,0,0,1,0,0,,0
A-bcf664,2024-05,2024-05-31,12,active,7,S-700923,2587,Enterprise,13,False,monthly,6568,0,0,0,0,2,0,0,,0
A-bcf664,2024-06,2024-06-30,13,active,7,S-700923,2587,Enterprise,13,False,monthly,6568,0,0,0,0,0,0,0,,0
A-bcf664,2024-07,2024-07-31,14,active,7,S-700923,2587,Enterprise,13,False,monthly,6568,0,0,0,0,2,1,1,,0
A-bcf664,2024-08,2024-08-31,15,active,9,S-700923,2587,Enterprise,13,False,monthly,7530,0,0,1,2,3,2,0,,0
A-bcf664,2024-09,2024-09-30,16,active,10,S-700923,2587,Enterprise,13,False,monthly,7644,0,0,0,0,2,2,0,,0
A-bcf664,2024-10,2024-10-31,17,active,10,S-700923,2587,Enterprise,13,False,monthly,7644,0,0,1,1,5,5,0,,0
A-bcf664,2024-11,2024-11-30,18,active,11,S-700923,2587,Enterprise,13,False,monthly,9037,0,0,0,0,4,3,1,4.00,0
A-bcf664,2024-12,2024-12-31,19,active,12,S-700923,2587,Enterprise,13,False,monthly,11340,0,0,0,0,1,1,0,,0
A-bcf87c,2024-06,2024-06-30,0,inactive,0,,0,,0,,,0,0,0,0,0,1,0,0,,1
A-bcf87c,2024-07,2024-07-31,1,active,1,S-dc90ef,833,Pro,17,False,annual,833,0,0,0,0,4,1,0,,1
A-bcf87c,2024-08,2024-08-31,2,active,4,S-c75159,6169,Enterprise,31,False,monthly,9482,0,0,0,0,3,2,0,,1
A-bcf87c,2024-09,2024-09-30,3,active,3,S-b2d472,1990,Enterprise,10,False,annual,3313,6169,1,0,0,0,0,0,,1
A-bcf87c,2024-10,2024-10-31,4,active,5,S-b2d472,1990,Enterprise,10,False,annual,3826,0,0,0,0,3,0,0,,1
A-bcf87c,2024-11,2024-11-30,5,active,7,S-d2e82c,3184,Enterprise,16,False,monthly,8039,0,0,0,0,4,2,0,,1
A-bcf87c,2024-12,2024-12-31,6,active,9,S-e260ff,4179,Enterprise,21,False,annual,13611,1990,1,0,0,2,0,0,,1
A-bd4513,2024-11,2024-11-30,0,active,5,S-8ddc89,9950,Enterprise,50,False,monthly,32054,0,0,0,0,3,1,0,,0
A-bd4513,2024-12,2024-12-31,1,active,10,S-9c19fe,9950,Enterprise,50,False,monthly,48804,3400,2,1,2,2,1,1,5.00,0
A-bd4708,2024-07,2024-07-31,0,active,1,S-c021c2,7363,Enterprise,37,False,annual,7363,0,0,0,0,6,0,0,,0
A-bd4708,2024-08,2024-08-31,1,active,3,S-d302e2,7363,Enterprise,37,False,annual,14726,0,0,0,0,4,1,0,,0
A-bd4708,2024-09,2024-09-30,2,active,5,S-d302e2,7363,Enterprise,37,False,annual,17242,0,0,0,0,2,0,0,,0
A-bd4708,2024-10,2024-10-31,3,active,8,S-d302e2,7363,Enterprise,37,False,annual,22436,0,0,0,0,4,3,0,,0
A-bd4708,2024-11,2024-11-30,4,active,8,S-d302e2,7363,Enterprise,37,False,annual,22436,0,0,0,0,2,0,1,3.00,0
A-bd4708,2024-12,2024-12-31,5,active,13,S-bd1ee1,7363,Enterprise,37,False,monthly,38975,0,0,0,0,4,4,1,,0
A-bece89,2023-12,2023-12-31,0,inactive,0,,0,,0,,,0,0,0,1,1,1,0,0,,0
A-bece89,2024-01,2024-01-31,1,active,1,S-82848e,5174,Enterprise,26,False,annual,5174,0,0,0,0,0,0,0,,0
A-bece89,2024-02,2024-02-29,2,active,2,S-82848e,5174,Enterprise,26,False,annual,6546,0,0,0,0,0,0,2,3.00,0
A-bece89,2024-03,2024-03-31,3,active,4,S-004d19,5174,Enterprise,26,False,annual,12214,0,0,0,0,0,0,0,,0
A-bece89,2024-04,2024-04-30,4,active,4,S-004d19,5174,Enterprise,26,False,annual,12214,0,0,0,0,2,2,0,,0
A-bece89,2024-05,2024-05-31,5,active,5,S-763e52,5174,Enterprise,26,False,annual,17388,0,0,0,0,0,0,1,4.00,0
A-bece89,2024-06,2024-06-30,6,active,5,S-763e52,5174,Enterprise,26,False,annual,17388,0,0,0,0,0,0,0,,0
A-bece89,2024-07,2024-07-31,7,active,5,S-763e52,5174,Enterprise,26,False,annual,17388,0,0,1,1,0,0,0,,0
A-bece89,2024-08,2024-08-31,8,active,5,S-763e52,5174,Enterprise,26,False,annual,17388,0,0,0,0,2,2,0,,0
A-bece89,2024-09,2024-09-30,9,active,5,S-763e52,5174,Enterprise,26,False,annual,17388,0,0,0,0,0,0,0,,0
A-bece89,2024-10,2024-10-31,10,active,6,S-763e52,5174,Enterprise,26,False,annual,19250,0,0,0,0,2,2,0,,0
A-bece89,2024-11,2024-11-30,11,active,6,S-763e52,5174,Enterprise,26,False,annual,19250,0,0,0,0,0,0,0,,0
A-bece89,2024-12,2024-12-31,12,active,6,S-763e52,5174,Enterprise,26,False,annual,19250,0,0,0,0,3,3,0,,0
A-bf7919,2024-11,2024-11-30,0,inactive,0,,0,,0,,,0,0,0,0,0,1,0,0,,0
A-bf7919,2024-12,2024-12-31,1,active,5,S-c59502,597,Enterprise,3,False,monthly,825,735,1,1,2,0,0,0,,0
A-c16101,2024-09,2024-09-30,0,active,4,S-f74bdd,2786,Enterprise,14,False,annual,4826,0,0,0,0,2,0,0,,0
A-c16101,2024-10,2024-10-31,1,active,8,S-f74bdd,2786,Enterprise,14,False,annual,7701,0,0,0,0,3,3,0,,0
A-c16101,2024-11,2024-11-30,2,active,8,S-f74bdd,2786,Enterprise,14,False,annual,7701,0,0,1,1,3,1,0,,0
A-c16101,2024-12,2024-12-31,3,active,10,S-9def16,4378,Enterprise,22,False,monthly,12422,0,0,1,1,4,3,1,,0
A-c16b88,2023-12,2023-12-31,0,inactive,0,,0,,0,,,0,0,0,0,0,4,0,0,,0
A-c16b88,2024-01,2024-01-31,1,inactive,0,,0,,0,,,0,0,0,0,0,2,0,0,,0
A-c16b88,2024-02,2024-02-29,2,inactive,0,,0,,0,,,0,0,0,0,0,2,0,0,,0
A-c16b88,2024-03,2024-03-31,3,active,2,S-9a6a1b,0,Pro,23,True,annual,0,0,0,0,0,1,0,0,,0
A-c16b88,2024-04,2024-04-30,4,active,2,S-9a6a1b,0,Pro,23,True,annual,0,0,0,0,0,3,0,1,3.00,0
A-c16b88,2024-05,2024-05-31,5,active,2,S-9a6a1b,0,Pro,23,True,annual,0,0,0,0,0,0,0,0,,0
A-c16b88,2024-06,2024-06-30,6,active,5,S-2bef13,8955,Enterprise,45,False,monthly,10082,0,0,1,1,1,0,0,,0
A-c16b88,2024-07,2024-07-31,7,active,4,S-2bef13,8955,Enterprise,45,False,monthly,10082,0,1,0,0,2,0,0,,0
A-c16b88,2024-08,2024-08-31,8,active,4,S-2bef13,8955,Enterprise,45,False,monthly,10082,0,0,0,0,5,2,0,,0
A-c16b88,2024-09,2024-09-30,9,active,4,S-2bef13,8955,Enterprise,45,False,monthly,10082,0,0,0,0,2,1,0,,0
A-c16b88,2024-10,2024-10-31,10,active,5,S-2bef13,8955,Enterprise,45,False,monthly,10747,0,0,0,0,0,0,0,,0
A-c16b88,2024-11,2024-11-30,11,active,6,S-2bef13,8955,Enterprise,45,False,monthly,15324,0,0,0,0,1,0,0,,0
A-c16b88,2024-12,2024-12-31,12,active,8,S-2bef13,8955,Enterprise,45,False,monthly,20338,0,0,0,0,0,0,0,,0
A-c16cf7,2024-10,2024-10-31,0,active,4,S-499ea3,4776,Enterprise,24,False,monthly,7646,0,0,0,0,2,0,1,4.00,0
A-c16cf7,2024-11,2024-11-30,1,active,5,S-30bb47,2587,Enterprise,13,False,annual,5457,4776,1,1,1,3,0,0,,0
A-c16cf7,2024-12,2024-12-31,2,active,9,S-30bb47,2587,Enterprise,13,False,annual,7498,0,0,1,1,2,2,0,,0
A-c1dfe1,2023-08,2023-08-31,0,inactive,0,,0,,0,,,0,0,0,0,0,3,0,0,,0
A-c1dfe1,2023-09,2023-09-30,1,inactive,0,,0,,0,,,0,0,0,1,1,2,0,0,,0
A-c1dfe1,2023-10,2023-10-31,2,active,1,S-db56d2,494,Basic,26,False,monthly,494,0,0,0,0,2,0,0,,0
A-c1dfe1,2023-11,2023-11-30,3,active,1,S-db56d2,494,Basic,26,False,monthly,494,0,0,0,0,3,2,0,,0
A-c1dfe1,2023-12,2023-12-31,4,active,2,S-847173,627,Basic,33,False,monthly,1121,0,0,0,0,0,0,0,,0
A-c1dfe1,2024-01,2024-01-31,5,active,2,S-847173,627,Basic,33,False,monthly,1121,0,0,0,0,5,0,1,4.00,0
A-c1dfe1,2024-02,2024-02-29,6,active,3,S-847173,627,Basic,33,False,monthly,1615,0,0,0,0,2,1,0,,0
A-c1dfe1,2024-03,2024-03-31,7,active,3,S-8b52b5,5174,Enterprise,26,False,monthly,6295,494,1,0,0,3,1,0,,0
A-c1dfe1,2024-04,2024-04-30,8,active,3,S-8b52b5,5174,Enterprise,26,False,monthly,6295,0,0,0,0,3,3,0,,0
A-c1dfe1,2024-05,2024-05-31,9,active,4,S-592443,5174,Enterprise,26,False,monthly,11469,0,0,0,0,1,1,0,,0
A-c1dfe1,2024-06,2024-06-30,10,active,4,S-592443,5174,Enterprise,26,False,monthly,11469,0,0,1,1,1,1,0,,0
A-c1dfe1,2024-07,2024-07-31,11,active,6,S-b56884,8159,Enterprise,41,False,annual,24802,0,0,0,0,0,0,1,,0
A-c1dfe1,2024-08,2024-08-31,12,active,6,S-b56884,8159,Enterprise,41,False,annual,24802,0,0,0,0,1,1,0,,0
A-c1dfe1,2024-09,2024-09-30,13,active,7,S-b56884,8159,Enterprise,41,False,annual,25296,0,0,0,0,2,2,0,,0
A-c1dfe1,2024-10,2024-10-31,14,active,7,S-b56884,8159,Enterprise,41,False,annual,25296,0,0,0,0,0,0,0,,0
A-c1dfe1,2024-11,2024-11-30,15,active,7,S-b56884,8159,Enterprise,41,False,annual,25296,0,0,0,0,2,2,0,,0
A-c1dfe1,2024-12,2024-12-31,16,active,7,S-b56884,8159,Enterprise,41,False,annual,25296,0,0,0,0,2,2,0,,0
A-c1e51e,2024-10,2024-10-31,0,active,2,S-e339fb,2786,Enterprise,14,False,annual,2919,0,0,0,0,2,0,1,3.00,0
A-c1e51e,2024-11,2024-11-30,1,active,5,S-8cd315,10945,Enterprise,55,False,monthly,14829,0,0,1,1,1,1,0,,0
A-c1e51e,2024-12,2024-12-31,2,active,9,S-8cd315,10945,Enterprise,55,False,monthly,21119,5133,3,1,1,2,2,0,,0
A-c222ab,2024-05,2024-05-31,0,inactive,0,,0,,0,,,0,0,0,0,0,2,0,0,,1
A-c222ab,2024-06,2024-06-30,1,inactive,0,,0,,0,,,0,0,0,1,2,2,0,0,,1
A-c222ab,2024-07,2024-07-31,2,inactive,0,,0,,0,,,0,0,0,0,0,2,0,1,,1
A-c222ab,2024-08,2024-08-31,3,active,2,S-43c489,1568,Pro,32,False,annual,3136,0,0,0,0,2,0,0,,1
A-c222ab,2024-09,2024-09-30,4,active,3,S-2c53ad,6368,Enterprise,32,False,monthly,9504,0,0,0,0,1,0,0,,1
A-c222ab,2024-10,2024-10-31,5,active,5,S-2c53ad,6368,Enterprise,32,False,monthly,10720,0,0,1,1,3,0,1,,1
A-c222ab,2024-11,2024-11-30,6,active,4,S-2c53ad,6368,Enterprise,32,False,monthly,10112,608,1,0,0,2,1,0,,1
A-c222ab,2024-12,2024-12-31,7,active,6,S-e8776c,6368,Enterprise,32,False,monthly,18048,0,0,0,0,4,2,2,5.00,1
A-c37601,2024-10,2024-10-31,0,inactive,0,,0,,0,,,0,0,0,0,0,4,0,0,,0
A-c37601,2024-11,2024-11-30,1,active,5,S-b65ff3,1194,Enterprise,6,False,annual,2690,0,0,0,0,2,0,0,,0
A-c37601,2024-12,2024-12-31,2,active,10,S-eae806,10746,Enterprise,54,False,monthly,17490,2985,2,1,1,1,1,0,,0
A-c37cab,2024-07,2024-07-31,0,active,1,S-a0f3f7,4179,Enterprise,21,False,annual,4179,0,0,0,0,4,0,0,,0
A-c37cab,2024-08,2024-08-31,1,active,4,S-a0f3f7,4179,Enterprise,21,False,annual,6766,0,0,0,0,2,0,0,,0
A-c37cab,2024-09,2024-09-30,2,active,4,S-a0f3f7,4179,Enterprise,21,False,annual,7336,0,1,0,0,5,3,0,,0
A-c37cab,2024-10,2024-10-31,3,active,8,S-f4a4c8,19502,Enterprise,98,False,monthly,28112,0,0,1,1,3,2,0,,0
A-c37cab,2024-11,2024-11-30,4,active,9,S-f4a4c8,19502,Enterprise,98,False,monthly,28359,0,0,1,1,5,5,0,,0
A-c37cab,2024-12,2024-12-31,5,active,10,S-a0f3f7,4179,Enterprise,21,False,annual,9931,19502,1,0,0,3,3,0,,0
A-c42f1f,2024-07,2024-07-31,0,active,1,S-022a1e,539,Pro,11,False,annual,539,0,0,0,0,1,0,0,,0
A-c42f1f,2024-08,2024-08-31,1,active,1,S-022a1e,539,Pro,11,False,annual,539,0,0,0,0,1,0,0,,0
A-c42f1f,2024-09,2024-09-30,2,active,1,S-022a1e,539,Pro,11,False,annual,539,0,0,0,0,1,0,1,5.00,0
A-c42f1f,2024-10,2024-10-31,3,active,4,S-6c109f,2388,Enterprise,12,False,annual,3751,0,0,0,0,2,0,0,,0
A-c42f1f,2024-11,2024-11-30,4,active,7,S-6c109f,2388,Enterprise,12,False,annual,5023,0,0,0,0,0,0,0,,0
A-c42f1f,2024-12,2024-12-31,5,active,7,S-6c109f,2388,Enterprise,12,False,annual,4636,539,1,0,0,0,0,0,,0
A-c43359,2024-11,2024-11-30,0,active,2,S-c86492,1862,Pro,38,False,annual,2584,722,1,0,0,3,0,0,,0
A-c43359,2024-12,2024-12-31,1,active,6,S-5fe191,7562,Enterprise,38,False,annual,10868,722,1,1,2,4,3,0,,0
A-c45b23,2023-12,2023-12-31,0,active,1,S-a36281,152,Basic,8,False,monthly,152,0,0,0,0,1,0,0,,0
A-c45b23,2024-01,2024-01-31,1,active,1,S-a36281,152,Basic,8,False,monthly,152,0,0,0,0,1,0,0,,0
A-c45b23,2024-02,2024-02-29,2,active,3,S-62f048,343,Pro,7,False,monthly,740,0,0,0,0,2,1,0,,0
A-c45b23,2024-03,2024-03-31,3,active,3,S-62f048,343,Pro,7,False,monthly,740,0,0,1,1,6,4,0,,0
A-c45b23,2024-04,2024-04-30,4,active,4,S-62f048,343,Pro,7,False,monthly,968,0,0,0,0,3,2,1,,0
A-c45b23,2024-05,2024-05-31,5,active,5,S-d71bdd,1791,Enterprise,9,False,annual,2759,0,0,0,0,2,2,1,3.00,0
A-c45b23,2024-06,2024-06-30,6,active,5,S-d71bdd,1791,Enterprise,9,False,annual,2759,0,0,0,0,2,0,0,,0
A-c45b23,2024-07,2024-07-31,7,active,7,S-d71bdd,1791,Enterprise,9,False,annual,2854,0,0,0,0,4,2,0,,0
A-c45b23,2024-08,2024-08-31,8,active,8,S-d71bdd,1791,Enterprise,9,False,annual,2854,0,0,0,0,1,1,0,,0
A-c45b23,2024-09,2024-09-30,9,active,9,S-d71bdd,1791,Enterprise,9,False,annual,2854,0,0,0,0,3,3,0,,0
A-c45b23,2024-10,2024-10-31,10,active,10,S-d71bdd,1791,Enterprise,9,False,annual,2987,0,0,0,0,4,4,0,,0
A-c45b23,2024-11,2024-11-30,11,active,11,S-d71bdd,1791,Enterprise,9,False,annual,3330,0,0,0,0,0,0,1,,0
A-c45b23,2024-12,2024-12-31,12,active,11,S-d71bdd,1791,Enterprise,9,False,annual,3330,5174,1,0,0,1,1,0,,0
A-c4ea60,2023-03,2023-03-31,0,inactive,0,,0,,0,,,0,0,0,0,0,3,0,0,,1
A-c4ea60,2023-04,2023-04-30,1,active,1,S-7af0d5,912,Basic,48,False,annual,912,0,0,0,0,3,1,0,,1
A-c4ea60,2023-05,2023-05-31,2,active,2,S-7af0d5,912,Basic,48,False,annual,1254,0,0,0,0,0,0,0,,1
A-c4ea60,2023-06,2023-06-30,3,active,2,S-7af0d5,912,Basic,48,False,annual,1254,0,0,0,0,1,0,0,,1
A-c4ea60,2023-07,2023-07-31,4,active,2,S-7af0d5,912,Basic,48,False,annual,1254,0,0,0,0,3,2,0,,1
A-c4ea60,2023-08,2023-08-31,5,active,2,S-7af0d5,912,Basic,48,False,annual,1254,0,0,0,0,2,0,0,,1
A-c4ea60,2023-09,2023-09-30,6,active,2,S-7af0d5,912,Basic,48,False,annual,1254,0,0,0,0,2,1,0,,1
A-c4ea60,2023-10,2023-10-31,7,active,2,S-7af0d5,912,Basic,48,False,annual,1254,0,0,0,0,2,0,0,,1
A-c4ea60,2023-11,2023-11-30,8,active,2,S-7af0d5,912,Basic,48,False,annual,1254,0,0,0,0,2,0,1,5.00,1
A-c4ea60,2023-12,2023-12-31,9,active,2,S-7af0d5,912,Basic,48,False,annual,1254,0,0,0,0,4,0,0,,1
A-c4ea60,2024-01,2024-01-31,10,active,2,S-7af0d5,912,Basic,48,False,annual,1254,0,0,0,0,3,1,0,,1
A-c4ea60,2024-02,2024-02-29,11,active,3,S-7af0d5,912,Basic,48,False,annual,1254,0,0,0,0,1,0,0,,1
A-c4ea60,2024-03,2024-03-31,12,active,3,S-7af0d5,912,Basic,48,False,annual,1254,0,0,0,0,0,0,0,,1
A-c4ea60,2024-04,2024-04-30,13,active,3,S-7af0d5,912,Basic,48,False,annual,1254,0,0,0,0,2,0,1,3.00,1
A-c4ea60,2024-05,2024-05-31,14,active,3,S-7af0d5,912,Basic,48,False,annual,1254,0,0,0,0,1,0,1,4.00,1
A-c4ea60,2024-06,2024-06-30,15,active,3,S-7af0d5,912,Basic,48,False,annual,1254,0,0,0,0,0,0,0,,1
A-c4ea60,2024-07,2024-07-31,16,active,5,S-0ada66,3582,Enterprise,18,False,monthly,5718,0,0,0,0,3,1,0,,1
A-c4ea60,2024-08,2024-08-31,17,active,5,S-0ada66,3582,Enterprise,18,False,monthly,5718,0,0,0,0,2,1,0,,1
A-c4ea60,2024-09,2024-09-30,18,active,6,S-0ada66,3582,Enterprise,18,False,monthly,6600,0,0,0,0,1,1,0,,1
A-c4ea60,2024-10,2024-10-31,19,active,7,S-0ada66,3582,Enterprise,18,False,monthly,7482,0,0,0,0,1,1,0,,1
A-c4ea60,2024-11,2024-11-30,20,active,8,S-3279f1,3582,Enterprise,18,False,annual,11064,0,0,0,0,1,1,0,,1
A-c4ea60,2024-12,2024-12-31,21,active,9,S-a3791c,3582,Enterprise,18,False,monthly,14646,0,0,0,0,2,2,0,,1
A-c58f49,2024-07,2024-07-31,0,inactive,0,,0,,0,,,0,0,0,0,0,0,0,0,,0
A-c58f49,2024-08,2024-08-31,1,active,1,S-a0d68d,1330,Basic,70,False,monthly,1330,0,0,1,1,0,0,1,5.00,0
A-c58f49,2024-09,2024-09-30,2,active,2,S-95d1dd,13930,Enterprise,70,False,monthly,15260,0,0,1,2,2,0,1,,0
A-c58f49,2024-10,2024-10-31,3,active,4,S-22f096,13930,Enterprise,70,False,monthly,43120,0,0,0,0,1,1,0,,0
A-c58f49,2024-11,2024-11-30,4,active,7,S-354f6f,13930,Enterprise,70,False,annual,70980,0,0,0,0,0,0,0,,0
A-c58f49,2024-12,2024-12-31,5,active,7,S-354f6f,13930,Enterprise,70,False,annual,70980,0,0,0,0,3,3,0,,0
A-c608c8,2023-04,2023-04-30,0,inactive,0,,0,,0,,,0,0,0,0,0,0,0,0,,1
A-c608c8,2023-05,2023-05-31,1,inactive,0,,0,,0,,,0,0,0,0,0,1,0,0,,1
A-c608c8,2023-06,2023-06-30,2,active,1,S-cfb108,597,Enterprise,3,False,annual,597,0,0,0,0,2,0,0,,1
A-c608c8,2023-07,2023-07-31,3,active,1,S-cfb108,597,Enterprise,3,False,annual,597,0,0,0,0,3,0,0,,1
A-c608c8,2023-08,2023-08-31,4,active,1,S-cfb108,597,Enterprise,3,False,annual,597,0,0,0,0,1,0,0,,1
A-c608c8,2023-09,2023-09-30,5,active,1,S-cfb108,597,Enterprise,3,False,annual,597,0,0,0,0,4,1,1,3.00,1
A-c608c8,2023-10,2023-10-31,6,active,2,S-212fc4,1194,Enterprise,6,False,monthly,1791,0,0,0,0,1,0,0,,1
A-c608c8,2023-11,2023-11-30,7,active,2,S-212fc4,1194,Enterprise,6,False,monthly,1791,0,0,0,0,2,0,0,,1
A-c608c8,2023-12,2023-12-31,8,active,3,S-212fc4,1194,Enterprise,6,False,monthly,2330,0,0,0,0,3,0,0,,1
A-c608c8,2024-01,2024-01-31,9,active,3,S-212fc4,1194,Enterprise,6,False,monthly,2330,0,0,0,0,1,0,0,,1
A-c608c8,2024-02,2024-02-29,10,active,3,S-212fc4,1194,Enterprise,6,False,monthly,2330,0,0,0,0,1,0,0,,1
A-c608c8,2024-03,2024-03-31,11,active,5,S-07ff57,2842,Pro,58,False,monthly,6201,0,0,0,0,2,0,0,,1
A-c608c8,2024-04,2024-04-30,12,active,5,S-07ff57,2842,Pro,58,False,monthly,6201,0,0,0,0,2,0,0,,1
A-c608c8,2024-05,2024-05-31,13,active,5,S-07ff57,2842,Pro,58,False,monthly,6201,0,0,0,0,2,2,0,,1
A-c608c8,2024-06,2024-06-30,14,active,5,S-07ff57,2842,Pro,58,False,monthly,6201,2189,1,1,1,2,2,0,,1
A-c608c8,2024-07,2024-07-31,15,active,5,S-07ff57,2842,Pro,58,False,monthly,6201,0,0,0,0,3,2,0,,1
A-c608c8,2024-08,2024-08-31,16,active,6,S-07ff57,2842,Pro,58,False,monthly,6296,0,0,0,0,0,0,1,,1
A-c608c8,2024-09,2024-09-30,17,active,6,S-07ff57,2842,Pro,58,False,monthly,6296,0,0,0,0,1,0,0,,1
A-c608c8,2024-10,2024-10-31,18,active,7,S-07ff57,2842,Pro,58,False,monthly,7325,0,0,0,0,4,3,0,,1
A-c608c8,2024-11,2024-11-30,19,active,7,S-07ff57,2842,Pro,58,False,monthly,7325,0,0,0,0,2,2,0,,1
A-c608c8,2024-12,2024-12-31,20,active,7,S-07ff57,2842,Pro,58,False,monthly,7325,0,0,0,0,1,1,0,,1
A-c62e55,2023-02,2023-02-28,0,inactive,0,,0,,0,,,0,0,0,0,0,2,0,0,,0
A-c62e55,2023-03,2023-03-31,1,inactive,0,,0,,0,,,0,0,0,0,0,2,0,1,3.00,0
A-c62e55,2023-04,2023-04-30,2,inactive,0,,0,,0,,,0,0,0,0,0,0,0,0,,0
A-c62e55,2023-05,2023-05-31,3,inactive,0,,0,,0,,,0,0,0,0,0,2,0,0,,0
A-c62e55,2023-06,2023-06-30,4,inactive,0,,0,,0,,,0,0,0,0,0,3,0,0,,0
A-c62e55,2023-07,2023-07-31,5,inactive,0,,0,,0,,,0,0,0,0,0,3,0,0,,0
A-c62e55,2023-08,2023-08-31,6,inactive,0,,0,,0,,,0,0,0,0,0,1,0,0,,0
A-c62e55,2023-09,2023-09-30,7,inactive,0,,0,,0,,,0,0,0,0,0,0,0,1,,0
A-c62e55,2023-10,2023-10-31,8,inactive,0,,0,,0,,,0,0,0,0,0,1,0,0,,0
A-c62e55,2023-11,2023-11-30,9,active,1,S-91ab2e,1666,Pro,34,False,annual,1666,0,0,0,0,1,0,0,,0
A-c62e55,2023-12,2023-12-31,10,active,1,S-91ab2e,1666,Pro,34,False,annual,1666,0,0,0,0,1,0,0,,0
A-c62e55,2024-01,2024-01-31,11,active,2,S-91ab2e,1666,Pro,34,False,annual,1856,0,0,0,0,2,0,0,,0
A-c62e55,2024-02,2024-02-29,12,active,4,S-81d63a,2744,Pro,56,False,annual,5433,0,0,0,0,2,0,1,4.00,0
A-c62e55,2024-03,2024-03-31,13,active,5,S-81d63a,2744,Pro,56,False,annual,6609,0,0,0,0,4,1,1,5.00,0
A-c62e55,2024-04,2024-04-30,14,active,6,S-81d63a,2744,Pro,56,False,annual,6761,0,0,0,0,0,0,0,,0
A-c62e55,2024-05,2024-05-31,15,active,7,S-2daa17,2985,Enterprise,15,False,monthly,9746,0,0,0,0,1,1,0,,0
A-c62e55,2024-06,2024-06-30,16,active,7,S-2daa17,2985,Enterprise,15,False,monthly,9746,0,0,0,0,0,0,0,,0
A-c62e55,2024-07,2024-07-31,17,active,7,S-2daa17,2985,Enterprise,15,False,monthly,9746,0,0,0,0,1,1,0,,0
A-c62e55,2024-08,2024-08-31,18,active,7,S-2daa17,2985,Enterprise,15,False,monthly,9746,0,0,0,0,1,1,0,,0
A-c62e55,2024-09,2024-09-30,19,active,7,S-2daa17,2985,Enterprise,15,False,monthly,9746,0,0,0,0,0,0,0,,0
A-c62e55,2024-10,2024-10-31,20,active,7,S-2daa17,2985,Enterprise,15,False,monthly,9746,0,0,0,0,1,1,0,,0
A-c62e55,2024-11,2024-11-30,21,active,8,S-2daa17,2985,Enterprise,15,False,monthly,11216,0,0,0,0,2,1,0,,0
A-c62e55,2024-12,2024-12-31,22,active,9,S-2daa17,2985,Enterprise,15,False,monthly,11902,0,0,0,0,2,2,0,,0
A-c70870,2024-10,2024-10-31,0,inactive,0,,0,,0,,,0,0,0,0,0,1,0,0,,0
A-c70870,2024-11,2024-11-30,1,active,2,S-9e6f0c,589,Basic,31,False,monthly,589,0,0,0,0,2,0,0,,0
A-c70870,2024-12,2024-12-31,2,active,7,S-78f738,33830,Enterprise,170,False,monthly,39614,0,0,1,1,4,3,0,,0
A-c7e58b,2023-06,2023-06-30,0,inactive,0,,0,,0,,,0,0,0,0,0,1,0,0,,0
A-c7e58b,2023-07,2023-07-31,1,inactive,0,,0,,0,,,0,0,0,0,0,0,0,0,,0
A-c7e58b,2023-08,2023-08-31,2,active,1,S-591a64,57,Basic,3,False,annual,57,0,0,0,0,2,0,0,,0
A-c7e58b,2023-09,2023-09-30,3,active,1,S-591a64,57,Basic,3,False,annual,57,0,0,0,0,1,1,0,,0
A-c7e58b,2023-10,2023-10-31,4,active,1,S-591a64,57,Basic,3,False,annual,57,0,0,0,0,5,1,0,,0
A-c7e58b,2023-11,2023-11-30,5,active,1,S-591a64,57,Basic,3,False,annual,57,0,0,0,0,1,0,0,,0
A-c7e58b,2023-12,2023-12-31,6,active,2,S-a5baf1,1393,Enterprise,7,False,monthly,1450,0,0,0,0,2,0,1,3.00,0
A-c7e58b,2024-01,2024-01-31,7,active,2,S-a5baf1,1393,Enterprise,7,False,monthly,1450,0,0,0,0,1,0,1,4.00,0
A-c7e58b,2024-02,2024-02-29,8,active,2,S-a5baf1,1393,Enterprise,7,False,monthly,1450,0,0,0,0,0,0,0,,0
A-c7e58b,2024-03,2024-03-31,9,active,2,S-a5baf1,1393,Enterprise,7,False,monthly,1450,0,0,0,0,1,0,0,,0
A-c7e58b,2024-04,2024-04-30,10,active,3,S-0a9660,1990,Enterprise,10,False,monthly,3440,0,0,0,0,1,0,0,,0
A-c7e58b,2024-05,2024-05-31,11,active,3,S-0a9660,1990,Enterprise,10,False,monthly,3440,0,0,0,0,1,0,0,,0
A-c7e58b,2024-06,2024-06-30,12,active,3,S-0a9660,1990,Enterprise,10,False,monthly,3440,0,0,0,0,3,2,0,,0
A-c7e58b,2024-07,2024-07-31,13,active,6,S-0a9660,1990,Enterprise,10,False,monthly,5384,0,0,0,0,2,2,0,,0
A-c7e58b,2024-08,2024-08-31,14,active,6,S-0a9660,1990,Enterprise,10,False,monthly,5384,0,0,0,0,3,2,1,3.00,0
A-c7e58b,2024-09,2024-09-30,15,active,7,S-0a9660,1990,Enterprise,10,False,monthly,5384,0,0,0,0,0,0,0,,0
A-c7e58b,2024-10,2024-10-31,16,active,7,S-0a9660,1990,Enterprise,10,False,monthly,5384,0,0,0,0,0,0,0,,0
A-c7e58b,2024-11,2024-11-30,17,active,7,S-0a9660,1990,Enterprise,10,False,monthly,5384,0,0,0,0,2,2,0,,0
A-c7e58b,2024-12,2024-12-31,18,active,7,S-0a9660,1990,Enterprise,10,False,monthly,5384,0,0,0,0,0,0,2,4.00,0
A-c7ffc2,2023-01,2023-01-31,0,inactive,0,,0,,0,,,0,0,0,0,0,5,0,0,,0
A-c7ffc2,2023-02,2023-02-28,1,inactive,0,,0,,0,,,0,0,0,0,0,2,0,0,,0
A-c7ffc2,2023-03,2023-03-31,2,inactive,0,,0,,0,,,0,0,0,0,0,3,0,0,,0
A-c7ffc2,2023-04,2023-04-30,3,inactive,0,,0,,0,,,0,0,0,1,1,3,0,0,,0
A-c7ffc2,2023-05,2023-05-31,4,active,1,S-432401,6468,Pro,132,False,monthly,6468,0,0,0,0,3,0,0,,0
A-c7ffc2,2023-06,2023-06-30,5,active,1,S-432401,6468,Pro,132,False,monthly,6468,0,0,0,0,0,0,0,,0
A-c7ffc2,2023-07,2023-07-31,6,active,2,S-432401,6468,Pro,132,False,monthly,7038,0,0,0,0,3,0,0,,0
A-c7ffc2,2023-08,2023-08-31,7,active,3,S-432401,6468,Pro,132,False,monthly,8121,0,0,0,0,5,1,0,,0
A-c7ffc2,2023-09,2023-09-30,8,active,4,S-432401,6468,Pro,132,False,monthly,8691,0,0,0,0,2,0,0,,0
A-c7ffc2,2023-10,2023-10-31,9,active,4,S-432401,6468,Pro,132,False,monthly,8691,0,0,0,0,1,0,1,,0
A-c7ffc2,2023-11,2023-11-30,10,active,5,S-432401,6468,Pro,132,False,monthly,14661,0,0,1,1,0,0,0,,0
A-c7ffc2,2023-12,2023-12-31,11,active,5,S-432401,6468,Pro,132,False,monthly,14661,0,0,0,0,0,0,0,,0
A-c7ffc2,2024-01,2024-01-31,12,active,5,S-432401,6468,Pro,132,False,monthly,14661,0,0,0,0,2,1,0,,0
A-c7ffc2,2024-02,2024-02-29,13,active,7,S-432401,6468,Pro,132,False,monthly,22101,0,0,0,0,2,1,1,3.00,0
A-c7ffc2,2024-03,2024-03-31,14,active,8,S-432401,6468,Pro,132,False,monthly,28071,0,0,0,0,2,1,0,,0
A-c7ffc2,2024-04,2024-04-30,15,active,8,S-432401,6468,Pro,132,False,monthly,28071,0,0,0,0,4,4,0,,0
A-c7ffc2,2024-05,2024-05-31,16,active,8,S-432401,6468,Pro,132,False,monthly,28071,0,0,0,0,5,4,0,,0
A-c7ffc2,2024-06,2024-06-30,17,active,8,S-432401,6468,Pro,132,False,monthly,28071,0,0,0,0,5,4,0,,0
A-c7ffc2,2024-07,2024-07-31,18,active,8,S-432401,6468,Pro,132,False,monthly,28071,0,0,0,0,1,1,0,,0
A-c7ffc2,2024-08,2024-08-31,19,active,9,S-432401,6468,Pro,132,False,monthly,28641,0,0,0,0,4,2,0,,0
A-c7ffc2,2024-09,2024-09-30,20,active,10,S-432401,6468,Pro,132,False,monthly,29211,0,0,0,0,4,2,0,,0
A-c7ffc2,2024-10,2024-10-31,21,active,11,S-432401,6468,Pro,132,False,monthly,35181,0,0,0,0,2,2,0,,0
A-c7ffc2,2024-11,2024-11-30,22,active,11,S-432401,6468,Pro,132,False,monthly,35181,0,0,0,0,1,1,0,,0
A-c7ffc2,2024-12,2024-12-31,23,active,12,S-432401,6468,Pro,132,False,monthly,36112,0,0,0,0,3,3,0,,0
A-c9bb3e,2024-03,2024-03-31,0,inactive,0,,0,,0,,,0,0,0,0,0,0,0,0,,0
A-c9bb3e,2024-04,2024-04-30,1,active,1,S-ff4611,6027,Pro,123,False,annual,6027,1715,1,0,0,2,0,0,,0
A-c9bb3e,2024-05,2024-05-31,2,active,1,S-ff4611,6027,Pro,123,False,annual,6027,0,0,0,0,2,0,0,,0
A-c9bb3e,2024-06,2024-06-30,3,active,3,S-ff4611,6027,Pro,123,False,annual,6557,0,0,0,0,2,1,0,,0
A-c9bb3e,2024-07,2024-07-31,4,active,3,S-ff4611,6027,Pro,123,False,annual,6557,0,0,1,1,0,0,0,,0
A-c9bb3e,2024-08,2024-08-31,5,active,5,S-ff4611,6027,Pro,123,False,annual,8746,0,0,0,0,2,1,0,,0
A-c9bb3e,2024-09,2024-09-30,6,active,7,S-ff4611,6027,Pro,123,False,annual,9730,0,0,0,0,4,4,0,,0
A-c9bb3e,2024-10,2024-10-31,7,active,8,S-ff4611,6027,Pro,123,False,annual,13312,0,0,1,1,1,1,0,,0
A-c9bb3e,2024-11,2024-11-30,8,active,9,S-ff4611,6027,Pro,123,False,annual,13502,0,0,0,0,1,1,0,,0
A-c9bb3e,2024-12,2024-12-31,9,active,9,S-ff4611,6027,Pro,123,False,annual,13502,0,0,0,0,0,0,2,4.00,0
A-cab532,2023-04,2023-04-30,0,active,1,S-9d8525,2189,Enterprise,11,False,monthly,2189,0,0,0,0,6,0,0,,0
A-cab532,2023-05,2023-05-31,1,active,2,S-e8f8c0,4975,Enterprise,25,False,monthly,7164,0,0,0,0,5,0,0,,0
A-cab532,2023-06,2023-06-30,2,active,2,S-e8f8c0,4975,Enterprise,25,False,monthly,7164,0,0,0,0,3,0,0,,0
A-cab532,2023-07,2023-07-31,3,active,3,S-e8f8c0,4975,Enterprise,25,False,monthly,9353,0,0,0,0,8,1,0,,0
A-cab532,2023-08,2023-08-31,4,active,3,S-e8f8c0,4975,Enterprise,25,False,monthly,9353,0,0,0,0,3,0,0,,0
A-cab532,2023-09,2023-09-30,5,active,3,S-e8f8c0,4975,Enterprise,25,False,monthly,9353,0,0,0,0,2,1,0,,0
A-cab532,2023-10,2023-10-31,6,active,3,S-e8f8c0,4975,Enterprise,25,False,monthly,9353,0,0,0,0,4,0,0,,0
A-cab532,2023-11,2023-11-30,7,active,4,S-e8f8c0,4975,Enterprise,25,False,monthly,10872,0,0,0,0,2,0,0,,0
A-cab532,2023-12,2023-12-31,8,active,4,S-e8f8c0,4975,Enterprise,25,False,monthly,10872,0,0,0,0,5,2,0,,0
A-cab532,2024-01,2024-01-31,9,active,4,S-e8f8c0,4975,Enterprise,25,False,monthly,10872,0,0,0,0,6,1,0,,0
A-cab532,2024-02,2024-02-29,10,active,5,S-e8f8c0,4975,Enterprise,25,False,monthly,10872,0,0,0,0,3,0,0,,0
A-cab532,2024-03,2024-03-31,11,active,6,S-e8f8c0,4975,Enterprise,25,False,monthly,11411,0,0,0,0,5,3,1,4.00,0
A-cab532,2024-04,2024-04-30,12,active,6,S-e8f8c0,4975,Enterprise,25,False,monthly,11411,0,0,0,0,7,3,0,,0
A-cab532,2024-05,2024-05-31,13,active,9,S-e8f8c0,4975,Enterprise,25,False,monthly,12577,0,0,0,0,2,1,0,,0
A-cab532,2024-06,2024-06-30,14,active,9,S-e8f8c0,4975,Enterprise,25,False,monthly,12577,0,0,0,0,3,2,0,,0
A-cab532,2024-07,2024-07-31,15,active,11,S-e8f8c0,4975,Enterprise,25,False,monthly,14243,0,0,1,1,4,1,0,,0
A-cab532,2024-08,2024-08-31,16,active,11,S-e8f8c0,4975,Enterprise,25,False,monthly,14243,0,0,0,0,4,1,0,,0
A-cab532,2024-09,2024-09-30,17,active,11,S-e8f8c0,4975,Enterprise,25,False,monthly,14243,0,0,0,0,6,2,0,,0
A-cab532,2024-10,2024-10-31,18,active,12,S-e8f8c0,4975,Enterprise,25,False,monthly,16432,0,0,0,0,4,2,0,,0
A-cab532,2024-11,2024-11-30,19,active,14,S-e8f8c0,4975,Enterprise,25,False,monthly,18373,0,0,0,0,3,2,0,,0
A-cab532,2024-12,2024-12-31,20,active,14,S-e8f8c0,4975,Enterprise,25,False,monthly,18569,1519,1,0,0,6,6,0,,0
A-cb5333,2024-03,2024-03-31,0,inactive,0,,0,,0,,,0,0,0,0,0,1,0,0,,0
A-cb5333,2024-04,2024-04-30,1,active,2,S-f30081,6567,Enterprise,33,False,annual,7403,0,0,0,0,1,0,0,,0
A-cb5333,2024-05,2024-05-31,2,active,4,S-f30081,6567,Enterprise,33,False,annual,7403,0,0,0,0,6,0,0,,0
A-cb5333,2024-06,2024-06-30,3,active,6,S-f30081,6567,Enterprise,33,False,annual,8030,1617,1,0,0,4,1,0,,0
A-cb5333,2024-07,2024-07-31,4,active,9,S-f30081,6567,Enterprise,33,False,annual,10977,0,0,0,0,5,2,0,,0
A-cb5333,2024-08,2024-08-31,5,active,9,S-f30081,6567,Enterprise,33,False,annual,10977,0,0,1,1,4,1,0,,0
A-cb5333,2024-09,2024-09-30,6,active,13,S-0ff1eb,6567,Enterprise,33,False,monthly,22395,0,0,0,0,1,1,0,,0
A-cb5333,2024-10,2024-10-31,7,active,13,S-0ff1eb,6567,Enterprise,33,False,monthly,22395,0,0,0,0,4,3,0,,0
A-cb5333,2024-11,2024-11-30,8,active,13,S-0ff1eb,6567,Enterprise,33,False,monthly,22395,0,0,0,0,3,3,0,,0
A-cb5333,2024-12,2024-12-31,9,active,15,S-0ff1eb,6567,Enterprise,33,False,monthly,24639,0,0,0,0,3,3,0,,0
A-cb6cc6,2023-04,2023-04-30,0,active,1,S-bfdb45,0,Enterprise,13,True,annual,0,0,0,0,0,3,0,0,,0
A-cb6cc6,2023-05,2023-05-31,1,active,1,S-bfdb45,0,Enterprise,13,True,annual,0,0,0,0,0,0,0,0,,0
A-cb6cc6,2023-06,2023-06-30,2,active,1,S-bfdb45,0,Enterprise,13,True,annual,0,0,0,0,0,0,0,0,,0
A-cb6cc6,2023-07,2023-07-31,3,active,1,S-bfdb45,0,Enterprise,13,True,annual,0,0,0,0,0,0,0,0,,0
A-cb6cc6,2023-08,2023-08-31,4,active,3,S-31e347,266,Basic,14,False,annual,513,0,0,0,0,2,1,0,,0
A-cb6cc6,2023-09,2023-09-30,5,active,3,S-31e347,266,Basic,14,False,annual,513,0,0,0,0,0,0,0,,0
A-cb6cc6,2023-10,2023-10-31,6,active,3,S-31e347,266,Basic,14,False,annual,513,0,0,0,0,1,0,0,,0
A-cb6cc6,2023-11,2023-11-30,7,active,3,S-31e347,266,Basic,14,False,annual,513,0,0,0,0,0,0,0,,0
A-cb6cc6,2023-12,2023-12-31,8,active,3,S-31e347,266,Basic,14,False,annual,513,0,0,0,0,2,1,0,,0
A-cb6cc6,2024-01,2024-01-31,9,active,3,S-31e347,266,Basic,14,False,annual,513,0,0,0,0,1,0,0,,0
A-cb6cc6,2024-02,2024-02-29,10,active,3,S-31e347,266,Basic,14,False,annual,513,0,0,0,0,2,0,0,,0
A-cb6cc6,2024-03,2024-03-31,11,active,4,S-24323f,637,Pro,13,False,monthly,1150,0,0,0,0,3,1,1,4.00,0
A-cb6cc6,2024-04,2024-04-30,12,active,4,S-24323f,637,Pro,13,False,monthly,1150,0,0,0,0,1,1,0,,0
A-cb6cc6,2024-05,2024-05-31,13,active,5,S-24323f,637,Pro,13,False,monthly,1150,0,0,0,0,2,2,0,,0
A-cb6cc6,2024-06,2024-06-30,14,active,5,S-24323f,637,Pro,13,False,monthly,1150,0,0,0,0,3,2,1,,0
A-cb6cc6,2024-07,2024-07-31,15,active,5,S-24323f,637,Pro,13,False,monthly,1150,0,0,0,0,4,2,0,,0
A-cb6cc6,2024-08,2024-08-31,16,active,5,S-24323f,637,Pro,13,False,monthly,1150,0,0,0,0,2,0,0,,0
A-cb6cc6,2024-09,2024-09-30,17,active,6,S-24323f,637,Pro,13,False,monthly,1397,0,0,0,0,0,0,0,,0
A-cb6cc6,2024-10,2024-10-31,18,active,7,S-9828eb,1225,Pro,25,False,monthly,2622,0,0,0,0,2,2,0,,0
A-cb6cc6,2024-11,2024-11-30,19,active,7,S-9828eb,1225,Pro,25,False,monthly,2622,0,0,0,0,2,2,1,3.00,0
A-cb6cc6,2024-12,2024-12-31,20,active,7,S-9828eb,1225,Pro,25,False,monthly,2622,0,0,0,0,1,1,0,,0
A-cbbe12,2023-03,2023-03-31,0,inactive,0,,0,,0,,,0,0,0,0,0,0,0,0,,0
A-cbbe12,2023-04,2023-04-30,1,inactive,0,,0,,0,,,0,0,0,0,0,1,0,0,,0
A-cbbe12,2023-05,2023-05-31,2,inactive,0,,0,,0,,,0,0,0,0,0,2,0,0,,0
A-cbbe12,2023-06,2023-06-30,3,inactive,0,,0,,0,,,0,0,0,0,0,0,0,1,5.00,0
A-cbbe12,2023-07,2023-07-31,4,active,1,S-26191b,0,Pro,40,True,annual,0,0,0,0,0,1,0,0,,0
A-cbbe12,2023-08,2023-08-31,5,active,2,S-be828b,1960,Pro,40,False,monthly,1960,0,0,0,0,2,1,0,,0
A-cbbe12,2023-09,2023-09-30,6,active,2,S-be828b,1960,Pro,40,False,monthly,1960,0,0,0,0,1,1,1,4.00,0
A-cbbe12,2023-10,2023-10-31,7,active,2,S-be828b,1960,Pro,40,False,monthly,1960,0,0,0,0,1,0,0,,0
A-cbbe12,2023-11,2023-11-30,8,active,2,S-be828b,1960,Pro,40,False,monthly,1960,0,0,0,0,1,1,0,,0
A-cbbe12,2023-12,2023-12-31,9,active,3,S-be828b,1960,Pro,40,False,monthly,1960,0,0,0,0,0,0,0,,0
A-cbbe12,2024-01,2024-01-31,10,active,3,S-be828b,1960,Pro,40,False,monthly,1960,0,0,0,0,0,0,0,,0
A-cbbe12,2024-02,2024-02-29,11,active,3,S-be828b,1960,Pro,40,False,monthly,1960,0,0,0,0,0,0,1,,0
A-cbbe12,2024-03,2024-03-31,12,active,3,S-be828b,1960,Pro,40,False,monthly,1960,0,0,0,0,1,1,1,3.00,0
A-cbbe12,2024-04,2024-04-30,13,active,3,S-be828b,1960,Pro,40,False,monthly,1960,0,0,0,0,1,1,0,,0
A-cbbe12,2024-05,2024-05-31,14,active,4,S-be828b,1960,Pro,40,False,monthly,2720,0,0,0,0,0,0,0,,0
A-cbbe12,2024-06,2024-06-30,15,active,5,S-7b01d4,2401,Pro,49,False,monthly,5121,0,0,0,0,3,3,0,,0
A-cbbe12,2024-07,2024-07-31,16,active,4,S-7b01d4,2401,Pro,49,False,monthly,4361,760,1,0,0,2,2,0,,0
A-cbbe12,2024-08,2024-08-31,17,active,4,S-7b01d4,2401,Pro,49,False,monthly,4361,0,0,0,0,0,0,1,,0
A-cbbe12,2024-09,2024-09-30,18,active,4,S-7b01d4,2401,Pro,49,False,monthly,4361,0,0,0,0,1,1,1,5.00,0
A-cbbe12,2024-10,2024-10-31,19,active,3,S-7b01d4,2401,Pro,49,False,monthly,4361,0,1,0,0,0,0,0,,0
A-cbbe12,2024-11,2024-11-30,20,active,3,S-7b01d4,2401,Pro,49,False,monthly,4361,0,0,0,0,0,0,0,,0
A-cbbe12,2024-12,2024-12-31,21,active,4,S-8bf576,7960,Enterprise,40,False,monthly,12321,0,0,0,0,2,1,0,,0
A-cbd1a3,2024-11,2024-11-30,0,active,5,S-eafea7,5572,Enterprise,28,False,monthly,11040,0,0,0,0,1,0,0,,1
A-cbd1a3,2024-12,2024-12-31,1,active,10,S-eafea7,5572,Enterprise,28,False,monthly,16351,0,0,0,0,2,2,0,,1
A-cc102e,2024-04,2024-04-30,0,inactive,0,,0,,0,,,0,0,0,1,1,3,0,1,3.00,0
A-cc102e,2024-05,2024-05-31,1,active,3,S-dc9874,2058,Pro,42,False,annual,2552,0,0,0,0,2,0,0,,0
A-cc102e,2024-06,2024-06-30,2,active,3,S-dc9874,2058,Pro,42,False,annual,2552,0,0,0,0,2,0,0,,0
A-cc102e,2024-07,2024-07-31,3,active,3,S-dc9874,2058,Pro,42,False,annual,2552,0,0,0,0,1,0,0,,0
A-cc102e,2024-08,2024-08-31,4,active,3,S-dc9874,2058,Pro,42,False,annual,2552,0,0,0,0,1,0,0,,0
A-cc102e,2024-09,2024-09-30,5,active,4,S-b4cd75,2587,Enterprise,13,False,monthly,3718,2058,1,0,0,1,0,0,,0
A-cc102e,2024-10,2024-10-31,6,active,4,S-b4cd75,2587,Enterprise,13,False,monthly,3718,0,0,0,0,1,0,1,5.00,0
A-cc102e,2024-11,2024-11-30,7,active,7,S-d8a52e,2985,Enterprise,15,False,monthly,7758,0,0,1,2,2,0,0,,0
A-cc102e,2024-12,2024-12-31,8,active,9,S-d8a52e,2985,Enterprise,15,False,monthly,8005,0,0,0,0,3,3,0,,0
A-cc1d8d,2024-12,2024-12-31,0,active,13,S-3e0c7b,1596,Basic,84,False,annual,8947,0,0,1,2,1,0,0,,0
A-cc8c8f,2024-06,2024-06-30,0,active,1,S-0e43ad,5572,Enterprise,28,False,annual,5572,0,0,0,0,3,0,0,,0
A-cc8c8f,2024-07,2024-07-31,1,active,3,S-0e43ad,5572,Enterprise,28,False,annual,6009,0,0,0,0,1,1,0,,0
A-cc8c8f,2024-08,2024-08-31,2,active,3,S-0e43ad,5572,Enterprise,28,False,annual,6009,0,0,0,0,2,1,0,,0
A-cc8c8f,2024-09,2024-09-30,3,active,2,S-0e43ad,5572,Enterprise,28,False,annual,6009,0,1,1,1,0,0,0,,0
A-cc8c8f,2024-10,2024-10-31,4,active,3,S-0e43ad,5572,Enterprise,28,False,annual,6446,0,0,0,0,0,0,0,,0
A-cc8c8f,2024-11,2024-11-30,5,active,4,S-0e43ad,5572,Enterprise,28,False,annual,11023,0,0,0,0,3,1,0,,0
A-cc8c8f,2024-12,2024-12-31,6,active,6,S-0e43ad,5572,Enterprise,28,False,annual,15600,0,0,0,0,0,0,0,,0
A-cc98bc,2023-05,2023-05-31,0,active,1,S-576519,6368,Enterprise,32,False,monthly,6368,0,0,0,0,2,0,0,,0
A-cc98bc,2023-06,2023-06-30,1,active,3,S-576519,6368,Enterprise,32,False,monthly,9161,0,0,0,0,2,0,1,,0
A-cc98bc,2023-07,2023-07-31,2,active,4,S-b9d674,6368,Enterprise,32,False,monthly,15529,0,0,0,0,7,2,0,,0
A-cc98bc,2023-08,2023-08-31,3,active,4,S-b9d674,6368,Enterprise,32,False,monthly,15529,0,0,0,0,0,0,0,,0
A-cc98bc,2023-09,2023-09-30,4,active,4,S-b9d674,6368,Enterprise,32,False,monthly,15529,0,0,0,0,2,0,0,,0
A-cc98bc,2023-10,2023-10-31,5,active,5,S-b9d674,6368,Enterprise,32,False,monthly,16137,0,0,0,0,2,1,0,,0
A-cc98bc,2023-11,2023-11-30,6,active,5,S-b9d674,6368,Enterprise,32,False,monthly,16137,0,0,0,0,2,1,0,,0
A-cc98bc,2023-12,2023-12-31,7,active,7,S-b9d674,6368,Enterprise,32,False,monthly,17353,0,0,0,0,3,2,0,,0
A-cc98bc,2024-01,2024-01-31,8,active,7,S-b9d674,6368,Enterprise,32,False,monthly,17353,0,0,0,0,5,4,0,,0
A-cc98bc,2024-02,2024-02-29,9,active,7,S-b9d674,6368,Enterprise,32,False,monthly,17353,0,0,0,0,2,2,0,,0
A-cc98bc,2024-03,2024-03-31,10,active,7,S-b9d674,6368,Enterprise,32,False,monthly,17353,0,0,0,0,1,1,0,,0
A-cc98bc,2024-04,2024-04-30,11,active,7,S-b9d674,6368,Enterprise,32,False,monthly,17353,0,0,0,0,0,0,0,,0
A-cc98bc,2024-05,2024-05-31,12,active,8,S-b9d674,6368,Enterprise,32,False,monthly,19999,0,0,0,0,1,1,0,,0
A-cc98bc,2024-06,2024-06-30,13,active,8,S-b9d674,6368,Enterprise,32,False,monthly,19999,0,0,0,0,0,0,0,,0
A-cc98bc,2024-07,2024-07-31,14,active,9,S-b9d674,6368,Enterprise,32,False,monthly,21567,0,0,0,0,0,0,0,,0
A-cc98bc,2024-08,2024-08-31,15,active,8,S-b9d674,6368,Enterprise,32,False,monthly,19999,1568,1,0,0,1,1,0,,0
A-cc98bc,2024-09,2024-09-30,16,active,9,S-b9d674,6368,Enterprise,32,False,monthly,19999,0,0,0,0,0,0,0,,0
A-cc98bc,2024-10,2024-10-31,17,active,9,S-b9d674,6368,Enterprise,32,False,monthly,19999,0,0,0,0,4,4,0,,0
A-cc98bc,2024-11,2024-11-30,18,active,9,S-b9d674,6368,Enterprise,32,False,monthly,19999,0,0,0,0,2,2,0,,0
A-cc98bc,2024-12,2024-12-31,19,active,9,S-b9d674,6368,Enterprise,32,False,monthly,19999,0,0,0,0,4,4,0,,0
A-ccabf0,2023-11,2023-11-30,0,active,3,S-477a57,11741,Enterprise,59,False,monthly,15954,0,0,0,0,1,0,0,,0
A-ccabf0,2023-12,2023-12-31,1,active,4,S-477a57,11741,Enterprise,59,False,monthly,16983,0,0,0,0,5,2,0,,0
A-ccabf0,2024-01,2024-01-31,2,active,5,S-477a57,11741,Enterprise,59,False,monthly,19570,0,0,0,0,1,0,0,,0
A-ccabf0,2024-02,2024-02-29,3,active,5,S-477a57,11741,Enterprise,59,False,monthly,19570,0,0,0,0,1,1,0,,0
A-ccabf0,2024-03,2024-03-31,4,active,6,S-477a57,11741,Enterprise,59,False,monthly,21759,0,0,0,0,4,2,0,,0
A-ccabf0,2024-04,2024-04-30,5,active,6,S-477a57,11741,Enterprise,59,False,monthly,21759,0,0,0,0,0,0,1,,0
A-ccabf0,2024-05,2024-05-31,6,active,7,S-477a57,11741,Enterprise,59,False,monthly,22082,0,0,1,1,3,2,0,,0
A-ccabf0,2024-06,2024-06-30,7,active,7,S-477a57,11741,Enterprise,59,False,monthly,22082,0,0,0,0,2,1,0,,0
A-ccabf0,2024-07,2024-07-31,8,active,8,S-477a57,11741,Enterprise,59,False,monthly,22180,0,0,0,0,4,2,0,,0
A-ccabf0,2024-08,2024-08-31,9,active,8,S-477a57,11741,Enterprise,59,False,monthly,22180,0,0,0,0,1,1,0,,0
A-ccabf0,2024-09,2024-09-30,10,active,9,S-477a57,11741,Enterprise,59,False,monthly,22379,0,0,0,0,1,1,0,,0
A-ccabf0,2024-10,2024-10-31,11,active,10,S-477a57,11741,Enterprise,59,False,monthly,22379,0,0,1,1,2,2,0,,0
A-ccabf0,2024-11,2024-11-30,12,active,9,S-477a57,11741,Enterprise,59,False,monthly,22379,0,1,0,0,3,3,0,,0
A-ccabf0,2024-12,2024-12-31,13,active,8,S-477a57,11741,Enterprise,59,False,monthly,22281,98,1,0,0,3,3,0,,0
A-ccb686,2024-01,2024-01-31,0,inactive,0,,0,,0,,,0,0,0,0,0,3,0,0,,0
A-ccb686,2024-02,2024-02-29,1,active,2,S-c4aa5f,2548,Pro,52,False,annual,3234,0,0,0,0,3,0,0,,0
A-ccb686,2024-03,2024-03-31,2,active,3,S-c4aa5f,2548,Pro,52,False,annual,3234,0,0,0,0,1,0,0,,0
A-ccb686,2024-04,2024-04-30,3,active,4,S-c4aa5f,2548,Pro,52,False,annual,3234,0,0,0,0,9,4,0,,0
A-ccb686,2024-05,2024-05-31,4,active,5,S-c4aa5f,2548,Pro,52,False,annual,3424,0,0,0,0,3,2,0,,0
A-ccb686,2024-06,2024-06-30,5,active,6,S-c4aa5f,2548,Pro,52,False,annual,4355,0,0,1,1,2,2,0,,0
A-ccb686,2024-07,2024-07-31,6,active,6,S-c4aa5f,2548,Pro,52,False,annual,4355,0,0,0,0,1,0,0,,0
A-ccb686,2024-08,2024-08-31,7,active,9,S-af5a51,10547,Enterprise,53,False,annual,17921,0,0,0,0,3,1,0,,0
A-ccb686,2024-09,2024-09-30,8,active,9,S-af5a51,10547,Enterprise,53,False,annual,17921,0,0,0,0,4,3,0,,0
A-ccb686,2024-10,2024-10-31,9,active,9,S-af5a51,10547,Enterprise,53,False,annual,19152,190,1,0,0,3,1,0,,0
A-ccb686,2024-11,2024-11-30,10,active,9,S-af5a51,10547,Enterprise,53,False,annual,19152,0,0,1,2,4,4,0,,0
A-ccb686,2024-12,2024-12-31,11,active,11,S-af5a51,10547,Enterprise,53,False,annual,21351,0,0,0,0,9,9,0,,0
A-ccc747,2024-01,2024-01-31,0,inactive,0,,0,,0,,,0,0,0,0,0,1,0,0,,1
A-ccc747,2024-02,2024-02-29,1,inactive,0,,0,,0,,,0,0,0,0,0,1,0,0,,1
A-ccc747,2024-03,2024-03-31,2,inactive,0,,0,,0,,,0,0,0,0,0,1,0,0,,1
A-ccc747,2024-04,2024-04-30,3,inactive,0,,0,,0,,,0,0,0,1,1,0,0,0,,1
A-ccc747,2024-05,2024-05-31,4,active,1,S-aa3a36,0,Enterprise,16,True,monthly,0,0,0,0,0,2,0,0,,1
A-ccc747,2024-06,2024-06-30,5,active,2,S-a102aa,1813,Pro,37,False,monthly,1813,0,0,0,0,1,0,1,5.00,1
A-ccc747,2024-07,2024-07-31,6,active,3,S-a102aa,1813,Pro,37,False,monthly,2597,0,0,0,0,1,0,0,,1
A-ccc747,2024-08,2024-08-31,7,active,3,S-a102aa,1813,Pro,37,False,monthly,2597,0,0,1,1,2,2,1,,1
A-ccc747,2024-09,2024-09-30,8,active,4,S-a102aa,1813,Pro,37,False,monthly,3381,0,0,1,1,0,0,0,,1
A-ccc747,2024-10,2024-10-31,9,active,5,S-a102aa,1813,Pro,37,False,monthly,4508,0,0,0,0,0,0,0,,1
A-ccc747,2024-11,2024-11-30,10,active,6,S-a102aa,1813,Pro,37,False,monthly,4812,0,0,0,0,1,1,0,,1
A-ccc747,2024-12,2024-12-31,11,active,5,S-a102aa,1813,Pro,37,False,monthly,3685,1127,1,0,0,1,1,0,,1
A-cd458b,2024-06,2024-06-30,0,inactive,0,,0,,0,,,0,0,0,0,0,4,0,1,5.00,0
A-cd458b,2024-07,2024-07-31,1,active,2,S-03a939,5174,Enterprise,26,False,monthly,5364,0,0,0,0,3,0,0,,0
A-cd458b,2024-08,2024-08-31,2,active,6,S-3673f2,9353,Enterprise,47,False,annual,15648,0,0,0,0,5,1,0,,0
A-cd458b,2024-09,2024-09-30,3,active,7,S-3673f2,9353,Enterprise,47,False,annual,16100,551,1,0,0,3,2,1,5.00,0
A-cd458b,2024-10,2024-10-31,4,active,10,S-6d3477,9353,Enterprise,47,False,annual,27937,0,0,0,0,2,0,0,,0
A-cd458b,2024-11,2024-11-30,5,active,10,S-6d3477,9353,Enterprise,47,False,annual,27937,0,0,1,1,5,4,0,,0
A-cd458b,2024-12,2024-12-31,6,active,14,S-b71b3a,9353,Enterprise,47,False,monthly,42740,0,0,0,0,4,4,1,5.00,0
A-cdf020,2023-08,2023-08-31,0,inactive,0,,0,,0,,,0,0,0,0,0,2,0,0,,0
A-cdf020,2023-09,2023-09-30,1,inactive,0,,0,,0,,,0,0,0,0,0,1,0,0,,0
A-cdf020,2023-10,2023-10-31,2,inactive,0,,0,,0,,,0,0,0,0,0,0,0,0,,0
A-cdf020,2023-11,2023-11-30,3,inactive,0,,0,,0,,,0,0,0,0,0,1,0,0,,0
A-cdf020,2023-12,2023-12-31,4,active,1,S-bdf8bf,1519,Pro,31,False,monthly,1519,0,0,1,1,2,0,1,5.00,0
A-cdf020,2024-01,2024-01-31,5,active,3,S-91cd9b,2205,Pro,45,False,annual,5635,0,0,0,0,0,0,0,,0
A-cdf020,2024-02,2024-02-29,6,active,3,S-91cd9b,2205,Pro,45,False,annual,5635,0,0,0,0,1,1,0,,0
A-cdf020,2024-03,2024-03-31,7,active,3,S-91cd9b,2205,Pro,45,False,annual,5635,0,0,0,0,2,1,0,,0
A-cdf020,2024-04,2024-04-30,8,active,5,S-3ee7c3,4577,Enterprise,23,False,monthly,10212,0,0,0,0,2,2,1,4.00,0
A-cdf020,2024-05,2024-05-31,9,active,5,S-3ee7c3,4577,Enterprise,23,False,monthly,10212,0,0,0,0,2,1,0,,0
A-cdf020,2024-06,2024-06-30,10,active,5,S-3ee7c3,4577,Enterprise,23,False,monthly,10212,0,0,0,0,1,1,0,,0
A-cdf020,2024-07,2024-07-31,11,active,5,S-3ee7c3,4577,Enterprise,23,False,monthly,9134,2205,1,0,0,1,0,0,,0
A-cdf020,2024-08,2024-08-31,12,active,5,S-3ee7c3,4577,Enterprise,23,False,monthly,9134,0,0,0,0,3,2,0,,0
A-cdf020,2024-09,2024-09-30,13,active,4,S-3ee7c3,4577,Enterprise,23,False,monthly,7615,1519,1,0,0,2,2,0,,0
A-cdf020,2024-10,2024-10-31,14,active,6,S-644316,4577,Enterprise,23,False,annual,14348,0,0,0,0,1,0,0,,0
A-cdf020,2024-11,2024-11-30,15,active,5,S-644316,4577,Enterprise,23,False,annual,9771,4577,1,1,1,4,4,0,,0
A-cdf020,2024-12,2024-12-31,16,active,5,S-644316,4577,Enterprise,23,False,annual,9771,0,0,0,0,0,0,0,,0
A-ce550d,2024-10,2024-10-31,0,active,1,S-e1de58,6965,Enterprise,35,False,annual,6965,0,0,0,0,4,0,1,5.00,1
A-ce550d,2024-11,2024-11-30,1,active,5,S-c3cb12,10746,Enterprise,54,False,annual,21925,0,0,0,0,6,4,0,,1
A-ce550d,2024-12,2024-12-31,2,active,8,S-79d1e0,21691,Enterprise,109,False,monthly,47046,23406,2,1,1,2,2,0,,1
A-ce66f8,2023-08,2023-08-31,0,active,1,S-10bf4d,551,Basic,29,False,monthly,551,0,0,0,0,2,0,0,,0
A-ce66f8,2023-09,2023-09-30,1,active,1,S-10bf4d,551,Basic,29,False,monthly,551,0,0,0,0,0,0,1,3.00,0
A-ce66f8,2023-10,2023-10-31,2,active,1,S-10bf4d,551,Basic,29,False,monthly,551,0,0,0,0,1,0,0,,0
A-ce66f8,2023-11,2023-11-30,3,active,1,S-10bf4d,551,Basic,29,False,monthly,551,0,0,0,0,1,1,0,,0
A-ce66f8,2023-12,2023-12-31,4,active,1,S-10bf4d,551,Basic,29,False,monthly,551,0,0,0,0,2,0,0,,0
A-ce66f8,2024-01,2024-01-31,5,active,1,S-10bf4d,551,Basic,29,False,monthly,551,0,0,0,0,4,0,0,,0
A-ce66f8,2024-02,2024-02-29,6,active,1,S-10bf4d,551,Basic,29,False,monthly,551,0,0,0,0,2,1,0,,0
A-ce66f8,2024-03,2024-03-31,7,active,1,S-10bf4d,551,Basic,29,False,monthly,551,0,0,0,0,2,0,0,,0
A-ce66f8,2024-04,2024-04-30,8,active,1,S-10bf4d,551,Basic,29,False,monthly,551,0,0,0,0,1,0,0,,0
A-ce66f8,2024-05,2024-05-31,9,active,3,S-2aec7e,551,Basic,29,False,annual,1653,0,0,0,0,4,1,1,,0
A-ce66f8,2024-06,2024-06-30,10,active,3,S-2aec7e,551,Basic,29,False,annual,1653,0,0,0,0,2,1,0,,0
A-ce66f8,2024-07,2024-07-31,11,active,6,S-695c1e,7363,Enterprise,37,False,monthly,11858,0,0,0,0,1,0,0,,0
A-ce66f8,2024-08,2024-08-31,12,active,6,S-695c1e,7363,Enterprise,37,False,monthly,11858,0,0,0,0,0,0,0,,0
A-ce66f8,2024-09,2024-09-30,13,active,6,S-695c1e,7363,Enterprise,37,False,monthly,11858,0,0,0,0,1,1,1,,0
A-ce66f8,2024-10,2024-10-31,14,active,6,S-695c1e,7363,Enterprise,37,False,monthly,11858,0,0,0,0,2,2,0,,0
A-ce66f8,2024-11,2024-11-30,15,active,6,S-695c1e,7363,Enterprise,37,False,monthly,11858,0,0,0,0,2,2,0,,0
A-ce66f8,2024-12,2024-12-31,16,active,6,S-695c1e,7363,Enterprise,37,False,monthly,11858,0,0,0,0,3,3,1,4.00,0
A-cea1f0,2024-04,2024-04-30,0,inactive,0,,0,,0,,,0,0,0,0,0,4,0,0,,1
A-cea1f0,2024-05,2024-05-31,1,inactive,0,,0,,0,,,0,0,0,0,0,2,0,1,,1
A-cea1f0,2024-06,2024-06-30,2,active,3,S-1d69ca,570,Basic,30,False,monthly,1045,0,0,0,0,2,1,0,,1
A-cea1f0,2024-07,2024-07-31,3,active,3,S-1d69ca,570,Basic,30,False,monthly,1045,0,0,0,0,3,2,0,,1
A-cea1f0,2024-08,2024-08-31,4,active,4,S-1d69ca,570,Basic,30,False,monthly,1437,0,0,0,0,2,0,0,,1
A-cea1f0,2024-09,2024-09-30,5,active,4,S-1d69ca,570,Basic,30,False,monthly,1437,0,0,0,0,1,1,1,5.00,1
A-cea1f0,2024-10,2024-10-31,6,active,7,S-691d69,4378,Enterprise,22,False,monthly,6473,0,0,0,0,3,1,1,4.00,1
A-cea1f0,2024-11,2024-11-30,7,active,8,S-691d69,4378,Enterprise,22,False,monthly,6473,0,0,0,0,1,1,0,,1
A-cea1f0,2024-12,2024-12-31,8,active,10,S-691d69,4378,Enterprise,22,False,monthly,12244,0,0,0,0,5,5,0,,1
A-ced9aa,2024-10,2024-10-31,0,active,1,S-81cd46,1194,Enterprise,6,False,annual,1194,0,0,0,0,3,0,0,,0
A-ced9aa,2024-11,2024-11-30,1,active,4,S-81cd46,1194,Enterprise,6,False,annual,1906,361,1,0,0,0,0,0,,0
A-ced9aa,2024-12,2024-12-31,2,active,9,S-81cd46,1194,Enterprise,6,False,annual,4697,1194,1,0,0,2,2,0,,0
A-d26ab4,2024-11,2024-11-30,0,active,6,S-1be5a9,5373,Enterprise,27,False,monthly,6464,882,1,0,0,3,1,0,,1
A-d26ab4,2024-12,2024-12-31,1,active,8,S-86571c,6567,Enterprise,33,False,monthly,15731,0,0,1,1,1,0,0,,1
A-d27f50,2024-07,2024-07-31,0,active,1,S-f84a6f,8756,Enterprise,44,False,monthly,8756,0,0,0,0,2,0,0,,0
A-d27f50,2024-08,2024-08-31,1,active,4,S-f84a6f,8756,Enterprise,44,False,monthly,13923,0,0,0,0,0,0,0,,0
A-d27f50,2024-09,2024-09-30,2,active,4,S-f84a6f,8756,Enterprise,44,False,monthly,13923,0,0,0,0,1,0,0,,0
A-d27f50,2024-10,2024-10-31,3,active,4,S-87ebe6,8756,Enterprise,44,False,monthly,13923,8756,1,0,0,2,0,0,,0
A-d27f50,2024-11,2024-11-30,4,active,5,S-87ebe6,8756,Enterprise,44,False,monthly,13923,0,0,0,0,3,1,0,,0
A-d27f50,2024-12,2024-12-31,5,active,9,S-a918f3,8756,Enterprise,44,False,monthly,25671,10388,2,0,0,2,2,0,,0
A-d3c88e,2024-10,2024-10-31,0,active,3,S-872bdd,3184,Enterprise,16,False,annual,3968,0,0,0,0,4,0,0,,0
A-d3c88e,2024-11,2024-11-30,1,active,6,S-1dfa14,3184,Enterprise,16,False,annual,7936,0,0,1,1,3,1,0,,0
A-d3c88e,2024-12,2024-12-31,2,active,13,S-9d78e2,9353,Enterprise,47,False,monthly,26183,0,0,0,0,3,2,0,,0
A-d40bf7,2024-11,2024-11-30,0,active,3,S-26e8f0,11741,Enterprise,59,False,monthly,24603,0,0,0,0,4,2,1,5.00,0
A-d40bf7,2024-12,2024-12-31,1,active,10,S-388190,11741,Enterprise,59,False,annual,43247,0,0,0,0,0,0,0,,0
A-d42431,2024-06,2024-06-30,0,active,1,S-0a6b6b,418,Basic,22,False,monthly,418,0,0,1,1,1,0,0,,0
A-d42431,2024-07,2024-07-31,1,active,2,S-7b7be8,1729,Basic,91,False,monthly,2147,0,0,0,0,1,0,0,,0
A-d42431,2024-08,2024-08-31,2,active,4,S-5f5b36,4378,Enterprise,22,False,monthly,10903,0,0,0,0,1,0,1,5.00,0
A-d42431,2024-09,2024-09-30,3,active,5,S-5f5b36,4378,Enterprise,22,False,monthly,11321,0,0,0,0,2,1,0,,0
A-d42431,2024-10,2024-10-31,4,active,7,S-19cb09,4378,Enterprise,22,False,monthly,16364,0,0,1,1,1,0,0,,0
A-d42431,2024-11,2024-11-30,5,active,8,S-19cb09,4378,Enterprise,22,False,monthly,16782,0,0,0,0,3,2,0,,0
A-d42431,2024-12,2024-12-31,6,active,8,S-48ce17,4378,Enterprise,22,False,annual,20742,418,1,0,0,2,2,0,,0
A-d49cc5,2023-09,2023-09-30,0,inactive,0,,0,,0,,,0,0,0,0,0,4,0,0,,0
A-d49cc5,2023-10,2023-10-31,1,inactive,0,,0,,0,,,0,0,0,0,0,3,0,0,,0
A-d49cc5,2023-11,2023-11-30,2,inactive,0,,0,,0,,,0,0,0,0,0,0,0,0,,0
A-d49cc5,2023-12,2023-12-31,3,inactive,0,,0,,0,,,0,0,0,0,0,2,0,0,,0
A-d49cc5,2024-01,2024-01-31,4,inactive,0,,0,,0,,,0,0,0,0,0,2,0,0,,0
A-d49cc5,2024-02,2024-02-29,5,active,1,S-101201,950,Basic,50,False,annual,950,0,0,0,0,0,0,0,,0
A-d49cc5,2024-03,2024-03-31,6,active,2,S-6b0a2f,2450,Pro,50,False,annual,3400,0,0,0,0,2,0,0,,0
A-d49cc5,2024-04,2024-04-30,7,active,2,S-6b0a2f,2450,Pro,50,False,annual,3400,0,0,1,1,1,0,1,,0
A-d49cc5,2024-05,2024-05-31,8,active,3,S-aea1bf,2450,Pro,50,False,monthly,5850,0,0,0,0,1,1,1,5.00,0
A-d49cc5,2024-06,2024-06-30,9,active,4,S-aea1bf,2450,Pro,50,False,monthly,6800,0,0,0,0,1,0,0,,0
A-d49cc5,2024-07,2024-07-31,10,active,5,S-aea1bf,2450,Pro,50,False,monthly,7750,0,0,0,0,0,0,1,4.00,0
A-d49cc5,2024-08,2024-08-31,11,active,5,S-aea1bf,2450,Pro,50,False,monthly,7750,0,0,0,0,1,1,0,,0
A-d49cc5,2024-09,2024-09-30,12,active,6,S-aea1bf,2450,Pro,50,False,monthly,8700,0,0,0,0,0,0,0,,0
A-d49cc5,2024-10,2024-10-31,13,active,7,S-d09309,3675,Pro,75,False,monthly,12375,0,0,0,0,2,0,0,,0
A-d49cc5,2024-11,2024-11-30,14,active,7,S-d09309,3675,Pro,75,False,monthly,12375,0,0,0,0,2,2,0,,0
A-d49cc5,2024-12,2024-12-31,15,active,8,S-d09309,3675,Pro,75,False,monthly,13325,0,0,0,0,1,1,1,,0
A-d4ac0e,2024-04,2024-04-30,0,inactive,0,,0,,0,,,0,0,0,0,0,2,0,0,,0
A-d4ac0e,2024-05,2024-05-31,1,active,2,S-f225d0,342,Basic,18,False,annual,342,0,0,0,0,5,0,0,,0
A-d4ac0e,2024-06,2024-06-30,2,active,4,S-375190,1225,Pro,25,False,monthly,2449,0,0,0,0,4,1,1,,0
A-d4ac0e,2024-07,2024-07-31,3,active,6,S-37ed34,3980,Enterprise,20,False,annual,6429,0,0,0,0,3,0,0,,0
A-d4ac0e,2024-08,2024-08-31,4,active,9,S-37ed34,3980,Enterprise,20,False,annual,8166,0,0,0,0,2,0,0,,0
A-d4ac0e,2024-09,2024-09-30,5,active,11,S-37ed34,3980,Enterprise,20,False,annual,9173,0,0,0,0,1,1,1,,0
A-d4ac0e,2024-10,2024-10-31,6,active,16,S-9211e5,5572,Enterprise,28,False,annual,24176,0,0,0,0,4,4,1,3.00,0
A-d4ac0e,2024-11,2024-11-30,7,active,18,S-9211e5,5572,Enterprise,28,False,annual,26675,0,0,0,0,5,3,0,,0
A-d4ac0e,2024-12,2024-12-31,8,active,18,S-9211e5,5572,Enterprise,28,False,annual,27215,342,1,0,0,2,2,0,,0
A-d4e0d4,2024-10,2024-10-31,0,active,4,S-f11653,23283,Enterprise,117,False,annual,54522,0,0,0,0,0,0,0,,0
A-d4e0d4,2024-11,2024-11-30,1,active,8,S-7904d3,23283,Enterprise,117,False,monthly,109044,0,0,0,0,1,1,0,,0
A-d4e0d4,2024-12,2024-12-31,2,active,9,S-61cc6f,23283,Enterprise,117,False,annual,114777,23283,1,0,0,1,1,0,,0
A-d535f6,2024-09,2024-09-30,0,active,3,S-8d516f,2388,Enterprise,12,False,monthly,2616,0,0,0,0,2,0,0,,1
A-d535f6,2024-10,2024-10-31,1,active,4,S-8d516f,2388,Enterprise,12,False,monthly,2616,0,0,1,1,1,0,0,,1
A-d535f6,2024-11,2024-11-30,2,active,6,S-8d516f,2388,Enterprise,12,False,monthly,4230,0,0,1,1,0,0,0,,1
A-d535f6,2024-12,2024-12-31,3,active,9,S-8d516f,2388,Enterprise,12,False,monthly,7415,0,0,0,0,2,2,0,,1
A-d5a319,2023-05,2023-05-31,0,inactive,0,,0,,0,,,0,0,0,0,0,3,0,0,,1
A-d5a319,2023-06,2023-06-30,1,active,1,S-4d260c,0,Pro,15,True,annual,0,0,0,0,0,2,0,0,,1
A-d5a319,2023-07,2023-07-31,2,active,1,S-4d260c,0,Pro,15,True,annual,0,0,0,0,0,1,0,0,,1
A-d5a319,2023-08,2023-08-31,3,active,1,S-4d260c,0,Pro,15,True,annual,0,0,0,0,0,7,1,0,,1
A-d5a319,2023-09,2023-09-30,4,active,2,S-165850,735,Pro,15,False,annual,735,0,0,0,0,2,1,0,,1
A-d5a319,2023-10,2023-10-31,5,active,3,S-165850,735,Pro,15,False,annual,735,0,0,0,0,2,0,0,,1
A-d5a319,2023-11,2023-11-30,6,active,4,S-165850,735,Pro,15,False,annual,1039,0,0,0,0,3,1,0,,1
A-d5a319,2023-12,2023-12-31,7,active,5,S-165850,735,Pro,15,False,annual,1362,0,0,0,0,1,0,0,,1
A-d5a319,2024-01,2024-01-31,8,active,7,S-477317,13930,Enterprise,70,False,annual,15577,0,0,0,0,1,1,0,,1
A-d5a319,2024-02,2024-02-29,9,active,7,S-477317,13930,Enterprise,70,False,annual,15577,0,0,0,0,1,1,0,,1
A-d5a319,2024-03,2024-03-31,10,active,7,S-477317,13930,Enterprise,70,False,annual,15577,0,0,0,0,0,0,0,,1
A-d5a319,2024-04,2024-04-30,11,active,7,S-477317,13930,Enterprise,70,False,annual,15577,0,0,0,0,1,1,0,,1
A-d5a319,2024-05,2024-05-31,12,active,7,S-477317,13930,Enterprise,70,False,annual,15577,0,0,0,0,1,1,0,,1
A-d5a319,2024-06,2024-06-30,13,active,7,S-477317,13930,Enterprise,70,False,annual,15577,0,0,0,0,2,1,0,,1
A-d5a319,2024-07,2024-07-31,14,active,8,S-477317,13930,Enterprise,70,False,annual,18562,0,0,0,0,1,1,0,,1
A-d5a319,2024-08,2024-08-31,15,active,9,S-477317,13930,Enterprise,70,False,annual,19738,0,0,0,0,2,1,0,,1
A-d5a319,2024-09,2024-09-30,16,active,10,S-477317,13930,Enterprise,70,False,annual,25907,0,0,0,0,2,0,1,4.00,1
A-d5a319,2024-10,2024-10-31,17,active,10,S-477317,13930,Enterprise,70,False,annual,25907,0,0,0,0,6,5,0,,1
A-d5a319,2024-11,2024-11-30,18,active,12,S-477317,13930,Enterprise,70,False,annual,37847,0,0,0,0,1,1,0,,1
A-d5a319,2024-12,2024-12-31,19,active,12,S-477317,13930,Enterprise,70,False,annual,37847,0,0,0,0,5,5,0,,1
A-d62e02,2024-08,2024-08-31,0,inactive,0,,0,,0,,,0,0,0,0,0,1,0,0,,0
A-d62e02,2024-09,2024-09-30,1,active,1,S-7b647e,1990,Enterprise,10,False,monthly,1990,0,0,0,0,0,0,0,,0
A-d62e02,2024-10,2024-10-31,2,active,3,S-d56460,3184,Enterprise,16,False,annual,6368,0,0,0,0,4,0,0,,0
A-d62e02,2024-11,2024-11-30,3,active,6,S-99271f,5373,Enterprise,27,False,monthly,15039,0,0,0,0,1,1,0,,0
A-d62e02,2024-12,2024-12-31,4,active,10,S-99271f,5373,Enterprise,27,False,monthly,21324,0,0,0,0,3,3,0,,0
A-d77f4c,2023-09,2023-09-30,0,inactive,0,,0,,0,,,0,0,0,0,0,5,0,0,,0
A-d77f4c,2023-10,2023-10-31,1,active,1,S-5bc71c,152,Basic,8,False,monthly,152,0,0,0,0,2,0,0,,0
A-d77f4c,2023-11,2023-11-30,2,active,2,S-5bc71c,152,Basic,8,False,monthly,152,0,0,0,0,2,0,0,,0
A-d77f4c,2023-12,2023-12-31,3,active,2,S-5bc71c,152,Basic,8,False,monthly,152,0,0,0,0,1,0,0,,0
A-d77f4c,2024-01,2024-01-31,4,active,2,S-5bc71c,152,Basic,8,False,monthly,152,0,0,0,0,5,0,0,,0
A-d77f4c,2024-02,2024-02-29,5,active,2,S-e81358,1421,Pro,29,False,annual,1421,152,1,0,0,3,0,0,,0
A-d77f4c,2024-03,2024-03-31,6,active,4,S-702fe2,2189,Enterprise,11,False,monthly,3904,0,0,0,0,3,0,0,,0
A-d77f4c,2024-04,2024-04-30,7,active,6,S-851bbe,18706,Enterprise,94,False,annual,24202,0,0,0,0,4,2,0,,0
A-d77f4c,2024-05,2024-05-31,8,active,7,S-851bbe,18706,Enterprise,94,False,annual,26789,0,0,0,0,1,1,0,,0
A-d77f4c,2024-06,2024-06-30,9,active,7,S-851bbe,18706,Enterprise,94,False,annual,26789,0,0,0,0,1,0,1,3.00,0
A-d77f4c,2024-07,2024-07-31,10,active,9,S-851bbe,18706,Enterprise,94,False,annual,38077,0,0,0,0,1,1,0,,0
A-d77f4c,2024-08,2024-08-31,11,active,10,S-851bbe,18706,Enterprise,94,False,annual,42455,0,0,1,1,3,1,0,,0
A-d77f4c,2024-09,2024-09-30,12,active,10,S-851bbe,18706,Enterprise,94,False,annual,42455,0,0,0,0,4,3,0,,0
A-d77f4c,2024-10,2024-10-31,13,active,11,S-851bbe,18706,Enterprise,94,False,annual,42607,0,0,1,1,1,1,0,,0
A-d77f4c,2024-11,2024-11-30,14,active,12,S-851bbe,18706,Enterprise,94,False,annual,48378,0,0,0,0,2,1,0,,0
A-d77f4c,2024-12,2024-12-31,15,active,12,S-851bbe,18706,Enterprise,94,False,annual,48378,196,1,1,1,2,2,0,,0
A-d792a6,2023-01,2023-01-31,0,inactive,0,,0,,0,,,0,0,0,0,0,2,0,0,,0
A-d792a6,2023-02,2023-02-28,1,active,2,S-47ce2d,1813,Pro,37,False,monthly,1889,0,0,0,0,2,1,0,,0
A-d792a6,2023-03,2023-03-31,2,active,3,S-47ce2d,1813,Pro,37,False,monthly,1889,0,0,0,0,1,0,1,4.00,0
A-d792a6,2023-04,2023-04-30,3,active,5,S-16cf6a,2388,Enterprise,12,False,annual,4277,0,0,0,0,1,1,0,,0
A-d792a6,2023-05,2023-05-31,4,active,6,S-16cf6a,2388,Enterprise,12,False,annual,6068,0,0,0,0,2,0,0,,0
A-d792a6,2023-06,2023-06-30,5,active,6,S-16cf6a,2388,Enterprise,12,False,annual,6068,0,0,0,0,5,1,0,,0
A-d792a6,2023-07,2023-07-31,6,active,6,S-16cf6a,2388,Enterprise,12,False,annual,6068,0,0,0,0,2,0,0,,0
A-d792a6,2023-08,2023-08-31,7,active,7,S-16cf6a,2388,Enterprise,12,False,annual,6467,0,0,0,0,4,3,0,,0
A-d792a6,2023-09,2023-09-30,8,active,8,S-16cf6a,2388,Enterprise,12,False,annual,6562,0,0,1,1,1,0,0,,0
A-d792a6,2023-10,2023-10-31,9,active,9,S-16cf6a,2388,Enterprise,12,False,annual,7358,0,0,0,0,3,1,0,,0
A-d792a6,2023-11,2023-11-30,10,active,9,S-16cf6a,2388,Enterprise,12,False,annual,7358,0,0,0,0,3,1,1,,0
A-d792a6,2023-12,2023-12-31,11,active,9,S-16cf6a,2388,Enterprise,12,False,annual,7358,0,0,0,0,2,2,0,,0
A-d792a6,2024-01,2024-01-31,12,active,11,S-16cf6a,2388,Enterprise,12,False,annual,9122,0,0,0,0,5,4,0,,0
A-d792a6,2024-02,2024-02-29,13,active,11,S-16cf6a,2388,Enterprise,12,False,annual,9122,0,0,0,0,1,1,1,4.00,0
A-d792a6,2024-03,2024-03-31,14,active,10,S-16cf6a,2388,Enterprise,12,False,annual,9027,95,1,0,0,4,3,0,,0
A-d792a6,2024-04,2024-04-30,15,active,11,S-16cf6a,2388,Enterprise,12,False,annual,9223,0,0,0,0,4,4,0,,0
A-d792a6,2024-05,2024-05-31,16,active,11,S-16cf6a,2388,Enterprise,12,False,annual,9223,0,0,0,0,1,1,0,,0
A-d792a6,2024-06,2024-06-30,17,active,11,S-16cf6a,2388,Enterprise,12,False,annual,9223,0,0,0,0,6,3,0,,0
A-d792a6,2024-07,2024-07-31,18,active,12,S-16cf6a,2388,Enterprise,12,False,annual,10019,0,0,0,0,2,1,0,,0
A-d792a6,2024-08,2024-08-31,19,active,12,S-16cf6a,2388,Enterprise,12,False,annual,10019,0,0,1,1,5,4,0,,0
A-d792a6,2024-09,2024-09-30,20,active,13,S-16cf6a,2388,Enterprise,12,False,annual,10019,0,0,0,0,3,3,0,,0
A-d792a6,2024-10,2024-10-31,21,active,14,S-761a0f,12935,Enterprise,65,False,annual,22954,0,0,0,0,4,4,1,,0
A-d792a6,2024-11,2024-11-30,22,active,14,S-761a0f,12935,Enterprise,65,False,annual,22954,0,0,0,0,1,1,0,,0
A-d792a6,2024-12,2024-12-31,23,active,14,S-761a0f,12935,Enterprise,65,False,annual,22954,0,0,0,0,4,4,1,,0
A-d82ef9,2024-07,2024-07-31,0,active,3,S-25b756,2842,Pro,58,False,annual,3849,0,0,0,0,6,1,0,,1
A-d82ef9,2024-08,2024-08-31,1,active,6,S-1d3a93,5174,Enterprise,26,False,monthly,9023,0,0,1,1,4,1,0,,1
A-d82ef9,2024-09,2024-09-30,2,active,8,S-1d3a93,5174,Enterprise,26,False,monthly,11571,0,0,0,0,6,2,0,,1
A-d82ef9,2024-10,2024-10-31,3,active,11,S-1d3a93,5174,Enterprise,26,False,monthly,13339,0,0,0,0,0,0,1,,1
A-d82ef9,2024-11,2024-11-30,4,active,13,S-1d3a93,5174,Enterprise,26,False,monthly,13320,1007,1,0,0,5,4,0,,1
A-d82ef9,2024-12,2024-12-31,5,active,13,S-1d3a93,5174,Enterprise,26,False,monthly,13320,0,0,0,0,3,3,1,4.00,1
A-d922bf,2023-09,2023-09-30,0,inactive,0,,0,,0,,,0,0,0,0,0,2,0,1,4.00,1
A-d922bf,2023-10,2023-10-31,1,active,1,S-956036,5970,Enterprise,30,False,annual,5970,0,0,0,0,3,1,0,,1
A-d922bf,2023-11,2023-11-30,2,active,2,S-a61485,6368,Enterprise,32,False,monthly,12338,0,0,0,0,0,0,0,,1
A-d922bf,2023-12,2023-12-31,3,active,2,S-a61485,6368,Enterprise,32,False,monthly,12338,0,0,0,0,0,0,0,,1
A-d922bf,2024-01,2024-01-31,4,active,2,S-a61485,6368,Enterprise,32,False,monthly,12338,0,0,0,0,1,0,3,,1
A-d922bf,2024-02,2024-02-29,5,active,3,S-a61485,6368,Enterprise,32,False,monthly,12338,0,0,0,0,3,1,1,3.00,1
A-d922bf,2024-03,2024-03-31,6,active,3,S-a61485,6368,Enterprise,32,False,monthly,12338,0,0,0,0,2,1,0,,1
A-d922bf,2024-04,2024-04-30,7,active,3,S-a61485,6368,Enterprise,32,False,monthly,12338,0,0,0,0,2,2,0,,1
A-d922bf,2024-05,2024-05-31,8,active,3,S-a61485,6368,Enterprise,32,False,monthly,12338,0,0,0,0,1,0,0,,1
A-d922bf,2024-06,2024-06-30,9,active,3,S-a61485,6368,Enterprise,32,False,monthly,12338,0,0,0,0,2,0,0,,1
A-d922bf,2024-07,2024-07-31,10,active,3,S-a61485,6368,Enterprise,32,False,monthly,12338,0,0,0,0,2,1,1,3.00,1
A-d922bf,2024-08,2024-08-31,11,active,5,S-a61485,6368,Enterprise,32,False,monthly,12338,0,0,0,0,0,0,0,,1
A-d922bf,2024-09,2024-09-30,12,active,6,S-a61485,6368,Enterprise,32,False,monthly,15323,0,0,0,0,4,4,0,,1
A-d922bf,2024-10,2024-10-31,13,active,5,S-a61485,6368,Enterprise,32,False,monthly,12338,2985,1,0,0,2,2,0,,1
A-d922bf,2024-11,2024-11-30,14,active,5,S-a61485,6368,Enterprise,32,False,monthly,12338,0,0,0,0,0,0,0,,1
A-d922bf,2024-12,2024-12-31,15,active,6,S-a61485,6368,Enterprise,32,False,monthly,14129,0,0,1,1,3,3,0,,1
A-db5e9e,2024-11,2024-11-30,0,active,2,S-98845b,798,Basic,42,False,annual,969,0,0,0,0,1,0,0,,0
A-db5e9e,2024-12,2024-12-31,1,active,7,S-8eae4e,3184,Enterprise,16,False,monthly,5868,3383,1,1,1,4,3,0,,0
A-dbc825,2024-01,2024-01-31,0,active,2,S-72e73f,3781,Enterprise,19,False,annual,7562,0,0,1,1,2,0,0,,0
A-dbc825,2024-02,2024-02-29,1,active,2,S-72e73f,3781,Enterprise,19,False,annual,7562,0,0,1,1,1,0,0,,0
A-dbc825,2024-03,2024-03-31,2,active,3,S-72e73f,3781,Enterprise,19,False,annual,8493,0,0,0,0,2,1,1,,0
A-dbc825,2024-04,2024-04-30,3,active,6,S-b6ab32,3781,Enterprise,19,False,annual,13566,0,0,0,0,3,0,1,,0
A-dbc825,2024-05,2024-05-31,4,active,8,S-b6ab32,3781,Enterprise,19,False,annual,14858,0,0,0,0,3,1,0,,0
A-dbc825,2024-06,2024-06-30,5,active,9,S-b6ab32,3781,Enterprise,19,False,annual,16473,0,0,0,0,0,0,0,,0
A-dbc825,2024-07,2024-07-31,6,active,13,S-a22ca2,8955,Enterprise,45,False,monthly,30737,0,0,0,0,4,4,0,,0
A-dbc825,2024-08,2024-08-31,7,active,11,S-a22ca2,8955,Enterprise,45,False,monthly,26595,4142,2,0,0,6,5,0,,0
A-dbc825,2024-09,2024-09-30,8,active,11,S-a22ca2,8955,Enterprise,45,False,monthly,26595,0,0,0,0,3,3,1,,0
A-dbc825,2024-10,2024-10-31,9,active,12,S-f99f9e,10945,Enterprise,55,False,monthly,37540,0,0,0,0,5,3,1,5.00,0
A-dbc825,2024-11,2024-11-30,10,active,13,S-f99f9e,10945,Enterprise,55,False,monthly,36647,1615,1,0,0,3,2,0,,0
A-dbc825,2024-12,2024-12-31,11,active,12,S-a22ca2,8955,Enterprise,45,False,monthly,25702,10945,1,0,0,3,2,0,,0
A-dcc2f0,2023-07,2023-07-31,0,inactive,0,,0,,0,,,0,0,0,0,0,6,0,1,,0
A-dcc2f0,2023-08,2023-08-31,1,inactive,0,,0,,0,,,0,0,0,0,0,3,0,0,,0
A-dcc2f0,2023-09,2023-09-30,2,inactive,0,,0,,0,,,0,0,0,0,0,0,0,0,,0
A-dcc2f0,2023-10,2023-10-31,3,active,1,S-c87692,285,Basic,15,False,annual,285,0,0,0,0,0,0,0,,0
A-dcc2f0,2023-11,2023-11-30,4,active,3,S-2d62ad,2985,Enterprise,15,False,monthly,3270,0,0,0,0,4,1,0,,0
A-dcc2f0,2023-12,2023-12-31,5,active,5,S-2d62ad,2985,Enterprise,15,False,monthly,4480,0,0,0,0,2,1,0,,0
A-dcc2f0,2024-01,2024-01-31,6,active,7,S-c1d6cf,3184,Enterprise,16,False,monthly,10649,0,0,0,0,6,2,0,,0
A-dcc2f0,2024-02,2024-02-29,7,active,7,S-c1d6cf,3184,Enterprise,16,False,monthly,10649,0,0,0,0,6,2,0,,0
A-dcc2f0,2024-03,2024-03-31,8,active,8,S-c1d6cf,3184,Enterprise,16,False,monthly,11727,0,0,0,0,4,1,0,,0
A-dcc2f0,2024-04,2024-04-30,9,active,8,S-c1d6cf,3184,Enterprise,16,False,monthly,11727,0,0,1,1,3,0,0,,0
A-dcc2f0,2024-05,2024-05-31,10,active,8,S-c1d6cf,3184,Enterprise,16,False,monthly,11727,0,0,0,0,5,3,1,,0
A-dcc2f0,2024-06,2024-06-30,11,active,8,S-c1d6cf,3184,Enterprise,16,False,monthly,11727,0,0,0,0,2,1,0,,0
A-dcc2f0,2024-07,2024-07-31,12,active,8,S-c1d6cf,3184,Enterprise,16,False,monthly,11727,0,0,0,0,3,2,0,,0
A-dcc2f0,2024-08,2024-08-31,13,active,8,S-c1d6cf,3184,Enterprise,16,False,monthly,11727,0,0,0,0,4,2,0,,0
A-dcc2f0,2024-09,2024-09-30,14,active,10,S-c1d6cf,3184,Enterprise,16,False,monthly,12462,0,0,0,0,3,2,0,,0
A-dcc2f0,2024-10,2024-10-31,15,active,13,S-c1d6cf,3184,Enterprise,16,False,monthly,16467,0,0,0,0,5,5,0,,0
A-dcc2f0,2024-11,2024-11-30,16,active,14,S-c1d6cf,3184,Enterprise,16,False,monthly,16758,735,1,0,0,1,1,0,,0
A-dcc2f0,2024-12,2024-12-31,17,active,14,S-c1d6cf,3184,Enterprise,16,False,monthly,16758,0,0,0,0,1,1,0,,0
A-dcc3f1,2023-12,2023-12-31,0,active,1,S-a45a12,399,Basic,21,False,monthly,399,0,0,0,0,2,0,0,,0
A-dcc3f1,2024-01,2024-01-31,1,active,2,S-1b0848,2499,Pro,51,False,monthly,2898,0,0,0,0,1,0,1,5.00,0
A-dcc3f1,2024-02,2024-02-29,2,active,2,S-1b0848,2499,Pro,51,False,monthly,2898,0,0,0,0,0,0,0,,0
A-dcc3f1,2024-03,2024-03-31,3,active,3,S-1b0848,2499,Pro,51,False,monthly,2898,0,0,0,0,1,0,1,3.00,0
A-dcc3f1,2024-04,2024-04-30,4,active,3,S-1b0848,2499,Pro,51,False,monthly,2898,0,0,0,0,1,0,0,,0
A-dcc3f1,2024-05,2024-05-31,5,active,4,S-1b0848,2499,Pro,51,False,monthly,3392,0,0,0,0,2,1,1,4.00,0
A-dcc3f1,2024-06,2024-06-30,6,active,4,S-1b0848,2499,Pro,51,False,monthly,3392,0,0,0,0,3,1,0,,0
A-dcc3f1,2024-07,2024-07-31,7,active,4,S-1b0848,2499,Pro,51,False,monthly,3392,0,0,1,1,2,2,0,,0
A-dcc3f1,2024-08,2024-08-31,8,active,5,S-4d9635,4378,Enterprise,22,False,annual,7770,0,0,0,0,2,1,4,3.00,0
A-dcc3f1,2024-09,2024-09-30,9,active,5,S-4d9635,4378,Enterprise,22,False,annual,7770,0,0,0,0,1,1,0,,0
A-dcc3f1,2024-10,2024-10-31,10,active,7,S-4d9635,4378,Enterprise,22,False,annual,12348,0,0,1,1,1,1,0,,0
A-dcc3f1,2024-11,2024-11-30,11,active,8,S-4d9635,4378,Enterprise,22,False,annual,12747,0,0,0,0,4,4,0,,0
A-dcc3f1,2024-12,2024-12-31,12,active,8,S-4d9635,4378,Enterprise,22,False,annual,12747,0,0,0,0,2,2,0,,0
A-de24d5,2024-11,2024-11-30,0,active,5,S-e43d0d,7363,Enterprise,37,False,annual,13214,0,0,0,0,3,1,1,,0
A-de24d5,2024-12,2024-12-31,1,active,12,S-e43d0d,7363,Enterprise,37,False,annual,17554,3773,1,0,0,0,0,0,,0
A-de58ca,2023-04,2023-04-30,0,active,1,S-c64b73,735,Pro,15,False,annual,735,0,0,0,0,0,0,0,,0
A-de58ca,2023-05,2023-05-31,1,active,2,S-c64b73,735,Pro,15,False,annual,735,0,0,0,0,2,0,1,3.00,0
A-de58ca,2023-06,2023-06-30,2,active,2,S-c64b73,735,Pro,15,False,annual,735,0,0,0,0,2,0,0,,0
A-de58ca,2023-07,2023-07-31,3,active,4,S-c64b73,735,Pro,15,False,annual,1020,0,0,0,0,2,0,0,,0
A-de58ca,2023-08,2023-08-31,4,active,4,S-c64b73,735,Pro,15,False,annual,1020,0,0,0,0,1,0,0,,0
A-de58ca,2023-09,2023-09-30,5,active,5,S-08e560,735,Pro,15,False,monthly,1755,0,0,0,0,1,0,0,,0
A-de58ca,2023-10,2023-10-31,6,active,6,S-ec8b34,12338,Enterprise,62,False,annual,14093,0,0,0,0,4,2,0,,0
A-de58ca,2023-11,2023-11-30,7,active,6,S-ec8b34,12338,Enterprise,62,False,annual,14093,0,0,0,0,5,3,0,,0
A-de58ca,2023-12,2023-12-31,8,active,7,S-ec8b34,12338,Enterprise,62,False,annual,14986,0,0,0,0,3,3,2,,0
A-de58ca,2024-01,2024-01-31,9,active,7,S-ec8b34,12338,Enterprise,62,False,annual,14986,735,1,0,0,2,1,0,,0
A-de58ca,2024-02,2024-02-29,10,active,7,S-ec8b34,12338,Enterprise,62,False,annual,14986,0,0,0,0,1,1,0,,0
A-de58ca,2024-03,2024-03-31,11,active,7,S-ec8b34,12338,Enterprise,62,False,annual,14986,0,0,0,0,1,0,0,,0
A-de58ca,2024-04,2024-04-30,12,active,7,S-ec8b34,12338,Enterprise,62,False,annual,14986,0,0,0,0,1,0,0,,0
A-de58ca,2024-05,2024-05-31,13,active,7,S-ec8b34,12338,Enterprise,62,False,annual,14986,0,0,0,0,2,1,0,,0
A-de58ca,2024-06,2024-06-30,14,active,8,S-ec8b34,12338,Enterprise,62,False,annual,15721,0,0,0,0,2,2,0,,0
A-de58ca,2024-07,2024-07-31,15,active,8,S-ec8b34,12338,Enterprise,62,False,annual,15721,0,0,0,0,2,2,0,,0
A-de58ca,2024-08,2024-08-31,16,active,9,S-ec8b34,12338,Enterprise,62,False,annual,16006,0,0,0,0,2,1,0,,0
A-de58ca,2024-09,2024-09-30,17,active,10,S-ec8b34,12338,Enterprise,62,False,annual,23170,0,0,0,0,1,1,1,3.00,0
A-de58ca,2024-10,2024-10-31,18,active,10,S-ec8b34,12338,Enterprise,62,False,annual,23170,0,0,0,0,2,2,0,,0
A-de58ca,2024-11,2024-11-30,19,active,9,S-ec8b34,12338,Enterprise,62,False,annual,22277,893,1,0,0,1,1,1,4.00,0
A-de58ca,2024-12,2024-12-31,20,active,9,S-ec8b34,12338,Enterprise,62,False,annual,22277,0,0,0,0,1,1,0,,0
A-dec005,2023-10,2023-10-31,0,active,1,S-c26c22,0,Basic,21,True,annual,0,0,0,0,0,2,0,1,3.00,0
A-dec005,2023-11,2023-11-30,1,active,1,S-c26c22,0,Basic,21,True,annual,0,0,0,0,0,3,1,0,,0
A-dec005,2023-12,2023-12-31,2,active,2,S-f8a794,6169,Enterprise,31,False,monthly,6169,0,0,0,0,1,0,0,,0
A-dec005,2024-01,2024-01-31,3,active,2,S-f8a794,6169,Enterprise,31,False,monthly,6169,0,0,0,0,4,0,0,,0
A-dec005,2024-02,2024-02-29,4,active,2,S-f8a794,6169,Enterprise,31,False,monthly,6169,0,0,0,0,1,1,0,,0
A-dec005,2024-03,2024-03-31,5,active,4,S-f8a794,6169,Enterprise,31,False,monthly,10348,0,0,0,0,2,1,0,,0
A-dec005,2024-04,2024-04-30,6,active,4,S-f8a794,6169,Enterprise,31,False,monthly,10348,0,0,0,0,4,1,0,,0
A-dec005,2024-05,2024-05-31,7,active,4,S-f8a794,6169,Enterprise,31,False,monthly,10348,0,0,0,0,2,0,0,,0
A-dec005,2024-06,2024-06-30,8,active,4,S-f8a794,6169,Enterprise,31,False,monthly,10348,0,0,0,0,3,1,0,,0
A-dec005,2024-07,2024-07-31,9,active,4,S-f8a794,6169,Enterprise,31,False,monthly,10348,0,0,0,0,1,1,0,,0
A-dec005,2024-08,2024-08-31,10,active,6,S-f8a794,6169,Enterprise,31,False,monthly,15021,0,0,0,0,3,2,0,,0
A-dec005,2024-09,2024-09-30,11,active,8,S-f8a794,6169,Enterprise,31,False,monthly,19599,0,0,0,0,3,1,0,,0
A-dec005,2024-10,2024-10-31,12,active,8,S-f8a794,6169,Enterprise,31,False,monthly,19599,0,0,0,0,4,3,0,,0
A-dec005,2024-11,2024-11-30,13,active,10,S-8fd696,10746,Enterprise,54,False,annual,30744,0,0,1,1,2,2,0,,0
A-dec005,2024-12,2024-12-31,14,active,9,S-f8a794,6169,Enterprise,31,False,monthly,19998,10746,1,0,0,3,3,0,,0
A-df10db,2023-06,2023-06-30,0,inactive,0,,0,,0,,,0,0,0,0,0,2,0,0,,0
A-df10db,2023-07,2023-07-31,1,inactive,0,,0,,0,,,0,0,0,0,0,3,0,0,,0
A-df10db,2023-08,2023-08-31,2,active,1,S-52699f,266,Basic,14,False,monthly,266,0,0,0,0,3,0,0,,0
A-df10db,2023-09,2023-09-30,3,active,3,S-611bf8,398,Enterprise,2,False,annual,702,0,0,0,0,4,0,0,,0
A-df10db,2023-10,2023-10-31,4,active,4,S-611bf8,398,Enterprise,2,False,annual,835,0,0,0,0,1,0,0,,0
A-df10db,2023-11,2023-11-30,5,active,4,S-611bf8,398,Enterprise,2,False,annual,835,0,0,0,0,3,0,0,,0
A-df10db,2023-12,2023-12-31,6,active,5,S-611bf8,398,Enterprise,2,False,annual,1178,0,0,0,0,2,1,1,3.00,0
A-df10db,2024-01,2024-01-31,7,active,5,S-611bf8,398,Enterprise,2,False,annual,1178,0,0,0,0,3,0,0,,0
A-df10db,2024-02,2024-02-29,8,active,5,S-611bf8,398,Enterprise,2,False,annual,1178,0,0,0,0,1,1,0,,0
A-df10db,2024-03,2024-03-31,9,active,5,S-611bf8,398,Enterprise,2,False,annual,1178,0,0,0,0,1,1,0,,0
A-df10db,2024-04,2024-04-30,10,active,5,S-611bf8,398,Enterprise,2,False,annual,1178,0,0,0,0,0,0,0,,0
A-df10db,2024-05,2024-05-31,11,active,7,S-5e8d9f,6567,Enterprise,33,False,annual,9019,0,0,1,1,3,2,0,,0
A-df10db,2024-06,2024-06-30,12,active,8,S-5e8d9f,6567,Enterprise,33,False,annual,9076,0,0,0,0,1,1,0,,0
A-df10db,2024-07,2024-07-31,13,active,9,S-5e8d9f,6567,Enterprise,33,False,annual,9076,0,0,1,1,7,7,0,,0
A-df10db,2024-08,2024-08-31,14,active,9,S-5e8d9f,6567,Enterprise,33,False,annual,9076,0,0,0,0,2,2,0,,0
A-df10db,2024-09,2024-09-30,15,active,10,S-5e8d9f,6567,Enterprise,33,False,annual,9342,0,0,0,0,4,4,1,3.00,0
A-df10db,2024-10,2024-10-31,16,active,11,S-5e8d9f,6567,Enterprise,33,False,annual,11730,0,0,0,0,3,3,0,,0
A-df10db,2024-11,2024-11-30,17,active,11,S-5e8d9f,6567,Enterprise,33,False,annual,11730,0,0,0,0,2,2,0,,0
A-df10db,2024-12,2024-12-31,18,active,10,S-5e8d9f,6567,Enterprise,33,False,annual,11464,266,1,0,0,3,2,0,,0
A-df1e44,2024-02,2024-02-29,0,inactive,0,,0,,0,,,0,0,0,0,0,1,0,0,,0
A-df1e44,2024-03,2024-03-31,1,active,1,S-2756ac,0,Enterprise,39,True,monthly,0,0,0,0,0,1,0,0,,0
A-df1e44,2024-04,2024-04-30,2,active,2,S-ff109c,588,Pro,12,False,annual,588,0,0,0,0,1,0,0,,0
A-df1e44,2024-05,2024-05-31,3,active,3,S-70ae65,3087,Pro,63,False,monthly,3675,0,0,0,0,2,0,0,,0
A-df1e44,2024-06,2024-06-30,4,active,6,S-70ae65,3087,Pro,63,False,monthly,4491,0,0,0,0,2,2,0,,0
A-df1e44,2024-07,2024-07-31,5,active,6,S-70ae65,3087,Pro,63,False,monthly,4491,0,0,0,0,2,2,0,,0
A-df1e44,2024-08,2024-08-31,6,active,7,S-70ae65,3087,Pro,63,False,monthly,6879,0,0,0,0,2,2,0,,0
A-df1e44,2024-09,2024-09-30,7,active,8,S-70ae65,3087,Pro,63,False,monthly,9267,0,0,0,0,1,0,0,,0
A-df1e44,2024-10,2024-10-31,8,active,9,S-70ae65,3087,Pro,63,False,monthly,11854,0,0,1,1,0,0,0,,0
A-df1e44,2024-11,2024-11-30,9,active,9,S-70ae65,3087,Pro,63,False,monthly,11854,0,0,1,1,4,4,1,,0
A-df1e44,2024-12,2024-12-31,10,active,10,S-70ae65,3087,Pro,63,False,monthly,10719,2388,1,0,0,2,2,0,,0
A-dfbd31,2023-12,2023-12-31,0,active,2,S-23a6c5,0,Enterprise,24,True,monthly,0,0,0,0,0,1,0,0,,0
A-dfbd31,2024-01,2024-01-31,1,active,2,S-23a6c5,0,Enterprise,24,True,monthly,0,0,0,1,1,4,0,1,5.00,0
A-dfbd31,2024-02,2024-02-29,2,active,3,S-8b0950,2786,Enterprise,14,False,monthly,2786,0,0,0,0,2,0,0,,0
A-dfbd31,2024-03,2024-03-31,3,active,3,S-8b0950,2786,Enterprise,14,False,monthly,2786,0,0,0,0,4,0,1,4.00,0
A-dfbd31,2024-04,2024-04-30,4,active,5,S-8b0950,2786,Enterprise,14,False,monthly,3885,0,0,0,0,2,0,0,,0
A-dfbd31,2024-05,2024-05-31,5,active,5,S-8b0950,2786,Enterprise,14,False,monthly,3885,0,0,0,0,0,0,0,,0
A-dfbd31,2024-06,2024-06-30,6,active,6,S-8b0950,2786,Enterprise,14,False,monthly,3885,0,0,0,0,1,1,0,,0
A-dfbd31,2024-07,2024-07-31,7,active,7,S-8b0950,2786,Enterprise,14,False,monthly,4571,0,0,0,0,1,1,0,,0
A-dfbd31,2024-08,2024-08-31,8,active,8,S-8b0950,2786,Enterprise,14,False,monthly,5027,0,0,0,0,3,2,0,,0
A-dfbd31,2024-09,2024-09-30,9,active,9,S-8b0950,2786,Enterprise,14,False,monthly,7134,0,0,0,0,6,4,0,,0
A-dfbd31,2024-10,2024-10-31,10,active,11,S-1cebf9,2940,Pro,60,False,annual,10760,0,0,0,0,3,3,1,,0
A-dfbd31,2024-11,2024-11-30,11,active,12,S-163e64,12338,Enterprise,62,False,monthly,23098,0,0,0,0,0,0,0,,0
A-dfbd31,2024-12,2024-12-31,12,active,14,S-163e64,12338,Enterprise,62,False,monthly,25079,0,0,1,1,2,2,0,,0
A-e08cd3,2024-09,2024-09-30,0,active,1,S-dc6dfd,3283,Pro,67,False,monthly,3283,0,0,1,1,0,0,0,,0
A-e08cd3,2024-10,2024-10-31,1,active,6,S-a44d30,13333,Enterprise,67,False,monthly,49848,0,0,0,0,3,3,0,,0
A-e08cd3,2024-11,2024-11-30,2,active,8,S-16f4a2,13333,Enterprise,67,False,annual,66464,0,0,0,0,0,0,0,,0
A-e08cd3,2024-12,2024-12-31,3,active,10,S-16f4a2,13333,Enterprise,67,False,annual,67737,3283,1,1,1,5,4,2,4.00,0
A-e1462e,2023-03,2023-03-31,0,inactive,0,,0,,0,,,0,0,0,0,0,3,0,0,,0
A-e1462e,2023-04,2023-04-30,1,active,1,S-302119,2985,Enterprise,15,False,monthly,2985,0,0,0,0,1,0,1,4.00,0
A-e1462e,2023-05,2023-05-31,2,active,1,S-302119,2985,Enterprise,15,False,monthly,2985,0,0,0,0,0,0,0,,0
A-e1462e,2023-06,2023-06-30,3,active,1,S-302119,2985,Enterprise,15,False,monthly,2985,0,0,0,0,1,0,0,,0
A-e1462e,2023-07,2023-07-31,4,active,3,S-302119,2985,Enterprise,15,False,monthly,3720,0,0,0,0,0,0,0,,0
A-e1462e,2023-08,2023-08-31,5,active,3,S-302119,2985,Enterprise,15,False,monthly,3720,0,0,0,0,4,1,0,,0
A-e1462e,2023-09,2023-09-30,6,active,3,S-302119,2985,Enterprise,15,False,monthly,3720,0,0,0,0,0,0,0,,0
A-e1462e,2023-10,2023-10-31,7,active,3,S-302119,2985,Enterprise,15,False,monthly,3720,0,0,1,1,0,0,0,,0
A-e1462e,2023-11,2023-11-30,8,active,3,S-302119,2985,Enterprise,15,False,monthly,3720,0,0,0,0,2,1,0,,0
A-e1462e,2023-12,2023-12-31,9,active,4,S-83f2e5,5771,Enterprise,29,False,monthly,9491,0,0,0,0,1,1,0,,0
A-e1462e,2024-01,2024-01-31,10,active,4,S-83f2e5,5771,Enterprise,29,False,monthly,9491,0,0,0,0,0,0,0,,0
A-e1462e,2024-02,2024-02-29,11,active,4,S-83f2e5,5771,Enterprise,29,False,monthly,9491,0,0,0,0,4,2,0,,0
A-e1462e,2024-03,2024-03-31,12,active,4,S-83f2e5,5771,Enterprise,29,False,monthly,9491,0,0,0,0,1,0,0,,0
A-e1462e,2024-04,2024-04-30,13,active,4,S-83f2e5,5771,Enterprise,29,False,monthly,9491,0,0,0,0,4,3,0,,0
A-e1462e,2024-05,2024-05-31,14,active,4,S-83f2e5,5771,Enterprise,29,False,monthly,9491,0,0,0,0,1,0,0,,0
A-e1462e,2024-06,2024-06-30,15,active,4,S-83f2e5,5771,Enterprise,29,False,monthly,9491,0,0,0,0,2,2,0,,0
A-e1462e,2024-07,2024-07-31,16,active,5,S-83f2e5,5771,Enterprise,29,False,monthly,11745,0,0,0,0,2,1,0,,0
A-e1462e,2024-08,2024-08-31,17,active,5,S-83f2e5,5771,Enterprise,29,False,monthly,11745,0,0,0,0,2,2,1,3.00,0
A-e1462e,2024-09,2024-09-30,18,active,5,S-83f2e5,5771,Enterprise,29,False,monthly,11745,0,0,0,0,1,1,0,,0
A-e1462e,2024-10,2024-10-31,19,active,6,S-83f2e5,5771,Enterprise,29,False,monthly,11745,0,0,0,0,2,2,0,,0
A-e1462e,2024-11,2024-11-30,20,active,7,S-83f2e5,5771,Enterprise,29,False,monthly,12030,0,0,0,0,1,1,0,,0
A-e1462e,2024-12,2024-12-31,21,active,7,S-83f2e5,5771,Enterprise,29,False,monthly,12030,0,0,1,1,0,0,0,,0
A-e19ff6,2023-07,2023-07-31,0,inactive,0,,0,,0,,,0,0,0,0,0,2,0,0,,0
A-e19ff6,2023-08,2023-08-31,1,active,1,S-b559da,152,Basic,8,False,annual,152,0,0,0,0,5,0,0,,0
A-e19ff6,2023-09,2023-09-30,2,active,1,S-b559da,152,Basic,8,False,annual,152,0,0,0,0,3,0,0,,0
A-e19ff6,2023-10,2023-10-31,3,active,2,S-bb82ac,722,Basic,38,False,annual,874,0,0,0,0,2,0,0,,0
A-e19ff6,2023-11,2023-11-30,4,active,2,S-bb82ac,722,Basic,38,False,annual,874,0,0,0,0,2,0,0,,0
A-e19ff6,2023-12,2023-12-31,5,active,2,S-bb82ac,722,Basic,38,False,annual,874,0,0,0,0,3,0,0,,0
A-e19ff6,2024-01,2024-01-31,6,active,2,S-bb82ac,722,Basic,38,False,annual,874,0,0,1,1,1,0,1,5.00,0
A-e19ff6,2024-02,2024-02-29,7,active,2,S-bb82ac,722,Basic,38,False,annual,874,0,0,0,0,3,1,0,,0
A-e19ff6,2024-03,2024-03-31,8,active,4,S-bb82ac,722,Basic,38,False,annual,1266,0,0,0,0,0,0,0,,0
A-e19ff6,2024-04,2024-04-30,9,active,4,S-bb82ac,722,Basic,38,False,annual,1266,0,0,1,1,0,0,0,,0
A-e19ff6,2024-05,2024-05-31,10,active,4,S-bb82ac,722,Basic,38,False,annual,1266,0,0,0,0,3,0,0,,0
A-e19ff6,2024-06,2024-06-30,11,active,6,S-bb82ac,722,Basic,38,False,annual,1334,0,0,1,1,1,1,0,,0
A-e19ff6,2024-07,2024-07-31,12,active,7,S-bb82ac,722,Basic,38,False,annual,1676,0,0,0,0,2,1,0,,0
A-e19ff6,2024-08,2024-08-31,13,active,9,S-bb82ac,722,Basic,38,False,annual,1676,0,0,0,0,5,3,0,,0
A-e19ff6,2024-09,2024-09-30,14,active,9,S-bb82ac,722,Basic,38,False,annual,1676,0,0,0,0,1,1,0,,0
A-e19ff6,2024-10,2024-10-31,15,active,12,S-fcbe5a,1960,Pro,40,False,annual,4910,0,0,0,0,1,1,0,,0
A-e19ff6,2024-11,2024-11-30,16,active,12,S-fcbe5a,1960,Pro,40,False,annual,4910,0,0,0,0,2,2,0,,0
A-e19ff6,2024-12,2024-12-31,17,active,12,S-fcbe5a,1960,Pro,40,False,annual,4910,0,0,0,0,1,1,0,,0
A-e1b9cd,2023-02,2023-02-28,0,inactive,0,,0,,0,,,0,0,0,0,0,4,0,0,,1
A-e1b9cd,2023-03,2023-03-31,1,active,1,S-30fa6f,1960,Pro,40,False,monthly,1960,0,0,0,0,2,0,0,,1
A-e1b9cd,2023-04,2023-04-30,2,active,1,S-30fa6f,1960,Pro,40,False,monthly,1960,0,0,0,0,4,0,0,,1
A-e1b9cd,2023-05,2023-05-31,3,active,3,S-ed2593,4900,Pro,100,False,monthly,7620,0,0,0,0,6,0,0,,1
A-e1b9cd,2023-06,2023-06-30,4,active,3,S-ed2593,4900,Pro,100,False,monthly,7620,0,0,0,0,2,0,1,3.00,1
A-e1b9cd,2023-07,2023-07-31,5,active,3,S-ed2593,4900,Pro,100,False,monthly,7620,0,0,0,0,2,0,0,,1
A-e1b9cd,2023-08,2023-08-31,6,active,3,S-ed2593,4900,Pro,100,False,monthly,7620,0,0,0,0,1,0,0,,1
A-e1b9cd,2023-09,2023-09-30,7,active,3,S-ed2593,4900,Pro,100,False,monthly,7620,0,0,0,0,8,4,0,,1
A-e1b9cd,2023-10,2023-10-31,8,active,3,S-ed2593,4900,Pro,100,False,monthly,7620,0,0,0,0,5,1,0,,1
A-e1b9cd,2023-11,2023-11-30,9,active,6,S-b04b73,7960,Enterprise,40,False,monthly,21362,0,0,0,0,2,0,0,,1
A-e1b9cd,2023-12,2023-12-31,10,active,6,S-b04b73,7960,Enterprise,40,False,monthly,21362,0,0,0,0,2,0,0,,1
A-e1b9cd,2024-01,2024-01-31,11,active,8,S-b04b73,7960,Enterprise,40,False,monthly,22882,0,0,0,0,1,1,0,,1
A-e1b9cd,2024-02,2024-02-29,12,active,9,S-a14f63,7960,Enterprise,40,False,monthly,30842,0,0,0,0,6,3,0,,1
A-e1b9cd,2024-03,2024-03-31,13,active,10,S-a14f63,7960,Enterprise,40,False,monthly,31602,0,0,0,0,6,5,0,,1
A-e1b9cd,2024-04,2024-04-30,14,active,10,S-a14f63,7960,Enterprise,40,False,monthly,31602,0,0,0,0,3,2,0,,1
A-e1b9cd,2024-05,2024-05-31,15,active,11,S-a14f63,7960,Enterprise,40,False,monthly,32362,0,0,0,0,2,1,0,,1
A-e1b9cd,2024-06,2024-06-30,16,active,10,S-a14f63,7960,Enterprise,40,False,monthly,24402,7960,1,0,0,5,3,0,,1
A-e1b9cd,2024-07,2024-07-31,17,active,10,S-a14f63,7960,Enterprise,40,False,monthly,24402,0,0,0,0,3,2,0,,1
A-e1b9cd,2024-08,2024-08-31,18,active,9,S-a14f63,7960,Enterprise,40,False,monthly,23642,760,1,0,0,4,1,0,,1
A-e1b9cd,2024-09,2024-09-30,19,active,11,S-a14f63,7960,Enterprise,40,False,monthly,24402,0,0,0,0,7,3,0,,1
A-e1b9cd,2024-10,2024-10-31,20,active,11,S-a14f63,7960,Enterprise,40,False,monthly,24402,0,0,1,1,0,0,0,,1
A-e1b9cd,2024-11,2024-11-30,21,active,11,S-a14f63,7960,Enterprise,40,False,monthly,24402,0,0,0,0,3,2,0,,1
A-e1b9cd,2024-12,2024-12-31,22,active,12,S-a14f63,7960,Enterprise,40,False,monthly,26362,1960,1,0,0,1,1,0,,1
A-e2cd1b,2024-02,2024-02-29,0,active,1,S-3e24ed,836,Basic,44,False,monthly,836,0,0,0,0,5,2,0,,0
A-e2cd1b,2024-03,2024-03-31,1,active,1,S-3e24ed,836,Basic,44,False,monthly,836,0,0,0,0,2,0,0,,0
A-e2cd1b,2024-04,2024-04-30,2,active,2,S-3e24ed,836,Basic,44,False,monthly,1571,0,0,0,0,1,0,0,,0
A-e2cd1b,2024-05,2024-05-31,3,active,3,S-e090ae,2985,Enterprise,15,False,annual,4556,0,0,0,0,3,2,0,,0
A-e2cd1b,2024-06,2024-06-30,4,active,4,S-e090ae,2985,Enterprise,15,False,annual,4556,0,0,0,0,2,0,0,,0
A-e2cd1b,2024-07,2024-07-31,5,active,5,S-e090ae,2985,Enterprise,15,False,annual,6761,0,0,0,0,1,0,1,5.00,0
A-e2cd1b,2024-08,2024-08-31,6,active,5,S-e090ae,2985,Enterprise,15,False,annual,6761,0,0,0,0,4,2,0,,0
A-e2cd1b,2024-09,2024-09-30,7,active,5,S-e090ae,2985,Enterprise,15,False,annual,6761,0,0,0,0,1,1,0,,0
A-e2cd1b,2024-10,2024-10-31,8,active,6,S-e090ae,2985,Enterprise,15,False,annual,6761,0,0,0,0,3,2,0,,0
A-e2cd1b,2024-11,2024-11-30,9,active,7,S-e090ae,2985,Enterprise,15,False,annual,7103,0,0,0,0,1,1,0,,0
A-e2cd1b,2024-12,2024-12-31,10,active,9,S-3f18be,3184,Enterprise,16,False,annual,12548,0,0,0,0,3,3,0,,0
A-e351e1,2024-09,2024-09-30,0,active,1,S-dfe952,627,Basic,33,False,monthly,627,0,0,0,0,1,0,0,,0
A-e351e1,2024-10,2024-10-31,1,active,3,S-808668,1617,Pro,33,False,monthly,2871,0,0,1,2,3,0,1,4.00,0
A-e351e1,2024-11,2024-11-30,2,active,4,S-808668,1617,Pro,33,False,monthly,2871,0,0,0,0,1,1,0,,0
A-e351e1,2024-12,2024-12-31,3,active,4,S-808668,1617,Pro,33,False,monthly,2871,627,1,1,1,2,1,1,3.00,0
A-e36807,2024-05,2024-05-31,0,inactive,0,,0,,0,,,0,0,0,0,0,4,0,1,4.00,0
A-e36807,2024-06,2024-06-30,1,active,2,S-904886,1862,Pro,38,False,annual,3401,0,0,0,0,2,0,0,,0
A-e36807,2024-07,2024-07-31,2,active,4,S-6f43f7,2786,Enterprise,14,False,annual,6187,0,0,0,0,1,0,0,,0
A-e36807,2024-08,2024-08-31,3,active,3,S-6f43f7,2786,Enterprise,14,False,annual,4325,1862,1,0,0,1,0,0,,0
A-e36807,2024-09,2024-09-30,4,active,5,S-6f43f7,2786,Enterprise,14,False,annual,4933,0,0,0,0,1,1,1,5.00,0
A-e36807,2024-10,2024-10-31,5,active,6,S-6f43f7,2786,Enterprise,14,False,annual,4933,0,0,0,0,5,4,0,,0
A-e36807,2024-11,2024-11-30,6,active,7,S-683c6b,2786,Enterprise,14,False,annual,7719,0,0,0,0,3,2,0,,0
A-e36807,2024-12,2024-12-31,7,active,9,S-683c6b,2786,Enterprise,14,False,annual,10707,0,0,0,0,2,2,0,,0
A-e3bd71,2023-03,2023-03-31,0,inactive,0,,0,,0,,,0,0,0,0,0,3,0,0,,0
A-e3bd71,2023-04,2023-04-30,1,active,1,S-a09141,6169,Enterprise,31,False,annual,6169,0,0,0,0,1,0,0,,0
A-e3bd71,2023-05,2023-05-31,2,active,1,S-a09141,6169,Enterprise,31,False,annual,6169,0,0,0,0,4,0,0,,0
A-e3bd71,2023-06,2023-06-30,3,active,1,S-a09141,6169,Enterprise,31,False,annual,6169,0,0,0,0,3,0,1,,0
A-e3bd71,2023-07,2023-07-31,4,active,1,S-a09141,6169,Enterprise,31,False,annual,6169,0,0,0,0,4,1,0,,0
A-e3bd71,2023-08,2023-08-31,5,active,1,S-a09141,6169,Enterprise,31,False,annual,6169,0,0,0,0,0,0,0,,0
A-e3bd71,2023-09,2023-09-30,6,active,1,S-a09141,6169,Enterprise,31,False,annual,6169,0,0,0,0,2,1,0,,0
A-e3bd71,2023-10,2023-10-31,7,active,1,S-a09141,6169,Enterprise,31,False,annual,6169,0,0,0,0,2,0,0,,0
A-e3bd71,2023-11,2023-11-30,8,active,1,S-a09141,6169,Enterprise,31,False,annual,6169,0,0,0,0,3,0,2,4.00,0
A-e3bd71,2023-12,2023-12-31,9,active,1,S-a09141,6169,Enterprise,31,False,annual,6169,0,0,1,1,2,0,0,,0
A-e3bd71,2024-01,2024-01-31,10,active,2,S-a09141,6169,Enterprise,31,False,annual,6758,0,0,0,0,4,0,1,,0
A-e3bd71,2024-02,2024-02-29,11,active,4,S-88c79e,6169,Enterprise,31,False,monthly,19096,0,0,0,0,1,0,0,,0
A-e3bd71,2024-03,2024-03-31,12,active,7,S-752e61,6169,Enterprise,31,False,monthly,31434,0,0,0,0,3,2,0,,0
A-e3bd71,2024-04,2024-04-30,13,active,6,S-752e61,6169,Enterprise,31,False,monthly,25265,6169,1,0,0,1,0,0,,0
A-e3bd71,2024-05,2024-05-31,14,active,6,S-752e61,6169,Enterprise,31,False,monthly,25265,0,0,0,0,3,2,0,,0
A-e3bd71,2024-06,2024-06-30,15,active,8,S-752e61,6169,Enterprise,31,False,monthly,27773,0,0,0,0,2,1,0,,0
A-e3bd71,2024-07,2024-07-31,16,active,8,S-752e61,6169,Enterprise,31,False,monthly,27773,0,0,0,0,2,2,0,,0
A-e3bd71,2024-08,2024-08-31,17,active,8,S-752e61,6169,Enterprise,31,False,monthly,27773,0,0,0,0,2,2,0,,0
A-e3bd71,2024-09,2024-09-30,18,active,8,S-752e61,6169,Enterprise,31,False,monthly,27773,0,0,0,0,2,1,0,,0
A-e3bd71,2024-10,2024-10-31,19,active,9,S-de6767,6169,Enterprise,31,False,annual,33942,0,0,0,0,4,3,0,,0
A-e3bd71,2024-11,2024-11-30,20,active,9,S-de6767,6169,Enterprise,31,False,annual,33942,0,0,0,0,7,7,0,,0
A-e3bd71,2024-12,2024-12-31,21,active,10,S-de6767,6169,Enterprise,31,False,annual,35461,0,0,0,0,1,1,0,,0
A-e40f45,2024-04,2024-04-30,0,inactive,0,,0,,0,,,0,0,0,0,0,2,0,0,,0
A-e40f45,2024-05,2024-05-31,1,active,3,S-5313fa,4179,Enterprise,21,False,monthly,6848,0,0,0,0,2,0,0,,0
A-e40f45,2024-06,2024-06-30,2,active,4,S-5313fa,4179,Enterprise,21,False,monthly,7247,0,0,0,0,2,1,0,,0
A-e40f45,2024-07,2024-07-31,3,active,4,S-5313fa,4179,Enterprise,21,False,monthly,7247,0,0,0,0,1,0,1,,0
A-e40f45,2024-08,2024-08-31,4,active,6,S-e9e03c,4179,Enterprise,21,False,monthly,11426,0,0,0,0,1,0,0,,0
A-e40f45,2024-09,2024-09-30,5,active,6,S-e9e03c,4179,Enterprise,21,False,monthly,11426,0,0,0,0,1,1,0,,0
A-e40f45,2024-10,2024-10-31,6,active,6,S-e9e03c,4179,Enterprise,21,False,monthly,11426,0,0,0,0,2,2,0,,0
A-e40f45,2024-11,2024-11-30,7,active,7,S-e9e03c,4179,Enterprise,21,False,monthly,11825,0,0,1,1,3,1,0,,0
A-e40f45,2024-12,2024-12-31,8,active,6,S-e9e03c,4179,Enterprise,21,False,monthly,11426,399,1,0,0,5,5,0,,0
A-e4144b,2024-10,2024-10-31,0,inactive,0,,0,,0,,,0,0,0,0,0,3,0,0,,0
A-e4144b,2024-11,2024-11-30,1,active,4,S-d425c9,8159,Enterprise,41,False,annual,16318,0,0,0,0,2,0,0,,0
A-e4144b,2024-12,2024-12-31,2,active,10,S-35c8a3,8159,Enterprise,41,False,annual,35424,0,0,0,0,3,2,0,,0
A-e43bf7,2023-03,2023-03-31,0,inactive,0,,0,,0,,,0,0,0,0,0,3,0,0,,0
A-e43bf7,2023-04,2023-04-30,1,inactive,0,,0,,0,,,0,0,0,0,0,3,0,0,,0
A-e43bf7,2023-05,2023-05-31,2,active,1,S-12e3ff,8756,Enterprise,44,False,monthly,8756,0,0,0,0,3,0,0,,0
A-e43bf7,2023-06,2023-06-30,3,active,1,S-12e3ff,8756,Enterprise,44,False,monthly,8756,0,0,1,1,2,0,0,,0
A-e43bf7,2023-07,2023-07-31,4,active,2,S-863c87,13930,Enterprise,70,False,annual,22686,0,0,0,0,0,0,0,,0
A-e43bf7,2023-08,2023-08-31,5,active,2,S-863c87,13930,Enterprise,70,False,annual,22686,0,0,0,0,5,1,0,,0
A-e43bf7,2023-09,2023-09-30,6,active,2,S-863c87,13930,Enterprise,70,False,annual,22686,0,0,0,0,1,0,0,,0
A-e43bf7,2023-10,2023-10-31,7,active,2,S-863c87,13930,Enterprise,70,False,annual,22686,0,0,0,0,0,0,0,,0
A-e43bf7,2023-11,2023-11-30,8,active,2,S-863c87,13930,Enterprise,70,False,annual,22686,0,0,0,0,4,3,0,,0
A-e43bf7,2023-12,2023-12-31,9,active,2,S-863c87,13930,Enterprise,70,False,annual,22686,0,0,0,0,1,1,0,,0
A-e43bf7,2024-01,2024-01-31,10,active,3,S-863c87,13930,Enterprise,70,False,annual,24842,0,0,0,0,2,0,0,,0
A-e43bf7,2024-02,2024-02-29,11,active,4,S-863c87,13930,Enterprise,70,False,annual,26998,0,0,0,0,0,0,0,,0
A-e43bf7,2024-03,2024-03-31,12,active,4,S-863c87,13930,Enterprise,70,False,annual,26998,0,0,0,0,2,2,0,,0
A-e43bf7,2024-04,2024-04-30,13,active,4,S-863c87,13930,Enterprise,70,False,annual,26998,0,0,0,0,1,0,1,5.00,0
A-e43bf7,2024-05,2024-05-31,14,active,4,S-863c87,13930,Enterprise,70,False,annual,26998,0,0,0,0,3,3,0,,0
A-e43bf7,2024-06,2024-06-30,15,active,5,S-863c87,13930,Enterprise,70,False,annual,29154,0,0,0,0,1,1,1,,0
A-e43bf7,2024-07,2024-07-31,16,active,6,S-863c87,13930,Enterprise,70,False,annual,37910,0,0,0,0,1,1,1,,0
A-e43bf7,2024-08,2024-08-31,17,active,6,S-863c87,13930,Enterprise,70,False,annual,37910,0,0,0,0,0,0,0,,0
A-e43bf7,2024-09,2024-09-30,18,active,6,S-863c87,13930,Enterprise,70,False,annual,37910,0,0,0,0,1,0,0,,0
A-e43bf7,2024-10,2024-10-31,19,active,6,S-863c87,13930,Enterprise,70,False,annual,37910,0,0,0,0,1,1,0,,0
A-e43bf7,2024-11,2024-11-30,20,active,6,S-863c87,13930,Enterprise,70,False,annual,37910,0,0,0,0,2,1,1,4.00,0
A-e43bf7,2024-12,2024-12-31,21,active,7,S-863c87,13930,Enterprise,70,False,annual,46666,0,0,0,0,1,1,1,3.00,0
A-e4bf56,2024-10,2024-10-31,0,inactive,0,,0,,0,,,0,0,0,0,0,2,0,0,,1
A-e4bf56,2024-11,2024-11-30,1,active,2,S-ed2bb5,3383,Enterprise,17,False,monthly,5098,0,0,0,0,4,0,0,,1
A-e4bf56,2024-12,2024-12-31,2,active,6,S-51569a,4378,Enterprise,22,False,monthly,11563,7363,1,0,0,2,2,0,,1
A-e51ec7,2023-09,2023-09-30,0,inactive,0,,0,,0,,,0,0,0,0,0,0,0,0,,0
A-e51ec7,2023-10,2023-10-31,1,inactive,0,,0,,0,,,0,0,0,0,0,3,0,0,,0
A-e51ec7,2023-11,2023-11-30,2,active,1,S-a5cf6d,4975,Enterprise,25,False,monthly,4975,0,0,0,0,1,0,0,,0
A-e51ec7,2023-12,2023-12-31,3,active,1,S-a5cf6d,4975,Enterprise,25,False,monthly,4975,0,0,0,0,3,1,0,,0
A-e51ec7,2024-01,2024-01-31,4,active,1,S-a5cf6d,4975,Enterprise,25,False,monthly,4975,0,0,1,2,3,0,0,,0
A-e51ec7,2024-02,2024-02-29,5,active,1,S-a5cf6d,4975,Enterprise,25,False,monthly,4975,0,0,0,0,3,0,0,,0
A-e51ec7,2024-03,2024-03-31,6,active,2,S-a5cf6d,4975,Enterprise,25,False,monthly,4975,0,0,0,0,2,0,0,,0
A-e51ec7,2024-04,2024-04-30,7,active,3,S-a5cf6d,4975,Enterprise,25,False,monthly,5373,0,0,1,1,1,1,0,,0
A-e51ec7,2024-05,2024-05-31,8,active,4,S-a5cf6d,4975,Enterprise,25,False,monthly,5569,0,0,0,0,4,3,0,,0
A-e51ec7,2024-06,2024-06-30,9,active,4,S-a5cf6d,4975,Enterprise,25,False,monthly,5569,0,0,0,0,0,0,0,,0
A-e51ec7,2024-07,2024-07-31,10,active,4,S-a5cf6d,4975,Enterprise,25,False,monthly,5569,0,0,0,0,0,0,0,,0
A-e51ec7,2024-08,2024-08-31,11,active,4,S-a5cf6d,4975,Enterprise,25,False,monthly,5569,0,0,0,0,1,1,0,,0
A-e51ec7,2024-09,2024-09-30,12,active,5,S-a5cf6d,4975,Enterprise,25,False,monthly,5569,0,0,0,0,2,0,0,,0
A-e51ec7,2024-10,2024-10-31,13,active,7,S-d5d8ef,16517,Enterprise,83,False,monthly,22086,0,1,0,0,1,1,1,5.00,0
A-e51ec7,2024-11,2024-11-30,14,active,6,S-d5d8ef,16517,Enterprise,83,False,monthly,22086,0,0,0,0,1,1,0,,0
A-e51ec7,2024-12,2024-12-31,15,active,7,S-d5d8ef,16517,Enterprise,83,False,monthly,24076,0,0,0,0,1,1,0,,0
A-e5d6ab,2023-04,2023-04-30,0,inactive,0,,0,,0,,,0,0,0,1,1,3,0,0,,0
A-e5d6ab,2023-05,2023-05-31,1,active,1,S-b57dcd,95,Basic,5,False,annual,95,0,0,0,0,1,0,0,,0
A-e5d6ab,2023-06,2023-06-30,2,active,1,S-b57dcd,95,Basic,5,False,annual,95,0,0,0,0,0,0,0,,0
A-e5d6ab,2023-07,2023-07-31,3,active,1,S-b57dcd,95,Basic,5,False,annual,95,0,0,0,0,3,2,1,,0
A-e5d6ab,2023-08,2023-08-31,4,active,2,S-b57dcd,95,Basic,5,False,annual,152,0,0,0,0,2,0,0,,0
A-e5d6ab,2023-09,2023-09-30,5,active,3,S-b57dcd,95,Basic,5,False,annual,152,0,0,0,0,0,0,0,,0
A-e5d6ab,2023-10,2023-10-31,6,active,5,S-0a28cd,4179,Enterprise,21,False,monthly,4996,0,0,0,0,2,1,0,,0
A-e5d6ab,2023-11,2023-11-30,7,active,5,S-0a28cd,4179,Enterprise,21,False,monthly,4996,0,0,0,0,0,0,0,,0
A-e5d6ab,2023-12,2023-12-31,8,active,5,S-0a28cd,4179,Enterprise,21,False,monthly,4996,0,0,0,0,0,0,0,,0
A-e5d6ab,2024-01,2024-01-31,9,active,5,S-0a28cd,4179,Enterprise,21,False,monthly,4996,0,0,0,0,3,2,0,,0
A-e5d6ab,2024-02,2024-02-29,10,active,5,S-0a28cd,4179,Enterprise,21,False,monthly,4996,0,0,0,0,1,0,0,,0
A-e5d6ab,2024-03,2024-03-31,11,active,6,S-0a28cd,4179,Enterprise,21,False,monthly,7981,0,0,0,0,2,1,0,,0
A-e5d6ab,2024-04,2024-04-30,12,active,6,S-0a28cd,4179,Enterprise,21,False,monthly,7981,0,0,0,0,1,1,0,,0
A-e5d6ab,2024-05,2024-05-31,13,active,5,S-0a28cd,4179,Enterprise,21,False,monthly,7316,665,1,1,1,3,0,0,,0
A-e5d6ab,2024-06,2024-06-30,14,active,6,S-0a28cd,4179,Enterprise,21,False,monthly,7487,0,0,0,0,1,1,1,,0
A-e5d6ab,2024-07,2024-07-31,15,active,8,S-0a28cd,4179,Enterprise,21,False,monthly,10815,0,0,0,0,1,1,0,,0
A-e5d6ab,2024-08,2024-08-31,16,active,8,S-0a28cd,4179,Enterprise,21,False,monthly,10815,0,0,0,0,1,1,0,,0
A-e5d6ab,2024-09,2024-09-30,17,active,8,S-0a28cd,4179,Enterprise,21,False,monthly,10815,0,0,0,0,1,1,1,,0
A-e5d6ab,2024-10,2024-10-31,18,active,8,S-0a28cd,4179,Enterprise,21,False,monthly,10815,0,0,0,0,6,6,0,,0
A-e5d6ab,2024-11,2024-11-30,19,active,9,S-0a28cd,4179,Enterprise,21,False,monthly,12383,0,0,0,0,3,3,0,,0
A-e5d6ab,2024-12,2024-12-31,20,active,9,S-0a28cd,4179,Enterprise,21,False,monthly,12383,0,0,0,0,1,1,0,,0
A-e60f9d,2024-08,2024-08-31,0,inactive,0,,0,,0,,,0,0,0,0,0,1,0,0,,0
A-e60f9d,2024-09,2024-09-30,1,active,1,S-02ec76,1421,Pro,29,False,monthly,1421,0,0,0,0,4,0,0,,0
A-e60f9d,2024-10,2024-10-31,2,active,4,S-0ffab0,11542,Enterprise,58,False,annual,19874,0,0,0,0,5,2,0,,0
A-e60f9d,2024-11,2024-11-30,3,active,9,S-0ffab0,11542,Enterprise,58,False,annual,38002,0,0,0,0,0,0,0,,0
A-e60f9d,2024-12,2024-12-31,4,active,13,S-0ffab0,11542,Enterprise,58,False,annual,50095,722,2,0,0,0,0,0,,0
A-e61e98,2023-10,2023-10-31,0,inactive,0,,0,,0,,,0,0,0,0,0,1,0,1,5.00,1
A-e61e98,2023-11,2023-11-30,1,active,2,S-07e821,1813,Pro,37,False,monthly,2744,0,0,0,0,2,0,0,,1
A-e61e98,2023-12,2023-12-31,2,active,3,S-5178de,1960,Pro,40,False,annual,4704,0,0,0,0,3,1,0,,1
A-e61e98,2024-01,2024-01-31,3,active,5,S-5178de,1960,Pro,40,False,annual,5065,0,0,0,0,1,1,0,,1
A-e61e98,2024-02,2024-02-29,4,active,5,S-5178de,1960,Pro,40,False,annual,5065,0,0,0,0,1,1,1,5.00,1
A-e61e98,2024-03,2024-03-31,5,active,5,S-5178de,1960,Pro,40,False,annual,5065,0,0,0,0,0,0,0,,1
A-e61e98,2024-04,2024-04-30,6,active,5,S-5178de,1960,Pro,40,False,annual,5065,0,0,0,0,1,0,0,,1
A-e61e98,2024-05,2024-05-31,7,active,6,S-5178de,1960,Pro,40,False,annual,5996,0,0,0,0,2,2,0,,1
A-e61e98,2024-06,2024-06-30,8,active,7,S-5178de,1960,Pro,40,False,annual,6357,0,0,0,0,3,1,0,,1
A-e61e98,2024-07,2024-07-31,9,active,7,S-5178de,1960,Pro,40,False,annual,6357,0,0,0,0,6,3,0,,1
A-e61e98,2024-08,2024-08-31,10,active,8,S-5178de,1960,Pro,40,False,annual,6718,0,0,0,0,4,4,0,,1
A-e61e98,2024-09,2024-09-30,11,active,9,S-05b245,6766,Enterprise,34,False,annual,13484,0,0,0,0,8,8,0,,1
A-e61e98,2024-10,2024-10-31,12,active,9,S-05b245,6766,Enterprise,34,False,annual,13484,0,0,1,1,1,1,0,,1
A-e61e98,2024-11,2024-11-30,13,active,9,S-05b245,6766,Enterprise,34,False,annual,13484,0,0,0,0,0,0,1,,1
A-e61e98,2024-12,2024-12-31,14,active,9,S-05b245,6766,Enterprise,34,False,annual,13484,0,0,0,0,2,2,0,,1
A-e693b6,2023-05,2023-05-31,0,inactive,0,,0,,0,,,0,0,0,0,0,6,0,0,,1
A-e693b6,2023-06,2023-06-30,1,inactive,0,,0,,0,,,0,0,0,0,0,2,0,0,,1
A-e693b6,2023-07,2023-07-31,2,inactive,0,,0,,0,,,0,0,0,0,0,0,0,1,3.00,1
A-e693b6,2023-08,2023-08-31,3,active,1,S-86a4e3,1045,Basic,55,False,annual,1045,0,0,0,0,1,0,0,,1
A-e693b6,2023-09,2023-09-30,4,active,2,S-a07c46,2695,Pro,55,False,monthly,3740,0,0,0,0,3,1,0,,1
A-e693b6,2023-10,2023-10-31,5,active,2,S-96a469,2695,Pro,55,False,annual,3740,2695,1,0,0,2,0,0,,1
A-e693b6,2023-11,2023-11-30,6,active,2,S-96a469,2695,Pro,55,False,annual,3740,0,0,0,0,3,0,0,,1
A-e693b6,2023-12,2023-12-31,7,active,2,S-96a469,2695,Pro,55,False,annual,3740,0,0,0,0,2,0,0,,1
A-e693b6,2024-01,2024-01-31,8,active,2,S-96a469,2695,Pro,55,False,annual,3740,0,0,0,0,4,1,0,,1
A-e693b6,2024-02,2024-02-29,9,active,2,S-96a469,2695,Pro,55,False,annual,3740,0,0,0,0,0,0,0,,1
A-e693b6,2024-03,2024-03-31,10,active,4,S-ac1f01,10945,Enterprise,55,False,monthly,14685,0,0,0,0,6,2,0,,1
A-e693b6,2024-04,2024-04-30,11,active,4,S-ac1f01,10945,Enterprise,55,False,monthly,14685,0,0,0,0,3,3,0,,1
A-e693b6,2024-05,2024-05-31,12,active,6,S-ac1f01,10945,Enterprise,55,False,monthly,18425,0,0,0,0,8,2,0,,1
A-e693b6,2024-06,2024-06-30,13,active,6,S-ac1f01,10945,Enterprise,55,False,monthly,18425,0,0,0,0,2,2,0,,1
A-e693b6,2024-07,2024-07-31,14,active,7,S-ac1f01,10945,Enterprise,55,False,monthly,18425,0,0,0,0,2,1,0,,1
A-e693b6,2024-08,2024-08-31,15,active,8,S-ac1f01,10945,Enterprise,55,False,monthly,18425,0,0,0,0,2,1,0,,1
A-e693b6,2024-09,2024-09-30,16,active,9,S-ac1f01,10945,Enterprise,55,False,monthly,19470,1045,1,0,0,1,1,0,,1
A-e693b6,2024-10,2024-10-31,17,active,9,S-ac1f01,10945,Enterprise,55,False,monthly,19470,0,0,1,1,0,0,0,,1
A-e693b6,2024-11,2024-11-30,18,active,10,S-770d98,10945,Enterprise,55,False,annual,30415,0,0,0,0,1,0,0,,1
A-e693b6,2024-12,2024-12-31,19,active,10,S-770d98,10945,Enterprise,55,False,annual,30415,0,0,0,0,3,2,0,,1
A-e6afc1,2023-02,2023-02-28,0,inactive,0,,0,,0,,,0,0,0,0,0,2,0,0,,0
A-e6afc1,2023-03,2023-03-31,1,inactive,0,,0,,0,,,0,0,0,0,0,2,0,0,,0
A-e6afc1,2023-04,2023-04-30,2,inactive,0,,0,,0,,,0,0,0,0,0,4,0,0,,0
A-e6afc1,2023-05,2023-05-31,3,active,2,S-98dd7d,10149,Enterprise,51,False,annual,10443,0,0,0,0,3,0,0,,0
A-e6afc1,2023-06,2023-06-30,4,active,3,S-98dd7d,10149,Enterprise,51,False,annual,11412,0,0,0,0,0,0,0,,0
A-e6afc1,2023-07,2023-07-31,5,active,3,S-98dd7d,10149,Enterprise,51,False,annual,11412,0,0,0,0,4,1,0,,0
A-e6afc1,2023-08,2023-08-31,6,active,5,S-98dd7d,10149,Enterprise,51,False,annual,11754,0,0,0,0,6,3,0,,0
A-e6afc1,2023-09,2023-09-30,7,active,5,S-98dd7d,10149,Enterprise,51,False,annual,11754,0,0,0,0,2,1,0,,0
A-e6afc1,2023-10,2023-10-31,8,active,5,S-98dd7d,10149,Enterprise,51,False,annual,11754,0,0,0,0,5,2,0,,0
A-e6afc1,2023-11,2023-11-30,9,active,6,S-98dd7d,10149,Enterprise,51,False,annual,15086,0,0,0,0,6,3,0,,0
A-e6afc1,2023-12,2023-12-31,10,active,6,S-98dd7d,10149,Enterprise,51,False,annual,15086,0,0,0,0,4,4,0,,0
A-e6afc1,2024-01,2024-01-31,11,active,6,S-98dd7d,10149,Enterprise,51,False,annual,15086,0,0,0,0,4,2,0,,0
A-e6afc1,2024-02,2024-02-29,12,active,6,S-98dd7d,10149,Enterprise,51,False,annual,15086,0,0,0,0,1,1,0,,0
A-e6afc1,2024-03,2024-03-31,13,active,6,S-98dd7d,10149,Enterprise,51,False,annual,15086,0,0,0,0,6,2,0,,0
A-e6afc1,2024-04,2024-04-30,14,active,6,S-98dd7d,10149,Enterprise,51,False,annual,15086,0,0,0,0,1,0,0,,0
A-e6afc1,2024-05,2024-05-31,15,active,7,S-98dd7d,10149,Enterprise,51,False,annual,15135,0,0,0,0,2,0,0,,0
A-e6afc1,2024-06,2024-06-30,16,active,7,S-98dd7d,10149,Enterprise,51,False,annual,15135,0,0,0,0,1,1,0,,0
A-e6afc1,2024-07,2024-07-31,17,active,8,S-98dd7d,10149,Enterprise,51,False,annual,18319,0,0,0,0,1,0,0,,0
A-e6afc1,2024-08,2024-08-31,18,active,10,S-98dd7d,10149,Enterprise,51,False,annual,22582,0,0,0,0,4,2,0,,0
A-e6afc1,2024-09,2024-09-30,19,active,10,S-98dd7d,10149,Enterprise,51,False,annual,22582,0,0,0,0,3,1,0,,0
A-e6afc1,2024-10,2024-10-31,20,active,10,S-98dd7d,10149,Enterprise,51,False,annual,22582,0,0,0,0,3,3,0,,0
A-e6afc1,2024-11,2024-11-30,21,active,10,S-98dd7d,10149,Enterprise,51,False,annual,22582,0,0,0,0,1,1,0,,0
A-e6afc1,2024-12,2024-12-31,22,active,11,S-98dd7d,10149,Enterprise,51,False,annual,22582,0,0,0,0,1,1,0,,0
A-e7a1e2,2024-06,2024-06-30,0,inactive,0,,0,,0,,,0,0,0,0,0,2,0,0,,0
A-e7a1e2,2024-07,2024-07-31,1,active,1,S-183073,2786,Enterprise,14,False,monthly,2786,0,0,0,0,0,0,0,,0
A-e7a1e2,2024-08,2024-08-31,2,active,2,S-183073,2786,Enterprise,14,False,monthly,5174,0,0,0,0,6,1,0,,0
A-e7a1e2,2024-09,2024-09-30,3,active,2,S-183073,2786,Enterprise,14,False,monthly,5174,0,0,1,2,1,0,0,,0
A-e7a1e2,2024-10,2024-10-31,4,active,7,S-183073,2786,Enterprise,14,False,monthly,8427,0,0,0,0,2,1,0,,0
A-e7a1e2,2024-11,2024-11-30,5,active,10,S-183073,2786,Enterprise,14,False,monthly,11096,0,0,0,0,4,3,0,,0
A-e7a1e2,2024-12,2024-12-31,6,active,11,S-df69fe,8756,Enterprise,44,False,annual,19047,995,1,1,1,4,4,0,,0
A-e7beab,2023-10,2023-10-31,0,active,1,S-363c29,4179,Enterprise,21,False,annual,4179,0,0,0,0,2,0,2,3.00,0
A-e7beab,2023-11,2023-11-30,1,active,1,S-363c29,4179,Enterprise,21,False,annual,4179,0,0,0,0,2,1,0,,0
A-e7beab,2023-12,2023-12-31,2,active,2,S-363c29,4179,Enterprise,21,False,annual,6368,0,0,0,0,3,1,0,,0
A-e7beab,2024-01,2024-01-31,3,active,3,S-363c29,4179,Enterprise,21,False,annual,6368,0,0,0,0,0,0,0,,0
A-e7beab,2024-02,2024-02-29,4,active,3,S-363c29,4179,Enterprise,21,False,annual,6368,0,0,0,0,1,0,0,,0
A-e7beab,2024-03,2024-03-31,5,active,4,S-363c29,4179,Enterprise,21,False,annual,7363,0,0,0,0,3,1,0,,0
A-e7beab,2024-04,2024-04-30,6,active,4,S-363c29,4179,Enterprise,21,False,annual,7363,0,0,1,1,1,1,0,,0
A-e7beab,2024-05,2024-05-31,7,active,3,S-363c29,4179,Enterprise,21,False,annual,6368,995,1,0,0,3,2,0,,0
A-e7beab,2024-06,2024-06-30,8,active,3,S-363c29,4179,Enterprise,21,False,annual,6368,0,0,0,0,1,0,0,,0
A-e7beab,2024-07,2024-07-31,9,active,4,S-363c29,4179,Enterprise,21,False,annual,9161,0,0,0,0,2,1,0,,0
A-e7beab,2024-08,2024-08-31,10,active,3,S-b8a3b6,2793,Pro,57,False,annual,4982,4179,1,0,0,0,0,0,,0
A-e7beab,2024-09,2024-09-30,11,active,3,S-b8a3b6,2793,Pro,57,False,annual,4982,0,0,0,0,0,0,1,,0
A-e7beab,2024-10,2024-10-31,12,active,3,S-b8a3b6,2793,Pro,57,False,annual,4982,0,0,0,0,2,2,0,,0
A-e7beab,2024-11,2024-11-30,13,active,3,S-b8a3b6,2793,Pro,57,False,annual,4982,0,0,0,0,0,0,0,,0
A-e7beab,2024-12,2024-12-31,14,active,4,S-b8a3b6,2793,Pro,57,False,annual,5913,245,1,0,0,0,0,0,,0
A-e83938,2023-11,2023-11-30,0,inactive,0,,0,,0,,,0,0,0,0,0,3,0,0,,1
A-e83938,2023-12,2023-12-31,1,inactive,0,,0,,0,,,0,0,0,0,0,0,0,1,,1
A-e83938,2024-01,2024-01-31,2,inactive,0,,0,,0,,,0,0,0,0,0,0,0,0,,1
A-e83938,2024-02,2024-02-29,3,active,1,S-134753,3184,Enterprise,16,False,monthly,3184,0,0,1,1,5,0,0,,1
A-e83938,2024-03,2024-03-31,4,active,1,S-134753,3184,Enterprise,16,False,monthly,3184,0,0,0,0,0,0,0,,1
A-e83938,2024-04,2024-04-30,5,active,2,S-134753,3184,Enterprise,16,False,monthly,3184,0,0,0,0,2,0,0,,1
A-e83938,2024-05,2024-05-31,6,active,2,S-134753,3184,Enterprise,16,False,monthly,3184,0,0,0,0,0,0,1,,1
A-e83938,2024-06,2024-06-30,7,active,4,S-134753,3184,Enterprise,16,False,monthly,3467,0,0,0,0,1,0,0,,1
A-e83938,2024-07,2024-07-31,8,active,6,S-134753,3184,Enterprise,16,False,monthly,5084,0,0,0,0,2,1,0,,1
A-e83938,2024-08,2024-08-31,9,active,6,S-134753,3184,Enterprise,16,False,monthly,5084,0,0,1,1,2,1,0,,1
A-e83938,2024-09,2024-09-30,10,active,6,S-134753,3184,Enterprise,16,False,monthly,5084,0,0,0,0,1,0,0,,1
A-e83938,2024-10,2024-10-31,11,active,6,S-134753,3184,Enterprise,16,False,monthly,5084,0,0,0,0,2,0,0,,1
A-e83938,2024-11,2024-11-30,12,active,7,S-134753,3184,Enterprise,16,False,monthly,6477,0,0,0,0,0,0,0,,1
A-e83938,2024-12,2024-12-31,13,active,8,S-134753,3184,Enterprise,16,False,monthly,7503,0,0,1,1,1,1,1,3.00,1
A-e888d1,2023-03,2023-03-31,0,inactive,0,,0,,0,,,0,0,0,0,0,1,0,0,,0
A-e888d1,2023-04,2023-04-30,1,inactive,0,,0,,0,,,0,0,0,0,0,1,0,0,,0
A-e888d1,2023-05,2023-05-31,2,active,1,S-6ca9be,1026,Basic,54,False,annual,1026,0,0,0,0,2,0,0,,0
A-e888d1,2023-06,2023-06-30,3,active,1,S-6ca9be,1026,Basic,54,False,annual,1026,0,0,1,1,2,1,0,,0
A-e888d1,2023-07,2023-07-31,4,active,2,S-6ca9be,1026,Basic,54,False,annual,1026,0,0,0,0,3,0,0,,0
A-e888d1,2023-08,2023-08-31,5,active,3,S-0a01c5,3184,Enterprise,16,False,monthly,4210,0,0,0,0,2,0,0,,0
A-e888d1,2023-09,2023-09-30,6,active,4,S-a94f54,3184,Enterprise,16,False,monthly,7394,0,0,1,1,1,1,1,,0
A-e888d1,2023-10,2023-10-31,7,active,4,S-a94f54,3184,Enterprise,16,False,monthly,7394,0,0,0,0,1,0,0,,0
A-e888d1,2023-11,2023-11-30,8,active,4,S-a94f54,3184,Enterprise,16,False,monthly,7394,0,0,0,0,2,0,0,,0
A-e888d1,2023-12,2023-12-31,9,active,4,S-a94f54,3184,Enterprise,16,False,monthly,7394,0,0,0,0,1,0,2,4.00,0
A-e888d1,2024-01,2024-01-31,10,active,4,S-a94f54,3184,Enterprise,16,False,monthly,7394,0,0,0,0,2,0,0,,0
A-e888d1,2024-02,2024-02-29,11,active,4,S-a94f54,3184,Enterprise,16,False,monthly,7394,0,0,0,0,2,1,1,,0
A-e888d1,2024-03,2024-03-31,12,active,6,S-a94f54,3184,Enterprise,16,False,monthly,7394,0,0,0,0,0,0,0,,0
A-e888d1,2024-04,2024-04-30,13,active,6,S-a94f54,3184,Enterprise,16,False,monthly,7394,0,0,0,0,2,1,0,,0
A-e888d1,2024-05,2024-05-31,14,active,6,S-0a01c5,3184,Enterprise,16,False,monthly,4896,3184,1,0,0,5,2,0,,0
A-e888d1,2024-06,2024-06-30,15,active,6,S-0a01c5,3184,Enterprise,16,False,monthly,4896,0,0,0,0,3,1,0,,0
A-e888d1,2024-07,2024-07-31,16,active,6,S-0a01c5,3184,Enterprise,16,False,monthly,4896,0,0,0,0,1,0,0,,0
A-e888d1,2024-08,2024-08-31,17,active,6,S-0a01c5,3184,Enterprise,16,False,monthly,4896,0,0,0,0,3,2,0,,0
A-e888d1,2024-09,2024-09-30,18,active,7,S-0a01c5,3184,Enterprise,16,False,monthly,5162,0,0,0,0,4,2,1,4.00,0
A-e888d1,2024-10,2024-10-31,19,active,8,S-56c23b,3781,Enterprise,19,False,annual,8943,0,0,0,0,3,3,0,,0
A-e888d1,2024-11,2024-11-30,20,active,9,S-56c23b,3781,Enterprise,19,False,annual,9629,0,0,1,1,1,1,0,,0
A-e888d1,2024-12,2024-12-31,21,active,9,S-56c23b,3781,Enterprise,19,False,annual,10462,0,1,0,0,2,1,0,,0
A-e89151,2023-09,2023-09-30,0,inactive,0,,0,,0,,,0,0,0,0,0,3,0,0,,1
A-e89151,2023-10,2023-10-31,1,inactive,0,,0,,0,,,0,0,0,0,0,3,0,0,,1
A-e89151,2023-11,2023-11-30,2,active,1,S-a84e7f,1592,Enterprise,8,False,annual,1592,0,0,0,0,4,0,0,,1
A-e89151,2023-12,2023-12-31,3,active,1,S-a84e7f,1592,Enterprise,8,False,annual,1592,0,0,0,0,3,1,0,,1
A-e89151,2024-01,2024-01-31,4,active,1,S-a84e7f,1592,Enterprise,8,False,annual,1592,0,0,0,0,1,0,0,,1
A-e89151,2024-02,2024-02-29,5,active,2,S-cbe349,1592,Enterprise,8,False,annual,3184,0,0,0,0,3,0,0,,1
A-e89151,2024-03,2024-03-31,6,active,3,S-a7ce33,4577,Enterprise,23,False,monthly,7761,0,0,0,0,1,0,0,,1
A-e89151,2024-04,2024-04-30,7,active,5,S-a7ce33,4577,Enterprise,23,False,monthly,9715,1592,1,0,0,0,0,1,5.00,1
A-e89151,2024-05,2024-05-31,8,active,6,S-a7ce33,4577,Enterprise,23,False,monthly,9867,0,0,0,0,3,2,0,,1
A-e89151,2024-06,2024-06-30,9,active,6,S-a7ce33,4577,Enterprise,23,False,monthly,9867,0,0,0,0,1,1,0,,1
A-e89151,2024-07,2024-07-31,10,active,6,S-a7ce33,4577,Enterprise,23,False,monthly,9867,0,0,0,0,0,0,0,,1
A-e89151,2024-08,2024-08-31,11,active,6,S-a7ce33,4577,Enterprise,23,False,monthly,9867,0,0,0,0,1,0,0,,1
A-e89151,2024-09,2024-09-30,12,active,6,S-a7ce33,4577,Enterprise,23,False,monthly,9867,0,0,0,0,2,1,0,,1
A-e89151,2024-10,2024-10-31,13,active,5,S-a7ce33,4577,Enterprise,23,False,monthly,9487,380,1,0,0,2,0,1,,1
A-e89151,2024-11,2024-11-30,14,active,6,S-a7ce33,4577,Enterprise,23,False,monthly,11006,0,0,0,0,1,1,0,,1
A-e89151,2024-12,2024-12-31,15,active,7,S-a68b52,8756,Enterprise,44,False,annual,19762,0,0,0,0,5,5,0,,1
A-e98302,2023-12,2023-12-31,0,inactive,0,,0,,0,,,0,0,0,0,0,1,0,0,,0
A-e98302,2024-01,2024-01-31,1,active,1,S-b409d1,882,Pro,18,False,annual,882,0,0,0,0,0,0,0,,0
A-e98302,2024-02,2024-02-29,2,active,2,S-6f1051,6766,Enterprise,34,False,annual,7648,0,0,0,0,0,0,0,,0
A-e98302,2024-03,2024-03-31,3,active,2,S-6f1051,6766,Enterprise,34,False,annual,7648,0,0,0,0,2,0,0,,0
A-e98302,2024-04,2024-04-30,4,active,2,S-6f1051,6766,Enterprise,34,False,annual,7648,0,0,0,0,3,0,0,,0
A-e98302,2024-05,2024-05-31,5,active,2,S-6f1051,6766,Enterprise,34,False,annual,7648,0,0,0,0,2,2,0,,0
A-e98302,2024-06,2024-06-30,6,active,2,S-6f1051,6766,Enterprise,34,False,annual,7648,0,0,0,0,0,0,0,,0
A-e98302,2024-07,2024-07-31,7,active,3,S-6f1051,6766,Enterprise,34,False,annual,8775,0,0,0,0,5,2,0,,0
A-e98302,2024-08,2024-08-31,8,active,3,S-6f1051,6766,Enterprise,34,False,annual,8775,0,0,0,0,2,2,1,4.00,0
A-e98302,2024-09,2024-09-30,9,active,4,S-6f1051,6766,Enterprise,34,False,annual,9421,0,0,0,0,1,0,0,,0
A-e98302,2024-10,2024-10-31,10,active,4,S-6f1051,6766,Enterprise,34,False,annual,9421,0,0,0,0,1,1,0,,0
A-e98302,2024-11,2024-11-30,11,active,5,S-6f1051,6766,Enterprise,34,False,annual,9725,0,0,0,0,1,1,1,4.00,0
A-e98302,2024-12,2024-12-31,12,active,5,S-6f1051,6766,Enterprise,34,False,annual,9725,2842,1,0,0,1,1,0,,0
A-eafc6e,2023-07,2023-07-31,0,inactive,0,,0,,0,,,0,0,0,1,1,1,0,1,,1
A-eafc6e,2023-08,2023-08-31,1,active,1,S-672f1b,1323,Pro,27,False,monthly,1323,0,0,0,0,0,0,0,,1
A-eafc6e,2023-09,2023-09-30,2,active,1,S-672f1b,1323,Pro,27,False,monthly,1323,0,0,0,0,2,2,0,,1
A-eafc6e,2023-10,2023-10-31,3,active,1,S-672f1b,1323,Pro,27,False,monthly,1323,0,0,0,0,1,0,0,,1
A-eafc6e,2023-11,2023-11-30,4,active,2,S-802cc6,6766,Enterprise,34,False,annual,8089,0,0,0,0,1,0,0,,1
A-eafc6e,2023-12,2023-12-31,5,active,2,S-802cc6,6766,Enterprise,34,False,annual,8089,0,0,0,0,1,0,0,,1
A-eafc6e,2024-01,2024-01-31,6,active,2,S-802cc6,6766,Enterprise,34,False,annual,8089,0,0,0,0,3,1,0,,1
A-eafc6e,2024-02,2024-02-29,7,active,2,S-802cc6,6766,Enterprise,34,False,annual,8089,0,0,0,0,2,0,0,,1
A-eafc6e,2024-03,2024-03-31,8,active,2,S-802cc6,6766,Enterprise,34,False,annual,8089,0,0,0,0,4,1,0,,1
A-eafc6e,2024-04,2024-04-30,9,active,2,S-802cc6,6766,Enterprise,34,False,annual,8089,0,0,0,0,1,0,0,,1
A-eafc6e,2024-05,2024-05-31,10,active,2,S-802cc6,6766,Enterprise,34,False,annual,8089,0,0,0,0,0,0,0,,1
A-eafc6e,2024-06,2024-06-30,11,active,2,S-802cc6,6766,Enterprise,34,False,annual,8089,0,0,0,0,1,1,0,,1
A-eafc6e,2024-07,2024-07-31,12,active,3,S-802cc6,6766,Enterprise,34,False,annual,9533,0,0,0,0,1,0,0,,1
A-eafc6e,2024-08,2024-08-31,13,active,4,S-802cc6,6766,Enterprise,34,False,annual,14906,0,0,0,0,0,0,0,,1
A-eafc6e,2024-09,2024-09-30,14,active,6,S-802cc6,6766,Enterprise,34,False,annual,16229,0,0,0,0,2,2,0,,1
A-eafc6e,2024-10,2024-10-31,15,active,7,S-802cc6,6766,Enterprise,34,False,annual,16229,0,0,0,0,0,0,0,,1
A-eafc6e,2024-11,2024-11-30,16,active,7,S-802cc6,6766,Enterprise,34,False,annual,16229,0,0,0,0,2,2,0,,1
A-eafc6e,2024-12,2024-12-31,17,active,7,S-802cc6,6766,Enterprise,34,False,annual,16229,0,0,1,1,0,0,0,,1
A-eb1312,2024-09,2024-09-30,0,active,1,S-549340,1225,Pro,25,False,monthly,1225,0,0,1,1,1,0,0,,0
A-eb1312,2024-10,2024-10-31,1,active,3,S-666181,1349,Basic,71,False,annual,3049,0,0,1,1,4,0,0,,0
A-eb1312,2024-11,2024-11-30,2,active,6,S-65e38d,4975,Enterprise,25,False,monthly,9724,0,0,0,0,4,3,0,,0
A-eb1312,2024-12,2024-12-31,3,active,11,S-fc65aa,4975,Enterprise,25,False,annual,17672,475,1,0,0,2,0,0,,0
A-eb2fdc,2023-11,2023-11-30,0,inactive,0,,0,,0,,,0,0,0,0,0,0,0,1,5.00,1
A-eb2fdc,2023-12,2023-12-31,1,inactive,0,,0,,0,,,0,0,0,0,0,5,0,1,,1
A-eb2fdc,2024-01,2024-01-31,2,inactive,0,,0,,0,,,0,0,0,0,0,2,0,0,,1
A-eb2fdc,2024-02,2024-02-29,3,active,1,S-c67b80,1519,Pro,31,False,monthly,1519,0,0,0,0,0,0,0,,1
A-eb2fdc,2024-03,2024-03-31,4,active,1,S-c67b80,1519,Pro,31,False,monthly,1519,0,0,0,0,3,0,0,,1
A-eb2fdc,2024-04,2024-04-30,5,active,2,S-c67b80,1519,Pro,31,False,monthly,2108,0,0,0,0,2,1,0,,1
A-eb2fdc,2024-05,2024-05-31,6,active,6,S-196dc6,9353,Enterprise,47,False,annual,15414,0,0,1,1,1,0,0,,1
A-eb2fdc,2024-06,2024-06-30,7,active,7,S-196dc6,9353,Enterprise,47,False,annual,16003,0,0,0,0,1,1,0,,1
A-eb2fdc,2024-07,2024-07-31,8,active,8,S-196dc6,9353,Enterprise,47,False,annual,22172,0,0,0,0,3,2,0,,1
A-eb2fdc,2024-08,2024-08-31,9,active,8,S-196dc6,9353,Enterprise,47,False,annual,22172,0,0,0,0,1,1,0,,1
A-eb2fdc,2024-09,2024-09-30,10,active,7,S-196dc6,9353,Enterprise,47,False,annual,20555,1617,1,0,0,4,1,0,,1
A-eb2fdc,2024-10,2024-10-31,11,active,7,S-196dc6,9353,Enterprise,47,False,annual,20555,0,0,0,0,2,1,0,,1
A-eb2fdc,2024-11,2024-11-30,12,active,10,S-196dc6,9353,Enterprise,47,False,annual,29762,0,0,0,0,5,3,0,,1
A-eb2fdc,2024-12,2024-12-31,13,active,11,S-196dc6,9353,Enterprise,47,False,annual,30351,0,0,0,0,0,0,0,,1
A-eb7c38,2024-02,2024-02-29,0,inactive,0,,0,,0,,,0,0,0,0,0,3,0,0,,0
A-eb7c38,2024-03,2024-03-31,1,inactive,0,,0,,0,,,0,0,0,1,1,3,0,1,,0
A-eb7c38,2024-04,2024-04-30,2,active,3,S-7151d9,1938,Basic,102,False,annual,2109,0,0,0,0,3,2,0,,0
A-eb7c38,2024-05,2024-05-31,3,active,4,S-615915,17910,Enterprise,90,False,monthly,20019,0,0,0,0,2,1,1,5.00,0
A-eb7c38,2024-06,2024-06-30,4,active,4,S-615915,17910,Enterprise,90,False,monthly,20019,0,0,0,0,4,3,0,,0
A-eb7c38,2024-07,2024-07-31,5,active,7,S-615915,17910,Enterprise,90,False,monthly,26852,0,0,0,0,5,2,1,4.00,0
A-eb7c38,2024-08,2024-08-31,6,active,7,S-615915,17910,Enterprise,90,False,monthly,26681,171,1,0,0,4,1,0,,0
A-eb7c38,2024-09,2024-09-30,7,active,10,S-615915,17910,Enterprise,90,False,monthly,29666,0,0,0,0,3,2,0,,0
A-eb7c38,2024-10,2024-10-31,8,active,10,S-a916cb,6965,Enterprise,35,False,monthly,18816,17910,2,0,0,5,2,0,,0
A-eb7c38,2024-11,2024-11-30,9,active,11,S-a916cb,6965,Enterprise,35,False,monthly,19502,0,0,0,0,3,3,0,,0
A-eb7c38,2024-12,2024-12-31,10,active,11,S-a916cb,6965,Enterprise,35,False,monthly,17144,2985,1,0,0,1,1,0,,0
A-eb7fac,2023-10,2023-10-31,0,inactive,0,,0,,0,,,0,0,0,0,0,0,0,0,,0
A-eb7fac,2023-11,2023-11-30,1,inactive,0,,0,,0,,,0,0,0,0,0,2,0,0,,0
A-eb7fac,2023-12,2023-12-31,2,active,1,S-bd02dd,588,Pro,12,False,monthly,588,0,0,0,0,2,0,0,,0
A-eb7fac,2024-01,2024-01-31,3,active,2,S-bd02dd,588,Pro,12,False,monthly,931,0,0,0,0,0,0,1,,0
A-eb7fac,2024-02,2024-02-29,4,active,3,S-4c100f,27064,Enterprise,136,False,monthly,27995,0,0,0,0,3,0,0,,0
A-eb7fac,2024-03,2024-03-31,5,active,4,S-4c100f,27064,Enterprise,136,False,monthly,29388,0,0,0,0,2,0,0,,0
A-eb7fac,2024-04,2024-04-30,6,active,3,S-4c100f,27064,Enterprise,136,False,monthly,29045,343,1,0,0,1,0,1,4.00,0
A-eb7fac,2024-05,2024-05-31,7,active,4,S-4c100f,27064,Enterprise,136,False,monthly,33553,0,0,0,0,3,0,0,,0
A-eb7fac,2024-06,2024-06-30,8,active,4,S-4c100f,27064,Enterprise,136,False,monthly,33553,0,0,0,0,4,1,0,,0
A-eb7fac,2024-07,2024-07-31,9,active,5,S-4c100f,27064,Enterprise,136,False,monthly,36339,0,0,1,1,3,0,0,,0
A-eb7fac,2024-08,2024-08-31,10,active,5,S-4c100f,27064,Enterprise,136,False,monthly,36339,0,0,0,0,4,0,0,,0
A-eb7fac,2024-09,2024-09-30,11,active,8,S-4c100f,27064,Enterprise,136,False,monthly,41259,0,0,0,0,0,0,0,,0
A-eb7fac,2024-10,2024-10-31,12,active,9,S-4c100f,27064,Enterprise,136,False,monthly,41753,0,0,0,0,2,1,0,,0
A-eb7fac,2024-11,2024-11-30,13,active,9,S-4c100f,27064,Enterprise,136,False,monthly,41753,0,0,0,0,3,1,0,,0
A-eb7fac,2024-12,2024-12-31,14,active,9,S-4c100f,27064,Enterprise,136,False,monthly,41753,0,0,0,0,1,0,0,,0
A-ed510f,2023-01,2023-01-31,0,inactive,0,,0,,0,,,0,0,0,0,0,2,0,1,5.00,0
A-ed510f,2023-02,2023-02-28,1,inactive,0,,0,,0,,,0,0,0,0,0,0,0,0,,0
A-ed510f,2023-03,2023-03-31,2,active,1,S-709b46,2058,Pro,42,False,annual,2058,0,0,0,0,2,1,1,,0
A-ed510f,2023-04,2023-04-30,3,active,2,S-709b46,2058,Pro,42,False,annual,2058,0,0,0,0,3,0,0,,0
A-ed510f,2023-05,2023-05-31,4,active,2,S-709b46,2058,Pro,42,False,annual,2058,0,0,1,1,3,1,1,3.00,0
A-ed510f,2023-06,2023-06-30,5,active,2,S-709b46,2058,Pro,42,False,annual,2058,0,0,0,0,1,0,1,,0
A-ed510f,2023-07,2023-07-31,6,active,3,S-709b46,2058,Pro,42,False,annual,2856,0,0,0,0,3,0,2,4.00,0
A-ed510f,2023-08,2023-08-31,7,active,3,S-709b46,2058,Pro,42,False,annual,2856,0,0,0,0,3,1,0,,0
A-ed510f,2023-09,2023-09-30,8,active,3,S-709b46,2058,Pro,42,False,annual,2856,0,0,0,0,1,0,0,,0
A-ed510f,2023-10,2023-10-31,9,active,2,S-709b46,2058,Pro,42,False,annual,2058,798,1,0,0,0,0,0,,0
A-ed510f,2023-11,2023-11-30,10,active,2,S-709b46,2058,Pro,42,False,annual,2058,0,0,0,0,1,0,0,,0
A-ed510f,2023-12,2023-12-31,11,active,3,S-046595,8358,Enterprise,42,False,annual,10416,0,0,0,0,4,1,0,,0
A-ed510f,2024-01,2024-01-31,12,active,4,S-046595,8358,Enterprise,42,False,annual,12474,0,0,0,0,1,0,0,,0
A-ed510f,2024-02,2024-02-29,13,active,4,S-046595,8358,Enterprise,42,False,annual,12474,0,0,0,0,2,1,0,,0
A-ed510f,2024-03,2024-03-31,14,active,4,S-046595,8358,Enterprise,42,False,annual,12474,0,0,0,0,1,0,1,,0
A-ed510f,2024-04,2024-04-30,15,active,6,S-90525e,8358,Enterprise,42,False,annual,29190,0,0,0,0,3,0,0,,0
A-ed510f,2024-05,2024-05-31,16,active,7,S-90525e,8358,Enterprise,42,False,annual,31248,0,0,0,0,2,2,0,,0
A-ed510f,2024-06,2024-06-30,17,active,7,S-90525e,8358,Enterprise,42,False,annual,31248,0,0,0,0,4,3,1,,0
A-ed510f,2024-07,2024-07-31,18,active,7,S-90525e,8358,Enterprise,42,False,annual,31248,0,0,0,0,0,0,0,,0
A-ed510f,2024-08,2024-08-31,19,active,7,S-90525e,8358,Enterprise,42,False,annual,31248,0,0,0,0,2,2,0,,0
A-ed510f,2024-09,2024-09-30,20,active,8,S-90525e,8358,Enterprise,42,False,annual,33306,0,0,0,0,2,2,1,4.00,0
A-ed510f,2024-10,2024-10-31,21,active,8,S-90525e,8358,Enterprise,42,False,annual,33306,0,0,0,0,5,3,0,,0
A-ed510f,2024-11,2024-11-30,22,active,8,S-90525e,8358,Enterprise,42,False,annual,33306,0,0,0,0,1,1,0,,0
A-ed510f,2024-12,2024-12-31,23,active,9,S-90525e,8358,Enterprise,42,False,annual,35364,0,0,0,0,3,3,0,,0
A-ee42db,2023-04,2023-04-30,0,inactive,0,,0,,0,,,0,0,0,0,0,3,0,0,,0
A-ee42db,2023-05,2023-05-31,1,active,1,S-b15cde,637,Pro,13,False,monthly,637,0,0,0,0,5,0,0,,0
A-ee42db,2023-06,2023-06-30,2,active,2,S-b15cde,637,Pro,13,False,monthly,637,0,0,1,1,1,0,0,,0
A-ee42db,2023-07,2023-07-31,3,active,2,S-b15cde,637,Pro,13,False,monthly,637,0,0,0,0,4,1,0,,0
A-ee42db,2023-08,2023-08-31,4,active,3,S-b15cde,637,Pro,13,False,monthly,1055,0,0,0,0,1,1,0,,0
A-ee42db,2023-09,2023-09-30,5,active,3,S-b15cde,637,Pro,13,False,monthly,1055,0,0,0,0,4,2,0,,0
A-ee42db,2023-10,2023-10-31,6,active,4,S-cd5968,637,Pro,13,False,monthly,1692,0,0,1,1,0,0,0,,0
A-ee42db,2023-11,2023-11-30,7,active,5,S-cd5968,637,Pro,13,False,monthly,2319,0,0,0,0,4,3,0,,0
A-ee42db,2023-12,2023-12-31,8,active,5,S-cd5968,637,Pro,13,False,monthly,2319,0,0,0,0,1,1,1,3.00,0
A-ee42db,2024-01,2024-01-31,9,active,6,S-cd5968,637,Pro,13,False,monthly,2319,0,0,0,0,2,1,0,,0
A-ee42db,2024-02,2024-02-29,10,active,8,S-cd5968,637,Pro,13,False,monthly,2775,0,0,0,0,1,0,1,,0
A-ee42db,2024-03,2024-03-31,11,active,8,S-cd5968,637,Pro,13,False,monthly,2775,0,0,1,1,2,2,0,,0
A-ee42db,2024-04,2024-04-30,12,active,8,S-cd5968,637,Pro,13,False,monthly,2775,0,0,0,0,2,2,0,,0
A-ee42db,2024-05,2024-05-31,13,active,8,S-cd5968,637,Pro,13,False,monthly,2775,0,0,0,0,3,2,0,,0
A-ee42db,2024-06,2024-06-30,14,active,9,S-056775,5635,Pro,115,False,annual,8410,0,0,0,0,2,2,0,,0
A-ee42db,2024-07,2024-07-31,15,active,9,S-056775,5635,Pro,115,False,annual,8410,0,0,0,0,1,1,0,,0
A-ee42db,2024-08,2024-08-31,16,active,10,S-056775,5635,Pro,115,False,annual,10997,0,0,0,0,2,2,0,,0
A-ee42db,2024-09,2024-09-30,17,active,10,S-056775,5635,Pro,115,False,annual,10997,0,0,0,0,1,1,0,,0
A-ee42db,2024-10,2024-10-31,18,active,11,S-056775,5635,Pro,115,False,annual,10997,0,0,0,0,5,5,0,,0
A-ee42db,2024-11,2024-11-30,19,active,11,S-056775,5635,Pro,115,False,annual,10997,0,0,1,1,2,2,0,,0
A-ee42db,2024-12,2024-12-31,20,active,12,S-056775,5635,Pro,115,False,annual,11567,0,0,0,0,4,4,0,,0
A-ef84cf,2024-03,2024-03-31,0,active,1,S-62fb8e,0,Enterprise,8,True,monthly,0,0,0,0,0,2,0,1,,0
A-ef84cf,2024-04,2024-04-30,1,active,1,S-62fb8e,0,Enterprise,8,True,monthly,0,0,0,0,0,1,0,0,,0
A-ef84cf,2024-05,2024-05-31,2,active,2,S-d5ac8c,6766,Enterprise,34,False,annual,6766,0,0,0,0,1,0,0,,0
A-ef84cf,2024-06,2024-06-30,3,active,3,S-d5ac8c,6766,Enterprise,34,False,annual,6918,0,0,0,0,1,0,0,,0
A-ef84cf,2024-07,2024-07-31,4,active,4,S-d5ac8c,6766,Enterprise,34,False,annual,7355,0,0,0,0,1,1,0,,0
A-ef84cf,2024-08,2024-08-31,5,active,4,S-d5ac8c,6766,Enterprise,34,False,annual,7355,152,1,1,1,2,2,0,,0
A-ef84cf,2024-09,2024-09-30,6,active,4,S-d5ac8c,6766,Enterprise,34,False,annual,7355,0,0,1,1,1,1,0,,0
A-ef84cf,2024-10,2024-10-31,7,active,4,S-d5ac8c,6766,Enterprise,34,False,annual,7355,0,0,0,0,1,1,1,5.00,0
A-ef84cf,2024-11,2024-11-30,8,active,4,S-d5ac8c,6766,Enterprise,34,False,annual,7355,0,0,1,1,1,1,1,4.00,0
A-ef84cf,2024-12,2024-12-31,9,active,4,S-d5ac8c,6766,Enterprise,34,False,annual,7355,0,0,0,0,2,2,0,,0
A-f03140,2023-11,2023-11-30,0,inactive,0,,0,,0,,,0,0,0,0,0,3,0,0,,0
A-f03140,2023-12,2023-12-31,1,active,1,S-151fce,513,Basic,27,False,annual,513,0,0,0,0,8,1,1,,0
A-f03140,2024-01,2024-01-31,2,active,1,S-151fce,513,Basic,27,False,annual,513,0,0,0,0,3,1,0,,0
A-f03140,2024-02,2024-02-29,3,active,2,S-477506,1323,Pro,27,False,annual,1836,0,0,0,0,3,0,1,5.00,0
A-f03140,2024-03,2024-03-31,4,active,3,S-33472f,5373,Enterprise,27,False,monthly,7209,0,0,0,0,0,0,0,,0
A-f03140,2024-04,2024-04-30,5,active,3,S-33472f,5373,Enterprise,27,False,monthly,7209,0,0,0,0,4,1,0,,0
A-f03140,2024-05,2024-05-31,6,active,5,S-33472f,5373,Enterprise,27,False,monthly,9094,0,0,0,0,2,1,0,,0
A-f03140,2024-06,2024-06-30,7,active,5,S-33472f,5373,Enterprise,27,False,monthly,9094,0,0,0,0,2,2,0,,0
A-f03140,2024-07,2024-07-31,8,active,8,S-5b9330,5373,Enterprise,27,False,monthly,15702,0,0,0,0,3,2,0,,0
A-f03140,2024-08,2024-08-31,9,active,8,S-5b9330,5373,Enterprise,27,False,monthly,15702,0,0,0,0,0,0,0,,0
A-f03140,2024-09,2024-09-30,10,active,8,S-5b9330,5373,Enterprise,27,False,monthly,15702,0,0,0,0,2,2,0,,0
A-f03140,2024-10,2024-10-31,11,active,9,S-ff4a47,5373,Enterprise,27,False,monthly,21075,0,0,1,1,3,2,0,,0
A-f03140,2024-11,2024-11-30,12,active,10,S-ff4a47,5373,Enterprise,27,False,monthly,21075,0,0,0,0,2,2,0,,0
A-f03140,2024-12,2024-12-31,13,active,10,S-ff4a47,5373,Enterprise,27,False,monthly,21075,0,0,0,0,2,2,0,,0
A-f17767,2023-01,2023-01-31,0,inactive,0,,0,,0,,,0,0,0,0,0,1,0,0,,1
A-f17767,2023-02,2023-02-28,1,active,1,S-7de656,686,Pro,14,False,annual,686,0,0,0,0,1,0,0,,1
A-f17767,2023-03,2023-03-31,2,active,2,S-d61866,1194,Enterprise,6,False,monthly,1880,0,0,0,0,4,0,1,,1
A-f17767,2023-04,2023-04-30,3,active,2,S-d61866,1194,Enterprise,6,False,monthly,1880,0,0,0,0,6,2,0,,1
A-f17767,2023-05,2023-05-31,4,active,3,S-d61866,1194,Enterprise,6,False,monthly,1918,0,0,1,1,3,0,1,3.00,1
A-f17767,2023-06,2023-06-30,5,active,3,S-d61866,1194,Enterprise,6,False,monthly,1918,0,0,0,0,2,1,0,,1
A-f17767,2023-07,2023-07-31,6,active,4,S-d61866,1194,Enterprise,6,False,monthly,2359,0,0,0,0,4,1,0,,1
A-f17767,2023-08,2023-08-31,7,active,3,S-d61866,1194,Enterprise,6,False,monthly,1673,686,1,0,0,3,1,0,,1
A-f17767,2023-09,2023-09-30,8,active,4,S-59dc4b,1274,Pro,26,False,monthly,2947,0,0,0,0,0,0,0,,1
A-f17767,2023-10,2023-10-31,9,active,4,S-59dc4b,1274,Pro,26,False,monthly,2947,0,0,0,0,5,0,0,,1
A-f17767,2023-11,2023-11-30,10,active,6,S-59dc4b,1274,Pro,26,False,monthly,4112,0,0,0,0,2,2,0,,1
A-f17767,2023-12,2023-12-31,11,active,7,S-91b63c,7761,Enterprise,39,False,annual,11873,0,0,0,0,3,2,0,,1
A-f17767,2024-01,2024-01-31,12,active,7,S-91b63c,7761,Enterprise,39,False,annual,11873,539,1,0,0,5,3,1,5.00,1
A-f17767,2024-02,2024-02-29,13,active,8,S-91b63c,7761,Enterprise,39,False,annual,12951,0,0,0,0,4,1,0,,1
A-f17767,2024-03,2024-03-31,14,active,9,S-91b63c,7761,Enterprise,39,False,annual,13392,0,0,0,0,3,3,0,,1
A-f17767,2024-04,2024-04-30,15,active,9,S-91b63c,7761,Enterprise,39,False,annual,13392,0,0,0,0,3,2,0,,1
A-f17767,2024-05,2024-05-31,16,active,9,S-91b63c,7761,Enterprise,39,False,annual,13392,0,0,0,0,4,2,0,,1
A-f17767,2024-06,2024-06-30,17,active,9,S-91b63c,7761,Enterprise,39,False,annual,13392,0,0,0,0,2,2,0,,1
A-f17767,2024-07,2024-07-31,18,active,9,S-91b63c,7761,Enterprise,39,False,annual,13392,0,0,0,0,4,3,0,,1
A-f17767,2024-08,2024-08-31,19,active,11,S-91b63c,7761,Enterprise,39,False,annual,14179,0,0,0,0,3,3,0,,1
A-f17767,2024-09,2024-09-30,20,active,11,S-91b63c,7761,Enterprise,39,False,annual,14179,0,0,0,0,2,1,0,,1
A-f17767,2024-10,2024-10-31,21,active,11,S-91b63c,7761,Enterprise,39,False,annual,14179,0,0,0,0,1,1,0,,1
A-f17767,2024-11,2024-11-30,22,active,11,S-91b63c,7761,Enterprise,39,False,annual,14179,0,0,0,0,0,0,0,,1
A-f17767,2024-12,2024-12-31,23,active,12,S-91b63c,7761,Enterprise,39,False,annual,14914,0,0,0,0,4,3,0,,1
A-f19409,2023-03,2023-03-31,0,inactive,0,,0,,0,,,0,0,0,1,1,2,0,1,,1
A-f19409,2023-04,2023-04-30,1,active,1,S-d80516,2156,Pro,44,False,annual,2156,0,0,0,0,1,0,1,,1
A-f19409,2023-05,2023-05-31,2,active,1,S-d80516,2156,Pro,44,False,annual,2156,0,0,1,1,3,0,0,,1
A-f19409,2023-06,2023-06-30,3,active,1,S-d80516,2156,Pro,44,False,annual,2156,0,0,0,0,5,0,0,,1
A-f19409,2023-07,2023-07-31,4,active,1,S-d80516,2156,Pro,44,False,annual,2156,0,0,0,0,5,0,0,,1
A-f19409,2023-08,2023-08-31,5,active,2,S-70a554,4577,Enterprise,23,False,annual,6733,0,0,0,0,1,0,0,,1
A-f19409,2023-09,2023-09-30,6,active,3,S-70a554,4577,Enterprise,23,False,annual,8399,0,0,0,0,4,1,0,,1
A-f19409,2023-10,2023-10-31,7,active,3,S-70a554,4577,Enterprise,23,False,annual,8399,0,0,0,0,3,2,0,,1
A-f19409,2023-11,2023-11-30,8,active,3,S-70a554,4577,Enterprise,23,False,annual,8399,0,0,0,0,1,1,0,,1
A-f19409,2023-12,2023-12-31,9,active,3,S-70a554,4577,Enterprise,23,False,annual,8399,0,0,0,0,1,1,0,,1
A-f19409,2024-01,2024-01-31,10,active,3,S-70a554,4577,Enterprise,23,False,annual,8399,0,0,0,0,4,1,0,,1
A-f19409,2024-02,2024-02-29,11,active,3,S-70a554,4577,Enterprise,23,False,annual,8399,0,0,0,0,0,0,0,,1
A-f19409,2024-03,2024-03-31,12,active,3,S-70a554,4577,Enterprise,23,False,annual,8399,0,0,0,0,2,1,0,,1
A-f19409,2024-04,2024-04-30,13,active,5,S-8fd98a,7960,Enterprise,40,False,monthly,17486,0,0,0,0,4,0,0,,1
A-f19409,2024-05,2024-05-31,14,active,5,S-8fd98a,7960,Enterprise,40,False,monthly,17486,0,0,0,0,2,0,0,,1
A-f19409,2024-06,2024-06-30,15,active,6,S-8fd98a,7960,Enterprise,40,False,monthly,17486,0,0,0,0,4,3,0,,1
A-f19409,2024-07,2024-07-31,16,active,6,S-8fd98a,7960,Enterprise,40,False,monthly,17486,0,0,0,0,4,2,0,,1
A-f19409,2024-08,2024-08-31,17,active,7,S-8fd98a,7960,Enterprise,40,False,monthly,22063,0,0,0,0,3,1,0,,1
A-f19409,2024-09,2024-09-30,18,active,9,S-8fd98a,7960,Enterprise,40,False,monthly,27767,0,0,0,0,2,1,0,,1
A-f19409,2024-10,2024-10-31,19,active,11,S-8fd98a,7960,Enterprise,40,False,monthly,33471,4577,1,0,0,3,3,0,,1
A-f19409,2024-11,2024-11-30,20,active,10,S-8fd98a,7960,Enterprise,40,False,monthly,28894,0,0,0,0,5,4,1,4.00,1
A-f19409,2024-12,2024-12-31,21,active,11,S-8fd98a,7960,Enterprise,40,False,monthly,29559,0,0,0,0,2,2,0,,1
A-f19b24,2023-01,2023-01-31,0,inactive,0,,0,,0,,,0,0,0,0,0,1,0,0,,0
A-f19b24,2023-02,2023-02-28,1,inactive,0,,0,,0,,,0,0,0,0,0,0,0,0,,0
A-f19b24,2023-03,2023-03-31,2,inactive,0,,0,,0,,,0,0,0,0,0,0,0,0,,0
A-f19b24,2023-04,2023-04-30,3,inactive,0,,0,,0,,,0,0,0,0,0,0,0,0,,0
A-f19b24,2023-05,2023-05-31,4,inactive,0,,0,,0,,,0,0,0,0,0,1,0,0,,0
A-f19b24,2023-06,2023-06-30,5,inactive,0,,0,,0,,,0,0,0,0,0,0,0,0,,0
A-f19b24,2023-07,2023-07-31,6,inactive,0,,0,,0,,,0,0,0,0,0,0,0,0,,0
A-f19b24,2023-08,2023-08-31,7,inactive,0,,0,,0,,,0,0,0,0,0,1,0,0,,0
A-f19b24,2023-09,2023-09-30,8,inactive,0,,0,,0,,,0,0,0,0,0,0,0,0,,0
A-f19b24,2023-10,2023-10-31,9,inactive,0,,0,,0,,,0,0,0,0,0,1,0,0,,0
A-f19b24,2023-11,2023-11-30,10,inactive,0,,0,,0,,,0,0,0,0,0,0,0,1,4.00,0
A-f19b24,2023-12,2023-12-31,11,inactive,0,,0,,0,,,0,0,0,0,0,2,0,0,,0
A-f19b24,2024-01,2024-01-31,12,inactive,0,,0,,0,,,0,0,0,0,0,1,0,1,,0
A-f19b24,2024-02,2024-02-29,13,inactive,0,,0,,0,,,0,0,0,0,0,0,0,0,,0
A-f19b24,2024-03,2024-03-31,14,active,1,S-f093d0,1421,Pro,29,False,monthly,1421,0,0,0,0,0,0,0,,0
A-f19b24,2024-04,2024-04-30,15,active,1,S-f093d0,1421,Pro,29,False,monthly,1421,0,0,0,0,0,0,0,,0
A-f19b24,2024-05,2024-05-31,16,active,1,S-f093d0,1421,Pro,29,False,monthly,1421,0,0,0,0,1,0,0,,0
A-f19b24,2024-06,2024-06-30,17,active,1,S-f093d0,1421,Pro,29,False,monthly,1421,0,0,0,0,0,0,0,,0
A-f19b24,2024-07,2024-07-31,18,active,1,S-f093d0,1421,Pro,29,False,monthly,1421,0,0,0,0,0,0,0,,0
A-f19b24,2024-08,2024-08-31,19,active,2,S-f093d0,1421,Pro,29,False,monthly,1972,0,0,0,0,0,0,0,,0
A-f19b24,2024-09,2024-09-30,20,active,2,S-f093d0,1421,Pro,29,False,monthly,1972,0,0,0,0,0,0,0,,0
A-f19b24,2024-10,2024-10-31,21,active,2,S-f093d0,1421,Pro,29,False,monthly,1972,0,0,0,0,2,1,0,,0
A-f19b24,2024-11,2024-11-30,22,active,2,S-f093d0,1421,Pro,29,False,monthly,1972,0,0,0,0,2,2,0,,0
A-f19b24,2024-12,2024-12-31,23,active,3,S-f093d0,1421,Pro,29,False,monthly,2523,0,0,0,0,0,0,0,,0
A-f1f639,2023-02,2023-02-28,0,inactive,0,,0,,0,,,0,0,0,0,0,0,0,0,,0
A-f1f639,2023-03,2023-03-31,1,inactive,0,,0,,0,,,0,0,0,0,0,1,0,0,,0
A-f1f639,2023-04,2023-04-30,2,inactive,0,,0,,0,,,0,0,0,0,0,1,0,0,,0
A-f1f639,2023-05,2023-05-31,3,inactive,0,,0,,0,,,0,0,0,0,0,0,0,0,,0
A-f1f639,2023-06,2023-06-30,4,inactive,0,,0,,0,,,0,0,0,0,0,1,0,0,,0
A-f1f639,2023-07,2023-07-31,5,active,1,S-07c2c2,95,Basic,5,False,monthly,95,0,0,0,0,1,1,0,,0
A-f1f639,2023-08,2023-08-31,6,active,2,S-343bab,995,Enterprise,5,False,monthly,1090,0,0,0,0,1,1,0,,0
A-f1f639,2023-09,2023-09-30,7,active,2,S-343bab,995,Enterprise,5,False,monthly,1090,0,0,0,0,0,0,1,5.00,0
A-f1f639,2023-10,2023-10-31,8,active,2,S-343bab,995,Enterprise,5,False,monthly,1090,0,0,1,1,2,0,0,,0
A-f1f639,2023-11,2023-11-30,9,active,2,S-343bab,995,Enterprise,5,False,monthly,1090,0,0,0,0,0,0,1,,0
A-f1f639,2023-12,2023-12-31,10,active,2,S-343bab,995,Enterprise,5,False,monthly,1090,0,0,0,0,0,0,1,,0
A-f1f639,2024-01,2024-01-31,11,active,3,S-343bab,995,Enterprise,5,False,monthly,1128,0,0,0,0,0,0,0,,0
A-f1f639,2024-02,2024-02-29,12,active,3,S-343bab,995,Enterprise,5,False,monthly,1128,0,0,0,0,0,0,0,,0
A-f1f639,2024-03,2024-03-31,13,active,3,S-343bab,995,Enterprise,5,False,monthly,1128,0,0,0,0,0,0,0,,0
A-f1f639,2024-04,2024-04-30,14,active,3,S-343bab,995,Enterprise,5,False,monthly,1128,0,0,1,1,0,0,1,4.00,0
A-f1f639,2024-05,2024-05-31,15,active,3,S-343bab,995,Enterprise,5,False,monthly,1128,0,0,0,0,0,0,1,5.00,0
A-f1f639,2024-06,2024-06-30,16,active,3,S-343bab,995,Enterprise,5,False,monthly,1128,0,0,0,0,1,0,0,,0
A-f1f639,2024-07,2024-07-31,17,active,3,S-343bab,995,Enterprise,5,False,monthly,1128,0,0,0,0,0,0,0,,0
A-f1f639,2024-08,2024-08-31,18,active,3,S-343bab,995,Enterprise,5,False,monthly,1128,0,0,0,0,0,0,0,,0
A-f1f639,2024-09,2024-09-30,19,active,4,S-f52fd6,1791,Enterprise,9,False,monthly,2919,0,0,0,0,1,1,1,5.00,0
A-f1f639,2024-10,2024-10-31,20,active,4,S-f52fd6,1791,Enterprise,9,False,monthly,2919,0,0,0,0,1,1,0,,0
A-f1f639,2024-11,2024-11-30,21,active,4,S-f52fd6,1791,Enterprise,9,False,monthly,2919,0,0,0,0,0,0,0,,0
A-f1f639,2024-12,2024-12-31,22,active,4,S-f52fd6,1791,Enterprise,9,False,monthly,2919,0,0,0,0,2,2,1,5.00,0
A-f25509,2024-03,2024-03-31,0,inactive,0,,0,,0,,,0,0,0,0,0,3,0,1,4.00,0
A-f25509,2024-04,2024-04-30,1,inactive,0,,0,,0,,,0,0,0,0,0,0,0,0,,0
A-f25509,2024-05,2024-05-31,2,active,1,S-3632aa,6368,Enterprise,32,False,monthly,6368,0,0,1,1,1,0,2,5.00,0
A-f25509,2024-06,2024-06-30,3,active,2,S-3632aa,6368,Enterprise,32,False,monthly,6368,0,0,1,1,1,0,0,,0
A-f25509,2024-07,2024-07-31,4,active,3,S-864b0c,6368,Enterprise,32,False,annual,12736,0,0,0,0,1,0,0,,0
A-f25509,2024-08,2024-08-31,5,active,3,S-864b0c,6368,Enterprise,32,False,annual,12736,0,0,0,0,1,1,0,,0
A-f25509,2024-09,2024-09-30,6,active,3,S-864b0c,6368,Enterprise,32,False,annual,12736,0,0,0,0,1,1,0,,0
A-f25509,2024-10,2024-10-31,7,active,4,S-864b0c,6368,Enterprise,32,False,annual,15039,0,0,0,0,0,0,0,,0
A-f25509,2024-11,2024-11-30,8,active,4,S-864b0c,6368,Enterprise,32,False,annual,15039,0,0,1,1,0,0,0,,0
A-f25509,2024-12,2024-12-31,9,active,5,S-864b0c,6368,Enterprise,32,False,annual,16122,0,0,0,0,2,2,0,,0
A-f3ff05,2024-07,2024-07-31,0,inactive,0,,0,,0,,,0,0,0,0,0,2,0,0,,0
A-f3ff05,2024-08,2024-08-31,1,active,4,S-fc2bf2,532,Basic,28,False,monthly,1127,0,0,0,0,0,0,0,,0
A-f3ff05,2024-09,2024-09-30,2,active,6,S-c64e87,5373,Enterprise,27,False,annual,8973,38,1,0,0,7,2,0,,0
A-f3ff05,2024-10,2024-10-31,3,active,8,S-5aacfa,9552,Enterprise,48,False,annual,18563,0,0,1,1,4,3,0,,0
A-f3ff05,2024-11,2024-11-30,4,active,11,S-5aacfa,9552,Enterprise,48,False,annual,18857,0,0,0,0,1,1,0,,0
A-f3ff05,2024-12,2024-12-31,5,active,12,S-5aacfa,9552,Enterprise,48,False,annual,19427,0,0,0,0,1,1,0,,0
A-f44180,2023-02,2023-02-28,0,inactive,0,,0,,0,,,0,0,0,0,0,2,0,0,,0
A-f44180,2023-03,2023-03-31,1,active,1,S-f5c7b2,1791,Enterprise,9,False,annual,1791,0,0,0,0,2,0,0,,0
A-f44180,2023-04,2023-04-30,2,active,2,S-f42cc4,2786,Enterprise,14,False,annual,4577,0,0,1,1,1,0,0,,0
A-f44180,2023-05,2023-05-31,3,active,3,S-7da02b,17711,Enterprise,89,False,annual,22288,0,0,0,0,1,0,0,,0
A-f44180,2023-06,2023-06-30,4,active,3,S-7da02b,17711,Enterprise,89,False,annual,22288,0,0,0,0,2,0,0,,0
A-f44180,2023-07,2023-07-31,5,active,3,S-7da02b,17711,Enterprise,89,False,annual,22288,0,0,0,0,1,0,0,,0
A-f44180,2023-08,2023-08-31,6,active,4,S-7da02b,17711,Enterprise,89,False,annual,24079,0,0,0,0,0,0,0,,0
A-f44180,2023-09,2023-09-30,7,active,4,S-7da02b,17711,Enterprise,89,False,annual,24079,0,0,0,0,3,1,0,,0
A-f44180,2023-10,2023-10-31,8,active,5,S-7da02b,17711,Enterprise,89,False,annual,25870,0,0,0,0,4,2,0,,0
A-f44180,2023-11,2023-11-30,9,active,5,S-7da02b,17711,Enterprise,89,False,annual,25870,0,0,0,0,3,1,0,,0
A-f44180,2023-12,2023-12-31,10,active,5,S-f42cc4,2786,Enterprise,14,False,annual,9950,17711,1,0,0,5,1,0,,0
A-f44180,2024-01,2024-01-31,11,active,5,S-f42cc4,2786,Enterprise,14,False,annual,9950,0,0,0,0,1,0,0,,0
A-f44180,2024-02,2024-02-29,12,active,5,S-f42cc4,2786,Enterprise,14,False,annual,9950,0,0,0,0,3,1,0,,0
A-f44180,2024-03,2024-03-31,13,active,5,S-f42cc4,2786,Enterprise,14,False,annual,9950,0,0,0,0,2,2,0,,0
A-f44180,2024-04,2024-04-30,14,active,5,S-f42cc4,2786,Enterprise,14,False,annual,9950,0,0,0,0,2,0,2,5.00,0
A-f44180,2024-05,2024-05-31,15,active,5,S-f42cc4,2786,Enterprise,14,False,annual,9950,0,0,0,0,1,1,0,,0
A-f44180,2024-06,2024-06-30,16,active,8,S-f42cc4,2786,Enterprise,14,False,annual,11077,0,0,0,0,0,0,0,,0
A-f44180,2024-07,2024-07-31,17,active,8,S-f42cc4,2786,Enterprise,14,False,annual,11077,0,0,0,0,3,2,0,,0
A-f44180,2024-08,2024-08-31,18,active,8,S-f42cc4,2786,Enterprise,14,False,annual,11077,0,0,0,0,3,2,0,,0
A-f44180,2024-09,2024-09-30,19,active,8,S-f42cc4,2786,Enterprise,14,False,annual,11077,0,0,0,0,0,0,0,,0
A-f44180,2024-10,2024-10-31,20,active,7,S-f42cc4,2786,Enterprise,14,False,annual,9286,1791,1,0,0,4,3,0,,0
A-f44180,2024-11,2024-11-30,21,active,7,S-f42cc4,2786,Enterprise,14,False,annual,9286,0,0,0,0,1,1,0,,0
A-f44180,2024-12,2024-12-31,22,active,9,S-f42cc4,2786,Enterprise,14,False,annual,9286,0,0,0,0,3,2,0,,0
A-f446b6,2023-05,2023-05-31,0,active,1,S-19b415,570,Basic,30,False,annual,570,0,0,0,0,2,0,0,,0
A-f446b6,2023-06,2023-06-30,1,active,1,S-19b415,570,Basic,30,False,annual,570,0,0,0,0,0,0,1,,0
A-f446b6,2023-07,2023-07-31,2,active,1,S-19b415,570,Basic,30,False,annual,570,0,0,0,0,2,0,2,5.00,0
A-f446b6,2023-08,2023-08-31,3,active,1,S-19b415,570,Basic,30,False,annual,570,0,0,0,0,3,0,0,,0
A-f446b6,2023-09,2023-09-30,4,active,2,S-19b415,570,Basic,30,False,annual,798,0,0,0,0,1,1,0,,0
A-f446b6,2023-10,2023-10-31,5,active,2,S-19b415,570,Basic,30,False,annual,798,0,0,0,0,2,0,1,,0
A-f446b6,2023-11,2023-11-30,6,active,2,S-19b415,570,Basic,30,False,annual,798,0,0,0,0,0,0,0,,0
A-f446b6,2023-12,2023-12-31,7,active,2,S-19b415,570,Basic,30,False,annual,798,0,0,0,0,3,1,2,3.50,0
A-f446b6,2024-01,2024-01-31,8,active,3,S-3ab534,3582,Enterprise,18,False,annual,4380,0,0,0,0,2,0,0,,0
A-f446b6,2024-02,2024-02-29,9,active,4,S-3ab534,3582,Enterprise,18,False,annual,5773,0,0,0,0,1,0,0,,0
A-f446b6,2024-03,2024-03-31,10,active,4,S-3ab534,3582,Enterprise,18,False,annual,5773,0,0,0,0,4,3,0,,0
A-f446b6,2024-04,2024-04-30,11,active,6,S-3ab534,3582,Enterprise,18,False,annual,8465,0,0,0,0,0,0,0,,0
A-f446b6,2024-05,2024-05-31,12,active,6,S-3ab534,3582,Enterprise,18,False,annual,8465,0,0,0,0,4,4,1,5.00,0
A-f446b6,2024-06,2024-06-30,13,active,6,S-3ab534,3582,Enterprise,18,False,annual,8465,0,0,0,0,2,2,0,,0
A-f446b6,2024-07,2024-07-31,14,active,8,S-3ab534,3582,Enterprise,18,False,annual,11297,0,0,0,0,5,4,0,,0
A-f446b6,2024-08,2024-08-31,15,active,8,S-3ab534,3582,Enterprise,18,False,annual,11297,0,0,0,0,0,0,0,,0
A-f446b6,2024-09,2024-09-30,16,active,9,S-3ab534,3582,Enterprise,18,False,annual,11392,0,0,0,0,0,0,0,,0
A-f446b6,2024-10,2024-10-31,17,active,8,S-3ab534,3582,Enterprise,18,False,annual,8805,2587,1,0,0,1,1,0,,0
A-f446b6,2024-11,2024-11-30,18,active,8,S-3ab534,3582,Enterprise,18,False,annual,8805,0,0,0,0,3,2,1,,0
A-f446b6,2024-12,2024-12-31,19,active,8,S-3ab534,3582,Enterprise,18,False,annual,8805,0,0,0,0,1,1,0,,0
A-f45426,2024-08,2024-08-31,0,active,2,S-70275b,380,Basic,20,False,annual,380,0,0,1,1,0,0,1,4.00,0
A-f45426,2024-09,2024-09-30,1,active,5,S-1c3a42,3980,Enterprise,20,False,annual,4899,1791,1,0,0,5,0,0,,0
A-f45426,2024-10,2024-10-31,2,active,6,S-1c3a42,3980,Enterprise,20,False,annual,5070,0,0,0,0,4,1,0,,0
A-f45426,2024-11,2024-11-30,3,active,7,S-1c3a42,3980,Enterprise,20,False,annual,5364,539,1,1,1,2,2,0,,0
A-f45426,2024-12,2024-12-31,4,active,9,S-e60306,9154,Enterprise,46,False,annual,14959,0,0,0,0,6,3,0,,0
A-f51f16,2023-12,2023-12-31,0,inactive,0,,0,,0,,,0,0,0,0,0,4,0,0,,0
A-f51f16,2024-01,2024-01-31,1,inactive,0,,0,,0,,,0,0,0,0,0,2,0,0,,0
A-f51f16,2024-02,2024-02-29,2,active,2,S-11d378,456,Basic,24,False,monthly,532,0,0,0,0,1,0,0,,0
A-f51f16,2024-03,2024-03-31,3,active,4,S-03a97f,2940,Pro,60,False,annual,5462,0,0,0,0,2,1,0,,0
A-f51f16,2024-04,2024-04-30,4,active,6,S-03a97f,2940,Pro,60,False,annual,5511,0,0,0,0,2,2,0,,0
A-f51f16,2024-05,2024-05-31,5,active,7,S-3fb291,7761,Enterprise,39,False,annual,13272,0,0,0,0,0,0,0,,0
A-f51f16,2024-06,2024-06-30,6,active,7,S-3fb291,7761,Enterprise,39,False,annual,13272,0,0,0,0,3,2,0,,0
A-f51f16,2024-07,2024-07-31,7,active,7,S-3fb291,7761,Enterprise,39,False,annual,13272,0,0,1,1,1,0,1,,0
A-f51f16,2024-08,2024-08-31,8,active,7,S-3fb291,7761,Enterprise,39,False,annual,13261,49,1,0,0,1,1,0,,0
A-f51f16,2024-09,2024-09-30,9,active,7,S-3fb291,7761,Enterprise,39,False,annual,13261,0,0,0,0,2,2,0,,0
A-f51f16,2024-10,2024-10-31,10,active,7,S-3fb291,7761,Enterprise,39,False,annual,13261,0,0,0,0,2,2,0,,0
A-f51f16,2024-11,2024-11-30,11,active,7,S-3fb291,7761,Enterprise,39,False,annual,13261,0,0,0,0,1,0,0,,0
A-f51f16,2024-12,2024-12-31,12,active,7,S-3fb291,7761,Enterprise,39,False,annual,13261,0,0,1,1,1,0,0,,0
A-f5641b,2024-03,2024-03-31,0,inactive,0,,0,,0,,,0,0,0,0,0,4,0,0,,0
A-f5641b,2024-04,2024-04-30,1,active,1,S-966a44,6169,Enterprise,31,False,monthly,6169,0,0,1,1,2,1,0,,0
A-f5641b,2024-05,2024-05-31,2,active,2,S-fc44ed,6169,Enterprise,31,False,annual,12338,0,0,0,0,1,0,0,,0
A-f5641b,2024-06,2024-06-30,3,active,3,S-fc44ed,6169,Enterprise,31,False,annual,12338,0,0,1,1,0,0,0,,0
A-f5641b,2024-07,2024-07-31,4,active,3,S-fc44ed,6169,Enterprise,31,False,annual,7688,6169,1,0,0,3,1,0,,0
A-f5641b,2024-08,2024-08-31,5,active,4,S-33200e,6169,Enterprise,31,False,monthly,13857,0,0,0,0,1,1,1,,0
A-f5641b,2024-09,2024-09-30,6,active,4,S-33200e,6169,Enterprise,31,False,monthly,13857,0,0,0,0,0,0,1,3.00,0
A-f5641b,2024-10,2024-10-31,7,active,6,S-7dd478,6169,Enterprise,31,False,monthly,21888,0,0,0,0,0,0,0,,0
A-f5641b,2024-11,2024-11-30,8,active,7,S-7dd478,6169,Enterprise,31,False,monthly,22477,0,0,0,0,2,2,0,,0
A-f5641b,2024-12,2024-12-31,9,active,9,S-9a115f,8955,Enterprise,45,False,monthly,32951,0,0,0,0,2,2,0,,0
A-f6b2fb,2024-04,2024-04-30,0,inactive,0,,0,,0,,,0,0,0,0,0,1,0,0,,0
A-f6b2fb,2024-05,2024-05-31,1,active,1,S-721fea,1127,Pro,23,False,monthly,1127,0,0,0,0,2,0,0,,0
A-f6b2fb,2024-06,2024-06-30,2,active,3,S-8ba96c,4577,Enterprise,23,False,annual,5704,0,0,0,0,1,0,0,,0
A-f6b2fb,2024-07,2024-07-31,3,active,4,S-8ba96c,4577,Enterprise,23,False,annual,6831,0,0,1,1,2,1,0,,0
A-f6b2fb,2024-08,2024-08-31,4,active,7,S-59778a,9751,Enterprise,49,False,monthly,21795,0,0,0,0,2,2,0,,0
A-f6b2fb,2024-09,2024-09-30,5,active,7,S-59778a,9751,Enterprise,49,False,monthly,21795,0,0,0,0,3,2,0,,0
A-f6b2fb,2024-10,2024-10-31,6,active,9,S-59778a,9751,Enterprise,49,False,monthly,22922,0,0,0,0,3,0,0,,0
A-f6b2fb,2024-11,2024-11-30,7,active,10,S-59778a,9751,Enterprise,49,False,monthly,23359,0,0,0,0,0,0,0,,0
A-f6b2fb,2024-12,2024-12-31,8,active,8,S-59778a,9751,Enterprise,49,False,monthly,22232,1127,2,0,0,2,2,0,,0
A-f92792,2024-07,2024-07-31,0,active,1,S-456829,1274,Pro,26,False,annual,1274,0,0,0,0,0,0,1,4.00,0
A-f92792,2024-08,2024-08-31,1,active,3,S-a8a1e8,6965,Enterprise,35,False,monthly,8524,0,0,0,0,2,1,0,,0
A-f92792,2024-09,2024-09-30,2,active,8,S-a8a1e8,6965,Enterprise,35,False,monthly,17262,0,0,0,0,1,0,0,,0
A-f92792,2024-10,2024-10-31,3,active,9,S-a8a1e8,6965,Enterprise,35,False,monthly,17997,0,0,0,0,2,2,0,,0
A-f92792,2024-11,2024-11-30,4,active,11,S-a8a1e8,6965,Enterprise,35,False,monthly,18054,0,0,1,1,1,0,1,,0
A-f92792,2024-12,2024-12-31,5,active,14,S-a8a1e8,6965,Enterprise,35,False,monthly,18807,0,0,0,0,3,3,0,,0
A-f97b9a,2023-07,2023-07-31,0,inactive,0,,0,,0,,,0,0,0,0,0,2,0,0,,0
A-f97b9a,2023-08,2023-08-31,1,inactive,0,,0,,0,,,0,0,0,0,0,4,0,0,,0
A-f97b9a,2023-09,2023-09-30,2,active,1,S-4d8612,0,Enterprise,16,True,monthly,0,0,0,0,0,2,0,1,,0
A-f97b9a,2023-10,2023-10-31,3,active,1,S-4d8612,0,Enterprise,16,True,monthly,0,0,0,0,0,3,1,0,,0
A-f97b9a,2023-11,2023-11-30,4,active,1,S-4d8612,0,Enterprise,16,True,monthly,0,0,0,0,0,1,1,0,,0
A-f97b9a,2023-12,2023-12-31,5,active,3,S-6a8046,3781,Enterprise,19,False,monthly,3781,0,0,0,0,3,0,0,,0
A-f97b9a,2024-01,2024-01-31,6,active,3,S-6a8046,3781,Enterprise,19,False,monthly,3781,0,0,0,0,2,0,0,,0
A-f97b9a,2024-02,2024-02-29,7,active,3,S-6a8046,3781,Enterprise,19,False,monthly,3781,0,0,0,0,2,1,0,,0
A-f97b9a,2024-03,2024-03-31,8,active,3,S-6a8046,3781,Enterprise,19,False,monthly,3781,0,0,0,0,9,4,0,,0
A-f97b9a,2024-04,2024-04-30,9,active,4,S-b38152,5970,Enterprise,30,False,annual,9751,0,0,0,0,4,1,0,,0
A-f97b9a,2024-05,2024-05-31,10,active,4,S-b38152,5970,Enterprise,30,False,annual,9751,0,0,0,0,4,2,0,,0
A-f97b9a,2024-06,2024-06-30,11,active,6,S-d8f67e,7164,Enterprise,36,False,monthly,20099,0,0,0,0,0,0,1,,0
A-f97b9a,2024-07,2024-07-31,12,active,7,S-d8f67e,7164,Enterprise,36,False,monthly,20403,0,0,0,0,2,2,0,,0
A-f97b9a,2024-08,2024-08-31,13,active,8,S-d8f67e,7164,Enterprise,36,False,monthly,20403,0,0,0,0,2,0,0,,0
A-f97b9a,2024-09,2024-09-30,14,active,8,S-d8f67e,7164,Enterprise,36,False,monthly,20403,0,0,0,0,2,2,0,,0
A-f97b9a,2024-10,2024-10-31,15,active,8,S-d8f67e,7164,Enterprise,36,False,monthly,20403,0,0,0,0,3,3,0,,0
A-f97b9a,2024-11,2024-11-30,16,active,10,S-d8f67e,7164,Enterprise,36,False,monthly,23049,0,0,0,0,3,2,1,,0
A-f97b9a,2024-12,2024-12-31,17,active,11,S-d8f67e,7164,Enterprise,36,False,monthly,23833,0,0,0,0,3,3,0,,0
A-f9cc74,2024-10,2024-10-31,0,active,3,S-78172b,5970,Enterprise,30,False,monthly,13410,0,0,0,0,3,0,0,,0
A-f9cc74,2024-11,2024-11-30,1,active,6,S-78172b,5970,Enterprise,30,False,monthly,14550,1007,1,0,0,2,0,1,3.00,0
A-f9cc74,2024-12,2024-12-31,2,active,9,S-78172b,5970,Enterprise,30,False,monthly,14550,0,0,0,0,2,2,1,3.00,0
A-fa2041,2024-05,2024-05-31,0,inactive,0,,0,,0,,,0,0,0,0,0,3,0,0,,0
A-fa2041,2024-06,2024-06-30,1,active,2,S-cbfd83,2548,Pro,52,False,monthly,2548,0,0,0,0,4,0,0,,0
A-fa2041,2024-07,2024-07-31,2,active,6,S-52280f,3184,Enterprise,16,False,annual,9002,0,0,1,1,4,0,0,,0
A-fa2041,2024-08,2024-08-31,3,active,8,S-52280f,3184,Enterprise,16,False,annual,10766,0,0,0,0,0,0,0,,0
A-fa2041,2024-09,2024-09-30,4,active,8,S-52280f,3184,Enterprise,16,False,annual,10766,0,0,0,0,0,0,0,,0
A-fa2041,2024-10,2024-10-31,5,active,11,S-826424,3582,Enterprise,18,False,annual,20915,0,0,0,0,4,3,0,,0
A-fa2041,2024-11,2024-11-30,6,active,11,S-826424,3582,Enterprise,18,False,annual,20915,0,0,0,0,1,1,0,,0
A-fa2041,2024-12,2024-12-31,7,active,12,S-826424,3582,Enterprise,18,False,annual,20915,0,0,0,0,4,4,0,,0
A-fa3095,2023-09,2023-09-30,0,active,1,S-6c4770,0,Enterprise,70,True,monthly,0,0,0,0,0,1,0,0,,0
A-fa3095,2023-10,2023-10-31,1,active,1,S-6c4770,0,Enterprise,70,True,monthly,0,0,0,0,0,3,1,1,5.00,0
A-fa3095,2023-11,2023-11-30,2,active,1,S-6c4770,0,Enterprise,70,True,monthly,0,0,0,0,0,2,0,0,,0
A-fa3095,2023-12,2023-12-31,3,active,4,S-783694,13930,Enterprise,70,False,annual,31290,0,0,1,1,1,0,0,,0
A-fa3095,2024-01,2024-01-31,4,active,4,S-783694,13930,Enterprise,70,False,annual,31290,0,0,0,0,2,0,0,,0
A-fa3095,2024-02,2024-02-29,5,active,4,S-783694,13930,Enterprise,70,False,annual,31290,0,0,0,0,1,0,0,,0
A-fa3095,2024-03,2024-03-31,6,active,4,S-783694,13930,Enterprise,70,False,annual,31290,0,0,0,0,3,1,0,,0
A-fa3095,2024-04,2024-04-30,7,active,4,S-783694,13930,Enterprise,70,False,annual,31290,0,0,0,0,0,0,0,,0
A-fa3095,2024-05,2024-05-31,8,active,5,S-783694,13930,Enterprise,70,False,annual,32620,0,0,0,0,1,1,0,,0
A-fa3095,2024-06,2024-06-30,9,active,7,S-457294,13930,Enterprise,70,False,monthly,47880,0,0,0,0,1,0,1,5.00,0
A-fa3095,2024-07,2024-07-31,10,active,8,S-2923fc,13930,Enterprise,70,False,annual,61810,0,0,0,0,0,0,0,,0
A-fa3095,2024-08,2024-08-31,11,active,8,S-2923fc,13930,Enterprise,70,False,annual,61810,0,0,0,0,3,1,0,,0
A-fa3095,2024-09,2024-09-30,12,active,8,S-2923fc,13930,Enterprise,70,False,annual,61810,0,0,0,0,5,4,0,,0
A-fa3095,2024-10,2024-10-31,13,active,8,S-2923fc,13930,Enterprise,70,False,annual,61810,0,0,0,0,1,1,1,,0
A-fa3095,2024-11,2024-11-30,14,active,8,S-2923fc,13930,Enterprise,70,False,annual,61810,0,0,0,0,5,2,1,,0
A-fa3095,2024-12,2024-12-31,15,active,12,S-2923fc,13930,Enterprise,70,False,annual,69230,0,0,0,0,3,2,0,,0
A-faa28c,2024-01,2024-01-31,0,inactive,0,,0,,0,,,0,0,0,0,0,2,0,1,4.00,0
A-faa28c,2024-02,2024-02-29,1,active,5,S-084f4a,9552,Enterprise,48,False,monthly,15089,0,0,0,0,6,0,0,,0
A-faa28c,2024-03,2024-03-31,2,active,5,S-084f4a,9552,Enterprise,48,False,monthly,15089,0,0,0,0,6,2,0,,0
A-faa28c,2024-04,2024-04-30,3,active,5,S-084f4a,9552,Enterprise,48,False,monthly,15089,0,0,0,0,4,1,0,,0
A-faa28c,2024-05,2024-05-31,4,active,6,S-084f4a,9552,Enterprise,48,False,monthly,15089,0,0,1,1,1,1,1,5.00,0
A-faa28c,2024-06,2024-06-30,5,active,8,S-f4097a,9552,Enterprise,48,False,monthly,25553,0,0,0,0,3,1,0,,0
A-faa28c,2024-07,2024-07-31,6,active,9,S-f4097a,9552,Enterprise,48,False,monthly,26465,0,0,0,0,2,1,0,,0
A-faa28c,2024-08,2024-08-31,7,active,10,S-de9ce0,9552,Enterprise,48,False,annual,36017,0,0,1,1,2,2,0,,0
A-faa28c,2024-09,2024-09-30,8,active,12,S-b63db8,9552,Enterprise,48,False,monthly,46500,0,0,0,0,0,0,0,,0
A-faa28c,2024-10,2024-10-31,9,active,11,S-b63db8,9552,Enterprise,48,False,monthly,36948,9552,1,0,0,4,3,1,,0
A-faa28c,2024-11,2024-11-30,10,active,12,S-f554b0,9552,Enterprise,48,False,annual,46500,0,0,0,0,1,1,0,,0
A-faa28c,2024-12,2024-12-31,11,active,12,S-f554b0,9552,Enterprise,48,False,annual,39300,9552,1,0,0,3,2,0,,0
A-fabe19,2024-11,2024-11-30,0,active,2,S-36ee88,6169,Enterprise,31,False,monthly,7164,0,0,0,0,1,0,0,,0
A-fabe19,2024-12,2024-12-31,1,active,5,S-36ee88,6169,Enterprise,31,False,monthly,9552,10945,2,0,0,4,1,0,,0
A-fb186e,2024-10,2024-10-31,0,inactive,0,,0,,0,,,0,0,0,0,0,2,0,0,,0
A-fb186e,2024-11,2024-11-30,1,active,1,S-7d9605,0,Basic,33,True,annual,0,0,0,0,0,0,0,0,,0
A-fb186e,2024-12,2024-12-31,2,active,3,S-0eba5a,5771,Enterprise,29,False,monthly,5771,0,0,0,0,0,0,0,,0
A-fce879,2024-09,2024-09-30,0,active,1,S-c14eeb,627,Basic,33,False,monthly,627,0,0,0,0,2,0,0,,1
A-fce879,2024-10,2024-10-31,1,active,4,S-ba67a5,3781,Enterprise,19,False,annual,6398,0,0,1,1,2,1,0,,1
A-fce879,2024-11,2024-11-30,2,active,4,S-ba67a5,3781,Enterprise,19,False,annual,6398,0,0,0,0,1,1,0,,1
A-fce879,2024-12,2024-12-31,3,active,5,S-ba67a5,3781,Enterprise,19,False,annual,6797,0,0,1,1,0,0,0,,1
A-fd7ad3,2024-11,2024-11-30,0,active,8,S-6cb3d7,539,Pro,11,False,annual,892,0,0,1,2,4,1,0,,0
A-fd7ad3,2024-12,2024-12-31,1,active,8,S-4f43fd,551,Basic,29,False,monthly,904,2927,2,1,2,0,0,0,,0
A-fd9422,2024-04,2024-04-30,0,inactive,0,,0,,0,,,0,0,0,0,0,5,0,0,,0
A-fd9422,2024-05,2024-05-31,1,active,2,S-f9cb96,11542,Enterprise,58,False,annual,11542,0,0,0,0,2,0,0,,0
A-fd9422,2024-06,2024-06-30,2,active,2,S-f9cb96,11542,Enterprise,58,False,annual,11542,0,0,0,0,2,0,0,,0
A-fd9422,2024-07,2024-07-31,3,active,3,S-f9cb96,11542,Enterprise,58,False,annual,11542,0,0,0,0,3,0,0,,0
A-fd9422,2024-08,2024-08-31,4,active,4,S-f9cb96,11542,Enterprise,58,False,annual,12644,0,0,0,0,3,1,0,,0
A-fd9422,2024-09,2024-09-30,5,active,4,S-f9cb96,11542,Enterprise,58,False,annual,12644,0,0,0,0,3,2,0,,0
A-fd9422,2024-10,2024-10-31,6,active,4,S-f9cb96,11542,Enterprise,58,False,annual,12644,1102,1,0,0,2,0,0,,0
A-fd9422,2024-11,2024-11-30,7,active,6,S-c8fedf,11542,Enterprise,58,False,monthly,24186,0,0,0,0,3,3,0,,0
A-fd9422,2024-12,2024-12-31,8,active,8,S-c8fedf,11542,Enterprise,58,False,monthly,27028,0,0,0,0,4,3,1,4.00,0
A-fda07f,2024-08,2024-08-31,0,active,1,S-e09e04,2786,Enterprise,14,False,annual,2786,0,0,0,0,1,0,1,5.00,0
A-fda07f,2024-09,2024-09-30,1,active,4,S-a82473,3184,Enterprise,16,False,annual,7769,0,0,1,1,4,0,1,4.00,0
A-fda07f,2024-10,2024-10-31,2,active,8,S-699110,5373,Enterprise,27,False,annual,13294,0,0,0,0,1,1,0,,0
A-fda07f,2024-11,2024-11-30,3,active,10,S-5272ff,13731,Enterprise,69,False,annual,27368,0,0,0,0,1,0,0,,0
A-fda07f,2024-12,2024-12-31,4,active,12,S-5272ff,13731,Enterprise,69,False,annual,28418,0,0,0,0,4,4,0,,0
A-fdfc91,2023-05,2023-05-31,0,inactive,0,,0,,0,,,0,0,0,0,0,3,0,0,,0
A-fdfc91,2023-06,2023-06-30,1,inactive,0,,0,,0,,,0,0,0,0,0,1,0,1,,0
A-fdfc91,2023-07,2023-07-31,2,active,1,S-104941,551,Basic,29,False,monthly,551,0,0,0,0,4,0,0,,0
A-fdfc91,2023-08,2023-08-31,3,active,2,S-124207,551,Basic,29,False,annual,1102,0,0,0,0,6,0,0,,0
A-fdfc91,2023-09,2023-09-30,4,active,3,S-ae3270,551,Basic,29,False,annual,1653,0,0,0,0,1,0,0,,0
A-fdfc91,2023-10,2023-10-31,5,active,3,S-ae3270,551,Basic,29,False,annual,1653,0,0,0,0,1,1,0,,0
A-fdfc91,2023-11,2023-11-30,6,active,3,S-ae3270,551,Basic,29,False,annual,1653,0,0,0,0,2,1,0,,0
A-fdfc91,2023-12,2023-12-31,7,active,3,S-ae3270,551,Basic,29,False,annual,1653,0,0,0,0,4,0,0,,0
A-fdfc91,2024-01,2024-01-31,8,active,3,S-ae3270,551,Basic,29,False,annual,1653,0,0,0,0,3,2,0,,0
A-fdfc91,2024-02,2024-02-29,9,active,3,S-ae3270,551,Basic,29,False,annual,1653,0,0,0,0,3,0,1,4.00,0
A-fdfc91,2024-03,2024-03-31,10,active,4,S-d933e7,1421,Pro,29,False,monthly,3074,0,0,0,0,0,0,0,,0
A-fdfc91,2024-04,2024-04-30,11,active,4,S-d933e7,1421,Pro,29,False,monthly,3074,0,0,0,0,2,1,0,,0
A-fdfc91,2024-05,2024-05-31,12,active,6,S-544f34,1421,Pro,29,False,monthly,4495,0,0,0,0,5,5,0,,0
A-fdfc91,2024-06,2024-06-30,13,active,6,S-544f34,1421,Pro,29,False,monthly,4495,0,0,0,0,3,0,0,,0
A-fdfc91,2024-07,2024-07-31,14,active,7,S-a3ab14,1421,Pro,29,False,annual,5916,0,0,0,0,1,0,0,,0
A-fdfc91,2024-08,2024-08-31,15,active,9,S-682d28,9353,Enterprise,47,False,annual,18503,0,0,0,0,1,1,0,,0
A-fdfc91,2024-09,2024-09-30,16,active,10,S-682d28,9353,Enterprise,47,False,annual,20612,0,0,0,0,2,2,0,,0
A-fdfc91,2024-10,2024-10-31,17,active,10,S-682d28,9353,Enterprise,47,False,annual,20612,0,0,0,0,0,0,0,,0
A-fdfc91,2024-11,2024-11-30,18,active,9,S-682d28,9353,Enterprise,47,False,annual,19191,1421,1,0,0,2,2,1,3.00,0
A-fdfc91,2024-12,2024-12-31,19,active,9,S-682d28,9353,Enterprise,47,False,annual,19191,0,0,0,0,0,0,0,,0
A-fe79a5,2024-02,2024-02-29,0,inactive,0,,0,,0,,,0,0,0,0,0,0,0,0,,0
A-fe79a5,2024-03,2024-03-31,1,active,2,S-7bf6d8,0,Basic,9,True,annual,0,0,0,0,0,1,0,0,,0
A-fe79a5,2024-04,2024-04-30,2,active,3,S-5ffb84,0,Enterprise,9,True,monthly,0,0,0,0,0,1,1,0,,0
A-fe79a5,2024-05,2024-05-31,3,active,4,S-6ed77d,1791,Enterprise,9,False,monthly,1791,0,0,0,0,1,0,0,,0
A-fe79a5,2024-06,2024-06-30,4,active,5,S-89d7b0,1791,Enterprise,9,False,annual,3582,0,0,0,0,1,1,0,,0
A-fe79a5,2024-07,2024-07-31,5,active,5,S-89d7b0,1791,Enterprise,9,False,annual,3582,0,0,0,0,1,0,0,,0
A-fe79a5,2024-08,2024-08-31,6,active,5,S-89d7b0,1791,Enterprise,9,False,annual,3582,0,0,0,0,2,2,0,,0
A-fe79a5,2024-09,2024-09-30,7,active,6,S-2d0d53,4577,Enterprise,23,False,annual,8159,0,0,0,0,1,1,0,,0
A-fe79a5,2024-10,2024-10-31,8,active,5,S-2d0d53,4577,Enterprise,23,False,annual,8159,0,1,0,0,1,0,0,,0
A-fe79a5,2024-11,2024-11-30,9,active,6,S-2d0d53,4577,Enterprise,23,False,annual,9950,0,0,0,0,2,2,0,,0
A-fe79a5,2024-12,2024-12-31,10,active,8,S-2d0d53,4577,Enterprise,23,False,annual,11741,1791,1,0,0,1,0,1,,0
A-ff3c73,2023-01,2023-01-31,0,inactive,0,,0,,0,,,0,0,0,0,0,2,0,0,,0
A-ff3c73,2023-02,2023-02-28,1,inactive,0,,0,,0,,,0,0,0,0,0,0,0,0,,0
A-ff3c73,2023-03,2023-03-31,2,inactive,0,,0,,0,,,0,0,0,0,0,2,0,2,3.50,0
A-ff3c73,2023-04,2023-04-30,3,active,2,S-eaac58,1254,Basic,66,False,annual,2283,0,0,0,0,2,1,0,,0
A-ff3c73,2023-05,2023-05-31,4,active,2,S-eaac58,1254,Basic,66,False,annual,2283,0,0,0,0,2,0,0,,0
A-ff3c73,2023-06,2023-06-30,5,active,3,S-eaac58,1254,Basic,66,False,annual,2682,0,0,0,0,1,1,0,,0
A-ff3c73,2023-07,2023-07-31,6,active,4,S-eaac58,1254,Basic,66,False,annual,2682,0,0,0,0,1,0,0,,0
A-ff3c73,2023-08,2023-08-31,7,active,4,S-eaac58,1254,Basic,66,False,annual,2682,0,0,0,0,2,2,0,,0
A-ff3c73,2023-09,2023-09-30,8,active,4,S-eaac58,1254,Basic,66,False,annual,2682,0,0,0,0,2,0,0,,0
A-ff3c73,2023-10,2023-10-31,9,active,5,S-eaac58,1254,Basic,66,False,annual,2682,0,0,0,0,2,1,0,,0
A-ff3c73,2023-11,2023-11-30,10,active,5,S-eaac58,1254,Basic,66,False,annual,2682,0,0,0,0,4,2,0,,0
A-ff3c73,2023-12,2023-12-31,11,active,4,S-eaac58,1254,Basic,66,False,annual,2682,0,1,1,1,0,0,0,,0
A-ff3c73,2024-01,2024-01-31,12,active,4,S-eaac58,1254,Basic,66,False,annual,2682,0,0,0,0,1,0,0,,0
A-ff3c73,2024-02,2024-02-29,13,active,4,S-eaac58,1254,Basic,66,False,annual,2682,0,0,0,0,1,1,0,,0
A-ff3c73,2024-03,2024-03-31,14,active,4,S-eaac58,1254,Basic,66,False,annual,2682,0,0,0,0,2,1,0,,0
A-ff3c73,2024-04,2024-04-30,15,active,4,S-eaac58,1254,Basic,66,False,annual,2682,0,0,0,0,0,0,0,,0
A-ff3c73,2024-05,2024-05-31,16,active,4,S-eaac58,1254,Basic,66,False,annual,2682,0,0,1,1,2,0,0,,0
A-ff3c73,2024-06,2024-06-30,17,active,5,S-eaac58,1254,Basic,66,False,annual,2682,0,0,0,0,4,2,0,,0
A-ff3c73,2024-07,2024-07-31,18,active,5,S-eaac58,1254,Basic,66,False,annual,2682,0,0,0,0,2,2,0,,0
A-ff3c73,2024-08,2024-08-31,19,active,5,S-eaac58,1254,Basic,66,False,annual,2682,0,0,0,0,2,0,0,,0
A-ff3c73,2024-09,2024-09-30,20,active,7,S-eaac58,1254,Basic,66,False,annual,3936,0,0,0,0,0,0,0,,0
A-ff3c73,2024-10,2024-10-31,21,active,8,S-eaac58,1254,Basic,66,False,annual,4335,0,0,0,0,2,1,0,,0
A-ff3c73,2024-11,2024-11-30,22,active,8,S-eaac58,1254,Basic,66,False,annual,4335,0,0,0,0,1,1,0,,0
A-ff3c73,2024-12,2024-12-31,23,active,8,S-eaac58,1254,Basic,66,False,annual,4335,0,0,0,0,3,3,0,,0
A-ff79f2,2024-04,2024-04-30,0,inactive,0,,0,,0,,,0,0,0,0,0,2,0,0,,1
A-ff79f2,2024-05,2024-05-31,1,active,1,S-d635a2,228,Basic,12,False,annual,228,0,0,0,0,2,0,0,,1
A-ff79f2,2024-06,2024-06-30,2,active,1,S-d635a2,228,Basic,12,False,annual,228,0,0,0,0,3,0,0,,1
A-ff79f2,2024-07,2024-07-31,3,active,2,S-13d6d1,490,Pro,10,False,monthly,718,0,0,0,0,1,0,0,,1
A-ff79f2,2024-08,2024-08-31,4,active,2,S-13d6d1,490,Pro,10,False,monthly,718,0,0,0,0,0,0,0,,1
A-ff79f2,2024-09,2024-09-30,5,active,3,S-28332f,4577,Enterprise,23,False,monthly,5295,0,0,0,0,2,2,1,,1
A-ff79f2,2024-10,2024-10-31,6,active,6,S-c192eb,16517,Enterprise,83,False,monthly,22819,0,0,0,0,2,1,0,,1
A-ff79f2,2024-11,2024-11-30,7,active,6,S-c192eb,16517,Enterprise,83,False,monthly,22819,684,1,0,0,4,3,0,,1
A-ff79f2,2024-12,2024-12-31,8,active,8,S-c192eb,16517,Enterprise,83,False,monthly,27189,3781,1,0,0,0,0,0,,1
A-ffc04f,2024-06,2024-06-30,0,active,1,S-6d507b,2587,Enterprise,13,False,annual,2587,0,0,0,0,3,1,0,,0
A-ffc04f,2024-07,2024-07-31,1,active,2,S-f1fa8b,2695,Pro,55,False,monthly,5282,0,0,0,0,3,1,0,,0
A-ffc04f,2024-08,2024-08-31,2,active,3,S-f1fa8b,2695,Pro,55,False,monthly,5282,0,0,1,1,6,0,0,,0
A-ffc04f,2024-09,2024-09-30,3,active,8,S-35ff9e,3781,Enterprise,19,False,monthly,12630,0,0,0,0,4,1,0,,0
A-ffc04f,2024-10,2024-10-31,4,active,10,S-35ff9e,3781,Enterprise,19,False,monthly,13857,0,0,0,0,8,5,0,,0
A-ffc04f,2024-11,2024-11-30,5,active,12,S-35ff9e,3781,Enterprise,19,False,monthly,16170,0,0,0,0,2,2,0,,0
A-ffc04f,2024-12,2024-12-31,6,active,13,S-35ff9e,3781,Enterprise,19,False,monthly,17393,2646,2,0,0,2,1,0,,0
A-ffdfd5,2024-04,2024-04-30,0,active,1,S-f7a5b9,539,Pro,11,False,annual,539,0,0,0,0,2,0,0,,1
A-ffdfd5,2024-05,2024-05-31,1,active,1,S-f7a5b9,539,Pro,11,False,annual,539,0,0,0,0,3,0,0,,1
A-ffdfd5,2024-06,2024-06-30,2,active,2,S-f7a5b9,539,Pro,11,False,annual,938,0,0,0,0,4,2,0,,1
A-ffdfd5,2024-07,2024-07-31,3,active,2,S-f7a5b9,539,Pro,11,False,annual,938,0,0,0,0,1,1,0,,1
A-ffdfd5,2024-08,2024-08-31,4,active,3,S-7b896c,570,Basic,30,False,monthly,1508,0,0,1,1,3,2,0,,1
A-ffdfd5,2024-09,2024-09-30,5,active,5,S-2beaee,4508,Pro,92,False,annual,6016,0,0,0,0,3,2,0,,1
A-ffdfd5,2024-10,2024-10-31,6,active,7,S-2beaee,4508,Pro,92,False,annual,8205,0,0,0,0,4,4,0,,1
A-ffdfd5,2024-11,2024-11-30,7,active,9,S-0a5cd7,5970,Enterprise,30,False,annual,14175,0,0,0,0,2,1,0,,1
A-ffdfd5,2024-12,2024-12-31,8,active,10,S-0a5cd7,5970,Enterprise,30,False,annual,14322,147,1,0,0,2,2,0,,1
