opportunity_id,deal_stage,current_sales_agent_id,current_sales_agent,current_manager,current_region,product,ticket_band,estimated_deal_value,account,sector,revenue_band,employee_band,days_open_as_of_snapshot,account_known,recommended_sales_agent_id,recommended_sales_agent,recommended_manager,recommended_region,match_score,match_confidence,match_band,match_reason,current_match_score,current_match_confidence,current_match_band,current_specialist_rank,recommended_differs_from_current
00400B1S,prospecting,lajuana_vencill,Lajuana Vencill,Dustin Brinkmann,Central,GTX Basic,low_ticket_under_1k,550,,,,,,False,hayden_neloms,Hayden Neloms,Celia Rouche,West,70.07479583264518,0.15165750888103105,possible_specialist,"ticket_band=low_ticket_under_1k (possible_fit, n=23)",52.685793792795806,0.5000000000000001,generalist_match,29.0,True
01EH41WA,engaging,zane_levy,Zane Levy,Summer Sewald,West,GTX Pro,high_ticket_4k_to_10k,4821,,,,,302.0,False,maureen_marcano,Maureen Marcano,Summer Sewald,West,73.54787621751144,0.5000000000000001,specialist_match,"product=GTX Pro (strong_fit, n=30); ticket_band=high_ticket_4k_to_10k (strong_fit, n=62)",62.897587492789604,0.5000000000000001,possible_specialist,20.0,True
01XZ9CRY,engaging,zane_levy,Zane Levy,Summer Sewald,West,GTX Plus Pro,high_ticket_4k_to_10k,5482,Initech,telecommunications,over_3b,over_10k,104.0,True,maureen_marcano,Maureen Marcano,Summer Sewald,West,75.82192670364135,0.8683250823060348,specialist_match,"product=GTX Plus Pro (strong_fit, n=32); ticket_band=high_ticket_4k_to_10k (strong_fit, n=62); sector=telecommunications (possible_fit, n=17)",62.000850976549906,0.9,possible_specialist,21.0,True
021Z2J9L,engaging,markita_hansen,Markita Hansen,Celia Rouche,West,GTK 500,strategic_ticket_10k_plus,26768,Rundofase,technology,500m_to_1_5b,500_to_2k,161.0,True,hayden_neloms,Hayden Neloms,Celia Rouche,West,70.18627092443685,0.3273891478519337,low_confidence,"sector=technology (neutral, n=14); revenue_band=500m_to_1_5b (neutral, n=31); employee_band=500_to_2k (neutral, n=30)",54.36565470365623,0.4000000000000001,generalist_match,27.0,True
02K37JAK,engaging,jonathan_berthelot,Jonathan Berthelot,Melvin Marxen,Central,GTX Plus Basic,mid_ticket_1k_to_4k,1096,,,,,163.0,False,maureen_marcano,Maureen Marcano,Summer Sewald,West,73.48602163110729,0.5000000000000001,specialist_match,"product=GTX Plus Basic (strong_fit, n=70); ticket_band=mid_ticket_1k_to_4k (strong_fit, n=87)",64.58087656615885,0.5000000000000001,generalist_match,11.0,True
03P9VXWG,prospecting,darcel_schlecht,Darcel Schlecht,Melvin Marxen,Central,GTX Basic,low_ticket_under_1k,550,,,,,,False,hayden_neloms,Hayden Neloms,Celia Rouche,West,70.07479583264518,0.15165750888103105,possible_specialist,"ticket_band=low_ticket_under_1k (possible_fit, n=23)",64.35527881140102,0.5000000000000001,possible_specialist,15.0,True
03VCDZEE,engaging,maureen_marcano,Maureen Marcano,Summer Sewald,West,GTX Pro,high_ticket_4k_to_10k,4821,,,,,311.0,False,maureen_marcano,Maureen Marcano,Summer Sewald,West,73.54787621751144,0.5000000000000001,specialist_match,"product=GTX Pro (strong_fit, n=30); ticket_band=high_ticket_4k_to_10k (strong_fit, n=62)",73.54787621751144,0.5000000000000001,specialist_match,1.0,False
041Q1IZL,engaging,zane_levy,Zane Levy,Summer Sewald,West,GTX Pro,high_ticket_4k_to_10k,4821,Green-Plus,services,500m_to_1_5b,500_to_2k,138.0,True,maureen_marcano,Maureen Marcano,Summer Sewald,West,74.84392353713552,0.87162939659906,specialist_match,"product=GTX Pro (strong_fit, n=30); ticket_band=high_ticket_4k_to_10k (strong_fit, n=62); sector=services (possible_fit, n=22)",64.1842169326406,0.975,specialist_match,13.0,True
04OAV3CV,engaging,elease_gluck,Elease Gluck,Celia Rouche,West,GTX Plus Pro,high_ticket_4k_to_10k,5482,,,,,228.0,False,maureen_marcano,Maureen Marcano,Summer Sewald,West,74.25820338006682,0.5000000000000001,specialist_match,"product=GTX Plus Pro (strong_fit, n=32); ticket_band=high_ticket_4k_to_10k (strong_fit, n=62)",63.43543909820883,0.0,low_confidence,16.0,True
04SCU6DK,engaging,corliss_cosme,Corliss Cosme,Cara Losch,East,MG Advanced,mid_ticket_1k_to_4k,3393,,,,,183.0,False,hayden_neloms,Hayden Neloms,Celia Rouche,West,74.19302882850188,0.5000000000000001,specialist_match,"product=MG Advanced (strong_fit, n=77); ticket_band=mid_ticket_1k_to_4k (possible_fit, n=119)",62.18936719088769,0.4806243040080457,generalist_match,19.0,True
04T6SOQW,engaging,kami_bicknell,Kami Bicknell,Summer Sewald,West,GTX Basic,low_ticket_under_1k,550,,,,,147.0,False,hayden_neloms,Hayden Neloms,Celia Rouche,West,70.07479583264518,0.15165750888103105,possible_specialist,"ticket_band=low_ticket_under_1k (possible_fit, n=23)",64.9706180992233,0.5000000000000001,possible_specialist,12.0,True
04YGLJ3N,engaging,kary_hendrixson,Kary Hendrixson,Summer Sewald,West,GTX Plus Pro,high_ticket_4k_to_10k,5482,,,,,289.0,False,maureen_marcano,Maureen Marcano,Summer Sewald,West,74.25820338006682,0.5000000000000001,specialist_match,"product=GTX Plus Pro (strong_fit, n=32); ticket_band=high_ticket_4k_to_10k (strong_fit, n=62)",62.634701152531576,0.5000000000000001,generalist_match,19.0,True
0558PJL2,engaging,corliss_cosme,Corliss Cosme,Cara Losch,East,GTX Basic,low_ticket_under_1k,550,,,,,111.0,False,hayden_neloms,Hayden Neloms,Celia Rouche,West,70.07479583264518,0.15165750888103105,possible_specialist,"ticket_band=low_ticket_under_1k (possible_fit, n=23)",66.30377602466332,0.5000000000000001,possible_specialist,6.0,True
055Z2OAS,engaging,anna_snelling,Anna Snelling,Dustin Brinkmann,Central,MG Special,low_ticket_under_1k,55,Dontechi,software,over_3b,over_10k,165.0,True,hayden_neloms,Hayden Neloms,Celia Rouche,West,72.1495489315531,0.7777198622318587,possible_specialist,"product=MG Special (possible_fit, n=23); ticket_band=low_ticket_under_1k (possible_fit, n=23); sector=software (neutral, n=14)",64.99045684449827,0.9672251178614294,specialist_match,11.0,True
059K86LU,engaging,kami_bicknell,Kami Bicknell,Summer Sewald,West,GTX Plus Pro,high_ticket_4k_to_10k,5482,Labdrill,medical,1_5b_to_3b,2k_to_10k,127.0,True,maureen_marcano,Maureen Marcano,Summer Sewald,West,77.2046855399089,0.8779513042005219,specialist_match,"product=GTX Plus Pro (strong_fit, n=32); ticket_band=high_ticket_4k_to_10k (strong_fit, n=62); sector=medical (strong_fit, n=19)",66.84102173019174,0.9427232408942167,specialist_match,7.0,True
06C1N1F7,engaging,elease_gluck,Elease Gluck,Celia Rouche,West,MG Special,low_ticket_under_1k,55,,,,,87.0,False,hayden_neloms,Hayden Neloms,Celia Rouche,West,71.35150661886287,0.44534101199279935,possible_specialist,"product=MG Special (possible_fit, n=23); ticket_band=low_ticket_under_1k (possible_fit, n=23)",64.05240715549783,0.5000000000000001,specialist_match,14.0,True
07GUKIG3,engaging,violet_mclelland,Violet Mclelland,Cara Losch,East,MG Special,low_ticket_under_1k,55,,,,,26.0,False,hayden_neloms,Hayden Neloms,Celia Rouche,West,71.35150661886287,0.44534101199279935,possible_specialist,"product=MG Special (possible_fit, n=23); ticket_band=low_ticket_under_1k (possible_fit, n=23)",63.49645821399774,0.5000000000000001,generalist_match,18.0,True
0A1LN7GB,engaging,violet_mclelland,Violet Mclelland,Cara Losch,East,MG Special,low_ticket_under_1k,55,,,,,297.0,False,hayden_neloms,Hayden Neloms,Celia Rouche,West,71.35150661886287,0.44534101199279935,possible_specialist,"product=MG Special (possible_fit, n=23); ticket_band=low_ticket_under_1k (possible_fit, n=23)",63.49645821399774,0.5000000000000001,generalist_match,18.0,True
0AQGBN7B,engaging,maureen_marcano,Maureen Marcano,Summer Sewald,West,GTX Plus Basic,mid_ticket_1k_to_4k,1096,,,,,237.0,False,maureen_marcano,Maureen Marcano,Summer Sewald,West,73.48602163110729,0.5000000000000001,specialist_match,"product=GTX Plus Basic (strong_fit, n=70); ticket_band=mid_ticket_1k_to_4k (strong_fit, n=87)",73.48602163110729,0.5000000000000001,specialist_match,1.0,False
0BQTT5UF,prospecting,marty_freudenburg,Marty Freudenburg,Melvin Marxen,Central,GTX Pro,high_ticket_4k_to_10k,4821,Donware,marketing,500m_to_1_5b,2k_to_10k,,True,maureen_marcano,Maureen Marcano,Summer Sewald,West,74.65092098863526,0.6866025403784439,specialist_match,"product=GTX Pro (strong_fit, n=30); ticket_band=high_ticket_4k_to_10k (strong_fit, n=62); revenue_band=500m_to_1_5b (neutral, n=30)",63.71582038597461,0.8407379763528301,specialist_match,14.0,True
0C34Z5UZ,prospecting,gladys_colclough,Gladys Colclough,Melvin Marxen,Central,GTX Pro,high_ticket_4k_to_10k,4821,,,,,,False,maureen_marcano,Maureen Marcano,Summer Sewald,West,73.54787621751144,0.5000000000000001,specialist_match,"product=GTX Pro (strong_fit, n=30); ticket_band=high_ticket_4k_to_10k (strong_fit, n=62)",54.783595944048166,0.5000000000000001,generalist_match,28.0,True
0CECGPEJ,prospecting,moses_frase,Moses Frase,Dustin Brinkmann,Central,MG Advanced,mid_ticket_1k_to_4k,3393,,,,,,False,hayden_neloms,Hayden Neloms,Celia Rouche,West,74.19302882850188,0.5000000000000001,specialist_match,"product=MG Advanced (strong_fit, n=77); ticket_band=mid_ticket_1k_to_4k (possible_fit, n=119)",66.67886466929271,0.5000000000000001,generalist_match,6.0,True
0CR37ETK,engaging,corliss_cosme,Corliss Cosme,Cara Losch,East,MG Advanced,mid_ticket_1k_to_4k,3393,,,,,56.0,False,hayden_neloms,Hayden Neloms,Celia Rouche,West,74.19302882850188,0.5000000000000001,specialist_match,"product=MG Advanced (strong_fit, n=77); ticket_band=mid_ticket_1k_to_4k (possible_fit, n=119)",62.18936719088769,0.4806243040080457,generalist_match,19.0,True
0D37PQA0,engaging,violet_mclelland,Violet Mclelland,Cara Losch,East,GTX Plus Basic,mid_ticket_1k_to_4k,1096,,,,,176.0,False,maureen_marcano,Maureen Marcano,Summer Sewald,West,73.48602163110729,0.5000000000000001,specialist_match,"product=GTX Plus Basic (strong_fit, n=70); ticket_band=mid_ticket_1k_to_4k (strong_fit, n=87)",63.10380233377306,0.452487623459052,generalist_match,16.0,True
0D8Y5JA0,prospecting,anna_snelling,Anna Snelling,Dustin Brinkmann,Central,GTX Plus Pro,high_ticket_4k_to_10k,5482,,,,,,False,maureen_marcano,Maureen Marcano,Summer Sewald,West,74.25820338006682,0.5000000000000001,specialist_match,"product=GTX Plus Pro (strong_fit, n=32); ticket_band=high_ticket_4k_to_10k (strong_fit, n=62)",60.089753742851585,0.5000000000000001,generalist_match,24.0,True
0DRC1U9Q,engaging,maureen_marcano,Maureen Marcano,Summer Sewald,West,GTX Basic,low_ticket_under_1k,550,Green-Plus,services,500m_to_1_5b,500_to_2k,406.0,True,moses_frase,Moses Frase,Dustin Brinkmann,Central,71.38180980357454,0.7000000000000001,specialist_match,"product=GTX Basic (strong_fit, n=59); ticket_band=low_ticket_under_1k (strong_fit, n=105); revenue_band=500m_to_1_5b (strong_fit, n=61)",68.41528239257293,0.87162939659906,possible_specialist,3.0,True
0E8D6TCQ,prospecting,moses_frase,Moses Frase,Dustin Brinkmann,Central,GTX Plus Basic,mid_ticket_1k_to_4k,1096,,,,,,False,maureen_marcano,Maureen Marcano,Summer Sewald,West,73.48602163110729,0.5000000000000001,specialist_match,"product=GTX Plus Basic (strong_fit, n=70); ticket_band=mid_ticket_1k_to_4k (strong_fit, n=87)",67.66177657064439,0.5000000000000001,possible_specialist,4.0,True
0EYXI1UN,engaging,hayden_neloms,Hayden Neloms,Celia Rouche,West,MG Advanced,mid_ticket_1k_to_4k,3393,,,,,256.0,False,hayden_neloms,Hayden Neloms,Celia Rouche,West,74.19302882850188,0.5000000000000001,specialist_match,"product=MG Advanced (strong_fit, n=77); ticket_band=mid_ticket_1k_to_4k (possible_fit, n=119)",74.19302882850188,0.5000000000000001,specialist_match,1.0,False
0GS0L5VR,engaging,anna_snelling,Anna Snelling,Dustin Brinkmann,Central,MG Special,low_ticket_under_1k,55,,,,,139.0,False,hayden_neloms,Hayden Neloms,Celia Rouche,West,71.35150661886287,0.44534101199279935,possible_specialist,"product=MG Special (possible_fit, n=23); ticket_band=low_ticket_under_1k (possible_fit, n=23)",64.31764459641298,0.5000000000000001,specialist_match,13.0,True
0H9C9J03,engaging,markita_hansen,Markita Hansen,Celia Rouche,West,GTX Plus Basic,mid_ticket_1k_to_4k,1096,,,,,128.0,False,maureen_marcano,Maureen Marcano,Summer Sewald,West,73.48602163110729,0.5000000000000001,specialist_match,"product=GTX Plus Basic (strong_fit, n=70); ticket_band=mid_ticket_1k_to_4k (strong_fit, n=87)",56.47081264336547,0.5000000000000001,generalist_match,27.0,True
0HR4TEU4,prospecting,marty_freudenburg,Marty Freudenburg,Melvin Marxen,Central,GTX Plus Basic,mid_ticket_1k_to_4k,1096,Plussunin,retail,500m_to_1_5b,2k_to_10k,,True,maureen_marcano,Maureen Marcano,Summer Sewald,West,76.27834225069205,0.8866025403784439,specialist_match,"product=GTX Plus Basic (strong_fit, n=70); ticket_band=mid_ticket_1k_to_4k (strong_fit, n=87); sector=retail (strong_fit, n=39)",61.942391459332285,0.9,specialist_match,18.0,True
0HUWQWOJ,engaging,markita_hansen,Markita Hansen,Celia Rouche,West,MG Special,low_ticket_under_1k,55,,,,,83.0,False,hayden_neloms,Hayden Neloms,Celia Rouche,West,71.35150661886287,0.44534101199279935,possible_specialist,"product=MG Special (possible_fit, n=23); ticket_band=low_ticket_under_1k (possible_fit, n=23)",53.93836042838683,0.5000000000000001,generalist_match,28.0,True
0HVUV9OY,engaging,gladys_colclough,Gladys Colclough,Melvin Marxen,Central,GTX Basic,low_ticket_under_1k,550,,,,,163.0,False,hayden_neloms,Hayden Neloms,Celia Rouche,West,70.07479583264518,0.15165750888103105,possible_specialist,"ticket_band=low_ticket_under_1k (possible_fit, n=23)",56.32706970067004,0.5000000000000001,generalist_match,26.0,True
0I6U3MQ6,engaging,violet_mclelland,Violet Mclelland,Cara Losch,East,GTX Basic,low_ticket_under_1k,550,Funholding,finance,1_5b_to_3b,2k_to_10k,353.0,True,hayden_neloms,Hayden Neloms,Celia Rouche,West,71.47420326132439,0.35165750888103103,specialist_match,"ticket_band=low_ticket_under_1k (possible_fit, n=23); revenue_band=1_5b_to_3b (strong_fit, n=54); employee_band=2k_to_10k (strong_fit, n=78)",62.843495579467856,0.8825741858350554,specialist_match,19.0,True
0IO43YMS,engaging,wilburn_farren,Wilburn Farren,Cara Losch,East,MG Advanced,mid_ticket_1k_to_4k,3393,,,,,314.0,False,hayden_neloms,Hayden Neloms,Celia Rouche,West,74.19302882850188,0.5000000000000001,specialist_match,"product=MG Advanced (strong_fit, n=77); ticket_band=mid_ticket_1k_to_4k (possible_fit, n=119)",,,not_candidate,,True
0K59ZLQC,engaging,corliss_cosme,Corliss Cosme,Cara Losch,East,GTX Basic,low_ticket_under_1k,550,Donquadtech,technology,1_5b_to_3b,2k_to_10k,227.0,True,hayden_neloms,Hayden Neloms,Celia Rouche,West,71.9132621835141,0.5044100320462258,specialist_match,"ticket_band=low_ticket_under_1k (possible_fit, n=23); sector=technology (neutral, n=14); revenue_band=1_5b_to_3b (strong_fit, n=54)",67.16668008959323,0.9866025403784439,possible_specialist,6.0,True
0KEO3OP7,engaging,daniell_hammack,Daniell Hammack,Rocco Neubert,East,GTX Plus Pro,high_ticket_4k_to_10k,5482,,,,,248.0,False,maureen_marcano,Maureen Marcano,Summer Sewald,West,74.25820338006682,0.5000000000000001,specialist_match,"product=GTX Plus Pro (strong_fit, n=32); ticket_band=high_ticket_4k_to_10k (strong_fit, n=62)",62.391353728990616,0.5000000000000001,specialist_match,21.0,True
0KRVN3V5,engaging,anna_snelling,Anna Snelling,Dustin Brinkmann,Central,MG Advanced,mid_ticket_1k_to_4k,3393,Hatfan,services,500m_to_1_5b,500_to_2k,163.0,True,hayden_neloms,Hayden Neloms,Celia Rouche,West,74.00346782879687,0.8478417054436267,specialist_match,"product=MG Advanced (strong_fit, n=77); ticket_band=mid_ticket_1k_to_4k (possible_fit, n=119); revenue_band=500m_to_1_5b (neutral, n=31)",57.55118839373153,0.7000000000000001,possible_specialist,26.0,True
0KSK9O00,prospecting,lajuana_vencill,Lajuana Vencill,Dustin Brinkmann,Central,GTX Basic,low_ticket_under_1k,550,Bluth Company,technology,500m_to_1_5b,2k_to_10k,,True,hayden_neloms,Hayden Neloms,Celia Rouche,West,71.51986548929186,0.49244411635452084,specialist_match,"ticket_band=low_ticket_under_1k (possible_fit, n=23); sector=technology (neutral, n=14); revenue_band=500m_to_1_5b (neutral, n=31)",51.19265335712893,0.9,generalist_match,29.0,True
0KWYQTQQ,engaging,rosalina_dieter,Rosalina Dieter,Celia Rouche,West,MG Special,low_ticket_under_1k,55,,,,,51.0,False,hayden_neloms,Hayden Neloms,Celia Rouche,West,71.35150661886287,0.44534101199279935,possible_specialist,"product=MG Special (possible_fit, n=23); ticket_band=low_ticket_under_1k (possible_fit, n=23)",62.919303058283,0.5000000000000001,generalist_match,19.0,True
0LRVHITK,engaging,violet_mclelland,Violet Mclelland,Cara Losch,East,MG Special,low_ticket_under_1k,55,,,,,198.0,False,hayden_neloms,Hayden Neloms,Celia Rouche,West,71.35150661886287,0.44534101199279935,possible_specialist,"product=MG Special (possible_fit, n=23); ticket_band=low_ticket_under_1k (possible_fit, n=23)",63.49645821399774,0.5000000000000001,generalist_match,18.0,True
0M3NCPQX,engaging,versie_hillebrand,Versie Hillebrand,Dustin Brinkmann,Central,MG Special,low_ticket_under_1k,55,,,,,154.0,False,hayden_neloms,Hayden Neloms,Celia Rouche,West,71.35150661886287,0.44534101199279935,possible_specialist,"product=MG Special (possible_fit, n=23); ticket_band=low_ticket_under_1k (possible_fit, n=23)",68.31320841592525,0.5000000000000001,possible_specialist,3.0,True
0M4K6F8Q,prospecting,gladys_colclough,Gladys Colclough,Melvin Marxen,Central,GTX Basic,low_ticket_under_1k,550,,,,,,False,hayden_neloms,Hayden Neloms,Celia Rouche,West,70.07479583264518,0.15165750888103105,possible_specialist,"ticket_band=low_ticket_under_1k (possible_fit, n=23)",56.32706970067004,0.5000000000000001,generalist_match,26.0,True
0N11U6L3,engaging,daniell_hammack,Daniell Hammack,Rocco Neubert,East,GTX Plus Basic,mid_ticket_1k_to_4k,1096,Acme Corporation,technology,500m_to_1_5b,2k_to_10k,62.0,True,maureen_marcano,Maureen Marcano,Summer Sewald,West,74.16437165449358,0.8645538445789658,specialist_match,"product=GTX Plus Basic (strong_fit, n=70); ticket_band=mid_ticket_1k_to_4k (strong_fit, n=87); revenue_band=500m_to_1_5b (neutral, n=30)",60.24598864406026,0.9707106781186547,specialist_match,23.0,True
0NSRB3EO,engaging,jonathan_berthelot,Jonathan Berthelot,Melvin Marxen,Central,MG Special,low_ticket_under_1k,55,,,,,164.0,False,hayden_neloms,Hayden Neloms,Celia Rouche,West,71.35150661886287,0.44534101199279935,possible_specialist,"product=MG Special (possible_fit, n=23); ticket_band=low_ticket_under_1k (possible_fit, n=23)",67.64500987423925,0.5000000000000001,specialist_match,4.0,True
0OESOJNN,engaging,james_ascencio,James Ascencio,Summer Sewald,West,GTX Plus Basic,mid_ticket_1k_to_4k,1096,Warephase,services,1_5b_to_3b,2k_to_10k,348.0,True,maureen_marcano,Maureen Marcano,Summer Sewald,West,75.99478494694144,0.8914854215512676,specialist_match,"product=GTX Plus Basic (strong_fit, n=70); ticket_band=mid_ticket_1k_to_4k (strong_fit, n=87); sector=services (possible_fit, n=22)",65.98733165616305,0.8869566817675956,possible_specialist,9.0,True
0OHEJOI5,engaging,corliss_cosme,Corliss Cosme,Cara Losch,East,MG Advanced,mid_ticket_1k_to_4k,3393,,,,,140.0,False,hayden_neloms,Hayden Neloms,Celia Rouche,West,74.19302882850188,0.5000000000000001,specialist_match,"product=MG Advanced (strong_fit, n=77); ticket_band=mid_ticket_1k_to_4k (possible_fit, n=119)",62.18936719088769,0.4806243040080457,generalist_match,19.0,True
0PT4RY4P,engaging,cecily_lampkin,Cecily Lampkin,Dustin Brinkmann,Central,MG Advanced,mid_ticket_1k_to_4k,3393,,,,,153.0,False,hayden_neloms,Hayden Neloms,Celia Rouche,West,74.19302882850188,0.5000000000000001,specialist_match,"product=MG Advanced (strong_fit, n=77); ticket_band=mid_ticket_1k_to_4k (possible_fit, n=119)",68.79942715958568,0.5000000000000001,specialist_match,3.0,True
0PXJYUT7,prospecting,niesha_huffines,Niesha Huffines,Melvin Marxen,Central,GTX Plus Basic,mid_ticket_1k_to_4k,1096,,,,,,False,maureen_marcano,Maureen Marcano,Summer Sewald,West,73.48602163110729,0.5000000000000001,specialist_match,"product=GTX Plus Basic (strong_fit, n=70); ticket_band=mid_ticket_1k_to_4k (strong_fit, n=87)",61.680580134823494,0.5000000000000001,specialist_match,20.0,True
0QMDTHBS,prospecting,jonathan_berthelot,Jonathan Berthelot,Melvin Marxen,Central,MG Special,low_ticket_under_1k,55,,,,,,False,hayden_neloms,Hayden Neloms,Celia Rouche,West,71.35150661886287,0.44534101199279935,possible_specialist,"product=MG Special (possible_fit, n=23); ticket_band=low_ticket_under_1k (possible_fit, n=23)",67.64500987423925,0.5000000000000001,specialist_match,4.0,True
0QPZIIPF,engaging,vicki_laflamme,Vicki Laflamme,Celia Rouche,West,GTX Plus Basic,mid_ticket_1k_to_4k,1096,Donware,marketing,500m_to_1_5b,2k_to_10k,279.0,True,maureen_marcano,Maureen Marcano,Summer Sewald,West,74.58906640223111,0.6866025403784439,specialist_match,"product=GTX Plus Basic (strong_fit, n=70); ticket_band=mid_ticket_1k_to_4k (strong_fit, n=87); revenue_band=500m_to_1_5b (neutral, n=30)",65.58800569964819,0.8669269563007829,specialist_match,10.0,True
0R5KAHNB,engaging,moses_frase,Moses Frase,Dustin Brinkmann,Central,MG Advanced,mid_ticket_1k_to_4k,3393,Umbrella Corporation,finance,1_5b_to_3b,2k_to_10k,150.0,True,hayden_neloms,Hayden Neloms,Celia Rouche,West,75.59243625718109,0.7000000000000001,specialist_match,"product=MG Advanced (strong_fit, n=77); ticket_band=mid_ticket_1k_to_4k (possible_fit, n=119); revenue_band=1_5b_to_3b (strong_fit, n=54)",68.06365969706616,0.8914854215512676,specialist_match,4.0,True
0RI2I8ZL,engaging,lajuana_vencill,Lajuana Vencill,Dustin Brinkmann,Central,GTX Basic,low_ticket_under_1k,550,,,,,156.0,False,hayden_neloms,Hayden Neloms,Celia Rouche,West,70.07479583264518,0.15165750888103105,possible_specialist,"ticket_band=low_ticket_under_1k (possible_fit, n=23)",52.685793792795806,0.5000000000000001,generalist_match,29.0,True
0RLU8I9Q,prospecting,jonathan_berthelot,Jonathan Berthelot,Melvin Marxen,Central,GTX Basic,low_ticket_under_1k,550,,,,,,False,hayden_neloms,Hayden Neloms,Celia Rouche,West,70.07479583264518,0.15165750888103105,possible_specialist,"ticket_band=low_ticket_under_1k (possible_fit, n=23)",65.41096422849174,0.5000000000000001,possible_specialist,10.0,True
0S6OQ9AO,engaging,marty_freudenburg,Marty Freudenburg,Melvin Marxen,Central,GTX Plus Basic,mid_ticket_1k_to_4k,1096,,,,,160.0,False,maureen_marcano,Maureen Marcano,Summer Sewald,West,73.48602163110729,0.5000000000000001,specialist_match,"product=GTX Plus Basic (strong_fit, n=70); ticket_band=mid_ticket_1k_to_4k (strong_fit, n=87)",62.274902896741885,0.5000000000000001,generalist_match,18.0,True
0STR2QEA,engaging,corliss_cosme,Corliss Cosme,Cara Losch,East,GTX Plus Pro,high_ticket_4k_to_10k,5482,Inity,marketing,1_5b_to_3b,2k_to_10k,220.0,True,maureen_marcano,Maureen Marcano,Summer Sewald,West,75.92667162792333,0.7000000000000001,specialist_match,"product=GTX Plus Pro (strong_fit, n=32); ticket_band=high_ticket_4k_to_10k (strong_fit, n=62); revenue_band=1_5b_to_3b (strong_fit, n=65)",69.5454309151695,0.8414213562373096,specialist_match,3.0,True
0T2CY70E,engaging,lajuana_vencill,Lajuana Vencill,Dustin Brinkmann,Central,MG Advanced,mid_ticket_1k_to_4k,3393,,,,,162.0,False,hayden_neloms,Hayden Neloms,Celia Rouche,West,74.19302882850188,0.5000000000000001,specialist_match,"product=MG Advanced (strong_fit, n=77); ticket_band=mid_ticket_1k_to_4k (possible_fit, n=119)",52.69492570854898,0.5000000000000001,generalist_match,29.0,True
0T9KUEQ2,engaging,cassey_cress,Cassey Cress,Rocco Neubert,East,GTX Plus Pro,high_ticket_4k_to_10k,5482,,,,,173.0,False,maureen_marcano,Maureen Marcano,Summer Sewald,West,74.25820338006682,0.5000000000000001,specialist_match,"product=GTX Plus Pro (strong_fit, n=32); ticket_band=high_ticket_4k_to_10k (strong_fit, n=62)",61.47255219351271,0.5000000000000001,possible_specialist,22.0,True
0TC6I9SJ,engaging,darcel_schlecht,Darcel Schlecht,Melvin Marxen,Central,GTX Pro,high_ticket_4k_to_10k,4821,Dontechi,software,over_3b,over_10k,160.0,True,maureen_marcano,Maureen Marcano,Summer Sewald,West,75.07200875279338,0.9,specialist_match,"product=GTX Pro (strong_fit, n=30); ticket_band=high_ticket_4k_to_10k (strong_fit, n=62); sector=software (possible_fit, n=29)",60.8061843964126,0.9961769203083568,generalist_match,24.0,True
0TQP0E65,prospecting,darcel_schlecht,Darcel Schlecht,Melvin Marxen,Central,GTX Plus Basic,mid_ticket_1k_to_4k,1096,,,,,,False,maureen_marcano,Maureen Marcano,Summer Sewald,West,73.48602163110729,0.5000000000000001,specialist_match,"product=GTX Plus Basic (strong_fit, n=70); ticket_band=mid_ticket_1k_to_4k (strong_fit, n=87)",64.79805655096737,0.5000000000000001,specialist_match,10.0,True
0U3WVJO0,engaging,corliss_cosme,Corliss Cosme,Cara Losch,East,GTX Pro,high_ticket_4k_to_10k,4821,,,,,368.0,False,maureen_marcano,Maureen Marcano,Summer Sewald,West,73.54787621751144,0.5000000000000001,specialist_match,"product=GTX Pro (strong_fit, n=30); ticket_band=high_ticket_4k_to_10k (strong_fit, n=62)",67.32881200685368,0.5000000000000001,specialist_match,5.0,True
0XBGT413,engaging,gladys_colclough,Gladys Colclough,Melvin Marxen,Central,GTX Pro,high_ticket_4k_to_10k,4821,,,,,154.0,False,maureen_marcano,Maureen Marcano,Summer Sewald,West,73.54787621751144,0.5000000000000001,specialist_match,"product=GTX Pro (strong_fit, n=30); ticket_band=high_ticket_4k_to_10k (strong_fit, n=62)",54.783595944048166,0.5000000000000001,generalist_match,28.0,True
0XVL2UMH,prospecting,jonathan_berthelot,Jonathan Berthelot,Melvin Marxen,Central,GTX Basic,low_ticket_under_1k,550,Groovestreet,retail,under_500m,under_500,,True,moses_frase,Moses Frase,Dustin Brinkmann,Central,71.15838194229896,0.7948683298050515,specialist_match,"product=GTX Basic (strong_fit, n=59); ticket_band=low_ticket_under_1k (strong_fit, n=105); sector=retail (strong_fit, n=27)",66.68344833613976,0.8,specialist_match,7.0,True
0XYUJ7HF,engaging,vicki_laflamme,Vicki Laflamme,Celia Rouche,West,MG Special,low_ticket_under_1k,55,Isdom,medical,over_3b,2k_to_10k,130.0,True,hayden_neloms,Hayden Neloms,Celia Rouche,West,73.19370457138335,0.7842303116781986,specialist_match,"product=MG Special (possible_fit, n=23); ticket_band=low_ticket_under_1k (possible_fit, n=23); sector=medical (neutral, n=12)",63.89868977734931,0.9,possible_specialist,16.0,True
0Z8ZAS2M,engaging,zane_levy,Zane Levy,Summer Sewald,West,GTX Basic,low_ticket_under_1k,550,,,,,163.0,False,hayden_neloms,Hayden Neloms,Celia Rouche,West,70.07479583264518,0.15165750888103105,possible_specialist,"ticket_band=low_ticket_under_1k (possible_fit, n=23)",60.2374782161471,0.5000000000000001,generalist_match,23.0,True
0ZG6U7MQ,prospecting,cecily_lampkin,Cecily Lampkin,Dustin Brinkmann,Central,GTX Plus Pro,high_ticket_4k_to_10k,5482,,,,,,False,maureen_marcano,Maureen Marcano,Summer Sewald,West,74.25820338006682,0.5000000000000001,specialist_match,"product=GTX Plus Pro (strong_fit, n=32); ticket_band=high_ticket_4k_to_10k (strong_fit, n=62)",66.08860012511525,0.4643167672515499,generalist_match,6.0,True
102XKYAC,engaging,cassey_cress,Cassey Cress,Rocco Neubert,East,GTX Pro,high_ticket_4k_to_10k,4821,Zotware,software,over_3b,over_10k,121.0,True,maureen_marcano,Maureen Marcano,Summer Sewald,West,75.07200875279338,0.9,specialist_match,"product=GTX Pro (strong_fit, n=30); ticket_band=high_ticket_4k_to_10k (strong_fit, n=62); sector=software (possible_fit, n=29)",63.99807410392923,0.9,specialist_match,14.0,True
10AEGW41,engaging,kary_hendrixson,Kary Hendrixson,Summer Sewald,West,GTX Pro,high_ticket_4k_to_10k,4821,,,,,259.0,False,maureen_marcano,Maureen Marcano,Summer Sewald,West,73.54787621751144,0.5000000000000001,specialist_match,"product=GTX Pro (strong_fit, n=30); ticket_band=high_ticket_4k_to_10k (strong_fit, n=62)",62.91009537954826,0.5000000000000001,generalist_match,19.0,True
10ALJD82,prospecting,anna_snelling,Anna Snelling,Dustin Brinkmann,Central,MG Special,low_ticket_under_1k,55,Nam-zim,services,under_500m,500_to_2k,,True,hayden_neloms,Hayden Neloms,Celia Rouche,West,70.76058127392959,0.7902955649577631,possible_specialist,"product=MG Special (possible_fit, n=23); ticket_band=low_ticket_under_1k (possible_fit, n=23); employee_band=500_to_2k (neutral, n=30)",64.77524399047033,0.7000000000000001,specialist_match,13.0,True
10IY4PV4,engaging,rosalina_dieter,Rosalina Dieter,Celia Rouche,West,MG Advanced,mid_ticket_1k_to_4k,3393,,,,,288.0,False,hayden_neloms,Hayden Neloms,Celia Rouche,West,74.19302882850188,0.5000000000000001,specialist_match,"product=MG Advanced (strong_fit, n=77); ticket_band=mid_ticket_1k_to_4k (possible_fit, n=119)",67.22975297684799,0.46101550841858346,possible_specialist,5.0,True
10QE4JCA,engaging,anna_snelling,Anna Snelling,Dustin Brinkmann,Central,MG Special,low_ticket_under_1k,55,,,,,156.0,False,hayden_neloms,Hayden Neloms,Celia Rouche,West,71.35150661886287,0.44534101199279935,possible_specialist,"product=MG Special (possible_fit, n=23); ticket_band=low_ticket_under_1k (possible_fit, n=23)",64.31764459641298,0.5000000000000001,specialist_match,13.0,True
10THTNLC,engaging,zane_levy,Zane Levy,Summer Sewald,West,GTX Plus Basic,mid_ticket_1k_to_4k,1096,,,,,192.0,False,maureen_marcano,Maureen Marcano,Summer Sewald,West,73.48602163110729,0.5000000000000001,specialist_match,"product=GTX Plus Basic (strong_fit, n=70); ticket_band=mid_ticket_1k_to_4k (strong_fit, n=87)",61.1854378680592,0.5000000000000001,generalist_match,22.0,True
11LIZUQE,engaging,cassey_cress,Cassey Cress,Rocco Neubert,East,MG Advanced,mid_ticket_1k_to_4k,3393,,,,,160.0,False,hayden_neloms,Hayden Neloms,Celia Rouche,West,74.19302882850188,0.5000000000000001,specialist_match,"product=MG Advanced (strong_fit, n=77); ticket_band=mid_ticket_1k_to_4k (possible_fit, n=119)",62.27804922349695,0.5000000000000001,generalist_match,17.0,True
11T4HX93,prospecting,jonathan_berthelot,Jonathan Berthelot,Melvin Marxen,Central,MG Special,low_ticket_under_1k,55,Bluth Company,technology,500m_to_1_5b,2k_to_10k,,True,hayden_neloms,Hayden Neloms,Celia Rouche,West,72.79657627550955,0.7861276194662892,specialist_match,"product=MG Special (possible_fit, n=23); ticket_band=low_ticket_under_1k (possible_fit, n=23); sector=technology (neutral, n=14)",69.72370061851869,0.9,specialist_match,2.0,True
11V16SZZ,engaging,corliss_cosme,Corliss Cosme,Cara Losch,East,GTX Basic,low_ticket_under_1k,550,Labdrill,medical,1_5b_to_3b,2k_to_10k,221.0,True,hayden_neloms,Hayden Neloms,Celia Rouche,West,72.05598215497773,0.4930788651183406,specialist_match,"ticket_band=low_ticket_under_1k (possible_fit, n=23); sector=medical (neutral, n=12); revenue_band=1_5b_to_3b (strong_fit, n=54)",67.51483755492214,0.9,specialist_match,6.0,True
125VIRMX,engaging,elease_gluck,Elease Gluck,Celia Rouche,West,GTK 500,strategic_ticket_10k_plus,26768,Warephase,services,1_5b_to_3b,2k_to_10k,377.0,True,maureen_marcano,Maureen Marcano,Summer Sewald,West,71.74721417226075,0.3914854215512677,specialist_match,"sector=services (possible_fit, n=22); revenue_band=1_5b_to_3b (strong_fit, n=65); employee_band=2k_to_10k (strong_fit, n=102)",63.262746445495964,0.5689880056550409,generalist_match,17.0,True
13FIM9V3,engaging,corliss_cosme,Corliss Cosme,Cara Losch,East,GTX Pro,high_ticket_4k_to_10k,4821,,,,,190.0,False,maureen_marcano,Maureen Marcano,Summer Sewald,West,73.54787621751144,0.5000000000000001,specialist_match,"product=GTX Pro (strong_fit, n=30); ticket_band=high_ticket_4k_to_10k (strong_fit, n=62)",67.32881200685368,0.5000000000000001,specialist_match,5.0,True
13GM5I6M,engaging,kami_bicknell,Kami Bicknell,Summer Sewald,West,GTX Pro,high_ticket_4k_to_10k,4821,,,,,367.0,False,maureen_marcano,Maureen Marcano,Summer Sewald,West,73.54787621751144,0.5000000000000001,specialist_match,"product=GTX Pro (strong_fit, n=30); ticket_band=high_ticket_4k_to_10k (strong_fit, n=62)",62.17486893491999,0.5000000000000001,generalist_match,21.0,True
14CNQKX8,engaging,kary_hendrixson,Kary Hendrixson,Summer Sewald,West,GTX Pro,high_ticket_4k_to_10k,4821,,,,,193.0,False,maureen_marcano,Maureen Marcano,Summer Sewald,West,73.54787621751144,0.5000000000000001,specialist_match,"product=GTX Pro (strong_fit, n=30); ticket_band=high_ticket_4k_to_10k (strong_fit, n=62)",62.91009537954826,0.5000000000000001,generalist_match,19.0,True
18IUIUK0,prospecting,versie_hillebrand,Versie Hillebrand,Dustin Brinkmann,Central,MG Advanced,mid_ticket_1k_to_4k,3393,,,,,,False,hayden_neloms,Hayden Neloms,Celia Rouche,West,74.19302882850188,0.5000000000000001,specialist_match,"product=MG Advanced (strong_fit, n=77); ticket_band=mid_ticket_1k_to_4k (possible_fit, n=119)",65.52347623430107,0.5000000000000001,generalist_match,9.0,True
18YA4UUP,engaging,versie_hillebrand,Versie Hillebrand,Dustin Brinkmann,Central,GTX Plus Pro,high_ticket_4k_to_10k,5482,Xx-zobam,entertainment,over_3b,2k_to_10k,157.0,True,maureen_marcano,Maureen Marcano,Summer Sewald,West,75.4373076855816,0.8914854215512676,specialist_match,"product=GTX Plus Pro (strong_fit, n=32); ticket_band=high_ticket_4k_to_10k (strong_fit, n=62); revenue_band=over_3b (neutral, n=70)",68.60277879281156,0.6255380714699401,specialist_match,4.0,True
1969NL80,prospecting,moses_frase,Moses Frase,Dustin Brinkmann,Central,MG Special,low_ticket_under_1k,55,,,,,,False,hayden_neloms,Hayden Neloms,Celia Rouche,West,71.35150661886287,0.44534101199279935,possible_specialist,"product=MG Special (possible_fit, n=23); ticket_band=low_ticket_under_1k (possible_fit, n=23)",65.050007828557,0.5000000000000001,specialist_match,11.0,True
1976N63N,engaging,darcel_schlecht,Darcel Schlecht,Melvin Marxen,Central,GTX Plus Basic,mid_ticket_1k_to_4k,1096,Kinnamplus,retail,500m_to_1_5b,500_to_2k,158.0,True,maureen_marcano,Maureen Marcano,Summer Sewald,West,75.63104973121467,0.8801439750477924,specialist_match,"product=GTX Plus Basic (strong_fit, n=70); ticket_band=mid_ticket_1k_to_4k (strong_fit, n=87); sector=retail (strong_fit, n=39)",65.62853578767962,0.9,specialist_match,11.0,True
197EQMY8,engaging,kami_bicknell,Kami Bicknell,Summer Sewald,West,GTX Pro,high_ticket_4k_to_10k,4821,,,,,102.0,False,maureen_marcano,Maureen Marcano,Summer Sewald,West,73.54787621751144,0.5000000000000001,specialist_match,"product=GTX Pro (strong_fit, n=30); ticket_band=high_ticket_4k_to_10k (strong_fit, n=62)",62.17486893491999,0.5000000000000001,generalist_match,21.0,True
1B27CZ2M,engaging,james_ascencio,James Ascencio,Summer Sewald,West,GTX Plus Pro,high_ticket_4k_to_10k,5482,,,,,296.0,False,maureen_marcano,Maureen Marcano,Summer Sewald,West,74.25820338006682,0.5000000000000001,specialist_match,"product=GTX Plus Pro (strong_fit, n=32); ticket_band=high_ticket_4k_to_10k (strong_fit, n=62)",66.57595272208489,0.5000000000000001,possible_specialist,5.0,True
1BB5LME9,prospecting,marty_freudenburg,Marty Freudenburg,Melvin Marxen,Central,MG Special,low_ticket_under_1k,55,Globex Corporation,technology,500m_to_1_5b,2k_to_10k,,True,hayden_neloms,Hayden Neloms,Celia Rouche,West,72.79657627550955,0.7861276194662892,specialist_match,"product=MG Special (possible_fit, n=23); ticket_band=low_ticket_under_1k (possible_fit, n=23); sector=technology (neutral, n=14)",64.1463957263469,0.8936835031117684,specialist_match,14.0,True
1BW8S7JD,engaging,violet_mclelland,Violet Mclelland,Cara Losch,East,MG Special,low_ticket_under_1k,55,,,,,55.0,False,hayden_neloms,Hayden Neloms,Celia Rouche,West,71.35150661886287,0.44534101199279935,possible_specialist,"product=MG Special (possible_fit, n=23); ticket_band=low_ticket_under_1k (possible_fit, n=23)",63.49645821399774,0.5000000000000001,generalist_match,18.0,True
1D54L027,engaging,wilburn_farren,Wilburn Farren,Cara Losch,East,MG Advanced,mid_ticket_1k_to_4k,3393,,,,,340.0,False,hayden_neloms,Hayden Neloms,Celia Rouche,West,74.19302882850188,0.5000000000000001,specialist_match,"product=MG Advanced (strong_fit, n=77); ticket_band=mid_ticket_1k_to_4k (possible_fit, n=119)",,,not_candidate,,True
1DC9PQ4S,engaging,versie_hillebrand,Versie Hillebrand,Dustin Brinkmann,Central,MG Special,low_ticket_under_1k,55,,,,,152.0,False,hayden_neloms,Hayden Neloms,Celia Rouche,West,71.35150661886287,0.44534101199279935,possible_specialist,"product=MG Special (possible_fit, n=23); ticket_band=low_ticket_under_1k (possible_fit, n=23)",68.31320841592525,0.5000000000000001,possible_specialist,3.0,True
1FAU5C6V,prospecting,versie_hillebrand,Versie Hillebrand,Dustin Brinkmann,Central,MG Special,low_ticket_under_1k,55,,,,,,False,hayden_neloms,Hayden Neloms,Celia Rouche,West,71.35150661886287,0.44534101199279935,possible_specialist,"product=MG Special (possible_fit, n=23); ticket_band=low_ticket_under_1k (possible_fit, n=23)",68.31320841592525,0.5000000000000001,possible_specialist,3.0,True
1FEHFRKX,engaging,anna_snelling,Anna Snelling,Dustin Brinkmann,Central,GTX Plus Pro,high_ticket_4k_to_10k,5482,Labdrill,medical,1_5b_to_3b,2k_to_10k,164.0,True,maureen_marcano,Maureen Marcano,Summer Sewald,West,77.2046855399089,0.8779513042005219,specialist_match,"product=GTX Plus Pro (strong_fit, n=32); ticket_band=high_ticket_4k_to_10k (strong_fit, n=62); sector=medical (strong_fit, n=19)",58.88400992660171,0.9,generalist_match,24.0,True
1FLN8BTI,engaging,darcel_schlecht,Darcel Schlecht,Melvin Marxen,Central,MG Special,low_ticket_under_1k,55,Rundofase,technology,500m_to_1_5b,500_to_2k,152.0,True,hayden_neloms,Hayden Neloms,Celia Rouche,West,72.16630125047749,0.772730159844733,possible_specialist,"product=MG Special (possible_fit, n=23); ticket_band=low_ticket_under_1k (possible_fit, n=23); sector=technology (neutral, n=14)",63.629871490388,1.0,possible_specialist,15.0,True
1GIP77EP,engaging,maureen_marcano,Maureen Marcano,Summer Sewald,West,GTX Plus Pro,high_ticket_4k_to_10k,5482,,,,,313.0,False,maureen_marcano,Maureen Marcano,Summer Sewald,West,74.25820338006682,0.5000000000000001,specialist_match,"product=GTX Plus Pro (strong_fit, n=32); ticket_band=high_ticket_4k_to_10k (strong_fit, n=62)",74.25820338006682,0.5000000000000001,specialist_match,1.0,False
1GT10YJD,engaging,vicki_laflamme,Vicki Laflamme,Celia Rouche,West,GTX Plus Pro,high_ticket_4k_to_10k,5482,,,,,289.0,False,maureen_marcano,Maureen Marcano,Summer Sewald,West,74.25820338006682,0.5000000000000001,specialist_match,"product=GTX Plus Pro (strong_fit, n=32); ticket_band=high_ticket_4k_to_10k (strong_fit, n=62)",63.064656958982155,0.5000000000000001,generalist_match,18.0,True
1H1YDS7C,engaging,maureen_marcano,Maureen Marcano,Summer Sewald,West,GTX Plus Basic,mid_ticket_1k_to_4k,1096,,,,,308.0,False,maureen_marcano,Maureen Marcano,Summer Sewald,West,73.48602163110729,0.5000000000000001,specialist_match,"product=GTX Plus Basic (strong_fit, n=70); ticket_band=mid_ticket_1k_to_4k (strong_fit, n=87)",73.48602163110729,0.5000000000000001,specialist_match,1.0,False
1HD5JJM3,prospecting,moses_frase,Moses Frase,Dustin Brinkmann,Central,GTX Plus Basic,mid_ticket_1k_to_4k,1096,,,,,,False,maureen_marcano,Maureen Marcano,Summer Sewald,West,73.48602163110729,0.5000000000000001,specialist_match,"product=GTX Plus Basic (strong_fit, n=70); ticket_band=mid_ticket_1k_to_4k (strong_fit, n=87)",67.66177657064439,0.5000000000000001,possible_specialist,4.0,True
1K6HY455,engaging,boris_faz,Boris Faz,Rocco Neubert,East,MG Advanced,mid_ticket_1k_to_4k,3393,,,,,236.0,False,hayden_neloms,Hayden Neloms,Celia Rouche,West,74.19302882850188,0.5000000000000001,specialist_match,"product=MG Advanced (strong_fit, n=77); ticket_band=mid_ticket_1k_to_4k (possible_fit, n=119)",66.55461435616154,0.46692695630078285,possible_specialist,7.0,True
1L68AC0E,engaging,wilburn_farren,Wilburn Farren,Cara Losch,East,GTX Pro,high_ticket_4k_to_10k,4821,Gogozoom,telecommunications,under_500m,under_500,88.0,True,maureen_marcano,Maureen Marcano,Summer Sewald,West,74.78679853882937,0.8519910849594424,specialist_match,"product=GTX Pro (strong_fit, n=30); ticket_band=high_ticket_4k_to_10k (strong_fit, n=62); sector=telecommunications (possible_fit, n=17)",,,not_candidate,,True
1LHU0876,engaging,elease_gluck,Elease Gluck,Celia Rouche,West,MG Advanced,mid_ticket_1k_to_4k,3393,Labdrill,medical,1_5b_to_3b,2k_to_10k,100.0,True,hayden_neloms,Hayden Neloms,Celia Rouche,West,76.17421515083443,0.8414213562373096,specialist_match,"product=MG Advanced (strong_fit, n=77); ticket_band=mid_ticket_1k_to_4k (possible_fit, n=119); sector=medical (neutral, n=12)",62.36289722036584,0.6748102569072476,generalist_match,17.0,True
1LWG4COF,prospecting,darcel_schlecht,Darcel Schlecht,Melvin Marxen,Central,GTX Plus Basic,mid_ticket_1k_to_4k,1096,,,,,,False,maureen_marcano,Maureen Marcano,Summer Sewald,West,73.48602163110729,0.5000000000000001,specialist_match,"product=GTX Plus Basic (strong_fit, n=70); ticket_band=mid_ticket_1k_to_4k (strong_fit, n=87)",64.79805655096737,0.5000000000000001,specialist_match,10.0,True
1LY8CAXD,engaging,rosalina_dieter,Rosalina Dieter,Celia Rouche,West,GTK 500,strategic_ticket_10k_plus,26768,Betasoloin,medical,under_500m,under_500,95.0,True,maureen_marcano,Maureen Marcano,Summer Sewald,West,70.80354882669003,0.36161730685392945,specialist_match,"sector=medical (strong_fit, n=19); revenue_band=under_500m (neutral, n=48); employee_band=under_500 (neutral, n=28)",65.14172802953253,0.15760381556057926,low_confidence,8.0,True
1MQ3015O,engaging,niesha_huffines,Niesha Huffines,Melvin Marxen,Central,GTX Plus Basic,mid_ticket_1k_to_4k,1096,,,,,138.0,False,maureen_marcano,Maureen Marcano,Summer Sewald,West,73.48602163110729,0.5000000000000001,specialist_match,"product=GTX Plus Basic (strong_fit, n=70); ticket_band=mid_ticket_1k_to_4k (strong_fit, n=87)",61.680580134823494,0.5000000000000001,specialist_match,20.0,True
1O72EKFY,engaging,james_ascencio,James Ascencio,Summer Sewald,West,GTX Plus Pro,high_ticket_4k_to_10k,5482,,,,,153.0,False,maureen_marcano,Maureen Marcano,Summer Sewald,West,74.25820338006682,0.5000000000000001,specialist_match,"product=GTX Plus Pro (strong_fit, n=32); ticket_band=high_ticket_4k_to_10k (strong_fit, n=62)",66.57595272208489,0.5000000000000001,possible_specialist,5.0,True
1ORXGKVH,engaging,kary_hendrixson,Kary Hendrixson,Summer Sewald,West,GTX Pro,high_ticket_4k_to_10k,4821,Sonron,telecommunications,1_5b_to_3b,2k_to_10k,197.0,True,maureen_marcano,Maureen Marcano,Summer Sewald,West,76.16818272840803,0.8683250823060348,specialist_match,"product=GTX Pro (strong_fit, n=30); ticket_band=high_ticket_4k_to_10k (strong_fit, n=62); sector=telecommunications (possible_fit, n=17)",62.83125227137128,0.9790569415042095,generalist_match,19.0,True
1QKDD1OI,engaging,darcel_schlecht,Darcel Schlecht,Melvin Marxen,Central,GTX Pro,high_ticket_4k_to_10k,4821,Isdom,medical,over_3b,2k_to_10k,159.0,True,maureen_marcano,Maureen Marcano,Summer Sewald,West,76.09823386966151,0.8779513042005219,specialist_match,"product=GTX Pro (strong_fit, n=30); ticket_band=high_ticket_4k_to_10k (strong_fit, n=62); sector=medical (strong_fit, n=19)",60.91815448263593,1.0,possible_specialist,23.0,True
1R2CLEGQ,engaging,anna_snelling,Anna Snelling,Dustin Brinkmann,Central,MG Special,low_ticket_under_1k,55,,,,,164.0,False,hayden_neloms,Hayden Neloms,Celia Rouche,West,71.35150661886287,0.44534101199279935,possible_specialist,"product=MG Special (possible_fit, n=23); ticket_band=low_ticket_under_1k (possible_fit, n=23)",64.31764459641298,0.5000000000000001,specialist_match,13.0,True
1RXGKOUE,engaging,versie_hillebrand,Versie Hillebrand,Dustin Brinkmann,Central,GTX Plus Pro,high_ticket_4k_to_10k,5482,,,,,155.0,False,maureen_marcano,Maureen Marcano,Summer Sewald,West,74.25820338006682,0.5000000000000001,specialist_match,"product=GTX Plus Pro (strong_fit, n=32); ticket_band=high_ticket_4k_to_10k (strong_fit, n=62)",67.77782920781395,0.4255380714699401,possible_specialist,4.0,True
1T5WFCEJ,engaging,anna_snelling,Anna Snelling,Dustin Brinkmann,Central,GTX Plus Pro,high_ticket_4k_to_10k,5482,,,,,157.0,False,maureen_marcano,Maureen Marcano,Summer Sewald,West,74.25820338006682,0.5000000000000001,specialist_match,"product=GTX Plus Pro (strong_fit, n=32); ticket_band=high_ticket_4k_to_10k (strong_fit, n=62)",60.089753742851585,0.5000000000000001,generalist_match,24.0,True
1UW6ILCH,engaging,maureen_marcano,Maureen Marcano,Summer Sewald,West,GTX Basic,low_ticket_under_1k,550,Bioplex,medical,under_500m,500_to_2k,117.0,True,hayden_neloms,Hayden Neloms,Celia Rouche,West,70.63094609049514,0.46482833732641654,possible_specialist,"ticket_band=low_ticket_under_1k (possible_fit, n=23); sector=medical (neutral, n=12); employee_band=500_to_2k (neutral, n=30)",68.77372439254766,0.8714927388698704,specialist_match,4.0,True
1VFT3UCK,engaging,boris_faz,Boris Faz,Rocco Neubert,East,GTX Plus Basic,mid_ticket_1k_to_4k,1096,Condax,medical,under_500m,under_500,132.0,True,maureen_marcano,Maureen Marcano,Summer Sewald,West,75.05111960137071,0.8616173068539296,specialist_match,"product=GTX Plus Basic (strong_fit, n=70); ticket_band=mid_ticket_1k_to_4k (strong_fit, n=87); sector=medical (strong_fit, n=19)",69.26224407405739,0.830808896317467,specialist_match,3.0,True
1WHXI2RW,engaging,markita_hansen,Markita Hansen,Celia Rouche,West,GTX Plus Basic,mid_ticket_1k_to_4k,1096,,,,,315.0,False,maureen_marcano,Maureen Marcano,Summer Sewald,West,73.48602163110729,0.5000000000000001,specialist_match,"product=GTX Plus Basic (strong_fit, n=70); ticket_band=mid_ticket_1k_to_4k (strong_fit, n=87)",56.47081264336547,0.5000000000000001,generalist_match,27.0,True
1XJFMYCW,engaging,anna_snelling,Anna Snelling,Dustin Brinkmann,Central,MG Special,low_ticket_under_1k,55,Golddex,finance,under_500m,under_500,157.0,True,hayden_neloms,Hayden Neloms,Celia Rouche,West,71.25903379752336,0.5304879438224314,possible_specialist,"product=MG Special (possible_fit, n=23); ticket_band=low_ticket_under_1k (possible_fit, n=23)",63.425362654005596,0.8880340843082951,specialist_match,18.0,True
1XR36ESV,prospecting,darcel_schlecht,Darcel Schlecht,Melvin Marxen,Central,MG Advanced,mid_ticket_1k_to_4k,3393,,,,,,False,hayden_neloms,Hayden Neloms,Celia Rouche,West,74.19302882850188,0.5000000000000001,specialist_match,"product=MG Advanced (strong_fit, n=77); ticket_band=mid_ticket_1k_to_4k (possible_fit, n=119)",63.28724737299752,0.5000000000000001,possible_specialist,13.0,True
1Y58TSUU,engaging,violet_mclelland,Violet Mclelland,Cara Losch,East,MG Special,low_ticket_under_1k,55,,,,,123.0,False,hayden_neloms,Hayden Neloms,Celia Rouche,West,71.35150661886287,0.44534101199279935,possible_specialist,"product=MG Special (possible_fit, n=23); ticket_band=low_ticket_under_1k (possible_fit, n=23)",63.49645821399774,0.5000000000000001,generalist_match,18.0,True
1ZDDZD8B,engaging,markita_hansen,Markita Hansen,Celia Rouche,West,MG Special,low_ticket_under_1k,55,,,,,381.0,False,hayden_neloms,Hayden Neloms,Celia Rouche,West,71.35150661886287,0.44534101199279935,possible_specialist,"product=MG Special (possible_fit, n=23); ticket_band=low_ticket_under_1k (possible_fit, n=23)",53.93836042838683,0.5000000000000001,generalist_match,28.0,True
20CVXRTX,engaging,vicki_laflamme,Vicki Laflamme,Celia Rouche,West,GTX Pro,high_ticket_4k_to_10k,4821,Kinnamplus,retail,500m_to_1_5b,500_to_2k,274.0,True,maureen_marcano,Maureen Marcano,Summer Sewald,West,75.69290431761883,0.8801439750477924,specialist_match,"product=GTX Pro (strong_fit, n=30); ticket_band=high_ticket_4k_to_10k (strong_fit, n=62); sector=retail (strong_fit, n=39)",63.902867506278405,0.9,possible_specialist,14.0,True
21OMR381,engaging,corliss_cosme,Corliss Cosme,Cara Losch,East,MG Special,low_ticket_under_1k,55,,,,,172.0,False,hayden_neloms,Hayden Neloms,Celia Rouche,West,71.35150661886287,0.44534101199279935,possible_specialist,"product=MG Special (possible_fit, n=23); ticket_band=low_ticket_under_1k (possible_fit, n=23)",66.07295182044197,0.44494897427831787,possible_specialist,8.0,True
22HV3N2W,engaging,niesha_huffines,Niesha Huffines,Melvin Marxen,Central,GTX Plus Basic,mid_ticket_1k_to_4k,1096,Rangreen,technology,1_5b_to_3b,2k_to_10k,152.0,True,maureen_marcano,Maureen Marcano,Summer Sewald,West,74.72979513122627,0.8779513042005219,specialist_match,"product=GTX Plus Basic (strong_fit, n=70); ticket_band=mid_ticket_1k_to_4k (strong_fit, n=87); revenue_band=1_5b_to_3b (strong_fit, n=65)",61.239987824319854,0.9,specialist_match,21.0,True
22TUMCKT,prospecting,jonathan_berthelot,Jonathan Berthelot,Melvin Marxen,Central,GTX Basic,low_ticket_under_1k,550,,,,,,False,hayden_neloms,Hayden Neloms,Celia Rouche,West,70.07479583264518,0.15165750888103105,possible_specialist,"ticket_band=low_ticket_under_1k (possible_fit, n=23)",65.41096422849174,0.5000000000000001,possible_specialist,10.0,True
23J295J4,engaging,rosalina_dieter,Rosalina Dieter,Celia Rouche,West,MG Special,low_ticket_under_1k,55,Xx-holding,finance,over_3b,over_10k,132.0,True,hayden_neloms,Hayden Neloms,Celia Rouche,West,72.12952019162759,0.624967339066664,possible_specialist,"product=MG Special (possible_fit, n=23); ticket_band=low_ticket_under_1k (possible_fit, n=23); revenue_band=over_3b (possible_fit, n=38)",63.091162643162235,0.5724568837309473,generalist_match,20.0,True
23NAJF9W,engaging,zane_levy,Zane Levy,Summer Sewald,West,GTX Pro,high_ticket_4k_to_10k,4821,Plussunin,retail,500m_to_1_5b,2k_to_10k,188.0,True,maureen_marcano,Maureen Marcano,Summer Sewald,West,76.3401968370962,0.8866025403784439,specialist_match,"product=GTX Pro (strong_fit, n=30); ticket_band=high_ticket_4k_to_10k (strong_fit, n=62); sector=retail (strong_fit, n=39)",62.925310840350484,0.9,possible_specialist,17.0,True
246MLWZ7,engaging,zane_levy,Zane Levy,Summer Sewald,West,GTX Basic,low_ticket_under_1k,550,Rangreen,technology,1_5b_to_3b,2k_to_10k,236.0,True,hayden_neloms,Hayden Neloms,Celia Rouche,West,71.9132621835141,0.5044100320462258,specialist_match,"ticket_band=low_ticket_under_1k (possible_fit, n=23); sector=technology (neutral, n=14); revenue_band=1_5b_to_3b (strong_fit, n=54)",59.2657642727222,0.9,generalist_match,23.0,True
24K085JJ,engaging,maureen_marcano,Maureen Marcano,Summer Sewald,West,GTX Plus Basic,mid_ticket_1k_to_4k,1096,,,,,107.0,False,maureen_marcano,Maureen Marcano,Summer Sewald,West,73.48602163110729,0.5000000000000001,specialist_match,"product=GTX Plus Basic (strong_fit, n=70); ticket_band=mid_ticket_1k_to_4k (strong_fit, n=87)",73.48602163110729,0.5000000000000001,specialist_match,1.0,False
24REVMX7,engaging,rosalina_dieter,Rosalina Dieter,Celia Rouche,West,GTX Basic,low_ticket_under_1k,550,,,,,189.0,False,hayden_neloms,Hayden Neloms,Celia Rouche,West,70.07479583264518,0.15165750888103105,possible_specialist,"ticket_band=low_ticket_under_1k (possible_fit, n=23)",64.6297122773508,0.4371708245126285,generalist_match,14.0,True
25FUROM1,engaging,daniell_hammack,Daniell Hammack,Rocco Neubert,East,GTX Plus Basic,mid_ticket_1k_to_4k,1096,Y-corporation,employment,1_5b_to_3b,2k_to_10k,307.0,True,maureen_marcano,Maureen Marcano,Summer Sewald,West,75.22635988672184,0.9787046218333973,specialist_match,"product=GTX Plus Basic (strong_fit, n=70); ticket_band=mid_ticket_1k_to_4k (strong_fit, n=87); revenue_band=1_5b_to_3b (strong_fit, n=65)",58.68217340675877,0.6836660026534076,generalist_match,25.0,True
26CH1NDR,engaging,daniell_hammack,Daniell Hammack,Rocco Neubert,East,GTX Basic,low_ticket_under_1k,550,Mathtouch,marketing,over_3b,2k_to_10k,297.0,True,hayden_neloms,Hayden Neloms,Celia Rouche,West,71.33521489151232,0.3491254523291207,specialist_match,"ticket_band=low_ticket_under_1k (possible_fit, n=23); revenue_band=over_3b (possible_fit, n=38); employee_band=2k_to_10k (strong_fit, n=78)",60.95197895303948,0.8548921496073415,possible_specialist,21.0,True
27REMGYU,engaging,james_ascencio,James Ascencio,Summer Sewald,West,GTX Basic,low_ticket_under_1k,550,,,,,141.0,False,hayden_neloms,Hayden Neloms,Celia Rouche,West,70.07479583264518,0.15165750888103105,possible_specialist,"ticket_band=low_ticket_under_1k (possible_fit, n=23)",65.1285349679303,0.5000000000000001,generalist_match,11.0,True
27ZK0L0F,prospecting,niesha_huffines,Niesha Huffines,Melvin Marxen,Central,GTX Basic,low_ticket_under_1k,550,,,,,,False,hayden_neloms,Hayden Neloms,Celia Rouche,West,70.07479583264518,0.15165750888103105,possible_specialist,"ticket_band=low_ticket_under_1k (possible_fit, n=23)",58.877443252263674,0.5000000000000001,generalist_match,24.0,True
283MDYKM,engaging,moses_frase,Moses Frase,Dustin Brinkmann,Central,GTX Plus Basic,mid_ticket_1k_to_4k,1096,,,,,153.0,False,maureen_marcano,Maureen Marcano,Summer Sewald,West,73.48602163110729,0.5000000000000001,specialist_match,"product=GTX Plus Basic (strong_fit, n=70); ticket_band=mid_ticket_1k_to_4k (strong_fit, n=87)",67.66177657064439,0.5000000000000001,possible_specialist,4.0,True
2872DC79,prospecting,moses_frase,Moses Frase,Dustin Brinkmann,Central,MG Advanced,mid_ticket_1k_to_4k,3393,,,,,,False,hayden_neloms,Hayden Neloms,Celia Rouche,West,74.19302882850188,0.5000000000000001,specialist_match,"product=MG Advanced (strong_fit, n=77); ticket_band=mid_ticket_1k_to_4k (possible_fit, n=119)",66.67886466929271,0.5000000000000001,generalist_match,6.0,True
28EJ0L9T,prospecting,darcel_schlecht,Darcel Schlecht,Melvin Marxen,Central,GTX Plus Pro,high_ticket_4k_to_10k,5482,,,,,,False,maureen_marcano,Maureen Marcano,Summer Sewald,West,74.25820338006682,0.5000000000000001,specialist_match,"product=GTX Plus Pro (strong_fit, n=32); ticket_band=high_ticket_4k_to_10k (strong_fit, n=62)",63.90260951665106,0.5000000000000001,specialist_match,13.0,True
298J5EM0,engaging,vicki_laflamme,Vicki Laflamme,Celia Rouche,West,GTX Basic,low_ticket_under_1k,550,,,,,144.0,False,hayden_neloms,Hayden Neloms,Celia Rouche,West,70.07479583264518,0.15165750888103105,possible_specialist,"ticket_band=low_ticket_under_1k (possible_fit, n=23)",64.7618338807733,0.5000000000000001,possible_specialist,13.0,True
29W6WPLA,engaging,jonathan_berthelot,Jonathan Berthelot,Melvin Marxen,Central,GTX Plus Basic,mid_ticket_1k_to_4k,1096,Gekko & Co,retail,1_5b_to_3b,2k_to_10k,164.0,True,maureen_marcano,Maureen Marcano,Summer Sewald,West,76.84376572742474,0.9,specialist_match,"product=GTX Plus Basic (strong_fit, n=70); ticket_band=mid_ticket_1k_to_4k (strong_fit, n=87); sector=retail (strong_fit, n=39)",65.7618360856487,0.9,specialist_match,10.0,True
2BD1SDBX,prospecting,jonathan_berthelot,Jonathan Berthelot,Melvin Marxen,Central,GTX Basic,low_ticket_under_1k,550,Vehement Capital Partners,finance,500m_to_1_5b,500_to_2k,,True,moses_frase,Moses Frase,Dustin Brinkmann,Central,72.82471303563105,0.8914854215512676,specialist_match,"product=GTX Basic (strong_fit, n=59); ticket_band=low_ticket_under_1k (strong_fit, n=105); sector=finance (strong_fit, n=22)",65.83510859835872,0.9,specialist_match,9.0,True
2BXYT4PD,engaging,hayden_neloms,Hayden Neloms,Celia Rouche,West,GTX Plus Pro,high_ticket_4k_to_10k,5482,Funholding,finance,1_5b_to_3b,2k_to_10k,227.0,True,maureen_marcano,Maureen Marcano,Summer Sewald,West,75.70559674184328,0.8527525231651948,specialist_match,"product=GTX Plus Pro (strong_fit, n=32); ticket_band=high_ticket_4k_to_10k (strong_fit, n=62); revenue_band=1_5b_to_3b (strong_fit, n=65)",70.77088372150145,0.20000000000000004,specialist_match,2.0,True
2CZUU9E0,engaging,lajuana_vencill,Lajuana Vencill,Dustin Brinkmann,Central,GTX Basic,low_ticket_under_1k,550,,,,,162.0,False,hayden_neloms,Hayden Neloms,Celia Rouche,West,70.07479583264518,0.15165750888103105,possible_specialist,"ticket_band=low_ticket_under_1k (possible_fit, n=23)",52.685793792795806,0.5000000000000001,generalist_match,29.0,True
2DY9U1V7,engaging,rosie_papadopoulos,Rosie Papadopoulos,Cara Losch,East,GTX Pro,high_ticket_4k_to_10k,4821,Konex,technology,over_3b,over_10k,72.0,True,maureen_marcano,Maureen Marcano,Summer Sewald,West,73.73506653030837,0.8779513042005219,specialist_match,"product=GTX Pro (strong_fit, n=30); ticket_band=high_ticket_4k_to_10k (strong_fit, n=62); revenue_band=over_3b (neutral, n=70)",66.80893293294385,0.8419616695385398,specialist_match,7.0,True
2E2FDZHG,engaging,niesha_huffines,Niesha Huffines,Melvin Marxen,Central,GTX Pro,high_ticket_4k_to_10k,4821,,,,,151.0,False,maureen_marcano,Maureen Marcano,Summer Sewald,West,73.54787621751144,0.5000000000000001,specialist_match,"product=GTX Pro (strong_fit, n=30); ticket_band=high_ticket_4k_to_10k (strong_fit, n=62)",54.917001713341385,0.39942264840705605,generalist_match,27.0,True
2F41W100,engaging,daniell_hammack,Daniell Hammack,Rocco Neubert,East,GTX Plus Basic,mid_ticket_1k_to_4k,1096,,,,,127.0,False,maureen_marcano,Maureen Marcano,Summer Sewald,West,73.48602163110729,0.5000000000000001,specialist_match,"product=GTX Plus Basic (strong_fit, n=70); ticket_band=mid_ticket_1k_to_4k (strong_fit, n=87)",59.095704895820504,0.5000000000000001,generalist_match,24.0,True
2FM8HJDM,engaging,vicki_laflamme,Vicki Laflamme,Celia Rouche,West,MG Advanced,mid_ticket_1k_to_4k,3393,,,,,102.0,False,hayden_neloms,Hayden Neloms,Celia Rouche,West,74.19302882850188,0.5000000000000001,specialist_match,"product=MG Advanced (strong_fit, n=77); ticket_band=mid_ticket_1k_to_4k (possible_fit, n=119)",62.56043132660775,0.5000000000000001,generalist_match,16.0,True
2FMT1053,engaging,hayden_neloms,Hayden Neloms,Celia Rouche,West,MG Advanced,mid_ticket_1k_to_4k,3393,,,,,227.0,False,hayden_neloms,Hayden Neloms,Celia Rouche,West,74.19302882850188,0.5000000000000001,specialist_match,"product=MG Advanced (strong_fit, n=77); ticket_band=mid_ticket_1k_to_4k (possible_fit, n=119)",74.19302882850188,0.5000000000000001,specialist_match,1.0,False
2FNTCPOU,engaging,vicki_laflamme,Vicki Laflamme,Celia Rouche,West,GTX Plus Pro,high_ticket_4k_to_10k,5482,,,,,189.0,False,maureen_marcano,Maureen Marcano,Summer Sewald,West,74.25820338006682,0.5000000000000001,specialist_match,"product=GTX Plus Pro (strong_fit, n=32); ticket_band=high_ticket_4k_to_10k (strong_fit, n=62)",63.064656958982155,0.5000000000000001,generalist_match,18.0,True
2G5ZMOYC,prospecting,versie_hillebrand,Versie Hillebrand,Dustin Brinkmann,Central,GTX Basic,low_ticket_under_1k,550,Scottech,marketing,under_500m,under_500,,True,hayden_neloms,Hayden Neloms,Celia Rouche,West,69.98232301130567,0.23680444071066306,possible_specialist,"ticket_band=low_ticket_under_1k (possible_fit, n=23)",68.73608748052773,0.930377887180941,specialist_match,2.0,True
2GFL3TAF,engaging,darcel_schlecht,Darcel Schlecht,Melvin Marxen,Central,GTX Pro,high_ticket_4k_to_10k,4821,,,,,159.0,False,maureen_marcano,Maureen Marcano,Summer Sewald,West,73.54787621751144,0.5000000000000001,specialist_match,"product=GTX Pro (strong_fit, n=30); ticket_band=high_ticket_4k_to_10k (strong_fit, n=62)",61.87208356326526,0.5000000000000001,generalist_match,22.0,True
2GV66JA7,engaging,daniell_hammack,Daniell Hammack,Rocco Neubert,East,MG Advanced,mid_ticket_1k_to_4k,3393,,,,,269.0,False,hayden_neloms,Hayden Neloms,Celia Rouche,West,74.19302882850188,0.5000000000000001,specialist_match,"product=MG Advanced (strong_fit, n=77); ticket_band=mid_ticket_1k_to_4k (possible_fit, n=119)",56.615361697431,0.4872281323269015,generalist_match,28.0,True
2HS1C21I,engaging,elease_gluck,Elease Gluck,Celia Rouche,West,GTX Pro,high_ticket_4k_to_10k,4821,,,,,272.0,False,maureen_marcano,Maureen Marcano,Summer Sewald,West,73.54787621751144,0.5000000000000001,specialist_match,"product=GTX Pro (strong_fit, n=30); ticket_band=high_ticket_4k_to_10k (strong_fit, n=62)",63.43543909820883,0.0,low_confidence,16.0,True
2HT2R2GY,engaging,cassey_cress,Cassey Cress,Rocco Neubert,East,GTX Plus Pro,high_ticket_4k_to_10k,5482,,,,,367.0,False,maureen_marcano,Maureen Marcano,Summer Sewald,West,74.25820338006682,0.5000000000000001,specialist_match,"product=GTX Plus Pro (strong_fit, n=32); ticket_band=high_ticket_4k_to_10k (strong_fit, n=62)",61.47255219351271,0.5000000000000001,possible_specialist,22.0,True
2I7IFY8D,engaging,darcel_schlecht,Darcel Schlecht,Melvin Marxen,Central,GTX Pro,high_ticket_4k_to_10k,4821,,,,,155.0,False,maureen_marcano,Maureen Marcano,Summer Sewald,West,73.54787621751144,0.5000000000000001,specialist_match,"product=GTX Pro (strong_fit, n=30); ticket_band=high_ticket_4k_to_10k (strong_fit, n=62)",61.87208356326526,0.5000000000000001,generalist_match,22.0,True
2IRZM0LB,prospecting,darcel_schlecht,Darcel Schlecht,Melvin Marxen,Central,GTX Pro,high_ticket_4k_to_10k,4821,Xx-zobam,entertainment,over_3b,2k_to_10k,,True,maureen_marcano,Maureen Marcano,Summer Sewald,West,74.72698052302623,0.8914854215512676,specialist_match,"product=GTX Pro (strong_fit, n=30); ticket_band=high_ticket_4k_to_10k (strong_fit, n=62); revenue_band=over_3b (neutral, n=70)",61.70256603603095,0.8683250823060348,possible_specialist,21.0,True
2J5E145N,engaging,daniell_hammack,Daniell Hammack,Rocco Neubert,East,GTX Pro,high_ticket_4k_to_10k,4821,,,,,327.0,False,maureen_marcano,Maureen Marcano,Summer Sewald,West,73.54787621751144,0.5000000000000001,specialist_match,"product=GTX Pro (strong_fit, n=30); ticket_band=high_ticket_4k_to_10k (strong_fit, n=62)",63.40213266738296,0.5000000000000001,specialist_match,17.0,True
2JY9SQ2L,engaging,vicki_laflamme,Vicki Laflamme,Celia Rouche,West,MG Special,low_ticket_under_1k,55,,,,,288.0,False,hayden_neloms,Hayden Neloms,Celia Rouche,West,71.35150661886287,0.44534101199279935,possible_specialist,"product=MG Special (possible_fit, n=23); ticket_band=low_ticket_under_1k (possible_fit, n=23)",63.64770011642242,0.5000000000000001,generalist_match,15.0,True
2KWJIZX6,engaging,lajuana_vencill,Lajuana Vencill,Dustin Brinkmann,Central,GTX Plus Basic,mid_ticket_1k_to_4k,1096,,,,,143.0,False,maureen_marcano,Maureen Marcano,Summer Sewald,West,73.48602163110729,0.5000000000000001,specialist_match,"product=GTX Plus Basic (strong_fit, n=70); ticket_band=mid_ticket_1k_to_4k (strong_fit, n=87)",54.318726490443574,0.5000000000000001,generalist_match,29.0,True
2LSNRT4U,engaging,kary_hendrixson,Kary Hendrixson,Summer Sewald,West,GTX Pro,high_ticket_4k_to_10k,4821,,,,,258.0,False,maureen_marcano,Maureen Marcano,Summer Sewald,West,73.54787621751144,0.5000000000000001,specialist_match,"product=GTX Pro (strong_fit, n=30); ticket_band=high_ticket_4k_to_10k (strong_fit, n=62)",62.91009537954826,0.5000000000000001,generalist_match,19.0,True
2MKG6ZDD,engaging,james_ascencio,James Ascencio,Summer Sewald,West,GTX Basic,low_ticket_under_1k,550,Domzoom,entertainment,under_500m,500_to_2k,194.0,True,moses_frase,Moses Frase,Dustin Brinkmann,Central,70.72584555420603,0.6948683298050515,specialist_match,"product=GTX Basic (strong_fit, n=59); ticket_band=low_ticket_under_1k (strong_fit, n=105); employee_band=500_to_2k (strong_fit, n=80)",65.7187258984943,0.8559845414436883,possible_specialist,10.0,True
2N2MUDOA,engaging,daniell_hammack,Daniell Hammack,Rocco Neubert,East,GTX Pro,high_ticket_4k_to_10k,4821,Bioholding,medical,500m_to_1_5b,500_to_2k,148.0,True,maureen_marcano,Maureen Marcano,Summer Sewald,West,75.28164238114346,0.8580952792483143,specialist_match,"product=GTX Pro (strong_fit, n=30); ticket_band=high_ticket_4k_to_10k (strong_fit, n=62); sector=medical (strong_fit, n=19)",61.759799178164286,0.8974679434480897,specialist_match,21.0,True
2NO97U9Z,prospecting,marty_freudenburg,Marty Freudenburg,Melvin Marxen,Central,MG Advanced,mid_ticket_1k_to_4k,3393,,,,,,False,hayden_neloms,Hayden Neloms,Celia Rouche,West,74.19302882850188,0.5000000000000001,specialist_match,"product=MG Advanced (strong_fit, n=77); ticket_band=mid_ticket_1k_to_4k (possible_fit, n=119)",60.0456314423343,0.5000000000000001,generalist_match,22.0,True
2O76H591,engaging,james_ascencio,James Ascencio,Summer Sewald,West,MG Advanced,mid_ticket_1k_to_4k,3393,,,,,197.0,False,hayden_neloms,Hayden Neloms,Celia Rouche,West,74.19302882850188,0.5000000000000001,specialist_match,"product=MG Advanced (strong_fit, n=77); ticket_band=mid_ticket_1k_to_4k (possible_fit, n=119)",67.33380886620368,0.44243315085963286,possible_specialist,4.0,True
2PI827MA,engaging,kary_hendrixson,Kary Hendrixson,Summer Sewald,West,GTX Pro,high_ticket_4k_to_10k,4821,,,,,220.0,False,maureen_marcano,Maureen Marcano,Summer Sewald,West,73.54787621751144,0.5000000000000001,specialist_match,"product=GTX Pro (strong_fit, n=30); ticket_band=high_ticket_4k_to_10k (strong_fit, n=62)",62.91009537954826,0.5000000000000001,generalist_match,19.0,True
2RQOUJ9V,prospecting,lajuana_vencill,Lajuana Vencill,Dustin Brinkmann,Central,GTX Basic,low_ticket_under_1k,550,,,,,,False,hayden_neloms,Hayden Neloms,Celia Rouche,West,70.07479583264518,0.15165750888103105,possible_specialist,"ticket_band=low_ticket_under_1k (possible_fit, n=23)",52.685793792795806,0.5000000000000001,generalist_match,29.0,True
2SZX9B7J,prospecting,cecily_lampkin,Cecily Lampkin,Dustin Brinkmann,Central,GTX Plus Pro,high_ticket_4k_to_10k,5482,Sunnamplex,marketing,500m_to_1_5b,500_to_2k,,True,maureen_marcano,Maureen Marcano,Summer Sewald,West,74.71395563171326,0.6801439750477924,specialist_match,"product=GTX Plus Pro (strong_fit, n=32); ticket_band=high_ticket_4k_to_10k (strong_fit, n=62); revenue_band=500m_to_1_5b (neutral, n=30)",66.7317759574068,0.8558021888028176,possible_specialist,7.0,True
2TI0MAKP,prospecting,versie_hillebrand,Versie Hillebrand,Dustin Brinkmann,Central,GTX Basic,low_ticket_under_1k,550,Lexiqvolax,medical,1_5b_to_3b,2k_to_10k,,True,hayden_neloms,Hayden Neloms,Celia Rouche,West,72.05598215497773,0.4930788651183406,specialist_match,"ticket_band=low_ticket_under_1k (possible_fit, n=23); sector=medical (neutral, n=12); revenue_band=1_5b_to_3b (strong_fit, n=54)",69.31451279437404,0.8738612787525831,specialist_match,4.0,True
2TYZRE2R,engaging,moses_frase,Moses Frase,Dustin Brinkmann,Central,MG Special,low_ticket_under_1k,55,Massive Dynamic,entertainment,500m_to_1_5b,500_to_2k,160.0,True,hayden_neloms,Hayden Neloms,Celia Rouche,West,71.72724232828777,0.6199776366795383,possible_specialist,"product=MG Special (possible_fit, n=23); ticket_band=low_ticket_under_1k (possible_fit, n=23); revenue_band=500m_to_1_5b (neutral, n=31)",66.40563126668933,0.7000000000000001,specialist_match,10.0,True
2VCDVCIZ,engaging,kary_hendrixson,Kary Hendrixson,Summer Sewald,West,GTX Basic,low_ticket_under_1k,550,,,,,369.0,False,hayden_neloms,Hayden Neloms,Celia Rouche,West,70.07479583264518,0.15165750888103105,possible_specialist,"ticket_band=low_ticket_under_1k (possible_fit, n=23)",62.34894675423093,0.5000000000000001,generalist_match,20.0,True
2VDN72EP,engaging,vicki_laflamme,Vicki Laflamme,Celia Rouche,West,GTX Basic,low_ticket_under_1k,550,,,,,276.0,False,hayden_neloms,Hayden Neloms,Celia Rouche,West,70.07479583264518,0.15165750888103105,possible_specialist,"ticket_band=low_ticket_under_1k (possible_fit, n=23)",64.7618338807733,0.5000000000000001,possible_specialist,13.0,True
2WDSO6PG,engaging,niesha_huffines,Niesha Huffines,Melvin Marxen,Central,GTX Basic,low_ticket_under_1k,550,Hatfan,services,500m_to_1_5b,500_to_2k,165.0,True,moses_frase,Moses Frase,Dustin Brinkmann,Central,71.38180980357454,0.7000000000000001,specialist_match,"product=GTX Basic (strong_fit, n=59); ticket_band=low_ticket_under_1k (strong_fit, n=105); revenue_band=500m_to_1_5b (strong_fit, n=61)",58.02166172036964,0.7000000000000001,generalist_match,24.0,True
2WTPSQTN,prospecting,gladys_colclough,Gladys Colclough,Melvin Marxen,Central,GTX Plus Pro,high_ticket_4k_to_10k,5482,,,,,,False,maureen_marcano,Maureen Marcano,Summer Sewald,West,74.25820338006682,0.5000000000000001,specialist_match,"product=GTX Plus Pro (strong_fit, n=32); ticket_band=high_ticket_4k_to_10k (strong_fit, n=62)",55.85072174055262,0.5000000000000001,generalist_match,26.0,True
2WWMPY7O,prospecting,versie_hillebrand,Versie Hillebrand,Dustin Brinkmann,Central,GTX Basic,low_ticket_under_1k,550,,,,,,False,hayden_neloms,Hayden Neloms,Celia Rouche,West,70.07479583264518,0.15165750888103105,possible_specialist,"ticket_band=low_ticket_under_1k (possible_fit, n=23)",67.32182856636227,0.4738612787525831,possible_specialist,3.0,True
2YLXKON1,engaging,hayden_neloms,Hayden Neloms,Celia Rouche,West,MG Advanced,mid_ticket_1k_to_4k,3393,,,,,223.0,False,hayden_neloms,Hayden Neloms,Celia Rouche,West,74.19302882850188,0.5000000000000001,specialist_match,"product=MG Advanced (strong_fit, n=77); ticket_band=mid_ticket_1k_to_4k (possible_fit, n=119)",74.19302882850188,0.5000000000000001,specialist_match,1.0,False
30R81VZX,engaging,kami_bicknell,Kami Bicknell,Summer Sewald,West,GTX Pro,high_ticket_4k_to_10k,4821,Zoomit,entertainment,under_500m,500_to_2k,328.0,True,maureen_marcano,Maureen Marcano,Summer Sewald,West,73.83111219047497,0.8850268562206162,specialist_match,"product=GTX Pro (strong_fit, n=30); ticket_band=high_ticket_4k_to_10k (strong_fit, n=62); revenue_band=under_500m (neutral, n=48)",62.648211976567595,0.9,possible_specialist,18.0,True
31IV2B9O,engaging,vicki_laflamme,Vicki Laflamme,Celia Rouche,West,GTX Basic,low_ticket_under_1k,550,,,,,66.0,False,hayden_neloms,Hayden Neloms,Celia Rouche,West,70.07479583264518,0.15165750888103105,possible_specialist,"ticket_band=low_ticket_under_1k (possible_fit, n=23)",64.7618338807733,0.5000000000000001,possible_specialist,13.0,True
32NDDT4L,prospecting,moses_frase,Moses Frase,Dustin Brinkmann,Central,MG Special,low_ticket_under_1k,55,,,,,,False,hayden_neloms,Hayden Neloms,Celia Rouche,West,71.35150661886287,0.44534101199279935,possible_specialist,"product=MG Special (possible_fit, n=23); ticket_band=low_ticket_under_1k (possible_fit, n=23)",65.050007828557,0.5000000000000001,specialist_match,11.0,True
3372JYYQ,engaging,cassey_cress,Cassey Cress,Rocco Neubert,East,MG Advanced,mid_ticket_1k_to_4k,3393,Condax,medical,under_500m,under_500,230.0,True,hayden_neloms,Hayden Neloms,Celia Rouche,West,74.6823349008157,0.7265682880669416,specialist_match,"product=MG Advanced (strong_fit, n=77); ticket_band=mid_ticket_1k_to_4k (possible_fit, n=119); sector=medical (neutral, n=12)",61.09558046120062,0.8987420882906575,generalist_match,21.0,True
33BMGHPN,engaging,gladys_colclough,Gladys Colclough,Melvin Marxen,Central,MG Special,low_ticket_under_1k,55,Opentech,finance,under_500m,500_to_2k,162.0,True,hayden_neloms,Hayden Neloms,Celia Rouche,West,71.3258779830595,0.6170904842008752,possible_specialist,"product=MG Special (possible_fit, n=23); ticket_band=low_ticket_under_1k (possible_fit, n=23); employee_band=500_to_2k (neutral, n=30)",57.092651205811315,0.9,specialist_match,25.0,True
34XWXEQE,engaging,james_ascencio,James Ascencio,Summer Sewald,West,GTX Pro,high_ticket_4k_to_10k,4821,,,,,112.0,False,maureen_marcano,Maureen Marcano,Summer Sewald,West,73.54787621751144,0.5000000000000001,specialist_match,"product=GTX Pro (strong_fit, n=30); ticket_band=high_ticket_4k_to_10k (strong_fit, n=62)",65.1112263897771,0.5000000000000001,generalist_match,9.0,True
35LLMROC,engaging,kary_hendrixson,Kary Hendrixson,Summer Sewald,West,GTX Basic,low_ticket_under_1k,550,,,,,181.0,False,hayden_neloms,Hayden Neloms,Celia Rouche,West,70.07479583264518,0.15165750888103105,possible_specialist,"ticket_band=low_ticket_under_1k (possible_fit, n=23)",62.34894675423093,0.5000000000000001,generalist_match,20.0,True
379DUF2N,engaging,markita_hansen,Markita Hansen,Celia Rouche,West,GTX Basic,low_ticket_under_1k,550,,,,,336.0,False,hayden_neloms,Hayden Neloms,Celia Rouche,West,70.07479583264518,0.15165750888103105,possible_specialist,"ticket_band=low_ticket_under_1k (possible_fit, n=23)",56.20696202242551,0.5000000000000001,generalist_match,28.0,True
37PEZCGO,prospecting,gladys_colclough,Gladys Colclough,Melvin Marxen,Central,MG Advanced,mid_ticket_1k_to_4k,3393,,,,,,False,hayden_neloms,Hayden Neloms,Celia Rouche,West,74.19302882850188,0.5000000000000001,specialist_match,"product=MG Advanced (strong_fit, n=77); ticket_band=mid_ticket_1k_to_4k (possible_fit, n=119)",59.21581989401588,0.5000000000000001,possible_specialist,24.0,True
37UCYEDY,engaging,cassey_cress,Cassey Cress,Rocco Neubert,East,GTX Plus Basic,mid_ticket_1k_to_4k,1096,Bluth Company,technology,500m_to_1_5b,2k_to_10k,158.0,True,maureen_marcano,Maureen Marcano,Summer Sewald,West,74.16437165449358,0.8645538445789658,specialist_match,"product=GTX Plus Basic (strong_fit, n=70); ticket_band=mid_ticket_1k_to_4k (strong_fit, n=87); revenue_band=500m_to_1_5b (neutral, n=30)",62.51535524611929,0.9,specialist_match,16.0,True
38K5251H,prospecting,cecily_lampkin,Cecily Lampkin,Dustin Brinkmann,Central,GTX Basic,low_ticket_under_1k,550,Fasehatice,retail,over_3b,2k_to_10k,,True,hayden_neloms,Hayden Neloms,Celia Rouche,West,72.41637989985784,0.5491254523291208,specialist_match,"ticket_band=low_ticket_under_1k (possible_fit, n=23); sector=retail (possible_fit, n=36); revenue_band=over_3b (possible_fit, n=38)",66.29254263222775,0.8961769203083567,specialist_match,10.0,True
39EYEBMK,engaging,violet_mclelland,Violet Mclelland,Cara Losch,East,GTX Basic,low_ticket_under_1k,550,,,,,166.0,False,hayden_neloms,Hayden Neloms,Celia Rouche,West,70.07479583264518,0.15165750888103105,possible_specialist,"ticket_band=low_ticket_under_1k (possible_fit, n=23)",62.719365648679045,0.5000000000000001,generalist_match,18.0,True
39NJ6UC9,prospecting,darcel_schlecht,Darcel Schlecht,Melvin Marxen,Central,MG Advanced,mid_ticket_1k_to_4k,3393,,,,,,False,hayden_neloms,Hayden Neloms,Celia Rouche,West,74.19302882850188,0.5000000000000001,specialist_match,"product=MG Advanced (strong_fit, n=77); ticket_band=mid_ticket_1k_to_4k (possible_fit, n=119)",63.28724737299752,0.5000000000000001,possible_specialist,13.0,True
3A2CCWEG,engaging,cecily_lampkin,Cecily Lampkin,Dustin Brinkmann,Central,MG Special,low_ticket_under_1k,55,,,,,155.0,False,hayden_neloms,Hayden Neloms,Celia Rouche,West,71.35150661886287,0.44534101199279935,possible_specialist,"product=MG Special (possible_fit, n=23); ticket_band=low_ticket_under_1k (possible_fit, n=23)",66.35765882959332,0.5000000000000001,generalist_match,6.0,True
3A54O8JT,engaging,versie_hillebrand,Versie Hillebrand,Dustin Brinkmann,Central,MG Special,low_ticket_under_1k,55,,,,,148.0,False,hayden_neloms,Hayden Neloms,Celia Rouche,West,71.35150661886287,0.44534101199279935,possible_specialist,"product=MG Special (possible_fit, n=23); ticket_band=low_ticket_under_1k (possible_fit, n=23)",68.31320841592525,0.5000000000000001,possible_specialist,3.0,True
3A7G5K0E,engaging,rosalina_dieter,Rosalina Dieter,Celia Rouche,West,GTX Basic,low_ticket_under_1k,550,,,,,202.0,False,hayden_neloms,Hayden Neloms,Celia Rouche,West,70.07479583264518,0.15165750888103105,possible_specialist,"ticket_band=low_ticket_under_1k (possible_fit, n=23)",64.6297122773508,0.4371708245126285,generalist_match,14.0,True
3ATYY665,engaging,kami_bicknell,Kami Bicknell,Summer Sewald,West,GTX Pro,high_ticket_4k_to_10k,4821,Conecom,technology,1_5b_to_3b,500_to_2k,219.0,True,maureen_marcano,Maureen Marcano,Summer Sewald,West,74.14435719815305,0.8714927388698704,specialist_match,"product=GTX Pro (strong_fit, n=30); ticket_band=high_ticket_4k_to_10k (strong_fit, n=62); revenue_band=1_5b_to_3b (strong_fit, n=65)",62.620180903584114,0.9,possible_specialist,18.0,True
3BA9OPGY,engaging,lajuana_vencill,Lajuana Vencill,Dustin Brinkmann,Central,MG Special,low_ticket_under_1k,55,,,,,150.0,False,hayden_neloms,Hayden Neloms,Celia Rouche,West,71.35150661886287,0.44534101199279935,possible_specialist,"product=MG Special (possible_fit, n=23); ticket_band=low_ticket_under_1k (possible_fit, n=23)",51.63006348969593,0.5000000000000001,generalist_match,29.0,True
3C5GNT3Q,engaging,vicki_laflamme,Vicki Laflamme,Celia Rouche,West,MG Special,low_ticket_under_1k,55,,,,,198.0,False,hayden_neloms,Hayden Neloms,Celia Rouche,West,71.35150661886287,0.44534101199279935,possible_specialist,"product=MG Special (possible_fit, n=23); ticket_band=low_ticket_under_1k (possible_fit, n=23)",63.64770011642242,0.5000000000000001,generalist_match,15.0,True
3C6E0D28,engaging,vicki_laflamme,Vicki Laflamme,Celia Rouche,West,GTX Plus Pro,high_ticket_4k_to_10k,5482,,,,,141.0,False,maureen_marcano,Maureen Marcano,Summer Sewald,West,74.25820338006682,0.5000000000000001,specialist_match,"product=GTX Plus Pro (strong_fit, n=32); ticket_band=high_ticket_4k_to_10k (strong_fit, n=62)",63.064656958982155,0.5000000000000001,generalist_match,18.0,True
3CB3WNBM,engaging,boris_faz,Boris Faz,Rocco Neubert,East,GTX Basic,low_ticket_under_1k,550,Kinnamplus,retail,500m_to_1_5b,500_to_2k,167.0,True,moses_frase,Moses Frase,Dustin Brinkmann,Central,72.52533478687853,0.9,specialist_match,"product=GTX Basic (strong_fit, n=59); ticket_band=low_ticket_under_1k (strong_fit, n=105); sector=retail (strong_fit, n=27)",66.00270832936278,0.8774596669241485,specialist_match,10.0,True
3DATPTEH,engaging,anna_snelling,Anna Snelling,Dustin Brinkmann,Central,MG Special,low_ticket_under_1k,55,,,,,162.0,False,hayden_neloms,Hayden Neloms,Celia Rouche,West,71.35150661886287,0.44534101199279935,possible_specialist,"product=MG Special (possible_fit, n=23); ticket_band=low_ticket_under_1k (possible_fit, n=23)",64.31764459641298,0.5000000000000001,specialist_match,13.0,True
3E4VTH6E,engaging,hayden_neloms,Hayden Neloms,Celia Rouche,West,MG Special,low_ticket_under_1k,55,Hatfan,services,500m_to_1_5b,500_to_2k,294.0,True,hayden_neloms,Hayden Neloms,Celia Rouche,West,71.16194561915786,0.7931827174364261,possible_specialist,"product=MG Special (possible_fit, n=23); ticket_band=low_ticket_under_1k (possible_fit, n=23); revenue_band=500m_to_1_5b (neutral, n=31)",71.16194561915786,0.7931827174364261,possible_specialist,1.0,False
3ECHUPQY,engaging,daniell_hammack,Daniell Hammack,Rocco Neubert,East,GTX Plus Basic,mid_ticket_1k_to_4k,1096,,,,,376.0,False,maureen_marcano,Maureen Marcano,Summer Sewald,West,73.48602163110729,0.5000000000000001,specialist_match,"product=GTX Plus Basic (strong_fit, n=70); ticket_band=mid_ticket_1k_to_4k (strong_fit, n=87)",59.095704895820504,0.5000000000000001,generalist_match,24.0,True
3F2ZPCSL,engaging,kary_hendrixson,Kary Hendrixson,Summer Sewald,West,GTX Plus Basic,mid_ticket_1k_to_4k,1096,,,,,281.0,False,maureen_marcano,Maureen Marcano,Summer Sewald,West,73.48602163110729,0.5000000000000001,specialist_match,"product=GTX Plus Basic (strong_fit, n=70); ticket_band=mid_ticket_1k_to_4k (strong_fit, n=87)",60.872881234592825,0.5000000000000001,generalist_match,23.0,True
3F34LWKM,engaging,vicki_laflamme,Vicki Laflamme,Celia Rouche,West,GTX Pro,high_ticket_4k_to_10k,4821,,,,,239.0,False,maureen_marcano,Maureen Marcano,Summer Sewald,West,73.54787621751144,0.5000000000000001,specialist_match,"product=GTX Pro (strong_fit, n=30); ticket_band=high_ticket_4k_to_10k (strong_fit, n=62)",64.74244166469498,0.5000000000000001,possible_specialist,13.0,True
3FI1J4VO,engaging,gladys_colclough,Gladys Colclough,Melvin Marxen,Central,MG Special,low_ticket_under_1k,55,,,,,155.0,False,hayden_neloms,Hayden Neloms,Celia Rouche,West,71.35150661886287,0.44534101199279935,possible_specialist,"product=MG Special (possible_fit, n=23); ticket_band=low_ticket_under_1k (possible_fit, n=23)",57.11865619131959,0.5000000000000001,generalist_match,26.0,True
3FWZBSW1,engaging,versie_hillebrand,Versie Hillebrand,Dustin Brinkmann,Central,MG Special,low_ticket_under_1k,55,Cancity,retail,500m_to_1_5b,2k_to_10k,152.0,True,hayden_neloms,Hayden Neloms,Celia Rouche,West,73.43868236166536,0.8333750963010945,specialist_match,"product=MG Special (possible_fit, n=23); ticket_band=low_ticket_under_1k (possible_fit, n=23); sector=retail (possible_fit, n=36)",69.22036954048588,0.982915619758885,specialist_match,4.0,True
3G61D5KV,engaging,gladys_colclough,Gladys Colclough,Melvin Marxen,Central,MG Special,low_ticket_under_1k,55,,,,,150.0,False,hayden_neloms,Hayden Neloms,Celia Rouche,West,71.35150661886287,0.44534101199279935,possible_specialist,"product=MG Special (possible_fit, n=23); ticket_band=low_ticket_under_1k (possible_fit, n=23)",57.11865619131959,0.5000000000000001,generalist_match,26.0,True
3H3TNCP5,engaging,james_ascencio,James Ascencio,Summer Sewald,West,GTX Plus Basic,mid_ticket_1k_to_4k,1096,Condax,medical,under_500m,under_500,222.0,True,maureen_marcano,Maureen Marcano,Summer Sewald,West,75.05111960137071,0.8616173068539296,specialist_match,"product=GTX Plus Basic (strong_fit, n=70); ticket_band=mid_ticket_1k_to_4k (strong_fit, n=87); sector=medical (strong_fit, n=19)",65.12507127426774,0.8361731603470981,possible_specialist,10.0,True
3IWUUUCN,engaging,elease_gluck,Elease Gluck,Celia Rouche,West,GTX Pro,high_ticket_4k_to_10k,4821,,,,,221.0,False,maureen_marcano,Maureen Marcano,Summer Sewald,West,73.54787621751144,0.5000000000000001,specialist_match,"product=GTX Pro (strong_fit, n=30); ticket_band=high_ticket_4k_to_10k (strong_fit, n=62)",63.43543909820883,0.0,low_confidence,16.0,True
3JUL12VK,engaging,kami_bicknell,Kami Bicknell,Summer Sewald,West,GTX Basic,low_ticket_under_1k,550,,,,,284.0,False,hayden_neloms,Hayden Neloms,Celia Rouche,West,70.07479583264518,0.15165750888103105,possible_specialist,"ticket_band=low_ticket_under_1k (possible_fit, n=23)",64.9706180992233,0.5000000000000001,possible_specialist,12.0,True
3JW6CZ7K,engaging,moses_frase,Moses Frase,Dustin Brinkmann,Central,GTX Basic,low_ticket_under_1k,550,,,,,164.0,False,hayden_neloms,Hayden Neloms,Celia Rouche,West,70.07479583264518,0.15165750888103105,possible_specialist,"ticket_band=low_ticket_under_1k (possible_fit, n=23)",70.02618636544221,0.5000000000000001,specialist_match,2.0,True
3K70RL7Q,prospecting,darcel_schlecht,Darcel Schlecht,Melvin Marxen,Central,GTX Pro,high_ticket_4k_to_10k,4821,,,,,,False,maureen_marcano,Maureen Marcano,Summer Sewald,West,73.54787621751144,0.5000000000000001,specialist_match,"product=GTX Pro (strong_fit, n=30); ticket_band=high_ticket_4k_to_10k (strong_fit, n=62)",61.87208356326526,0.5000000000000001,generalist_match,22.0,True
3L3W9W8I,engaging,marty_freudenburg,Marty Freudenburg,Melvin Marxen,Central,GTX Basic,low_ticket_under_1k,550,,,,,156.0,False,hayden_neloms,Hayden Neloms,Celia Rouche,West,70.07479583264518,0.15165750888103105,possible_specialist,"ticket_band=low_ticket_under_1k (possible_fit, n=23)",63.85390031863743,0.5000000000000001,specialist_match,17.0,True
3LCLVRVV,prospecting,anna_snelling,Anna Snelling,Dustin Brinkmann,Central,GTX Basic,low_ticket_under_1k,550,,,,,,False,hayden_neloms,Hayden Neloms,Celia Rouche,West,70.07479583264518,0.15165750888103105,possible_specialist,"ticket_band=low_ticket_under_1k (possible_fit, n=23)",62.58976906657469,0.5000000000000001,specialist_match,19.0,True
3N3RAHXR,engaging,cassey_cress,Cassey Cress,Rocco Neubert,East,GTX Plus Basic,mid_ticket_1k_to_4k,1096,Nam-zim,services,under_500m,500_to_2k,287.0,True,maureen_marcano,Maureen Marcano,Summer Sewald,West,74.70279210669817,0.8850268562206162,specialist_match,"product=GTX Plus Basic (strong_fit, n=70); ticket_band=mid_ticket_1k_to_4k (strong_fit, n=87); sector=services (possible_fit, n=22)",61.61270401923061,0.7000000000000001,generalist_match,20.0,True
3N46WQVI,engaging,hayden_neloms,Hayden Neloms,Celia Rouche,West,MG Advanced,mid_ticket_1k_to_4k,3393,Faxquote,telecommunications,1_5b_to_3b,2k_to_10k,232.0,True,hayden_neloms,Hayden Neloms,Celia Rouche,West,75.83948919938175,0.8581138830084191,specialist_match,"product=MG Advanced (strong_fit, n=77); ticket_band=mid_ticket_1k_to_4k (possible_fit, n=119); sector=telecommunications (neutral, n=15)",75.83948919938175,0.8581138830084191,specialist_match,1.0,False
3NC5XSDF,engaging,violet_mclelland,Violet Mclelland,Cara Losch,East,MG Advanced,mid_ticket_1k_to_4k,3393,,,,,110.0,False,hayden_neloms,Hayden Neloms,Celia Rouche,West,74.19302882850188,0.5000000000000001,specialist_match,"product=MG Advanced (strong_fit, n=77); ticket_band=mid_ticket_1k_to_4k (possible_fit, n=119)",64.2772315067002,0.5000000000000001,possible_specialist,11.0,True
3ORQ2R0R,engaging,elease_gluck,Elease Gluck,Celia Rouche,West,GTX Pro,high_ticket_4k_to_10k,4821,,,,,125.0,False,maureen_marcano,Maureen Marcano,Summer Sewald,West,73.54787621751144,0.5000000000000001,specialist_match,"product=GTX Pro (strong_fit, n=30); ticket_band=high_ticket_4k_to_10k (strong_fit, n=62)",63.43543909820883,0.0,low_confidence,16.0,True
3P7QQSVF,engaging,vicki_laflamme,Vicki Laflamme,Celia Rouche,West,MG Special,low_ticket_under_1k,55,,,,,263.0,False,hayden_neloms,Hayden Neloms,Celia Rouche,West,71.35150661886287,0.44534101199279935,possible_specialist,"product=MG Special (possible_fit, n=23); ticket_band=low_ticket_under_1k (possible_fit, n=23)",63.64770011642242,0.5000000000000001,generalist_match,15.0,True
3PN3YSPK,prospecting,darcel_schlecht,Darcel Schlecht,Melvin Marxen,Central,MG Advanced,mid_ticket_1k_to_4k,3393,,,,,,False,hayden_neloms,Hayden Neloms,Celia Rouche,West,74.19302882850188,0.5000000000000001,specialist_match,"product=MG Advanced (strong_fit, n=77); ticket_band=mid_ticket_1k_to_4k (possible_fit, n=119)",63.28724737299752,0.5000000000000001,possible_specialist,13.0,True
3PPHOXTT,engaging,darcel_schlecht,Darcel Schlecht,Melvin Marxen,Central,MG Special,low_ticket_under_1k,55,,,,,156.0,False,hayden_neloms,Hayden Neloms,Celia Rouche,West,71.35150661886287,0.44534101199279935,possible_specialist,"product=MG Special (possible_fit, n=23); ticket_band=low_ticket_under_1k (possible_fit, n=23)",63.550235622737446,0.5000000000000001,possible_specialist,16.0,True
3PVNGGBX,engaging,markita_hansen,Markita Hansen,Celia Rouche,West,GTX Basic,low_ticket_under_1k,550,The New York Inquirer,medical,under_500m,500_to_2k,292.0,True,hayden_neloms,Hayden Neloms,Celia Rouche,West,70.63094609049514,0.46482833732641654,possible_specialist,"ticket_band=low_ticket_under_1k (possible_fit, n=23); sector=medical (neutral, n=12); employee_band=500_to_2k (neutral, n=30)",55.108922802789166,0.8527525231651948,specialist_match,27.0,True
3Q15OHQB,engaging,vicki_laflamme,Vicki Laflamme,Celia Rouche,West,MG Advanced,mid_ticket_1k_to_4k,3393,,,,,99.0,False,hayden_neloms,Hayden Neloms,Celia Rouche,West,74.19302882850188,0.5000000000000001,specialist_match,"product=MG Advanced (strong_fit, n=77); ticket_band=mid_ticket_1k_to_4k (possible_fit, n=119)",62.56043132660775,0.5000000000000001,generalist_match,16.0,True
3R4W7ZVY,prospecting,cecily_lampkin,Cecily Lampkin,Dustin Brinkmann,Central,GTX Plus Basic,mid_ticket_1k_to_4k,1096,,,,,,False,maureen_marcano,Maureen Marcano,Summer Sewald,West,73.48602163110729,0.5000000000000001,specialist_match,"product=GTX Plus Basic (strong_fit, n=70); ticket_band=mid_ticket_1k_to_4k (strong_fit, n=87)",69.84075629824987,0.4738612787525831,specialist_match,2.0,True
3SD04QJ4,engaging,wilburn_farren,Wilburn Farren,Cara Losch,East,MG Advanced,mid_ticket_1k_to_4k,3393,,,,,155.0,False,hayden_neloms,Hayden Neloms,Celia Rouche,West,74.19302882850188,0.5000000000000001,specialist_match,"product=MG Advanced (strong_fit, n=77); ticket_band=mid_ticket_1k_to_4k (possible_fit, n=119)",,,not_candidate,,True
3SEMPUU1,engaging,markita_hansen,Markita Hansen,Celia Rouche,West,GTX Pro,high_ticket_4k_to_10k,4821,Labdrill,medical,1_5b_to_3b,2k_to_10k,228.0,True,maureen_marcano,Maureen Marcano,Summer Sewald,West,76.49435837735352,0.8779513042005219,specialist_match,"product=GTX Pro (strong_fit, n=30); ticket_band=high_ticket_4k_to_10k (strong_fit, n=62); sector=medical (strong_fit, n=19)",54.244494168428346,0.8527525231651948,generalist_match,26.0,True
3T23AW36,engaging,james_ascencio,James Ascencio,Summer Sewald,West,GTX Plus Basic,mid_ticket_1k_to_4k,1096,,,,,184.0,False,maureen_marcano,Maureen Marcano,Summer Sewald,West,73.48602163110729,0.5000000000000001,specialist_match,"product=GTX Plus Basic (strong_fit, n=70); ticket_band=mid_ticket_1k_to_4k (strong_fit, n=87)",65.75415088158896,0.49116767969308334,possible_specialist,9.0,True
3T64Z7DB,engaging,kami_bicknell,Kami Bicknell,Summer Sewald,West,GTX Basic,low_ticket_under_1k,550,,,,,281.0,False,hayden_neloms,Hayden Neloms,Celia Rouche,West,70.07479583264518,0.15165750888103105,possible_specialist,"ticket_band=low_ticket_under_1k (possible_fit, n=23)",64.9706180992233,0.5000000000000001,possible_specialist,12.0,True
3TMNC3GW,prospecting,lajuana_vencill,Lajuana Vencill,Dustin Brinkmann,Central,MG Advanced,mid_ticket_1k_to_4k,3393,Kinnamplus,retail,500m_to_1_5b,500_to_2k,,True,hayden_neloms,Hayden Neloms,Celia Rouche,West,75.6499295462723,0.874636624686739,specialist_match,"product=MG Advanced (strong_fit, n=77); ticket_band=mid_ticket_1k_to_4k (possible_fit, n=119); sector=retail (possible_fit, n=36)",49.28005687357296,0.9,generalist_match,29.0,True
3VC45PML,engaging,james_ascencio,James Ascencio,Summer Sewald,West,GTX Basic,low_ticket_under_1k,550,,,,,200.0,False,hayden_neloms,Hayden Neloms,Celia Rouche,West,70.07479583264518,0.15165750888103105,possible_specialist,"ticket_band=low_ticket_under_1k (possible_fit, n=23)",65.1285349679303,0.5000000000000001,generalist_match,11.0,True
3YDXZ4FA,engaging,versie_hillebrand,Versie Hillebrand,Dustin Brinkmann,Central,GTX Plus Pro,high_ticket_4k_to_10k,5482,,,,,163.0,False,maureen_marcano,Maureen Marcano,Summer Sewald,West,74.25820338006682,0.5000000000000001,specialist_match,"product=GTX Plus Pro (strong_fit, n=32); ticket_band=high_ticket_4k_to_10k (strong_fit, n=62)",67.77782920781395,0.4255380714699401,possible_specialist,4.0,True
41RF80KQ,engaging,boris_faz,Boris Faz,Rocco Neubert,East,GTX Plus Pro,high_ticket_4k_to_10k,5482,,,,,222.0,False,maureen_marcano,Maureen Marcano,Summer Sewald,West,74.25820338006682,0.5000000000000001,specialist_match,"product=GTX Plus Pro (strong_fit, n=32); ticket_band=high_ticket_4k_to_10k (strong_fit, n=62)",65.71958764849364,0.5000000000000001,possible_specialist,8.0,True
426EL41A,prospecting,anna_snelling,Anna Snelling,Dustin Brinkmann,Central,MG Special,low_ticket_under_1k,55,,,,,,False,hayden_neloms,Hayden Neloms,Celia Rouche,West,71.35150661886287,0.44534101199279935,possible_specialist,"product=MG Special (possible_fit, n=23); ticket_band=low_ticket_under_1k (possible_fit, n=23)",64.31764459641298,0.5000000000000001,specialist_match,13.0,True
43LFUTVM,engaging,zane_levy,Zane Levy,Summer Sewald,West,GTX Plus Pro,high_ticket_4k_to_10k,5482,,,,,282.0,False,maureen_marcano,Maureen Marcano,Summer Sewald,West,74.25820338006682,0.5000000000000001,specialist_match,"product=GTX Plus Pro (strong_fit, n=32); ticket_band=high_ticket_4k_to_10k (strong_fit, n=62)",62.43677156031358,0.5000000000000001,possible_specialist,20.0,True
44JDHBI8,prospecting,lajuana_vencill,Lajuana Vencill,Dustin Brinkmann,Central,MG Advanced,mid_ticket_1k_to_4k,3393,,,,,,False,hayden_neloms,Hayden Neloms,Celia Rouche,West,74.19302882850188,0.5000000000000001,specialist_match,"product=MG Advanced (strong_fit, n=77); ticket_band=mid_ticket_1k_to_4k (possible_fit, n=119)",52.69492570854898,0.5000000000000001,generalist_match,29.0,True
44Q1W18Y,engaging,moses_frase,Moses Frase,Dustin Brinkmann,Central,MG Special,low_ticket_under_1k,55,Zoomit,entertainment,under_500m,500_to_2k,141.0,True,hayden_neloms,Hayden Neloms,Celia Rouche,West,71.3258779830595,0.6170904842008752,possible_specialist,"product=MG Special (possible_fit, n=23); ticket_band=low_ticket_under_1k (possible_fit, n=23); employee_band=500_to_2k (neutral, n=30)",65.74966701732082,0.6948683298050515,specialist_match,10.0,True
44Y3J17P,engaging,boris_faz,Boris Faz,Rocco Neubert,East,GTX Plus Basic,mid_ticket_1k_to_4k,1096,,,,,243.0,False,maureen_marcano,Maureen Marcano,Summer Sewald,West,73.48602163110729,0.5000000000000001,specialist_match,"product=GTX Plus Basic (strong_fit, n=70); ticket_band=mid_ticket_1k_to_4k (strong_fit, n=87)",67.08182161983684,0.5000000000000001,possible_specialist,5.0,True
456BP2X7,engaging,zane_levy,Zane Levy,Summer Sewald,West,MG Advanced,mid_ticket_1k_to_4k,3393,,,,,265.0,False,hayden_neloms,Hayden Neloms,Celia Rouche,West,74.19302882850188,0.5000000000000001,specialist_match,"product=MG Advanced (strong_fit, n=77); ticket_band=mid_ticket_1k_to_4k (possible_fit, n=119)",60.98204191863348,0.45980762113533163,generalist_match,21.0,True
45B6VA2Y,engaging,violet_mclelland,Violet Mclelland,Cara Losch,East,MG Special,low_ticket_under_1k,55,,,,,266.0,False,hayden_neloms,Hayden Neloms,Celia Rouche,West,71.35150661886287,0.44534101199279935,possible_specialist,"product=MG Special (possible_fit, n=23); ticket_band=low_ticket_under_1k (possible_fit, n=23)",63.49645821399774,0.5000000000000001,generalist_match,18.0,True
45H84LNT,engaging,darcel_schlecht,Darcel Schlecht,Melvin Marxen,Central,GTX Pro,high_ticket_4k_to_10k,4821,,,,,157.0,False,maureen_marcano,Maureen Marcano,Summer Sewald,West,73.54787621751144,0.5000000000000001,specialist_match,"product=GTX Pro (strong_fit, n=30); ticket_band=high_ticket_4k_to_10k (strong_fit, n=62)",61.87208356326526,0.5000000000000001,generalist_match,22.0,True
465ZW6J2,prospecting,marty_freudenburg,Marty Freudenburg,Melvin Marxen,Central,GTX Plus Basic,mid_ticket_1k_to_4k,1096,,,,,,False,maureen_marcano,Maureen Marcano,Summer Sewald,West,73.48602163110729,0.5000000000000001,specialist_match,"product=GTX Plus Basic (strong_fit, n=70); ticket_band=mid_ticket_1k_to_4k (strong_fit, n=87)",62.274902896741885,0.5000000000000001,generalist_match,18.0,True
46UHJGY0,engaging,corliss_cosme,Corliss Cosme,Cara Losch,East,MG Special,low_ticket_under_1k,55,,,,,59.0,False,hayden_neloms,Hayden Neloms,Celia Rouche,West,71.35150661886287,0.44534101199279935,possible_specialist,"product=MG Special (possible_fit, n=23); ticket_band=low_ticket_under_1k (possible_fit, n=23)",66.07295182044197,0.44494897427831787,possible_specialist,8.0,True
473F6L9F,prospecting,moses_frase,Moses Frase,Dustin Brinkmann,Central,MG Special,low_ticket_under_1k,55,,,,,,False,hayden_neloms,Hayden Neloms,Celia Rouche,West,71.35150661886287,0.44534101199279935,possible_specialist,"product=MG Special (possible_fit, n=23); ticket_band=low_ticket_under_1k (possible_fit, n=23)",65.050007828557,0.5000000000000001,specialist_match,11.0,True
477HSG28,engaging,vicki_laflamme,Vicki Laflamme,Celia Rouche,West,GTX Basic,low_ticket_under_1k,550,,,,,203.0,False,hayden_neloms,Hayden Neloms,Celia Rouche,West,70.07479583264518,0.15165750888103105,possible_specialist,"ticket_band=low_ticket_under_1k (possible_fit, n=23)",64.7618338807733,0.5000000000000001,possible_specialist,13.0,True
47P0HBNM,prospecting,anna_snelling,Anna Snelling,Dustin Brinkmann,Central,MG Special,low_ticket_under_1k,55,Plussunin,retail,500m_to_1_5b,2k_to_10k,,True,hayden_neloms,Hayden Neloms,Celia Rouche,West,73.43868236166536,0.8333750963010945,specialist_match,"product=MG Special (possible_fit, n=23); ticket_band=low_ticket_under_1k (possible_fit, n=23); sector=retail (possible_fit, n=36)",63.38362425075019,0.9,specialist_match,19.0,True
49SUORYW,engaging,niesha_huffines,Niesha Huffines,Melvin Marxen,Central,GTX Plus Basic,mid_ticket_1k_to_4k,1096,Betasoloin,medical,under_500m,under_500,149.0,True,maureen_marcano,Maureen Marcano,Summer Sewald,West,75.05111960137071,0.8616173068539296,specialist_match,"product=GTX Plus Basic (strong_fit, n=70); ticket_band=mid_ticket_1k_to_4k (strong_fit, n=87); sector=medical (strong_fit, n=19)",61.68993401554153,0.7948683298050515,specialist_match,21.0,True
49T60OCI,engaging,cassey_cress,Cassey Cress,Rocco Neubert,East,GTX Plus Pro,high_ticket_4k_to_10k,5482,Scottech,marketing,under_500m,under_500,180.0,True,maureen_marcano,Maureen Marcano,Summer Sewald,West,74.54528743834467,0.6836660026534077,specialist_match,"product=GTX Plus Pro (strong_fit, n=32); ticket_band=high_ticket_4k_to_10k (strong_fit, n=62); revenue_band=under_500m (neutral, n=48)",59.21711992194011,0.8766933924911794,possible_specialist,24.0,True
49T7VKA7,prospecting,gladys_colclough,Gladys Colclough,Melvin Marxen,Central,GTX Plus Pro,high_ticket_4k_to_10k,5482,Plussunin,retail,500m_to_1_5b,2k_to_10k,,True,maureen_marcano,Maureen Marcano,Summer Sewald,West,77.05052399965157,0.8866025403784439,specialist_match,"product=GTX Plus Pro (strong_fit, n=32); ticket_band=high_ticket_4k_to_10k (strong_fit, n=62); sector=retail (strong_fit, n=39)",54.11716004510818,0.9,possible_specialist,27.0,True
49ZS7GTS,engaging,vicki_laflamme,Vicki Laflamme,Celia Rouche,West,MG Special,low_ticket_under_1k,55,,,,,257.0,False,hayden_neloms,Hayden Neloms,Celia Rouche,West,71.35150661886287,0.44534101199279935,possible_specialist,"product=MG Special (possible_fit, n=23); ticket_band=low_ticket_under_1k (possible_fit, n=23)",63.64770011642242,0.5000000000000001,generalist_match,15.0,True
4AUWVKUU,prospecting,marty_freudenburg,Marty Freudenburg,Melvin Marxen,Central,GTX Basic,low_ticket_under_1k,550,,,,,,False,hayden_neloms,Hayden Neloms,Celia Rouche,West,70.07479583264518,0.15165750888103105,possible_specialist,"ticket_band=low_ticket_under_1k (possible_fit, n=23)",63.85390031863743,0.5000000000000001,specialist_match,17.0,True
4CXUC4VR,engaging,vicki_laflamme,Vicki Laflamme,Celia Rouche,West,GTX Basic,low_ticket_under_1k,550,Rantouch,telecommunications,500m_to_1_5b,2k_to_10k,304.0,True,hayden_neloms,Hayden Neloms,Celia Rouche,West,71.3278595093028,0.4978054761977451,specialist_match,"ticket_band=low_ticket_under_1k (possible_fit, n=23); sector=telecommunications (neutral, n=15); revenue_band=500m_to_1_5b (neutral, n=31)",65.28737700308747,0.9866025403784439,possible_specialist,13.0,True
4D0K5T7T,engaging,zane_levy,Zane Levy,Summer Sewald,West,GTX Pro,high_ticket_4k_to_10k,4821,Gogozoom,telecommunications,under_500m,under_500,66.0,True,maureen_marcano,Maureen Marcano,Summer Sewald,West,74.78679853882937,0.8519910849594424,specialist_match,"product=GTX Pro (strong_fit, n=30); ticket_band=high_ticket_4k_to_10k (strong_fit, n=62); sector=telecommunications (possible_fit, n=17)",63.76538407519081,0.8921954445729289,specialist_match,15.0,True
4DLY9ZDH,engaging,anna_snelling,Anna Snelling,Dustin Brinkmann,Central,MG Advanced,mid_ticket_1k_to_4k,3393,Dalttechnology,software,under_500m,under_500,159.0,True,hayden_neloms,Hayden Neloms,Celia Rouche,West,74.12058474708788,0.7378994549948269,specialist_match,"product=MG Advanced (strong_fit, n=77); ticket_band=mid_ticket_1k_to_4k (possible_fit, n=119); sector=software (neutral, n=14)",58.088585671316,0.8880340843082951,specialist_match,24.0,True
4E5A84H1,engaging,kami_bicknell,Kami Bicknell,Summer Sewald,West,MG Advanced,mid_ticket_1k_to_4k,3393,,,,,311.0,False,hayden_neloms,Hayden Neloms,Celia Rouche,West,74.19302882850188,0.5000000000000001,specialist_match,"product=MG Advanced (strong_fit, n=77); ticket_band=mid_ticket_1k_to_4k (possible_fit, n=119)",64.76238763178034,0.5000000000000001,possible_specialist,10.0,True
4EGO7VCJ,engaging,kami_bicknell,Kami Bicknell,Summer Sewald,West,GTX Pro,high_ticket_4k_to_10k,4821,,,,,182.0,False,maureen_marcano,Maureen Marcano,Summer Sewald,West,73.54787621751144,0.5000000000000001,specialist_match,"product=GTX Pro (strong_fit, n=30); ticket_band=high_ticket_4k_to_10k (strong_fit, n=62)",62.17486893491999,0.5000000000000001,generalist_match,21.0,True
4ENCEYPG,prospecting,anna_snelling,Anna Snelling,Dustin Brinkmann,Central,MG Special,low_ticket_under_1k,55,,,,,,False,hayden_neloms,Hayden Neloms,Celia Rouche,West,71.35150661886287,0.44534101199279935,possible_specialist,"product=MG Special (possible_fit, n=23); ticket_band=low_ticket_under_1k (possible_fit, n=23)",64.31764459641298,0.5000000000000001,specialist_match,13.0,True
4G0X8VHP,engaging,markita_hansen,Markita Hansen,Celia Rouche,West,MG Advanced,mid_ticket_1k_to_4k,3393,Y-corporation,employment,1_5b_to_3b,2k_to_10k,221.0,True,hayden_neloms,Hayden Neloms,Celia Rouche,West,76.86058074750717,0.8527525231651948,specialist_match,"product=MG Advanced (strong_fit, n=77); ticket_band=mid_ticket_1k_to_4k (possible_fit, n=119); sector=employment (strong_fit, n=14)",56.506253951329114,0.7707106781186548,possible_specialist,26.0,True
4H2QMS78,engaging,vicki_laflamme,Vicki Laflamme,Celia Rouche,West,GTX Basic,low_ticket_under_1k,550,,,,,375.0,False,hayden_neloms,Hayden Neloms,Celia Rouche,West,70.07479583264518,0.15165750888103105,possible_specialist,"ticket_band=low_ticket_under_1k (possible_fit, n=23)",64.7618338807733,0.5000000000000001,possible_specialist,13.0,True
4H6DFFO4,prospecting,versie_hillebrand,Versie Hillebrand,Dustin Brinkmann,Central,MG Advanced,mid_ticket_1k_to_4k,3393,,,,,,False,hayden_neloms,Hayden Neloms,Celia Rouche,West,74.19302882850188,0.5000000000000001,specialist_match,"product=MG Advanced (strong_fit, n=77); ticket_band=mid_ticket_1k_to_4k (possible_fit, n=119)",65.52347623430107,0.5000000000000001,generalist_match,9.0,True
4H8GZ075,prospecting,anna_snelling,Anna Snelling,Dustin Brinkmann,Central,MG Special,low_ticket_under_1k,55,Scotfind,software,over_3b,over_10k,,True,hayden_neloms,Hayden Neloms,Celia Rouche,West,72.04897097257171,0.8484305403505135,possible_specialist,"product=MG Special (possible_fit, n=23); ticket_band=low_ticket_under_1k (possible_fit, n=23); sector=software (neutral, n=14)",65.03246777884678,0.8806225774829856,specialist_match,11.0,True
4I8X7EMW,engaging,corliss_cosme,Corliss Cosme,Cara Losch,East,GTX Pro,high_ticket_4k_to_10k,4821,,,,,354.0,False,maureen_marcano,Maureen Marcano,Summer Sewald,West,73.54787621751144,0.5000000000000001,specialist_match,"product=GTX Pro (strong_fit, n=30); ticket_band=high_ticket_4k_to_10k (strong_fit, n=62)",67.32881200685368,0.5000000000000001,specialist_match,5.0,True
4IT33RBO,engaging,markita_hansen,Markita Hansen,Celia Rouche,West,GTX Basic,low_ticket_under_1k,550,,,,,293.0,False,hayden_neloms,Hayden Neloms,Celia Rouche,West,70.07479583264518,0.15165750888103105,possible_specialist,"ticket_band=low_ticket_under_1k (possible_fit, n=23)",56.20696202242551,0.5000000000000001,generalist_match,28.0,True
4JHY98UG,engaging,cassey_cress,Cassey Cress,Rocco Neubert,East,GTX Basic,low_ticket_under_1k,550,,,,,358.0,False,hayden_neloms,Hayden Neloms,Celia Rouche,West,70.07479583264518,0.15165750888103105,possible_specialist,"ticket_band=low_ticket_under_1k (possible_fit, n=23)",61.41984833091624,0.5000000000000001,generalist_match,21.0,True
4JTH72JR,engaging,versie_hillebrand,Versie Hillebrand,Dustin Brinkmann,Central,MG Special,low_ticket_under_1k,55,,,,,162.0,False,hayden_neloms,Hayden Neloms,Celia Rouche,West,71.35150661886287,0.44534101199279935,possible_specialist,"product=MG Special (possible_fit, n=23); ticket_band=low_ticket_under_1k (possible_fit, n=23)",68.31320841592525,0.5000000000000001,possible_specialist,3.0,True
4LOHS2AJ,engaging,rosie_papadopoulos,Rosie Papadopoulos,Cara Losch,East,MG Special,low_ticket_under_1k,55,,,,,171.0,False,hayden_neloms,Hayden Neloms,Celia Rouche,West,71.35150661886287,0.44534101199279935,possible_specialist,"product=MG Special (possible_fit, n=23); ticket_band=low_ticket_under_1k (possible_fit, n=23)",63.521637062796955,0.5000000000000001,generalist_match,17.0,True
4LXUITP3,engaging,kary_hendrixson,Kary Hendrixson,Summer Sewald,West,GTX Basic,low_ticket_under_1k,550,,,,,210.0,False,hayden_neloms,Hayden Neloms,Celia Rouche,West,70.07479583264518,0.15165750888103105,possible_specialist,"ticket_band=low_ticket_under_1k (possible_fit, n=23)",62.34894675423093,0.5000000000000001,generalist_match,20.0,True
4NGSQODD,engaging,james_ascencio,James Ascencio,Summer Sewald,West,GTX Pro,high_ticket_4k_to_10k,4821,Blackzim,retail,under_500m,500_to_2k,337.0,True,maureen_marcano,Maureen Marcano,Summer Sewald,West,75.69511224990674,0.9642521127880033,specialist_match,"product=GTX Pro (strong_fit, n=30); ticket_band=high_ticket_4k_to_10k (strong_fit, n=62); sector=retail (strong_fit, n=39)",66.21004727733518,0.8827794606868006,possible_specialist,10.0,True
4O3EPWFR,engaging,corliss_cosme,Corliss Cosme,Cara Losch,East,GTX Plus Basic,mid_ticket_1k_to_4k,1096,,,,,80.0,False,maureen_marcano,Maureen Marcano,Summer Sewald,West,73.48602163110729,0.5000000000000001,specialist_match,"product=GTX Plus Basic (strong_fit, n=70); ticket_band=mid_ticket_1k_to_4k (strong_fit, n=87)",64.28124545159802,0.5000000000000001,generalist_match,12.0,True
4OYGRQGO,engaging,kami_bicknell,Kami Bicknell,Summer Sewald,West,MG Advanced,mid_ticket_1k_to_4k,3393,,,,,155.0,False,hayden_neloms,Hayden Neloms,Celia Rouche,West,74.19302882850188,0.5000000000000001,specialist_match,"product=MG Advanced (strong_fit, n=77); ticket_band=mid_ticket_1k_to_4k (possible_fit, n=119)",64.76238763178034,0.5000000000000001,possible_specialist,10.0,True
4PNXMXXC,engaging,anna_snelling,Anna Snelling,Dustin Brinkmann,Central,GTX Basic,low_ticket_under_1k,550,,,,,148.0,False,hayden_neloms,Hayden Neloms,Celia Rouche,West,70.07479583264518,0.15165750888103105,possible_specialist,"ticket_band=low_ticket_under_1k (possible_fit, n=23)",62.58976906657469,0.5000000000000001,specialist_match,19.0,True
4QFATB6J,engaging,violet_mclelland,Violet Mclelland,Cara Losch,East,GTX Basic,low_ticket_under_1k,550,,,,,253.0,False,hayden_neloms,Hayden Neloms,Celia Rouche,West,70.07479583264518,0.15165750888103105,possible_specialist,"ticket_band=low_ticket_under_1k (possible_fit, n=23)",62.719365648679045,0.5000000000000001,generalist_match,18.0,True
4QQOSYGL,engaging,corliss_cosme,Corliss Cosme,Cara Losch,East,MG Advanced,mid_ticket_1k_to_4k,3393,,,,,155.0,False,hayden_neloms,Hayden Neloms,Celia Rouche,West,74.19302882850188,0.5000000000000001,specialist_match,"product=MG Advanced (strong_fit, n=77); ticket_band=mid_ticket_1k_to_4k (possible_fit, n=119)",62.18936719088769,0.4806243040080457,generalist_match,19.0,True
4R4QF0ZU,engaging,zane_levy,Zane Levy,Summer Sewald,West,GTX Pro,high_ticket_4k_to_10k,4821,,,,,102.0,False,maureen_marcano,Maureen Marcano,Summer Sewald,West,73.54787621751144,0.5000000000000001,specialist_match,"product=GTX Pro (strong_fit, n=30); ticket_band=high_ticket_4k_to_10k (strong_fit, n=62)",62.897587492789604,0.5000000000000001,possible_specialist,20.0,True
4RDJBBB6,engaging,daniell_hammack,Daniell Hammack,Rocco Neubert,East,MG Special,low_ticket_under_1k,55,,,,,284.0,False,hayden_neloms,Hayden Neloms,Celia Rouche,West,71.35150661886287,0.44534101199279935,possible_specialist,"product=MG Special (possible_fit, n=23); ticket_band=low_ticket_under_1k (possible_fit, n=23)",60.90931624621093,0.16733200530681516,low_confidence,22.0,True
4ROECHG6,prospecting,darcel_schlecht,Darcel Schlecht,Melvin Marxen,Central,GTX Pro,high_ticket_4k_to_10k,4821,Ron-tech,medical,over_3b,2k_to_10k,,True,maureen_marcano,Maureen Marcano,Summer Sewald,West,76.09823386966151,0.8779513042005219,specialist_match,"product=GTX Pro (strong_fit, n=30); ticket_band=high_ticket_4k_to_10k (strong_fit, n=62); sector=medical (strong_fit, n=19)",61.61050030543512,1.0,specialist_match,22.0,True
4S17VJ7O,engaging,kary_hendrixson,Kary Hendrixson,Summer Sewald,West,MG Advanced,mid_ticket_1k_to_4k,3393,,,,,73.0,False,hayden_neloms,Hayden Neloms,Celia Rouche,West,74.19302882850188,0.5000000000000001,specialist_match,"product=MG Advanced (strong_fit, n=77); ticket_band=mid_ticket_1k_to_4k (possible_fit, n=119)",59.81089938030219,0.45980762113533163,generalist_match,23.0,True
4SOUOUKH,engaging,vicki_laflamme,Vicki Laflamme,Celia Rouche,West,GTX Plus Pro,high_ticket_4k_to_10k,5482,Treequote,telecommunications,over_3b,2k_to_10k,92.0,True,maureen_marcano,Maureen Marcano,Summer Sewald,West,76.48238538327139,0.8683250823060348,specialist_match,"product=GTX Plus Pro (strong_fit, n=32); ticket_band=high_ticket_4k_to_10k (strong_fit, n=62); sector=telecommunications (possible_fit, n=17)",63.290106808842914,0.9,possible_specialist,16.0,True
4U9D1IZ5,engaging,zane_levy,Zane Levy,Summer Sewald,West,GTX Basic,low_ticket_under_1k,550,,,,,284.0,False,hayden_neloms,Hayden Neloms,Celia Rouche,West,70.07479583264518,0.15165750888103105,possible_specialist,"ticket_band=low_ticket_under_1k (possible_fit, n=23)",60.2374782161471,0.5000000000000001,generalist_match,23.0,True
4UZCVHEV,engaging,violet_mclelland,Violet Mclelland,Cara Losch,East,GTX Basic,low_ticket_under_1k,550,,,,,289.0,False,hayden_neloms,Hayden Neloms,Celia Rouche,West,70.07479583264518,0.15165750888103105,possible_specialist,"ticket_band=low_ticket_under_1k (possible_fit, n=23)",62.719365648679045,0.5000000000000001,generalist_match,18.0,True
4V17GRKW,prospecting,lajuana_vencill,Lajuana Vencill,Dustin Brinkmann,Central,MG Advanced,mid_ticket_1k_to_4k,3393,,,,,,False,hayden_neloms,Hayden Neloms,Celia Rouche,West,74.19302882850188,0.5000000000000001,specialist_match,"product=MG Advanced (strong_fit, n=77); ticket_band=mid_ticket_1k_to_4k (possible_fit, n=119)",52.69492570854898,0.5000000000000001,generalist_match,29.0,True
4V9NMGEA,engaging,rosalina_dieter,Rosalina Dieter,Celia Rouche,West,GTX Basic,low_ticket_under_1k,550,,,,,304.0,False,hayden_neloms,Hayden Neloms,Celia Rouche,West,70.07479583264518,0.15165750888103105,possible_specialist,"ticket_band=low_ticket_under_1k (possible_fit, n=23)",64.6297122773508,0.4371708245126285,generalist_match,14.0,True
4XQ43RJW,prospecting,lajuana_vencill,Lajuana Vencill,Dustin Brinkmann,Central,MG Advanced,mid_ticket_1k_to_4k,3393,,,,,,False,hayden_neloms,Hayden Neloms,Celia Rouche,West,74.19302882850188,0.5000000000000001,specialist_match,"product=MG Advanced (strong_fit, n=77); ticket_band=mid_ticket_1k_to_4k (possible_fit, n=119)",52.69492570854898,0.5000000000000001,generalist_match,29.0,True
4XXAK1QL,engaging,jonathan_berthelot,Jonathan Berthelot,Melvin Marxen,Central,GTX Basic,low_ticket_under_1k,550,,,,,153.0,False,hayden_neloms,Hayden Neloms,Celia Rouche,West,70.07479583264518,0.15165750888103105,possible_specialist,"ticket_band=low_ticket_under_1k (possible_fit, n=23)",65.41096422849174,0.5000000000000001,possible_specialist,10.0,True
4XZ4RY1N,engaging,wilburn_farren,Wilburn Farren,Cara Losch,East,GTX Plus Basic,mid_ticket_1k_to_4k,1096,,,,,291.0,False,maureen_marcano,Maureen Marcano,Summer Sewald,West,73.48602163110729,0.5000000000000001,specialist_match,"product=GTX Plus Basic (strong_fit, n=70); ticket_band=mid_ticket_1k_to_4k (strong_fit, n=87)",,,not_candidate,,True
4YJKB8EC,prospecting,darcel_schlecht,Darcel Schlecht,Melvin Marxen,Central,GTX Pro,high_ticket_4k_to_10k,4821,,,,,,False,maureen_marcano,Maureen Marcano,Summer Sewald,West,73.54787621751144,0.5000000000000001,specialist_match,"product=GTX Pro (strong_fit, n=30); ticket_band=high_ticket_4k_to_10k (strong_fit, n=62)",61.87208356326526,0.5000000000000001,generalist_match,22.0,True
4ZB2W6O7,engaging,anna_snelling,Anna Snelling,Dustin Brinkmann,Central,MG Special,low_ticket_under_1k,55,Plusstrip,entertainment,under_500m,under_500,152.0,True,hayden_neloms,Hayden Neloms,Celia Rouche,West,71.25903379752336,0.5304879438224314,possible_specialist,"product=MG Special (possible_fit, n=23); ticket_band=low_ticket_under_1k (possible_fit, n=23)",65.36922325383249,0.8294554405456047,specialist_match,11.0,True
4ZKFSG5F,engaging,violet_mclelland,Violet Mclelland,Cara Losch,East,GTX Basic,low_ticket_under_1k,550,,,,,76.0,False,hayden_neloms,Hayden Neloms,Celia Rouche,West,70.07479583264518,0.15165750888103105,possible_specialist,"ticket_band=low_ticket_under_1k (possible_fit, n=23)",62.719365648679045,0.5000000000000001,generalist_match,18.0,True
4ZQTMS3Z,engaging,violet_mclelland,Violet Mclelland,Cara Losch,East,MG Special,low_ticket_under_1k,55,Kan-code,software,over_3b,over_10k,38.0,True,hayden_neloms,Hayden Neloms,Celia Rouche,West,72.1495489315531,0.7777198622318587,possible_specialist,"product=MG Special (possible_fit, n=23); ticket_band=low_ticket_under_1k (possible_fit, n=23); sector=software (neutral, n=14)",64.71023684547978,0.8250873588907172,specialist_match,12.0,True
4ZX1WPS7,engaging,cassey_cress,Cassey Cress,Rocco Neubert,East,GTX Pro,high_ticket_4k_to_10k,4821,Inity,marketing,1_5b_to_3b,2k_to_10k,242.0,True,maureen_marcano,Maureen Marcano,Summer Sewald,West,75.21634446536795,0.7000000000000001,specialist_match,"product=GTX Pro (strong_fit, n=30); ticket_band=high_ticket_4k_to_10k (strong_fit, n=62); revenue_band=1_5b_to_3b (strong_fit, n=65)",63.29874456834966,0.8779513042005219,specialist_match,16.0,True
513PSPBN,engaging,anna_snelling,Anna Snelling,Dustin Brinkmann,Central,GTX Plus Pro,high_ticket_4k_to_10k,5482,,,,,160.0,False,maureen_marcano,Maureen Marcano,Summer Sewald,West,74.25820338006682,0.5000000000000001,specialist_match,"product=GTX Plus Pro (strong_fit, n=32); ticket_band=high_ticket_4k_to_10k (strong_fit, n=62)",60.089753742851585,0.5000000000000001,generalist_match,24.0,True
51H02FX1,engaging,niesha_huffines,Niesha Huffines,Melvin Marxen,Central,MG Special,low_ticket_under_1k,55,,,,,157.0,False,hayden_neloms,Hayden Neloms,Celia Rouche,West,71.35150661886287,0.44534101199279935,possible_specialist,"product=MG Special (possible_fit, n=23); ticket_band=low_ticket_under_1k (possible_fit, n=23)",58.1744076381151,0.4872281323269015,generalist_match,25.0,True
51HOGHF0,prospecting,darcel_schlecht,Darcel Schlecht,Melvin Marxen,Central,GTX Pro,high_ticket_4k_to_10k,4821,,,,,,False,maureen_marcano,Maureen Marcano,Summer Sewald,West,73.54787621751144,0.5000000000000001,specialist_match,"product=GTX Pro (strong_fit, n=30); ticket_band=high_ticket_4k_to_10k (strong_fit, n=62)",61.87208356326526,0.5000000000000001,generalist_match,22.0,True
51VR0RD3,engaging,violet_mclelland,Violet Mclelland,Cara Losch,East,MG Special,low_ticket_under_1k,55,,,,,149.0,False,hayden_neloms,Hayden Neloms,Celia Rouche,West,71.35150661886287,0.44534101199279935,possible_specialist,"product=MG Special (possible_fit, n=23); ticket_band=low_ticket_under_1k (possible_fit, n=23)",63.49645821399774,0.5000000000000001,generalist_match,18.0,True
52V1RWCZ,prospecting,moses_frase,Moses Frase,Dustin Brinkmann,Central,GTX Basic,low_ticket_under_1k,550,Stanredtax,finance,1_5b_to_3b,2k_to_10k,,True,moses_frase,Moses Frase,Dustin Brinkmann,Central,71.72810807083873,0.9621960996699224,specialist_match,"product=GTX Basic (strong_fit, n=59); ticket_band=low_ticket_under_1k (strong_fit, n=105); sector=finance (strong_fit, n=22)",71.72810807083873,0.9621960996699224,specialist_match,1.0,False
52WACRCG,prospecting,niesha_huffines,Niesha Huffines,Melvin Marxen,Central,GTX Plus Basic,mid_ticket_1k_to_4k,1096,,,,,,False,maureen_marcano,Maureen Marcano,Summer Sewald,West,73.48602163110729,0.5000000000000001,specialist_match,"product=GTX Plus Basic (strong_fit, n=70); ticket_band=mid_ticket_1k_to_4k (strong_fit, n=87)",61.680580134823494,0.5000000000000001,specialist_match,20.0,True
5378T3K3,engaging,markita_hansen,Markita Hansen,Celia Rouche,West,GTX Plus Pro,high_ticket_4k_to_10k,5482,,,,,138.0,False,maureen_marcano,Maureen Marcano,Summer Sewald,West,74.25820338006682,0.5000000000000001,specialist_match,"product=GTX Plus Pro (strong_fit, n=32); ticket_band=high_ticket_4k_to_10k (strong_fit, n=62)",55.779851221069976,0.4291287847477921,generalist_match,27.0,True
537X47QY,prospecting,darcel_schlecht,Darcel Schlecht,Melvin Marxen,Central,GTX Pro,high_ticket_4k_to_10k,4821,,,,,,False,maureen_marcano,Maureen Marcano,Summer Sewald,West,73.54787621751144,0.5000000000000001,specialist_match,"product=GTX Pro (strong_fit, n=30); ticket_band=high_ticket_4k_to_10k (strong_fit, n=62)",61.87208356326526,0.5000000000000001,generalist_match,22.0,True
54OH0061,engaging,maureen_marcano,Maureen Marcano,Summer Sewald,West,GTX Pro,high_ticket_4k_to_10k,4821,,,,,195.0,False,maureen_marcano,Maureen Marcano,Summer Sewald,West,73.54787621751144,0.5000000000000001,specialist_match,"product=GTX Pro (strong_fit, n=30); ticket_band=high_ticket_4k_to_10k (strong_fit, n=62)",73.54787621751144,0.5000000000000001,specialist_match,1.0,False
5653N8BM,engaging,rosie_papadopoulos,Rosie Papadopoulos,Cara Losch,East,GTX Plus Basic,mid_ticket_1k_to_4k,1096,Zoomit,entertainment,under_500m,500_to_2k,203.0,True,maureen_marcano,Maureen Marcano,Summer Sewald,West,73.76925760407082,0.8850268562206162,specialist_match,"product=GTX Plus Basic (strong_fit, n=70); ticket_band=mid_ticket_1k_to_4k (strong_fit, n=87); revenue_band=under_500m (neutral, n=48)",63.956676834375074,0.3197445133160581,possible_specialist,14.0,True
566X0PLZ,prospecting,gladys_colclough,Gladys Colclough,Melvin Marxen,Central,GTX Plus Basic,mid_ticket_1k_to_4k,1096,,,,,,False,maureen_marcano,Maureen Marcano,Summer Sewald,West,73.48602163110729,0.5000000000000001,specialist_match,"product=GTX Plus Basic (strong_fit, n=70); ticket_band=mid_ticket_1k_to_4k (strong_fit, n=87)",58.8119360721871,0.5000000000000001,possible_specialist,25.0,True
5697WKA6,prospecting,versie_hillebrand,Versie Hillebrand,Dustin Brinkmann,Central,MG Special,low_ticket_under_1k,55,,,,,,False,hayden_neloms,Hayden Neloms,Celia Rouche,West,71.35150661886287,0.44534101199279935,possible_specialist,"product=MG Special (possible_fit, n=23); ticket_band=low_ticket_under_1k (possible_fit, n=23)",68.31320841592525,0.5000000000000001,possible_specialist,3.0,True
56LUBQTV,engaging,moses_frase,Moses Frase,Dustin Brinkmann,Central,MG Advanced,mid_ticket_1k_to_4k,3393,,,,,153.0,False,hayden_neloms,Hayden Neloms,Celia Rouche,West,74.19302882850188,0.5000000000000001,specialist_match,"product=MG Advanced (strong_fit, n=77); ticket_band=mid_ticket_1k_to_4k (possible_fit, n=119)",66.67886466929271,0.5000000000000001,generalist_match,6.0,True
579LZ3F9,engaging,daniell_hammack,Daniell Hammack,Rocco Neubert,East,GTX Plus Basic,mid_ticket_1k_to_4k,1096,J-Texon,retail,500m_to_1_5b,2k_to_10k,402.0,True,maureen_marcano,Maureen Marcano,Summer Sewald,West,76.27834225069205,0.8866025403784439,specialist_match,"product=GTX Plus Basic (strong_fit, n=70); ticket_band=mid_ticket_1k_to_4k (strong_fit, n=87); sector=retail (strong_fit, n=39)",57.426691772374475,0.9,generalist_match,24.0,True
58W7CZGD,engaging,vicki_laflamme,Vicki Laflamme,Celia Rouche,West,GTX Pro,high_ticket_4k_to_10k,4821,Cancity,retail,500m_to_1_5b,2k_to_10k,141.0,True,maureen_marcano,Maureen Marcano,Summer Sewald,West,76.3401968370962,0.8866025403784439,specialist_match,"product=GTX Pro (strong_fit, n=30); ticket_band=high_ticket_4k_to_10k (strong_fit, n=62); sector=retail (strong_fit, n=39)",64.84506044223072,0.9,possible_specialist,14.0,True
5BE27MLY,engaging,maureen_marcano,Maureen Marcano,Summer Sewald,West,GTX Pro,high_ticket_4k_to_10k,4821,,,,,337.0,False,maureen_marcano,Maureen Marcano,Summer Sewald,West,73.54787621751144,0.5000000000000001,specialist_match,"product=GTX Pro (strong_fit, n=30); ticket_band=high_ticket_4k_to_10k (strong_fit, n=62)",73.54787621751144,0.5000000000000001,specialist_match,1.0,False
5BXUKFPR,engaging,james_ascencio,James Ascencio,Summer Sewald,West,GTX Plus Pro,high_ticket_4k_to_10k,5482,,,,,323.0,False,maureen_marcano,Maureen Marcano,Summer Sewald,West,74.25820338006682,0.5000000000000001,specialist_match,"product=GTX Plus Pro (strong_fit, n=32); ticket_band=high_ticket_4k_to_10k (strong_fit, n=62)",66.57595272208489,0.5000000000000001,possible_specialist,5.0,True
5C59O9GU,prospecting,anna_snelling,Anna Snelling,Dustin Brinkmann,Central,MG Special,low_ticket_under_1k,55,Conecom,technology,1_5b_to_3b,500_to_2k,,True,hayden_neloms,Hayden Neloms,Celia Rouche,West,72.55969794469974,0.7846960755364379,specialist_match,"product=MG Special (possible_fit, n=23); ticket_band=low_ticket_under_1k (possible_fit, n=23); sector=technology (neutral, n=14)",64.75466420348141,0.982915619758885,specialist_match,12.0,True
5C8HCDXT,engaging,wilburn_farren,Wilburn Farren,Cara Losch,East,MG Advanced,mid_ticket_1k_to_4k,3393,,,,,285.0,False,hayden_neloms,Hayden Neloms,Celia Rouche,West,74.19302882850188,0.5000000000000001,specialist_match,"product=MG Advanced (strong_fit, n=77); ticket_band=mid_ticket_1k_to_4k (possible_fit, n=119)",,,not_candidate,,True
5CAP1055,engaging,kary_hendrixson,Kary Hendrixson,Summer Sewald,West,GTX Plus Pro,high_ticket_4k_to_10k,5482,Kan-code,software,over_3b,over_10k,140.0,True,maureen_marcano,Maureen Marcano,Summer Sewald,West,75.72796917051562,0.9968245836551854,specialist_match,"product=GTX Plus Pro (strong_fit, n=32); ticket_band=high_ticket_4k_to_10k (strong_fit, n=62); sector=software (possible_fit, n=29)",63.305252958742386,1.0,possible_specialist,15.0,True
5CZBHSRI,engaging,kary_hendrixson,Kary Hendrixson,Summer Sewald,West,MG Advanced,mid_ticket_1k_to_4k,3393,Toughzap,retail,under_500m,500_to_2k,246.0,True,hayden_neloms,Hayden Neloms,Celia Rouche,West,75.24856520104403,0.871749472208076,specialist_match,"product=MG Advanced (strong_fit, n=77); ticket_band=mid_ticket_1k_to_4k (possible_fit, n=119); sector=retail (possible_fit, n=36)",58.04012102321534,0.8598076211353317,generalist_match,24.0,True
5DQZSOBE,engaging,cecily_lampkin,Cecily Lampkin,Dustin Brinkmann,Central,GTX Plus Basic,mid_ticket_1k_to_4k,1096,,,,,162.0,False,maureen_marcano,Maureen Marcano,Summer Sewald,West,73.48602163110729,0.5000000000000001,specialist_match,"product=GTX Plus Basic (strong_fit, n=70); ticket_band=mid_ticket_1k_to_4k (strong_fit, n=87)",69.84075629824987,0.4738612787525831,specialist_match,2.0,True
5E274CQS,engaging,boris_faz,Boris Faz,Rocco Neubert,East,GTX Pro,high_ticket_4k_to_10k,4821,,,,,117.0,False,maureen_marcano,Maureen Marcano,Summer Sewald,West,73.54787621751144,0.5000000000000001,specialist_match,"product=GTX Pro (strong_fit, n=30); ticket_band=high_ticket_4k_to_10k (strong_fit, n=62)",67.53559743155327,0.49368350311176834,specialist_match,4.0,True
5ELMZN3E,prospecting,anna_snelling,Anna Snelling,Dustin Brinkmann,Central,MG Special,low_ticket_under_1k,55,,,,,,False,hayden_neloms,Hayden Neloms,Celia Rouche,West,71.35150661886287,0.44534101199279935,possible_specialist,"product=MG Special (possible_fit, n=23); ticket_band=low_ticket_under_1k (possible_fit, n=23)",64.31764459641298,0.5000000000000001,specialist_match,13.0,True
5EUHU5AF,prospecting,marty_freudenburg,Marty Freudenburg,Melvin Marxen,Central,GTX Plus Pro,high_ticket_4k_to_10k,5482,,,,,,False,maureen_marcano,Maureen Marcano,Summer Sewald,West,74.25820338006682,0.5000000000000001,specialist_match,"product=GTX Plus Pro (strong_fit, n=32); ticket_band=high_ticket_4k_to_10k (strong_fit, n=62)",64.83792882392267,0.5000000000000001,specialist_match,10.0,True
5F1RM2YM,engaging,elease_gluck,Elease Gluck,Celia Rouche,West,MG Special,low_ticket_under_1k,55,,,,,102.0,False,hayden_neloms,Hayden Neloms,Celia Rouche,West,71.35150661886287,0.44534101199279935,possible_specialist,"product=MG Special (possible_fit, n=23); ticket_band=low_ticket_under_1k (possible_fit, n=23)",64.05240715549783,0.5000000000000001,specialist_match,14.0,True
5G4I94TF,engaging,kary_hendrixson,Kary Hendrixson,Summer Sewald,West,GTX Plus Pro,high_ticket_4k_to_10k,5482,Statholdings,employment,under_500m,500_to_2k,280.0,True,maureen_marcano,Maureen Marcano,Summer Sewald,West,74.47351796866477,0.8893304367438608,specialist_match,"product=GTX Plus Pro (strong_fit, n=32); ticket_band=high_ticket_4k_to_10k (strong_fit, n=62); revenue_band=under_500m (neutral, n=48)",61.95994382565491,0.9,generalist_match,20.0,True
5IQAJGCU,engaging,kami_bicknell,Kami Bicknell,Summer Sewald,West,GTX Basic,low_ticket_under_1k,550,,,,,234.0,False,hayden_neloms,Hayden Neloms,Celia Rouche,West,70.07479583264518,0.15165750888103105,possible_specialist,"ticket_band=low_ticket_under_1k (possible_fit, n=23)",64.9706180992233,0.5000000000000001,possible_specialist,12.0,True
5JDWBOLS,engaging,daniell_hammack,Daniell Hammack,Rocco Neubert,East,GTX Basic,low_ticket_under_1k,550,,,,,302.0,False,hayden_neloms,Hayden Neloms,Celia Rouche,West,70.07479583264518,0.15165750888103105,possible_specialist,"ticket_band=low_ticket_under_1k (possible_fit, n=23)",60.62572756860969,0.42713962644214676,generalist_match,22.0,True
5JS1Z5BQ,prospecting,marty_freudenburg,Marty Freudenburg,Melvin Marxen,Central,GTX Plus Pro,high_ticket_4k_to_10k,5482,,,,,,False,maureen_marcano,Maureen Marcano,Summer Sewald,West,74.25820338006682,0.5000000000000001,specialist_match,"product=GTX Plus Pro (strong_fit, n=32); ticket_band=high_ticket_4k_to_10k (strong_fit, n=62)",64.83792882392267,0.5000000000000001,specialist_match,10.0,True
5K0ZFCVO,engaging,violet_mclelland,Violet Mclelland,Cara Losch,East,MG Special,low_ticket_under_1k,55,,,,,257.0,False,hayden_neloms,Hayden Neloms,Celia Rouche,West,71.35150661886287,0.44534101199279935,possible_specialist,"product=MG Special (possible_fit, n=23); ticket_band=low_ticket_under_1k (possible_fit, n=23)",63.49645821399774,0.5000000000000001,generalist_match,18.0,True
5KK2SSSB,engaging,rosie_papadopoulos,Rosie Papadopoulos,Cara Losch,East,GTX Basic,low_ticket_under_1k,550,,,,,318.0,False,hayden_neloms,Hayden Neloms,Celia Rouche,West,70.07479583264518,0.15165750888103105,possible_specialist,"ticket_band=low_ticket_under_1k (possible_fit, n=23)",64.24442162309245,0.20000000000000004,low_confidence,16.0,True
5M5TW9RC,engaging,cassey_cress,Cassey Cress,Rocco Neubert,East,GTX Plus Basic,mid_ticket_1k_to_4k,1096,Umbrella Corporation,finance,1_5b_to_3b,2k_to_10k,177.0,True,maureen_marcano,Maureen Marcano,Summer Sewald,West,74.93341499288375,0.8527525231651948,specialist_match,"product=GTX Plus Basic (strong_fit, n=70); ticket_band=mid_ticket_1k_to_4k (strong_fit, n=87); revenue_band=1_5b_to_3b (strong_fit, n=65)",61.73031527879891,0.9866025403784439,possible_specialist,19.0,True
5MAXF8FK,engaging,gladys_colclough,Gladys Colclough,Melvin Marxen,Central,GTX Plus Pro,high_ticket_4k_to_10k,5482,The New York Inquirer,medical,under_500m,500_to_2k,142.0,True,maureen_marcano,Maureen Marcano,Summer Sewald,West,75.91269269966563,0.8714927388698704,specialist_match,"product=GTX Plus Pro (strong_fit, n=32); ticket_band=high_ticket_4k_to_10k (strong_fit, n=62); sector=medical (strong_fit, n=19)",54.518821097893884,0.9,generalist_match,27.0,True
5MNF16D8,prospecting,darcel_schlecht,Darcel Schlecht,Melvin Marxen,Central,GTX Pro,high_ticket_4k_to_10k,4821,,,,,,False,maureen_marcano,Maureen Marcano,Summer Sewald,West,73.54787621751144,0.5000000000000001,specialist_match,"product=GTX Pro (strong_fit, n=30); ticket_band=high_ticket_4k_to_10k (strong_fit, n=62)",61.87208356326526,0.5000000000000001,generalist_match,22.0,True
5NGPM4C3,engaging,darcel_schlecht,Darcel Schlecht,Melvin Marxen,Central,GTX Plus Pro,high_ticket_4k_to_10k,5482,,,,,148.0,False,maureen_marcano,Maureen Marcano,Summer Sewald,West,74.25820338006682,0.5000000000000001,specialist_match,"product=GTX Plus Pro (strong_fit, n=32); ticket_band=high_ticket_4k_to_10k (strong_fit, n=62)",63.90260951665106,0.5000000000000001,specialist_match,13.0,True
5P3NH791,engaging,boris_faz,Boris Faz,Rocco Neubert,East,MG Advanced,mid_ticket_1k_to_4k,3393,Golddex,finance,under_500m,under_500,324.0,True,hayden_neloms,Hayden Neloms,Celia Rouche,West,74.10055600716237,0.5851469318296322,specialist_match,"product=MG Advanced (strong_fit, n=77); ticket_band=mid_ticket_1k_to_4k (possible_fit, n=119)",65.85069894930763,0.7928558541673968,specialist_match,8.0,True
5P4O1IU6,engaging,cassey_cress,Cassey Cress,Rocco Neubert,East,MG Advanced,mid_ticket_1k_to_4k,3393,,,,,131.0,False,hayden_neloms,Hayden Neloms,Celia Rouche,West,74.19302882850188,0.5000000000000001,specialist_match,"product=MG Advanced (strong_fit, n=77); ticket_band=mid_ticket_1k_to_4k (possible_fit, n=119)",62.27804922349695,0.5000000000000001,generalist_match,17.0,True
5P4OCP0Q,prospecting,versie_hillebrand,Versie Hillebrand,Dustin Brinkmann,Central,MG Special,low_ticket_under_1k,55,,,,,,False,hayden_neloms,Hayden Neloms,Celia Rouche,West,71.35150661886287,0.44534101199279935,possible_specialist,"product=MG Special (possible_fit, n=23); ticket_band=low_ticket_under_1k (possible_fit, n=23)",68.31320841592525,0.5000000000000001,possible_specialist,3.0,True
5PWO4RPC,engaging,jonathan_berthelot,Jonathan Berthelot,Melvin Marxen,Central,GTX Basic,low_ticket_under_1k,550,,,,,157.0,False,hayden_neloms,Hayden Neloms,Celia Rouche,West,70.07479583264518,0.15165750888103105,possible_specialist,"ticket_band=low_ticket_under_1k (possible_fit, n=23)",65.41096422849174,0.5000000000000001,possible_specialist,10.0,True
5Q2BX622,prospecting,anna_snelling,Anna Snelling,Dustin Brinkmann,Central,MG Advanced,mid_ticket_1k_to_4k,3393,Inity,marketing,1_5b_to_3b,2k_to_10k,,True,hayden_neloms,Hayden Neloms,Celia Rouche,West,75.59243625718109,0.7000000000000001,specialist_match,"product=MG Advanced (strong_fit, n=77); ticket_band=mid_ticket_1k_to_4k (possible_fit, n=119); revenue_band=1_5b_to_3b (strong_fit, n=54)",55.289001267464776,0.9901387818865998,generalist_match,28.0,True
5RNWV17L,engaging,rosalina_dieter,Rosalina Dieter,Celia Rouche,West,MG Advanced,mid_ticket_1k_to_4k,3393,Golddex,finance,under_500m,under_500,323.0,True,hayden_neloms,Hayden Neloms,Celia Rouche,West,74.10055600716237,0.5851469318296322,specialist_match,"product=MG Advanced (strong_fit, n=77); ticket_band=mid_ticket_1k_to_4k (possible_fit, n=119)",67.34369357060619,0.6186193239791627,possible_specialist,6.0,True
5SNCUQ8Z,engaging,anna_snelling,Anna Snelling,Dustin Brinkmann,Central,MG Special,low_ticket_under_1k,55,,,,,154.0,False,hayden_neloms,Hayden Neloms,Celia Rouche,West,71.35150661886287,0.44534101199279935,possible_specialist,"product=MG Special (possible_fit, n=23); ticket_band=low_ticket_under_1k (possible_fit, n=23)",64.31764459641298,0.5000000000000001,specialist_match,13.0,True
5T8Q2YID,engaging,elease_gluck,Elease Gluck,Celia Rouche,West,MG Special,low_ticket_under_1k,55,,,,,364.0,False,hayden_neloms,Hayden Neloms,Celia Rouche,West,71.35150661886287,0.44534101199279935,possible_specialist,"product=MG Special (possible_fit, n=23); ticket_band=low_ticket_under_1k (possible_fit, n=23)",64.05240715549783,0.5000000000000001,specialist_match,14.0,True
5TCGN3GX,engaging,violet_mclelland,Violet Mclelland,Cara Losch,East,GTX Plus Basic,mid_ticket_1k_to_4k,1096,,,,,76.0,False,maureen_marcano,Maureen Marcano,Summer Sewald,West,73.48602163110729,0.5000000000000001,specialist_match,"product=GTX Plus Basic (strong_fit, n=70); ticket_band=mid_ticket_1k_to_4k (strong_fit, n=87)",63.10380233377306,0.452487623459052,generalist_match,16.0,True
5TGQL49J,prospecting,anna_snelling,Anna Snelling,Dustin Brinkmann,Central,MG Advanced,mid_ticket_1k_to_4k,3393,,,,,,False,hayden_neloms,Hayden Neloms,Celia Rouche,West,74.19302882850188,0.5000000000000001,specialist_match,"product=MG Advanced (strong_fit, n=77); ticket_band=mid_ticket_1k_to_4k (possible_fit, n=119)",57.502548739829464,0.5000000000000001,generalist_match,26.0,True
5UFU5IO4,engaging,corliss_cosme,Corliss Cosme,Cara Losch,East,MG Special,low_ticket_under_1k,55,Cancity,retail,500m_to_1_5b,2k_to_10k,149.0,True,hayden_neloms,Hayden Neloms,Celia Rouche,West,73.43868236166536,0.8333750963010945,specialist_match,"product=MG Special (possible_fit, n=23); ticket_band=low_ticket_under_1k (possible_fit, n=23); sector=retail (possible_fit, n=36)",65.67665740609235,0.8449489742783179,possible_specialist,10.0,True
5URQT67R,engaging,markita_hansen,Markita Hansen,Celia Rouche,West,GTK 500,strategic_ticket_10k_plus,26768,Treequote,telecommunications,over_3b,2k_to_10k,200.0,True,maureen_marcano,Maureen Marcano,Summer Sewald,West,71.46263285963119,0.3683250823060347,specialist_match,"sector=telecommunications (possible_fit, n=17); revenue_band=over_3b (neutral, n=70); employee_band=2k_to_10k (strong_fit, n=102)",56.704086283805374,0.39578900207451223,generalist_match,28.0,True
5VW9YVTU,engaging,moses_frase,Moses Frase,Dustin Brinkmann,Central,GTX Basic,low_ticket_under_1k,550,Condax,medical,under_500m,under_500,149.0,True,hayden_neloms,Hayden Neloms,Celia Rouche,West,70.564101904959,0.37822579694797265,possible_specialist,"ticket_band=low_ticket_under_1k (possible_fit, n=23); sector=medical (neutral, n=12)",69.43139831237843,0.7948683298050515,specialist_match,3.0,True
5VYJCJAE,engaging,corliss_cosme,Corliss Cosme,Cara Losch,East,GTX Plus Pro,high_ticket_4k_to_10k,5482,Zoomit,entertainment,under_500m,500_to_2k,350.0,True,maureen_marcano,Maureen Marcano,Summer Sewald,West,74.54143935303034,0.8850268562206162,specialist_match,"product=GTX Plus Pro (strong_fit, n=32); ticket_band=high_ticket_4k_to_10k (strong_fit, n=62); revenue_band=under_500m (neutral, n=48)",71.12345483621989,0.8503093275813479,specialist_match,2.0,True
5W29OCB8,engaging,lajuana_vencill,Lajuana Vencill,Dustin Brinkmann,Central,MG Special,low_ticket_under_1k,55,Bioholding,medical,500m_to_1_5b,500_to_2k,154.0,True,hayden_neloms,Hayden Neloms,Celia Rouche,West,72.30902122194111,0.7613989929168479,possible_specialist,"product=MG Special (possible_fit, n=23); ticket_band=low_ticket_under_1k (possible_fit, n=23); sector=medical (neutral, n=12)",47.778578234840616,0.9707106781186547,generalist_match,29.0,True
5WAKI1NB,engaging,corliss_cosme,Corliss Cosme,Cara Losch,East,GTX Basic,low_ticket_under_1k,550,,,,,88.0,False,hayden_neloms,Hayden Neloms,Celia Rouche,West,70.07479583264518,0.15165750888103105,possible_specialist,"ticket_band=low_ticket_under_1k (possible_fit, n=23)",66.30377602466332,0.5000000000000001,possible_specialist,6.0,True
5WHMLQDK,engaging,kary_hendrixson,Kary Hendrixson,Summer Sewald,West,GTX Pro,high_ticket_4k_to_10k,4821,,,,,244.0,False,maureen_marcano,Maureen Marcano,Summer Sewald,West,73.54787621751144,0.5000000000000001,specialist_match,"product=GTX Pro (strong_fit, n=30); ticket_band=high_ticket_4k_to_10k (strong_fit, n=62)",62.91009537954826,0.5000000000000001,generalist_match,19.0,True
5WSQ6D2E,engaging,gladys_colclough,Gladys Colclough,Melvin Marxen,Central,MG Special,low_ticket_under_1k,55,,,,,161.0,False,hayden_neloms,Hayden Neloms,Celia Rouche,West,71.35150661886287,0.44534101199279935,possible_specialist,"product=MG Special (possible_fit, n=23); ticket_band=low_ticket_under_1k (possible_fit, n=23)",57.11865619131959,0.5000000000000001,generalist_match,26.0,True
5X3TSUA9,engaging,cassey_cress,Cassey Cress,Rocco Neubert,East,GTX Plus Basic,mid_ticket_1k_to_4k,1096,,,,,109.0,False,maureen_marcano,Maureen Marcano,Summer Sewald,West,73.48602163110729,0.5000000000000001,specialist_match,"product=GTX Plus Basic (strong_fit, n=70); ticket_band=mid_ticket_1k_to_4k (strong_fit, n=87)",62.03229146480558,0.5000000000000001,generalist_match,19.0,True
5XPYFICK,engaging,rosie_papadopoulos,Rosie Papadopoulos,Cara Losch,East,MG Special,low_ticket_under_1k,55,Inity,marketing,1_5b_to_3b,2k_to_10k,296.0,True,hayden_neloms,Hayden Neloms,Celia Rouche,West,72.75091404754208,0.6453410119927994,specialist_match,"product=MG Special (possible_fit, n=23); ticket_band=low_ticket_under_1k (possible_fit, n=23); revenue_band=1_5b_to_3b (strong_fit, n=54)",63.07844260738953,0.6806225774829856,possible_specialist,18.0,True
5Z8S8UHK,engaging,cassey_cress,Cassey Cress,Rocco Neubert,East,GTX Basic,low_ticket_under_1k,550,,,,,300.0,False,hayden_neloms,Hayden Neloms,Celia Rouche,West,70.07479583264518,0.15165750888103105,possible_specialist,"ticket_band=low_ticket_under_1k (possible_fit, n=23)",61.41984833091624,0.5000000000000001,generalist_match,21.0,True
5ZATE1WV,prospecting,darcel_schlecht,Darcel Schlecht,Melvin Marxen,Central,GTX Basic,low_ticket_under_1k,550,,,,,,False,hayden_neloms,Hayden Neloms,Celia Rouche,West,70.07479583264518,0.15165750888103105,possible_specialist,"ticket_band=low_ticket_under_1k (possible_fit, n=23)",64.35527881140102,0.5000000000000001,possible_specialist,15.0,True
60NIT1PM,engaging,boris_faz,Boris Faz,Rocco Neubert,East,GTX Plus Basic,mid_ticket_1k_to_4k,1096,,,,,243.0,False,maureen_marcano,Maureen Marcano,Summer Sewald,West,73.48602163110729,0.5000000000000001,specialist_match,"product=GTX Plus Basic (strong_fit, n=70); ticket_band=mid_ticket_1k_to_4k (strong_fit, n=87)",67.08182161983684,0.5000000000000001,possible_specialist,5.0,True
61E7IHAY,engaging,violet_mclelland,Violet Mclelland,Cara Losch,East,MG Special,low_ticket_under_1k,55,,,,,253.0,False,hayden_neloms,Hayden Neloms,Celia Rouche,West,71.35150661886287,0.44534101199279935,possible_specialist,"product=MG Special (possible_fit, n=23); ticket_band=low_ticket_under_1k (possible_fit, n=23)",63.49645821399774,0.5000000000000001,generalist_match,18.0,True
61GDYW9T,prospecting,cecily_lampkin,Cecily Lampkin,Dustin Brinkmann,Central,MG Advanced,mid_ticket_1k_to_4k,3393,,,,,,False,hayden_neloms,Hayden Neloms,Celia Rouche,West,74.19302882850188,0.5000000000000001,specialist_match,"product=MG Advanced (strong_fit, n=77); ticket_band=mid_ticket_1k_to_4k (possible_fit, n=119)",68.79942715958568,0.5000000000000001,specialist_match,3.0,True
61IKUAZI,engaging,rosalina_dieter,Rosalina Dieter,Celia Rouche,West,GTX Plus Basic,mid_ticket_1k_to_4k,1096,Dalttechnology,software,under_500m,under_500,102.0,True,maureen_marcano,Maureen Marcano,Summer Sewald,West,74.68535316413262,0.8836660026534077,specialist_match,"product=GTX Plus Basic (strong_fit, n=70); ticket_band=mid_ticket_1k_to_4k (strong_fit, n=87); sector=software (possible_fit, n=29)",66.04437887164538,0.3249358208673944,possible_specialist,9.0,True
62PCN0KS,engaging,maureen_marcano,Maureen Marcano,Summer Sewald,West,GTX Plus Basic,mid_ticket_1k_to_4k,1096,,,,,45.0,False,maureen_marcano,Maureen Marcano,Summer Sewald,West,73.48602163110729,0.5000000000000001,specialist_match,"product=GTX Plus Basic (strong_fit, n=70); ticket_band=mid_ticket_1k_to_4k (strong_fit, n=87)",73.48602163110729,0.5000000000000001,specialist_match,1.0,False
647SQRGL,prospecting,niesha_huffines,Niesha Huffines,Melvin Marxen,Central,GTX Basic,low_ticket_under_1k,550,,,,,,False,hayden_neloms,Hayden Neloms,Celia Rouche,West,70.07479583264518,0.15165750888103105,possible_specialist,"ticket_band=low_ticket_under_1k (possible_fit, n=23)",58.877443252263674,0.5000000000000001,generalist_match,24.0,True
64KHY8MT,engaging,jonathan_berthelot,Jonathan Berthelot,Melvin Marxen,Central,GTX Basic,low_ticket_under_1k,550,,,,,157.0,False,hayden_neloms,Hayden Neloms,Celia Rouche,West,70.07479583264518,0.15165750888103105,possible_specialist,"ticket_band=low_ticket_under_1k (possible_fit, n=23)",65.41096422849174,0.5000000000000001,possible_specialist,10.0,True
64OXRCSR,prospecting,darcel_schlecht,Darcel Schlecht,Melvin Marxen,Central,GTX Plus Basic,mid_ticket_1k_to_4k,1096,,,,,,False,maureen_marcano,Maureen Marcano,Summer Sewald,West,73.48602163110729,0.5000000000000001,specialist_match,"product=GTX Plus Basic (strong_fit, n=70); ticket_band=mid_ticket_1k_to_4k (strong_fit, n=87)",64.79805655096737,0.5000000000000001,specialist_match,10.0,True
65SMA4OZ,prospecting,darcel_schlecht,Darcel Schlecht,Melvin Marxen,Central,GTX Pro,high_ticket_4k_to_10k,4821,,,,,,False,maureen_marcano,Maureen Marcano,Summer Sewald,West,73.54787621751144,0.5000000000000001,specialist_match,"product=GTX Pro (strong_fit, n=30); ticket_band=high_ticket_4k_to_10k (strong_fit, n=62)",61.87208356326526,0.5000000000000001,generalist_match,22.0,True
67CBAWHG,prospecting,gladys_colclough,Gladys Colclough,Melvin Marxen,Central,GTX Plus Pro,high_ticket_4k_to_10k,5482,,,,,,False,maureen_marcano,Maureen Marcano,Summer Sewald,West,74.25820338006682,0.5000000000000001,specialist_match,"product=GTX Plus Pro (strong_fit, n=32); ticket_band=high_ticket_4k_to_10k (strong_fit, n=62)",55.85072174055262,0.5000000000000001,generalist_match,26.0,True
67IKZGGJ,engaging,maureen_marcano,Maureen Marcano,Summer Sewald,West,GTX Plus Basic,mid_ticket_1k_to_4k,1096,,,,,336.0,False,maureen_marcano,Maureen Marcano,Summer Sewald,West,73.48602163110729,0.5000000000000001,specialist_match,"product=GTX Plus Basic (strong_fit, n=70); ticket_band=mid_ticket_1k_to_4k (strong_fit, n=87)",73.48602163110729,0.5000000000000001,specialist_match,1.0,False
68EYCEV4,engaging,rosie_papadopoulos,Rosie Papadopoulos,Cara Losch,East,GTX Pro,high_ticket_4k_to_10k,4821,Faxquote,telecommunications,1_5b_to_3b,2k_to_10k,143.0,True,maureen_marcano,Maureen Marcano,Summer Sewald,West,76.16818272840803,0.8683250823060348,specialist_match,"product=GTX Pro (strong_fit, n=30); ticket_band=high_ticket_4k_to_10k (strong_fit, n=62); sector=telecommunications (possible_fit, n=17)",67.63660864324945,0.6806225774829856,specialist_match,5.0,True
693K7IAT,engaging,boris_faz,Boris Faz,Rocco Neubert,East,GTX Basic,low_ticket_under_1k,550,Funholding,finance,1_5b_to_3b,2k_to_10k,146.0,True,hayden_neloms,Hayden Neloms,Celia Rouche,West,71.47420326132439,0.35165750888103103,specialist_match,"ticket_band=low_ticket_under_1k (possible_fit, n=23); revenue_band=1_5b_to_3b (strong_fit, n=54); employee_band=2k_to_10k (strong_fit, n=78)",64.51342037992745,0.8605205268789637,specialist_match,14.0,True
69U39SXU,engaging,darcel_schlecht,Darcel Schlecht,Melvin Marxen,Central,GTX Pro,high_ticket_4k_to_10k,4821,,,,,149.0,False,maureen_marcano,Maureen Marcano,Summer Sewald,West,73.54787621751144,0.5000000000000001,specialist_match,"product=GTX Pro (strong_fit, n=30); ticket_band=high_ticket_4k_to_10k (strong_fit, n=62)",61.87208356326526,0.5000000000000001,generalist_match,22.0,True
6AEVX11M,engaging,violet_mclelland,Violet Mclelland,Cara Losch,East,MG Special,low_ticket_under_1k,55,,,,,257.0,False,hayden_neloms,Hayden Neloms,Celia Rouche,West,71.35150661886287,0.44534101199279935,possible_specialist,"product=MG Special (possible_fit, n=23); ticket_band=low_ticket_under_1k (possible_fit, n=23)",63.49645821399774,0.5000000000000001,generalist_match,18.0,True
6AO6E15O,engaging,rosalina_dieter,Rosalina Dieter,Celia Rouche,West,GTX Pro,high_ticket_4k_to_10k,4821,Statholdings,employment,under_500m,500_to_2k,175.0,True,maureen_marcano,Maureen Marcano,Summer Sewald,West,73.76319080610939,0.8893304367438608,specialist_match,"product=GTX Pro (strong_fit, n=30); ticket_band=high_ticket_4k_to_10k (strong_fit, n=62); revenue_band=under_500m (neutral, n=48)",65.09299411782303,0.08514693182963202,low_confidence,13.0,True
6BIZ2MB6,engaging,maureen_marcano,Maureen Marcano,Summer Sewald,West,MG Special,low_ticket_under_1k,55,,,,,221.0,False,hayden_neloms,Hayden Neloms,Celia Rouche,West,71.35150661886287,0.44534101199279935,possible_specialist,"product=MG Special (possible_fit, n=23); ticket_band=low_ticket_under_1k (possible_fit, n=23)",68.59256087373947,0.49368350311176834,generalist_match,2.0,True
6C6Z3HRA,engaging,zane_levy,Zane Levy,Summer Sewald,West,GTX Basic,low_ticket_under_1k,550,,,,,122.0,False,hayden_neloms,Hayden Neloms,Celia Rouche,West,70.07479583264518,0.15165750888103105,possible_specialist,"ticket_band=low_ticket_under_1k (possible_fit, n=23)",60.2374782161471,0.5000000000000001,generalist_match,23.0,True
6CT660FF,engaging,maureen_marcano,Maureen Marcano,Summer Sewald,West,GTX Plus Basic,mid_ticket_1k_to_4k,1096,,,,,122.0,False,maureen_marcano,Maureen Marcano,Summer Sewald,West,73.48602163110729,0.5000000000000001,specialist_match,"product=GTX Plus Basic (strong_fit, n=70); ticket_band=mid_ticket_1k_to_4k (strong_fit, n=87)",73.48602163110729,0.5000000000000001,specialist_match,1.0,False
6CWZFOHJ,prospecting,anna_snelling,Anna Snelling,Dustin Brinkmann,Central,GTX Basic,low_ticket_under_1k,550,Green-Plus,services,500m_to_1_5b,500_to_2k,,True,moses_frase,Moses Frase,Dustin Brinkmann,Central,71.38180980357454,0.7000000000000001,specialist_match,"product=GTX Basic (strong_fit, n=59); ticket_band=low_ticket_under_1k (strong_fit, n=105); revenue_band=500m_to_1_5b (strong_fit, n=61)",62.638408720476754,0.7000000000000001,specialist_match,17.0,True
6F5TIV66,engaging,jonathan_berthelot,Jonathan Berthelot,Melvin Marxen,Central,GTX Plus Basic,mid_ticket_1k_to_4k,1096,,,,,163.0,False,maureen_marcano,Maureen Marcano,Summer Sewald,West,73.48602163110729,0.5000000000000001,specialist_match,"product=GTX Plus Basic (strong_fit, n=70); ticket_band=mid_ticket_1k_to_4k (strong_fit, n=87)",64.58087656615885,0.5000000000000001,generalist_match,11.0,True
6F79VYH8,engaging,boris_faz,Boris Faz,Rocco Neubert,East,GTX Basic,low_ticket_under_1k,550,,,,,299.0,False,hayden_neloms,Hayden Neloms,Celia Rouche,West,70.07479583264518,0.15165750888103105,possible_specialist,"ticket_band=low_ticket_under_1k (possible_fit, n=23)",65.95994899029475,0.5000000000000001,generalist_match,8.0,True
6G6ZCKSB,engaging,vicki_laflamme,Vicki Laflamme,Celia Rouche,West,GTX Pro,high_ticket_4k_to_10k,4821,,,,,259.0,False,maureen_marcano,Maureen Marcano,Summer Sewald,West,73.54787621751144,0.5000000000000001,specialist_match,"product=GTX Pro (strong_fit, n=30); ticket_band=high_ticket_4k_to_10k (strong_fit, n=62)",64.74244166469498,0.5000000000000001,possible_specialist,13.0,True
6GG9CSTV,engaging,gladys_colclough,Gladys Colclough,Melvin Marxen,Central,MG Special,low_ticket_under_1k,55,,,,,161.0,False,hayden_neloms,Hayden Neloms,Celia Rouche,West,71.35150661886287,0.44534101199279935,possible_specialist,"product=MG Special (possible_fit, n=23); ticket_band=low_ticket_under_1k (possible_fit, n=23)",57.11865619131959,0.5000000000000001,generalist_match,26.0,True
6HG76L6U,engaging,boris_faz,Boris Faz,Rocco Neubert,East,GTX Pro,high_ticket_4k_to_10k,4821,,,,,313.0,False,maureen_marcano,Maureen Marcano,Summer Sewald,West,73.54787621751144,0.5000000000000001,specialist_match,"product=GTX Pro (strong_fit, n=30); ticket_band=high_ticket_4k_to_10k (strong_fit, n=62)",67.53559743155327,0.49368350311176834,specialist_match,4.0,True
6I125KPN,engaging,daniell_hammack,Daniell Hammack,Rocco Neubert,East,MG Advanced,mid_ticket_1k_to_4k,3393,,,,,223.0,False,hayden_neloms,Hayden Neloms,Celia Rouche,West,74.19302882850188,0.5000000000000001,specialist_match,"product=MG Advanced (strong_fit, n=77); ticket_band=mid_ticket_1k_to_4k (possible_fit, n=119)",56.615361697431,0.4872281323269015,generalist_match,28.0,True
6IG2A8KD,prospecting,niesha_huffines,Niesha Huffines,Melvin Marxen,Central,MG Special,low_ticket_under_1k,55,,,,,,False,hayden_neloms,Hayden Neloms,Celia Rouche,West,71.35150661886287,0.44534101199279935,possible_specialist,"product=MG Special (possible_fit, n=23); ticket_band=low_ticket_under_1k (possible_fit, n=23)",58.1744076381151,0.4872281323269015,generalist_match,25.0,True
6IO91583,prospecting,versie_hillebrand,Versie Hillebrand,Dustin Brinkmann,Central,GTX Plus Basic,mid_ticket_1k_to_4k,1096,,,,,,False,maureen_marcano,Maureen Marcano,Summer Sewald,West,73.48602163110729,0.5000000000000001,specialist_match,"product=GTX Plus Basic (strong_fit, n=70); ticket_band=mid_ticket_1k_to_4k (strong_fit, n=87)",65.84154702064274,0.20000000000000004,low_confidence,8.0,True
6JBM1ZKO,engaging,vicki_laflamme,Vicki Laflamme,Celia Rouche,West,GTX Pro,high_ticket_4k_to_10k,4821,,,,,52.0,False,maureen_marcano,Maureen Marcano,Summer Sewald,West,73.54787621751144,0.5000000000000001,specialist_match,"product=GTX Pro (strong_fit, n=30); ticket_band=high_ticket_4k_to_10k (strong_fit, n=62)",64.74244166469498,0.5000000000000001,possible_specialist,13.0,True
6KEWAQMX,engaging,cassey_cress,Cassey Cress,Rocco Neubert,East,GTX Pro,high_ticket_4k_to_10k,4821,,,,,141.0,False,maureen_marcano,Maureen Marcano,Summer Sewald,West,73.54787621751144,0.5000000000000001,specialist_match,"product=GTX Pro (strong_fit, n=30); ticket_band=high_ticket_4k_to_10k (strong_fit, n=62)",64.48706353847835,0.5000000000000001,specialist_match,14.0,True
6KHIXTAD,prospecting,anna_snelling,Anna Snelling,Dustin Brinkmann,Central,GTX Plus Pro,high_ticket_4k_to_10k,5482,,,,,,False,maureen_marcano,Maureen Marcano,Summer Sewald,West,74.25820338006682,0.5000000000000001,specialist_match,"product=GTX Plus Pro (strong_fit, n=32); ticket_band=high_ticket_4k_to_10k (strong_fit, n=62)",60.089753742851585,0.5000000000000001,generalist_match,24.0,True
6KW4PU0S,prospecting,lajuana_vencill,Lajuana Vencill,Dustin Brinkmann,Central,GTX Basic,low_ticket_under_1k,550,,,,,,False,hayden_neloms,Hayden Neloms,Celia Rouche,West,70.07479583264518,0.15165750888103105,possible_specialist,"ticket_band=low_ticket_under_1k (possible_fit, n=23)",52.685793792795806,0.5000000000000001,generalist_match,29.0,True
6OD1J7MW,engaging,elease_gluck,Elease Gluck,Celia Rouche,West,GTX Plus Pro,high_ticket_4k_to_10k,5482,Plexzap,retail,1_5b_to_3b,2k_to_10k,120.0,True,maureen_marcano,Maureen Marcano,Summer Sewald,West,77.61594747638426,0.9,specialist_match,"product=GTX Plus Pro (strong_fit, n=32); ticket_band=high_ticket_4k_to_10k (strong_fit, n=62); sector=retail (strong_fit, n=39)",63.60573933031469,0.39874208829065755,generalist_match,15.0,True
6PW6ZQEE,engaging,corliss_cosme,Corliss Cosme,Cara Losch,East,GTX Basic,low_ticket_under_1k,550,,,,,311.0,False,hayden_neloms,Hayden Neloms,Celia Rouche,West,70.07479583264518,0.15165750888103105,possible_specialist,"ticket_band=low_ticket_under_1k (possible_fit, n=23)",66.30377602466332,0.5000000000000001,possible_specialist,6.0,True
6Q67ZUJ1,engaging,maureen_marcano,Maureen Marcano,Summer Sewald,West,MG Special,low_ticket_under_1k,55,,,,,356.0,False,hayden_neloms,Hayden Neloms,Celia Rouche,West,71.35150661886287,0.44534101199279935,possible_specialist,"product=MG Special (possible_fit, n=23); ticket_band=low_ticket_under_1k (possible_fit, n=23)",68.59256087373947,0.49368350311176834,generalist_match,2.0,True
6QKBZAEQ,prospecting,versie_hillebrand,Versie Hillebrand,Dustin Brinkmann,Central,MG Special,low_ticket_under_1k,55,,,,,,False,hayden_neloms,Hayden Neloms,Celia Rouche,West,71.35150661886287,0.44534101199279935,possible_specialist,"product=MG Special (possible_fit, n=23); ticket_band=low_ticket_under_1k (possible_fit, n=23)",68.31320841592525,0.5000000000000001,possible_specialist,3.0,True
6R6S91WE,engaging,daniell_hammack,Daniell Hammack,Rocco Neubert,East,GTX Pro,high_ticket_4k_to_10k,4821,,,,,281.0,False,maureen_marcano,Maureen Marcano,Summer Sewald,West,73.54787621751144,0.5000000000000001,specialist_match,"product=GTX Pro (strong_fit, n=30); ticket_band=high_ticket_4k_to_10k (strong_fit, n=62)",63.40213266738296,0.5000000000000001,specialist_match,17.0,True
6R94B0SG,prospecting,darcel_schlecht,Darcel Schlecht,Melvin Marxen,Central,GTX Pro,high_ticket_4k_to_10k,4821,,,,,,False,maureen_marcano,Maureen Marcano,Summer Sewald,West,73.54787621751144,0.5000000000000001,specialist_match,"product=GTX Pro (strong_fit, n=30); ticket_band=high_ticket_4k_to_10k (strong_fit, n=62)",61.87208356326526,0.5000000000000001,generalist_match,22.0,True
6RN7I8ZF,prospecting,darcel_schlecht,Darcel Schlecht,Melvin Marxen,Central,GTX Pro,high_ticket_4k_to_10k,4821,Condax,medical,under_500m,under_500,,True,maureen_marcano,Maureen Marcano,Summer Sewald,West,75.11297418777487,0.8616173068539296,specialist_match,"product=GTX Pro (strong_fit, n=30); ticket_band=high_ticket_4k_to_10k (strong_fit, n=62); sector=medical (strong_fit, n=19)",60.93113072487492,0.982915619758885,generalist_match,23.0,True
6RQUXORL,prospecting,darcel_schlecht,Darcel Schlecht,Melvin Marxen,Central,GTX Plus Pro,high_ticket_4k_to_10k,5482,,,,,,False,maureen_marcano,Maureen Marcano,Summer Sewald,West,74.25820338006682,0.5000000000000001,specialist_match,"product=GTX Plus Pro (strong_fit, n=32); ticket_band=high_ticket_4k_to_10k (strong_fit, n=62)",63.90260951665106,0.5000000000000001,specialist_match,13.0,True
6RZ5GSAB,engaging,jonathan_berthelot,Jonathan Berthelot,Melvin Marxen,Central,GTX Basic,low_ticket_under_1k,550,,,,,150.0,False,hayden_neloms,Hayden Neloms,Celia Rouche,West,70.07479583264518,0.15165750888103105,possible_specialist,"ticket_band=low_ticket_under_1k (possible_fit, n=23)",65.41096422849174,0.5000000000000001,possible_specialist,10.0,True
6S2ABHZS,engaging,markita_hansen,Markita Hansen,Celia Rouche,West,GTX Basic,low_ticket_under_1k,550,,,,,261.0,False,hayden_neloms,Hayden Neloms,Celia Rouche,West,70.07479583264518,0.15165750888103105,possible_specialist,"ticket_band=low_ticket_under_1k (possible_fit, n=23)",56.20696202242551,0.5000000000000001,generalist_match,28.0,True
6SLKZ8FI,prospecting,versie_hillebrand,Versie Hillebrand,Dustin Brinkmann,Central,MG Advanced,mid_ticket_1k_to_4k,3393,,,,,,False,hayden_neloms,Hayden Neloms,Celia Rouche,West,74.19302882850188,0.5000000000000001,specialist_match,"product=MG Advanced (strong_fit, n=77); ticket_band=mid_ticket_1k_to_4k (possible_fit, n=119)",65.52347623430107,0.5000000000000001,generalist_match,9.0,True
6SMB6SDY,engaging,vicki_laflamme,Vicki Laflamme,Celia Rouche,West,GTX Pro,high_ticket_4k_to_10k,4821,,,,,138.0,False,maureen_marcano,Maureen Marcano,Summer Sewald,West,73.54787621751144,0.5000000000000001,specialist_match,"product=GTX Pro (strong_fit, n=30); ticket_band=high_ticket_4k_to_10k (strong_fit, n=62)",64.74244166469498,0.5000000000000001,possible_specialist,13.0,True
6SN2RQJX,engaging,vicki_laflamme,Vicki Laflamme,Celia Rouche,West,MG Special,low_ticket_under_1k,55,,,,,379.0,False,hayden_neloms,Hayden Neloms,Celia Rouche,West,71.35150661886287,0.44534101199279935,possible_specialist,"product=MG Special (possible_fit, n=23); ticket_band=low_ticket_under_1k (possible_fit, n=23)",63.64770011642242,0.5000000000000001,generalist_match,15.0,True
6TGCOE5O,engaging,cassey_cress,Cassey Cress,Rocco Neubert,East,GTX Plus Pro,high_ticket_4k_to_10k,5482,,,,,150.0,False,maureen_marcano,Maureen Marcano,Summer Sewald,West,74.25820338006682,0.5000000000000001,specialist_match,"product=GTX Plus Pro (strong_fit, n=32); ticket_band=high_ticket_4k_to_10k (strong_fit, n=62)",61.47255219351271,0.5000000000000001,possible_specialist,22.0,True
6US3WW0M,engaging,jonathan_berthelot,Jonathan Berthelot,Melvin Marxen,Central,MG Special,low_ticket_under_1k,55,,,,,155.0,False,hayden_neloms,Hayden Neloms,Celia Rouche,West,71.35150661886287,0.44534101199279935,possible_specialist,"product=MG Special (possible_fit, n=23); ticket_band=low_ticket_under_1k (possible_fit, n=23)",67.64500987423925,0.5000000000000001,specialist_match,4.0,True
6V7FT2YU,engaging,darcel_schlecht,Darcel Schlecht,Melvin Marxen,Central,GTX Pro,high_ticket_4k_to_10k,4821,,,,,164.0,False,maureen_marcano,Maureen Marcano,Summer Sewald,West,73.54787621751144,0.5000000000000001,specialist_match,"product=GTX Pro (strong_fit, n=30); ticket_band=high_ticket_4k_to_10k (strong_fit, n=62)",61.87208356326526,0.5000000000000001,generalist_match,22.0,True
6VIK2VX8,engaging,hayden_neloms,Hayden Neloms,Celia Rouche,West,MG Special,low_ticket_under_1k,55,Isdom,medical,over_3b,2k_to_10k,328.0,True,hayden_neloms,Hayden Neloms,Celia Rouche,West,73.19370457138335,0.7842303116781986,specialist_match,"product=MG Special (possible_fit, n=23); ticket_band=low_ticket_under_1k (possible_fit, n=23); sector=medical (neutral, n=12)",73.19370457138335,0.7842303116781986,specialist_match,1.0,False
6WNENPQM,prospecting,versie_hillebrand,Versie Hillebrand,Dustin Brinkmann,Central,MG Special,low_ticket_under_1k,55,Goodsilron,marketing,1_5b_to_3b,2k_to_10k,,True,hayden_neloms,Hayden Neloms,Celia Rouche,West,72.75091404754208,0.6453410119927994,specialist_match,"product=MG Special (possible_fit, n=23); ticket_band=low_ticket_under_1k (possible_fit, n=23); revenue_band=1_5b_to_3b (strong_fit, n=54)",68.95242246816711,0.9,possible_specialist,3.0,True
6Z6DMG2V,prospecting,marty_freudenburg,Marty Freudenburg,Melvin Marxen,Central,GTX Plus Basic,mid_ticket_1k_to_4k,1096,,,,,,False,maureen_marcano,Maureen Marcano,Summer Sewald,West,73.48602163110729,0.5000000000000001,specialist_match,"product=GTX Plus Basic (strong_fit, n=70); ticket_band=mid_ticket_1k_to_4k (strong_fit, n=87)",62.274902896741885,0.5000000000000001,generalist_match,18.0,True
71GQNH5T,engaging,cassey_cress,Cassey Cress,Rocco Neubert,East,MG Advanced,mid_ticket_1k_to_4k,3393,,,,,301.0,False,hayden_neloms,Hayden Neloms,Celia Rouche,West,74.19302882850188,0.5000000000000001,specialist_match,"product=MG Advanced (strong_fit, n=77); ticket_band=mid_ticket_1k_to_4k (possible_fit, n=119)",62.27804922349695,0.5000000000000001,generalist_match,17.0,True
73086D08,engaging,markita_hansen,Markita Hansen,Celia Rouche,West,GTX Plus Pro,high_ticket_4k_to_10k,5482,,,,,238.0,False,maureen_marcano,Maureen Marcano,Summer Sewald,West,74.25820338006682,0.5000000000000001,specialist_match,"product=GTX Plus Pro (strong_fit, n=32); ticket_band=high_ticket_4k_to_10k (strong_fit, n=62)",55.779851221069976,0.4291287847477921,generalist_match,27.0,True
73CWPT9H,prospecting,gladys_colclough,Gladys Colclough,Melvin Marxen,Central,GTX Plus Pro,high_ticket_4k_to_10k,5482,,,,,,False,maureen_marcano,Maureen Marcano,Summer Sewald,West,74.25820338006682,0.5000000000000001,specialist_match,"product=GTX Plus Pro (strong_fit, n=32); ticket_band=high_ticket_4k_to_10k (strong_fit, n=62)",55.85072174055262,0.5000000000000001,generalist_match,26.0,True
73HO9OZC,engaging,cassey_cress,Cassey Cress,Rocco Neubert,East,GTX Basic,low_ticket_under_1k,550,Finjob,employment,1_5b_to_3b,2k_to_10k,294.0,True,hayden_neloms,Hayden Neloms,Celia Rouche,West,73.33058304576812,0.5794100320462258,specialist_match,"ticket_band=low_ticket_under_1k (possible_fit, n=23); sector=employment (strong_fit, n=14); revenue_band=1_5b_to_3b (strong_fit, n=54)",61.57466830866031,0.7000000000000001,possible_specialist,20.0,True
7439NGIG,engaging,marty_freudenburg,Marty Freudenburg,Melvin Marxen,Central,GTX Pro,high_ticket_4k_to_10k,4821,Sumace,retail,under_500m,under_500,164.0,True,maureen_marcano,Maureen Marcano,Summer Sewald,West,75.52423612425024,0.8836660026534077,specialist_match,"product=GTX Pro (strong_fit, n=30); ticket_band=high_ticket_4k_to_10k (strong_fit, n=62); sector=retail (strong_fit, n=39)",62.900884827600855,0.744948974278318,specialist_match,17.0,True
74KGIZW4,engaging,kary_hendrixson,Kary Hendrixson,Summer Sewald,West,GTX Pro,high_ticket_4k_to_10k,4821,Betasoloin,medical,under_500m,under_500,190.0,True,maureen_marcano,Maureen Marcano,Summer Sewald,West,75.11297418777487,0.8616173068539296,specialist_match,"product=GTX Pro (strong_fit, n=30); ticket_band=high_ticket_4k_to_10k (strong_fit, n=62); sector=medical (strong_fit, n=19)",63.823041547731215,0.8948683298050514,specialist_match,14.0,True
74LCNGIK,prospecting,darcel_schlecht,Darcel Schlecht,Melvin Marxen,Central,GTX Plus Pro,high_ticket_4k_to_10k,5482,,,,,,False,maureen_marcano,Maureen Marcano,Summer Sewald,West,74.25820338006682,0.5000000000000001,specialist_match,"product=GTX Plus Pro (strong_fit, n=32); ticket_band=high_ticket_4k_to_10k (strong_fit, n=62)",63.90260951665106,0.5000000000000001,specialist_match,13.0,True
751V8OFM,engaging,gladys_colclough,Gladys Colclough,Melvin Marxen,Central,GTX Plus Basic,mid_ticket_1k_to_4k,1096,Funholding,finance,1_5b_to_3b,2k_to_10k,162.0,True,maureen_marcano,Maureen Marcano,Summer Sewald,West,74.93341499288375,0.8527525231651948,specialist_match,"product=GTX Plus Basic (strong_fit, n=70); ticket_band=mid_ticket_1k_to_4k (strong_fit, n=87); revenue_band=1_5b_to_3b (strong_fit, n=65)",60.072040461778734,0.9,specialist_match,23.0,True
754UOV5F,engaging,marty_freudenburg,Marty Freudenburg,Melvin Marxen,Central,MG Special,low_ticket_under_1k,55,,,,,154.0,False,hayden_neloms,Hayden Neloms,Celia Rouche,West,71.35150661886287,0.44534101199279935,possible_specialist,"product=MG Special (possible_fit, n=23); ticket_band=low_ticket_under_1k (possible_fit, n=23)",64.87581837996572,0.49368350311176834,specialist_match,12.0,True
76WK0KFZ,prospecting,lajuana_vencill,Lajuana Vencill,Dustin Brinkmann,Central,GTX Basic,low_ticket_under_1k,550,Konex,technology,over_3b,over_10k,,True,hayden_neloms,Hayden Neloms,Celia Rouche,West,71.29186832759962,0.48403635912009035,possible_specialist,"ticket_band=low_ticket_under_1k (possible_fit, n=23); sector=technology (neutral, n=14); revenue_band=over_3b (possible_fit, n=38)",51.07213974024941,0.8741619848709566,generalist_match,28.0,True
77IBMLTB,engaging,james_ascencio,James Ascencio,Summer Sewald,West,GTX Plus Pro,high_ticket_4k_to_10k,5482,,,,,111.0,False,maureen_marcano,Maureen Marcano,Summer Sewald,West,74.25820338006682,0.5000000000000001,specialist_match,"product=GTX Plus Pro (strong_fit, n=32); ticket_band=high_ticket_4k_to_10k (strong_fit, n=62)",66.57595272208489,0.5000000000000001,possible_specialist,5.0,True
7868JVH9,engaging,cassey_cress,Cassey Cress,Rocco Neubert,East,GTX Plus Basic,mid_ticket_1k_to_4k,1096,Rantouch,telecommunications,500m_to_1_5b,2k_to_10k,124.0,True,maureen_marcano,Maureen Marcano,Summer Sewald,West,75.54090466527119,0.8549276226844786,specialist_match,"product=GTX Plus Basic (strong_fit, n=70); ticket_band=mid_ticket_1k_to_4k (strong_fit, n=87); sector=telecommunications (possible_fit, n=17)",62.66955454398588,0.7000000000000001,specialist_match,18.0,True
7882RJGY,engaging,wilburn_farren,Wilburn Farren,Cara Losch,East,MG Special,low_ticket_under_1k,55,,,,,248.0,False,hayden_neloms,Hayden Neloms,Celia Rouche,West,71.35150661886287,0.44534101199279935,possible_specialist,"product=MG Special (possible_fit, n=23); ticket_band=low_ticket_under_1k (possible_fit, n=23)",,,not_candidate,,True
79EHWR35,engaging,vicki_laflamme,Vicki Laflamme,Celia Rouche,West,GTX Basic,low_ticket_under_1k,550,,,,,304.0,False,hayden_neloms,Hayden Neloms,Celia Rouche,West,70.07479583264518,0.15165750888103105,possible_specialist,"ticket_band=low_ticket_under_1k (possible_fit, n=23)",64.7618338807733,0.5000000000000001,possible_specialist,13.0,True
7A3R2M9T,engaging,vicki_laflamme,Vicki Laflamme,Celia Rouche,West,GTX Plus Pro,high_ticket_4k_to_10k,5482,Sonron,telecommunications,1_5b_to_3b,2k_to_10k,167.0,True,maureen_marcano,Maureen Marcano,Summer Sewald,West,76.8785098909634,0.8683250823060348,specialist_match,"product=GTX Plus Pro (strong_fit, n=32); ticket_band=high_ticket_4k_to_10k (strong_fit, n=62); sector=telecommunications (possible_fit, n=17)",63.43867033846426,0.9790569415042095,specialist_match,14.0,True
7AFBJFP5,engaging,maureen_marcano,Maureen Marcano,Summer Sewald,West,MG Special,low_ticket_under_1k,55,,,,,160.0,False,hayden_neloms,Hayden Neloms,Celia Rouche,West,71.35150661886287,0.44534101199279935,possible_specialist,"product=MG Special (possible_fit, n=23); ticket_band=low_ticket_under_1k (possible_fit, n=23)",68.59256087373947,0.49368350311176834,generalist_match,2.0,True
7AXR8U55,engaging,boris_faz,Boris Faz,Rocco Neubert,East,MG Advanced,mid_ticket_1k_to_4k,3393,,,,,219.0,False,hayden_neloms,Hayden Neloms,Celia Rouche,West,74.19302882850188,0.5000000000000001,specialist_match,"product=MG Advanced (strong_fit, n=77); ticket_band=mid_ticket_1k_to_4k (possible_fit, n=119)",66.55461435616154,0.46692695630078285,possible_specialist,7.0,True
7BKYKVF2,engaging,jonathan_berthelot,Jonathan Berthelot,Melvin Marxen,Central,GTX Plus Basic,mid_ticket_1k_to_4k,1096,,,,,155.0,False,maureen_marcano,Maureen Marcano,Summer Sewald,West,73.48602163110729,0.5000000000000001,specialist_match,"product=GTX Plus Basic (strong_fit, n=70); ticket_band=mid_ticket_1k_to_4k (strong_fit, n=87)",64.58087656615885,0.5000000000000001,generalist_match,11.0,True
7COYG1Z2,engaging,kami_bicknell,Kami Bicknell,Summer Sewald,West,MG Special,low_ticket_under_1k,55,,,,,154.0,False,hayden_neloms,Hayden Neloms,Celia Rouche,West,71.35150661886287,0.44534101199279935,possible_specialist,"product=MG Special (possible_fit, n=23); ticket_band=low_ticket_under_1k (possible_fit, n=23)",66.08819773436619,0.5000000000000001,specialist_match,7.0,True
7CZU8GS1,prospecting,darcel_schlecht,Darcel Schlecht,Melvin Marxen,Central,MG Special,low_ticket_under_1k,55,,,,,,False,hayden_neloms,Hayden Neloms,Celia Rouche,West,71.35150661886287,0.44534101199279935,possible_specialist,"product=MG Special (possible_fit, n=23); ticket_band=low_ticket_under_1k (possible_fit, n=23)",63.550235622737446,0.5000000000000001,possible_specialist,16.0,True
7D75QXBD,engaging,kary_hendrixson,Kary Hendrixson,Summer Sewald,West,GTX Plus Basic,mid_ticket_1k_to_4k,1096,Groovestreet,retail,under_500m,under_500,227.0,True,maureen_marcano,Maureen Marcano,Summer Sewald,West,75.46238153784608,0.8836660026534077,specialist_match,"product=GTX Plus Basic (strong_fit, n=70); ticket_band=mid_ticket_1k_to_4k (strong_fit, n=87); sector=retail (strong_fit, n=39)",59.38094062530976,0.8948683298050514,generalist_match,23.0,True
7DOGGIXI,engaging,elease_gluck,Elease Gluck,Celia Rouche,West,MG Special,low_ticket_under_1k,55,Bioplex,medical,under_500m,500_to_2k,148.0,True,hayden_neloms,Hayden Neloms,Celia Rouche,West,71.90765687671284,0.7585118404381849,possible_specialist,"product=MG Special (possible_fit, n=23); ticket_band=low_ticket_under_1k (possible_fit, n=23); sector=medical (neutral, n=12)",64.21862987151628,0.6687609240042188,specialist_match,14.0,True
7DT8UKKY,engaging,corliss_cosme,Corliss Cosme,Cara Losch,East,GTX Basic,low_ticket_under_1k,550,Zencorporation,technology,under_500m,under_500,244.0,True,moses_frase,Moses Frase,Dustin Brinkmann,Central,70.61313905364558,0.7948683298050515,specialist_match,"product=GTX Basic (strong_fit, n=59); ticket_band=low_ticket_under_1k (strong_fit, n=105); sector=technology (possible_fit, n=32)",66.88354176354864,0.8866025403784439,possible_specialist,7.0,True
7EHJYKWE,engaging,kary_hendrixson,Kary Hendrixson,Summer Sewald,West,GTX Basic,low_ticket_under_1k,550,Xx-holding,finance,over_3b,over_10k,64.0,True,moses_frase,Moses Frase,Dustin Brinkmann,Central,71.73759038528736,0.7823149321741925,specialist_match,"product=GTX Basic (strong_fit, n=59); ticket_band=low_ticket_under_1k (strong_fit, n=105); sector=finance (strong_fit, n=22)",64.78188277351948,0.9727129677216552,specialist_match,14.0,True
7F2DDW3C,engaging,hayden_neloms,Hayden Neloms,Celia Rouche,West,MG Advanced,mid_ticket_1k_to_4k,3393,,,,,159.0,False,hayden_neloms,Hayden Neloms,Celia Rouche,West,74.19302882850188,0.5000000000000001,specialist_match,"product=MG Advanced (strong_fit, n=77); ticket_band=mid_ticket_1k_to_4k (possible_fit, n=119)",74.19302882850188,0.5000000000000001,specialist_match,1.0,False
7FFV8D9U,engaging,gladys_colclough,Gladys Colclough,Melvin Marxen,Central,GTX Pro,high_ticket_4k_to_10k,4821,Plusstrip,entertainment,under_500m,under_500,147.0,True,maureen_marcano,Maureen Marcano,Summer Sewald,West,73.74172084113958,0.8751514242046753,specialist_match,"product=GTX Pro (strong_fit, n=30); ticket_band=high_ticket_4k_to_10k (strong_fit, n=62); revenue_band=under_500m (neutral, n=48)",54.23487314366974,0.6000000000000001,generalist_match,28.0,True
7FLPKZN7,engaging,kami_bicknell,Kami Bicknell,Summer Sewald,West,GTX Pro,high_ticket_4k_to_10k,4821,Kan-code,software,over_3b,over_10k,99.0,True,maureen_marcano,Maureen Marcano,Summer Sewald,West,75.01764200796025,0.9968245836551854,specialist_match,"product=GTX Pro (strong_fit, n=30); ticket_band=high_ticket_4k_to_10k (strong_fit, n=62); sector=software (possible_fit, n=29)",63.146113457480766,0.9790569415042095,specialist_match,16.0,True
7FVBMH48,engaging,markita_hansen,Markita Hansen,Celia Rouche,West,MG Advanced,mid_ticket_1k_to_4k,3393,,,,,140.0,False,hayden_neloms,Hayden Neloms,Celia Rouche,West,74.19302882850188,0.5000000000000001,specialist_match,"product=MG Advanced (strong_fit, n=77); ticket_band=mid_ticket_1k_to_4k (possible_fit, n=119)",57.37171850419942,0.5000000000000001,generalist_match,27.0,True
7FZ9CBZ3,engaging,anna_snelling,Anna Snelling,Dustin Brinkmann,Central,GTX Plus Pro,high_ticket_4k_to_10k,5482,Scotfind,software,over_3b,over_10k,160.0,True,maureen_marcano,Maureen Marcano,Summer Sewald,West,75.78233591534875,0.9,specialist_match,"product=GTX Plus Pro (strong_fit, n=32); ticket_band=high_ticket_4k_to_10k (strong_fit, n=62); sector=software (possible_fit, n=29)",60.80457692528538,0.8806225774829856,specialist_match,23.0,True
7GDSUY9K,engaging,hayden_neloms,Hayden Neloms,Celia Rouche,West,GTX Plus Pro,high_ticket_4k_to_10k,5482,Konmatfix,marketing,under_500m,500_to_2k,117.0,True,maureen_marcano,Maureen Marcano,Summer Sewald,West,74.63467878768006,0.6935414346693486,specialist_match,"product=GTX Plus Pro (strong_fit, n=32); ticket_band=high_ticket_4k_to_10k (strong_fit, n=62); revenue_band=under_500m (neutral, n=48)",69.34584765701887,0.1717494722080759,low_confidence,3.0,True
7HSRDCCK,engaging,kary_hendrixson,Kary Hendrixson,Summer Sewald,West,GTX Plus Pro,high_ticket_4k_to_10k,5482,,,,,201.0,False,maureen_marcano,Maureen Marcano,Summer Sewald,West,74.25820338006682,0.5000000000000001,specialist_match,"product=GTX Plus Pro (strong_fit, n=32); ticket_band=high_ticket_4k_to_10k (strong_fit, n=62)",62.634701152531576,0.5000000000000001,generalist_match,19.0,True
7J0ZLDB1,engaging,zane_levy,Zane Levy,Summer Sewald,West,MG Special,low_ticket_under_1k,55,,,,,209.0,False,hayden_neloms,Hayden Neloms,Celia Rouche,West,71.35150661886287,0.44534101199279935,possible_specialist,"product=MG Special (possible_fit, n=23); ticket_band=low_ticket_under_1k (possible_fit, n=23)",59.10549241589169,0.4738612787525831,generalist_match,24.0,True
7K0S2P6K,engaging,rosalina_dieter,Rosalina Dieter,Celia Rouche,West,GTX Pro,high_ticket_4k_to_10k,4821,,,,,258.0,False,maureen_marcano,Maureen Marcano,Summer Sewald,West,73.54787621751144,0.5000000000000001,specialist_match,"product=GTX Pro (strong_fit, n=30); ticket_band=high_ticket_4k_to_10k (strong_fit, n=62)",65.02778743577433,0.0,low_confidence,11.0,True
7K1KXMBT,engaging,kami_bicknell,Kami Bicknell,Summer Sewald,West,GTX Pro,high_ticket_4k_to_10k,4821,,,,,126.0,False,maureen_marcano,Maureen Marcano,Summer Sewald,West,73.54787621751144,0.5000000000000001,specialist_match,"product=GTX Pro (strong_fit, n=30); ticket_band=high_ticket_4k_to_10k (strong_fit, n=62)",62.17486893491999,0.5000000000000001,generalist_match,21.0,True
7K31BXX3,engaging,jonathan_berthelot,Jonathan Berthelot,Melvin Marxen,Central,GTX Pro,high_ticket_4k_to_10k,4821,,,,,156.0,False,maureen_marcano,Maureen Marcano,Summer Sewald,West,73.54787621751144,0.5000000000000001,specialist_match,"product=GTX Pro (strong_fit, n=30); ticket_band=high_ticket_4k_to_10k (strong_fit, n=62)",64.8953452967243,0.5000000000000001,generalist_match,12.0,True
7KKFQ7LX,engaging,hayden_neloms,Hayden Neloms,Celia Rouche,West,MG Advanced,mid_ticket_1k_to_4k,3393,,,,,219.0,False,hayden_neloms,Hayden Neloms,Celia Rouche,West,74.19302882850188,0.5000000000000001,specialist_match,"product=MG Advanced (strong_fit, n=77); ticket_band=mid_ticket_1k_to_4k (possible_fit, n=119)",74.19302882850188,0.5000000000000001,specialist_match,1.0,False
7KQAH6UI,prospecting,marty_freudenburg,Marty Freudenburg,Melvin Marxen,Central,MG Advanced,mid_ticket_1k_to_4k,3393,,,,,,False,hayden_neloms,Hayden Neloms,Celia Rouche,West,74.19302882850188,0.5000000000000001,specialist_match,"product=MG Advanced (strong_fit, n=77); ticket_band=mid_ticket_1k_to_4k (possible_fit, n=119)",60.0456314423343,0.5000000000000001,generalist_match,22.0,True
7LD79NYD,engaging,marty_freudenburg,Marty Freudenburg,Melvin Marxen,Central,MG Advanced,mid_ticket_1k_to_4k,3393,,,,,165.0,False,hayden_neloms,Hayden Neloms,Celia Rouche,West,74.19302882850188,0.5000000000000001,specialist_match,"product=MG Advanced (strong_fit, n=77); ticket_band=mid_ticket_1k_to_4k (possible_fit, n=119)",60.0456314423343,0.5000000000000001,generalist_match,22.0,True
7MKYTX69,prospecting,moses_frase,Moses Frase,Dustin Brinkmann,Central,GTX Plus Pro,high_ticket_4k_to_10k,5482,,,,,,False,maureen_marcano,Maureen Marcano,Summer Sewald,West,74.25820338006682,0.5000000000000001,specialist_match,"product=GTX Plus Pro (strong_fit, n=32); ticket_band=high_ticket_4k_to_10k (strong_fit, n=62)",63.58962482338531,0.45491933384829675,generalist_match,15.0,True
7MP6KLZO,engaging,moses_frase,Moses Frase,Dustin Brinkmann,Central,GTX Basic,low_ticket_under_1k,550,Goodsilron,marketing,1_5b_to_3b,2k_to_10k,160.0,True,hayden_neloms,Hayden Neloms,Celia Rouche,West,71.47420326132439,0.35165750888103103,specialist_match,"ticket_band=low_ticket_under_1k (possible_fit, n=23); revenue_band=1_5b_to_3b (strong_fit, n=54); employee_band=2k_to_10k (strong_fit, n=78)",68.45421418860384,0.9,specialist_match,3.0,True
7N6AHU7C,prospecting,darcel_schlecht,Darcel Schlecht,Melvin Marxen,Central,MG Special,low_ticket_under_1k,55,,,,,,False,hayden_neloms,Hayden Neloms,Celia Rouche,West,71.35150661886287,0.44534101199279935,possible_specialist,"product=MG Special (possible_fit, n=23); ticket_band=low_ticket_under_1k (possible_fit, n=23)",63.550235622737446,0.5000000000000001,possible_specialist,16.0,True
7O1UQ19W,engaging,gladys_colclough,Gladys Colclough,Melvin Marxen,Central,GTX Basic,low_ticket_under_1k,550,,,,,140.0,False,hayden_neloms,Hayden Neloms,Celia Rouche,West,70.07479583264518,0.15165750888103105,possible_specialist,"ticket_band=low_ticket_under_1k (possible_fit, n=23)",56.32706970067004,0.5000000000000001,generalist_match,26.0,True
7ONH55WT,engaging,cassey_cress,Cassey Cress,Rocco Neubert,East,GTX Basic,low_ticket_under_1k,550,,,,,310.0,False,hayden_neloms,Hayden Neloms,Celia Rouche,West,70.07479583264518,0.15165750888103105,possible_specialist,"ticket_band=low_ticket_under_1k (possible_fit, n=23)",61.41984833091624,0.5000000000000001,generalist_match,21.0,True
7OZ7L8BB,engaging,gladys_colclough,Gladys Colclough,Melvin Marxen,Central,GTX Basic,low_ticket_under_1k,550,,,,,160.0,False,hayden_neloms,Hayden Neloms,Celia Rouche,West,70.07479583264518,0.15165750888103105,possible_specialist,"ticket_band=low_ticket_under_1k (possible_fit, n=23)",56.32706970067004,0.5000000000000001,generalist_match,26.0,True
7P069DNF,engaging,kary_hendrixson,Kary Hendrixson,Summer Sewald,West,GTX Plus Basic,mid_ticket_1k_to_4k,1096,Labdrill,medical,1_5b_to_3b,2k_to_10k,133.0,True,maureen_marcano,Maureen Marcano,Summer Sewald,West,76.43250379094937,0.8779513042005219,specialist_match,"product=GTX Plus Basic (strong_fit, n=70); ticket_band=mid_ticket_1k_to_4k (strong_fit, n=87); sector=medical (strong_fit, n=19)",61.6827287670236,1.0,specialist_match,20.0,True
7PXJ92C5,engaging,kary_hendrixson,Kary Hendrixson,Summer Sewald,West,GTX Pro,high_ticket_4k_to_10k,4821,,,,,291.0,False,maureen_marcano,Maureen Marcano,Summer Sewald,West,73.54787621751144,0.5000000000000001,specialist_match,"product=GTX Pro (strong_fit, n=30); ticket_band=high_ticket_4k_to_10k (strong_fit, n=62)",62.91009537954826,0.5000000000000001,generalist_match,19.0,True
7Q90C2VN,prospecting,anna_snelling,Anna Snelling,Dustin Brinkmann,Central,MG Special,low_ticket_under_1k,55,,,,,,False,hayden_neloms,Hayden Neloms,Celia Rouche,West,71.35150661886287,0.44534101199279935,possible_specialist,"product=MG Special (possible_fit, n=23); ticket_band=low_ticket_under_1k (possible_fit, n=23)",64.31764459641298,0.5000000000000001,specialist_match,13.0,True
7RLLNAYC,engaging,gladys_colclough,Gladys Colclough,Melvin Marxen,Central,MG Special,low_ticket_under_1k,55,,,,,158.0,False,hayden_neloms,Hayden Neloms,Celia Rouche,West,71.35150661886287,0.44534101199279935,possible_specialist,"product=MG Special (possible_fit, n=23); ticket_band=low_ticket_under_1k (possible_fit, n=23)",57.11865619131959,0.5000000000000001,generalist_match,26.0,True
7S8SLZDY,engaging,rosalina_dieter,Rosalina Dieter,Celia Rouche,West,MG Special,low_ticket_under_1k,55,,,,,34.0,False,hayden_neloms,Hayden Neloms,Celia Rouche,West,71.35150661886287,0.44534101199279935,possible_specialist,"product=MG Special (possible_fit, n=23); ticket_band=low_ticket_under_1k (possible_fit, n=23)",62.919303058283,0.5000000000000001,generalist_match,19.0,True
7TFHGN6O,engaging,darcel_schlecht,Darcel Schlecht,Melvin Marxen,Central,GTX Plus Pro,high_ticket_4k_to_10k,5482,Inity,marketing,1_5b_to_3b,2k_to_10k,158.0,True,maureen_marcano,Maureen Marcano,Summer Sewald,West,75.92667162792333,0.7000000000000001,specialist_match,"product=GTX Plus Pro (strong_fit, n=32); ticket_band=high_ticket_4k_to_10k (strong_fit, n=62); revenue_band=1_5b_to_3b (strong_fit, n=65)",64.32045973958952,1.0,specialist_match,12.0,True
7TI1WTV9,engaging,zane_levy,Zane Levy,Summer Sewald,West,GTX Pro,high_ticket_4k_to_10k,4821,Acme Corporation,technology,500m_to_1_5b,2k_to_10k,302.0,True,maureen_marcano,Maureen Marcano,Summer Sewald,West,74.22622624089773,0.8645538445789658,specialist_match,"product=GTX Pro (strong_fit, n=30); ticket_band=high_ticket_4k_to_10k (strong_fit, n=62); revenue_band=500m_to_1_5b (neutral, n=30)",62.42722995535655,0.9,possible_specialist,19.0,True
7UVKZD60,prospecting,jonathan_berthelot,Jonathan Berthelot,Melvin Marxen,Central,GTX Basic,low_ticket_under_1k,550,,,,,,False,hayden_neloms,Hayden Neloms,Celia Rouche,West,70.07479583264518,0.15165750888103105,possible_specialist,"ticket_band=low_ticket_under_1k (possible_fit, n=23)",65.41096422849174,0.5000000000000001,possible_specialist,10.0,True
7VGJ2B7O,engaging,violet_mclelland,Violet Mclelland,Cara Losch,East,MG Special,low_ticket_under_1k,55,,,,,289.0,False,hayden_neloms,Hayden Neloms,Celia Rouche,West,71.35150661886287,0.44534101199279935,possible_specialist,"product=MG Special (possible_fit, n=23); ticket_band=low_ticket_under_1k (possible_fit, n=23)",63.49645821399774,0.5000000000000001,generalist_match,18.0,True
7VKQWIXD,engaging,boris_faz,Boris Faz,Rocco Neubert,East,GTX Plus Basic,mid_ticket_1k_to_4k,1096,,,,,292.0,False,maureen_marcano,Maureen Marcano,Summer Sewald,West,73.48602163110729,0.5000000000000001,specialist_match,"product=GTX Plus Basic (strong_fit, n=70); ticket_band=mid_ticket_1k_to_4k (strong_fit, n=87)",67.08182161983684,0.5000000000000001,possible_specialist,5.0,True
7VMOJBPN,engaging,kami_bicknell,Kami Bicknell,Summer Sewald,West,GTX Pro,high_ticket_4k_to_10k,4821,Faxquote,telecommunications,1_5b_to_3b,2k_to_10k,211.0,True,maureen_marcano,Maureen Marcano,Summer Sewald,West,76.16818272840803,0.8683250823060348,specialist_match,"product=GTX Pro (strong_fit, n=30); ticket_band=high_ticket_4k_to_10k (strong_fit, n=62); sector=telecommunications (possible_fit, n=17)",60.55136687158793,0.9866025403784439,generalist_match,22.0,True
7VOW7BUJ,engaging,cassey_cress,Cassey Cress,Rocco Neubert,East,GTX Pro,high_ticket_4k_to_10k,4821,,,,,327.0,False,maureen_marcano,Maureen Marcano,Summer Sewald,West,73.54787621751144,0.5000000000000001,specialist_match,"product=GTX Pro (strong_fit, n=30); ticket_band=high_ticket_4k_to_10k (strong_fit, n=62)",64.48706353847835,0.5000000000000001,specialist_match,14.0,True
7VSFD2MV,engaging,kary_hendrixson,Kary Hendrixson,Summer Sewald,West,GTX Basic,low_ticket_under_1k,550,,,,,150.0,False,hayden_neloms,Hayden Neloms,Celia Rouche,West,70.07479583264518,0.15165750888103105,possible_specialist,"ticket_band=low_ticket_under_1k (possible_fit, n=23)",62.34894675423093,0.5000000000000001,generalist_match,20.0,True
7W9S4DCZ,engaging,lajuana_vencill,Lajuana Vencill,Dustin Brinkmann,Central,MG Special,low_ticket_under_1k,55,Dalttechnology,software,under_500m,under_500,156.0,True,hayden_neloms,Hayden Neloms,Celia Rouche,West,71.27906253744887,0.6832404669876261,possible_specialist,"product=MG Special (possible_fit, n=23); ticket_band=low_ticket_under_1k (possible_fit, n=23); sector=software (neutral, n=14)",51.165002232686184,0.8,specialist_match,29.0,True
7WXPAXAV,prospecting,marty_freudenburg,Marty Freudenburg,Melvin Marxen,Central,MG Special,low_ticket_under_1k,55,Rangreen,technology,1_5b_to_3b,2k_to_10k,,True,hayden_neloms,Hayden Neloms,Celia Rouche,West,73.1899729697318,0.7980935351579941,specialist_match,"product=MG Special (possible_fit, n=23); ticket_band=low_ticket_under_1k (possible_fit, n=23); sector=technology (neutral, n=14)",64.11065791155602,0.9838222849983681,specialist_match,14.0,True
7X0T2QOL,engaging,hayden_neloms,Hayden Neloms,Celia Rouche,West,MG Advanced,mid_ticket_1k_to_4k,3393,,,,,219.0,False,hayden_neloms,Hayden Neloms,Celia Rouche,West,74.19302882850188,0.5000000000000001,specialist_match,"product=MG Advanced (strong_fit, n=77); ticket_band=mid_ticket_1k_to_4k (possible_fit, n=119)",74.19302882850188,0.5000000000000001,specialist_match,1.0,False
7XRWWM0X,engaging,kami_bicknell,Kami Bicknell,Summer Sewald,West,MG Special,low_ticket_under_1k,55,Scotfind,software,over_3b,over_10k,46.0,True,hayden_neloms,Hayden Neloms,Celia Rouche,West,72.04897097257171,0.8484305403505135,possible_specialist,"product=MG Special (possible_fit, n=23); ticket_band=low_ticket_under_1k (possible_fit, n=23); sector=software (neutral, n=14)",67.3560182576869,0.9790569415042095,specialist_match,8.0,True
7Y530NLJ,engaging,boris_faz,Boris Faz,Rocco Neubert,East,GTX Plus Basic,mid_ticket_1k_to_4k,1096,Genco Pura Olive Oil Company,retail,500m_to_1_5b,500_to_2k,263.0,True,maureen_marcano,Maureen Marcano,Summer Sewald,West,75.63104973121467,0.8801439750477924,specialist_match,"product=GTX Plus Basic (strong_fit, n=70); ticket_band=mid_ticket_1k_to_4k (strong_fit, n=87); sector=retail (strong_fit, n=39)",67.12458095890487,0.8774596669241485,specialist_match,6.0,True
7YOJ4KU7,prospecting,darcel_schlecht,Darcel Schlecht,Melvin Marxen,Central,GTX Pro,high_ticket_4k_to_10k,4821,,,,,,False,maureen_marcano,Maureen Marcano,Summer Sewald,West,73.54787621751144,0.5000000000000001,specialist_match,"product=GTX Pro (strong_fit, n=30); ticket_band=high_ticket_4k_to_10k (strong_fit, n=62)",61.87208356326526,0.5000000000000001,generalist_match,22.0,True
7YT7NRV9,engaging,elease_gluck,Elease Gluck,Celia Rouche,West,MG Special,low_ticket_under_1k,55,,,,,230.0,False,hayden_neloms,Hayden Neloms,Celia Rouche,West,71.35150661886287,0.44534101199279935,possible_specialist,"product=MG Special (possible_fit, n=23); ticket_band=low_ticket_under_1k (possible_fit, n=23)",64.05240715549783,0.5000000000000001,specialist_match,14.0,True
7ZN8YCH8,engaging,versie_hillebrand,Versie Hillebrand,Dustin Brinkmann,Central,MG Special,low_ticket_under_1k,55,Gekko & Co,retail,1_5b_to_3b,2k_to_10k,141.0,True,hayden_neloms,Hayden Neloms,Celia Rouche,West,73.8320790558876,0.8453410119927994,specialist_match,"product=MG Special (possible_fit, n=23); ticket_band=low_ticket_under_1k (possible_fit, n=23); sector=retail (possible_fit, n=36)",68.37621612542297,0.9,possible_specialist,4.0,True
806KPNNN,engaging,versie_hillebrand,Versie Hillebrand,Dustin Brinkmann,Central,GTX Basic,low_ticket_under_1k,550,Zathunicon,retail,under_500m,under_500,160.0,True,moses_frase,Moses Frase,Dustin Brinkmann,Central,71.15838194229896,0.7948683298050515,specialist_match,"product=GTX Basic (strong_fit, n=59); ticket_band=low_ticket_under_1k (strong_fit, n=105); sector=retail (strong_fit, n=27)",67.98680657196732,0.8513209456767316,specialist_match,5.0,True
80QJ0BQH,engaging,anna_snelling,Anna Snelling,Dustin Brinkmann,Central,MG Special,low_ticket_under_1k,55,,,,,148.0,False,hayden_neloms,Hayden Neloms,Celia Rouche,West,71.35150661886287,0.44534101199279935,possible_specialist,"product=MG Special (possible_fit, n=23); ticket_band=low_ticket_under_1k (possible_fit, n=23)",64.31764459641298,0.5000000000000001,specialist_match,13.0,True
81FNO0VM,engaging,wilburn_farren,Wilburn Farren,Cara Losch,East,GTX Plus Basic,mid_ticket_1k_to_4k,1096,,,,,299.0,False,maureen_marcano,Maureen Marcano,Summer Sewald,West,73.48602163110729,0.5000000000000001,specialist_match,"product=GTX Plus Basic (strong_fit, n=70); ticket_band=mid_ticket_1k_to_4k (strong_fit, n=87)",,,not_candidate,,True
81G840FM,engaging,zane_levy,Zane Levy,Summer Sewald,West,GTX Basic,low_ticket_under_1k,550,,,,,262.0,False,hayden_neloms,Hayden Neloms,Celia Rouche,West,70.07479583264518,0.15165750888103105,possible_specialist,"ticket_band=low_ticket_under_1k (possible_fit, n=23)",60.2374782161471,0.5000000000000001,generalist_match,23.0,True
81MXE1H7,engaging,markita_hansen,Markita Hansen,Celia Rouche,West,MG Advanced,mid_ticket_1k_to_4k,3393,Bioholding,medical,500m_to_1_5b,500_to_2k,320.0,True,hayden_neloms,Hayden Neloms,Celia Rouche,West,75.15054343158012,0.8160579809240486,specialist_match,"product=MG Advanced (strong_fit, n=77); ticket_band=mid_ticket_1k_to_4k (possible_fit, n=119); sector=medical (neutral, n=12)",55.74574542339238,0.8527525231651948,generalist_match,27.0,True
81PWOUF0,engaging,maureen_marcano,Maureen Marcano,Summer Sewald,West,GTX Pro,high_ticket_4k_to_10k,4821,,,,,178.0,False,maureen_marcano,Maureen Marcano,Summer Sewald,West,73.54787621751144,0.5000000000000001,specialist_match,"product=GTX Pro (strong_fit, n=30); ticket_band=high_ticket_4k_to_10k (strong_fit, n=62)",73.54787621751144,0.5000000000000001,specialist_match,1.0,False
8254HM4E,engaging,kami_bicknell,Kami Bicknell,Summer Sewald,West,GTX Plus Basic,mid_ticket_1k_to_4k,1096,,,,,269.0,False,maureen_marcano,Maureen Marcano,Summer Sewald,West,73.48602163110729,0.5000000000000001,specialist_match,"product=GTX Plus Basic (strong_fit, n=70); ticket_band=mid_ticket_1k_to_4k (strong_fit, n=87)",61.37515449443525,0.5000000000000001,generalist_match,21.0,True
82K9NWKO,engaging,gladys_colclough,Gladys Colclough,Melvin Marxen,Central,MG Advanced,mid_ticket_1k_to_4k,3393,,,,,157.0,False,hayden_neloms,Hayden Neloms,Celia Rouche,West,74.19302882850188,0.5000000000000001,specialist_match,"product=MG Advanced (strong_fit, n=77); ticket_band=mid_ticket_1k_to_4k (possible_fit, n=119)",59.21581989401588,0.5000000000000001,possible_specialist,24.0,True
839AMI93,engaging,kary_hendrixson,Kary Hendrixson,Summer Sewald,West,GTX Basic,low_ticket_under_1k,550,,,,,296.0,False,hayden_neloms,Hayden Neloms,Celia Rouche,West,70.07479583264518,0.15165750888103105,possible_specialist,"ticket_band=low_ticket_under_1k (possible_fit, n=23)",62.34894675423093,0.5000000000000001,generalist_match,20.0,True
847RHYQE,prospecting,gladys_colclough,Gladys Colclough,Melvin Marxen,Central,GTX Pro,high_ticket_4k_to_10k,4821,,,,,,False,maureen_marcano,Maureen Marcano,Summer Sewald,West,73.54787621751144,0.5000000000000001,specialist_match,"product=GTX Pro (strong_fit, n=30); ticket_band=high_ticket_4k_to_10k (strong_fit, n=62)",54.783595944048166,0.5000000000000001,generalist_match,28.0,True
848QSODT,engaging,vicki_laflamme,Vicki Laflamme,Celia Rouche,West,GTX Basic,low_ticket_under_1k,550,,,,,231.0,False,hayden_neloms,Hayden Neloms,Celia Rouche,West,70.07479583264518,0.15165750888103105,possible_specialist,"ticket_band=low_ticket_under_1k (possible_fit, n=23)",64.7618338807733,0.5000000000000001,possible_specialist,13.0,True
84LN84VM,engaging,vicki_laflamme,Vicki Laflamme,Celia Rouche,West,MG Advanced,mid_ticket_1k_to_4k,3393,,,,,317.0,False,hayden_neloms,Hayden Neloms,Celia Rouche,West,74.19302882850188,0.5000000000000001,specialist_match,"product=MG Advanced (strong_fit, n=77); ticket_band=mid_ticket_1k_to_4k (possible_fit, n=119)",62.56043132660775,0.5000000000000001,generalist_match,16.0,True
854QZNWK,engaging,violet_mclelland,Violet Mclelland,Cara Losch,East,MG Special,low_ticket_under_1k,55,,,,,60.0,False,hayden_neloms,Hayden Neloms,Celia Rouche,West,71.35150661886287,0.44534101199279935,possible_specialist,"product=MG Special (possible_fit, n=23); ticket_band=low_ticket_under_1k (possible_fit, n=23)",63.49645821399774,0.5000000000000001,generalist_match,18.0,True
86C26QSR,engaging,markita_hansen,Markita Hansen,Celia Rouche,West,GTX Plus Pro,high_ticket_4k_to_10k,5482,,,,,242.0,False,maureen_marcano,Maureen Marcano,Summer Sewald,West,74.25820338006682,0.5000000000000001,specialist_match,"product=GTX Plus Pro (strong_fit, n=32); ticket_band=high_ticket_4k_to_10k (strong_fit, n=62)",55.779851221069976,0.4291287847477921,generalist_match,27.0,True
89P5UVQ0,engaging,wilburn_farren,Wilburn Farren,Cara Losch,East,GTX Pro,high_ticket_4k_to_10k,4821,,,,,231.0,False,maureen_marcano,Maureen Marcano,Summer Sewald,West,73.54787621751144,0.5000000000000001,specialist_match,"product=GTX Pro (strong_fit, n=30); ticket_band=high_ticket_4k_to_10k (strong_fit, n=62)",,,not_candidate,,True
8AJG1YLJ,engaging,kary_hendrixson,Kary Hendrixson,Summer Sewald,West,GTX Basic,low_ticket_under_1k,550,,,,,323.0,False,hayden_neloms,Hayden Neloms,Celia Rouche,West,70.07479583264518,0.15165750888103105,possible_specialist,"ticket_band=low_ticket_under_1k (possible_fit, n=23)",62.34894675423093,0.5000000000000001,generalist_match,20.0,True
8AK3KGFA,engaging,gladys_colclough,Gladys Colclough,Melvin Marxen,Central,MG Advanced,mid_ticket_1k_to_4k,3393,,,,,159.0,False,hayden_neloms,Hayden Neloms,Celia Rouche,West,74.19302882850188,0.5000000000000001,specialist_match,"product=MG Advanced (strong_fit, n=77); ticket_band=mid_ticket_1k_to_4k (possible_fit, n=119)",59.21581989401588,0.5000000000000001,possible_specialist,24.0,True
8BYEALF9,engaging,vicki_laflamme,Vicki Laflamme,Celia Rouche,West,MG Special,low_ticket_under_1k,55,,,,,170.0,False,hayden_neloms,Hayden Neloms,Celia Rouche,West,71.35150661886287,0.44534101199279935,possible_specialist,"product=MG Special (possible_fit, n=23); ticket_band=low_ticket_under_1k (possible_fit, n=23)",63.64770011642242,0.5000000000000001,generalist_match,15.0,True
8CBTC1PX,engaging,marty_freudenburg,Marty Freudenburg,Melvin Marxen,Central,MG Advanced,mid_ticket_1k_to_4k,3393,Streethex,retail,500m_to_1_5b,500_to_2k,142.0,True,hayden_neloms,Hayden Neloms,Celia Rouche,West,75.6499295462723,0.874636624686739,specialist_match,"product=MG Advanced (strong_fit, n=77); ticket_band=mid_ticket_1k_to_4k (possible_fit, n=119); sector=retail (possible_fit, n=36)",59.16519329544683,0.9,generalist_match,22.0,True
8D8JOXP6,engaging,cecily_lampkin,Cecily Lampkin,Dustin Brinkmann,Central,MG Special,low_ticket_under_1k,55,,,,,165.0,False,hayden_neloms,Hayden Neloms,Celia Rouche,West,71.35150661886287,0.44534101199279935,possible_specialist,"product=MG Special (possible_fit, n=23); ticket_band=low_ticket_under_1k (possible_fit, n=23)",66.35765882959332,0.5000000000000001,generalist_match,6.0,True
8DDR4MUL,engaging,james_ascencio,James Ascencio,Summer Sewald,West,MG Advanced,mid_ticket_1k_to_4k,3393,,,,,114.0,False,hayden_neloms,Hayden Neloms,Celia Rouche,West,74.19302882850188,0.5000000000000001,specialist_match,"product=MG Advanced (strong_fit, n=77); ticket_band=mid_ticket_1k_to_4k (possible_fit, n=119)",67.33380886620368,0.44243315085963286,possible_specialist,4.0,True
8E0VRCLW,prospecting,anna_snelling,Anna Snelling,Dustin Brinkmann,Central,GTX Basic,low_ticket_under_1k,550,,,,,,False,hayden_neloms,Hayden Neloms,Celia Rouche,West,70.07479583264518,0.15165750888103105,possible_specialist,"ticket_band=low_ticket_under_1k (possible_fit, n=23)",62.58976906657469,0.5000000000000001,specialist_match,19.0,True
8FGW6RSX,engaging,elease_gluck,Elease Gluck,Celia Rouche,West,MG Special,low_ticket_under_1k,55,,,,,139.0,False,hayden_neloms,Hayden Neloms,Celia Rouche,West,71.35150661886287,0.44534101199279935,possible_specialist,"product=MG Special (possible_fit, n=23); ticket_band=low_ticket_under_1k (possible_fit, n=23)",64.05240715549783,0.5000000000000001,specialist_match,14.0,True
8G3HB5S6,engaging,james_ascencio,James Ascencio,Summer Sewald,West,GTX Basic,low_ticket_under_1k,550,,,,,216.0,False,hayden_neloms,Hayden Neloms,Celia Rouche,West,70.07479583264518,0.15165750888103105,possible_specialist,"ticket_band=low_ticket_under_1k (possible_fit, n=23)",65.1285349679303,0.5000000000000001,generalist_match,11.0,True
8GE7FY98,engaging,violet_mclelland,Violet Mclelland,Cara Losch,East,GTX Pro,high_ticket_4k_to_10k,4821,,,,,284.0,False,maureen_marcano,Maureen Marcano,Summer Sewald,West,73.54787621751144,0.5000000000000001,specialist_match,"product=GTX Pro (strong_fit, n=30); ticket_band=high_ticket_4k_to_10k (strong_fit, n=62)",63.20528121022723,0.0,low_confidence,18.0,True
8GNSME5U,prospecting,versie_hillebrand,Versie Hillebrand,Dustin Brinkmann,Central,MG Special,low_ticket_under_1k,55,,,,,,False,hayden_neloms,Hayden Neloms,Celia Rouche,West,71.35150661886287,0.44534101199279935,possible_specialist,"product=MG Special (possible_fit, n=23); ticket_band=low_ticket_under_1k (possible_fit, n=23)",68.31320841592525,0.5000000000000001,possible_specialist,3.0,True
8GV0BQTU,engaging,kary_hendrixson,Kary Hendrixson,Summer Sewald,West,MG Advanced,mid_ticket_1k_to_4k,3393,Xx-holding,finance,over_3b,over_10k,228.0,True,hayden_neloms,Hayden Neloms,Celia Rouche,West,74.9710424012666,0.6796263270738646,specialist_match,"product=MG Advanced (strong_fit, n=77); ticket_band=mid_ticket_1k_to_4k (possible_fit, n=119); revenue_band=over_3b (possible_fit, n=38)",62.24383539959074,0.9325205888569867,specialist_match,17.0,True
8I5ONXJX,prospecting,versie_hillebrand,Versie Hillebrand,Dustin Brinkmann,Central,MG Advanced,mid_ticket_1k_to_4k,3393,,,,,,False,hayden_neloms,Hayden Neloms,Celia Rouche,West,74.19302882850188,0.5000000000000001,specialist_match,"product=MG Advanced (strong_fit, n=77); ticket_band=mid_ticket_1k_to_4k (possible_fit, n=119)",65.52347623430107,0.5000000000000001,generalist_match,9.0,True
8I84MV5A,engaging,cassey_cress,Cassey Cress,Rocco Neubert,East,GTX Basic,low_ticket_under_1k,550,Zencorporation,technology,under_500m,under_500,234.0,True,moses_frase,Moses Frase,Dustin Brinkmann,Central,70.61313905364558,0.7948683298050515,specialist_match,"product=GTX Basic (strong_fit, n=59); ticket_band=low_ticket_under_1k (strong_fit, n=105); sector=technology (possible_fit, n=32)",60.03194353608319,0.9694527664093122,generalist_match,23.0,True
8IPMP8NT,prospecting,darcel_schlecht,Darcel Schlecht,Melvin Marxen,Central,GTX Pro,high_ticket_4k_to_10k,4821,,,,,,False,maureen_marcano,Maureen Marcano,Summer Sewald,West,73.54787621751144,0.5000000000000001,specialist_match,"product=GTX Pro (strong_fit, n=30); ticket_band=high_ticket_4k_to_10k (strong_fit, n=62)",61.87208356326526,0.5000000000000001,generalist_match,22.0,True
8JH8YA79,engaging,kami_bicknell,Kami Bicknell,Summer Sewald,West,GTX Basic,low_ticket_under_1k,550,,,,,170.0,False,hayden_neloms,Hayden Neloms,Celia Rouche,West,70.07479583264518,0.15165750888103105,possible_specialist,"ticket_band=low_ticket_under_1k (possible_fit, n=23)",64.9706180992233,0.5000000000000001,possible_specialist,12.0,True
8JL58ECD,prospecting,darcel_schlecht,Darcel Schlecht,Melvin Marxen,Central,GTX Pro,high_ticket_4k_to_10k,4821,,,,,,False,maureen_marcano,Maureen Marcano,Summer Sewald,West,73.54787621751144,0.5000000000000001,specialist_match,"product=GTX Pro (strong_fit, n=30); ticket_band=high_ticket_4k_to_10k (strong_fit, n=62)",61.87208356326526,0.5000000000000001,generalist_match,22.0,True
8LA72RM8,engaging,maureen_marcano,Maureen Marcano,Summer Sewald,West,MG Advanced,mid_ticket_1k_to_4k,3393,Donware,marketing,500m_to_1_5b,2k_to_10k,105.0,True,hayden_neloms,Hayden Neloms,Celia Rouche,West,75.19903956295884,0.6880340843082952,specialist_match,"product=MG Advanced (strong_fit, n=77); ticket_band=mid_ticket_1k_to_4k (possible_fit, n=119); revenue_band=500m_to_1_5b (neutral, n=31)",71.74812962918942,0.639090163837496,specialist_match,2.0,True
8LP076IV,engaging,versie_hillebrand,Versie Hillebrand,Dustin Brinkmann,Central,MG Special,low_ticket_under_1k,55,,,,,151.0,False,hayden_neloms,Hayden Neloms,Celia Rouche,West,71.35150661886287,0.44534101199279935,possible_specialist,"product=MG Special (possible_fit, n=23); ticket_band=low_ticket_under_1k (possible_fit, n=23)",68.31320841592525,0.5000000000000001,possible_specialist,3.0,True
8LW65NDL,engaging,violet_mclelland,Violet Mclelland,Cara Losch,East,GTX Plus Pro,high_ticket_4k_to_10k,5482,,,,,355.0,False,maureen_marcano,Maureen Marcano,Summer Sewald,West,74.25820338006682,0.5000000000000001,specialist_match,"product=GTX Plus Pro (strong_fit, n=32); ticket_band=high_ticket_4k_to_10k (strong_fit, n=62)",63.20528121022723,0.0,low_confidence,17.0,True
8M2O0Q8V,prospecting,versie_hillebrand,Versie Hillebrand,Dustin Brinkmann,Central,MG Advanced,mid_ticket_1k_to_4k,3393,Silis,medical,1_5b_to_3b,2k_to_10k,,True,hayden_neloms,Hayden Neloms,Celia Rouche,West,76.17421515083443,0.8414213562373096,specialist_match,"product=MG Advanced (strong_fit, n=77); ticket_band=mid_ticket_1k_to_4k (possible_fit, n=119); sector=medical (neutral, n=12)",67.51616046231284,0.9,specialist_match,5.0,True
8MUD1WS1,engaging,cecily_lampkin,Cecily Lampkin,Dustin Brinkmann,Central,MG Advanced,mid_ticket_1k_to_4k,3393,,,,,141.0,False,hayden_neloms,Hayden Neloms,Celia Rouche,West,74.19302882850188,0.5000000000000001,specialist_match,"product=MG Advanced (strong_fit, n=77); ticket_band=mid_ticket_1k_to_4k (possible_fit, n=119)",68.79942715958568,0.5000000000000001,specialist_match,3.0,True
8NG46N94,engaging,kami_bicknell,Kami Bicknell,Summer Sewald,West,GTX Pro,high_ticket_4k_to_10k,4821,,,,,112.0,False,maureen_marcano,Maureen Marcano,Summer Sewald,West,73.54787621751144,0.5000000000000001,specialist_match,"product=GTX Pro (strong_fit, n=30); ticket_band=high_ticket_4k_to_10k (strong_fit, n=62)",62.17486893491999,0.5000000000000001,generalist_match,21.0,True
8NI8O26G,prospecting,cecily_lampkin,Cecily Lampkin,Dustin Brinkmann,Central,MG Special,low_ticket_under_1k,55,Goodsilron,marketing,1_5b_to_3b,2k_to_10k,,True,hayden_neloms,Hayden Neloms,Celia Rouche,West,72.75091404754208,0.6453410119927994,specialist_match,"product=MG Special (possible_fit, n=23); ticket_band=low_ticket_under_1k (possible_fit, n=23); revenue_band=1_5b_to_3b (strong_fit, n=54)",67.6624777328884,0.8914854215512676,specialist_match,4.0,True
8NLGRTU5,prospecting,jonathan_berthelot,Jonathan Berthelot,Melvin Marxen,Central,GTX Pro,high_ticket_4k_to_10k,4821,,,,,,False,maureen_marcano,Maureen Marcano,Summer Sewald,West,73.54787621751144,0.5000000000000001,specialist_match,"product=GTX Pro (strong_fit, n=30); ticket_band=high_ticket_4k_to_10k (strong_fit, n=62)",64.8953452967243,0.5000000000000001,generalist_match,12.0,True
8O212QCV,prospecting,niesha_huffines,Niesha Huffines,Melvin Marxen,Central,GTX Pro,high_ticket_4k_to_10k,4821,,,,,,False,maureen_marcano,Maureen Marcano,Summer Sewald,West,73.54787621751144,0.5000000000000001,specialist_match,"product=GTX Pro (strong_fit, n=30); ticket_band=high_ticket_4k_to_10k (strong_fit, n=62)",54.917001713341385,0.39942264840705605,generalist_match,27.0,True
8O98HGMW,prospecting,moses_frase,Moses Frase,Dustin Brinkmann,Central,MG Advanced,mid_ticket_1k_to_4k,3393,,,,,,False,hayden_neloms,Hayden Neloms,Celia Rouche,West,74.19302882850188,0.5000000000000001,specialist_match,"product=MG Advanced (strong_fit, n=77); ticket_band=mid_ticket_1k_to_4k (possible_fit, n=119)",66.67886466929271,0.5000000000000001,generalist_match,6.0,True
8ODHXBNE,engaging,rosalina_dieter,Rosalina Dieter,Celia Rouche,West,MG Special,low_ticket_under_1k,55,,,,,159.0,False,hayden_neloms,Hayden Neloms,Celia Rouche,West,71.35150661886287,0.44534101199279935,possible_specialist,"product=MG Special (possible_fit, n=23); ticket_band=low_ticket_under_1k (possible_fit, n=23)",62.919303058283,0.5000000000000001,generalist_match,19.0,True
8P3O8A9H,engaging,vicki_laflamme,Vicki Laflamme,Celia Rouche,West,MG Special,low_ticket_under_1k,55,,,,,132.0,False,hayden_neloms,Hayden Neloms,Celia Rouche,West,71.35150661886287,0.44534101199279935,possible_specialist,"product=MG Special (possible_fit, n=23); ticket_band=low_ticket_under_1k (possible_fit, n=23)",63.64770011642242,0.5000000000000001,generalist_match,15.0,True
8PLXH354,engaging,rosalina_dieter,Rosalina Dieter,Celia Rouche,West,MG Special,low_ticket_under_1k,55,,,,,127.0,False,hayden_neloms,Hayden Neloms,Celia Rouche,West,71.35150661886287,0.44534101199279935,possible_specialist,"product=MG Special (possible_fit, n=23); ticket_band=low_ticket_under_1k (possible_fit, n=23)",62.919303058283,0.5000000000000001,generalist_match,19.0,True
8QDSXHQ8,engaging,cecily_lampkin,Cecily Lampkin,Dustin Brinkmann,Central,GTX Basic,low_ticket_under_1k,550,,,,,162.0,False,hayden_neloms,Hayden Neloms,Celia Rouche,West,70.07479583264518,0.15165750888103105,possible_specialist,"ticket_band=low_ticket_under_1k (possible_fit, n=23)",66.92574903107476,0.5000000000000001,generalist_match,5.0,True
8RQCHZ5O,prospecting,jonathan_berthelot,Jonathan Berthelot,Melvin Marxen,Central,GTX Pro,high_ticket_4k_to_10k,4821,,,,,,False,maureen_marcano,Maureen Marcano,Summer Sewald,West,73.54787621751144,0.5000000000000001,specialist_match,"product=GTX Pro (strong_fit, n=30); ticket_band=high_ticket_4k_to_10k (strong_fit, n=62)",64.8953452967243,0.5000000000000001,generalist_match,12.0,True
8SLDCS0F,engaging,markita_hansen,Markita Hansen,Celia Rouche,West,MG Special,low_ticket_under_1k,55,,,,,81.0,False,hayden_neloms,Hayden Neloms,Celia Rouche,West,71.35150661886287,0.44534101199279935,possible_specialist,"product=MG Special (possible_fit, n=23); ticket_band=low_ticket_under_1k (possible_fit, n=23)",53.93836042838683,0.5000000000000001,generalist_match,28.0,True
8SVMGDPA,engaging,maureen_marcano,Maureen Marcano,Summer Sewald,West,GTX Plus Basic,mid_ticket_1k_to_4k,1096,Donquadtech,technology,1_5b_to_3b,2k_to_10k,236.0,True,maureen_marcano,Maureen Marcano,Summer Sewald,West,74.72979513122627,0.8779513042005219,specialist_match,"product=GTX Plus Basic (strong_fit, n=70); ticket_band=mid_ticket_1k_to_4k (strong_fit, n=87); revenue_band=1_5b_to_3b (strong_fit, n=65)",74.72979513122627,0.8779513042005219,specialist_match,1.0,False
8TD2LLOF,engaging,darcel_schlecht,Darcel Schlecht,Melvin Marxen,Central,MG Advanced,mid_ticket_1k_to_4k,3393,,,,,158.0,False,hayden_neloms,Hayden Neloms,Celia Rouche,West,74.19302882850188,0.5000000000000001,specialist_match,"product=MG Advanced (strong_fit, n=77); ticket_band=mid_ticket_1k_to_4k (possible_fit, n=119)",63.28724737299752,0.5000000000000001,possible_specialist,13.0,True
8TFYRWZ6,engaging,gladys_colclough,Gladys Colclough,Melvin Marxen,Central,MG Advanced,mid_ticket_1k_to_4k,3393,Mathtouch,marketing,over_3b,2k_to_10k,162.0,True,hayden_neloms,Hayden Neloms,Celia Rouche,West,75.45344788736902,0.6974679434480897,specialist_match,"product=MG Advanced (strong_fit, n=77); ticket_band=mid_ticket_1k_to_4k (possible_fit, n=119); revenue_band=over_3b (possible_fit, n=38)",58.57023609311657,0.9,possible_specialist,24.0,True
8TLX2786,prospecting,niesha_huffines,Niesha Huffines,Melvin Marxen,Central,MG Special,low_ticket_under_1k,55,,,,,,False,hayden_neloms,Hayden Neloms,Celia Rouche,West,71.35150661886287,0.44534101199279935,possible_specialist,"product=MG Special (possible_fit, n=23); ticket_band=low_ticket_under_1k (possible_fit, n=23)",58.1744076381151,0.4872281323269015,generalist_match,25.0,True
8TRT2HNF,engaging,markita_hansen,Markita Hansen,Celia Rouche,West,GTX Basic,low_ticket_under_1k,550,Green-Plus,services,500m_to_1_5b,500_to_2k,272.0,True,moses_frase,Moses Frase,Dustin Brinkmann,Central,71.38180980357454,0.7000000000000001,specialist_match,"product=GTX Basic (strong_fit, n=59); ticket_band=low_ticket_under_1k (strong_fit, n=105); revenue_band=500m_to_1_5b (strong_fit, n=61)",54.85862092829848,0.8914854215512676,generalist_match,28.0,True
8U9CA21G,prospecting,lajuana_vencill,Lajuana Vencill,Dustin Brinkmann,Central,GTX Plus Basic,mid_ticket_1k_to_4k,1096,,,,,,False,maureen_marcano,Maureen Marcano,Summer Sewald,West,73.48602163110729,0.5000000000000001,specialist_match,"product=GTX Plus Basic (strong_fit, n=70); ticket_band=mid_ticket_1k_to_4k (strong_fit, n=87)",54.318726490443574,0.5000000000000001,generalist_match,29.0,True
8V5OCDHN,engaging,cassey_cress,Cassey Cress,Rocco Neubert,East,GTX Basic,low_ticket_under_1k,550,,,,,110.0,False,hayden_neloms,Hayden Neloms,Celia Rouche,West,70.07479583264518,0.15165750888103105,possible_specialist,"ticket_band=low_ticket_under_1k (possible_fit, n=23)",61.41984833091624,0.5000000000000001,generalist_match,21.0,True
8WB5HXOB,engaging,zane_levy,Zane Levy,Summer Sewald,West,GTX Plus Pro,high_ticket_4k_to_10k,5482,,,,,243.0,False,maureen_marcano,Maureen Marcano,Summer Sewald,West,74.25820338006682,0.5000000000000001,specialist_match,"product=GTX Plus Pro (strong_fit, n=32); ticket_band=high_ticket_4k_to_10k (strong_fit, n=62)",62.43677156031358,0.5000000000000001,possible_specialist,20.0,True
8XE8GGIW,prospecting,darcel_schlecht,Darcel Schlecht,Melvin Marxen,Central,GTX Pro,high_ticket_4k_to_10k,4821,Donquadtech,technology,1_5b_to_3b,2k_to_10k,,True,maureen_marcano,Maureen Marcano,Summer Sewald,West,74.79164971763042,0.8779513042005219,specialist_match,"product=GTX Pro (strong_fit, n=30); ticket_band=high_ticket_4k_to_10k (strong_fit, n=62); revenue_band=1_5b_to_3b (strong_fit, n=65)",61.92725388919112,0.9,possible_specialist,20.0,True
8XY5IA68,engaging,rosie_papadopoulos,Rosie Papadopoulos,Cara Losch,East,GTX Pro,high_ticket_4k_to_10k,4821,Sonron,telecommunications,1_5b_to_3b,2k_to_10k,111.0,True,maureen_marcano,Maureen Marcano,Summer Sewald,West,76.16818272840803,0.8683250823060348,specialist_match,"product=GTX Pro (strong_fit, n=30); ticket_band=high_ticket_4k_to_10k (strong_fit, n=62); sector=telecommunications (possible_fit, n=17)",67.63660864324945,0.6806225774829856,specialist_match,5.0,True
8Y3OMER4,prospecting,jonathan_berthelot,Jonathan Berthelot,Melvin Marxen,Central,GTX Basic,low_ticket_under_1k,550,,,,,,False,hayden_neloms,Hayden Neloms,Celia Rouche,West,70.07479583264518,0.15165750888103105,possible_specialist,"ticket_band=low_ticket_under_1k (possible_fit, n=23)",65.41096422849174,0.5000000000000001,possible_specialist,10.0,True
8Y4LJOJ0,engaging,versie_hillebrand,Versie Hillebrand,Dustin Brinkmann,Central,GTX Plus Basic,mid_ticket_1k_to_4k,1096,,,,,160.0,False,maureen_marcano,Maureen Marcano,Summer Sewald,West,73.48602163110729,0.5000000000000001,specialist_match,"product=GTX Plus Basic (strong_fit, n=70); ticket_band=mid_ticket_1k_to_4k (strong_fit, n=87)",65.84154702064274,0.20000000000000004,low_confidence,8.0,True
8YIANRVX,engaging,zane_levy,Zane Levy,Summer Sewald,West,GTX Pro,high_ticket_4k_to_10k,4821,,,,,336.0,False,maureen_marcano,Maureen Marcano,Summer Sewald,West,73.54787621751144,0.5000000000000001,specialist_match,"product=GTX Pro (strong_fit, n=30); ticket_band=high_ticket_4k_to_10k (strong_fit, n=62)",62.897587492789604,0.5000000000000001,possible_specialist,20.0,True
8Z4ZMS9U,engaging,violet_mclelland,Violet Mclelland,Cara Losch,East,MG Advanced,mid_ticket_1k_to_4k,3393,,,,,226.0,False,hayden_neloms,Hayden Neloms,Celia Rouche,West,74.19302882850188,0.5000000000000001,specialist_match,"product=MG Advanced (strong_fit, n=77); ticket_band=mid_ticket_1k_to_4k (possible_fit, n=119)",64.2772315067002,0.5000000000000001,possible_specialist,11.0,True
90G292UY,engaging,jonathan_berthelot,Jonathan Berthelot,Melvin Marxen,Central,GTX Basic,low_ticket_under_1k,550,,,,,164.0,False,hayden_neloms,Hayden Neloms,Celia Rouche,West,70.07479583264518,0.15165750888103105,possible_specialist,"ticket_band=low_ticket_under_1k (possible_fit, n=23)",65.41096422849174,0.5000000000000001,possible_specialist,10.0,True
90KRHC6T,prospecting,jonathan_berthelot,Jonathan Berthelot,Melvin Marxen,Central,GTX Pro,high_ticket_4k_to_10k,4821,,,,,,False,maureen_marcano,Maureen Marcano,Summer Sewald,West,73.54787621751144,0.5000000000000001,specialist_match,"product=GTX Pro (strong_fit, n=30); ticket_band=high_ticket_4k_to_10k (strong_fit, n=62)",64.8953452967243,0.5000000000000001,generalist_match,12.0,True
910NLQ80,prospecting,darcel_schlecht,Darcel Schlecht,Melvin Marxen,Central,GTX Pro,high_ticket_4k_to_10k,4821,,,,,,False,maureen_marcano,Maureen Marcano,Summer Sewald,West,73.54787621751144,0.5000000000000001,specialist_match,"product=GTX Pro (strong_fit, n=30); ticket_band=high_ticket_4k_to_10k (strong_fit, n=62)",61.87208356326526,0.5000000000000001,generalist_match,22.0,True
92G1TO7L,engaging,kary_hendrixson,Kary Hendrixson,Summer Sewald,West,GTX Basic,low_ticket_under_1k,550,,,,,319.0,False,hayden_neloms,Hayden Neloms,Celia Rouche,West,70.07479583264518,0.15165750888103105,possible_specialist,"ticket_band=low_ticket_under_1k (possible_fit, n=23)",62.34894675423093,0.5000000000000001,generalist_match,20.0,True
94DGJSLN,prospecting,jonathan_berthelot,Jonathan Berthelot,Melvin Marxen,Central,GTX Plus Basic,mid_ticket_1k_to_4k,1096,,,,,,False,maureen_marcano,Maureen Marcano,Summer Sewald,West,73.48602163110729,0.5000000000000001,specialist_match,"product=GTX Plus Basic (strong_fit, n=70); ticket_band=mid_ticket_1k_to_4k (strong_fit, n=87)",64.58087656615885,0.5000000000000001,generalist_match,11.0,True
94ZZLWOH,prospecting,lajuana_vencill,Lajuana Vencill,Dustin Brinkmann,Central,MG Advanced,mid_ticket_1k_to_4k,3393,,,,,,False,hayden_neloms,Hayden Neloms,Celia Rouche,West,74.19302882850188,0.5000000000000001,specialist_match,"product=MG Advanced (strong_fit, n=77); ticket_band=mid_ticket_1k_to_4k (possible_fit, n=119)",52.69492570854898,0.5000000000000001,generalist_match,29.0,True
95YT659K,engaging,zane_levy,Zane Levy,Summer Sewald,West,MG Special,low_ticket_under_1k,55,Groovestreet,retail,under_500m,under_500,116.0,True,hayden_neloms,Hayden Neloms,Celia Rouche,West,72.34019880586888,0.7304879438224315,possible_specialist,"product=MG Special (possible_fit, n=23); ticket_band=low_ticket_under_1k (possible_fit, n=23); sector=retail (possible_fit, n=36)",59.856868949610444,0.866056723325512,specialist_match,22.0,True
961ED0B1,engaging,corliss_cosme,Corliss Cosme,Cara Losch,East,GTX Plus Basic,mid_ticket_1k_to_4k,1096,,,,,195.0,False,maureen_marcano,Maureen Marcano,Summer Sewald,West,73.48602163110729,0.5000000000000001,specialist_match,"product=GTX Plus Basic (strong_fit, n=70); ticket_band=mid_ticket_1k_to_4k (strong_fit, n=87)",64.28124545159802,0.5000000000000001,generalist_match,12.0,True
96798U7Y,engaging,rosie_papadopoulos,Rosie Papadopoulos,Cara Losch,East,GTX Pro,high_ticket_4k_to_10k,4821,,,,,194.0,False,maureen_marcano,Maureen Marcano,Summer Sewald,West,73.54787621751144,0.5000000000000001,specialist_match,"product=GTX Pro (strong_fit, n=30); ticket_band=high_ticket_4k_to_10k (strong_fit, n=62)",68.07980309865687,0.5000000000000001,specialist_match,3.0,True
97PFKCPG,engaging,james_ascencio,James Ascencio,Summer Sewald,West,GTX Pro,high_ticket_4k_to_10k,4821,,,,,280.0,False,maureen_marcano,Maureen Marcano,Summer Sewald,West,73.54787621751144,0.5000000000000001,specialist_match,"product=GTX Pro (strong_fit, n=30); ticket_band=high_ticket_4k_to_10k (strong_fit, n=62)",65.1112263897771,0.5000000000000001,generalist_match,9.0,True
97WEHB4X,prospecting,lajuana_vencill,Lajuana Vencill,Dustin Brinkmann,Central,GTX Basic,low_ticket_under_1k,550,,,,,,False,hayden_neloms,Hayden Neloms,Celia Rouche,West,70.07479583264518,0.15165750888103105,possible_specialist,"ticket_band=low_ticket_under_1k (possible_fit, n=23)",52.685793792795806,0.5000000000000001,generalist_match,29.0,True
988J5AUI,engaging,hayden_neloms,Hayden Neloms,Celia Rouche,West,GTX Plus Basic,mid_ticket_1k_to_4k,1096,,,,,143.0,False,maureen_marcano,Maureen Marcano,Summer Sewald,West,73.48602163110729,0.5000000000000001,specialist_match,"product=GTX Plus Basic (strong_fit, n=70); ticket_band=mid_ticket_1k_to_4k (strong_fit, n=87)",68.66988645587561,0.5000000000000001,possible_specialist,3.0,True
98K99UW9,engaging,rosie_papadopoulos,Rosie Papadopoulos,Cara Losch,East,GTX Plus Pro,high_ticket_4k_to_10k,5482,,,,,147.0,False,maureen_marcano,Maureen Marcano,Summer Sewald,West,74.25820338006682,0.5000000000000001,specialist_match,"product=GTX Plus Pro (strong_fit, n=32); ticket_band=high_ticket_4k_to_10k (strong_fit, n=62)",64.291459464126,0.45980762113533163,specialist_match,12.0,True
99EA6HXJ,engaging,markita_hansen,Markita Hansen,Celia Rouche,West,GTX Basic,low_ticket_under_1k,550,,,,,143.0,False,hayden_neloms,Hayden Neloms,Celia Rouche,West,70.07479583264518,0.15165750888103105,possible_specialist,"ticket_band=low_ticket_under_1k (possible_fit, n=23)",56.20696202242551,0.5000000000000001,generalist_match,28.0,True
99YRLZM0,prospecting,darcel_schlecht,Darcel Schlecht,Melvin Marxen,Central,GTX Pro,high_ticket_4k_to_10k,4821,Yearin,retail,1_5b_to_3b,2k_to_10k,,True,maureen_marcano,Maureen Marcano,Summer Sewald,West,76.90562031382889,0.9,specialist_match,"product=GTX Pro (strong_fit, n=30); ticket_band=high_ticket_4k_to_10k (strong_fit, n=62); sector=retail (strong_fit, n=39)",62.8311584827426,0.9,possible_specialist,18.0,True
9A4H9IAC,engaging,james_ascencio,James Ascencio,Summer Sewald,West,GTX Plus Basic,mid_ticket_1k_to_4k,1096,,,,,299.0,False,maureen_marcano,Maureen Marcano,Summer Sewald,West,73.48602163110729,0.5000000000000001,specialist_match,"product=GTX Plus Basic (strong_fit, n=70); ticket_band=mid_ticket_1k_to_4k (strong_fit, n=87)",65.75415088158896,0.49116767969308334,possible_specialist,9.0,True
9A9E1KPG,engaging,elease_gluck,Elease Gluck,Celia Rouche,West,GTX Basic,low_ticket_under_1k,550,Genco Pura Olive Oil Company,retail,500m_to_1_5b,500_to_2k,326.0,True,moses_frase,Moses Frase,Dustin Brinkmann,Central,72.61661267734506,0.975,specialist_match,"product=GTX Basic (strong_fit, n=59); ticket_band=low_ticket_under_1k (strong_fit, n=105); sector=retail (strong_fit, n=27)",65.87106423029878,0.8045670248282412,specialist_match,14.0,True
9AESK6QV,engaging,vicki_laflamme,Vicki Laflamme,Celia Rouche,West,GTX Basic,low_ticket_under_1k,550,,,,,146.0,False,hayden_neloms,Hayden Neloms,Celia Rouche,West,70.07479583264518,0.15165750888103105,possible_specialist,"ticket_band=low_ticket_under_1k (possible_fit, n=23)",64.7618338807733,0.5000000000000001,possible_specialist,13.0,True
9B20R6A5,engaging,darcel_schlecht,Darcel Schlecht,Melvin Marxen,Central,GTX Pro,high_ticket_4k_to_10k,4821,,,,,144.0,False,maureen_marcano,Maureen Marcano,Summer Sewald,West,73.54787621751144,0.5000000000000001,specialist_match,"product=GTX Pro (strong_fit, n=30); ticket_band=high_ticket_4k_to_10k (strong_fit, n=62)",61.87208356326526,0.5000000000000001,generalist_match,22.0,True
9B7FS6YL,engaging,darcel_schlecht,Darcel Schlecht,Melvin Marxen,Central,GTX Pro,high_ticket_4k_to_10k,4821,Konex,technology,over_3b,over_10k,157.0,True,maureen_marcano,Maureen Marcano,Summer Sewald,West,73.73506653030837,0.8779513042005219,specialist_match,"product=GTX Pro (strong_fit, n=30); ticket_band=high_ticket_4k_to_10k (strong_fit, n=62); revenue_band=over_3b (neutral, n=70)",60.73402771531764,0.8961769203083568,generalist_match,24.0,True
9BM1CGBV,prospecting,cecily_lampkin,Cecily Lampkin,Dustin Brinkmann,Central,MG Special,low_ticket_under_1k,55,Sumace,retail,under_500m,under_500,,True,hayden_neloms,Hayden Neloms,Celia Rouche,West,72.34019880586888,0.7304879438224315,possible_specialist,"product=MG Special (possible_fit, n=23); ticket_band=low_ticket_under_1k (possible_fit, n=23); sector=retail (possible_fit, n=36)",65.2670004547138,0.792195444572929,generalist_match,10.0,True
9C3YHNBY,engaging,gladys_colclough,Gladys Colclough,Melvin Marxen,Central,MG Advanced,mid_ticket_1k_to_4k,3393,,,,,152.0,False,hayden_neloms,Hayden Neloms,Celia Rouche,West,74.19302882850188,0.5000000000000001,specialist_match,"product=MG Advanced (strong_fit, n=77); ticket_band=mid_ticket_1k_to_4k (possible_fit, n=119)",59.21581989401588,0.5000000000000001,possible_specialist,24.0,True
9CPUX0D0,engaging,marty_freudenburg,Marty Freudenburg,Melvin Marxen,Central,GTX Pro,high_ticket_4k_to_10k,4821,,,,,140.0,False,maureen_marcano,Maureen Marcano,Summer Sewald,West,73.54787621751144,0.5000000000000001,specialist_match,"product=GTX Pro (strong_fit, n=30); ticket_band=high_ticket_4k_to_10k (strong_fit, n=62)",63.46029956166656,0.44494897427831787,specialist_match,15.0,True
9CYYLZ11,prospecting,marty_freudenburg,Marty Freudenburg,Melvin Marxen,Central,GTX Basic,low_ticket_under_1k,550,Stanredtax,finance,1_5b_to_3b,2k_to_10k,,True,moses_frase,Moses Frase,Dustin Brinkmann,Central,71.72810807083873,0.9621960996699224,specialist_match,"product=GTX Basic (strong_fit, n=59); ticket_band=low_ticket_under_1k (strong_fit, n=105); sector=finance (strong_fit, n=22)",65.48958314924828,0.8914854215512676,specialist_match,10.0,True
9D43V124,engaging,vicki_laflamme,Vicki Laflamme,Celia Rouche,West,MG Special,low_ticket_under_1k,55,Mathtouch,marketing,over_3b,2k_to_10k,133.0,True,hayden_neloms,Hayden Neloms,Celia Rouche,West,72.61192567773001,0.642808955440889,specialist_match,"product=MG Special (possible_fit, n=23); ticket_band=low_ticket_under_1k (possible_fit, n=23); revenue_band=over_3b (possible_fit, n=38)",65.34673209576418,0.9,specialist_match,11.0,True
9DY57A6F,engaging,daniell_hammack,Daniell Hammack,Rocco Neubert,East,GTX Pro,high_ticket_4k_to_10k,4821,,,,,109.0,False,maureen_marcano,Maureen Marcano,Summer Sewald,West,73.54787621751144,0.5000000000000001,specialist_match,"product=GTX Pro (strong_fit, n=30); ticket_band=high_ticket_4k_to_10k (strong_fit, n=62)",63.40213266738296,0.5000000000000001,specialist_match,17.0,True
9E8A7MQ8,engaging,kary_hendrixson,Kary Hendrixson,Summer Sewald,West,GTX Plus Pro,high_ticket_4k_to_10k,5482,Blackzim,retail,under_500m,500_to_2k,308.0,True,maureen_marcano,Maureen Marcano,Summer Sewald,West,76.40543941246212,0.9642521127880033,specialist_match,"product=GTX Plus Pro (strong_fit, n=32); ticket_band=high_ticket_4k_to_10k (strong_fit, n=62); sector=retail (strong_fit, n=39)",60.37925005310836,0.975,generalist_match,22.0,True
9F9NDO41,prospecting,cecily_lampkin,Cecily Lampkin,Dustin Brinkmann,Central,MG Special,low_ticket_under_1k,55,,,,,,False,hayden_neloms,Hayden Neloms,Celia Rouche,West,71.35150661886287,0.44534101199279935,possible_specialist,"product=MG Special (possible_fit, n=23); ticket_band=low_ticket_under_1k (possible_fit, n=23)",66.35765882959332,0.5000000000000001,generalist_match,6.0,True
9FPDDSIJ,engaging,cassey_cress,Cassey Cress,Rocco Neubert,East,GTX Pro,high_ticket_4k_to_10k,4821,,,,,284.0,False,maureen_marcano,Maureen Marcano,Summer Sewald,West,73.54787621751144,0.5000000000000001,specialist_match,"product=GTX Pro (strong_fit, n=30); ticket_band=high_ticket_4k_to_10k (strong_fit, n=62)",64.48706353847835,0.5000000000000001,specialist_match,14.0,True
9GYIYGHW,engaging,violet_mclelland,Violet Mclelland,Cara Losch,East,MG Advanced,mid_ticket_1k_to_4k,3393,,,,,208.0,False,hayden_neloms,Hayden Neloms,Celia Rouche,West,74.19302882850188,0.5000000000000001,specialist_match,"product=MG Advanced (strong_fit, n=77); ticket_band=mid_ticket_1k_to_4k (possible_fit, n=119)",64.2772315067002,0.5000000000000001,possible_specialist,11.0,True
9H2V1F1E,prospecting,moses_frase,Moses Frase,Dustin Brinkmann,Central,MG Advanced,mid_ticket_1k_to_4k,3393,Funholding,finance,1_5b_to_3b,2k_to_10k,,True,hayden_neloms,Hayden Neloms,Celia Rouche,West,75.59243625718109,0.7000000000000001,specialist_match,"product=MG Advanced (strong_fit, n=77); ticket_band=mid_ticket_1k_to_4k (possible_fit, n=119); revenue_band=1_5b_to_3b (strong_fit, n=54)",68.06365969706616,0.8914854215512676,specialist_match,4.0,True
9HA8VBAP,prospecting,darcel_schlecht,Darcel Schlecht,Melvin Marxen,Central,MG Advanced,mid_ticket_1k_to_4k,3393,Donquadtech,technology,1_5b_to_3b,2k_to_10k,,True,hayden_neloms,Hayden Neloms,Celia Rouche,West,76.03149517937081,0.8527525231651948,specialist_match,"product=MG Advanced (strong_fit, n=77); ticket_band=mid_ticket_1k_to_4k (possible_fit, n=119); sector=technology (neutral, n=14)",63.342417698923384,0.9,possible_specialist,15.0,True
9HFEMESD,prospecting,lajuana_vencill,Lajuana Vencill,Dustin Brinkmann,Central,GTX Basic,low_ticket_under_1k,550,,,,,,False,hayden_neloms,Hayden Neloms,Celia Rouche,West,70.07479583264518,0.15165750888103105,possible_specialist,"ticket_band=low_ticket_under_1k (possible_fit, n=23)",52.685793792795806,0.5000000000000001,generalist_match,29.0,True
9HRMW8SL,engaging,daniell_hammack,Daniell Hammack,Rocco Neubert,East,MG Special,low_ticket_under_1k,55,,,,,315.0,False,hayden_neloms,Hayden Neloms,Celia Rouche,West,71.35150661886287,0.44534101199279935,possible_specialist,"product=MG Special (possible_fit, n=23); ticket_band=low_ticket_under_1k (possible_fit, n=23)",60.90931624621093,0.16733200530681516,low_confidence,22.0,True
9HYMQL4I,engaging,zane_levy,Zane Levy,Summer Sewald,West,GTX Basic,low_ticket_under_1k,550,,,,,249.0,False,hayden_neloms,Hayden Neloms,Celia Rouche,West,70.07479583264518,0.15165750888103105,possible_specialist,"ticket_band=low_ticket_under_1k (possible_fit, n=23)",60.2374782161471,0.5000000000000001,generalist_match,23.0,True
9IA34L8S,engaging,vicki_laflamme,Vicki Laflamme,Celia Rouche,West,GTX Basic,low_ticket_under_1k,550,,,,,367.0,False,hayden_neloms,Hayden Neloms,Celia Rouche,West,70.07479583264518,0.15165750888103105,possible_specialist,"ticket_band=low_ticket_under_1k (possible_fit, n=23)",64.7618338807733,0.5000000000000001,possible_specialist,13.0,True
9ILB20UV,engaging,markita_hansen,Markita Hansen,Celia Rouche,West,MG Special,low_ticket_under_1k,55,,,,,270.0,False,hayden_neloms,Hayden Neloms,Celia Rouche,West,71.35150661886287,0.44534101199279935,possible_specialist,"product=MG Special (possible_fit, n=23); ticket_band=low_ticket_under_1k (possible_fit, n=23)",53.93836042838683,0.5000000000000001,generalist_match,28.0,True
9JTFD4FZ,engaging,wilburn_farren,Wilburn Farren,Cara Losch,East,GTX Plus Pro,high_ticket_4k_to_10k,5482,,,,,94.0,False,maureen_marcano,Maureen Marcano,Summer Sewald,West,74.25820338006682,0.5000000000000001,specialist_match,"product=GTX Plus Pro (strong_fit, n=32); ticket_band=high_ticket_4k_to_10k (strong_fit, n=62)",,,not_candidate,,True
9L0WKMJ2,prospecting,darcel_schlecht,Darcel Schlecht,Melvin Marxen,Central,GTX Basic,low_ticket_under_1k,550,,,,,,False,hayden_neloms,Hayden Neloms,Celia Rouche,West,70.07479583264518,0.15165750888103105,possible_specialist,"ticket_band=low_ticket_under_1k (possible_fit, n=23)",64.35527881140102,0.5000000000000001,possible_specialist,15.0,True
9M72KPA3,engaging,kami_bicknell,Kami Bicknell,Summer Sewald,West,GTX Plus Basic,mid_ticket_1k_to_4k,1096,Bluth Company,technology,500m_to_1_5b,2k_to_10k,155.0,True,maureen_marcano,Maureen Marcano,Summer Sewald,West,74.16437165449358,0.8645538445789658,specialist_match,"product=GTX Plus Basic (strong_fit, n=70); ticket_band=mid_ticket_1k_to_4k (strong_fit, n=87); revenue_band=500m_to_1_5b (neutral, n=30)",62.091112574731184,0.9,possible_specialist,18.0,True
9MIWFW5J,prospecting,versie_hillebrand,Versie Hillebrand,Dustin Brinkmann,Central,MG Advanced,mid_ticket_1k_to_4k,3393,,,,,,False,hayden_neloms,Hayden Neloms,Celia Rouche,West,74.19302882850188,0.5000000000000001,specialist_match,"product=MG Advanced (strong_fit, n=77); ticket_band=mid_ticket_1k_to_4k (possible_fit, n=119)",65.52347623430107,0.5000000000000001,generalist_match,9.0,True
9P180HVQ,engaging,moses_frase,Moses Frase,Dustin Brinkmann,Central,GTX Basic,low_ticket_under_1k,550,Zencorporation,technology,under_500m,under_500,148.0,True,moses_frase,Moses Frase,Dustin Brinkmann,Central,70.61313905364558,0.7948683298050515,specialist_match,"product=GTX Basic (strong_fit, n=59); ticket_band=low_ticket_under_1k (strong_fit, n=105); sector=technology (possible_fit, n=32)",70.61313905364558,0.7948683298050515,specialist_match,1.0,False
9P9ISECL,prospecting,anna_snelling,Anna Snelling,Dustin Brinkmann,Central,GTX Plus Pro,high_ticket_4k_to_10k,5482,Sumace,retail,under_500m,under_500,,True,maureen_marcano,Maureen Marcano,Summer Sewald,West,76.23456328680561,0.8836660026534077,specialist_match,"product=GTX Plus Pro (strong_fit, n=32); ticket_band=high_ticket_4k_to_10k (strong_fit, n=62); sector=retail (strong_fit, n=39)",60.451188335968666,0.8880340843082951,specialist_match,23.0,True
9P9J2ANM,prospecting,gladys_colclough,Gladys Colclough,Melvin Marxen,Central,GTX Plus Basic,mid_ticket_1k_to_4k,1096,,,,,,False,maureen_marcano,Maureen Marcano,Summer Sewald,West,73.48602163110729,0.5000000000000001,specialist_match,"product=GTX Plus Basic (strong_fit, n=70); ticket_band=mid_ticket_1k_to_4k (strong_fit, n=87)",58.8119360721871,0.5000000000000001,possible_specialist,25.0,True
9PDR4X2R,prospecting,anna_snelling,Anna Snelling,Dustin Brinkmann,Central,GTX Plus Pro,high_ticket_4k_to_10k,5482,Hatfan,services,500m_to_1_5b,500_to_2k,,True,maureen_marcano,Maureen Marcano,Summer Sewald,West,75.5542506996909,0.87162939659906,specialist_match,"product=GTX Plus Pro (strong_fit, n=32); ticket_band=high_ticket_4k_to_10k (strong_fit, n=62); sector=services (possible_fit, n=22)",60.13839339675365,0.7000000000000001,possible_specialist,22.0,True
9Q7NSPTF,engaging,cassey_cress,Cassey Cress,Rocco Neubert,East,GTX Plus Pro,high_ticket_4k_to_10k,5482,,,,,161.0,False,maureen_marcano,Maureen Marcano,Summer Sewald,West,74.25820338006682,0.5000000000000001,specialist_match,"product=GTX Plus Pro (strong_fit, n=32); ticket_band=high_ticket_4k_to_10k (strong_fit, n=62)",61.47255219351271,0.5000000000000001,possible_specialist,22.0,True
9R8AKL0D,prospecting,jonathan_berthelot,Jonathan Berthelot,Melvin Marxen,Central,GTX Pro,high_ticket_4k_to_10k,4821,Initech,telecommunications,over_3b,over_10k,,True,maureen_marcano,Maureen Marcano,Summer Sewald,West,75.11159954108598,0.8683250823060348,specialist_match,"product=GTX Pro (strong_fit, n=30); ticket_band=high_ticket_4k_to_10k (strong_fit, n=62); sector=telecommunications (possible_fit, n=17)",65.9190953549926,0.8766323533808996,specialist_match,10.0,True
9RGWSKNU,prospecting,gladys_colclough,Gladys Colclough,Melvin Marxen,Central,GTX Plus Pro,high_ticket_4k_to_10k,5482,Kan-code,software,over_3b,over_10k,,True,maureen_marcano,Maureen Marcano,Summer Sewald,West,75.72796917051562,0.9968245836551854,specialist_match,"product=GTX Plus Pro (strong_fit, n=32); ticket_band=high_ticket_4k_to_10k (strong_fit, n=62); sector=software (possible_fit, n=29)",53.51141393909944,0.8390357604246895,generalist_match,28.0,True
9SLINQY5,engaging,markita_hansen,Markita Hansen,Celia Rouche,West,MG Advanced,mid_ticket_1k_to_4k,3393,Newex,services,500m_to_1_5b,2k_to_10k,313.0,True,hayden_neloms,Hayden Neloms,Celia Rouche,West,74.63374285382893,0.8612391650651828,specialist_match,"product=MG Advanced (strong_fit, n=77); ticket_band=mid_ticket_1k_to_4k (possible_fit, n=119); revenue_band=500m_to_1_5b (neutral, n=31)",56.00257684295512,0.8914854215512676,generalist_match,28.0,True
9SRD5NCR,engaging,rosalina_dieter,Rosalina Dieter,Celia Rouche,West,GTK 500,strategic_ticket_10k_plus,26768,,,,,157.0,False,hayden_neloms,Hayden Neloms,Celia Rouche,West,69.37147629282224,0.0,low_confidence,Sem fit historico forte; recomendacao baseada em fallback de performance geral.,65.02778743577433,0.0,low_confidence,10.0,True
9V2SW5MV,engaging,marty_freudenburg,Marty Freudenburg,Melvin Marxen,Central,MG Advanced,mid_ticket_1k_to_4k,3393,,,,,150.0,False,hayden_neloms,Hayden Neloms,Celia Rouche,West,74.19302882850188,0.5000000000000001,specialist_match,"product=MG Advanced (strong_fit, n=77); ticket_band=mid_ticket_1k_to_4k (possible_fit, n=119)",60.0456314423343,0.5000000000000001,generalist_match,22.0,True
9W7PFSNX,engaging,corliss_cosme,Corliss Cosme,Cara Losch,East,GTX Basic,low_ticket_under_1k,550,,,,,334.0,False,hayden_neloms,Hayden Neloms,Celia Rouche,West,70.07479583264518,0.15165750888103105,possible_specialist,"ticket_band=low_ticket_under_1k (possible_fit, n=23)",66.30377602466332,0.5000000000000001,possible_specialist,6.0,True
9X2S0K15,engaging,hayden_neloms,Hayden Neloms,Celia Rouche,West,MG Advanced,mid_ticket_1k_to_4k,3393,,,,,307.0,False,hayden_neloms,Hayden Neloms,Celia Rouche,West,74.19302882850188,0.5000000000000001,specialist_match,"product=MG Advanced (strong_fit, n=77); ticket_band=mid_ticket_1k_to_4k (possible_fit, n=119)",74.19302882850188,0.5000000000000001,specialist_match,1.0,False
9Y85N0W5,engaging,markita_hansen,Markita Hansen,Celia Rouche,West,MG Advanced,mid_ticket_1k_to_4k,3393,,,,,284.0,False,hayden_neloms,Hayden Neloms,Celia Rouche,West,74.19302882850188,0.5000000000000001,specialist_match,"product=MG Advanced (strong_fit, n=77); ticket_band=mid_ticket_1k_to_4k (possible_fit, n=119)",57.37171850419942,0.5000000000000001,generalist_match,27.0,True
9YLUGU6I,prospecting,marty_freudenburg,Marty Freudenburg,Melvin Marxen,Central,GTX Pro,high_ticket_4k_to_10k,4821,,,,,,False,maureen_marcano,Maureen Marcano,Summer Sewald,West,73.54787621751144,0.5000000000000001,specialist_match,"product=GTX Pro (strong_fit, n=30); ticket_band=high_ticket_4k_to_10k (strong_fit, n=62)",63.46029956166656,0.44494897427831787,specialist_match,15.0,True
9Z2WTTNY,engaging,darcel_schlecht,Darcel Schlecht,Melvin Marxen,Central,GTX Plus Basic,mid_ticket_1k_to_4k,1096,Statholdings,employment,under_500m,500_to_2k,156.0,True,maureen_marcano,Maureen Marcano,Summer Sewald,West,73.70133621970524,0.8893304367438608,specialist_match,"product=GTX Plus Basic (strong_fit, n=70); ticket_band=mid_ticket_1k_to_4k (strong_fit, n=87); revenue_band=under_500m (neutral, n=48)",64.17704048580482,0.9549384666636045,specialist_match,13.0,True
A04V2WB3,engaging,elease_gluck,Elease Gluck,Celia Rouche,West,GTK 500,strategic_ticket_10k_plus,26768,,,,,150.0,False,hayden_neloms,Hayden Neloms,Celia Rouche,West,69.37147629282224,0.0,low_confidence,Sem fit historico forte; recomendacao baseada em fallback de performance geral.,63.32077313369209,0.21213203435596428,low_confidence,15.0,True
A194RP0I,engaging,rosalina_dieter,Rosalina Dieter,Celia Rouche,West,MG Advanced,mid_ticket_1k_to_4k,3393,,,,,384.0,False,hayden_neloms,Hayden Neloms,Celia Rouche,West,74.19302882850188,0.5000000000000001,specialist_match,"product=MG Advanced (strong_fit, n=77); ticket_band=mid_ticket_1k_to_4k (possible_fit, n=119)",67.22975297684799,0.46101550841858346,possible_specialist,5.0,True
A1TDRYHZ,engaging,rosie_papadopoulos,Rosie Papadopoulos,Cara Losch,East,MG Advanced,mid_ticket_1k_to_4k,3393,Rangreen,technology,1_5b_to_3b,2k_to_10k,288.0,True,hayden_neloms,Hayden Neloms,Celia Rouche,West,76.03149517937081,0.8527525231651948,specialist_match,"product=MG Advanced (strong_fit, n=77); ticket_band=mid_ticket_1k_to_4k (possible_fit, n=119); sector=technology (neutral, n=14)",61.429953250578755,0.822152740545908,possible_specialist,20.0,True
A2YIYWNW,engaging,cassey_cress,Cassey Cress,Rocco Neubert,East,MG Advanced,mid_ticket_1k_to_4k,3393,,,,,152.0,False,hayden_neloms,Hayden Neloms,Celia Rouche,West,74.19302882850188,0.5000000000000001,specialist_match,"product=MG Advanced (strong_fit, n=77); ticket_band=mid_ticket_1k_to_4k (possible_fit, n=119)",62.27804922349695,0.5000000000000001,generalist_match,17.0,True
A3T91VUM,engaging,cecily_lampkin,Cecily Lampkin,Dustin Brinkmann,Central,MG Special,low_ticket_under_1k,55,,,,,163.0,False,hayden_neloms,Hayden Neloms,Celia Rouche,West,71.35150661886287,0.44534101199279935,possible_specialist,"product=MG Special (possible_fit, n=23); ticket_band=low_ticket_under_1k (possible_fit, n=23)",66.35765882959332,0.5000000000000001,generalist_match,6.0,True
A4JROIDO,engaging,vicki_laflamme,Vicki Laflamme,Celia Rouche,West,MG Special,low_ticket_under_1k,55,,,,,346.0,False,hayden_neloms,Hayden Neloms,Celia Rouche,West,71.35150661886287,0.44534101199279935,possible_specialist,"product=MG Special (possible_fit, n=23); ticket_band=low_ticket_under_1k (possible_fit, n=23)",63.64770011642242,0.5000000000000001,generalist_match,15.0,True
A4M34F8C,prospecting,versie_hillebrand,Versie Hillebrand,Dustin Brinkmann,Central,MG Special,low_ticket_under_1k,55,,,,,,False,hayden_neloms,Hayden Neloms,Celia Rouche,West,71.35150661886287,0.44534101199279935,possible_specialist,"product=MG Special (possible_fit, n=23); ticket_band=low_ticket_under_1k (possible_fit, n=23)",68.31320841592525,0.5000000000000001,possible_specialist,3.0,True
A4TA5P1B,prospecting,darcel_schlecht,Darcel Schlecht,Melvin Marxen,Central,GTX Plus Pro,high_ticket_4k_to_10k,5482,,,,,,False,maureen_marcano,Maureen Marcano,Summer Sewald,West,74.25820338006682,0.5000000000000001,specialist_match,"product=GTX Plus Pro (strong_fit, n=32); ticket_band=high_ticket_4k_to_10k (strong_fit, n=62)",63.90260951665106,0.5000000000000001,specialist_match,13.0,True
A5DN7SE1,prospecting,versie_hillebrand,Versie Hillebrand,Dustin Brinkmann,Central,MG Special,low_ticket_under_1k,55,,,,,,False,hayden_neloms,Hayden Neloms,Celia Rouche,West,71.35150661886287,0.44534101199279935,possible_specialist,"product=MG Special (possible_fit, n=23); ticket_band=low_ticket_under_1k (possible_fit, n=23)",68.31320841592525,0.5000000000000001,possible_specialist,3.0,True
A5SCVK7E,engaging,corliss_cosme,Corliss Cosme,Cara Losch,East,GTX Plus Pro,high_ticket_4k_to_10k,5482,Goodsilron,marketing,1_5b_to_3b,2k_to_10k,121.0,True,maureen_marcano,Maureen Marcano,Summer Sewald,West,75.92667162792333,0.7000000000000001,specialist_match,"product=GTX Plus Pro (strong_fit, n=32); ticket_band=high_ticket_4k_to_10k (strong_fit, n=62); revenue_band=1_5b_to_3b (strong_fit, n=65)",69.5454309151695,0.8414213562373096,specialist_match,3.0,True
A7OVC1WK,engaging,corliss_cosme,Corliss Cosme,Cara Losch,East,GTX Plus Pro,high_ticket_4k_to_10k,5482,,,,,103.0,False,maureen_marcano,Maureen Marcano,Summer Sewald,West,74.25820338006682,0.5000000000000001,specialist_match,"product=GTX Plus Pro (strong_fit, n=32); ticket_band=high_ticket_4k_to_10k (strong_fit, n=62)",69.21379131703326,0.5000000000000001,specialist_match,3.0,True
A7SA2L21,engaging,elease_gluck,Elease Gluck,Celia Rouche,West,GTK 500,strategic_ticket_10k_plus,26768,,,,,335.0,False,hayden_neloms,Hayden Neloms,Celia Rouche,West,69.37147629282224,0.0,low_confidence,Sem fit historico forte; recomendacao baseada em fallback de performance geral.,63.32077313369209,0.21213203435596428,low_confidence,15.0,True
A8NDGVJE,engaging,darcel_schlecht,Darcel Schlecht,Melvin Marxen,Central,GTX Pro,high_ticket_4k_to_10k,4821,,,,,147.0,False,maureen_marcano,Maureen Marcano,Summer Sewald,West,73.54787621751144,0.5000000000000001,specialist_match,"product=GTX Pro (strong_fit, n=30); ticket_band=high_ticket_4k_to_10k (strong_fit, n=62)",61.87208356326526,0.5000000000000001,generalist_match,22.0,True
A8NXNY0M,prospecting,darcel_schlecht,Darcel Schlecht,Melvin Marxen,Central,GTX Pro,high_ticket_4k_to_10k,4821,Plusstrip,entertainment,under_500m,under_500,,True,maureen_marcano,Maureen Marcano,Summer Sewald,West,73.74172084113958,0.8751514242046753,specialist_match,"product=GTX Pro (strong_fit, n=30); ticket_band=high_ticket_4k_to_10k (strong_fit, n=62); revenue_band=under_500m (neutral, n=48)",61.613007971369775,0.8683250823060348,generalist_match,23.0,True
A8PVW8RI,prospecting,marty_freudenburg,Marty Freudenburg,Melvin Marxen,Central,MG Advanced,mid_ticket_1k_to_4k,3393,Condax,medical,under_500m,under_500,,True,hayden_neloms,Hayden Neloms,Celia Rouche,West,74.6823349008157,0.7265682880669416,specialist_match,"product=MG Advanced (strong_fit, n=77); ticket_band=mid_ticket_1k_to_4k (possible_fit, n=119); sector=medical (neutral, n=12)",60.25731169613289,0.8,generalist_match,23.0,True
A8QRKXG3,engaging,vicki_laflamme,Vicki Laflamme,Celia Rouche,West,GTX Pro,high_ticket_4k_to_10k,4821,,,,,189.0,False,maureen_marcano,Maureen Marcano,Summer Sewald,West,73.54787621751144,0.5000000000000001,specialist_match,"product=GTX Pro (strong_fit, n=30); ticket_band=high_ticket_4k_to_10k (strong_fit, n=62)",64.74244166469498,0.5000000000000001,possible_specialist,13.0,True
A9DGDN56,prospecting,darcel_schlecht,Darcel Schlecht,Melvin Marxen,Central,GTX Pro,high_ticket_4k_to_10k,4821,Zencorporation,technology,under_500m,under_500,,True,maureen_marcano,Maureen Marcano,Summer Sewald,West,73.41026552805177,0.8616173068539296,specialist_match,"product=GTX Pro (strong_fit, n=30); ticket_band=high_ticket_4k_to_10k (strong_fit, n=62); revenue_band=under_500m (neutral, n=48)",61.38061644914298,0.9,generalist_match,22.0,True
A9TEJW6U,engaging,versie_hillebrand,Versie Hillebrand,Dustin Brinkmann,Central,MG Special,low_ticket_under_1k,55,,,,,152.0,False,hayden_neloms,Hayden Neloms,Celia Rouche,West,71.35150661886287,0.44534101199279935,possible_specialist,"product=MG Special (possible_fit, n=23); ticket_band=low_ticket_under_1k (possible_fit, n=23)",68.31320841592525,0.5000000000000001,possible_specialist,3.0,True
AAQ5H36J,prospecting,gladys_colclough,Gladys Colclough,Melvin Marxen,Central,MG Advanced,mid_ticket_1k_to_4k,3393,,,,,,False,hayden_neloms,Hayden Neloms,Celia Rouche,West,74.19302882850188,0.5000000000000001,specialist_match,"product=MG Advanced (strong_fit, n=77); ticket_band=mid_ticket_1k_to_4k (possible_fit, n=119)",59.21581989401588,0.5000000000000001,possible_specialist,24.0,True
ABT1TDH1,engaging,moses_frase,Moses Frase,Dustin Brinkmann,Central,GTX Basic,low_ticket_under_1k,550,,,,,154.0,False,hayden_neloms,Hayden Neloms,Celia Rouche,West,70.07479583264518,0.15165750888103105,possible_specialist,"ticket_band=low_ticket_under_1k (possible_fit, n=23)",70.02618636544221,0.5000000000000001,specialist_match,2.0,True
ACGLK2YE,engaging,moses_frase,Moses Frase,Dustin Brinkmann,Central,GTX Plus Basic,mid_ticket_1k_to_4k,1096,Treequote,telecommunications,over_3b,2k_to_10k,148.0,True,maureen_marcano,Maureen Marcano,Summer Sewald,West,75.71020363431187,0.8683250823060348,specialist_match,"product=GTX Plus Basic (strong_fit, n=70); ticket_band=mid_ticket_1k_to_4k (strong_fit, n=87); sector=telecommunications (possible_fit, n=17)",68.05812594427343,0.6908295106229249,possible_specialist,4.0,True
AD2YEH7W,engaging,marty_freudenburg,Marty Freudenburg,Melvin Marxen,Central,GTX Plus Pro,high_ticket_4k_to_10k,5482,,,,,147.0,False,maureen_marcano,Maureen Marcano,Summer Sewald,West,74.25820338006682,0.5000000000000001,specialist_match,"product=GTX Plus Pro (strong_fit, n=32); ticket_band=high_ticket_4k_to_10k (strong_fit, n=62)",64.83792882392267,0.5000000000000001,specialist_match,10.0,True
AE3YDLK3,prospecting,jonathan_berthelot,Jonathan Berthelot,Melvin Marxen,Central,GTX Basic,low_ticket_under_1k,550,Xx-zobam,entertainment,over_3b,2k_to_10k,,True,hayden_neloms,Hayden Neloms,Celia Rouche,West,71.33521489151232,0.3491254523291207,specialist_match,"ticket_band=low_ticket_under_1k (possible_fit, n=23); revenue_band=over_3b (possible_fit, n=38); employee_band=2k_to_10k (strong_fit, n=78)",65.52772166197134,0.7000000000000001,possible_specialist,12.0,True
AERVH1AC,engaging,niesha_huffines,Niesha Huffines,Melvin Marxen,Central,GTX Plus Basic,mid_ticket_1k_to_4k,1096,,,,,164.0,False,maureen_marcano,Maureen Marcano,Summer Sewald,West,73.48602163110729,0.5000000000000001,specialist_match,"product=GTX Plus Basic (strong_fit, n=70); ticket_band=mid_ticket_1k_to_4k (strong_fit, n=87)",61.680580134823494,0.5000000000000001,specialist_match,20.0,True
AF7XJNED,engaging,rosie_papadopoulos,Rosie Papadopoulos,Cara Losch,East,GTX Plus Pro,high_ticket_4k_to_10k,5482,,,,,290.0,False,maureen_marcano,Maureen Marcano,Summer Sewald,West,74.25820338006682,0.5000000000000001,specialist_match,"product=GTX Plus Pro (strong_fit, n=32); ticket_band=high_ticket_4k_to_10k (strong_fit, n=62)",64.291459464126,0.45980762113533163,specialist_match,12.0,True
AF8NG5JC,engaging,cassey_cress,Cassey Cress,Rocco Neubert,East,MG Special,low_ticket_under_1k,55,Betatech,medical,500m_to_1_5b,500_to_2k,326.0,True,hayden_neloms,Hayden Neloms,Celia Rouche,West,72.30902122194111,0.7613989929168479,possible_specialist,"product=MG Special (possible_fit, n=23); ticket_band=low_ticket_under_1k (possible_fit, n=23); sector=medical (neutral, n=12)",62.482444750957775,0.8371708245126285,specialist_match,21.0,True
AI76U58A,engaging,maureen_marcano,Maureen Marcano,Summer Sewald,West,GTX Basic,low_ticket_under_1k,550,Treequote,telecommunications,over_3b,2k_to_10k,371.0,True,hayden_neloms,Hayden Neloms,Celia Rouche,West,71.58226783371298,0.5072393353375397,specialist_match,"ticket_band=low_ticket_under_1k (possible_fit, n=23); sector=telecommunications (neutral, n=15); revenue_band=over_3b (possible_fit, n=38)",69.34341707615343,0.8683250823060348,specialist_match,3.0,True
AILB4LIX,engaging,darcel_schlecht,Darcel Schlecht,Melvin Marxen,Central,GTX Pro,high_ticket_4k_to_10k,4821,,,,,139.0,False,maureen_marcano,Maureen Marcano,Summer Sewald,West,73.54787621751144,0.5000000000000001,specialist_match,"product=GTX Pro (strong_fit, n=30); ticket_band=high_ticket_4k_to_10k (strong_fit, n=62)",61.87208356326526,0.5000000000000001,generalist_match,22.0,True
AKMV6WN5,engaging,elease_gluck,Elease Gluck,Celia Rouche,West,GTK 500,strategic_ticket_10k_plus,26768,,,,,269.0,False,hayden_neloms,Hayden Neloms,Celia Rouche,West,69.37147629282224,0.0,low_confidence,Sem fit historico forte; recomendacao baseada em fallback de performance geral.,63.32077313369209,0.21213203435596428,low_confidence,15.0,True
AKTPC3M1,engaging,kami_bicknell,Kami Bicknell,Summer Sewald,West,GTX Basic,low_ticket_under_1k,550,,,,,301.0,False,hayden_neloms,Hayden Neloms,Celia Rouche,West,70.07479583264518,0.15165750888103105,possible_specialist,"ticket_band=low_ticket_under_1k (possible_fit, n=23)",64.9706180992233,0.5000000000000001,possible_specialist,12.0,True
ALHQU8W8,engaging,corliss_cosme,Corliss Cosme,Cara Losch,East,GTX Basic,low_ticket_under_1k,550,Plexzap,retail,1_5b_to_3b,2k_to_10k,286.0,True,hayden_neloms,Hayden Neloms,Celia Rouche,West,72.55536826966991,0.5516575088810312,specialist_match,"ticket_band=low_ticket_under_1k (possible_fit, n=23); sector=retail (possible_fit, n=36); revenue_band=1_5b_to_3b (strong_fit, n=54)",65.93168626388406,0.9,possible_specialist,9.0,True
ALZNZ666,engaging,boris_faz,Boris Faz,Rocco Neubert,East,MG Advanced,mid_ticket_1k_to_4k,3393,Toughzap,retail,under_500m,500_to_2k,231.0,True,hayden_neloms,Hayden Neloms,Celia Rouche,West,75.24856520104403,0.871749472208076,specialist_match,"product=MG Advanced (strong_fit, n=77); ticket_band=mid_ticket_1k_to_4k (possible_fit, n=119); sector=retail (possible_fit, n=36)",67.45906644412909,0.8295335550545632,specialist_match,7.0,True
AMNKCM1H,engaging,elease_gluck,Elease Gluck,Celia Rouche,West,MG Special,low_ticket_under_1k,55,Betasoloin,medical,under_500m,under_500,317.0,True,hayden_neloms,Hayden Neloms,Celia Rouche,West,71.8408126911767,0.671909300059741,possible_specialist,"product=MG Special (possible_fit, n=23); ticket_band=low_ticket_under_1k (possible_fit, n=23); sector=medical (neutral, n=12)",64.17406434647698,0.586602540378444,specialist_match,15.0,True
AMP2GT6F,engaging,maureen_marcano,Maureen Marcano,Summer Sewald,West,GTX Pro,high_ticket_4k_to_10k,4821,,,,,139.0,False,maureen_marcano,Maureen Marcano,Summer Sewald,West,73.54787621751144,0.5000000000000001,specialist_match,"product=GTX Pro (strong_fit, n=30); ticket_band=high_ticket_4k_to_10k (strong_fit, n=62)",73.54787621751144,0.5000000000000001,specialist_match,1.0,False
ANRCHVJM,engaging,violet_mclelland,Violet Mclelland,Cara Losch,East,MG Special,low_ticket_under_1k,55,Plusstrip,entertainment,under_500m,under_500,260.0,True,hayden_neloms,Hayden Neloms,Celia Rouche,West,71.25903379752336,0.5304879438224314,possible_specialist,"product=MG Special (possible_fit, n=23); ticket_band=low_ticket_under_1k (possible_fit, n=23)",62.94386119683871,0.8473670656278444,generalist_match,19.0,True
AP74NF6M,prospecting,marty_freudenburg,Marty Freudenburg,Melvin Marxen,Central,MG Advanced,mid_ticket_1k_to_4k,3393,Iselectrics,technology,500m_to_1_5b,500_to_2k,,True,hayden_neloms,Hayden Neloms,Celia Rouche,West,75.0078234601165,0.8273891478519337,specialist_match,"product=MG Advanced (strong_fit, n=77); ticket_band=mid_ticket_1k_to_4k (possible_fit, n=119); sector=technology (neutral, n=14)",58.76828207923761,0.9,generalist_match,22.0,True
APIB681L,engaging,darcel_schlecht,Darcel Schlecht,Melvin Marxen,Central,GTX Basic,low_ticket_under_1k,550,,,,,159.0,False,hayden_neloms,Hayden Neloms,Celia Rouche,West,70.07479583264518,0.15165750888103105,possible_specialist,"ticket_band=low_ticket_under_1k (possible_fit, n=23)",64.35527881140102,0.5000000000000001,possible_specialist,15.0,True
APXWBOOT,prospecting,darcel_schlecht,Darcel Schlecht,Melvin Marxen,Central,MG Special,low_ticket_under_1k,55,,,,,,False,hayden_neloms,Hayden Neloms,Celia Rouche,West,71.35150661886287,0.44534101199279935,possible_specialist,"product=MG Special (possible_fit, n=23); ticket_band=low_ticket_under_1k (possible_fit, n=23)",63.550235622737446,0.5000000000000001,possible_specialist,16.0,True
AR33M33M,engaging,hayden_neloms,Hayden Neloms,Celia Rouche,West,GTX Plus Basic,mid_ticket_1k_to_4k,1096,,,,,183.0,False,maureen_marcano,Maureen Marcano,Summer Sewald,West,73.48602163110729,0.5000000000000001,specialist_match,"product=GTX Plus Basic (strong_fit, n=70); ticket_band=mid_ticket_1k_to_4k (strong_fit, n=87)",68.66988645587561,0.5000000000000001,possible_specialist,3.0,True
ARBTXSEH,prospecting,jonathan_berthelot,Jonathan Berthelot,Melvin Marxen,Central,GTX Plus Basic,mid_ticket_1k_to_4k,1096,Globex Corporation,technology,500m_to_1_5b,2k_to_10k,,True,maureen_marcano,Maureen Marcano,Summer Sewald,West,74.16437165449358,0.8645538445789658,specialist_match,"product=GTX Plus Basic (strong_fit, n=70); ticket_band=mid_ticket_1k_to_4k (strong_fit, n=87); revenue_band=500m_to_1_5b (neutral, n=30)",66.98049486204694,0.9901387818865998,specialist_match,6.0,True
ASDR6QEZ,prospecting,anna_snelling,Anna Snelling,Dustin Brinkmann,Central,MG Special,low_ticket_under_1k,55,,,,,,False,hayden_neloms,Hayden Neloms,Celia Rouche,West,71.35150661886287,0.44534101199279935,possible_specialist,"product=MG Special (possible_fit, n=23); ticket_band=low_ticket_under_1k (possible_fit, n=23)",64.31764459641298,0.5000000000000001,specialist_match,13.0,True
ASZNII2J,engaging,elease_gluck,Elease Gluck,Celia Rouche,West,MG Special,low_ticket_under_1k,55,,,,,121.0,False,hayden_neloms,Hayden Neloms,Celia Rouche,West,71.35150661886287,0.44534101199279935,possible_specialist,"product=MG Special (possible_fit, n=23); ticket_band=low_ticket_under_1k (possible_fit, n=23)",64.05240715549783,0.5000000000000001,specialist_match,14.0,True
ATMWAQL5,engaging,niesha_huffines,Niesha Huffines,Melvin Marxen,Central,GTX Plus Basic,mid_ticket_1k_to_4k,1096,Gogozoom,telecommunications,under_500m,under_500,150.0,True,maureen_marcano,Maureen Marcano,Summer Sewald,West,74.72494395242522,0.8519910849594424,specialist_match,"product=GTX Plus Basic (strong_fit, n=70); ticket_band=mid_ticket_1k_to_4k (strong_fit, n=87); sector=telecommunications (possible_fit, n=17)",62.46583275854964,0.7581676459905967,specialist_match,18.0,True
ATOYVLLB,prospecting,gladys_colclough,Gladys Colclough,Melvin Marxen,Central,GTX Basic,low_ticket_under_1k,550,,,,,,False,hayden_neloms,Hayden Neloms,Celia Rouche,West,70.07479583264518,0.15165750888103105,possible_specialist,"ticket_band=low_ticket_under_1k (possible_fit, n=23)",56.32706970067004,0.5000000000000001,generalist_match,26.0,True
AV50UWVV,prospecting,versie_hillebrand,Versie Hillebrand,Dustin Brinkmann,Central,MG Special,low_ticket_under_1k,55,,,,,,False,hayden_neloms,Hayden Neloms,Celia Rouche,West,71.35150661886287,0.44534101199279935,possible_specialist,"product=MG Special (possible_fit, n=23); ticket_band=low_ticket_under_1k (possible_fit, n=23)",68.31320841592525,0.5000000000000001,possible_specialist,3.0,True
AV72Y65Y,engaging,cecily_lampkin,Cecily Lampkin,Dustin Brinkmann,Central,MG Special,low_ticket_under_1k,55,Streethex,retail,500m_to_1_5b,500_to_2k,147.0,True,hayden_neloms,Hayden Neloms,Celia Rouche,West,72.8084073366333,0.8199776366795384,possible_specialist,"product=MG Special (possible_fit, n=23); ticket_band=low_ticket_under_1k (possible_fit, n=23); sector=retail (possible_fit, n=36)",65.10212139843495,0.975,possible_specialist,12.0,True
AW4PSTWR,engaging,rosie_papadopoulos,Rosie Papadopoulos,Cara Losch,East,GTX Basic,low_ticket_under_1k,550,Ron-tech,medical,over_3b,2k_to_10k,189.0,True,hayden_neloms,Hayden Neloms,Celia Rouche,West,71.91699378516566,0.49054680856643024,specialist_match,"ticket_band=low_ticket_under_1k (possible_fit, n=23); sector=medical (neutral, n=12); revenue_band=over_3b (possible_fit, n=38)",64.49191981653664,0.5645020026143915,possible_specialist,16.0,True
AWCGYWTE,engaging,moses_frase,Moses Frase,Dustin Brinkmann,Central,MG Special,low_ticket_under_1k,55,Kinnamplus,retail,500m_to_1_5b,500_to_2k,162.0,True,hayden_neloms,Hayden Neloms,Celia Rouche,West,72.8084073366333,0.8199776366795384,possible_specialist,"product=MG Special (possible_fit, n=23); ticket_band=low_ticket_under_1k (possible_fit, n=23); sector=retail (possible_fit, n=36)",67.54915624999332,0.9,specialist_match,5.0,True
AWORM94L,engaging,cassey_cress,Cassey Cress,Rocco Neubert,East,GTX Basic,low_ticket_under_1k,550,,,,,179.0,False,hayden_neloms,Hayden Neloms,Celia Rouche,West,70.07479583264518,0.15165750888103105,possible_specialist,"ticket_band=low_ticket_under_1k (possible_fit, n=23)",61.41984833091624,0.5000000000000001,generalist_match,21.0,True
AY3KTIXX,engaging,james_ascencio,James Ascencio,Summer Sewald,West,GTX Plus Pro,high_ticket_4k_to_10k,5482,Cheers,entertainment,over_3b,2k_to_10k,206.0,True,maureen_marcano,Maureen Marcano,Summer Sewald,West,75.61916663149316,0.9816242034378674,specialist_match,"product=GTX Plus Pro (strong_fit, n=32); ticket_band=high_ticket_4k_to_10k (strong_fit, n=62); revenue_band=over_3b (neutral, n=70)",67.32356586116146,0.9561207005157727,specialist_match,5.0,True
AZN2K0V9,engaging,anna_snelling,Anna Snelling,Dustin Brinkmann,Central,MG Advanced,mid_ticket_1k_to_4k,3393,Ganjaflex,retail,over_3b,over_10k,150.0,True,hayden_neloms,Hayden Neloms,Celia Rouche,West,76.05220740961212,0.8796263270738646,specialist_match,"product=MG Advanced (strong_fit, n=77); ticket_band=mid_ticket_1k_to_4k (possible_fit, n=119); sector=retail (possible_fit, n=36)",57.99276958389381,0.8806225774829856,specialist_match,24.0,True
B00UMAV4,engaging,kami_bicknell,Kami Bicknell,Summer Sewald,West,MG Advanced,mid_ticket_1k_to_4k,3393,Gogozoom,telecommunications,under_500m,under_500,370.0,True,hayden_neloms,Hayden Neloms,Celia Rouche,West,74.34760894936302,0.7432608148380512,specialist_match,"product=MG Advanced (strong_fit, n=77); ticket_band=mid_ticket_1k_to_4k (possible_fit, n=119); sector=telecommunications (neutral, n=15)",63.2346611098021,0.8894427190999916,possible_specialist,14.0,True
B06D1F9M,engaging,vicki_laflamme,Vicki Laflamme,Celia Rouche,West,GTX Pro,high_ticket_4k_to_10k,4821,Faxquote,telecommunications,1_5b_to_3b,2k_to_10k,321.0,True,maureen_marcano,Maureen Marcano,Summer Sewald,West,76.16818272840803,0.8683250823060348,specialist_match,"product=GTX Pro (strong_fit, n=30); ticket_band=high_ticket_4k_to_10k (strong_fit, n=62); sector=telecommunications (possible_fit, n=17)",65.36046614981933,0.9901387818865998,specialist_match,10.0,True
B08R55ET,engaging,anna_snelling,Anna Snelling,Dustin Brinkmann,Central,MG Special,low_ticket_under_1k,55,,,,,138.0,False,hayden_neloms,Hayden Neloms,Celia Rouche,West,71.35150661886287,0.44534101199279935,possible_specialist,"product=MG Special (possible_fit, n=23); ticket_band=low_ticket_under_1k (possible_fit, n=23)",64.31764459641298,0.5000000000000001,specialist_match,13.0,True
B1ZN2CFP,engaging,anna_snelling,Anna Snelling,Dustin Brinkmann,Central,MG Advanced,mid_ticket_1k_to_4k,3393,,,,,155.0,False,hayden_neloms,Hayden Neloms,Celia Rouche,West,74.19302882850188,0.5000000000000001,specialist_match,"product=MG Advanced (strong_fit, n=77); ticket_band=mid_ticket_1k_to_4k (possible_fit, n=119)",57.502548739829464,0.5000000000000001,generalist_match,26.0,True
B26TNOGQ,prospecting,jonathan_berthelot,Jonathan Berthelot,Melvin Marxen,Central,GTX Plus Pro,high_ticket_4k_to_10k,5482,Silis,medical,1_5b_to_3b,2k_to_10k,,True,maureen_marcano,Maureen Marcano,Summer Sewald,West,77.2046855399089,0.8779513042005219,specialist_match,"product=GTX Plus Pro (strong_fit, n=32); ticket_band=high_ticket_4k_to_10k (strong_fit, n=62); sector=medical (strong_fit, n=19)",64.8089716697183,0.6000000000000001,generalist_match,11.0,True
B2FSFXKA,engaging,markita_hansen,Markita Hansen,Celia Rouche,West,MG Special,low_ticket_under_1k,55,,,,,73.0,False,hayden_neloms,Hayden Neloms,Celia Rouche,West,71.35150661886287,0.44534101199279935,possible_specialist,"product=MG Special (possible_fit, n=23); ticket_band=low_ticket_under_1k (possible_fit, n=23)",53.93836042838683,0.5000000000000001,generalist_match,28.0,True
B2YZJ212,prospecting,jonathan_berthelot,Jonathan Berthelot,Melvin Marxen,Central,GTX Plus Basic,mid_ticket_1k_to_4k,1096,,,,,,False,maureen_marcano,Maureen Marcano,Summer Sewald,West,73.48602163110729,0.5000000000000001,specialist_match,"product=GTX Plus Basic (strong_fit, n=70); ticket_band=mid_ticket_1k_to_4k (strong_fit, n=87)",64.58087656615885,0.5000000000000001,generalist_match,11.0,True
B3A6VXVQ,engaging,corliss_cosme,Corliss Cosme,Cara Losch,East,GTX Basic,low_ticket_under_1k,550,Acme Corporation,technology,500m_to_1_5b,2k_to_10k,176.0,True,hayden_neloms,Hayden Neloms,Celia Rouche,West,71.51986548929186,0.49244411635452084,specialist_match,"ticket_band=low_ticket_under_1k (possible_fit, n=23); sector=technology (neutral, n=14); revenue_band=500m_to_1_5b (neutral, n=31)",67.0421636131907,0.9,possible_specialist,7.0,True
B4SIVH1O,engaging,daniell_hammack,Daniell Hammack,Rocco Neubert,East,GTX Basic,low_ticket_under_1k,550,Fasehatice,retail,over_3b,2k_to_10k,312.0,True,hayden_neloms,Hayden Neloms,Celia Rouche,West,72.41637989985784,0.5491254523291208,specialist_match,"ticket_band=low_ticket_under_1k (possible_fit, n=23); sector=retail (possible_fit, n=36); revenue_band=over_3b (possible_fit, n=38)",59.62696385189092,0.8271396264421468,possible_specialist,23.0,True
B5A1BERF,engaging,kami_bicknell,Kami Bicknell,Summer Sewald,West,GTX Pro,high_ticket_4k_to_10k,4821,Umbrella Corporation,finance,1_5b_to_3b,2k_to_10k,327.0,True,maureen_marcano,Maureen Marcano,Summer Sewald,West,74.9952695792879,0.8527525231651948,specialist_match,"product=GTX Pro (strong_fit, n=30); ticket_band=high_ticket_4k_to_10k (strong_fit, n=62); revenue_band=1_5b_to_3b (strong_fit, n=65)",61.21553358568565,0.8683250823060348,generalist_match,22.0,True
B5H6M7AP,prospecting,marty_freudenburg,Marty Freudenburg,Melvin Marxen,Central,GTX Pro,high_ticket_4k_to_10k,4821,,,,,,False,maureen_marcano,Maureen Marcano,Summer Sewald,West,73.54787621751144,0.5000000000000001,specialist_match,"product=GTX Pro (strong_fit, n=30); ticket_band=high_ticket_4k_to_10k (strong_fit, n=62)",63.46029956166656,0.44494897427831787,specialist_match,15.0,True
B6Z5NFV0,engaging,wilburn_farren,Wilburn Farren,Cara Losch,East,MG Advanced,mid_ticket_1k_to_4k,3393,,,,,194.0,False,hayden_neloms,Hayden Neloms,Celia Rouche,West,74.19302882850188,0.5000000000000001,specialist_match,"product=MG Advanced (strong_fit, n=77); ticket_band=mid_ticket_1k_to_4k (possible_fit, n=119)",,,not_candidate,,True
B7KZYEII,prospecting,gladys_colclough,Gladys Colclough,Melvin Marxen,Central,GTX Plus Pro,high_ticket_4k_to_10k,5482,,,,,,False,maureen_marcano,Maureen Marcano,Summer Sewald,West,74.25820338006682,0.5000000000000001,specialist_match,"product=GTX Plus Pro (strong_fit, n=32); ticket_band=high_ticket_4k_to_10k (strong_fit, n=62)",55.85072174055262,0.5000000000000001,generalist_match,26.0,True
B96E3BBD,engaging,vicki_laflamme,Vicki Laflamme,Celia Rouche,West,GTX Basic,low_ticket_under_1k,550,,,,,141.0,False,hayden_neloms,Hayden Neloms,Celia Rouche,West,70.07479583264518,0.15165750888103105,possible_specialist,"ticket_band=low_ticket_under_1k (possible_fit, n=23)",64.7618338807733,0.5000000000000001,possible_specialist,13.0,True
BB1PRS3T,engaging,moses_frase,Moses Frase,Dustin Brinkmann,Central,MG Advanced,mid_ticket_1k_to_4k,3393,,,,,158.0,False,hayden_neloms,Hayden Neloms,Celia Rouche,West,74.19302882850188,0.5000000000000001,specialist_match,"product=MG Advanced (strong_fit, n=77); ticket_band=mid_ticket_1k_to_4k (possible_fit, n=119)",66.67886466929271,0.5000000000000001,generalist_match,6.0,True
BBOWBQA6,engaging,niesha_huffines,Niesha Huffines,Melvin Marxen,Central,GTX Plus Pro,high_ticket_4k_to_10k,5482,Blackzim,retail,under_500m,500_to_2k,164.0,True,maureen_marcano,Maureen Marcano,Summer Sewald,West,76.40543941246212,0.9642521127880033,specialist_match,"product=GTX Plus Pro (strong_fit, n=32); ticket_band=high_ticket_4k_to_10k (strong_fit, n=62); sector=retail (strong_fit, n=39)",57.90933917270364,0.8023330179769439,specialist_match,25.0,True
BBV196A3,prospecting,darcel_schlecht,Darcel Schlecht,Melvin Marxen,Central,GTX Pro,high_ticket_4k_to_10k,4821,,,,,,False,maureen_marcano,Maureen Marcano,Summer Sewald,West,73.54787621751144,0.5000000000000001,specialist_match,"product=GTX Pro (strong_fit, n=30); ticket_band=high_ticket_4k_to_10k (strong_fit, n=62)",61.87208356326526,0.5000000000000001,generalist_match,22.0,True
BCA6Y34B,engaging,rosie_papadopoulos,Rosie Papadopoulos,Cara Losch,East,MG Advanced,mid_ticket_1k_to_4k,3393,,,,,183.0,False,hayden_neloms,Hayden Neloms,Celia Rouche,West,74.19302882850188,0.5000000000000001,specialist_match,"product=MG Advanced (strong_fit, n=77); ticket_band=mid_ticket_1k_to_4k (possible_fit, n=119)",62.58719212975716,0.4732050807568878,generalist_match,15.0,True
BDUNPUWY,engaging,boris_faz,Boris Faz,Rocco Neubert,East,GTX Plus Basic,mid_ticket_1k_to_4k,1096,,,,,250.0,False,maureen_marcano,Maureen Marcano,Summer Sewald,West,73.48602163110729,0.5000000000000001,specialist_match,"product=GTX Plus Basic (strong_fit, n=70); ticket_band=mid_ticket_1k_to_4k (strong_fit, n=87)",67.08182161983684,0.5000000000000001,possible_specialist,5.0,True
BED55OSG,engaging,markita_hansen,Markita Hansen,Celia Rouche,West,GTX Pro,high_ticket_4k_to_10k,4821,,,,,273.0,False,maureen_marcano,Maureen Marcano,Summer Sewald,West,73.54787621751144,0.5000000000000001,specialist_match,"product=GTX Pro (strong_fit, n=30); ticket_band=high_ticket_4k_to_10k (strong_fit, n=62)",56.37358742578493,0.5000000000000001,generalist_match,25.0,True
BEDNZXVE,engaging,jonathan_berthelot,Jonathan Berthelot,Melvin Marxen,Central,GTX Basic,low_ticket_under_1k,550,,,,,159.0,False,hayden_neloms,Hayden Neloms,Celia Rouche,West,70.07479583264518,0.15165750888103105,possible_specialist,"ticket_band=low_ticket_under_1k (possible_fit, n=23)",65.41096422849174,0.5000000000000001,possible_specialist,10.0,True
BFGASJAW,engaging,kary_hendrixson,Kary Hendrixson,Summer Sewald,West,GTX Basic,low_ticket_under_1k,550,,,,,296.0,False,hayden_neloms,Hayden Neloms,Celia Rouche,West,70.07479583264518,0.15165750888103105,possible_specialist,"ticket_band=low_ticket_under_1k (possible_fit, n=23)",62.34894675423093,0.5000000000000001,generalist_match,20.0,True
BG0BLC6S,prospecting,anna_snelling,Anna Snelling,Dustin Brinkmann,Central,MG Advanced,mid_ticket_1k_to_4k,3393,Fasehatice,retail,over_3b,2k_to_10k,,True,hayden_neloms,Hayden Neloms,Celia Rouche,West,76.53461289571455,0.8974679434480897,specialist_match,"product=MG Advanced (strong_fit, n=77); ticket_band=mid_ticket_1k_to_4k (possible_fit, n=119); sector=retail (possible_fit, n=36)",56.91733057305042,0.9,possible_specialist,26.0,True
BHHDOY2E,engaging,kary_hendrixson,Kary Hendrixson,Summer Sewald,West,MG Advanced,mid_ticket_1k_to_4k,3393,,,,,268.0,False,hayden_neloms,Hayden Neloms,Celia Rouche,West,74.19302882850188,0.5000000000000001,specialist_match,"product=MG Advanced (strong_fit, n=77); ticket_band=mid_ticket_1k_to_4k (possible_fit, n=119)",59.81089938030219,0.45980762113533163,generalist_match,23.0,True
BIN9U8D9,prospecting,moses_frase,Moses Frase,Dustin Brinkmann,Central,MG Advanced,mid_ticket_1k_to_4k,3393,,,,,,False,hayden_neloms,Hayden Neloms,Celia Rouche,West,74.19302882850188,0.5000000000000001,specialist_match,"product=MG Advanced (strong_fit, n=77); ticket_band=mid_ticket_1k_to_4k (possible_fit, n=119)",66.67886466929271,0.5000000000000001,generalist_match,6.0,True
BJE7KCZ1,prospecting,gladys_colclough,Gladys Colclough,Melvin Marxen,Central,GTX Pro,high_ticket_4k_to_10k,4821,Genco Pura Olive Oil Company,retail,500m_to_1_5b,500_to_2k,,True,maureen_marcano,Maureen Marcano,Summer Sewald,West,75.69290431761883,0.8801439750477924,specialist_match,"product=GTX Pro (strong_fit, n=30); ticket_band=high_ticket_4k_to_10k (strong_fit, n=62); sector=retail (strong_fit, n=39)",52.53777706770118,0.982915619758885,generalist_match,27.0,True
BJH89YWM,engaging,jonathan_berthelot,Jonathan Berthelot,Melvin Marxen,Central,GTX Basic,low_ticket_under_1k,550,,,,,144.0,False,hayden_neloms,Hayden Neloms,Celia Rouche,West,70.07479583264518,0.15165750888103105,possible_specialist,"ticket_band=low_ticket_under_1k (possible_fit, n=23)",65.41096422849174,0.5000000000000001,possible_specialist,10.0,True
BJJQSJD8,engaging,daniell_hammack,Daniell Hammack,Rocco Neubert,East,GTX Plus Basic,mid_ticket_1k_to_4k,1096,Zotware,software,over_3b,over_10k,205.0,True,maureen_marcano,Maureen Marcano,Summer Sewald,West,75.01015416638923,0.9,specialist_match,"product=GTX Plus Basic (strong_fit, n=70); ticket_band=mid_ticket_1k_to_4k (strong_fit, n=87); sector=software (possible_fit, n=29)",58.503538898072385,0.8870828693386972,possible_specialist,25.0,True
BJO24Z5A,engaging,cassey_cress,Cassey Cress,Rocco Neubert,East,GTX Plus Basic,mid_ticket_1k_to_4k,1096,,,,,231.0,False,maureen_marcano,Maureen Marcano,Summer Sewald,West,73.48602163110729,0.5000000000000001,specialist_match,"product=GTX Plus Basic (strong_fit, n=70); ticket_band=mid_ticket_1k_to_4k (strong_fit, n=87)",62.03229146480558,0.5000000000000001,generalist_match,19.0,True
BJO4VYLK,engaging,daniell_hammack,Daniell Hammack,Rocco Neubert,East,GTX Pro,high_ticket_4k_to_10k,4821,,,,,193.0,False,maureen_marcano,Maureen Marcano,Summer Sewald,West,73.54787621751144,0.5000000000000001,specialist_match,"product=GTX Pro (strong_fit, n=30); ticket_band=high_ticket_4k_to_10k (strong_fit, n=62)",63.40213266738296,0.5000000000000001,specialist_match,17.0,True
BJOY31DL,engaging,violet_mclelland,Violet Mclelland,Cara Losch,East,MG Special,low_ticket_under_1k,55,Betasoloin,medical,under_500m,under_500,191.0,True,hayden_neloms,Hayden Neloms,Celia Rouche,West,71.8408126911767,0.671909300059741,possible_specialist,"product=MG Special (possible_fit, n=23); ticket_band=low_ticket_under_1k (possible_fit, n=23); sector=medical (neutral, n=12)",63.65419810509269,0.8741619848709566,possible_specialist,17.0,True
BKI3OLP8,prospecting,marty_freudenburg,Marty Freudenburg,Melvin Marxen,Central,MG Advanced,mid_ticket_1k_to_4k,3393,,,,,,False,hayden_neloms,Hayden Neloms,Celia Rouche,West,74.19302882850188,0.5000000000000001,specialist_match,"product=MG Advanced (strong_fit, n=77); ticket_band=mid_ticket_1k_to_4k (possible_fit, n=119)",60.0456314423343,0.5000000000000001,generalist_match,22.0,True
BKOWQMMV,engaging,moses_frase,Moses Frase,Dustin Brinkmann,Central,GTX Basic,low_ticket_under_1k,550,,,,,165.0,False,hayden_neloms,Hayden Neloms,Celia Rouche,West,70.07479583264518,0.15165750888103105,possible_specialist,"ticket_band=low_ticket_under_1k (possible_fit, n=23)",70.02618636544221,0.5000000000000001,specialist_match,2.0,True
BMH2FEGF,engaging,boris_faz,Boris Faz,Rocco Neubert,East,GTX Plus Basic,mid_ticket_1k_to_4k,1096,,,,,184.0,False,maureen_marcano,Maureen Marcano,Summer Sewald,West,73.48602163110729,0.5000000000000001,specialist_match,"product=GTX Plus Basic (strong_fit, n=70); ticket_band=mid_ticket_1k_to_4k (strong_fit, n=87)",67.08182161983684,0.5000000000000001,possible_specialist,5.0,True
BNY8MJ6L,engaging,kary_hendrixson,Kary Hendrixson,Summer Sewald,West,GTX Basic,low_ticket_under_1k,550,Labdrill,medical,1_5b_to_3b,2k_to_10k,318.0,True,hayden_neloms,Hayden Neloms,Celia Rouche,West,72.05598215497773,0.4930788651183406,specialist_match,"ticket_band=low_ticket_under_1k (possible_fit, n=23); sector=medical (neutral, n=12); revenue_band=1_5b_to_3b (strong_fit, n=54)",63.1587942866617,1.0,specialist_match,19.0,True
BO1ZOZG2,engaging,kary_hendrixson,Kary Hendrixson,Summer Sewald,West,GTX Plus Basic,mid_ticket_1k_to_4k,1096,Ontomedia,employment,500m_to_1_5b,2k_to_10k,217.0,True,maureen_marcano,Maureen Marcano,Summer Sewald,West,74.42790558321582,0.8823915424529561,specialist_match,"product=GTX Plus Basic (strong_fit, n=70); ticket_band=mid_ticket_1k_to_4k (strong_fit, n=87); revenue_band=500m_to_1_5b (neutral, n=30)",60.69816003483197,0.9,generalist_match,22.0,True
BPOTQCFG,engaging,elease_gluck,Elease Gluck,Celia Rouche,West,MG Special,low_ticket_under_1k,55,,,,,271.0,False,hayden_neloms,Hayden Neloms,Celia Rouche,West,71.35150661886287,0.44534101199279935,possible_specialist,"product=MG Special (possible_fit, n=23); ticket_band=low_ticket_under_1k (possible_fit, n=23)",64.05240715549783,0.5000000000000001,specialist_match,14.0,True
BRDB1I76,engaging,gladys_colclough,Gladys Colclough,Melvin Marxen,Central,MG Special,low_ticket_under_1k,55,,,,,158.0,False,hayden_neloms,Hayden Neloms,Celia Rouche,West,71.35150661886287,0.44534101199279935,possible_specialist,"product=MG Special (possible_fit, n=23); ticket_band=low_ticket_under_1k (possible_fit, n=23)",57.11865619131959,0.5000000000000001,generalist_match,26.0,True
BREOLQD9,engaging,boris_faz,Boris Faz,Rocco Neubert,East,MG Advanced,mid_ticket_1k_to_4k,3393,,,,,45.0,False,hayden_neloms,Hayden Neloms,Celia Rouche,West,74.19302882850188,0.5000000000000001,specialist_match,"product=MG Advanced (strong_fit, n=77); ticket_band=mid_ticket_1k_to_4k (possible_fit, n=119)",66.55461435616154,0.46692695630078285,possible_specialist,7.0,True
BRFHWGVC,engaging,kary_hendrixson,Kary Hendrixson,Summer Sewald,West,GTX Plus Basic,mid_ticket_1k_to_4k,1096,,,,,226.0,False,maureen_marcano,Maureen Marcano,Summer Sewald,West,73.48602163110729,0.5000000000000001,specialist_match,"product=GTX Plus Basic (strong_fit, n=70); ticket_band=mid_ticket_1k_to_4k (strong_fit, n=87)",60.872881234592825,0.5000000000000001,generalist_match,23.0,True
BRFZCNMP,engaging,corliss_cosme,Corliss Cosme,Cara Losch,East,GTX Plus Basic,mid_ticket_1k_to_4k,1096,,,,,178.0,False,maureen_marcano,Maureen Marcano,Summer Sewald,West,73.48602163110729,0.5000000000000001,specialist_match,"product=GTX Plus Basic (strong_fit, n=70); ticket_band=mid_ticket_1k_to_4k (strong_fit, n=87)",64.28124545159802,0.5000000000000001,generalist_match,12.0,True
BSKNQJOJ,engaging,darcel_schlecht,Darcel Schlecht,Melvin Marxen,Central,GTX Pro,high_ticket_4k_to_10k,4821,,,,,152.0,False,maureen_marcano,Maureen Marcano,Summer Sewald,West,73.54787621751144,0.5000000000000001,specialist_match,"product=GTX Pro (strong_fit, n=30); ticket_band=high_ticket_4k_to_10k (strong_fit, n=62)",61.87208356326526,0.5000000000000001,generalist_match,22.0,True
BTDY3DHP,prospecting,gladys_colclough,Gladys Colclough,Melvin Marxen,Central,GTX Plus Pro,high_ticket_4k_to_10k,5482,Vehement Capital Partners,finance,500m_to_1_5b,500_to_2k,,True,maureen_marcano,Maureen Marcano,Summer Sewald,West,74.49288074563322,0.8328964982129872,specialist_match,"product=GTX Plus Pro (strong_fit, n=32); ticket_band=high_ticket_4k_to_10k (strong_fit, n=62); revenue_band=500m_to_1_5b (neutral, n=30)",55.65626199613995,0.9,specialist_match,26.0,True
BTH2O9OF,prospecting,marty_freudenburg,Marty Freudenburg,Melvin Marxen,Central,MG Special,low_ticket_under_1k,55,,,,,,False,hayden_neloms,Hayden Neloms,Celia Rouche,West,71.35150661886287,0.44534101199279935,possible_specialist,"product=MG Special (possible_fit, n=23); ticket_band=low_ticket_under_1k (possible_fit, n=23)",64.87581837996572,0.49368350311176834,specialist_match,12.0,True
BTRIUUWG,engaging,rosie_papadopoulos,Rosie Papadopoulos,Cara Losch,East,GTX Basic,low_ticket_under_1k,550,,,,,229.0,False,hayden_neloms,Hayden Neloms,Celia Rouche,West,70.07479583264518,0.15165750888103105,possible_specialist,"ticket_band=low_ticket_under_1k (possible_fit, n=23)",64.24442162309245,0.20000000000000004,low_confidence,16.0,True
BTT6YAVZ,engaging,zane_levy,Zane Levy,Summer Sewald,West,GTX Plus Basic,mid_ticket_1k_to_4k,1096,Green-Plus,services,500m_to_1_5b,500_to_2k,364.0,True,maureen_marcano,Maureen Marcano,Summer Sewald,West,74.78206895073137,0.87162939659906,specialist_match,"product=GTX Plus Basic (strong_fit, n=70); ticket_band=mid_ticket_1k_to_4k (strong_fit, n=87); sector=services (possible_fit, n=22)",62.472067307910194,0.975,specialist_match,17.0,True
BTUG5VDL,engaging,corliss_cosme,Corliss Cosme,Cara Losch,East,GTX Pro,high_ticket_4k_to_10k,4821,Inity,marketing,1_5b_to_3b,2k_to_10k,350.0,True,maureen_marcano,Maureen Marcano,Summer Sewald,West,75.21634446536795,0.7000000000000001,specialist_match,"product=GTX Pro (strong_fit, n=30); ticket_band=high_ticket_4k_to_10k (strong_fit, n=62); revenue_band=1_5b_to_3b (strong_fit, n=65)",67.66045160498993,0.8414213562373096,specialist_match,4.0,True
BUOI3TBI,prospecting,gladys_colclough,Gladys Colclough,Melvin Marxen,Central,MG Special,low_ticket_under_1k,55,Rundofase,technology,500m_to_1_5b,500_to_2k,,True,hayden_neloms,Hayden Neloms,Celia Rouche,West,72.16630125047749,0.772730159844733,possible_specialist,"product=MG Special (possible_fit, n=23); ticket_band=low_ticket_under_1k (possible_fit, n=23); sector=technology (neutral, n=14)",52.71590703688643,0.9707106781186547,generalist_match,27.0,True
BV75OM0B,prospecting,darcel_schlecht,Darcel Schlecht,Melvin Marxen,Central,GTX Pro,high_ticket_4k_to_10k,4821,Rundofase,technology,500m_to_1_5b,500_to_2k,,True,maureen_marcano,Maureen Marcano,Summer Sewald,West,73.57893372142036,0.8580952792483143,specialist_match,"product=GTX Pro (strong_fit, n=30); ticket_band=high_ticket_4k_to_10k (strong_fit, n=62); revenue_band=500m_to_1_5b (neutral, n=30)",61.95171943091581,1.0,possible_specialist,22.0,True
BVRUBA3A,prospecting,marty_freudenburg,Marty Freudenburg,Melvin Marxen,Central,GTX Plus Pro,high_ticket_4k_to_10k,5482,,,,,,False,maureen_marcano,Maureen Marcano,Summer Sewald,West,74.25820338006682,0.5000000000000001,specialist_match,"product=GTX Plus Pro (strong_fit, n=32); ticket_band=high_ticket_4k_to_10k (strong_fit, n=62)",64.83792882392267,0.5000000000000001,specialist_match,10.0,True
BW0NOLCK,prospecting,marty_freudenburg,Marty Freudenburg,Melvin Marxen,Central,GTX Basic,low_ticket_under_1k,550,,,,,,False,hayden_neloms,Hayden Neloms,Celia Rouche,West,70.07479583264518,0.15165750888103105,possible_specialist,"ticket_band=low_ticket_under_1k (possible_fit, n=23)",63.85390031863743,0.5000000000000001,specialist_match,17.0,True
BXK5HGEY,engaging,vicki_laflamme,Vicki Laflamme,Celia Rouche,West,MG Special,low_ticket_under_1k,55,,,,,278.0,False,hayden_neloms,Hayden Neloms,Celia Rouche,West,71.35150661886287,0.44534101199279935,possible_specialist,"product=MG Special (possible_fit, n=23); ticket_band=low_ticket_under_1k (possible_fit, n=23)",63.64770011642242,0.5000000000000001,generalist_match,15.0,True
BY2L60V1,engaging,zane_levy,Zane Levy,Summer Sewald,West,MG Special,low_ticket_under_1k,55,,,,,295.0,False,hayden_neloms,Hayden Neloms,Celia Rouche,West,71.35150661886287,0.44534101199279935,possible_specialist,"product=MG Special (possible_fit, n=23); ticket_band=low_ticket_under_1k (possible_fit, n=23)",59.10549241589169,0.4738612787525831,generalist_match,24.0,True
BYF6ABTZ,engaging,kary_hendrixson,Kary Hendrixson,Summer Sewald,West,GTX Plus Pro,high_ticket_4k_to_10k,5482,Opentech,finance,under_500m,500_to_2k,257.0,True,maureen_marcano,Maureen Marcano,Summer Sewald,West,74.41360390160001,0.8462939578345433,specialist_match,"product=GTX Plus Pro (strong_fit, n=32); ticket_band=high_ticket_4k_to_10k (strong_fit, n=62); revenue_band=under_500m (neutral, n=48)",63.59446945445353,0.8825741858350554,specialist_match,17.0,True
BZ96Z7AI,prospecting,marty_freudenburg,Marty Freudenburg,Melvin Marxen,Central,GTX Plus Basic,mid_ticket_1k_to_4k,1096,,,,,,False,maureen_marcano,Maureen Marcano,Summer Sewald,West,73.48602163110729,0.5000000000000001,specialist_match,"product=GTX Plus Basic (strong_fit, n=70); ticket_band=mid_ticket_1k_to_4k (strong_fit, n=87)",62.274902896741885,0.5000000000000001,generalist_match,18.0,True
BZGJ44FH,engaging,kami_bicknell,Kami Bicknell,Summer Sewald,West,GTX Pro,high_ticket_4k_to_10k,4821,,,,,73.0,False,maureen_marcano,Maureen Marcano,Summer Sewald,West,73.54787621751144,0.5000000000000001,specialist_match,"product=GTX Pro (strong_fit, n=30); ticket_band=high_ticket_4k_to_10k (strong_fit, n=62)",62.17486893491999,0.5000000000000001,generalist_match,21.0,True
C2FSIMZP,engaging,corliss_cosme,Corliss Cosme,Cara Losch,East,GTX Pro,high_ticket_4k_to_10k,4821,,,,,54.0,False,maureen_marcano,Maureen Marcano,Summer Sewald,West,73.54787621751144,0.5000000000000001,specialist_match,"product=GTX Pro (strong_fit, n=30); ticket_band=high_ticket_4k_to_10k (strong_fit, n=62)",67.32881200685368,0.5000000000000001,specialist_match,5.0,True
C32E4E1D,engaging,kami_bicknell,Kami Bicknell,Summer Sewald,West,MG Special,low_ticket_under_1k,55,,,,,255.0,False,hayden_neloms,Hayden Neloms,Celia Rouche,West,71.35150661886287,0.44534101199279935,possible_specialist,"product=MG Special (possible_fit, n=23); ticket_band=low_ticket_under_1k (possible_fit, n=23)",66.08819773436619,0.5000000000000001,specialist_match,7.0,True
C51GWGUE,engaging,daniell_hammack,Daniell Hammack,Rocco Neubert,East,GTX Plus Basic,mid_ticket_1k_to_4k,1096,,,,,93.0,False,maureen_marcano,Maureen Marcano,Summer Sewald,West,73.48602163110729,0.5000000000000001,specialist_match,"product=GTX Plus Basic (strong_fit, n=70); ticket_band=mid_ticket_1k_to_4k (strong_fit, n=87)",59.095704895820504,0.5000000000000001,generalist_match,24.0,True
C54CWZIT,prospecting,jonathan_berthelot,Jonathan Berthelot,Melvin Marxen,Central,GTX Basic,low_ticket_under_1k,550,Zencorporation,technology,under_500m,under_500,,True,moses_frase,Moses Frase,Dustin Brinkmann,Central,70.61313905364558,0.7948683298050515,specialist_match,"product=GTX Basic (strong_fit, n=59); ticket_band=low_ticket_under_1k (strong_fit, n=105); sector=technology (possible_fit, n=32)",66.79530989134004,0.8,specialist_match,8.0,True
C5B5WBY9,prospecting,versie_hillebrand,Versie Hillebrand,Dustin Brinkmann,Central,GTX Plus Basic,mid_ticket_1k_to_4k,1096,Sumace,retail,under_500m,under_500,,True,maureen_marcano,Maureen Marcano,Summer Sewald,West,75.46238153784608,0.8836660026534077,specialist_match,"product=GTX Plus Basic (strong_fit, n=70); ticket_band=mid_ticket_1k_to_4k (strong_fit, n=87); sector=retail (strong_fit, n=39)",66.50652502624779,0.5774596669241484,specialist_match,8.0,True
C6TQMD3C,engaging,vicki_laflamme,Vicki Laflamme,Celia Rouche,West,GTX Plus Pro,high_ticket_4k_to_10k,5482,,,,,207.0,False,maureen_marcano,Maureen Marcano,Summer Sewald,West,74.25820338006682,0.5000000000000001,specialist_match,"product=GTX Plus Pro (strong_fit, n=32); ticket_band=high_ticket_4k_to_10k (strong_fit, n=62)",63.064656958982155,0.5000000000000001,generalist_match,18.0,True
C7ODMOS2,engaging,zane_levy,Zane Levy,Summer Sewald,West,MG Advanced,mid_ticket_1k_to_4k,3393,,,,,201.0,False,hayden_neloms,Hayden Neloms,Celia Rouche,West,74.19302882850188,0.5000000000000001,specialist_match,"product=MG Advanced (strong_fit, n=77); ticket_band=mid_ticket_1k_to_4k (possible_fit, n=119)",60.98204191863348,0.45980762113533163,generalist_match,21.0,True
C8TV7R8A,engaging,kary_hendrixson,Kary Hendrixson,Summer Sewald,West,GTX Pro,high_ticket_4k_to_10k,4821,,,,,370.0,False,maureen_marcano,Maureen Marcano,Summer Sewald,West,73.54787621751144,0.5000000000000001,specialist_match,"product=GTX Pro (strong_fit, n=30); ticket_band=high_ticket_4k_to_10k (strong_fit, n=62)",62.91009537954826,0.5000000000000001,generalist_match,19.0,True
C9330YF1,engaging,markita_hansen,Markita Hansen,Celia Rouche,West,GTX Basic,low_ticket_under_1k,550,Blackzim,retail,under_500m,500_to_2k,258.0,True,moses_frase,Moses Frase,Dustin Brinkmann,Central,71.86937053751002,0.8948683298050515,specialist_match,"product=GTX Basic (strong_fit, n=59); ticket_band=low_ticket_under_1k (strong_fit, n=105); sector=retail (strong_fit, n=27)",54.718659232857725,0.9707106781186547,specialist_match,27.0,True
CAONNFXN,prospecting,darcel_schlecht,Darcel Schlecht,Melvin Marxen,Central,GTX Basic,low_ticket_under_1k,550,Kinnamplus,retail,500m_to_1_5b,500_to_2k,,True,moses_frase,Moses Frase,Dustin Brinkmann,Central,72.52533478687853,0.9,specialist_match,"product=GTX Basic (strong_fit, n=59); ticket_band=low_ticket_under_1k (strong_fit, n=105); sector=retail (strong_fit, n=27)",65.18575804811327,0.9,possible_specialist,15.0,True
CBQRKYZP,engaging,marty_freudenburg,Marty Freudenburg,Melvin Marxen,Central,GTX Plus Pro,high_ticket_4k_to_10k,5482,Silis,medical,1_5b_to_3b,2k_to_10k,163.0,True,maureen_marcano,Maureen Marcano,Summer Sewald,West,77.2046855399089,0.8779513042005219,specialist_match,"product=GTX Plus Pro (strong_fit, n=32); ticket_band=high_ticket_4k_to_10k (strong_fit, n=62); sector=medical (strong_fit, n=19)",65.65588737090636,0.9,specialist_match,8.0,True
CC70D9SD,prospecting,marty_freudenburg,Marty Freudenburg,Melvin Marxen,Central,GTX Plus Pro,high_ticket_4k_to_10k,5482,,,,,,False,maureen_marcano,Maureen Marcano,Summer Sewald,West,74.25820338006682,0.5000000000000001,specialist_match,"product=GTX Plus Pro (strong_fit, n=32); ticket_band=high_ticket_4k_to_10k (strong_fit, n=62)",64.83792882392267,0.5000000000000001,specialist_match,10.0,True
CCLIVXMG,engaging,elease_gluck,Elease Gluck,Celia Rouche,West,GTX Pro,high_ticket_4k_to_10k,4821,,,,,165.0,False,maureen_marcano,Maureen Marcano,Summer Sewald,West,73.54787621751144,0.5000000000000001,specialist_match,"product=GTX Pro (strong_fit, n=30); ticket_band=high_ticket_4k_to_10k (strong_fit, n=62)",63.43543909820883,0.0,low_confidence,16.0,True
CDVDL9I5,engaging,jonathan_berthelot,Jonathan Berthelot,Melvin Marxen,Central,GTX Plus Basic,mid_ticket_1k_to_4k,1096,,,,,164.0,False,maureen_marcano,Maureen Marcano,Summer Sewald,West,73.48602163110729,0.5000000000000001,specialist_match,"product=GTX Plus Basic (strong_fit, n=70); ticket_band=mid_ticket_1k_to_4k (strong_fit, n=87)",64.58087656615885,0.5000000000000001,generalist_match,11.0,True
CEEJ2EN5,engaging,violet_mclelland,Violet Mclelland,Cara Losch,East,GTX Plus Basic,mid_ticket_1k_to_4k,1096,,,,,250.0,False,maureen_marcano,Maureen Marcano,Summer Sewald,West,73.48602163110729,0.5000000000000001,specialist_match,"product=GTX Plus Basic (strong_fit, n=70); ticket_band=mid_ticket_1k_to_4k (strong_fit, n=87)",63.10380233377306,0.452487623459052,generalist_match,16.0,True
CENVLTFH,engaging,corliss_cosme,Corliss Cosme,Cara Losch,East,GTX Plus Basic,mid_ticket_1k_to_4k,1096,Toughzap,retail,under_500m,500_to_2k,337.0,True,maureen_marcano,Maureen Marcano,Summer Sewald,West,75.55177288718147,0.8935414346693485,specialist_match,"product=GTX Plus Basic (strong_fit, n=70); ticket_band=mid_ticket_1k_to_4k (strong_fit, n=87); sector=retail (strong_fit, n=39)",65.05733751728366,0.8921954445729289,specialist_match,12.0,True
CFI2GXN1,engaging,boris_faz,Boris Faz,Rocco Neubert,East,GTX Pro,high_ticket_4k_to_10k,4821,,,,,177.0,False,maureen_marcano,Maureen Marcano,Summer Sewald,West,73.54787621751144,0.5000000000000001,specialist_match,"product=GTX Pro (strong_fit, n=30); ticket_band=high_ticket_4k_to_10k (strong_fit, n=62)",67.53559743155327,0.49368350311176834,specialist_match,4.0,True
CFKXEPFN,engaging,anna_snelling,Anna Snelling,Dustin Brinkmann,Central,GTX Plus Basic,mid_ticket_1k_to_4k,1096,,,,,152.0,False,maureen_marcano,Maureen Marcano,Summer Sewald,West,73.48602163110729,0.5000000000000001,specialist_match,"product=GTX Plus Basic (strong_fit, n=70); ticket_band=mid_ticket_1k_to_4k (strong_fit, n=87)",58.15596045690537,0.5000000000000001,generalist_match,26.0,True
CG9VXPV1,engaging,zane_levy,Zane Levy,Summer Sewald,West,GTX Basic,low_ticket_under_1k,550,,,,,315.0,False,hayden_neloms,Hayden Neloms,Celia Rouche,West,70.07479583264518,0.15165750888103105,possible_specialist,"ticket_band=low_ticket_under_1k (possible_fit, n=23)",60.2374782161471,0.5000000000000001,generalist_match,23.0,True
CGFLLZZI,engaging,kary_hendrixson,Kary Hendrixson,Summer Sewald,West,MG Special,low_ticket_under_1k,55,,,,,159.0,False,hayden_neloms,Hayden Neloms,Celia Rouche,West,71.35150661886287,0.44534101199279935,possible_specialist,"product=MG Special (possible_fit, n=23); ticket_band=low_ticket_under_1k (possible_fit, n=23)",62.496359560447154,0.5000000000000001,generalist_match,20.0,True
CGJ7NRZH,engaging,violet_mclelland,Violet Mclelland,Cara Losch,East,MG Special,low_ticket_under_1k,55,,,,,322.0,False,hayden_neloms,Hayden Neloms,Celia Rouche,West,71.35150661886287,0.44534101199279935,possible_specialist,"product=MG Special (possible_fit, n=23); ticket_band=low_ticket_under_1k (possible_fit, n=23)",63.49645821399774,0.5000000000000001,generalist_match,18.0,True
CGRMC7OE,prospecting,jonathan_berthelot,Jonathan Berthelot,Melvin Marxen,Central,MG Advanced,mid_ticket_1k_to_4k,3393,,,,,,False,hayden_neloms,Hayden Neloms,Celia Rouche,West,74.19302882850188,0.5000000000000001,specialist_match,"product=MG Advanced (strong_fit, n=77); ticket_band=mid_ticket_1k_to_4k (possible_fit, n=119)",63.286648503471085,0.45980762113533163,generalist_match,14.0,True
CGWJ1WHI,engaging,wilburn_farren,Wilburn Farren,Cara Losch,East,MG Special,low_ticket_under_1k,55,,,,,361.0,False,hayden_neloms,Hayden Neloms,Celia Rouche,West,71.35150661886287,0.44534101199279935,possible_specialist,"product=MG Special (possible_fit, n=23); ticket_band=low_ticket_under_1k (possible_fit, n=23)",,,not_candidate,,True
CI9S6CST,engaging,rosalina_dieter,Rosalina Dieter,Celia Rouche,West,MG Special,low_ticket_under_1k,55,,,,,169.0,False,hayden_neloms,Hayden Neloms,Celia Rouche,West,71.35150661886287,0.44534101199279935,possible_specialist,"product=MG Special (possible_fit, n=23); ticket_band=low_ticket_under_1k (possible_fit, n=23)",62.919303058283,0.5000000000000001,generalist_match,19.0,True
CJ2ON1LV,engaging,corliss_cosme,Corliss Cosme,Cara Losch,East,GTX Pro,high_ticket_4k_to_10k,4821,Nam-zim,services,under_500m,500_to_2k,354.0,True,maureen_marcano,Maureen Marcano,Summer Sewald,West,74.76464669310232,0.8850268562206162,specialist_match,"product=GTX Pro (strong_fit, n=30); ticket_band=high_ticket_4k_to_10k (strong_fit, n=62); sector=services (possible_fit, n=22)",68.72519538343836,0.6921954445729289,specialist_match,3.0,True
CLPDG9BG,prospecting,moses_frase,Moses Frase,Dustin Brinkmann,Central,MG Special,low_ticket_under_1k,55,Yearin,retail,1_5b_to_3b,2k_to_10k,,True,hayden_neloms,Hayden Neloms,Celia Rouche,West,73.8320790558876,0.8453410119927994,specialist_match,"product=MG Special (possible_fit, n=23); ticket_band=low_ticket_under_1k (possible_fit, n=23); sector=retail (possible_fit, n=36)",66.13542460757793,0.9,specialist_match,7.0,True
CLRPASVW,engaging,kami_bicknell,Kami Bicknell,Summer Sewald,West,GTX Basic,low_ticket_under_1k,550,Cancity,retail,500m_to_1_5b,2k_to_10k,145.0,True,hayden_neloms,Hayden Neloms,Celia Rouche,West,72.16197157544767,0.5396915931893262,specialist_match,"ticket_band=low_ticket_under_1k (possible_fit, n=23); sector=retail (possible_fit, n=36); revenue_band=500m_to_1_5b (neutral, n=31)",65.08283138400544,0.9,possible_specialist,15.0,True
CMKXOOJQ,engaging,corliss_cosme,Corliss Cosme,Cara Losch,East,GTX Basic,low_ticket_under_1k,550,,,,,310.0,False,hayden_neloms,Hayden Neloms,Celia Rouche,West,70.07479583264518,0.15165750888103105,possible_specialist,"ticket_band=low_ticket_under_1k (possible_fit, n=23)",66.30377602466332,0.5000000000000001,possible_specialist,6.0,True
CMS1HUGL,engaging,cassey_cress,Cassey Cress,Rocco Neubert,East,MG Advanced,mid_ticket_1k_to_4k,3393,,,,,281.0,False,hayden_neloms,Hayden Neloms,Celia Rouche,West,74.19302882850188,0.5000000000000001,specialist_match,"product=MG Advanced (strong_fit, n=77); ticket_band=mid_ticket_1k_to_4k (possible_fit, n=119)",62.27804922349695,0.5000000000000001,generalist_match,17.0,True
CMW6IQJI,engaging,niesha_huffines,Niesha Huffines,Melvin Marxen,Central,MG Advanced,mid_ticket_1k_to_4k,3393,Faxquote,telecommunications,1_5b_to_3b,2k_to_10k,159.0,True,hayden_neloms,Hayden Neloms,Celia Rouche,West,75.83948919938175,0.8581138830084191,specialist_match,"product=MG Advanced (strong_fit, n=77); ticket_band=mid_ticket_1k_to_4k (possible_fit, n=119); sector=telecommunications (neutral, n=15)",62.065763519936986,0.8157869396445973,specialist_match,20.0,True
CN8X0DLA,engaging,daniell_hammack,Daniell Hammack,Rocco Neubert,East,GTX Plus Basic,mid_ticket_1k_to_4k,1096,Stanredtax,finance,1_5b_to_3b,2k_to_10k,129.0,True,maureen_marcano,Maureen Marcano,Summer Sewald,West,74.93341499288375,0.8527525231651948,specialist_match,"product=GTX Plus Basic (strong_fit, n=70); ticket_band=mid_ticket_1k_to_4k (strong_fit, n=87); revenue_band=1_5b_to_3b (strong_fit, n=65)",59.08785659242765,0.8308620170922052,possible_specialist,24.0,True
CNM0H9FR,engaging,zane_levy,Zane Levy,Summer Sewald,West,GTX Basic,low_ticket_under_1k,550,,,,,394.0,False,hayden_neloms,Hayden Neloms,Celia Rouche,West,70.07479583264518,0.15165750888103105,possible_specialist,"ticket_band=low_ticket_under_1k (possible_fit, n=23)",60.2374782161471,0.5000000000000001,generalist_match,23.0,True
COGXUYLL,prospecting,marty_freudenburg,Marty Freudenburg,Melvin Marxen,Central,MG Special,low_ticket_under_1k,55,Doncon,technology,500m_to_1_5b,500_to_2k,,True,hayden_neloms,Hayden Neloms,Celia Rouche,West,72.16630125047749,0.772730159844733,possible_specialist,"product=MG Special (possible_fit, n=23); ticket_band=low_ticket_under_1k (possible_fit, n=23); sector=technology (neutral, n=14)",63.59846901686903,0.8936835031117684,specialist_match,15.0,True
COM9RNBL,engaging,markita_hansen,Markita Hansen,Celia Rouche,West,MG Special,low_ticket_under_1k,55,,,,,261.0,False,hayden_neloms,Hayden Neloms,Celia Rouche,West,71.35150661886287,0.44534101199279935,possible_specialist,"product=MG Special (possible_fit, n=23); ticket_band=low_ticket_under_1k (possible_fit, n=23)",53.93836042838683,0.5000000000000001,generalist_match,28.0,True
COSC7XVA,engaging,gladys_colclough,Gladys Colclough,Melvin Marxen,Central,MG Advanced,mid_ticket_1k_to_4k,3393,,,,,163.0,False,hayden_neloms,Hayden Neloms,Celia Rouche,West,74.19302882850188,0.5000000000000001,specialist_match,"product=MG Advanced (strong_fit, n=77); ticket_band=mid_ticket_1k_to_4k (possible_fit, n=119)",59.21581989401588,0.5000000000000001,possible_specialist,24.0,True
CPEYUW7V,prospecting,darcel_schlecht,Darcel Schlecht,Melvin Marxen,Central,GTX Basic,low_ticket_under_1k,550,,,,,,False,hayden_neloms,Hayden Neloms,Celia Rouche,West,70.07479583264518,0.15165750888103105,possible_specialist,"ticket_band=low_ticket_under_1k (possible_fit, n=23)",64.35527881140102,0.5000000000000001,possible_specialist,15.0,True
CPOA6FVA,engaging,lajuana_vencill,Lajuana Vencill,Dustin Brinkmann,Central,GTX Basic,low_ticket_under_1k,550,,,,,149.0,False,hayden_neloms,Hayden Neloms,Celia Rouche,West,70.07479583264518,0.15165750888103105,possible_specialist,"ticket_band=low_ticket_under_1k (possible_fit, n=23)",52.685793792795806,0.5000000000000001,generalist_match,29.0,True
CQYAMIQ3,engaging,zane_levy,Zane Levy,Summer Sewald,West,GTX Pro,high_ticket_4k_to_10k,4821,,,,,175.0,False,maureen_marcano,Maureen Marcano,Summer Sewald,West,73.54787621751144,0.5000000000000001,specialist_match,"product=GTX Pro (strong_fit, n=30); ticket_band=high_ticket_4k_to_10k (strong_fit, n=62)",62.897587492789604,0.5000000000000001,possible_specialist,20.0,True
CR6ZLEWC,engaging,kary_hendrixson,Kary Hendrixson,Summer Sewald,West,GTX Plus Pro,high_ticket_4k_to_10k,5482,,,,,282.0,False,maureen_marcano,Maureen Marcano,Summer Sewald,West,74.25820338006682,0.5000000000000001,specialist_match,"product=GTX Plus Pro (strong_fit, n=32); ticket_band=high_ticket_4k_to_10k (strong_fit, n=62)",62.634701152531576,0.5000000000000001,generalist_match,19.0,True
CT3HBBI2,engaging,elease_gluck,Elease Gluck,Celia Rouche,West,MG Special,low_ticket_under_1k,55,Mathtouch,marketing,over_3b,2k_to_10k,350.0,True,hayden_neloms,Hayden Neloms,Celia Rouche,West,72.61192567773001,0.642808955440889,specialist_match,"product=MG Special (possible_fit, n=23); ticket_band=low_ticket_under_1k (possible_fit, n=23); revenue_band=over_3b (possible_fit, n=38)",63.93076781015876,0.6908295106229249,specialist_match,14.0,True
CTWSDG4U,engaging,corliss_cosme,Corliss Cosme,Cara Losch,East,GTX Basic,low_ticket_under_1k,550,,,,,256.0,False,hayden_neloms,Hayden Neloms,Celia Rouche,West,70.07479583264518,0.15165750888103105,possible_specialist,"ticket_band=low_ticket_under_1k (possible_fit, n=23)",66.30377602466332,0.5000000000000001,possible_specialist,6.0,True
CUSWE9PB,engaging,darcel_schlecht,Darcel Schlecht,Melvin Marxen,Central,GTX Pro,high_ticket_4k_to_10k,4821,,,,,159.0,False,maureen_marcano,Maureen Marcano,Summer Sewald,West,73.54787621751144,0.5000000000000001,specialist_match,"product=GTX Pro (strong_fit, n=30); ticket_band=high_ticket_4k_to_10k (strong_fit, n=62)",61.87208356326526,0.5000000000000001,generalist_match,22.0,True
CUV49MUR,engaging,violet_mclelland,Violet Mclelland,Cara Losch,East,GTX Pro,high_ticket_4k_to_10k,4821,Zathunicon,retail,under_500m,under_500,212.0,True,maureen_marcano,Maureen Marcano,Summer Sewald,West,75.52423612425024,0.8836660026534077,specialist_match,"product=GTX Pro (strong_fit, n=30); ticket_band=high_ticket_4k_to_10k (strong_fit, n=62); sector=retail (strong_fit, n=39)",62.54631550392452,0.37416198487095675,generalist_match,18.0,True
CUZDYOOO,engaging,darcel_schlecht,Darcel Schlecht,Melvin Marxen,Central,GTX Basic,low_ticket_under_1k,550,,,,,154.0,False,hayden_neloms,Hayden Neloms,Celia Rouche,West,70.07479583264518,0.15165750888103105,possible_specialist,"ticket_band=low_ticket_under_1k (possible_fit, n=23)",64.35527881140102,0.5000000000000001,possible_specialist,15.0,True
CVFUMOK9,engaging,corliss_cosme,Corliss Cosme,Cara Losch,East,GTX Plus Pro,high_ticket_4k_to_10k,5482,Rangreen,technology,1_5b_to_3b,2k_to_10k,263.0,True,maureen_marcano,Maureen Marcano,Summer Sewald,West,75.5019768801858,0.8779513042005219,specialist_match,"product=GTX Plus Pro (strong_fit, n=32); ticket_band=high_ticket_4k_to_10k (strong_fit, n=62); revenue_band=1_5b_to_3b (strong_fit, n=65)",69.976383559131,0.9,specialist_match,3.0,True
CVMNBKGH,prospecting,darcel_schlecht,Darcel Schlecht,Melvin Marxen,Central,GTX Plus Pro,high_ticket_4k_to_10k,5482,Hatfan,services,500m_to_1_5b,500_to_2k,,True,maureen_marcano,Maureen Marcano,Summer Sewald,West,75.5542506996909,0.87162939659906,specialist_match,"product=GTX Plus Pro (strong_fit, n=32); ticket_band=high_ticket_4k_to_10k (strong_fit, n=62); sector=services (possible_fit, n=22)",65.60874690210748,0.9,specialist_match,9.0,True
CWXHKUV5,engaging,versie_hillebrand,Versie Hillebrand,Dustin Brinkmann,Central,MG Special,low_ticket_under_1k,55,,,,,151.0,False,hayden_neloms,Hayden Neloms,Celia Rouche,West,71.35150661886287,0.44534101199279935,possible_specialist,"product=MG Special (possible_fit, n=23); ticket_band=low_ticket_under_1k (possible_fit, n=23)",68.31320841592525,0.5000000000000001,possible_specialist,3.0,True
CX0SXNCN,engaging,corliss_cosme,Corliss Cosme,Cara Losch,East,GTX Basic,low_ticket_under_1k,550,Treequote,telecommunications,over_3b,2k_to_10k,224.0,True,hayden_neloms,Hayden Neloms,Celia Rouche,West,71.58226783371298,0.5072393353375397,specialist_match,"ticket_band=low_ticket_under_1k (possible_fit, n=23); sector=telecommunications (neutral, n=15); revenue_band=over_3b (possible_fit, n=38)",66.45044264906547,0.7000000000000001,possible_specialist,8.0,True
CX4ZLSDW,engaging,wilburn_farren,Wilburn Farren,Cara Losch,East,MG Special,low_ticket_under_1k,55,,,,,227.0,False,hayden_neloms,Hayden Neloms,Celia Rouche,West,71.35150661886287,0.44534101199279935,possible_specialist,"product=MG Special (possible_fit, n=23); ticket_band=low_ticket_under_1k (possible_fit, n=23)",,,not_candidate,,True
CY7C3ZPJ,engaging,markita_hansen,Markita Hansen,Celia Rouche,West,MG Advanced,mid_ticket_1k_to_4k,3393,,,,,252.0,False,hayden_neloms,Hayden Neloms,Celia Rouche,West,74.19302882850188,0.5000000000000001,specialist_match,"product=MG Advanced (strong_fit, n=77); ticket_band=mid_ticket_1k_to_4k (possible_fit, n=119)",57.37171850419942,0.5000000000000001,generalist_match,27.0,True
CYB0NUCJ,engaging,cassey_cress,Cassey Cress,Rocco Neubert,East,MG Special,low_ticket_under_1k,55,,,,,222.0,False,hayden_neloms,Hayden Neloms,Celia Rouche,West,71.35150661886287,0.44534101199279935,possible_specialist,"product=MG Special (possible_fit, n=23); ticket_band=low_ticket_under_1k (possible_fit, n=23)",62.289546863103894,0.4371708245126285,generalist_match,21.0,True
CYV6MJL9,engaging,hayden_neloms,Hayden Neloms,Celia Rouche,West,MG Advanced,mid_ticket_1k_to_4k,3393,,,,,139.0,False,hayden_neloms,Hayden Neloms,Celia Rouche,West,74.19302882850188,0.5000000000000001,specialist_match,"product=MG Advanced (strong_fit, n=77); ticket_band=mid_ticket_1k_to_4k (possible_fit, n=119)",74.19302882850188,0.5000000000000001,specialist_match,1.0,False
CYWZJ2AI,engaging,kary_hendrixson,Kary Hendrixson,Summer Sewald,West,GTX Plus Basic,mid_ticket_1k_to_4k,1096,Donquadtech,technology,1_5b_to_3b,2k_to_10k,314.0,True,maureen_marcano,Maureen Marcano,Summer Sewald,West,74.72979513122627,0.8779513042005219,specialist_match,"product=GTX Plus Basic (strong_fit, n=70); ticket_band=mid_ticket_1k_to_4k (strong_fit, n=87); revenue_band=1_5b_to_3b (strong_fit, n=65)",59.29802294725261,0.9,generalist_match,24.0,True
CZ8PPZTC,engaging,rosie_papadopoulos,Rosie Papadopoulos,Cara Losch,East,MG Special,low_ticket_under_1k,55,Bioplex,medical,under_500m,500_to_2k,301.0,True,hayden_neloms,Hayden Neloms,Celia Rouche,West,71.90765687671284,0.7585118404381849,possible_specialist,"product=MG Special (possible_fit, n=23); ticket_band=low_ticket_under_1k (possible_fit, n=23); sector=medical (neutral, n=12)",64.14802086137794,0.8148645148652051,possible_specialist,15.0,True
D00AN5HY,prospecting,jonathan_berthelot,Jonathan Berthelot,Melvin Marxen,Central,GTX Basic,low_ticket_under_1k,550,,,,,,False,hayden_neloms,Hayden Neloms,Celia Rouche,West,70.07479583264518,0.15165750888103105,possible_specialist,"ticket_band=low_ticket_under_1k (possible_fit, n=23)",65.41096422849174,0.5000000000000001,possible_specialist,10.0,True
D00KRY2S,prospecting,marty_freudenburg,Marty Freudenburg,Melvin Marxen,Central,GTX Basic,low_ticket_under_1k,550,,,,,,False,hayden_neloms,Hayden Neloms,Celia Rouche,West,70.07479583264518,0.15165750888103105,possible_specialist,"ticket_band=low_ticket_under_1k (possible_fit, n=23)",63.85390031863743,0.5000000000000001,specialist_match,17.0,True
D01U08PR,prospecting,darcel_schlecht,Darcel Schlecht,Melvin Marxen,Central,GTX Pro,high_ticket_4k_to_10k,4821,Zumgoity,medical,under_500m,500_to_2k,,True,maureen_marcano,Maureen Marcano,Summer Sewald,West,75.20236553711025,0.8714927388698704,specialist_match,"product=GTX Pro (strong_fit, n=30); ticket_band=high_ticket_4k_to_10k (strong_fit, n=62); sector=medical (strong_fit, n=19)",60.947606284223255,0.9707106781186547,generalist_match,23.0,True
D17T8PTH,engaging,vicki_laflamme,Vicki Laflamme,Celia Rouche,West,GTX Basic,low_ticket_under_1k,550,,,,,206.0,False,hayden_neloms,Hayden Neloms,Celia Rouche,West,70.07479583264518,0.15165750888103105,possible_specialist,"ticket_band=low_ticket_under_1k (possible_fit, n=23)",64.7618338807733,0.5000000000000001,possible_specialist,13.0,True
D193SPY4,engaging,violet_mclelland,Violet Mclelland,Cara Losch,East,MG Special,low_ticket_under_1k,55,Plussunin,retail,500m_to_1_5b,2k_to_10k,176.0,True,hayden_neloms,Hayden Neloms,Celia Rouche,West,73.43868236166536,0.8333750963010945,specialist_match,"product=MG Special (possible_fit, n=23); ticket_band=low_ticket_under_1k (possible_fit, n=23); sector=retail (possible_fit, n=36)",62.8588146094247,0.9,generalist_match,20.0,True
D2QPN9LN,engaging,lajuana_vencill,Lajuana Vencill,Dustin Brinkmann,Central,GTX Basic,low_ticket_under_1k,550,,,,,161.0,False,hayden_neloms,Hayden Neloms,Celia Rouche,West,70.07479583264518,0.15165750888103105,possible_specialist,"ticket_band=low_ticket_under_1k (possible_fit, n=23)",52.685793792795806,0.5000000000000001,generalist_match,29.0,True
D382N39B,prospecting,anna_snelling,Anna Snelling,Dustin Brinkmann,Central,MG Advanced,mid_ticket_1k_to_4k,3393,,,,,,False,hayden_neloms,Hayden Neloms,Celia Rouche,West,74.19302882850188,0.5000000000000001,specialist_match,"product=MG Advanced (strong_fit, n=77); ticket_band=mid_ticket_1k_to_4k (possible_fit, n=119)",57.502548739829464,0.5000000000000001,generalist_match,26.0,True
D3ZC338T,engaging,zane_levy,Zane Levy,Summer Sewald,West,GTX Basic,low_ticket_under_1k,550,,,,,304.0,False,hayden_neloms,Hayden Neloms,Celia Rouche,West,70.07479583264518,0.15165750888103105,possible_specialist,"ticket_band=low_ticket_under_1k (possible_fit, n=23)",60.2374782161471,0.5000000000000001,generalist_match,23.0,True
D3ZJX20X,prospecting,anna_snelling,Anna Snelling,Dustin Brinkmann,Central,MG Special,low_ticket_under_1k,55,,,,,,False,hayden_neloms,Hayden Neloms,Celia Rouche,West,71.35150661886287,0.44534101199279935,possible_specialist,"product=MG Special (possible_fit, n=23); ticket_band=low_ticket_under_1k (possible_fit, n=23)",64.31764459641298,0.5000000000000001,specialist_match,13.0,True
D45LXDPW,prospecting,niesha_huffines,Niesha Huffines,Melvin Marxen,Central,GTX Plus Basic,mid_ticket_1k_to_4k,1096,,,,,,False,maureen_marcano,Maureen Marcano,Summer Sewald,West,73.48602163110729,0.5000000000000001,specialist_match,"product=GTX Plus Basic (strong_fit, n=70); ticket_band=mid_ticket_1k_to_4k (strong_fit, n=87)",61.680580134823494,0.5000000000000001,specialist_match,20.0,True
D55HTKRU,engaging,kary_hendrixson,Kary Hendrixson,Summer Sewald,West,GTX Pro,high_ticket_4k_to_10k,4821,Newex,services,500m_to_1_5b,2k_to_10k,37.0,True,maureen_marcano,Maureen Marcano,Summer Sewald,West,75.4912160566129,0.8780879619297115,specialist_match,"product=GTX Pro (strong_fit, n=30); ticket_band=high_ticket_4k_to_10k (strong_fit, n=62); sector=services (possible_fit, n=22)",62.81887727799638,0.9,generalist_match,21.0,True
D5VY17OP,engaging,kami_bicknell,Kami Bicknell,Summer Sewald,West,GTX Pro,high_ticket_4k_to_10k,4821,,,,,273.0,False,maureen_marcano,Maureen Marcano,Summer Sewald,West,73.54787621751144,0.5000000000000001,specialist_match,"product=GTX Pro (strong_fit, n=30); ticket_band=high_ticket_4k_to_10k (strong_fit, n=62)",62.17486893491999,0.5000000000000001,generalist_match,21.0,True
D62905BC,engaging,maureen_marcano,Maureen Marcano,Summer Sewald,West,GTX Plus Pro,high_ticket_4k_to_10k,5482,,,,,271.0,False,maureen_marcano,Maureen Marcano,Summer Sewald,West,74.25820338006682,0.5000000000000001,specialist_match,"product=GTX Plus Pro (strong_fit, n=32); ticket_band=high_ticket_4k_to_10k (strong_fit, n=62)",74.25820338006682,0.5000000000000001,specialist_match,1.0,False
D6YEYMJC,prospecting,moses_frase,Moses Frase,Dustin Brinkmann,Central,MG Advanced,mid_ticket_1k_to_4k,3393,,,,,,False,hayden_neloms,Hayden Neloms,Celia Rouche,West,74.19302882850188,0.5000000000000001,specialist_match,"product=MG Advanced (strong_fit, n=77); ticket_band=mid_ticket_1k_to_4k (possible_fit, n=119)",66.67886466929271,0.5000000000000001,generalist_match,6.0,True
D85PDC6S,engaging,james_ascencio,James Ascencio,Summer Sewald,West,GTX Plus Pro,high_ticket_4k_to_10k,5482,,,,,227.0,False,maureen_marcano,Maureen Marcano,Summer Sewald,West,74.25820338006682,0.5000000000000001,specialist_match,"product=GTX Plus Pro (strong_fit, n=32); ticket_band=high_ticket_4k_to_10k (strong_fit, n=62)",66.57595272208489,0.5000000000000001,possible_specialist,5.0,True
D8ZJ6F45,prospecting,gladys_colclough,Gladys Colclough,Melvin Marxen,Central,MG Special,low_ticket_under_1k,55,Yearin,retail,1_5b_to_3b,2k_to_10k,,True,hayden_neloms,Hayden Neloms,Celia Rouche,West,73.8320790558876,0.8453410119927994,specialist_match,"product=MG Special (possible_fit, n=23); ticket_band=low_ticket_under_1k (possible_fit, n=23); sector=retail (possible_fit, n=36)",56.51801206911227,0.9,specialist_match,26.0,True
D95K3R9N,prospecting,darcel_schlecht,Darcel Schlecht,Melvin Marxen,Central,GTX Pro,high_ticket_4k_to_10k,4821,,,,,,False,maureen_marcano,Maureen Marcano,Summer Sewald,West,73.54787621751144,0.5000000000000001,specialist_match,"product=GTX Pro (strong_fit, n=30); ticket_band=high_ticket_4k_to_10k (strong_fit, n=62)",61.87208356326526,0.5000000000000001,generalist_match,22.0,True
D9MZMDOL,engaging,vicki_laflamme,Vicki Laflamme,Celia Rouche,West,MG Special,low_ticket_under_1k,55,Zumgoity,medical,under_500m,500_to_2k,102.0,True,hayden_neloms,Hayden Neloms,Celia Rouche,West,71.90765687671284,0.7585118404381849,possible_specialist,"product=MG Special (possible_fit, n=23); ticket_band=low_ticket_under_1k (possible_fit, n=23); sector=medical (neutral, n=12)",63.438497486055475,0.9,possible_specialist,17.0,True
D9NLFAEG,engaging,niesha_huffines,Niesha Huffines,Melvin Marxen,Central,GTX Basic,low_ticket_under_1k,550,,,,,154.0,False,hayden_neloms,Hayden Neloms,Celia Rouche,West,70.07479583264518,0.15165750888103105,possible_specialist,"ticket_band=low_ticket_under_1k (possible_fit, n=23)",58.877443252263674,0.5000000000000001,generalist_match,24.0,True
DAAHNY6T,engaging,anna_snelling,Anna Snelling,Dustin Brinkmann,Central,MG Special,low_ticket_under_1k,55,,,,,148.0,False,hayden_neloms,Hayden Neloms,Celia Rouche,West,71.35150661886287,0.44534101199279935,possible_specialist,"product=MG Special (possible_fit, n=23); ticket_band=low_ticket_under_1k (possible_fit, n=23)",64.31764459641298,0.5000000000000001,specialist_match,13.0,True
DB801ISB,engaging,elease_gluck,Elease Gluck,Celia Rouche,West,MG Special,low_ticket_under_1k,55,,,,,9.0,False,hayden_neloms,Hayden Neloms,Celia Rouche,West,71.35150661886287,0.44534101199279935,possible_specialist,"product=MG Special (possible_fit, n=23); ticket_band=low_ticket_under_1k (possible_fit, n=23)",64.05240715549783,0.5000000000000001,specialist_match,14.0,True
DC2JL47C,engaging,daniell_hammack,Daniell Hammack,Rocco Neubert,East,GTX Pro,high_ticket_4k_to_10k,4821,Dontechi,software,over_3b,over_10k,218.0,True,maureen_marcano,Maureen Marcano,Summer Sewald,West,75.07200875279338,0.9,specialist_match,"product=GTX Pro (strong_fit, n=30); ticket_band=high_ticket_4k_to_10k (strong_fit, n=62); sector=software (possible_fit, n=29)",62.80996666963484,0.8870828693386972,specialist_match,19.0,True
DDHNCZMO,prospecting,niesha_huffines,Niesha Huffines,Melvin Marxen,Central,GTX Plus Pro,high_ticket_4k_to_10k,5482,Konex,technology,over_3b,over_10k,,True,maureen_marcano,Maureen Marcano,Summer Sewald,West,74.44539369286375,0.8779513042005219,specialist_match,"product=GTX Plus Pro (strong_fit, n=32); ticket_band=high_ticket_4k_to_10k (strong_fit, n=62); revenue_band=over_3b (neutral, n=70)",60.8282150846902,0.7074646881718926,specialist_match,24.0,True
DEHQTB8B,engaging,boris_faz,Boris Faz,Rocco Neubert,East,MG Special,low_ticket_under_1k,55,Kinnamplus,retail,500m_to_1_5b,500_to_2k,305.0,True,hayden_neloms,Hayden Neloms,Celia Rouche,West,72.8084073366333,0.8199776366795384,possible_specialist,"product=MG Special (possible_fit, n=23); ticket_band=low_ticket_under_1k (possible_fit, n=23); sector=retail (possible_fit, n=36)",65.70227911884317,0.8065884516719405,specialist_match,10.0,True
DF1011UT,engaging,corliss_cosme,Corliss Cosme,Cara Losch,East,GTX Plus Basic,mid_ticket_1k_to_4k,1096,Konmatfix,marketing,under_500m,500_to_2k,289.0,True,maureen_marcano,Maureen Marcano,Summer Sewald,West,73.86249703872053,0.6935414346693486,specialist_match,"product=GTX Plus Basic (strong_fit, n=70); ticket_band=mid_ticket_1k_to_4k (strong_fit, n=87); revenue_band=under_500m (neutral, n=48)",65.76106687619917,0.8336168008102386,specialist_match,10.0,True
DFFEQ87N,engaging,maureen_marcano,Maureen Marcano,Summer Sewald,West,MG Special,low_ticket_under_1k,55,Scottech,marketing,under_500m,under_500,278.0,True,hayden_neloms,Hayden Neloms,Celia Rouche,West,71.25903379752336,0.5304879438224314,possible_specialist,"product=MG Special (possible_fit, n=23); ticket_band=low_ticket_under_1k (possible_fit, n=23)",68.87964493201733,0.677349505765176,generalist_match,3.0,True
DFSFEADV,engaging,lajuana_vencill,Lajuana Vencill,Dustin Brinkmann,Central,GTX Basic,low_ticket_under_1k,550,,,,,140.0,False,hayden_neloms,Hayden Neloms,Celia Rouche,West,70.07479583264518,0.15165750888103105,possible_specialist,"ticket_band=low_ticket_under_1k (possible_fit, n=23)",52.685793792795806,0.5000000000000001,generalist_match,29.0,True
DGI6CB5K,prospecting,versie_hillebrand,Versie Hillebrand,Dustin Brinkmann,Central,MG Special,low_ticket_under_1k,55,,,,,,False,hayden_neloms,Hayden Neloms,Celia Rouche,West,71.35150661886287,0.44534101199279935,possible_specialist,"product=MG Special (possible_fit, n=23); ticket_band=low_ticket_under_1k (possible_fit, n=23)",68.31320841592525,0.5000000000000001,possible_specialist,3.0,True
DIGG7U6M,prospecting,darcel_schlecht,Darcel Schlecht,Melvin Marxen,Central,GTX Pro,high_ticket_4k_to_10k,4821,,,,,,False,maureen_marcano,Maureen Marcano,Summer Sewald,West,73.54787621751144,0.5000000000000001,specialist_match,"product=GTX Pro (strong_fit, n=30); ticket_band=high_ticket_4k_to_10k (strong_fit, n=62)",61.87208356326526,0.5000000000000001,generalist_match,22.0,True
DJDJ5A58,prospecting,jonathan_berthelot,Jonathan Berthelot,Melvin Marxen,Central,GTX Basic,low_ticket_under_1k,550,,,,,,False,hayden_neloms,Hayden Neloms,Celia Rouche,West,70.07479583264518,0.15165750888103105,possible_specialist,"ticket_band=low_ticket_under_1k (possible_fit, n=23)",65.41096422849174,0.5000000000000001,possible_specialist,10.0,True
DJFMG9QI,engaging,moses_frase,Moses Frase,Dustin Brinkmann,Central,MG Special,low_ticket_under_1k,55,Plusstrip,entertainment,under_500m,under_500,154.0,True,hayden_neloms,Hayden Neloms,Celia Rouche,West,71.25903379752336,0.5304879438224314,possible_specialist,"product=MG Special (possible_fit, n=23); ticket_band=low_ticket_under_1k (possible_fit, n=23)",65.03867842210975,0.5948683298050516,specialist_match,12.0,True
DJH67UIZ,engaging,violet_mclelland,Violet Mclelland,Cara Losch,East,MG Special,low_ticket_under_1k,55,,,,,289.0,False,hayden_neloms,Hayden Neloms,Celia Rouche,West,71.35150661886287,0.44534101199279935,possible_specialist,"product=MG Special (possible_fit, n=23); ticket_band=low_ticket_under_1k (possible_fit, n=23)",63.49645821399774,0.5000000000000001,generalist_match,18.0,True
DJMPI9TO,engaging,elease_gluck,Elease Gluck,Celia Rouche,West,GTK 500,strategic_ticket_10k_plus,26768,Xx-zobam,entertainment,over_3b,2k_to_10k,257.0,True,hayden_neloms,Hayden Neloms,Celia Rouche,West,70.63189535168938,0.19746794344808968,specialist_match,"revenue_band=over_3b (possible_fit, n=38); employee_band=2k_to_10k (strong_fit, n=78)",63.67263005974055,0.5443829012161987,possible_specialist,15.0,True
DMG5EOFC,engaging,violet_mclelland,Violet Mclelland,Cara Losch,East,MG Advanced,mid_ticket_1k_to_4k,3393,Lexiqvolax,medical,1_5b_to_3b,2k_to_10k,165.0,True,hayden_neloms,Hayden Neloms,Celia Rouche,West,76.17421515083443,0.8414213562373096,specialist_match,"product=MG Advanced (strong_fit, n=77); ticket_band=mid_ticket_1k_to_4k (possible_fit, n=119); sector=medical (neutral, n=12)",64.9484911945635,0.9,specialist_match,11.0,True
DN6SG3US,engaging,wilburn_farren,Wilburn Farren,Cara Losch,East,GTX Plus Pro,high_ticket_4k_to_10k,5482,,,,,309.0,False,maureen_marcano,Maureen Marcano,Summer Sewald,West,74.25820338006682,0.5000000000000001,specialist_match,"product=GTX Plus Pro (strong_fit, n=32); ticket_band=high_ticket_4k_to_10k (strong_fit, n=62)",,,not_candidate,,True
DNBR1VHP,engaging,anna_snelling,Anna Snelling,Dustin Brinkmann,Central,MG Special,low_ticket_under_1k,55,Silis,medical,1_5b_to_3b,2k_to_10k,164.0,True,hayden_neloms,Hayden Neloms,Celia Rouche,West,73.33269294119542,0.7867623682301089,specialist_match,"product=MG Special (possible_fit, n=23); ticket_band=low_ticket_under_1k (possible_fit, n=23); sector=medical (neutral, n=12)",63.111900780163104,0.9,specialist_match,19.0,True
DO6VKC2G,engaging,marty_freudenburg,Marty Freudenburg,Melvin Marxen,Central,GTK 500,strategic_ticket_10k_plus,26768,,,,,152.0,False,hayden_neloms,Hayden Neloms,Celia Rouche,West,69.37147629282224,0.0,low_confidence,Sem fit historico forte; recomendacao baseada em fallback de performance geral.,62.91667262022619,0.0,low_confidence,18.0,True
DOGKQHQP,engaging,vicki_laflamme,Vicki Laflamme,Celia Rouche,West,GTX Pro,high_ticket_4k_to_10k,4821,,,,,275.0,False,maureen_marcano,Maureen Marcano,Summer Sewald,West,73.54787621751144,0.5000000000000001,specialist_match,"product=GTX Pro (strong_fit, n=30); ticket_band=high_ticket_4k_to_10k (strong_fit, n=62)",64.74244166469498,0.5000000000000001,possible_specialist,13.0,True
DOP1NORG,prospecting,gladys_colclough,Gladys Colclough,Melvin Marxen,Central,MG Special,low_ticket_under_1k,55,Plexzap,retail,1_5b_to_3b,2k_to_10k,,True,hayden_neloms,Hayden Neloms,Celia Rouche,West,73.8320790558876,0.8453410119927994,specialist_match,"product=MG Special (possible_fit, n=23); ticket_band=low_ticket_under_1k (possible_fit, n=23); sector=retail (possible_fit, n=36)",56.51801206911227,0.9,specialist_match,26.0,True
DQ7GS2BN,engaging,james_ascencio,James Ascencio,Summer Sewald,West,GTX Plus Pro,high_ticket_4k_to_10k,5482,,,,,273.0,False,maureen_marcano,Maureen Marcano,Summer Sewald,West,74.25820338006682,0.5000000000000001,specialist_match,"product=GTX Plus Pro (strong_fit, n=32); ticket_band=high_ticket_4k_to_10k (strong_fit, n=62)",66.57595272208489,0.5000000000000001,possible_specialist,5.0,True
DS5HZHDA,prospecting,cecily_lampkin,Cecily Lampkin,Dustin Brinkmann,Central,MG Special,low_ticket_under_1k,55,Betatech,medical,500m_to_1_5b,500_to_2k,,True,hayden_neloms,Hayden Neloms,Celia Rouche,West,72.30902122194111,0.7613989929168479,possible_specialist,"product=MG Special (possible_fit, n=23); ticket_band=low_ticket_under_1k (possible_fit, n=23); sector=medical (neutral, n=12)",66.85224812007368,0.9,possible_specialist,7.0,True
DVT7NPEH,engaging,darcel_schlecht,Darcel Schlecht,Melvin Marxen,Central,MG Advanced,mid_ticket_1k_to_4k,3393,,,,,154.0,False,hayden_neloms,Hayden Neloms,Celia Rouche,West,74.19302882850188,0.5000000000000001,specialist_match,"product=MG Advanced (strong_fit, n=77); ticket_band=mid_ticket_1k_to_4k (possible_fit, n=119)",63.28724737299752,0.5000000000000001,possible_specialist,13.0,True
DW29KM30,engaging,elease_gluck,Elease Gluck,Celia Rouche,West,MG Advanced,mid_ticket_1k_to_4k,3393,Zathunicon,retail,under_500m,under_500,207.0,True,hayden_neloms,Hayden Neloms,Celia Rouche,West,75.18172101550789,0.7851469318296321,specialist_match,"product=MG Advanced (strong_fit, n=77); ticket_band=mid_ticket_1k_to_4k (possible_fit, n=119); sector=retail (possible_fit, n=36)",62.37337737648387,0.7626707089950341,generalist_match,17.0,True
DW5BQ220,prospecting,anna_snelling,Anna Snelling,Dustin Brinkmann,Central,MG Special,low_ticket_under_1k,55,Zoomit,entertainment,under_500m,500_to_2k,,True,hayden_neloms,Hayden Neloms,Celia Rouche,West,71.3258779830595,0.6170904842008752,possible_specialist,"product=MG Special (possible_fit, n=23); ticket_band=low_ticket_under_1k (possible_fit, n=23); employee_band=500_to_2k (neutral, n=30)",65.24874026185785,0.8414213562373096,specialist_match,12.0,True
DWGARGA2,prospecting,versie_hillebrand,Versie Hillebrand,Dustin Brinkmann,Central,MG Special,low_ticket_under_1k,55,,,,,,False,hayden_neloms,Hayden Neloms,Celia Rouche,West,71.35150661886287,0.44534101199279935,possible_specialist,"product=MG Special (possible_fit, n=23); ticket_band=low_ticket_under_1k (possible_fit, n=23)",68.31320841592525,0.5000000000000001,possible_specialist,3.0,True
DWUD4S0P,engaging,markita_hansen,Markita Hansen,Celia Rouche,West,GTX Basic,low_ticket_under_1k,550,,,,,355.0,False,hayden_neloms,Hayden Neloms,Celia Rouche,West,70.07479583264518,0.15165750888103105,possible_specialist,"ticket_band=low_ticket_under_1k (possible_fit, n=23)",56.20696202242551,0.5000000000000001,generalist_match,28.0,True
DWUXMAGZ,engaging,corliss_cosme,Corliss Cosme,Cara Losch,East,GTX Plus Pro,high_ticket_4k_to_10k,5482,,,,,379.0,False,maureen_marcano,Maureen Marcano,Summer Sewald,West,74.25820338006682,0.5000000000000001,specialist_match,"product=GTX Plus Pro (strong_fit, n=32); ticket_band=high_ticket_4k_to_10k (strong_fit, n=62)",69.21379131703326,0.5000000000000001,specialist_match,3.0,True
DX1M0XF0,prospecting,darcel_schlecht,Darcel Schlecht,Melvin Marxen,Central,GTX Pro,high_ticket_4k_to_10k,4821,,,,,,False,maureen_marcano,Maureen Marcano,Summer Sewald,West,73.54787621751144,0.5000000000000001,specialist_match,"product=GTX Pro (strong_fit, n=30); ticket_band=high_ticket_4k_to_10k (strong_fit, n=62)",61.87208356326526,0.5000000000000001,generalist_match,22.0,True
DXRG254A,engaging,boris_faz,Boris Faz,Rocco Neubert,East,GTX Basic,low_ticket_under_1k,550,,,,,156.0,False,hayden_neloms,Hayden Neloms,Celia Rouche,West,70.07479583264518,0.15165750888103105,possible_specialist,"ticket_band=low_ticket_under_1k (possible_fit, n=23)",65.95994899029475,0.5000000000000001,generalist_match,8.0,True
DY8DMZZ9,engaging,vicki_laflamme,Vicki Laflamme,Celia Rouche,West,GTX Plus Pro,high_ticket_4k_to_10k,5482,,,,,106.0,False,maureen_marcano,Maureen Marcano,Summer Sewald,West,74.25820338006682,0.5000000000000001,specialist_match,"product=GTX Plus Pro (strong_fit, n=32); ticket_band=high_ticket_4k_to_10k (strong_fit, n=62)",63.064656958982155,0.5000000000000001,generalist_match,18.0,True
DYA87PL1,prospecting,jonathan_berthelot,Jonathan Berthelot,Melvin Marxen,Central,MG Special,low_ticket_under_1k,55,,,,,,False,hayden_neloms,Hayden Neloms,Celia Rouche,West,71.35150661886287,0.44534101199279935,possible_specialist,"product=MG Special (possible_fit, n=23); ticket_band=low_ticket_under_1k (possible_fit, n=23)",67.64500987423925,0.5000000000000001,specialist_match,4.0,True
DYNHHN6P,engaging,maureen_marcano,Maureen Marcano,Summer Sewald,West,GTX Pro,high_ticket_4k_to_10k,4821,Massive Dynamic,entertainment,500m_to_1_5b,500_to_2k,246.0,True,maureen_marcano,Maureen Marcano,Summer Sewald,West,73.91038903450817,0.87162939659906,specialist_match,"product=GTX Pro (strong_fit, n=30); ticket_band=high_ticket_4k_to_10k (strong_fit, n=62); revenue_band=500m_to_1_5b (neutral, n=30)",73.91038903450817,0.87162939659906,specialist_match,1.0,False
DYO98F6J,engaging,marty_freudenburg,Marty Freudenburg,Melvin Marxen,Central,MG Special,low_ticket_under_1k,55,,,,,143.0,False,hayden_neloms,Hayden Neloms,Celia Rouche,West,71.35150661886287,0.44534101199279935,possible_specialist,"product=MG Special (possible_fit, n=23); ticket_band=low_ticket_under_1k (possible_fit, n=23)",64.87581837996572,0.49368350311176834,specialist_match,12.0,True
DYXD1AXO,prospecting,anna_snelling,Anna Snelling,Dustin Brinkmann,Central,MG Special,low_ticket_under_1k,55,,,,,,False,hayden_neloms,Hayden Neloms,Celia Rouche,West,71.35150661886287,0.44534101199279935,possible_specialist,"product=MG Special (possible_fit, n=23); ticket_band=low_ticket_under_1k (possible_fit, n=23)",64.31764459641298,0.5000000000000001,specialist_match,13.0,True
DYYJW46L,engaging,vicki_laflamme,Vicki Laflamme,Celia Rouche,West,GTX Plus Pro,high_ticket_4k_to_10k,5482,,,,,78.0,False,maureen_marcano,Maureen Marcano,Summer Sewald,West,74.25820338006682,0.5000000000000001,specialist_match,"product=GTX Plus Pro (strong_fit, n=32); ticket_band=high_ticket_4k_to_10k (strong_fit, n=62)",63.064656958982155,0.5000000000000001,generalist_match,18.0,True
DZ57QIQN,engaging,daniell_hammack,Daniell Hammack,Rocco Neubert,East,GTX Plus Pro,high_ticket_4k_to_10k,5482,,,,,347.0,False,maureen_marcano,Maureen Marcano,Summer Sewald,West,74.25820338006682,0.5000000000000001,specialist_match,"product=GTX Plus Pro (strong_fit, n=32); ticket_band=high_ticket_4k_to_10k (strong_fit, n=62)",62.391353728990616,0.5000000000000001,specialist_match,21.0,True
DZP0MNRM,engaging,niesha_huffines,Niesha Huffines,Melvin Marxen,Central,GTX Plus Basic,mid_ticket_1k_to_4k,1096,Konex,technology,over_3b,over_10k,159.0,True,maureen_marcano,Maureen Marcano,Summer Sewald,West,73.67321194390422,0.8779513042005219,specialist_match,"product=GTX Plus Basic (strong_fit, n=70); ticket_band=mid_ticket_1k_to_4k (strong_fit, n=87); revenue_band=over_3b (neutral, n=70)",62.142393574119716,0.8,specialist_match,18.0,True
DZP41ANW,engaging,hayden_neloms,Hayden Neloms,Celia Rouche,West,GTX Plus Basic,mid_ticket_1k_to_4k,1096,,,,,119.0,False,maureen_marcano,Maureen Marcano,Summer Sewald,West,73.48602163110729,0.5000000000000001,specialist_match,"product=GTX Plus Basic (strong_fit, n=70); ticket_band=mid_ticket_1k_to_4k (strong_fit, n=87)",68.66988645587561,0.5000000000000001,possible_specialist,3.0,True
DZQW0KQ4,engaging,markita_hansen,Markita Hansen,Celia Rouche,West,GTX Plus Pro,high_ticket_4k_to_10k,5482,,,,,153.0,False,maureen_marcano,Maureen Marcano,Summer Sewald,West,74.25820338006682,0.5000000000000001,specialist_match,"product=GTX Plus Pro (strong_fit, n=32); ticket_band=high_ticket_4k_to_10k (strong_fit, n=62)",55.779851221069976,0.4291287847477921,generalist_match,27.0,True
E0HMRMZ9,prospecting,jonathan_berthelot,Jonathan Berthelot,Melvin Marxen,Central,MG Special,low_ticket_under_1k,55,,,,,,False,hayden_neloms,Hayden Neloms,Celia Rouche,West,71.35150661886287,0.44534101199279935,possible_specialist,"product=MG Special (possible_fit, n=23); ticket_band=low_ticket_under_1k (possible_fit, n=23)",67.64500987423925,0.5000000000000001,specialist_match,4.0,True
E0S2ZL6X,prospecting,niesha_huffines,Niesha Huffines,Melvin Marxen,Central,GTX Plus Basic,mid_ticket_1k_to_4k,1096,Streethex,retail,500m_to_1_5b,500_to_2k,,True,maureen_marcano,Maureen Marcano,Summer Sewald,West,75.63104973121467,0.8801439750477924,specialist_match,"product=GTX Plus Basic (strong_fit, n=70); ticket_band=mid_ticket_1k_to_4k (strong_fit, n=87); sector=retail (strong_fit, n=39)",58.91856340166664,0.9,specialist_match,23.0,True
E1LFK6E3,engaging,kami_bicknell,Kami Bicknell,Summer Sewald,West,GTX Basic,low_ticket_under_1k,550,,,,,58.0,False,hayden_neloms,Hayden Neloms,Celia Rouche,West,70.07479583264518,0.15165750888103105,possible_specialist,"ticket_band=low_ticket_under_1k (possible_fit, n=23)",64.9706180992233,0.5000000000000001,possible_specialist,12.0,True
E26Z10W7,engaging,james_ascencio,James Ascencio,Summer Sewald,West,MG Special,low_ticket_under_1k,55,,,,,162.0,False,hayden_neloms,Hayden Neloms,Celia Rouche,West,71.35150661886287,0.44534101199279935,possible_specialist,"product=MG Special (possible_fit, n=23); ticket_band=low_ticket_under_1k (possible_fit, n=23)",65.65720443459503,0.44494897427831787,generalist_match,10.0,True
E29GOFUV,engaging,elease_gluck,Elease Gluck,Celia Rouche,West,MG Special,low_ticket_under_1k,55,Sumace,retail,under_500m,under_500,194.0,True,hayden_neloms,Hayden Neloms,Celia Rouche,West,72.34019880586888,0.7304879438224315,possible_specialist,"product=MG Special (possible_fit, n=23); ticket_band=low_ticket_under_1k (possible_fit, n=23); sector=retail (possible_fit, n=36)",64.20362594509935,0.7866025403784439,specialist_match,17.0,True
E2CJIO85,engaging,vicki_laflamme,Vicki Laflamme,Celia Rouche,West,GTX Plus Pro,high_ticket_4k_to_10k,5482,,,,,89.0,False,maureen_marcano,Maureen Marcano,Summer Sewald,West,74.25820338006682,0.5000000000000001,specialist_match,"product=GTX Plus Pro (strong_fit, n=32); ticket_band=high_ticket_4k_to_10k (strong_fit, n=62)",63.064656958982155,0.5000000000000001,generalist_match,18.0,True
E2KGQVEO,engaging,daniell_hammack,Daniell Hammack,Rocco Neubert,East,MG Advanced,mid_ticket_1k_to_4k,3393,,,,,178.0,False,hayden_neloms,Hayden Neloms,Celia Rouche,West,74.19302882850188,0.5000000000000001,specialist_match,"product=MG Advanced (strong_fit, n=77); ticket_band=mid_ticket_1k_to_4k (possible_fit, n=119)",56.615361697431,0.4872281323269015,generalist_match,28.0,True
E3XLWCWX,engaging,marty_freudenburg,Marty Freudenburg,Melvin Marxen,Central,GTX Plus Pro,high_ticket_4k_to_10k,5482,Ontomedia,employment,500m_to_1_5b,2k_to_10k,165.0,True,maureen_marcano,Maureen Marcano,Summer Sewald,West,75.20008733217534,0.8823915424529561,specialist_match,"product=GTX Plus Pro (strong_fit, n=32); ticket_band=high_ticket_4k_to_10k (strong_fit, n=62); revenue_band=500m_to_1_5b (neutral, n=30)",65.05874921648262,0.7000000000000001,specialist_match,11.0,True
E3Z74U5K,engaging,lajuana_vencill,Lajuana Vencill,Dustin Brinkmann,Central,GTX Basic,low_ticket_under_1k,550,,,,,160.0,False,hayden_neloms,Hayden Neloms,Celia Rouche,West,70.07479583264518,0.15165750888103105,possible_specialist,"ticket_band=low_ticket_under_1k (possible_fit, n=23)",52.685793792795806,0.5000000000000001,generalist_match,29.0,True
E4082SMQ,engaging,james_ascencio,James Ascencio,Summer Sewald,West,GTX Basic,low_ticket_under_1k,550,,,,,258.0,False,hayden_neloms,Hayden Neloms,Celia Rouche,West,70.07479583264518,0.15165750888103105,possible_specialist,"ticket_band=low_ticket_under_1k (possible_fit, n=23)",65.1285349679303,0.5000000000000001,generalist_match,11.0,True
E4THD359,engaging,wilburn_farren,Wilburn Farren,Cara Losch,East,GTX Basic,low_ticket_under_1k,550,,,,,329.0,False,hayden_neloms,Hayden Neloms,Celia Rouche,West,70.07479583264518,0.15165750888103105,possible_specialist,"ticket_band=low_ticket_under_1k (possible_fit, n=23)",,,not_candidate,,True
E4YR0OE6,prospecting,darcel_schlecht,Darcel Schlecht,Melvin Marxen,Central,GTX Pro,high_ticket_4k_to_10k,4821,,,,,,False,maureen_marcano,Maureen Marcano,Summer Sewald,West,73.54787621751144,0.5000000000000001,specialist_match,"product=GTX Pro (strong_fit, n=30); ticket_band=high_ticket_4k_to_10k (strong_fit, n=62)",61.87208356326526,0.5000000000000001,generalist_match,22.0,True
E54FFQBM,prospecting,versie_hillebrand,Versie Hillebrand,Dustin Brinkmann,Central,MG Special,low_ticket_under_1k,55,,,,,,False,hayden_neloms,Hayden Neloms,Celia Rouche,West,71.35150661886287,0.44534101199279935,possible_specialist,"product=MG Special (possible_fit, n=23); ticket_band=low_ticket_under_1k (possible_fit, n=23)",68.31320841592525,0.5000000000000001,possible_specialist,3.0,True
E5V4WT18,engaging,vicki_laflamme,Vicki Laflamme,Celia Rouche,West,MG Special,low_ticket_under_1k,55,Genco Pura Olive Oil Company,retail,500m_to_1_5b,500_to_2k,220.0,True,hayden_neloms,Hayden Neloms,Celia Rouche,West,72.8084073366333,0.8199776366795384,possible_specialist,"product=MG Special (possible_fit, n=23); ticket_band=low_ticket_under_1k (possible_fit, n=23); sector=retail (possible_fit, n=36)",62.808125958005846,0.9,generalist_match,20.0,True
E617EXPD,engaging,vicki_laflamme,Vicki Laflamme,Celia Rouche,West,MG Advanced,mid_ticket_1k_to_4k,3393,Iselectrics,technology,500m_to_1_5b,500_to_2k,139.0,True,hayden_neloms,Hayden Neloms,Celia Rouche,West,75.0078234601165,0.8273891478519337,specialist_match,"product=MG Advanced (strong_fit, n=77); ticket_band=mid_ticket_1k_to_4k (possible_fit, n=119); sector=technology (neutral, n=14)",61.96866934797616,0.9,possible_specialist,19.0,True
E6798P2J,prospecting,jonathan_berthelot,Jonathan Berthelot,Melvin Marxen,Central,GTX Basic,low_ticket_under_1k,550,,,,,,False,hayden_neloms,Hayden Neloms,Celia Rouche,West,70.07479583264518,0.15165750888103105,possible_specialist,"ticket_band=low_ticket_under_1k (possible_fit, n=23)",65.41096422849174,0.5000000000000001,possible_specialist,10.0,True
E6DGJSDW,prospecting,anna_snelling,Anna Snelling,Dustin Brinkmann,Central,MG Special,low_ticket_under_1k,55,Green-Plus,services,500m_to_1_5b,500_to_2k,,True,hayden_neloms,Hayden Neloms,Celia Rouche,West,71.16194561915786,0.7931827174364261,possible_specialist,"product=MG Special (possible_fit, n=23); ticket_band=low_ticket_under_1k (possible_fit, n=23); revenue_band=500m_to_1_5b (neutral, n=31)",64.36628425031503,0.7000000000000001,specialist_match,15.0,True
E887HZT1,engaging,rosalina_dieter,Rosalina Dieter,Celia Rouche,West,MG Advanced,mid_ticket_1k_to_4k,3393,Cheers,entertainment,over_3b,2k_to_10k,322.0,True,hayden_neloms,Hayden Neloms,Celia Rouche,West,75.45344788736902,0.6974679434480897,specialist_match,"product=MG Advanced (strong_fit, n=77); ticket_band=mid_ticket_1k_to_4k (possible_fit, n=119); revenue_band=over_3b (possible_fit, n=38)",67.37393532093523,0.6334723921495307,possible_specialist,6.0,True
E8GD44YC,engaging,cecily_lampkin,Cecily Lampkin,Dustin Brinkmann,Central,GTX Plus Basic,mid_ticket_1k_to_4k,1096,,,,,163.0,False,maureen_marcano,Maureen Marcano,Summer Sewald,West,73.48602163110729,0.5000000000000001,specialist_match,"product=GTX Plus Basic (strong_fit, n=70); ticket_band=mid_ticket_1k_to_4k (strong_fit, n=87)",69.84075629824987,0.4738612787525831,specialist_match,2.0,True
E8MIFXOH,engaging,darcel_schlecht,Darcel Schlecht,Melvin Marxen,Central,GTX Pro,high_ticket_4k_to_10k,4821,,,,,157.0,False,maureen_marcano,Maureen Marcano,Summer Sewald,West,73.54787621751144,0.5000000000000001,specialist_match,"product=GTX Pro (strong_fit, n=30); ticket_band=high_ticket_4k_to_10k (strong_fit, n=62)",61.87208356326526,0.5000000000000001,generalist_match,22.0,True
E8QHX9TE,engaging,vicki_laflamme,Vicki Laflamme,Celia Rouche,West,GTX Plus Pro,high_ticket_4k_to_10k,5482,,,,,234.0,False,maureen_marcano,Maureen Marcano,Summer Sewald,West,74.25820338006682,0.5000000000000001,specialist_match,"product=GTX Plus Pro (strong_fit, n=32); ticket_band=high_ticket_4k_to_10k (strong_fit, n=62)",63.064656958982155,0.5000000000000001,generalist_match,18.0,True
E9J482PX,engaging,anna_snelling,Anna Snelling,Dustin Brinkmann,Central,MG Advanced,mid_ticket_1k_to_4k,3393,,,,,162.0,False,hayden_neloms,Hayden Neloms,Celia Rouche,West,74.19302882850188,0.5000000000000001,specialist_match,"product=MG Advanced (strong_fit, n=77); ticket_band=mid_ticket_1k_to_4k (possible_fit, n=119)",57.502548739829464,0.5000000000000001,generalist_match,26.0,True
EABYCHB3,prospecting,marty_freudenburg,Marty Freudenburg,Melvin Marxen,Central,GTX Plus Basic,mid_ticket_1k_to_4k,1096,,,,,,False,maureen_marcano,Maureen Marcano,Summer Sewald,West,73.48602163110729,0.5000000000000001,specialist_match,"product=GTX Plus Basic (strong_fit, n=70); ticket_band=mid_ticket_1k_to_4k (strong_fit, n=87)",62.274902896741885,0.5000000000000001,generalist_match,18.0,True
EB393LSH,prospecting,gladys_colclough,Gladys Colclough,Melvin Marxen,Central,GTX Plus Basic,mid_ticket_1k_to_4k,1096,,,,,,False,maureen_marcano,Maureen Marcano,Summer Sewald,West,73.48602163110729,0.5000000000000001,specialist_match,"product=GTX Plus Basic (strong_fit, n=70); ticket_band=mid_ticket_1k_to_4k (strong_fit, n=87)",58.8119360721871,0.5000000000000001,possible_specialist,25.0,True
EB89ONZN,engaging,kary_hendrixson,Kary Hendrixson,Summer Sewald,West,GTX Pro,high_ticket_4k_to_10k,4821,Funholding,finance,1_5b_to_3b,2k_to_10k,277.0,True,maureen_marcano,Maureen Marcano,Summer Sewald,West,74.9952695792879,0.8527525231651948,specialist_match,"product=GTX Pro (strong_fit, n=30); ticket_band=high_ticket_4k_to_10k (strong_fit, n=62); revenue_band=1_5b_to_3b (strong_fit, n=65)",64.3788216186678,0.8825741858350554,specialist_match,14.0,True
EBLSL27F,engaging,boris_faz,Boris Faz,Rocco Neubert,East,GTX Plus Pro,high_ticket_4k_to_10k,5482,,,,,190.0,False,maureen_marcano,Maureen Marcano,Summer Sewald,West,74.25820338006682,0.5000000000000001,specialist_match,"product=GTX Plus Pro (strong_fit, n=32); ticket_band=high_ticket_4k_to_10k (strong_fit, n=62)",65.71958764849364,0.5000000000000001,possible_specialist,8.0,True
EDM7CEZ6,engaging,kami_bicknell,Kami Bicknell,Summer Sewald,West,GTX Pro,high_ticket_4k_to_10k,4821,Opentech,finance,under_500m,500_to_2k,122.0,True,maureen_marcano,Maureen Marcano,Summer Sewald,West,73.70327673904464,0.8462939578345433,specialist_match,"product=GTX Pro (strong_fit, n=30); ticket_band=high_ticket_4k_to_10k (strong_fit, n=62); revenue_band=under_500m (neutral, n=48)",61.083378207222665,0.8683250823060348,generalist_match,22.0,True
EEB0JYIQ,engaging,niesha_huffines,Niesha Huffines,Melvin Marxen,Central,GTX Plus Basic,mid_ticket_1k_to_4k,1096,,,,,143.0,False,maureen_marcano,Maureen Marcano,Summer Sewald,West,73.48602163110729,0.5000000000000001,specialist_match,"product=GTX Plus Basic (strong_fit, n=70); ticket_band=mid_ticket_1k_to_4k (strong_fit, n=87)",61.680580134823494,0.5000000000000001,specialist_match,20.0,True
EEQV0YY4,engaging,violet_mclelland,Violet Mclelland,Cara Losch,East,GTX Basic,low_ticket_under_1k,550,,,,,141.0,False,hayden_neloms,Hayden Neloms,Celia Rouche,West,70.07479583264518,0.15165750888103105,possible_specialist,"ticket_band=low_ticket_under_1k (possible_fit, n=23)",62.719365648679045,0.5000000000000001,generalist_match,18.0,True
EF24VTVA,engaging,james_ascencio,James Ascencio,Summer Sewald,West,GTX Plus Pro,high_ticket_4k_to_10k,5482,Kinnamplus,retail,500m_to_1_5b,500_to_2k,231.0,True,maureen_marcano,Maureen Marcano,Summer Sewald,West,76.4032314801742,0.8801439750477924,specialist_match,"product=GTX Plus Pro (strong_fit, n=32); ticket_band=high_ticket_4k_to_10k (strong_fit, n=62); sector=retail (strong_fit, n=39)",67.85954916720183,0.8961769203083568,possible_specialist,4.0,True
EFIR7HGR,engaging,daniell_hammack,Daniell Hammack,Rocco Neubert,East,MG Advanced,mid_ticket_1k_to_4k,3393,Groovestreet,retail,under_500m,under_500,196.0,True,hayden_neloms,Hayden Neloms,Celia Rouche,West,75.18172101550789,0.7851469318296321,specialist_match,"product=MG Advanced (strong_fit, n=77); ticket_band=mid_ticket_1k_to_4k (possible_fit, n=119); sector=retail (possible_fit, n=36)",55.45573191136635,0.8514802451149047,generalist_match,28.0,True
EFKPYBI9,engaging,gladys_colclough,Gladys Colclough,Melvin Marxen,Central,MG Advanced,mid_ticket_1k_to_4k,3393,Xx-holding,finance,over_3b,over_10k,158.0,True,hayden_neloms,Hayden Neloms,Celia Rouche,West,74.9710424012666,0.6796263270738646,specialist_match,"product=MG Advanced (strong_fit, n=77); ticket_band=mid_ticket_1k_to_4k (possible_fit, n=119); revenue_band=over_3b (possible_fit, n=38)",58.46135510896969,0.8707106781186548,specialist_match,24.0,True
EG3X1ACF,prospecting,darcel_schlecht,Darcel Schlecht,Melvin Marxen,Central,GTX Plus Basic,mid_ticket_1k_to_4k,1096,,,,,,False,maureen_marcano,Maureen Marcano,Summer Sewald,West,73.48602163110729,0.5000000000000001,specialist_match,"product=GTX Plus Basic (strong_fit, n=70); ticket_band=mid_ticket_1k_to_4k (strong_fit, n=87)",64.79805655096737,0.5000000000000001,specialist_match,10.0,True
EG7OFLFR,engaging,kami_bicknell,Kami Bicknell,Summer Sewald,West,GTX Basic,low_ticket_under_1k,550,,,,,412.0,False,hayden_neloms,Hayden Neloms,Celia Rouche,West,70.07479583264518,0.15165750888103105,possible_specialist,"ticket_band=low_ticket_under_1k (possible_fit, n=23)",64.9706180992233,0.5000000000000001,possible_specialist,12.0,True
EG7S6ZOI,prospecting,marty_freudenburg,Marty Freudenburg,Melvin Marxen,Central,GTX Pro,high_ticket_4k_to_10k,4821,Konmatfix,marketing,under_500m,500_to_2k,,True,maureen_marcano,Maureen Marcano,Summer Sewald,West,73.92435162512469,0.6935414346693486,specialist_match,"product=GTX Pro (strong_fit, n=30); ticket_band=high_ticket_4k_to_10k (strong_fit, n=62); revenue_band=under_500m (neutral, n=48)",63.33514266165148,0.9114486544714848,specialist_match,15.0,True
EGEJA2HY,engaging,markita_hansen,Markita Hansen,Celia Rouche,West,GTX Basic,low_ticket_under_1k,550,,,,,197.0,False,hayden_neloms,Hayden Neloms,Celia Rouche,West,70.07479583264518,0.15165750888103105,possible_specialist,"ticket_band=low_ticket_under_1k (possible_fit, n=23)",56.20696202242551,0.5000000000000001,generalist_match,28.0,True
EJCPWP6V,prospecting,gladys_colclough,Gladys Colclough,Melvin Marxen,Central,GTX Pro,high_ticket_4k_to_10k,4821,Bioholding,medical,500m_to_1_5b,500_to_2k,,True,maureen_marcano,Maureen Marcano,Summer Sewald,West,75.28164238114346,0.8580952792483143,specialist_match,"product=GTX Pro (strong_fit, n=30); ticket_band=high_ticket_4k_to_10k (strong_fit, n=62); sector=medical (strong_fit, n=19)",53.28324054248503,0.9,generalist_match,28.0,True
EJDHOY6M,engaging,corliss_cosme,Corliss Cosme,Cara Losch,East,GTX Basic,low_ticket_under_1k,550,,,,,289.0,False,hayden_neloms,Hayden Neloms,Celia Rouche,West,70.07479583264518,0.15165750888103105,possible_specialist,"ticket_band=low_ticket_under_1k (possible_fit, n=23)",66.30377602466332,0.5000000000000001,possible_specialist,6.0,True
EJDRMHNC,engaging,boris_faz,Boris Faz,Rocco Neubert,East,MG Special,low_ticket_under_1k,55,,,,,167.0,False,hayden_neloms,Hayden Neloms,Celia Rouche,West,71.35150661886287,0.44534101199279935,possible_specialist,"product=MG Special (possible_fit, n=23); ticket_band=low_ticket_under_1k (possible_fit, n=23)",65.65951977977514,0.4291287847477921,generalist_match,9.0,True
EJGRLQP8,engaging,james_ascencio,James Ascencio,Summer Sewald,West,GTX Pro,high_ticket_4k_to_10k,4821,,,,,114.0,False,maureen_marcano,Maureen Marcano,Summer Sewald,West,73.54787621751144,0.5000000000000001,specialist_match,"product=GTX Pro (strong_fit, n=30); ticket_band=high_ticket_4k_to_10k (strong_fit, n=62)",65.1112263897771,0.5000000000000001,generalist_match,9.0,True
EJJCUJ3P,engaging,darcel_schlecht,Darcel Schlecht,Melvin Marxen,Central,GTX Plus Basic,mid_ticket_1k_to_4k,1096,,,,,161.0,False,maureen_marcano,Maureen Marcano,Summer Sewald,West,73.48602163110729,0.5000000000000001,specialist_match,"product=GTX Plus Basic (strong_fit, n=70); ticket_band=mid_ticket_1k_to_4k (strong_fit, n=87)",64.79805655096737,0.5000000000000001,specialist_match,10.0,True
EJUQOEY5,prospecting,darcel_schlecht,Darcel Schlecht,Melvin Marxen,Central,MG Advanced,mid_ticket_1k_to_4k,3393,Bubba Gump,software,500m_to_1_5b,2k_to_10k,,True,hayden_neloms,Hayden Neloms,Celia Rouche,West,75.21906830288435,0.8407866074734899,specialist_match,"product=MG Advanced (strong_fit, n=77); ticket_band=mid_ticket_1k_to_4k (possible_fit, n=119); sector=software (neutral, n=14)",63.25925519725403,0.9,possible_specialist,13.0,True
EJVD09HQ,engaging,james_ascencio,James Ascencio,Summer Sewald,West,MG Special,low_ticket_under_1k,55,Betasoloin,medical,under_500m,under_500,97.0,True,hayden_neloms,Hayden Neloms,Celia Rouche,West,71.8408126911767,0.671909300059741,possible_specialist,"product=MG Special (possible_fit, n=23); ticket_band=low_ticket_under_1k (possible_fit, n=23); sector=medical (neutral, n=12)",65.02812482727381,0.7899544549323326,generalist_match,11.0,True
EL09RK8X,prospecting,moses_frase,Moses Frase,Dustin Brinkmann,Central,MG Advanced,mid_ticket_1k_to_4k,3393,Dalttechnology,software,under_500m,under_500,,True,hayden_neloms,Hayden Neloms,Celia Rouche,West,74.12058474708788,0.7378994549948269,specialist_match,"product=MG Advanced (strong_fit, n=77); ticket_band=mid_ticket_1k_to_4k (possible_fit, n=119); sector=software (neutral, n=14)",66.06104284211905,0.7680734105619392,generalist_match,8.0,True
EM1BA4EK,engaging,cassey_cress,Cassey Cress,Rocco Neubert,East,GTX Basic,low_ticket_under_1k,550,Scotfind,software,over_3b,over_10k,91.0,True,hayden_neloms,Hayden Neloms,Celia Rouche,West,70.77226018635402,0.5547470372387452,possible_specialist,"ticket_band=low_ticket_under_1k (possible_fit, n=23); sector=software (neutral, n=14); revenue_band=over_3b (possible_fit, n=38)",60.93085889636713,0.9,generalist_match,21.0,True
EMH2I8XE,engaging,lajuana_vencill,Lajuana Vencill,Dustin Brinkmann,Central,MG Advanced,mid_ticket_1k_to_4k,3393,Acme Corporation,technology,500m_to_1_5b,2k_to_10k,153.0,True,hayden_neloms,Hayden Neloms,Celia Rouche,West,75.63809848514856,0.8407866074734899,specialist_match,"product=MG Advanced (strong_fit, n=77); ticket_band=mid_ticket_1k_to_4k (possible_fit, n=119); sector=technology (neutral, n=14)",51.201785272882105,0.9,generalist_match,29.0,True
EMUG64GW,engaging,kary_hendrixson,Kary Hendrixson,Summer Sewald,West,GTX Basic,low_ticket_under_1k,550,,,,,185.0,False,hayden_neloms,Hayden Neloms,Celia Rouche,West,70.07479583264518,0.15165750888103105,possible_specialist,"ticket_band=low_ticket_under_1k (possible_fit, n=23)",62.34894675423093,0.5000000000000001,generalist_match,20.0,True
EN8JHUXA,engaging,moses_frase,Moses Frase,Dustin Brinkmann,Central,GTX Basic,low_ticket_under_1k,550,,,,,157.0,False,hayden_neloms,Hayden Neloms,Celia Rouche,West,70.07479583264518,0.15165750888103105,possible_specialist,"ticket_band=low_ticket_under_1k (possible_fit, n=23)",70.02618636544221,0.5000000000000001,specialist_match,2.0,True
EOJHYLXG,prospecting,lajuana_vencill,Lajuana Vencill,Dustin Brinkmann,Central,MG Advanced,mid_ticket_1k_to_4k,3393,,,,,,False,hayden_neloms,Hayden Neloms,Celia Rouche,West,74.19302882850188,0.5000000000000001,specialist_match,"product=MG Advanced (strong_fit, n=77); ticket_band=mid_ticket_1k_to_4k (possible_fit, n=119)",52.69492570854898,0.5000000000000001,generalist_match,29.0,True
EP5QRHID,engaging,boris_faz,Boris Faz,Rocco Neubert,East,MG Advanced,mid_ticket_1k_to_4k,3393,,,,,88.0,False,hayden_neloms,Hayden Neloms,Celia Rouche,West,74.19302882850188,0.5000000000000001,specialist_match,"product=MG Advanced (strong_fit, n=77); ticket_band=mid_ticket_1k_to_4k (possible_fit, n=119)",66.55461435616154,0.46692695630078285,possible_specialist,7.0,True
EP9JNNF1,engaging,violet_mclelland,Violet Mclelland,Cara Losch,East,MG Special,low_ticket_under_1k,55,,,,,153.0,False,hayden_neloms,Hayden Neloms,Celia Rouche,West,71.35150661886287,0.44534101199279935,possible_specialist,"product=MG Special (possible_fit, n=23); ticket_band=low_ticket_under_1k (possible_fit, n=23)",63.49645821399774,0.5000000000000001,generalist_match,18.0,True
EPOB4B15,prospecting,versie_hillebrand,Versie Hillebrand,Dustin Brinkmann,Central,GTX Basic,low_ticket_under_1k,550,,,,,,False,hayden_neloms,Hayden Neloms,Celia Rouche,West,70.07479583264518,0.15165750888103105,possible_specialist,"ticket_band=low_ticket_under_1k (possible_fit, n=23)",67.32182856636227,0.4738612787525831,possible_specialist,3.0,True
EPSIB2JR,engaging,violet_mclelland,Violet Mclelland,Cara Losch,East,MG Special,low_ticket_under_1k,55,Zoomit,entertainment,under_500m,500_to_2k,219.0,True,hayden_neloms,Hayden Neloms,Celia Rouche,West,71.3258779830595,0.6170904842008752,possible_specialist,"product=MG Special (possible_fit, n=23); ticket_band=low_ticket_under_1k (possible_fit, n=23); employee_band=500_to_2k (neutral, n=30)",63.22860327959375,0.8732050807568877,generalist_match,18.0,True
EQ0PLA0O,engaging,vicki_laflamme,Vicki Laflamme,Celia Rouche,West,MG Special,low_ticket_under_1k,55,,,,,109.0,False,hayden_neloms,Hayden Neloms,Celia Rouche,West,71.35150661886287,0.44534101199279935,possible_specialist,"product=MG Special (possible_fit, n=23); ticket_band=low_ticket_under_1k (possible_fit, n=23)",63.64770011642242,0.5000000000000001,generalist_match,15.0,True
EQCD7G7Q,engaging,rosalina_dieter,Rosalina Dieter,Celia Rouche,West,GTX Basic,low_ticket_under_1k,550,Initech,telecommunications,over_3b,over_10k,357.0,True,hayden_neloms,Hayden Neloms,Celia Rouche,West,71.09986234761055,0.48939771896331463,possible_specialist,"ticket_band=low_ticket_under_1k (possible_fit, n=23); sector=telecommunications (neutral, n=15); revenue_band=over_3b (possible_fit, n=38)",64.80157186223003,0.5096277082435757,generalist_match,13.0,True
ER0U0TOC,engaging,corliss_cosme,Corliss Cosme,Cara Losch,East,GTX Basic,low_ticket_under_1k,550,,,,,107.0,False,hayden_neloms,Hayden Neloms,Celia Rouche,West,70.07479583264518,0.15165750888103105,possible_specialist,"ticket_band=low_ticket_under_1k (possible_fit, n=23)",66.30377602466332,0.5000000000000001,possible_specialist,6.0,True
ERD6D5K3,engaging,anna_snelling,Anna Snelling,Dustin Brinkmann,Central,GTX Basic,low_ticket_under_1k,550,,,,,154.0,False,hayden_neloms,Hayden Neloms,Celia Rouche,West,70.07479583264518,0.15165750888103105,possible_specialist,"ticket_band=low_ticket_under_1k (possible_fit, n=23)",62.58976906657469,0.5000000000000001,specialist_match,19.0,True
ERFRHR3Z,engaging,hayden_neloms,Hayden Neloms,Celia Rouche,West,MG Advanced,mid_ticket_1k_to_4k,3393,,,,,382.0,False,hayden_neloms,Hayden Neloms,Celia Rouche,West,74.19302882850188,0.5000000000000001,specialist_match,"product=MG Advanced (strong_fit, n=77); ticket_band=mid_ticket_1k_to_4k (possible_fit, n=119)",74.19302882850188,0.5000000000000001,specialist_match,1.0,False
ERTQ4SN3,engaging,lajuana_vencill,Lajuana Vencill,Dustin Brinkmann,Central,MG Special,low_ticket_under_1k,55,Zumgoity,medical,under_500m,500_to_2k,155.0,True,hayden_neloms,Hayden Neloms,Celia Rouche,West,71.90765687671284,0.7585118404381849,possible_specialist,"product=MG Special (possible_fit, n=23); ticket_band=low_ticket_under_1k (possible_fit, n=23); sector=medical (neutral, n=12)",48.113106692688746,0.9,generalist_match,29.0,True
ESZY10SI,engaging,hayden_neloms,Hayden Neloms,Celia Rouche,West,MG Advanced,mid_ticket_1k_to_4k,3393,,,,,312.0,False,hayden_neloms,Hayden Neloms,Celia Rouche,West,74.19302882850188,0.5000000000000001,specialist_match,"product=MG Advanced (strong_fit, n=77); ticket_band=mid_ticket_1k_to_4k (possible_fit, n=119)",74.19302882850188,0.5000000000000001,specialist_match,1.0,False
ETJR6FUL,prospecting,marty_freudenburg,Marty Freudenburg,Melvin Marxen,Central,GTX Basic,low_ticket_under_1k,550,Plexzap,retail,1_5b_to_3b,2k_to_10k,,True,hayden_neloms,Hayden Neloms,Celia Rouche,West,72.55536826966991,0.5516575088810312,specialist_match,"ticket_band=low_ticket_under_1k (possible_fit, n=23); sector=retail (possible_fit, n=36); revenue_band=1_5b_to_3b (strong_fit, n=54)",63.90076387775682,0.9,specialist_match,17.0,True
ETLF2H4K,engaging,maureen_marcano,Maureen Marcano,Summer Sewald,West,GTX Plus Basic,mid_ticket_1k_to_4k,1096,,,,,163.0,False,maureen_marcano,Maureen Marcano,Summer Sewald,West,73.48602163110729,0.5000000000000001,specialist_match,"product=GTX Plus Basic (strong_fit, n=70); ticket_band=mid_ticket_1k_to_4k (strong_fit, n=87)",73.48602163110729,0.5000000000000001,specialist_match,1.0,False
ETZKANFZ,engaging,markita_hansen,Markita Hansen,Celia Rouche,West,GTX Basic,low_ticket_under_1k,550,,,,,344.0,False,hayden_neloms,Hayden Neloms,Celia Rouche,West,70.07479583264518,0.15165750888103105,possible_specialist,"ticket_band=low_ticket_under_1k (possible_fit, n=23)",56.20696202242551,0.5000000000000001,generalist_match,28.0,True
EU4DPJGN,prospecting,anna_snelling,Anna Snelling,Dustin Brinkmann,Central,MG Special,low_ticket_under_1k,55,,,,,,False,hayden_neloms,Hayden Neloms,Celia Rouche,West,71.35150661886287,0.44534101199279935,possible_specialist,"product=MG Special (possible_fit, n=23); ticket_band=low_ticket_under_1k (possible_fit, n=23)",64.31764459641298,0.5000000000000001,specialist_match,13.0,True
EUBMHJGQ,engaging,versie_hillebrand,Versie Hillebrand,Dustin Brinkmann,Central,MG Special,low_ticket_under_1k,55,Hottechi,technology,over_3b,over_10k,163.0,True,hayden_neloms,Hayden Neloms,Celia Rouche,West,72.56857911381731,0.7777198622318587,possible_specialist,"product=MG Special (possible_fit, n=23); ticket_band=low_ticket_under_1k (possible_fit, n=23); sector=technology (neutral, n=14)",69.16147188462607,0.9465394325591703,specialist_match,4.0,True
EUG019AS,engaging,corliss_cosme,Corliss Cosme,Cara Losch,East,GTX Basic,low_ticket_under_1k,550,,,,,373.0,False,hayden_neloms,Hayden Neloms,Celia Rouche,West,70.07479583264518,0.15165750888103105,possible_specialist,"ticket_band=low_ticket_under_1k (possible_fit, n=23)",66.30377602466332,0.5000000000000001,possible_specialist,6.0,True
EUYJDW9C,engaging,kary_hendrixson,Kary Hendrixson,Summer Sewald,West,GTX Pro,high_ticket_4k_to_10k,4821,,,,,216.0,False,maureen_marcano,Maureen Marcano,Summer Sewald,West,73.54787621751144,0.5000000000000001,specialist_match,"product=GTX Pro (strong_fit, n=30); ticket_band=high_ticket_4k_to_10k (strong_fit, n=62)",62.91009537954826,0.5000000000000001,generalist_match,19.0,True
EVDKJDY3,engaging,jonathan_berthelot,Jonathan Berthelot,Melvin Marxen,Central,GTX Plus Basic,mid_ticket_1k_to_4k,1096,,,,,157.0,False,maureen_marcano,Maureen Marcano,Summer Sewald,West,73.48602163110729,0.5000000000000001,specialist_match,"product=GTX Plus Basic (strong_fit, n=70); ticket_band=mid_ticket_1k_to_4k (strong_fit, n=87)",64.58087656615885,0.5000000000000001,generalist_match,11.0,True
EVXPG3V5,engaging,lajuana_vencill,Lajuana Vencill,Dustin Brinkmann,Central,GTX Basic,low_ticket_under_1k,550,The New York Inquirer,medical,under_500m,500_to_2k,144.0,True,hayden_neloms,Hayden Neloms,Celia Rouche,West,70.63094609049514,0.46482833732641654,possible_specialist,"ticket_band=low_ticket_under_1k (possible_fit, n=23); sector=medical (neutral, n=12); employee_band=500_to_2k (neutral, n=30)",49.168836995788624,0.9,generalist_match,29.0,True
EW28ZONV,engaging,zane_levy,Zane Levy,Summer Sewald,West,GTX Plus Basic,mid_ticket_1k_to_4k,1096,,,,,309.0,False,maureen_marcano,Maureen Marcano,Summer Sewald,West,73.48602163110729,0.5000000000000001,specialist_match,"product=GTX Plus Basic (strong_fit, n=70); ticket_band=mid_ticket_1k_to_4k (strong_fit, n=87)",61.1854378680592,0.5000000000000001,generalist_match,22.0,True
EWDOBEM6,engaging,hayden_neloms,Hayden Neloms,Celia Rouche,West,MG Special,low_ticket_under_1k,55,,,,,362.0,False,hayden_neloms,Hayden Neloms,Celia Rouche,West,71.35150661886287,0.44534101199279935,possible_specialist,"product=MG Special (possible_fit, n=23); ticket_band=low_ticket_under_1k (possible_fit, n=23)",71.35150661886287,0.44534101199279935,possible_specialist,1.0,False
EY7OI10Z,engaging,darcel_schlecht,Darcel Schlecht,Melvin Marxen,Central,GTX Plus Basic,mid_ticket_1k_to_4k,1096,,,,,154.0,False,maureen_marcano,Maureen Marcano,Summer Sewald,West,73.48602163110729,0.5000000000000001,specialist_match,"product=GTX Plus Basic (strong_fit, n=70); ticket_band=mid_ticket_1k_to_4k (strong_fit, n=87)",64.79805655096737,0.5000000000000001,specialist_match,10.0,True
EYBMEX1Z,engaging,moses_frase,Moses Frase,Dustin Brinkmann,Central,GTX Basic,low_ticket_under_1k,550,,,,,161.0,False,hayden_neloms,Hayden Neloms,Celia Rouche,West,70.07479583264518,0.15165750888103105,possible_specialist,"ticket_band=low_ticket_under_1k (possible_fit, n=23)",70.02618636544221,0.5000000000000001,specialist_match,2.0,True
EYR5E7LO,prospecting,darcel_schlecht,Darcel Schlecht,Melvin Marxen,Central,GTX Pro,high_ticket_4k_to_10k,4821,Initech,telecommunications,over_3b,over_10k,,True,maureen_marcano,Maureen Marcano,Summer Sewald,West,75.11159954108598,0.8683250823060348,specialist_match,"product=GTX Pro (strong_fit, n=30); ticket_band=high_ticket_4k_to_10k (strong_fit, n=62); sector=telecommunications (possible_fit, n=17)",59.994276083288256,0.8961769203083568,generalist_match,24.0,True
EZDMNAK8,engaging,lajuana_vencill,Lajuana Vencill,Dustin Brinkmann,Central,MG Advanced,mid_ticket_1k_to_4k,3393,Plussunin,retail,500m_to_1_5b,2k_to_10k,139.0,True,hayden_neloms,Hayden Neloms,Celia Rouche,West,76.28020457130437,0.8880340843082951,specialist_match,"product=MG Advanced (strong_fit, n=77); ticket_band=mid_ticket_1k_to_4k (possible_fit, n=119); sector=retail (possible_fit, n=36)",49.88250398164778,0.9,generalist_match,29.0,True
EZVKSQ9C,engaging,boris_faz,Boris Faz,Rocco Neubert,East,GTX Plus Pro,high_ticket_4k_to_10k,5482,Genco Pura Olive Oil Company,retail,500m_to_1_5b,500_to_2k,380.0,True,maureen_marcano,Maureen Marcano,Summer Sewald,West,76.4032314801742,0.8801439750477924,specialist_match,"product=GTX Plus Pro (strong_fit, n=32); ticket_band=high_ticket_4k_to_10k (strong_fit, n=62); sector=retail (strong_fit, n=39)",65.76234698756167,0.8774596669241485,specialist_match,11.0,True
F0K8UDEG,prospecting,jonathan_berthelot,Jonathan Berthelot,Melvin Marxen,Central,GTX Pro,high_ticket_4k_to_10k,4821,,,,,,False,maureen_marcano,Maureen Marcano,Summer Sewald,West,73.54787621751144,0.5000000000000001,specialist_match,"product=GTX Pro (strong_fit, n=30); ticket_band=high_ticket_4k_to_10k (strong_fit, n=62)",64.8953452967243,0.5000000000000001,generalist_match,12.0,True
F11IGBLD,prospecting,marty_freudenburg,Marty Freudenburg,Melvin Marxen,Central,GTX Plus Pro,high_ticket_4k_to_10k,5482,,,,,,False,maureen_marcano,Maureen Marcano,Summer Sewald,West,74.25820338006682,0.5000000000000001,specialist_match,"product=GTX Plus Pro (strong_fit, n=32); ticket_band=high_ticket_4k_to_10k (strong_fit, n=62)",64.83792882392267,0.5000000000000001,specialist_match,10.0,True
F14T88OP,prospecting,lajuana_vencill,Lajuana Vencill,Dustin Brinkmann,Central,GTX Plus Pro,high_ticket_4k_to_10k,5482,,,,,,False,maureen_marcano,Maureen Marcano,Summer Sewald,West,74.25820338006682,0.5000000000000001,specialist_match,"product=GTX Plus Pro (strong_fit, n=32); ticket_band=high_ticket_4k_to_10k (strong_fit, n=62)",55.21717150379561,0.252487623459052,low_confidence,29.0,True
F1NWH30L,prospecting,marty_freudenburg,Marty Freudenburg,Melvin Marxen,Central,MG Advanced,mid_ticket_1k_to_4k,3393,,,,,,False,hayden_neloms,Hayden Neloms,Celia Rouche,West,74.19302882850188,0.5000000000000001,specialist_match,"product=MG Advanced (strong_fit, n=77); ticket_band=mid_ticket_1k_to_4k (possible_fit, n=119)",60.0456314423343,0.5000000000000001,generalist_match,22.0,True
F22C6LKO,prospecting,gladys_colclough,Gladys Colclough,Melvin Marxen,Central,MG Special,low_ticket_under_1k,55,The New York Inquirer,medical,under_500m,500_to_2k,,True,hayden_neloms,Hayden Neloms,Celia Rouche,West,71.90765687671284,0.7585118404381849,possible_specialist,"product=MG Special (possible_fit, n=23); ticket_band=low_ticket_under_1k (possible_fit, n=23); sector=medical (neutral, n=12)",55.78675554866085,0.9,generalist_match,27.0,True
F2B62IW4,engaging,maureen_marcano,Maureen Marcano,Summer Sewald,West,MG Special,low_ticket_under_1k,55,Bioplex,medical,under_500m,500_to_2k,306.0,True,hayden_neloms,Hayden Neloms,Celia Rouche,West,71.90765687671284,0.7585118404381849,possible_specialist,"product=MG Special (possible_fit, n=23); ticket_band=low_ticket_under_1k (possible_fit, n=23); sector=medical (neutral, n=12)",70.24705019333828,0.8651762419816388,specialist_match,2.0,True
F3EOBN5A,engaging,moses_frase,Moses Frase,Dustin Brinkmann,Central,GTX Plus Pro,high_ticket_4k_to_10k,5482,Genco Pura Olive Oil Company,retail,500m_to_1_5b,500_to_2k,164.0,True,maureen_marcano,Maureen Marcano,Summer Sewald,West,76.4032314801742,0.8801439750477924,specialist_match,"product=GTX Plus Pro (strong_fit, n=32); ticket_band=high_ticket_4k_to_10k (strong_fit, n=62); sector=retail (strong_fit, n=39)",66.18005113528815,0.9299193338482968,specialist_match,9.0,True
F4W7Z1UU,prospecting,anna_snelling,Anna Snelling,Dustin Brinkmann,Central,MG Special,low_ticket_under_1k,55,Vehement Capital Partners,finance,500m_to_1_5b,500_to_2k,,True,hayden_neloms,Hayden Neloms,Celia Rouche,West,71.72724232828777,0.6199776366795383,possible_specialist,"product=MG Special (possible_fit, n=23); ticket_band=low_ticket_under_1k (possible_fit, n=23); revenue_band=500m_to_1_5b (neutral, n=31)",62.895919921875674,0.9,specialist_match,19.0,True
F569KUVC,engaging,kami_bicknell,Kami Bicknell,Summer Sewald,West,GTX Basic,low_ticket_under_1k,550,,,,,341.0,False,hayden_neloms,Hayden Neloms,Celia Rouche,West,70.07479583264518,0.15165750888103105,possible_specialist,"ticket_band=low_ticket_under_1k (possible_fit, n=23)",64.9706180992233,0.5000000000000001,possible_specialist,12.0,True
F5I33E1I,engaging,elease_gluck,Elease Gluck,Celia Rouche,West,MG Special,low_ticket_under_1k,55,Sumace,retail,under_500m,under_500,293.0,True,hayden_neloms,Hayden Neloms,Celia Rouche,West,72.34019880586888,0.7304879438224315,possible_specialist,"product=MG Special (possible_fit, n=23); ticket_band=low_ticket_under_1k (possible_fit, n=23); sector=retail (possible_fit, n=36)",64.20362594509935,0.7866025403784439,specialist_match,17.0,True
F5U1ACDD,engaging,kami_bicknell,Kami Bicknell,Summer Sewald,West,GTX Plus Basic,mid_ticket_1k_to_4k,1096,,,,,407.0,False,maureen_marcano,Maureen Marcano,Summer Sewald,West,73.48602163110729,0.5000000000000001,specialist_match,"product=GTX Plus Basic (strong_fit, n=70); ticket_band=mid_ticket_1k_to_4k (strong_fit, n=87)",61.37515449443525,0.5000000000000001,generalist_match,21.0,True
F6AOT0NK,prospecting,darcel_schlecht,Darcel Schlecht,Melvin Marxen,Central,MG Advanced,mid_ticket_1k_to_4k,3393,,,,,,False,hayden_neloms,Hayden Neloms,Celia Rouche,West,74.19302882850188,0.5000000000000001,specialist_match,"product=MG Advanced (strong_fit, n=77); ticket_band=mid_ticket_1k_to_4k (possible_fit, n=119)",63.28724737299752,0.5000000000000001,possible_specialist,13.0,True
F761DF0M,engaging,zane_levy,Zane Levy,Summer Sewald,West,GTX Basic,low_ticket_under_1k,550,Silis,medical,1_5b_to_3b,2k_to_10k,81.0,True,hayden_neloms,Hayden Neloms,Celia Rouche,West,72.05598215497773,0.4930788651183406,specialist_match,"ticket_band=low_ticket_under_1k (possible_fit, n=23); sector=medical (neutral, n=12); revenue_band=1_5b_to_3b (strong_fit, n=54)",59.50689059339549,0.9,generalist_match,22.0,True
F77XD7IZ,prospecting,cecily_lampkin,Cecily Lampkin,Dustin Brinkmann,Central,MG Advanced,mid_ticket_1k_to_4k,3393,,,,,,False,hayden_neloms,Hayden Neloms,Celia Rouche,West,74.19302882850188,0.5000000000000001,specialist_match,"product=MG Advanced (strong_fit, n=77); ticket_band=mid_ticket_1k_to_4k (possible_fit, n=119)",68.79942715958568,0.5000000000000001,specialist_match,3.0,True
F8QQEW1W,engaging,kami_bicknell,Kami Bicknell,Summer Sewald,West,GTX Plus Basic,mid_ticket_1k_to_4k,1096,,,,,210.0,False,maureen_marcano,Maureen Marcano,Summer Sewald,West,73.48602163110729,0.5000000000000001,specialist_match,"product=GTX Plus Basic (strong_fit, n=70); ticket_band=mid_ticket_1k_to_4k (strong_fit, n=87)",61.37515449443525,0.5000000000000001,generalist_match,21.0,True
FB9M4FR7,engaging,james_ascencio,James Ascencio,Summer Sewald,West,MG Special,low_ticket_under_1k,55,,,,,280.0,False,hayden_neloms,Hayden Neloms,Celia Rouche,West,71.35150661886287,0.44534101199279935,possible_specialist,"product=MG Special (possible_fit, n=23); ticket_band=low_ticket_under_1k (possible_fit, n=23)",65.65720443459503,0.44494897427831787,generalist_match,10.0,True
FBDS7GIZ,prospecting,jonathan_berthelot,Jonathan Berthelot,Melvin Marxen,Central,GTX Pro,high_ticket_4k_to_10k,4821,,,,,,False,maureen_marcano,Maureen Marcano,Summer Sewald,West,73.54787621751144,0.5000000000000001,specialist_match,"product=GTX Pro (strong_fit, n=30); ticket_band=high_ticket_4k_to_10k (strong_fit, n=62)",64.8953452967243,0.5000000000000001,generalist_match,12.0,True
FCBSZ6FJ,engaging,anna_snelling,Anna Snelling,Dustin Brinkmann,Central,GTX Plus Pro,high_ticket_4k_to_10k,5482,,,,,144.0,False,maureen_marcano,Maureen Marcano,Summer Sewald,West,74.25820338006682,0.5000000000000001,specialist_match,"product=GTX Plus Pro (strong_fit, n=32); ticket_band=high_ticket_4k_to_10k (strong_fit, n=62)",60.089753742851585,0.5000000000000001,generalist_match,24.0,True
FCNN6UY0,prospecting,versie_hillebrand,Versie Hillebrand,Dustin Brinkmann,Central,MG Advanced,mid_ticket_1k_to_4k,3393,Ganjaflex,retail,over_3b,over_10k,,True,hayden_neloms,Hayden Neloms,Celia Rouche,West,76.05220740961212,0.8796263270738646,specialist_match,"product=MG Advanced (strong_fit, n=77); ticket_band=mid_ticket_1k_to_4k (possible_fit, n=119); sector=retail (possible_fit, n=36)",65.92981129216697,0.8758287544405156,specialist_match,9.0,True
FEEOZHT8,prospecting,anna_snelling,Anna Snelling,Dustin Brinkmann,Central,MG Advanced,mid_ticket_1k_to_4k,3393,,,,,,False,hayden_neloms,Hayden Neloms,Celia Rouche,West,74.19302882850188,0.5000000000000001,specialist_match,"product=MG Advanced (strong_fit, n=77); ticket_band=mid_ticket_1k_to_4k (possible_fit, n=119)",57.502548739829464,0.5000000000000001,generalist_match,26.0,True
FEFNNXH1,engaging,anna_snelling,Anna Snelling,Dustin Brinkmann,Central,MG Special,low_ticket_under_1k,55,Singletechno,retail,1_5b_to_3b,2k_to_10k,162.0,True,hayden_neloms,Hayden Neloms,Celia Rouche,West,74.14524989137814,0.9160516901114542,specialist_match,"product=MG Special (possible_fit, n=23); ticket_band=low_ticket_under_1k (possible_fit, n=23); sector=retail (possible_fit, n=36)",62.868759787957835,0.9,specialist_match,20.0,True
FEL7FQQG,prospecting,darcel_schlecht,Darcel Schlecht,Melvin Marxen,Central,GTX Plus Basic,mid_ticket_1k_to_4k,1096,,,,,,False,maureen_marcano,Maureen Marcano,Summer Sewald,West,73.48602163110729,0.5000000000000001,specialist_match,"product=GTX Plus Basic (strong_fit, n=70); ticket_band=mid_ticket_1k_to_4k (strong_fit, n=87)",64.79805655096737,0.5000000000000001,specialist_match,10.0,True
FGSBCJSC,prospecting,darcel_schlecht,Darcel Schlecht,Melvin Marxen,Central,GTX Pro,high_ticket_4k_to_10k,4821,,,,,,False,maureen_marcano,Maureen Marcano,Summer Sewald,West,73.54787621751144,0.5000000000000001,specialist_match,"product=GTX Pro (strong_fit, n=30); ticket_band=high_ticket_4k_to_10k (strong_fit, n=62)",61.87208356326526,0.5000000000000001,generalist_match,22.0,True
FH30JK3J,engaging,cassey_cress,Cassey Cress,Rocco Neubert,East,GTX Plus Basic,mid_ticket_1k_to_4k,1096,Ontomedia,employment,500m_to_1_5b,2k_to_10k,116.0,True,maureen_marcano,Maureen Marcano,Summer Sewald,West,74.42790558321582,0.8823915424529561,specialist_match,"product=GTX Plus Basic (strong_fit, n=70); ticket_band=mid_ticket_1k_to_4k (strong_fit, n=87); revenue_band=500m_to_1_5b (neutral, n=30)",62.66955454398588,0.7000000000000001,specialist_match,17.0,True
FH3UXT3T,engaging,darcel_schlecht,Darcel Schlecht,Melvin Marxen,Central,GTX Pro,high_ticket_4k_to_10k,4821,,,,,145.0,False,maureen_marcano,Maureen Marcano,Summer Sewald,West,73.54787621751144,0.5000000000000001,specialist_match,"product=GTX Pro (strong_fit, n=30); ticket_band=high_ticket_4k_to_10k (strong_fit, n=62)",61.87208356326526,0.5000000000000001,generalist_match,22.0,True
FHM7LYZ3,engaging,corliss_cosme,Corliss Cosme,Cara Losch,East,MG Special,low_ticket_under_1k,55,,,,,205.0,False,hayden_neloms,Hayden Neloms,Celia Rouche,West,71.35150661886287,0.44534101199279935,possible_specialist,"product=MG Special (possible_fit, n=23); ticket_band=low_ticket_under_1k (possible_fit, n=23)",66.07295182044197,0.44494897427831787,possible_specialist,8.0,True
FHPRER2D,engaging,versie_hillebrand,Versie Hillebrand,Dustin Brinkmann,Central,MG Special,low_ticket_under_1k,55,Sonron,telecommunications,1_5b_to_3b,2k_to_10k,159.0,True,hayden_neloms,Hayden Neloms,Celia Rouche,West,72.99796698974274,0.8034548950012184,specialist_match,"product=MG Special (possible_fit, n=23); ticket_band=low_ticket_under_1k (possible_fit, n=23); sector=telecommunications (neutral, n=15)",69.7320206083859,0.8732050807568877,specialist_match,3.0,True
FHWXZ6HL,engaging,rosie_papadopoulos,Rosie Papadopoulos,Cara Losch,East,GTX Pro,high_ticket_4k_to_10k,4821,,,,,236.0,False,maureen_marcano,Maureen Marcano,Summer Sewald,West,73.54787621751144,0.5000000000000001,specialist_match,"product=GTX Pro (strong_fit, n=30); ticket_band=high_ticket_4k_to_10k (strong_fit, n=62)",68.07980309865687,0.5000000000000001,specialist_match,3.0,True
FHYD80FB,engaging,kami_bicknell,Kami Bicknell,Summer Sewald,West,GTX Pro,high_ticket_4k_to_10k,4821,,,,,197.0,False,maureen_marcano,Maureen Marcano,Summer Sewald,West,73.54787621751144,0.5000000000000001,specialist_match,"product=GTX Pro (strong_fit, n=30); ticket_band=high_ticket_4k_to_10k (strong_fit, n=62)",62.17486893491999,0.5000000000000001,generalist_match,21.0,True
FJE58EP1,engaging,darcel_schlecht,Darcel Schlecht,Melvin Marxen,Central,GTX Pro,high_ticket_4k_to_10k,4821,,,,,139.0,False,maureen_marcano,Maureen Marcano,Summer Sewald,West,73.54787621751144,0.5000000000000001,specialist_match,"product=GTX Pro (strong_fit, n=30); ticket_band=high_ticket_4k_to_10k (strong_fit, n=62)",61.87208356326526,0.5000000000000001,generalist_match,22.0,True
FJHKS2T2,prospecting,niesha_huffines,Niesha Huffines,Melvin Marxen,Central,GTX Basic,low_ticket_under_1k,550,Plussunin,retail,500m_to_1_5b,2k_to_10k,,True,hayden_neloms,Hayden Neloms,Celia Rouche,West,72.16197157544767,0.5396915931893262,specialist_match,"ticket_band=low_ticket_under_1k (possible_fit, n=23); sector=retail (possible_fit, n=36); revenue_band=500m_to_1_5b (neutral, n=31)",56.17395453426478,0.9,generalist_match,25.0,True
FKVC924F,engaging,daniell_hammack,Daniell Hammack,Rocco Neubert,East,GTX Pro,high_ticket_4k_to_10k,4821,,,,,136.0,False,maureen_marcano,Maureen Marcano,Summer Sewald,West,73.54787621751144,0.5000000000000001,specialist_match,"product=GTX Pro (strong_fit, n=30); ticket_band=high_ticket_4k_to_10k (strong_fit, n=62)",63.40213266738296,0.5000000000000001,specialist_match,17.0,True
FKY3O5O1,engaging,niesha_huffines,Niesha Huffines,Melvin Marxen,Central,GTX Pro,high_ticket_4k_to_10k,4821,Zotware,software,over_3b,over_10k,152.0,True,maureen_marcano,Maureen Marcano,Summer Sewald,West,75.07200875279338,0.9,specialist_match,"product=GTX Pro (strong_fit, n=30); ticket_band=high_ticket_4k_to_10k (strong_fit, n=62); sector=software (possible_fit, n=29)",54.706458840191765,0.6726277291639438,generalist_match,26.0,True
FM505XD5,engaging,daniell_hammack,Daniell Hammack,Rocco Neubert,East,GTX Plus Pro,high_ticket_4k_to_10k,5482,Y-corporation,employment,1_5b_to_3b,2k_to_10k,267.0,True,maureen_marcano,Maureen Marcano,Summer Sewald,West,75.99854163568136,0.9787046218333973,specialist_match,"product=GTX Plus Pro (strong_fit, n=32); ticket_band=high_ticket_4k_to_10k (strong_fit, n=62); revenue_band=1_5b_to_3b (strong_fit, n=65)",61.977822239928884,0.6836660026534076,specialist_match,20.0,True
FMRVHL9O,prospecting,marty_freudenburg,Marty Freudenburg,Melvin Marxen,Central,GTX Plus Basic,mid_ticket_1k_to_4k,1096,Toughzap,retail,under_500m,500_to_2k,,True,maureen_marcano,Maureen Marcano,Summer Sewald,West,75.55177288718147,0.8935414346693485,specialist_match,"product=GTX Plus Basic (strong_fit, n=70); ticket_band=mid_ticket_1k_to_4k (strong_fit, n=87); sector=retail (strong_fit, n=39)",61.709820245679644,0.975,generalist_match,20.0,True
FN1QX0BQ,engaging,violet_mclelland,Violet Mclelland,Cara Losch,East,MG Special,low_ticket_under_1k,55,,,,,264.0,False,hayden_neloms,Hayden Neloms,Celia Rouche,West,71.35150661886287,0.44534101199279935,possible_specialist,"product=MG Special (possible_fit, n=23); ticket_band=low_ticket_under_1k (possible_fit, n=23)",63.49645821399774,0.5000000000000001,generalist_match,18.0,True
FNLAOXF8,prospecting,versie_hillebrand,Versie Hillebrand,Dustin Brinkmann,Central,GTX Basic,low_ticket_under_1k,550,,,,,,False,hayden_neloms,Hayden Neloms,Celia Rouche,West,70.07479583264518,0.15165750888103105,possible_specialist,"ticket_band=low_ticket_under_1k (possible_fit, n=23)",67.32182856636227,0.4738612787525831,possible_specialist,3.0,True
FOJG3OCO,engaging,corliss_cosme,Corliss Cosme,Cara Losch,East,GTX Plus Pro,high_ticket_4k_to_10k,5482,,,,,183.0,False,maureen_marcano,Maureen Marcano,Summer Sewald,West,74.25820338006682,0.5000000000000001,specialist_match,"product=GTX Plus Pro (strong_fit, n=32); ticket_band=high_ticket_4k_to_10k (strong_fit, n=62)",69.21379131703326,0.5000000000000001,specialist_match,3.0,True
FPLXC8Z3,engaging,kary_hendrixson,Kary Hendrixson,Summer Sewald,West,GTX Plus Pro,high_ticket_4k_to_10k,5482,,,,,158.0,False,maureen_marcano,Maureen Marcano,Summer Sewald,West,74.25820338006682,0.5000000000000001,specialist_match,"product=GTX Plus Pro (strong_fit, n=32); ticket_band=high_ticket_4k_to_10k (strong_fit, n=62)",62.634701152531576,0.5000000000000001,generalist_match,19.0,True
FQI66XXN,engaging,marty_freudenburg,Marty Freudenburg,Melvin Marxen,Central,GTX Basic,low_ticket_under_1k,550,,,,,155.0,False,hayden_neloms,Hayden Neloms,Celia Rouche,West,70.07479583264518,0.15165750888103105,possible_specialist,"ticket_band=low_ticket_under_1k (possible_fit, n=23)",63.85390031863743,0.5000000000000001,specialist_match,17.0,True
FS60AX8A,engaging,lajuana_vencill,Lajuana Vencill,Dustin Brinkmann,Central,GTX Basic,low_ticket_under_1k,550,,,,,145.0,False,hayden_neloms,Hayden Neloms,Celia Rouche,West,70.07479583264518,0.15165750888103105,possible_specialist,"ticket_band=low_ticket_under_1k (possible_fit, n=23)",52.685793792795806,0.5000000000000001,generalist_match,29.0,True
FSEV7ZJC,engaging,darcel_schlecht,Darcel Schlecht,Melvin Marxen,Central,GTX Pro,high_ticket_4k_to_10k,4821,,,,,153.0,False,maureen_marcano,Maureen Marcano,Summer Sewald,West,73.54787621751144,0.5000000000000001,specialist_match,"product=GTX Pro (strong_fit, n=30); ticket_band=high_ticket_4k_to_10k (strong_fit, n=62)",61.87208356326526,0.5000000000000001,generalist_match,22.0,True
FSNL204U,engaging,marty_freudenburg,Marty Freudenburg,Melvin Marxen,Central,GTX Plus Pro,high_ticket_4k_to_10k,5482,Hatfan,services,500m_to_1_5b,500_to_2k,144.0,True,maureen_marcano,Maureen Marcano,Summer Sewald,West,75.5542506996909,0.87162939659906,specialist_match,"product=GTX Plus Pro (strong_fit, n=32); ticket_band=high_ticket_4k_to_10k (strong_fit, n=62); sector=services (possible_fit, n=22)",64.51082250700476,0.7000000000000001,specialist_match,13.0,True
FSYTM6YE,engaging,james_ascencio,James Ascencio,Summer Sewald,West,GTX Pro,high_ticket_4k_to_10k,4821,,,,,95.0,False,maureen_marcano,Maureen Marcano,Summer Sewald,West,73.54787621751144,0.5000000000000001,specialist_match,"product=GTX Pro (strong_fit, n=30); ticket_band=high_ticket_4k_to_10k (strong_fit, n=62)",65.1112263897771,0.5000000000000001,generalist_match,9.0,True
FT5U6NIG,engaging,anna_snelling,Anna Snelling,Dustin Brinkmann,Central,MG Special,low_ticket_under_1k,55,,,,,162.0,False,hayden_neloms,Hayden Neloms,Celia Rouche,West,71.35150661886287,0.44534101199279935,possible_specialist,"product=MG Special (possible_fit, n=23); ticket_band=low_ticket_under_1k (possible_fit, n=23)",64.31764459641298,0.5000000000000001,specialist_match,13.0,True
FU2PQZR4,prospecting,darcel_schlecht,Darcel Schlecht,Melvin Marxen,Central,GTX Plus Pro,high_ticket_4k_to_10k,5482,Green-Plus,services,500m_to_1_5b,500_to_2k,,True,maureen_marcano,Maureen Marcano,Summer Sewald,West,75.5542506996909,0.87162939659906,specialist_match,"product=GTX Plus Pro (strong_fit, n=32); ticket_band=high_ticket_4k_to_10k (strong_fit, n=62); sector=services (possible_fit, n=22)",65.60874690210748,0.9,specialist_match,9.0,True
FUI9BIS3,engaging,moses_frase,Moses Frase,Dustin Brinkmann,Central,MG Advanced,mid_ticket_1k_to_4k,3393,Funholding,finance,1_5b_to_3b,2k_to_10k,149.0,True,hayden_neloms,Hayden Neloms,Celia Rouche,West,75.59243625718109,0.7000000000000001,specialist_match,"product=MG Advanced (strong_fit, n=77); ticket_band=mid_ticket_1k_to_4k (possible_fit, n=119); revenue_band=1_5b_to_3b (strong_fit, n=54)",68.06365969706616,0.8914854215512676,specialist_match,4.0,True
FVGRGJU8,engaging,rosie_papadopoulos,Rosie Papadopoulos,Cara Losch,East,MG Advanced,mid_ticket_1k_to_4k,3393,Betatech,medical,500m_to_1_5b,500_to_2k,254.0,True,hayden_neloms,Hayden Neloms,Celia Rouche,West,75.15054343158012,0.8160579809240486,specialist_match,"product=MG Advanced (strong_fit, n=77); ticket_band=mid_ticket_1k_to_4k (possible_fit, n=119); sector=medical (neutral, n=12)",63.904577416140526,0.8148268609515277,specialist_match,14.0,True
FVVATY89,prospecting,darcel_schlecht,Darcel Schlecht,Melvin Marxen,Central,GTX Pro,high_ticket_4k_to_10k,4821,Ron-tech,medical,over_3b,2k_to_10k,,True,maureen_marcano,Maureen Marcano,Summer Sewald,West,76.09823386966151,0.8779513042005219,specialist_match,"product=GTX Pro (strong_fit, n=30); ticket_band=high_ticket_4k_to_10k (strong_fit, n=62); sector=medical (strong_fit, n=19)",61.61050030543512,1.0,specialist_match,22.0,True
FW2CVY2X,prospecting,jonathan_berthelot,Jonathan Berthelot,Melvin Marxen,Central,GTX Plus Pro,high_ticket_4k_to_10k,5482,,,,,,False,maureen_marcano,Maureen Marcano,Summer Sewald,West,74.25820338006682,0.5000000000000001,specialist_match,"product=GTX Plus Pro (strong_fit, n=32); ticket_band=high_ticket_4k_to_10k (strong_fit, n=62)",64.69291131170083,0.20000000000000004,low_confidence,11.0,True
FW2XJG9S,engaging,markita_hansen,Markita Hansen,Celia Rouche,West,GTX Plus Basic,mid_ticket_1k_to_4k,1096,,,,,319.0,False,maureen_marcano,Maureen Marcano,Summer Sewald,West,73.48602163110729,0.5000000000000001,specialist_match,"product=GTX Plus Basic (strong_fit, n=70); ticket_band=mid_ticket_1k_to_4k (strong_fit, n=87)",56.47081264336547,0.5000000000000001,generalist_match,27.0,True
FWTTJ2G8,engaging,kary_hendrixson,Kary Hendrixson,Summer Sewald,West,GTX Basic,low_ticket_under_1k,550,Initech,telecommunications,over_3b,over_10k,239.0,True,hayden_neloms,Hayden Neloms,Celia Rouche,West,71.09986234761055,0.48939771896331463,possible_specialist,"ticket_band=low_ticket_under_1k (possible_fit, n=23); sector=telecommunications (neutral, n=15); revenue_band=over_3b (possible_fit, n=38)",62.56674298268616,0.9,generalist_match,18.0,True
FY0SHNZY,prospecting,darcel_schlecht,Darcel Schlecht,Melvin Marxen,Central,GTX Plus Basic,mid_ticket_1k_to_4k,1096,,,,,,False,maureen_marcano,Maureen Marcano,Summer Sewald,West,73.48602163110729,0.5000000000000001,specialist_match,"product=GTX Plus Basic (strong_fit, n=70); ticket_band=mid_ticket_1k_to_4k (strong_fit, n=87)",64.79805655096737,0.5000000000000001,specialist_match,10.0,True
FY5MBCWQ,engaging,darcel_schlecht,Darcel Schlecht,Melvin Marxen,Central,GTX Pro,high_ticket_4k_to_10k,4821,,,,,162.0,False,maureen_marcano,Maureen Marcano,Summer Sewald,West,73.54787621751144,0.5000000000000001,specialist_match,"product=GTX Pro (strong_fit, n=30); ticket_band=high_ticket_4k_to_10k (strong_fit, n=62)",61.87208356326526,0.5000000000000001,generalist_match,22.0,True
FYN7C0CV,engaging,cassey_cress,Cassey Cress,Rocco Neubert,East,MG Advanced,mid_ticket_1k_to_4k,3393,,,,,302.0,False,hayden_neloms,Hayden Neloms,Celia Rouche,West,74.19302882850188,0.5000000000000001,specialist_match,"product=MG Advanced (strong_fit, n=77); ticket_band=mid_ticket_1k_to_4k (possible_fit, n=119)",62.27804922349695,0.5000000000000001,generalist_match,17.0,True
FZC2J90W,engaging,maureen_marcano,Maureen Marcano,Summer Sewald,West,MG Advanced,mid_ticket_1k_to_4k,3393,Bluth Company,technology,500m_to_1_5b,2k_to_10k,308.0,True,hayden_neloms,Hayden Neloms,Celia Rouche,West,75.63809848514856,0.8407866074734899,specialist_match,"product=MG Advanced (strong_fit, n=77); ticket_band=mid_ticket_1k_to_4k (possible_fit, n=119); sector=technology (neutral, n=14)",71.32343488145189,0.8170414680380178,specialist_match,2.0,True
FZWU2I30,engaging,zane_levy,Zane Levy,Summer Sewald,West,GTX Plus Pro,high_ticket_4k_to_10k,5482,The New York Inquirer,medical,under_500m,500_to_2k,21.0,True,maureen_marcano,Maureen Marcano,Summer Sewald,West,75.91269269966563,0.8714927388698704,specialist_match,"product=GTX Plus Pro (strong_fit, n=32); ticket_band=high_ticket_4k_to_10k (strong_fit, n=62); sector=medical (strong_fit, n=19)",62.93961177369603,0.9,specialist_match,19.0,True
G03J67Z1,engaging,zane_levy,Zane Levy,Summer Sewald,West,GTX Plus Basic,mid_ticket_1k_to_4k,1096,,,,,131.0,False,maureen_marcano,Maureen Marcano,Summer Sewald,West,73.48602163110729,0.5000000000000001,specialist_match,"product=GTX Plus Basic (strong_fit, n=70); ticket_band=mid_ticket_1k_to_4k (strong_fit, n=87)",61.1854378680592,0.5000000000000001,generalist_match,22.0,True
G0DTQHIC,engaging,jonathan_berthelot,Jonathan Berthelot,Melvin Marxen,Central,GTX Basic,low_ticket_under_1k,550,,,,,158.0,False,hayden_neloms,Hayden Neloms,Celia Rouche,West,70.07479583264518,0.15165750888103105,possible_specialist,"ticket_band=low_ticket_under_1k (possible_fit, n=23)",65.41096422849174,0.5000000000000001,possible_specialist,10.0,True
G1AKE0NR,engaging,zane_levy,Zane Levy,Summer Sewald,West,GTX Pro,high_ticket_4k_to_10k,4821,,,,,207.0,False,maureen_marcano,Maureen Marcano,Summer Sewald,West,73.54787621751144,0.5000000000000001,specialist_match,"product=GTX Pro (strong_fit, n=30); ticket_band=high_ticket_4k_to_10k (strong_fit, n=62)",62.897587492789604,0.5000000000000001,possible_specialist,20.0,True
G1L2YY5P,engaging,zane_levy,Zane Levy,Summer Sewald,West,GTX Basic,low_ticket_under_1k,550,,,,,219.0,False,hayden_neloms,Hayden Neloms,Celia Rouche,West,70.07479583264518,0.15165750888103105,possible_specialist,"ticket_band=low_ticket_under_1k (possible_fit, n=23)",60.2374782161471,0.5000000000000001,generalist_match,23.0,True
G1M1KVHU,engaging,niesha_huffines,Niesha Huffines,Melvin Marxen,Central,GTX Plus Basic,mid_ticket_1k_to_4k,1096,Xx-zobam,entertainment,over_3b,2k_to_10k,161.0,True,maureen_marcano,Maureen Marcano,Summer Sewald,West,74.66512593662208,0.8914854215512676,specialist_match,"product=GTX Plus Basic (strong_fit, n=70); ticket_band=mid_ticket_1k_to_4k (strong_fit, n=87); revenue_band=over_3b (neutral, n=70)",61.19275731918987,0.7000000000000001,specialist_match,20.0,True
G1W97XZA,engaging,maureen_marcano,Maureen Marcano,Summer Sewald,West,GTX Plus Basic,mid_ticket_1k_to_4k,1096,,,,,48.0,False,maureen_marcano,Maureen Marcano,Summer Sewald,West,73.48602163110729,0.5000000000000001,specialist_match,"product=GTX Plus Basic (strong_fit, n=70); ticket_band=mid_ticket_1k_to_4k (strong_fit, n=87)",73.48602163110729,0.5000000000000001,specialist_match,1.0,False
G2XP6IGJ,engaging,moses_frase,Moses Frase,Dustin Brinkmann,Central,GTX Basic,low_ticket_under_1k,550,,,,,159.0,False,hayden_neloms,Hayden Neloms,Celia Rouche,West,70.07479583264518,0.15165750888103105,possible_specialist,"ticket_band=low_ticket_under_1k (possible_fit, n=23)",70.02618636544221,0.5000000000000001,specialist_match,2.0,True
G39V1X3G,engaging,corliss_cosme,Corliss Cosme,Cara Losch,East,MG Special,low_ticket_under_1k,55,,,,,358.0,False,hayden_neloms,Hayden Neloms,Celia Rouche,West,71.35150661886287,0.44534101199279935,possible_specialist,"product=MG Special (possible_fit, n=23); ticket_band=low_ticket_under_1k (possible_fit, n=23)",66.07295182044197,0.44494897427831787,possible_specialist,8.0,True
G3SJ8X1K,engaging,violet_mclelland,Violet Mclelland,Cara Losch,East,MG Advanced,mid_ticket_1k_to_4k,3393,,,,,275.0,False,hayden_neloms,Hayden Neloms,Celia Rouche,West,74.19302882850188,0.5000000000000001,specialist_match,"product=MG Advanced (strong_fit, n=77); ticket_band=mid_ticket_1k_to_4k (possible_fit, n=119)",64.2772315067002,0.5000000000000001,possible_specialist,11.0,True
G40058T1,engaging,versie_hillebrand,Versie Hillebrand,Dustin Brinkmann,Central,MG Special,low_ticket_under_1k,55,Yearin,retail,1_5b_to_3b,2k_to_10k,155.0,True,hayden_neloms,Hayden Neloms,Celia Rouche,West,73.8320790558876,0.8453410119927994,specialist_match,"product=MG Special (possible_fit, n=23); ticket_band=low_ticket_under_1k (possible_fit, n=23); sector=retail (possible_fit, n=36)",68.37621612542297,0.9,possible_specialist,4.0,True
G4B3UCWQ,prospecting,niesha_huffines,Niesha Huffines,Melvin Marxen,Central,GTX Pro,high_ticket_4k_to_10k,4821,,,,,,False,maureen_marcano,Maureen Marcano,Summer Sewald,West,73.54787621751144,0.5000000000000001,specialist_match,"product=GTX Pro (strong_fit, n=30); ticket_band=high_ticket_4k_to_10k (strong_fit, n=62)",54.917001713341385,0.39942264840705605,generalist_match,27.0,True
G5JP0G7Q,engaging,markita_hansen,Markita Hansen,Celia Rouche,West,MG Advanced,mid_ticket_1k_to_4k,3393,,,,,315.0,False,hayden_neloms,Hayden Neloms,Celia Rouche,West,74.19302882850188,0.5000000000000001,specialist_match,"product=MG Advanced (strong_fit, n=77); ticket_band=mid_ticket_1k_to_4k (possible_fit, n=119)",57.37171850419942,0.5000000000000001,generalist_match,27.0,True
G6CMP5I9,engaging,versie_hillebrand,Versie Hillebrand,Dustin Brinkmann,Central,MG Advanced,mid_ticket_1k_to_4k,3393,,,,,147.0,False,hayden_neloms,Hayden Neloms,Celia Rouche,West,74.19302882850188,0.5000000000000001,specialist_match,"product=MG Advanced (strong_fit, n=77); ticket_band=mid_ticket_1k_to_4k (possible_fit, n=119)",65.52347623430107,0.5000000000000001,generalist_match,9.0,True
G78ZK6XI,engaging,gladys_colclough,Gladys Colclough,Melvin Marxen,Central,MG Special,low_ticket_under_1k,55,,,,,152.0,False,hayden_neloms,Hayden Neloms,Celia Rouche,West,71.35150661886287,0.44534101199279935,possible_specialist,"product=MG Special (possible_fit, n=23); ticket_band=low_ticket_under_1k (possible_fit, n=23)",57.11865619131959,0.5000000000000001,generalist_match,26.0,True
G7H64S20,engaging,anna_snelling,Anna Snelling,Dustin Brinkmann,Central,MG Advanced,mid_ticket_1k_to_4k,3393,,,,,161.0,False,hayden_neloms,Hayden Neloms,Celia Rouche,West,74.19302882850188,0.5000000000000001,specialist_match,"product=MG Advanced (strong_fit, n=77); ticket_band=mid_ticket_1k_to_4k (possible_fit, n=119)",57.502548739829464,0.5000000000000001,generalist_match,26.0,True
G7K3HJAT,prospecting,marty_freudenburg,Marty Freudenburg,Melvin Marxen,Central,GTX Basic,low_ticket_under_1k,550,,,,,,False,hayden_neloms,Hayden Neloms,Celia Rouche,West,70.07479583264518,0.15165750888103105,possible_specialist,"ticket_band=low_ticket_under_1k (possible_fit, n=23)",63.85390031863743,0.5000000000000001,specialist_match,17.0,True
G7QIQDSA,engaging,corliss_cosme,Corliss Cosme,Cara Losch,East,GTX Pro,high_ticket_4k_to_10k,4821,,,,,96.0,False,maureen_marcano,Maureen Marcano,Summer Sewald,West,73.54787621751144,0.5000000000000001,specialist_match,"product=GTX Pro (strong_fit, n=30); ticket_band=high_ticket_4k_to_10k (strong_fit, n=62)",67.32881200685368,0.5000000000000001,specialist_match,5.0,True
G7RZTAMV,engaging,gladys_colclough,Gladys Colclough,Melvin Marxen,Central,GTX Plus Pro,high_ticket_4k_to_10k,5482,,,,,157.0,False,maureen_marcano,Maureen Marcano,Summer Sewald,West,74.25820338006682,0.5000000000000001,specialist_match,"product=GTX Plus Pro (strong_fit, n=32); ticket_band=high_ticket_4k_to_10k (strong_fit, n=62)",55.85072174055262,0.5000000000000001,generalist_match,26.0,True
G99CS23F,prospecting,anna_snelling,Anna Snelling,Dustin Brinkmann,Central,GTX Basic,low_ticket_under_1k,550,,,,,,False,hayden_neloms,Hayden Neloms,Celia Rouche,West,70.07479583264518,0.15165750888103105,possible_specialist,"ticket_band=low_ticket_under_1k (possible_fit, n=23)",62.58976906657469,0.5000000000000001,specialist_match,19.0,True
GACPNKGI,engaging,elease_gluck,Elease Gluck,Celia Rouche,West,MG Special,low_ticket_under_1k,55,,,,,258.0,False,hayden_neloms,Hayden Neloms,Celia Rouche,West,71.35150661886287,0.44534101199279935,possible_specialist,"product=MG Special (possible_fit, n=23); ticket_band=low_ticket_under_1k (possible_fit, n=23)",64.05240715549783,0.5000000000000001,specialist_match,14.0,True
GE4QGOCI,engaging,moses_frase,Moses Frase,Dustin Brinkmann,Central,MG Special,low_ticket_under_1k,55,,,,,163.0,False,hayden_neloms,Hayden Neloms,Celia Rouche,West,71.35150661886287,0.44534101199279935,possible_specialist,"product=MG Special (possible_fit, n=23); ticket_band=low_ticket_under_1k (possible_fit, n=23)",65.050007828557,0.5000000000000001,specialist_match,11.0,True
GEJLL5L3,engaging,corliss_cosme,Corliss Cosme,Cara Losch,East,GTX Basic,low_ticket_under_1k,550,,,,,282.0,False,hayden_neloms,Hayden Neloms,Celia Rouche,West,70.07479583264518,0.15165750888103105,possible_specialist,"ticket_band=low_ticket_under_1k (possible_fit, n=23)",66.30377602466332,0.5000000000000001,possible_specialist,6.0,True
GEQ7KT9J,engaging,wilburn_farren,Wilburn Farren,Cara Losch,East,GTX Plus Basic,mid_ticket_1k_to_4k,1096,Plussunin,retail,500m_to_1_5b,2k_to_10k,164.0,True,maureen_marcano,Maureen Marcano,Summer Sewald,West,76.27834225069205,0.8866025403784439,specialist_match,"product=GTX Plus Basic (strong_fit, n=70); ticket_band=mid_ticket_1k_to_4k (strong_fit, n=87); sector=retail (strong_fit, n=39)",,,not_candidate,,True
GEQ8IGKW,prospecting,darcel_schlecht,Darcel Schlecht,Melvin Marxen,Central,GTX Pro,high_ticket_4k_to_10k,4821,Finjob,employment,1_5b_to_3b,2k_to_10k,,True,maureen_marcano,Maureen Marcano,Summer Sewald,West,74.48303473093952,0.9823915424529561,specialist_match,"product=GTX Pro (strong_fit, n=30); ticket_band=high_ticket_4k_to_10k (strong_fit, n=62); revenue_band=1_5b_to_3b (strong_fit, n=65)",61.60895210919429,0.8581138830084191,possible_specialist,21.0,True
GG85QBTM,engaging,elease_gluck,Elease Gluck,Celia Rouche,West,GTK 500,strategic_ticket_10k_plus,26768,Lexiqvolax,medical,1_5b_to_3b,2k_to_10k,204.0,True,maureen_marcano,Maureen Marcano,Summer Sewald,West,72.18493301626869,0.37795130420052186,specialist_match,"sector=medical (strong_fit, n=19); revenue_band=1_5b_to_3b (strong_fit, n=65); employee_band=2k_to_10k (strong_fit, n=102)",63.46151176717558,0.41087412264662176,generalist_match,18.0,True
GI94RTL5,prospecting,anna_snelling,Anna Snelling,Dustin Brinkmann,Central,MG Special,low_ticket_under_1k,55,Labdrill,medical,1_5b_to_3b,2k_to_10k,,True,hayden_neloms,Hayden Neloms,Celia Rouche,West,73.33269294119542,0.7867623682301089,specialist_match,"product=MG Special (possible_fit, n=23); ticket_band=low_ticket_under_1k (possible_fit, n=23); sector=medical (neutral, n=12)",63.111900780163104,0.9,specialist_match,19.0,True
GIPPUV2F,engaging,hayden_neloms,Hayden Neloms,Celia Rouche,West,GTX Plus Basic,mid_ticket_1k_to_4k,1096,Nam-zim,services,under_500m,500_to_2k,214.0,True,maureen_marcano,Maureen Marcano,Summer Sewald,West,74.70279210669817,0.8850268562206162,specialist_match,"product=GTX Plus Basic (strong_fit, n=70); ticket_band=mid_ticket_1k_to_4k (strong_fit, n=87); sector=services (possible_fit, n=22)",68.07896111094233,0.8449545529649637,possible_specialist,4.0,True
GK1NH8G7,engaging,kami_bicknell,Kami Bicknell,Summer Sewald,West,GTX Basic,low_ticket_under_1k,550,Iselectrics,technology,500m_to_1_5b,500_to_2k,290.0,True,moses_frase,Moses Frase,Dustin Brinkmann,Central,71.98009189822515,0.9,specialist_match,"product=GTX Basic (strong_fit, n=59); ticket_band=low_ticket_under_1k (strong_fit, n=105); sector=technology (possible_fit, n=32)",65.79250376768026,0.9,possible_specialist,11.0,True
GL1YE4PQ,engaging,markita_hansen,Markita Hansen,Celia Rouche,West,GTK 500,strategic_ticket_10k_plus,26768,,,,,236.0,False,hayden_neloms,Hayden Neloms,Celia Rouche,West,69.37147629282224,0.0,low_confidence,Sem fit historico forte; recomendacao baseada em fallback de performance geral.,57.85218771360926,0.0,low_confidence,28.0,True
GL2FM1RM,engaging,rosalina_dieter,Rosalina Dieter,Celia Rouche,West,GTX Basic,low_ticket_under_1k,550,,,,,70.0,False,hayden_neloms,Hayden Neloms,Celia Rouche,West,70.07479583264518,0.15165750888103105,possible_specialist,"ticket_band=low_ticket_under_1k (possible_fit, n=23)",64.6297122773508,0.4371708245126285,generalist_match,14.0,True
GL95LARP,engaging,cassey_cress,Cassey Cress,Rocco Neubert,East,GTX Pro,high_ticket_4k_to_10k,4821,,,,,267.0,False,maureen_marcano,Maureen Marcano,Summer Sewald,West,73.54787621751144,0.5000000000000001,specialist_match,"product=GTX Pro (strong_fit, n=30); ticket_band=high_ticket_4k_to_10k (strong_fit, n=62)",64.48706353847835,0.5000000000000001,specialist_match,14.0,True
GLQLEZJM,prospecting,lajuana_vencill,Lajuana Vencill,Dustin Brinkmann,Central,MG Special,low_ticket_under_1k,55,,,,,,False,hayden_neloms,Hayden Neloms,Celia Rouche,West,71.35150661886287,0.44534101199279935,possible_specialist,"product=MG Special (possible_fit, n=23); ticket_band=low_ticket_under_1k (possible_fit, n=23)",51.63006348969593,0.5000000000000001,generalist_match,29.0,True
GM5X0CSG,prospecting,jonathan_berthelot,Jonathan Berthelot,Melvin Marxen,Central,MG Special,low_ticket_under_1k,55,,,,,,False,hayden_neloms,Hayden Neloms,Celia Rouche,West,71.35150661886287,0.44534101199279935,possible_specialist,"product=MG Special (possible_fit, n=23); ticket_band=low_ticket_under_1k (possible_fit, n=23)",67.64500987423925,0.5000000000000001,specialist_match,4.0,True
GMN9KQN2,engaging,daniell_hammack,Daniell Hammack,Rocco Neubert,East,GTX Pro,high_ticket_4k_to_10k,4821,,,,,218.0,False,maureen_marcano,Maureen Marcano,Summer Sewald,West,73.54787621751144,0.5000000000000001,specialist_match,"product=GTX Pro (strong_fit, n=30); ticket_band=high_ticket_4k_to_10k (strong_fit, n=62)",63.40213266738296,0.5000000000000001,specialist_match,17.0,True
GMY4U7RD,engaging,maureen_marcano,Maureen Marcano,Summer Sewald,West,GTX Basic,low_ticket_under_1k,550,,,,,22.0,False,hayden_neloms,Hayden Neloms,Celia Rouche,West,70.07479583264518,0.15165750888103105,possible_specialist,"ticket_band=low_ticket_under_1k (possible_fit, n=23)",67.11923507294885,0.5000000000000001,generalist_match,4.0,True
GNN53C6D,prospecting,anna_snelling,Anna Snelling,Dustin Brinkmann,Central,GTX Plus Pro,high_ticket_4k_to_10k,5482,,,,,,False,maureen_marcano,Maureen Marcano,Summer Sewald,West,74.25820338006682,0.5000000000000001,specialist_match,"product=GTX Plus Pro (strong_fit, n=32); ticket_band=high_ticket_4k_to_10k (strong_fit, n=62)",60.089753742851585,0.5000000000000001,generalist_match,24.0,True
GQ2W1DXM,engaging,maureen_marcano,Maureen Marcano,Summer Sewald,West,GTX Pro,high_ticket_4k_to_10k,4821,,,,,250.0,False,maureen_marcano,Maureen Marcano,Summer Sewald,West,73.54787621751144,0.5000000000000001,specialist_match,"product=GTX Pro (strong_fit, n=30); ticket_band=high_ticket_4k_to_10k (strong_fit, n=62)",73.54787621751144,0.5000000000000001,specialist_match,1.0,False
GQ7H31ZJ,engaging,darcel_schlecht,Darcel Schlecht,Melvin Marxen,Central,GTX Pro,high_ticket_4k_to_10k,4821,Funholding,finance,1_5b_to_3b,2k_to_10k,157.0,True,maureen_marcano,Maureen Marcano,Summer Sewald,West,74.9952695792879,0.8527525231651948,specialist_match,"product=GTX Pro (strong_fit, n=30); ticket_band=high_ticket_4k_to_10k (strong_fit, n=62); revenue_band=1_5b_to_3b (strong_fit, n=65)",63.260117826304885,1.0,possible_specialist,20.0,True
GQDS81G1,engaging,corliss_cosme,Corliss Cosme,Cara Losch,East,GTX Plus Pro,high_ticket_4k_to_10k,5482,,,,,31.0,False,maureen_marcano,Maureen Marcano,Summer Sewald,West,74.25820338006682,0.5000000000000001,specialist_match,"product=GTX Plus Pro (strong_fit, n=32); ticket_band=high_ticket_4k_to_10k (strong_fit, n=62)",69.21379131703326,0.5000000000000001,specialist_match,3.0,True
GR2X90DZ,engaging,vicki_laflamme,Vicki Laflamme,Celia Rouche,West,GTX Basic,low_ticket_under_1k,550,,,,,350.0,False,hayden_neloms,Hayden Neloms,Celia Rouche,West,70.07479583264518,0.15165750888103105,possible_specialist,"ticket_band=low_ticket_under_1k (possible_fit, n=23)",64.7618338807733,0.5000000000000001,possible_specialist,13.0,True
GR8JTX1T,prospecting,darcel_schlecht,Darcel Schlecht,Melvin Marxen,Central,GTX Pro,high_ticket_4k_to_10k,4821,Warephase,services,1_5b_to_3b,2k_to_10k,,True,maureen_marcano,Maureen Marcano,Summer Sewald,West,76.05663953334559,0.8914854215512676,specialist_match,"product=GTX Pro (strong_fit, n=30); ticket_band=high_ticket_4k_to_10k (strong_fit, n=62); sector=services (possible_fit, n=22)",64.18974247509155,1.0,specialist_match,13.0,True
GR9S7VHI,prospecting,anna_snelling,Anna Snelling,Dustin Brinkmann,Central,GTX Basic,low_ticket_under_1k,550,,,,,,False,hayden_neloms,Hayden Neloms,Celia Rouche,West,70.07479583264518,0.15165750888103105,possible_specialist,"ticket_band=low_ticket_under_1k (possible_fit, n=23)",62.58976906657469,0.5000000000000001,specialist_match,19.0,True
GRYHHER0,engaging,hayden_neloms,Hayden Neloms,Celia Rouche,West,MG Special,low_ticket_under_1k,55,Finhigh,finance,500m_to_1_5b,500_to_2k,119.0,True,hayden_neloms,Hayden Neloms,Celia Rouche,West,71.72724232828777,0.6199776366795383,possible_specialist,"product=MG Special (possible_fit, n=23); ticket_band=low_ticket_under_1k (possible_fit, n=23); revenue_band=500m_to_1_5b (neutral, n=31)",71.72724232828777,0.6199776366795383,possible_specialist,1.0,False
GSBUIL1E,prospecting,cecily_lampkin,Cecily Lampkin,Dustin Brinkmann,Central,MG Special,low_ticket_under_1k,55,,,,,,False,hayden_neloms,Hayden Neloms,Celia Rouche,West,71.35150661886287,0.44534101199279935,possible_specialist,"product=MG Special (possible_fit, n=23); ticket_band=low_ticket_under_1k (possible_fit, n=23)",66.35765882959332,0.5000000000000001,generalist_match,6.0,True
GSOR2INK,prospecting,marty_freudenburg,Marty Freudenburg,Melvin Marxen,Central,MG Special,low_ticket_under_1k,55,,,,,,False,hayden_neloms,Hayden Neloms,Celia Rouche,West,71.35150661886287,0.44534101199279935,possible_specialist,"product=MG Special (possible_fit, n=23); ticket_band=low_ticket_under_1k (possible_fit, n=23)",64.87581837996572,0.49368350311176834,specialist_match,12.0,True
GVBWTDI3,engaging,daniell_hammack,Daniell Hammack,Rocco Neubert,East,GTX Plus Basic,mid_ticket_1k_to_4k,1096,,,,,334.0,False,maureen_marcano,Maureen Marcano,Summer Sewald,West,73.48602163110729,0.5000000000000001,specialist_match,"product=GTX Plus Basic (strong_fit, n=70); ticket_band=mid_ticket_1k_to_4k (strong_fit, n=87)",59.095704895820504,0.5000000000000001,generalist_match,24.0,True
GVJFKHNL,engaging,gladys_colclough,Gladys Colclough,Melvin Marxen,Central,MG Special,low_ticket_under_1k,55,Silis,medical,1_5b_to_3b,2k_to_10k,163.0,True,hayden_neloms,Hayden Neloms,Celia Rouche,West,73.33269294119542,0.7867623682301089,specialist_match,"product=MG Special (possible_fit, n=23); ticket_band=low_ticket_under_1k (possible_fit, n=23); sector=medical (neutral, n=12)",57.072864923760754,0.9,specialist_match,26.0,True
GVYF29NM,engaging,violet_mclelland,Violet Mclelland,Cara Losch,East,MG Advanced,mid_ticket_1k_to_4k,3393,,,,,309.0,False,hayden_neloms,Hayden Neloms,Celia Rouche,West,74.19302882850188,0.5000000000000001,specialist_match,"product=MG Advanced (strong_fit, n=77); ticket_band=mid_ticket_1k_to_4k (possible_fit, n=119)",64.2772315067002,0.5000000000000001,possible_specialist,11.0,True
GWOOPZE8,engaging,cassey_cress,Cassey Cress,Rocco Neubert,East,GTX Plus Basic,mid_ticket_1k_to_4k,1096,Cheers,entertainment,over_3b,2k_to_10k,91.0,True,maureen_marcano,Maureen Marcano,Summer Sewald,West,74.84698488253363,0.9816242034378674,specialist_match,"product=GTX Plus Basic (strong_fit, n=70); ticket_band=mid_ticket_1k_to_4k (strong_fit, n=87); revenue_band=over_3b (neutral, n=70)",61.415768792582014,0.8825741858350554,possible_specialist,20.0,True
GWQX8BSZ,engaging,niesha_huffines,Niesha Huffines,Melvin Marxen,Central,GTX Basic,low_ticket_under_1k,550,Donquadtech,technology,1_5b_to_3b,2k_to_10k,154.0,True,hayden_neloms,Hayden Neloms,Celia Rouche,West,71.9132621835141,0.5044100320462258,specialist_match,"ticket_band=low_ticket_under_1k (possible_fit, n=23); sector=technology (neutral, n=14); revenue_band=1_5b_to_3b (strong_fit, n=54)",58.436850941760035,0.9,possible_specialist,24.0,True
GXC8JN36,engaging,kary_hendrixson,Kary Hendrixson,Summer Sewald,West,GTX Pro,high_ticket_4k_to_10k,4821,,,,,210.0,False,maureen_marcano,Maureen Marcano,Summer Sewald,West,73.54787621751144,0.5000000000000001,specialist_match,"product=GTX Pro (strong_fit, n=30); ticket_band=high_ticket_4k_to_10k (strong_fit, n=62)",62.91009537954826,0.5000000000000001,generalist_match,19.0,True
GXIVJQPG,engaging,daniell_hammack,Daniell Hammack,Rocco Neubert,East,GTX Plus Basic,mid_ticket_1k_to_4k,1096,Xx-zobam,entertainment,over_3b,2k_to_10k,91.0,True,maureen_marcano,Maureen Marcano,Summer Sewald,West,74.66512593662208,0.8914854215512676,specialist_match,"product=GTX Plus Basic (strong_fit, n=70); ticket_band=mid_ticket_1k_to_4k (strong_fit, n=87); revenue_band=over_3b (neutral, n=70)",57.97090915287407,0.9340099943042,possible_specialist,26.0,True
GY10EROJ,engaging,jonathan_berthelot,Jonathan Berthelot,Melvin Marxen,Central,GTX Basic,low_ticket_under_1k,550,Cheers,entertainment,over_3b,2k_to_10k,164.0,True,hayden_neloms,Hayden Neloms,Celia Rouche,West,71.33521489151232,0.3491254523291207,specialist_match,"ticket_band=low_ticket_under_1k (possible_fit, n=23); revenue_band=over_3b (possible_fit, n=38); employee_band=2k_to_10k (strong_fit, n=78)",65.52772166197134,0.7000000000000001,possible_specialist,11.0,True
GYB4W2AU,engaging,elease_gluck,Elease Gluck,Celia Rouche,West,MG Advanced,mid_ticket_1k_to_4k,3393,,,,,403.0,False,hayden_neloms,Hayden Neloms,Celia Rouche,West,74.19302882850188,0.5000000000000001,specialist_match,"product=MG Advanced (strong_fit, n=77); ticket_band=mid_ticket_1k_to_4k (possible_fit, n=119)",62.22215858688235,0.4760681686165901,generalist_match,18.0,True
GZ6SFRAT,engaging,lajuana_vencill,Lajuana Vencill,Dustin Brinkmann,Central,MG Special,low_ticket_under_1k,55,Hottechi,technology,over_3b,over_10k,159.0,True,hayden_neloms,Hayden Neloms,Celia Rouche,West,72.56857911381731,0.7777198622318587,possible_specialist,"product=MG Special (possible_fit, n=23); ticket_band=low_ticket_under_1k (possible_fit, n=23); sector=technology (neutral, n=14)",49.673347739258745,0.9448726629896114,generalist_match,28.0,True
GZCWM6GK,engaging,elease_gluck,Elease Gluck,Celia Rouche,West,MG Special,low_ticket_under_1k,55,Statholdings,employment,under_500m,500_to_2k,284.0,True,hayden_neloms,Hayden Neloms,Celia Rouche,West,72.59402247338558,0.7698430073660699,specialist_match,"product=MG Special (possible_fit, n=23); ticket_band=low_ticket_under_1k (possible_fit, n=23); sector=employment (strong_fit, n=14)",64.21862987151628,0.6687609240042188,specialist_match,15.0,True
H046CU4Z,prospecting,moses_frase,Moses Frase,Dustin Brinkmann,Central,GTX Basic,low_ticket_under_1k,550,,,,,,False,hayden_neloms,Hayden Neloms,Celia Rouche,West,70.07479583264518,0.15165750888103105,possible_specialist,"ticket_band=low_ticket_under_1k (possible_fit, n=23)",70.02618636544221,0.5000000000000001,specialist_match,2.0,True
H0RRUQZ6,engaging,maureen_marcano,Maureen Marcano,Summer Sewald,West,MG Special,low_ticket_under_1k,55,,,,,114.0,False,hayden_neloms,Hayden Neloms,Celia Rouche,West,71.35150661886287,0.44534101199279935,possible_specialist,"product=MG Special (possible_fit, n=23); ticket_band=low_ticket_under_1k (possible_fit, n=23)",68.59256087373947,0.49368350311176834,generalist_match,2.0,True
H176AX96,engaging,james_ascencio,James Ascencio,Summer Sewald,West,MG Advanced,mid_ticket_1k_to_4k,3393,Gekko & Co,retail,1_5b_to_3b,2k_to_10k,196.0,True,hayden_neloms,Hayden Neloms,Celia Rouche,West,76.67360126552661,0.9,specialist_match,"product=MG Advanced (strong_fit, n=77); ticket_band=mid_ticket_1k_to_4k (possible_fit, n=119); sector=retail (possible_fit, n=36)",67.63703616064078,0.8424331508596329,possible_specialist,7.0,True
H2FCUPHJ,engaging,niesha_huffines,Niesha Huffines,Melvin Marxen,Central,GTX Pro,high_ticket_4k_to_10k,4821,,,,,160.0,False,maureen_marcano,Maureen Marcano,Summer Sewald,West,73.54787621751144,0.5000000000000001,specialist_match,"product=GTX Pro (strong_fit, n=30); ticket_band=high_ticket_4k_to_10k (strong_fit, n=62)",54.917001713341385,0.39942264840705605,generalist_match,27.0,True
H2IOHZ8R,engaging,james_ascencio,James Ascencio,Summer Sewald,West,GTX Basic,low_ticket_under_1k,550,,,,,288.0,False,hayden_neloms,Hayden Neloms,Celia Rouche,West,70.07479583264518,0.15165750888103105,possible_specialist,"ticket_band=low_ticket_under_1k (possible_fit, n=23)",65.1285349679303,0.5000000000000001,generalist_match,11.0,True
H2MC2E7K,engaging,vicki_laflamme,Vicki Laflamme,Celia Rouche,West,GTX Plus Basic,mid_ticket_1k_to_4k,1096,Condax,medical,under_500m,under_500,332.0,True,maureen_marcano,Maureen Marcano,Summer Sewald,West,75.05111960137071,0.8616173068539296,specialist_match,"product=GTX Plus Basic (strong_fit, n=70); ticket_band=mid_ticket_1k_to_4k (strong_fit, n=87); sector=medical (strong_fit, n=19)",65.05657826435939,0.8669269563007829,specialist_match,11.0,True
H3DYTZIQ,engaging,cassey_cress,Cassey Cress,Rocco Neubert,East,GTX Plus Basic,mid_ticket_1k_to_4k,1096,Scottech,marketing,under_500m,under_500,196.0,True,maureen_marcano,Maureen Marcano,Summer Sewald,West,73.77310568938515,0.6836660026534077,specialist_match,"product=GTX Plus Basic (strong_fit, n=70); ticket_band=mid_ticket_1k_to_4k (strong_fit, n=87); revenue_band=under_500m (neutral, n=48)",59.77685919323298,0.8766933924911794,generalist_match,23.0,True
H5J7C2FE,engaging,kami_bicknell,Kami Bicknell,Summer Sewald,West,GTX Basic,low_ticket_under_1k,550,,,,,117.0,False,hayden_neloms,Hayden Neloms,Celia Rouche,West,70.07479583264518,0.15165750888103105,possible_specialist,"ticket_band=low_ticket_under_1k (possible_fit, n=23)",64.9706180992233,0.5000000000000001,possible_specialist,12.0,True
H5VBBEVI,engaging,cassey_cress,Cassey Cress,Rocco Neubert,East,GTX Plus Basic,mid_ticket_1k_to_4k,1096,,,,,272.0,False,maureen_marcano,Maureen Marcano,Summer Sewald,West,73.48602163110729,0.5000000000000001,specialist_match,"product=GTX Plus Basic (strong_fit, n=70); ticket_band=mid_ticket_1k_to_4k (strong_fit, n=87)",62.03229146480558,0.5000000000000001,generalist_match,19.0,True
H6I16U57,engaging,rosie_papadopoulos,Rosie Papadopoulos,Cara Losch,East,MG Advanced,mid_ticket_1k_to_4k,3393,Sunnamplex,marketing,500m_to_1_5b,500_to_2k,274.0,True,hayden_neloms,Hayden Neloms,Celia Rouche,West,74.56876453792678,0.674636624686739,specialist_match,"product=MG Advanced (strong_fit, n=77); ticket_band=mid_ticket_1k_to_4k (possible_fit, n=119); revenue_band=500m_to_1_5b (neutral, n=31)",63.74173660969909,0.646501778645493,specialist_match,13.0,True
H7GXKD3O,engaging,maureen_marcano,Maureen Marcano,Summer Sewald,West,GTX Plus Basic,mid_ticket_1k_to_4k,1096,Kan-code,software,over_3b,over_10k,134.0,True,maureen_marcano,Maureen Marcano,Summer Sewald,West,74.9557874215561,0.9968245836551854,specialist_match,"product=GTX Plus Basic (strong_fit, n=70); ticket_band=mid_ticket_1k_to_4k (strong_fit, n=87); sector=software (possible_fit, n=29)",74.9557874215561,0.9968245836551854,specialist_match,1.0,False
H85L45JM,engaging,anna_snelling,Anna Snelling,Dustin Brinkmann,Central,MG Special,low_ticket_under_1k,55,,,,,152.0,False,hayden_neloms,Hayden Neloms,Celia Rouche,West,71.35150661886287,0.44534101199279935,possible_specialist,"product=MG Special (possible_fit, n=23); ticket_band=low_ticket_under_1k (possible_fit, n=23)",64.31764459641298,0.5000000000000001,specialist_match,13.0,True
H8XH5MFQ,engaging,kary_hendrixson,Kary Hendrixson,Summer Sewald,West,GTX Plus Pro,high_ticket_4k_to_10k,5482,,,,,119.0,False,maureen_marcano,Maureen Marcano,Summer Sewald,West,74.25820338006682,0.5000000000000001,specialist_match,"product=GTX Plus Pro (strong_fit, n=32); ticket_band=high_ticket_4k_to_10k (strong_fit, n=62)",62.634701152531576,0.5000000000000001,generalist_match,19.0,True
H9N9DP3D,engaging,vicki_laflamme,Vicki Laflamme,Celia Rouche,West,GTX Basic,low_ticket_under_1k,550,,,,,183.0,False,hayden_neloms,Hayden Neloms,Celia Rouche,West,70.07479583264518,0.15165750888103105,possible_specialist,"ticket_band=low_ticket_under_1k (possible_fit, n=23)",64.7618338807733,0.5000000000000001,possible_specialist,13.0,True
HABN7JBG,engaging,elease_gluck,Elease Gluck,Celia Rouche,West,GTX Basic,low_ticket_under_1k,550,Rantouch,telecommunications,500m_to_1_5b,2k_to_10k,197.0,True,hayden_neloms,Hayden Neloms,Celia Rouche,West,71.3278595093028,0.4978054761977451,specialist_match,"ticket_band=low_ticket_under_1k (possible_fit, n=23); sector=telecommunications (neutral, n=15); revenue_band=500m_to_1_5b (neutral, n=31)",65.92715913486049,0.8003599454029882,specialist_match,8.0,True
HAUB1NBF,engaging,corliss_cosme,Corliss Cosme,Cara Losch,East,GTX Pro,high_ticket_4k_to_10k,4821,,,,,182.0,False,maureen_marcano,Maureen Marcano,Summer Sewald,West,73.54787621751144,0.5000000000000001,specialist_match,"product=GTX Pro (strong_fit, n=30); ticket_band=high_ticket_4k_to_10k (strong_fit, n=62)",67.32881200685368,0.5000000000000001,specialist_match,5.0,True
HAXMC4IX,engaging,james_ascencio,James Ascencio,Summer Sewald,West,MG Advanced,mid_ticket_1k_to_4k,3393,,,,,423.0,False,hayden_neloms,Hayden Neloms,Celia Rouche,West,74.19302882850188,0.5000000000000001,specialist_match,"product=MG Advanced (strong_fit, n=77); ticket_band=mid_ticket_1k_to_4k (possible_fit, n=119)",67.33380886620368,0.44243315085963286,possible_specialist,4.0,True
HB740BLB,engaging,hayden_neloms,Hayden Neloms,Celia Rouche,West,MG Special,low_ticket_under_1k,55,Silis,medical,1_5b_to_3b,2k_to_10k,11.0,True,hayden_neloms,Hayden Neloms,Celia Rouche,West,73.33269294119542,0.7867623682301089,specialist_match,"product=MG Special (possible_fit, n=23); ticket_band=low_ticket_under_1k (possible_fit, n=23); sector=medical (neutral, n=12)",73.33269294119542,0.7867623682301089,specialist_match,1.0,False
HBN3R2TJ,engaging,elease_gluck,Elease Gluck,Celia Rouche,West,MG Advanced,mid_ticket_1k_to_4k,3393,,,,,167.0,False,hayden_neloms,Hayden Neloms,Celia Rouche,West,74.19302882850188,0.5000000000000001,specialist_match,"product=MG Advanced (strong_fit, n=77); ticket_band=mid_ticket_1k_to_4k (possible_fit, n=119)",62.22215858688235,0.4760681686165901,generalist_match,18.0,True
HCQK8NQ8,engaging,wilburn_farren,Wilburn Farren,Cara Losch,East,GTX Plus Basic,mid_ticket_1k_to_4k,1096,,,,,11.0,False,maureen_marcano,Maureen Marcano,Summer Sewald,West,73.48602163110729,0.5000000000000001,specialist_match,"product=GTX Plus Basic (strong_fit, n=70); ticket_band=mid_ticket_1k_to_4k (strong_fit, n=87)",,,not_candidate,,True
HD6YD6P9,prospecting,darcel_schlecht,Darcel Schlecht,Melvin Marxen,Central,GTX Plus Basic,mid_ticket_1k_to_4k,1096,,,,,,False,maureen_marcano,Maureen Marcano,Summer Sewald,West,73.48602163110729,0.5000000000000001,specialist_match,"product=GTX Plus Basic (strong_fit, n=70); ticket_band=mid_ticket_1k_to_4k (strong_fit, n=87)",64.79805655096737,0.5000000000000001,specialist_match,10.0,True
HDALWEHF,engaging,cassey_cress,Cassey Cress,Rocco Neubert,East,GTX Pro,high_ticket_4k_to_10k,4821,,,,,250.0,False,maureen_marcano,Maureen Marcano,Summer Sewald,West,73.54787621751144,0.5000000000000001,specialist_match,"product=GTX Pro (strong_fit, n=30); ticket_band=high_ticket_4k_to_10k (strong_fit, n=62)",64.48706353847835,0.5000000000000001,specialist_match,14.0,True
HEWKNHTH,engaging,daniell_hammack,Daniell Hammack,Rocco Neubert,East,GTX Plus Pro,high_ticket_4k_to_10k,5482,,,,,196.0,False,maureen_marcano,Maureen Marcano,Summer Sewald,West,74.25820338006682,0.5000000000000001,specialist_match,"product=GTX Plus Pro (strong_fit, n=32); ticket_band=high_ticket_4k_to_10k (strong_fit, n=62)",62.391353728990616,0.5000000000000001,specialist_match,21.0,True
HF1GSBT4,engaging,daniell_hammack,Daniell Hammack,Rocco Neubert,East,GTX Plus Pro,high_ticket_4k_to_10k,5482,,,,,129.0,False,maureen_marcano,Maureen Marcano,Summer Sewald,West,74.25820338006682,0.5000000000000001,specialist_match,"product=GTX Plus Pro (strong_fit, n=32); ticket_band=high_ticket_4k_to_10k (strong_fit, n=62)",62.391353728990616,0.5000000000000001,specialist_match,21.0,True
HF2DSIT5,engaging,elease_gluck,Elease Gluck,Celia Rouche,West,GTX Basic,low_ticket_under_1k,550,,,,,229.0,False,hayden_neloms,Hayden Neloms,Celia Rouche,West,70.07479583264518,0.15165750888103105,possible_specialist,"ticket_band=low_ticket_under_1k (possible_fit, n=23)",65.75533685587227,0.44494897427831787,specialist_match,9.0,True
HF74MC9F,engaging,corliss_cosme,Corliss Cosme,Cara Losch,East,GTX Plus Pro,high_ticket_4k_to_10k,5482,Ganjaflex,retail,over_3b,over_10k,239.0,True,maureen_marcano,Maureen Marcano,Summer Sewald,West,76.55936428906222,0.9,specialist_match,"product=GTX Plus Pro (strong_fit, n=32); ticket_band=high_ticket_4k_to_10k (strong_fit, n=62); sector=retail (strong_fit, n=39)",68.72547840731329,0.9935414346693485,specialist_match,3.0,True
HFUZQFQQ,engaging,markita_hansen,Markita Hansen,Celia Rouche,West,GTX Basic,low_ticket_under_1k,550,Groovestreet,retail,under_500m,under_500,236.0,True,moses_frase,Moses Frase,Dustin Brinkmann,Central,71.15838194229896,0.7948683298050515,specialist_match,"product=GTX Basic (strong_fit, n=59); ticket_band=low_ticket_under_1k (strong_fit, n=105); sector=retail (strong_fit, n=27)",55.19923264171855,0.8774596669241485,specialist_match,27.0,True
HFVWQIMF,prospecting,marty_freudenburg,Marty Freudenburg,Melvin Marxen,Central,GTX Pro,high_ticket_4k_to_10k,4821,,,,,,False,maureen_marcano,Maureen Marcano,Summer Sewald,West,73.54787621751144,0.5000000000000001,specialist_match,"product=GTX Pro (strong_fit, n=30); ticket_band=high_ticket_4k_to_10k (strong_fit, n=62)",63.46029956166656,0.44494897427831787,specialist_match,15.0,True
HHDQ9EW4,engaging,kami_bicknell,Kami Bicknell,Summer Sewald,West,GTX Basic,low_ticket_under_1k,550,Inity,marketing,1_5b_to_3b,2k_to_10k,247.0,True,hayden_neloms,Hayden Neloms,Celia Rouche,West,71.47420326132439,0.35165750888103103,specialist_match,"ticket_band=low_ticket_under_1k (possible_fit, n=23); revenue_band=1_5b_to_3b (strong_fit, n=54); employee_band=2k_to_10k (strong_fit, n=78)",65.68825840107401,0.9,specialist_match,11.0,True
HHWZEWDV,engaging,lajuana_vencill,Lajuana Vencill,Dustin Brinkmann,Central,GTX Plus Basic,mid_ticket_1k_to_4k,1096,,,,,153.0,False,maureen_marcano,Maureen Marcano,Summer Sewald,West,73.48602163110729,0.5000000000000001,specialist_match,"product=GTX Plus Basic (strong_fit, n=70); ticket_band=mid_ticket_1k_to_4k (strong_fit, n=87)",54.318726490443574,0.5000000000000001,generalist_match,29.0,True
HI9S2MRZ,engaging,elease_gluck,Elease Gluck,Celia Rouche,West,GTX Plus Basic,mid_ticket_1k_to_4k,1096,,,,,175.0,False,maureen_marcano,Maureen Marcano,Summer Sewald,West,73.48602163110729,0.5000000000000001,specialist_match,"product=GTX Plus Basic (strong_fit, n=70); ticket_band=mid_ticket_1k_to_4k (strong_fit, n=87)",63.1281002993607,0.17606816861659014,low_confidence,15.0,True
HISWL7B0,engaging,darcel_schlecht,Darcel Schlecht,Melvin Marxen,Central,GTX Pro,high_ticket_4k_to_10k,4821,,,,,152.0,False,maureen_marcano,Maureen Marcano,Summer Sewald,West,73.54787621751144,0.5000000000000001,specialist_match,"product=GTX Pro (strong_fit, n=30); ticket_band=high_ticket_4k_to_10k (strong_fit, n=62)",61.87208356326526,0.5000000000000001,generalist_match,22.0,True
HIV4W2E0,engaging,kary_hendrixson,Kary Hendrixson,Summer Sewald,West,GTX Plus Basic,mid_ticket_1k_to_4k,1096,Betasoloin,medical,under_500m,under_500,182.0,True,maureen_marcano,Maureen Marcano,Summer Sewald,West,75.05111960137071,0.8616173068539296,specialist_match,"product=GTX Plus Basic (strong_fit, n=70); ticket_band=mid_ticket_1k_to_4k (strong_fit, n=87); sector=medical (strong_fit, n=19)",61.78582740277578,0.8948683298050514,specialist_match,20.0,True
HIVUC1C4,engaging,lajuana_vencill,Lajuana Vencill,Dustin Brinkmann,Central,MG Special,low_ticket_under_1k,55,,,,,165.0,False,hayden_neloms,Hayden Neloms,Celia Rouche,West,71.35150661886287,0.44534101199279935,possible_specialist,"product=MG Special (possible_fit, n=23); ticket_band=low_ticket_under_1k (possible_fit, n=23)",51.63006348969593,0.5000000000000001,generalist_match,29.0,True
HJRM13DI,engaging,marty_freudenburg,Marty Freudenburg,Melvin Marxen,Central,MG Special,low_ticket_under_1k,55,Treequote,telecommunications,over_3b,2k_to_10k,159.0,True,hayden_neloms,Hayden Neloms,Celia Rouche,West,72.85897861993067,0.800922838449308,specialist_match,"product=MG Special (possible_fit, n=23); ticket_band=low_ticket_under_1k (possible_fit, n=23); sector=telecommunications (neutral, n=15)",67.26880365488931,0.9032834809158222,specialist_match,6.0,True
HJY0TQ7X,engaging,zane_levy,Zane Levy,Summer Sewald,West,MG Special,low_ticket_under_1k,55,Toughzap,retail,under_500m,500_to_2k,104.0,True,hayden_neloms,Hayden Neloms,Celia Rouche,West,72.40704299140502,0.8170904842008754,possible_specialist,"product=MG Special (possible_fit, n=23); ticket_band=low_ticket_under_1k (possible_fit, n=23); sector=retail (possible_fit, n=36)",59.86528719359478,0.8738612787525831,specialist_match,22.0,True
HKMMBDMW,prospecting,moses_frase,Moses Frase,Dustin Brinkmann,Central,GTX Basic,low_ticket_under_1k,550,Plusstrip,entertainment,under_500m,under_500,,True,moses_frase,Moses Frase,Dustin Brinkmann,Central,70.01485695899497,0.5948683298050516,specialist_match,"product=GTX Basic (strong_fit, n=59); ticket_band=low_ticket_under_1k (strong_fit, n=105)",70.01485695899497,0.5948683298050516,specialist_match,1.0,False
HKV37WU9,engaging,vicki_laflamme,Vicki Laflamme,Celia Rouche,West,GTX Basic,low_ticket_under_1k,550,,,,,199.0,False,hayden_neloms,Hayden Neloms,Celia Rouche,West,70.07479583264518,0.15165750888103105,possible_specialist,"ticket_band=low_ticket_under_1k (possible_fit, n=23)",64.7618338807733,0.5000000000000001,possible_specialist,13.0,True
HLDA8IA1,engaging,elease_gluck,Elease Gluck,Celia Rouche,West,MG Special,low_ticket_under_1k,55,,,,,182.0,False,hayden_neloms,Hayden Neloms,Celia Rouche,West,71.35150661886287,0.44534101199279935,possible_specialist,"product=MG Special (possible_fit, n=23); ticket_band=low_ticket_under_1k (possible_fit, n=23)",64.05240715549783,0.5000000000000001,specialist_match,14.0,True
HLE798LQ,prospecting,lajuana_vencill,Lajuana Vencill,Dustin Brinkmann,Central,GTX Basic,low_ticket_under_1k,550,,,,,,False,hayden_neloms,Hayden Neloms,Celia Rouche,West,70.07479583264518,0.15165750888103105,possible_specialist,"ticket_band=low_ticket_under_1k (possible_fit, n=23)",52.685793792795806,0.5000000000000001,generalist_match,29.0,True
HMWIP0F2,engaging,darcel_schlecht,Darcel Schlecht,Melvin Marxen,Central,MG Special,low_ticket_under_1k,55,Finjob,employment,1_5b_to_3b,2k_to_10k,141.0,True,hayden_neloms,Hayden Neloms,Celia Rouche,West,74.60729383198581,0.8730935351579941,specialist_match,"product=MG Special (possible_fit, n=23); ticket_band=low_ticket_under_1k (possible_fit, n=23); sector=employment (strong_fit, n=14)",63.28710416866648,0.8581138830084191,possible_specialist,16.0,True
HN6TZPAF,engaging,wilburn_farren,Wilburn Farren,Cara Losch,East,GTX Plus Pro,high_ticket_4k_to_10k,5482,,,,,61.0,False,maureen_marcano,Maureen Marcano,Summer Sewald,West,74.25820338006682,0.5000000000000001,specialist_match,"product=GTX Plus Pro (strong_fit, n=32); ticket_band=high_ticket_4k_to_10k (strong_fit, n=62)",,,not_candidate,,True
HOXD9TTL,prospecting,moses_frase,Moses Frase,Dustin Brinkmann,Central,GTX Basic,low_ticket_under_1k,550,,,,,,False,hayden_neloms,Hayden Neloms,Celia Rouche,West,70.07479583264518,0.15165750888103105,possible_specialist,"ticket_band=low_ticket_under_1k (possible_fit, n=23)",70.02618636544221,0.5000000000000001,specialist_match,2.0,True
HP50ZWIZ,prospecting,gladys_colclough,Gladys Colclough,Melvin Marxen,Central,MG Special,low_ticket_under_1k,55,,,,,,False,hayden_neloms,Hayden Neloms,Celia Rouche,West,71.35150661886287,0.44534101199279935,possible_specialist,"product=MG Special (possible_fit, n=23); ticket_band=low_ticket_under_1k (possible_fit, n=23)",57.11865619131959,0.5000000000000001,generalist_match,26.0,True
HP8IWA1E,prospecting,moses_frase,Moses Frase,Dustin Brinkmann,Central,MG Advanced,mid_ticket_1k_to_4k,3393,,,,,,False,hayden_neloms,Hayden Neloms,Celia Rouche,West,74.19302882850188,0.5000000000000001,specialist_match,"product=MG Advanced (strong_fit, n=77); ticket_band=mid_ticket_1k_to_4k (possible_fit, n=119)",66.67886466929271,0.5000000000000001,generalist_match,6.0,True
HPIKEMB9,engaging,elease_gluck,Elease Gluck,Celia Rouche,West,MG Special,low_ticket_under_1k,55,,,,,269.0,False,hayden_neloms,Hayden Neloms,Celia Rouche,West,71.35150661886287,0.44534101199279935,possible_specialist,"product=MG Special (possible_fit, n=23); ticket_band=low_ticket_under_1k (possible_fit, n=23)",64.05240715549783,0.5000000000000001,specialist_match,14.0,True
HQKWQ004,engaging,moses_frase,Moses Frase,Dustin Brinkmann,Central,MG Advanced,mid_ticket_1k_to_4k,3393,,,,,140.0,False,hayden_neloms,Hayden Neloms,Celia Rouche,West,74.19302882850188,0.5000000000000001,specialist_match,"product=MG Advanced (strong_fit, n=77); ticket_band=mid_ticket_1k_to_4k (possible_fit, n=119)",66.67886466929271,0.5000000000000001,generalist_match,6.0,True
HSGGBG9J,prospecting,lajuana_vencill,Lajuana Vencill,Dustin Brinkmann,Central,MG Special,low_ticket_under_1k,55,Codehow,software,1_5b_to_3b,2k_to_10k,,True,hayden_neloms,Hayden Neloms,Celia Rouche,West,72.77094278746759,0.7980935351579941,specialist_match,"product=MG Special (possible_fit, n=23); ticket_band=low_ticket_under_1k (possible_fit, n=23); sector=software (neutral, n=14)",52.11300400177994,0.9790569415042095,specialist_match,29.0,True
HSYU33MS,engaging,vicki_laflamme,Vicki Laflamme,Celia Rouche,West,MG Special,low_ticket_under_1k,55,,,,,190.0,False,hayden_neloms,Hayden Neloms,Celia Rouche,West,71.35150661886287,0.44534101199279935,possible_specialist,"product=MG Special (possible_fit, n=23); ticket_band=low_ticket_under_1k (possible_fit, n=23)",63.64770011642242,0.5000000000000001,generalist_match,15.0,True
HTBPSC2D,engaging,kami_bicknell,Kami Bicknell,Summer Sewald,West,GTX Basic,low_ticket_under_1k,550,,,,,214.0,False,hayden_neloms,Hayden Neloms,Celia Rouche,West,70.07479583264518,0.15165750888103105,possible_specialist,"ticket_band=low_ticket_under_1k (possible_fit, n=23)",64.9706180992233,0.5000000000000001,possible_specialist,12.0,True
HTEAOHFO,engaging,kami_bicknell,Kami Bicknell,Summer Sewald,West,GTX Basic,low_ticket_under_1k,550,,,,,163.0,False,hayden_neloms,Hayden Neloms,Celia Rouche,West,70.07479583264518,0.15165750888103105,possible_specialist,"ticket_band=low_ticket_under_1k (possible_fit, n=23)",64.9706180992233,0.5000000000000001,possible_specialist,12.0,True
HTF7TYQS,engaging,daniell_hammack,Daniell Hammack,Rocco Neubert,East,GTX Pro,high_ticket_4k_to_10k,4821,,,,,187.0,False,maureen_marcano,Maureen Marcano,Summer Sewald,West,73.54787621751144,0.5000000000000001,specialist_match,"product=GTX Pro (strong_fit, n=30); ticket_band=high_ticket_4k_to_10k (strong_fit, n=62)",63.40213266738296,0.5000000000000001,specialist_match,17.0,True
HU970PDK,engaging,james_ascencio,James Ascencio,Summer Sewald,West,GTX Plus Pro,high_ticket_4k_to_10k,5482,Donquadtech,technology,1_5b_to_3b,2k_to_10k,227.0,True,maureen_marcano,Maureen Marcano,Summer Sewald,West,75.5019768801858,0.8779513042005219,specialist_match,"product=GTX Plus Pro (strong_fit, n=32); ticket_band=high_ticket_4k_to_10k (strong_fit, n=62); revenue_band=1_5b_to_3b (strong_fit, n=65)",66.31376617925572,0.8683250823060348,possible_specialist,7.0,True
HUG2KAHE,prospecting,niesha_huffines,Niesha Huffines,Melvin Marxen,Central,GTX Basic,low_ticket_under_1k,550,,,,,,False,hayden_neloms,Hayden Neloms,Celia Rouche,West,70.07479583264518,0.15165750888103105,possible_specialist,"ticket_band=low_ticket_under_1k (possible_fit, n=23)",58.877443252263674,0.5000000000000001,generalist_match,24.0,True
HVT28XPH,engaging,vicki_laflamme,Vicki Laflamme,Celia Rouche,West,MG Special,low_ticket_under_1k,55,,,,,272.0,False,hayden_neloms,Hayden Neloms,Celia Rouche,West,71.35150661886287,0.44534101199279935,possible_specialist,"product=MG Special (possible_fit, n=23); ticket_band=low_ticket_under_1k (possible_fit, n=23)",63.64770011642242,0.5000000000000001,generalist_match,15.0,True
HVZMZW96,engaging,maureen_marcano,Maureen Marcano,Summer Sewald,West,GTX Plus Basic,mid_ticket_1k_to_4k,1096,,,,,308.0,False,maureen_marcano,Maureen Marcano,Summer Sewald,West,73.48602163110729,0.5000000000000001,specialist_match,"product=GTX Plus Basic (strong_fit, n=70); ticket_band=mid_ticket_1k_to_4k (strong_fit, n=87)",73.48602163110729,0.5000000000000001,specialist_match,1.0,False
HW367OVT,prospecting,marty_freudenburg,Marty Freudenburg,Melvin Marxen,Central,MG Special,low_ticket_under_1k,55,,,,,,False,hayden_neloms,Hayden Neloms,Celia Rouche,West,71.35150661886287,0.44534101199279935,possible_specialist,"product=MG Special (possible_fit, n=23); ticket_band=low_ticket_under_1k (possible_fit, n=23)",64.87581837996572,0.49368350311176834,specialist_match,12.0,True
HWKJ7TFJ,prospecting,gladys_colclough,Gladys Colclough,Melvin Marxen,Central,GTX Plus Basic,mid_ticket_1k_to_4k,1096,,,,,,False,maureen_marcano,Maureen Marcano,Summer Sewald,West,73.48602163110729,0.5000000000000001,specialist_match,"product=GTX Plus Basic (strong_fit, n=70); ticket_band=mid_ticket_1k_to_4k (strong_fit, n=87)",58.8119360721871,0.5000000000000001,possible_specialist,25.0,True
HWOBBZWQ,engaging,wilburn_farren,Wilburn Farren,Cara Losch,East,GTX Basic,low_ticket_under_1k,550,,,,,68.0,False,hayden_neloms,Hayden Neloms,Celia Rouche,West,70.07479583264518,0.15165750888103105,possible_specialist,"ticket_band=low_ticket_under_1k (possible_fit, n=23)",,,not_candidate,,True
HXGDBNAV,engaging,maureen_marcano,Maureen Marcano,Summer Sewald,West,MG Advanced,mid_ticket_1k_to_4k,3393,,,,,67.0,False,hayden_neloms,Hayden Neloms,Celia Rouche,West,74.19302882850188,0.5000000000000001,specialist_match,"product=MG Advanced (strong_fit, n=77); ticket_band=mid_ticket_1k_to_4k (possible_fit, n=119)",70.6450848580656,0.452487623459052,specialist_match,2.0,True
HY94AVIW,engaging,maureen_marcano,Maureen Marcano,Summer Sewald,West,GTX Basic,low_ticket_under_1k,550,,,,,231.0,False,hayden_neloms,Hayden Neloms,Celia Rouche,West,70.07479583264518,0.15165750888103105,possible_specialist,"ticket_band=low_ticket_under_1k (possible_fit, n=23)",67.11923507294885,0.5000000000000001,generalist_match,4.0,True
HYSOZRCG,engaging,boris_faz,Boris Faz,Rocco Neubert,East,GTX Plus Basic,mid_ticket_1k_to_4k,1096,,,,,222.0,False,maureen_marcano,Maureen Marcano,Summer Sewald,West,73.48602163110729,0.5000000000000001,specialist_match,"product=GTX Plus Basic (strong_fit, n=70); ticket_band=mid_ticket_1k_to_4k (strong_fit, n=87)",67.08182161983684,0.5000000000000001,possible_specialist,5.0,True
HZIU2NOT,engaging,kary_hendrixson,Kary Hendrixson,Summer Sewald,West,GTX Plus Pro,high_ticket_4k_to_10k,5482,,,,,330.0,False,maureen_marcano,Maureen Marcano,Summer Sewald,West,74.25820338006682,0.5000000000000001,specialist_match,"product=GTX Plus Pro (strong_fit, n=32); ticket_band=high_ticket_4k_to_10k (strong_fit, n=62)",62.634701152531576,0.5000000000000001,generalist_match,19.0,True
HZVVOITE,prospecting,darcel_schlecht,Darcel Schlecht,Melvin Marxen,Central,GTX Pro,high_ticket_4k_to_10k,4821,,,,,,False,maureen_marcano,Maureen Marcano,Summer Sewald,West,73.54787621751144,0.5000000000000001,specialist_match,"product=GTX Pro (strong_fit, n=30); ticket_band=high_ticket_4k_to_10k (strong_fit, n=62)",61.87208356326526,0.5000000000000001,generalist_match,22.0,True
I1R23P5F,engaging,anna_snelling,Anna Snelling,Dustin Brinkmann,Central,GTX Plus Basic,mid_ticket_1k_to_4k,1096,,,,,152.0,False,maureen_marcano,Maureen Marcano,Summer Sewald,West,73.48602163110729,0.5000000000000001,specialist_match,"product=GTX Plus Basic (strong_fit, n=70); ticket_band=mid_ticket_1k_to_4k (strong_fit, n=87)",58.15596045690537,0.5000000000000001,generalist_match,26.0,True
I2ESAAIK,engaging,lajuana_vencill,Lajuana Vencill,Dustin Brinkmann,Central,GTX Plus Basic,mid_ticket_1k_to_4k,1096,,,,,162.0,False,maureen_marcano,Maureen Marcano,Summer Sewald,West,73.48602163110729,0.5000000000000001,specialist_match,"product=GTX Plus Basic (strong_fit, n=70); ticket_band=mid_ticket_1k_to_4k (strong_fit, n=87)",54.318726490443574,0.5000000000000001,generalist_match,29.0,True
I2LEEFAM,prospecting,darcel_schlecht,Darcel Schlecht,Melvin Marxen,Central,GTX Plus Basic,mid_ticket_1k_to_4k,1096,,,,,,False,maureen_marcano,Maureen Marcano,Summer Sewald,West,73.48602163110729,0.5000000000000001,specialist_match,"product=GTX Plus Basic (strong_fit, n=70); ticket_band=mid_ticket_1k_to_4k (strong_fit, n=87)",64.79805655096737,0.5000000000000001,specialist_match,10.0,True
I35REHYN,engaging,vicki_laflamme,Vicki Laflamme,Celia Rouche,West,GTX Basic,low_ticket_under_1k,550,Genco Pura Olive Oil Company,retail,500m_to_1_5b,500_to_2k,110.0,True,moses_frase,Moses Frase,Dustin Brinkmann,Central,72.61661267734506,0.975,specialist_match,"product=GTX Basic (strong_fit, n=59); ticket_band=low_ticket_under_1k (strong_fit, n=105); sector=retail (strong_fit, n=27)",63.92225972235672,0.9,possible_specialist,16.0,True
I3IRJZRL,engaging,niesha_huffines,Niesha Huffines,Melvin Marxen,Central,GTX Basic,low_ticket_under_1k,550,,,,,157.0,False,hayden_neloms,Hayden Neloms,Celia Rouche,West,70.07479583264518,0.15165750888103105,possible_specialist,"ticket_band=low_ticket_under_1k (possible_fit, n=23)",58.877443252263674,0.5000000000000001,generalist_match,24.0,True
I3KQNE9V,engaging,darcel_schlecht,Darcel Schlecht,Melvin Marxen,Central,GTX Plus Pro,high_ticket_4k_to_10k,5482,Isdom,medical,over_3b,2k_to_10k,165.0,True,maureen_marcano,Maureen Marcano,Summer Sewald,West,76.80856103221689,0.8779513042005219,specialist_match,"product=GTX Plus Pro (strong_fit, n=32); ticket_band=high_ticket_4k_to_10k (strong_fit, n=62); sector=medical (strong_fit, n=19)",62.94868043602173,1.0,specialist_match,19.0,True
I43F0Z77,prospecting,marty_freudenburg,Marty Freudenburg,Melvin Marxen,Central,GTX Plus Basic,mid_ticket_1k_to_4k,1096,Betasoloin,medical,under_500m,under_500,,True,maureen_marcano,Maureen Marcano,Summer Sewald,West,75.05111960137071,0.8616173068539296,specialist_match,"product=GTX Plus Basic (strong_fit, n=70); ticket_band=mid_ticket_1k_to_4k (strong_fit, n=87); sector=medical (strong_fit, n=19)",62.486583150540476,0.8,generalist_match,17.0,True
I5AKI9KC,engaging,niesha_huffines,Niesha Huffines,Melvin Marxen,Central,MG Special,low_ticket_under_1k,55,,,,,154.0,False,hayden_neloms,Hayden Neloms,Celia Rouche,West,71.35150661886287,0.44534101199279935,possible_specialist,"product=MG Special (possible_fit, n=23); ticket_band=low_ticket_under_1k (possible_fit, n=23)",58.1744076381151,0.4872281323269015,generalist_match,25.0,True
I5VHXAWW,engaging,boris_faz,Boris Faz,Rocco Neubert,East,GTX Plus Pro,high_ticket_4k_to_10k,5482,Bluth Company,technology,500m_to_1_5b,2k_to_10k,55.0,True,maureen_marcano,Maureen Marcano,Summer Sewald,West,74.9365534034531,0.8645538445789658,specialist_match,"product=GTX Plus Pro (strong_fit, n=32); ticket_band=high_ticket_4k_to_10k (strong_fit, n=62); revenue_band=500m_to_1_5b (neutral, n=30)",65.63151508679834,0.9,possible_specialist,9.0,True
I6M40320,engaging,niesha_huffines,Niesha Huffines,Melvin Marxen,Central,GTX Plus Basic,mid_ticket_1k_to_4k,1096,Betatech,medical,500m_to_1_5b,500_to_2k,146.0,True,maureen_marcano,Maureen Marcano,Summer Sewald,West,75.2197877947393,0.8580952792483143,specialist_match,"product=GTX Plus Basic (strong_fit, n=70); ticket_band=mid_ticket_1k_to_4k (strong_fit, n=87); sector=medical (strong_fit, n=19)",60.845481890094746,0.9,specialist_match,23.0,True
I6PXHXST,engaging,marty_freudenburg,Marty Freudenburg,Melvin Marxen,Central,MG Advanced,mid_ticket_1k_to_4k,3393,Singletechno,retail,1_5b_to_3b,2k_to_10k,139.0,True,hayden_neloms,Hayden Neloms,Celia Rouche,West,76.98677210101715,0.9707106781186547,specialist_match,"product=MG Advanced (strong_fit, n=77); ticket_band=mid_ticket_1k_to_4k (possible_fit, n=119); sector=retail (possible_fit, n=36)",60.09249500145369,0.9,specialist_match,21.0,True
I6U62W0R,engaging,kami_bicknell,Kami Bicknell,Summer Sewald,West,GTX Basic,low_ticket_under_1k,550,,,,,277.0,False,hayden_neloms,Hayden Neloms,Celia Rouche,West,70.07479583264518,0.15165750888103105,possible_specialist,"ticket_band=low_ticket_under_1k (possible_fit, n=23)",64.9706180992233,0.5000000000000001,possible_specialist,12.0,True
I6UG2OLX,engaging,corliss_cosme,Corliss Cosme,Cara Losch,East,MG Advanced,mid_ticket_1k_to_4k,3393,,,,,232.0,False,hayden_neloms,Hayden Neloms,Celia Rouche,West,74.19302882850188,0.5000000000000001,specialist_match,"product=MG Advanced (strong_fit, n=77); ticket_band=mid_ticket_1k_to_4k (possible_fit, n=119)",62.18936719088769,0.4806243040080457,generalist_match,19.0,True
I79B9KJ2,prospecting,cecily_lampkin,Cecily Lampkin,Dustin Brinkmann,Central,GTX Plus Basic,mid_ticket_1k_to_4k,1096,,,,,,False,maureen_marcano,Maureen Marcano,Summer Sewald,West,73.48602163110729,0.5000000000000001,specialist_match,"product=GTX Plus Basic (strong_fit, n=70); ticket_band=mid_ticket_1k_to_4k (strong_fit, n=87)",69.84075629824987,0.4738612787525831,specialist_match,2.0,True
I7BWM5O0,engaging,violet_mclelland,Violet Mclelland,Cara Losch,East,MG Special,low_ticket_under_1k,55,Warephase,services,1_5b_to_3b,2k_to_10k,300.0,True,hayden_neloms,Hayden Neloms,Celia Rouche,West,72.18561733841217,0.8185460927496871,specialist_match,"product=MG Special (possible_fit, n=23); ticket_band=low_ticket_under_1k (possible_fit, n=23); revenue_band=1_5b_to_3b (strong_fit, n=54)",63.71589603951284,0.7000000000000001,specialist_match,15.0,True
I7MDOGGU,engaging,maureen_marcano,Maureen Marcano,Summer Sewald,West,GTX Basic,low_ticket_under_1k,550,,,,,288.0,False,hayden_neloms,Hayden Neloms,Celia Rouche,West,70.07479583264518,0.15165750888103105,possible_specialist,"ticket_band=low_ticket_under_1k (possible_fit, n=23)",67.11923507294885,0.5000000000000001,generalist_match,4.0,True
I8NC3RFB,prospecting,anna_snelling,Anna Snelling,Dustin Brinkmann,Central,MG Advanced,mid_ticket_1k_to_4k,3393,,,,,,False,hayden_neloms,Hayden Neloms,Celia Rouche,West,74.19302882850188,0.5000000000000001,specialist_match,"product=MG Advanced (strong_fit, n=77); ticket_band=mid_ticket_1k_to_4k (possible_fit, n=119)",57.502548739829464,0.5000000000000001,generalist_match,26.0,True
I92EJ805,engaging,kami_bicknell,Kami Bicknell,Summer Sewald,West,GTX Basic,low_ticket_under_1k,550,Bluth Company,technology,500m_to_1_5b,2k_to_10k,244.0,True,hayden_neloms,Hayden Neloms,Celia Rouche,West,71.51986548929186,0.49244411635452084,specialist_match,"ticket_band=low_ticket_under_1k (possible_fit, n=23); sector=technology (neutral, n=14); revenue_band=500m_to_1_5b (neutral, n=31)",65.68657617951924,0.9,possible_specialist,11.0,True
I93XL6Q9,prospecting,anna_snelling,Anna Snelling,Dustin Brinkmann,Central,MG Special,low_ticket_under_1k,55,Finhigh,finance,500m_to_1_5b,500_to_2k,,True,hayden_neloms,Hayden Neloms,Celia Rouche,West,71.72724232828777,0.6199776366795383,possible_specialist,"product=MG Special (possible_fit, n=23); ticket_band=low_ticket_under_1k (possible_fit, n=23); revenue_band=500m_to_1_5b (neutral, n=31)",62.54340334474455,0.9707106781186547,specialist_match,20.0,True
I9SPENCQ,engaging,violet_mclelland,Violet Mclelland,Cara Losch,East,GTX Plus Basic,mid_ticket_1k_to_4k,1096,Cheers,entertainment,over_3b,2k_to_10k,163.0,True,maureen_marcano,Maureen Marcano,Summer Sewald,West,74.84698488253363,0.9816242034378674,specialist_match,"product=GTX Plus Basic (strong_fit, n=70); ticket_band=mid_ticket_1k_to_4k (strong_fit, n=87); revenue_band=over_3b (neutral, n=70)",62.815275691766054,0.8256927042159398,generalist_match,16.0,True
IAUXJ05J,engaging,anna_snelling,Anna Snelling,Dustin Brinkmann,Central,MG Special,low_ticket_under_1k,55,,,,,161.0,False,hayden_neloms,Hayden Neloms,Celia Rouche,West,71.35150661886287,0.44534101199279935,possible_specialist,"product=MG Special (possible_fit, n=23); ticket_band=low_ticket_under_1k (possible_fit, n=23)",64.31764459641298,0.5000000000000001,specialist_match,13.0,True
IAV71BEX,prospecting,cecily_lampkin,Cecily Lampkin,Dustin Brinkmann,Central,MG Advanced,mid_ticket_1k_to_4k,3393,Singletechno,retail,1_5b_to_3b,2k_to_10k,,True,hayden_neloms,Hayden Neloms,Celia Rouche,West,76.98677210101715,0.9707106781186547,specialist_match,"product=MG Advanced (strong_fit, n=77); ticket_band=mid_ticket_1k_to_4k (possible_fit, n=119); sector=retail (possible_fit, n=36)",68.52580994875211,0.9,specialist_match,4.0,True
IBB0VGUN,engaging,cassey_cress,Cassey Cress,Rocco Neubert,East,MG Special,low_ticket_under_1k,55,,,,,56.0,False,hayden_neloms,Hayden Neloms,Celia Rouche,West,71.35150661886287,0.44534101199279935,possible_specialist,"product=MG Special (possible_fit, n=23); ticket_band=low_ticket_under_1k (possible_fit, n=23)",62.289546863103894,0.4371708245126285,generalist_match,21.0,True
IBEUTCSW,engaging,james_ascencio,James Ascencio,Summer Sewald,West,MG Advanced,mid_ticket_1k_to_4k,3393,,,,,388.0,False,hayden_neloms,Hayden Neloms,Celia Rouche,West,74.19302882850188,0.5000000000000001,specialist_match,"product=MG Advanced (strong_fit, n=77); ticket_band=mid_ticket_1k_to_4k (possible_fit, n=119)",67.33380886620368,0.44243315085963286,possible_specialist,4.0,True
IBS3H6Z4,engaging,hayden_neloms,Hayden Neloms,Celia Rouche,West,GTX Plus Basic,mid_ticket_1k_to_4k,1096,,,,,289.0,False,maureen_marcano,Maureen Marcano,Summer Sewald,West,73.48602163110729,0.5000000000000001,specialist_match,"product=GTX Plus Basic (strong_fit, n=70); ticket_band=mid_ticket_1k_to_4k (strong_fit, n=87)",68.66988645587561,0.5000000000000001,possible_specialist,3.0,True
IBZI95HI,engaging,james_ascencio,James Ascencio,Summer Sewald,West,GTX Plus Basic,mid_ticket_1k_to_4k,1096,Zoomit,entertainment,under_500m,500_to_2k,219.0,True,maureen_marcano,Maureen Marcano,Summer Sewald,West,73.76925760407082,0.8850268562206162,specialist_match,"product=GTX Plus Basic (strong_fit, n=70); ticket_band=mid_ticket_1k_to_4k (strong_fit, n=87); revenue_band=under_500m (neutral, n=48)",66.34434181215295,0.8471522211367716,possible_specialist,7.0,True
ICG3THQK,engaging,gladys_colclough,Gladys Colclough,Melvin Marxen,Central,GTX Basic,low_ticket_under_1k,550,Sumace,retail,under_500m,under_500,153.0,True,moses_frase,Moses Frase,Dustin Brinkmann,Central,71.15838194229896,0.7948683298050515,specialist_match,"product=GTX Basic (strong_fit, n=59); ticket_band=low_ticket_under_1k (strong_fit, n=105); sector=retail (strong_fit, n=27)",54.75440583215165,0.8,generalist_match,28.0,True
ICMXZOVL,engaging,daniell_hammack,Daniell Hammack,Rocco Neubert,East,GTX Pro,high_ticket_4k_to_10k,4821,Stanredtax,finance,1_5b_to_3b,2k_to_10k,388.0,True,maureen_marcano,Maureen Marcano,Summer Sewald,West,74.9952695792879,0.8527525231651948,specialist_match,"product=GTX Pro (strong_fit, n=30); ticket_band=high_ticket_4k_to_10k (strong_fit, n=62); revenue_band=1_5b_to_3b (strong_fit, n=65)",63.3942843639901,0.8308620170922052,specialist_match,18.0,True
ICR59VIJ,engaging,cassey_cress,Cassey Cress,Rocco Neubert,East,MG Advanced,mid_ticket_1k_to_4k,3393,,,,,138.0,False,hayden_neloms,Hayden Neloms,Celia Rouche,West,74.19302882850188,0.5000000000000001,specialist_match,"product=MG Advanced (strong_fit, n=77); ticket_band=mid_ticket_1k_to_4k (possible_fit, n=119)",62.27804922349695,0.5000000000000001,generalist_match,17.0,True
IDKBZCAF,engaging,daniell_hammack,Daniell Hammack,Rocco Neubert,East,GTX Pro,high_ticket_4k_to_10k,4821,,,,,101.0,False,maureen_marcano,Maureen Marcano,Summer Sewald,West,73.54787621751144,0.5000000000000001,specialist_match,"product=GTX Pro (strong_fit, n=30); ticket_band=high_ticket_4k_to_10k (strong_fit, n=62)",63.40213266738296,0.5000000000000001,specialist_match,17.0,True
IE7VQ5BA,engaging,daniell_hammack,Daniell Hammack,Rocco Neubert,East,GTX Plus Basic,mid_ticket_1k_to_4k,1096,Finhigh,finance,500m_to_1_5b,500_to_2k,373.0,True,maureen_marcano,Maureen Marcano,Summer Sewald,West,73.72069899667369,0.8328964982129872,specialist_match,"product=GTX Plus Basic (strong_fit, n=70); ticket_band=mid_ticket_1k_to_4k (strong_fit, n=87); revenue_band=500m_to_1_5b (neutral, n=30)",58.72262528370518,0.8446639578868872,possible_specialist,25.0,True
IEAPJ5X1,engaging,maureen_marcano,Maureen Marcano,Summer Sewald,West,GTX Plus Basic,mid_ticket_1k_to_4k,1096,,,,,327.0,False,maureen_marcano,Maureen Marcano,Summer Sewald,West,73.48602163110729,0.5000000000000001,specialist_match,"product=GTX Plus Basic (strong_fit, n=70); ticket_band=mid_ticket_1k_to_4k (strong_fit, n=87)",73.48602163110729,0.5000000000000001,specialist_match,1.0,False
IEMOIN3K,prospecting,darcel_schlecht,Darcel Schlecht,Melvin Marxen,Central,GTX Plus Basic,mid_ticket_1k_to_4k,1096,,,,,,False,maureen_marcano,Maureen Marcano,Summer Sewald,West,73.48602163110729,0.5000000000000001,specialist_match,"product=GTX Plus Basic (strong_fit, n=70); ticket_band=mid_ticket_1k_to_4k (strong_fit, n=87)",64.79805655096737,0.5000000000000001,specialist_match,10.0,True
IG540SIB,engaging,cecily_lampkin,Cecily Lampkin,Dustin Brinkmann,Central,MG Advanced,mid_ticket_1k_to_4k,3393,,,,,154.0,False,hayden_neloms,Hayden Neloms,Celia Rouche,West,74.19302882850188,0.5000000000000001,specialist_match,"product=MG Advanced (strong_fit, n=77); ticket_band=mid_ticket_1k_to_4k (possible_fit, n=119)",68.79942715958568,0.5000000000000001,specialist_match,3.0,True
IGHYUSN8,engaging,vicki_laflamme,Vicki Laflamme,Celia Rouche,West,GTX Plus Pro,high_ticket_4k_to_10k,5482,Golddex,finance,under_500m,under_500,239.0,True,maureen_marcano,Maureen Marcano,Summer Sewald,West,74.32421255226463,0.8364185258186024,specialist_match,"product=GTX Plus Pro (strong_fit, n=32); ticket_band=high_ticket_4k_to_10k (strong_fit, n=62); revenue_band=under_500m (neutral, n=48)",64.9942984415475,0.9577935474573519,specialist_match,11.0,True
IGRY0M4Q,engaging,daniell_hammack,Daniell Hammack,Rocco Neubert,East,MG Advanced,mid_ticket_1k_to_4k,3393,,,,,249.0,False,hayden_neloms,Hayden Neloms,Celia Rouche,West,74.19302882850188,0.5000000000000001,specialist_match,"product=MG Advanced (strong_fit, n=77); ticket_band=mid_ticket_1k_to_4k (possible_fit, n=119)",56.615361697431,0.4872281323269015,generalist_match,28.0,True
IHKIAB1W,prospecting,darcel_schlecht,Darcel Schlecht,Melvin Marxen,Central,GTX Pro,high_ticket_4k_to_10k,4821,Dontechi,software,over_3b,over_10k,,True,maureen_marcano,Maureen Marcano,Summer Sewald,West,75.07200875279338,0.9,specialist_match,"product=GTX Pro (strong_fit, n=30); ticket_band=high_ticket_4k_to_10k (strong_fit, n=62); sector=software (possible_fit, n=29)",60.8061843964126,0.9961769203083568,generalist_match,24.0,True
IIVP87B8,engaging,maureen_marcano,Maureen Marcano,Summer Sewald,West,MG Special,low_ticket_under_1k,55,,,,,253.0,False,hayden_neloms,Hayden Neloms,Celia Rouche,West,71.35150661886287,0.44534101199279935,possible_specialist,"product=MG Special (possible_fit, n=23); ticket_band=low_ticket_under_1k (possible_fit, n=23)",68.59256087373947,0.49368350311176834,generalist_match,2.0,True
IK7LMFER,engaging,moses_frase,Moses Frase,Dustin Brinkmann,Central,MG Special,low_ticket_under_1k,55,,,,,158.0,False,hayden_neloms,Hayden Neloms,Celia Rouche,West,71.35150661886287,0.44534101199279935,possible_specialist,"product=MG Special (possible_fit, n=23); ticket_band=low_ticket_under_1k (possible_fit, n=23)",65.050007828557,0.5000000000000001,specialist_match,11.0,True
IKR0NSUE,prospecting,moses_frase,Moses Frase,Dustin Brinkmann,Central,MG Special,low_ticket_under_1k,55,,,,,,False,hayden_neloms,Hayden Neloms,Celia Rouche,West,71.35150661886287,0.44534101199279935,possible_specialist,"product=MG Special (possible_fit, n=23); ticket_band=low_ticket_under_1k (possible_fit, n=23)",65.050007828557,0.5000000000000001,specialist_match,11.0,True
IKU97NEU,engaging,markita_hansen,Markita Hansen,Celia Rouche,West,MG Advanced,mid_ticket_1k_to_4k,3393,Funholding,finance,1_5b_to_3b,2k_to_10k,265.0,True,hayden_neloms,Hayden Neloms,Celia Rouche,West,75.59243625718109,0.7000000000000001,specialist_match,"product=MG Advanced (strong_fit, n=77); ticket_band=mid_ticket_1k_to_4k (possible_fit, n=119); revenue_band=1_5b_to_3b (strong_fit, n=54)",55.597509581297004,0.8632993161855452,generalist_match,27.0,True
ILR33OAV,engaging,james_ascencio,James Ascencio,Summer Sewald,West,MG Advanced,mid_ticket_1k_to_4k,3393,,,,,295.0,False,hayden_neloms,Hayden Neloms,Celia Rouche,West,74.19302882850188,0.5000000000000001,specialist_match,"product=MG Advanced (strong_fit, n=77); ticket_band=mid_ticket_1k_to_4k (possible_fit, n=119)",67.33380886620368,0.44243315085963286,possible_specialist,4.0,True
IMLFM79C,engaging,markita_hansen,Markita Hansen,Celia Rouche,West,GTX Plus Basic,mid_ticket_1k_to_4k,1096,,,,,113.0,False,maureen_marcano,Maureen Marcano,Summer Sewald,West,73.48602163110729,0.5000000000000001,specialist_match,"product=GTX Plus Basic (strong_fit, n=70); ticket_band=mid_ticket_1k_to_4k (strong_fit, n=87)",56.47081264336547,0.5000000000000001,generalist_match,27.0,True
IMLG35AP,engaging,lajuana_vencill,Lajuana Vencill,Dustin Brinkmann,Central,GTX Plus Pro,high_ticket_4k_to_10k,5482,,,,,162.0,False,maureen_marcano,Maureen Marcano,Summer Sewald,West,74.25820338006682,0.5000000000000001,specialist_match,"product=GTX Plus Pro (strong_fit, n=32); ticket_band=high_ticket_4k_to_10k (strong_fit, n=62)",55.21717150379561,0.252487623459052,low_confidence,29.0,True
IMN2GUYV,prospecting,lajuana_vencill,Lajuana Vencill,Dustin Brinkmann,Central,GTX Basic,low_ticket_under_1k,550,Statholdings,employment,under_500m,500_to_2k,,True,hayden_neloms,Hayden Neloms,Celia Rouche,West,71.31731168716789,0.4761595042543017,specialist_match,"ticket_band=low_ticket_under_1k (possible_fit, n=23); sector=employment (strong_fit, n=14); employee_band=500_to_2k (neutral, n=30)",51.00298333725204,0.7000000000000001,generalist_match,29.0,True
IN9S33CD,engaging,rosalina_dieter,Rosalina Dieter,Celia Rouche,West,GTX Plus Pro,high_ticket_4k_to_10k,5482,Finhigh,finance,500m_to_1_5b,500_to_2k,289.0,True,maureen_marcano,Maureen Marcano,Summer Sewald,West,74.49288074563322,0.8328964982129872,specialist_match,"product=GTX Plus Pro (strong_fit, n=32); ticket_band=high_ticket_4k_to_10k (strong_fit, n=62); revenue_band=500m_to_1_5b (neutral, n=30)",64.93631555117074,0.08215838362577495,low_confidence,13.0,True
INBGKE14,engaging,kary_hendrixson,Kary Hendrixson,Summer Sewald,West,GTX Pro,high_ticket_4k_to_10k,4821,,,,,318.0,False,maureen_marcano,Maureen Marcano,Summer Sewald,West,73.54787621751144,0.5000000000000001,specialist_match,"product=GTX Pro (strong_fit, n=30); ticket_band=high_ticket_4k_to_10k (strong_fit, n=62)",62.91009537954826,0.5000000000000001,generalist_match,19.0,True
INKH0Y59,engaging,vicki_laflamme,Vicki Laflamme,Celia Rouche,West,MG Special,low_ticket_under_1k,55,,,,,251.0,False,hayden_neloms,Hayden Neloms,Celia Rouche,West,71.35150661886287,0.44534101199279935,possible_specialist,"product=MG Special (possible_fit, n=23); ticket_band=low_ticket_under_1k (possible_fit, n=23)",63.64770011642242,0.5000000000000001,generalist_match,15.0,True
INLVV78V,engaging,versie_hillebrand,Versie Hillebrand,Dustin Brinkmann,Central,MG Special,low_ticket_under_1k,55,,,,,162.0,False,hayden_neloms,Hayden Neloms,Celia Rouche,West,71.35150661886287,0.44534101199279935,possible_specialist,"product=MG Special (possible_fit, n=23); ticket_band=low_ticket_under_1k (possible_fit, n=23)",68.31320841592525,0.5000000000000001,possible_specialist,3.0,True
IOPIJ6C6,engaging,boris_faz,Boris Faz,Rocco Neubert,East,GTX Plus Basic,mid_ticket_1k_to_4k,1096,,,,,115.0,False,maureen_marcano,Maureen Marcano,Summer Sewald,West,73.48602163110729,0.5000000000000001,specialist_match,"product=GTX Plus Basic (strong_fit, n=70); ticket_band=mid_ticket_1k_to_4k (strong_fit, n=87)",67.08182161983684,0.5000000000000001,possible_specialist,5.0,True
IPHP2GVT,engaging,cecily_lampkin,Cecily Lampkin,Dustin Brinkmann,Central,MG Special,low_ticket_under_1k,55,,,,,165.0,False,hayden_neloms,Hayden Neloms,Celia Rouche,West,71.35150661886287,0.44534101199279935,possible_specialist,"product=MG Special (possible_fit, n=23); ticket_band=low_ticket_under_1k (possible_fit, n=23)",66.35765882959332,0.5000000000000001,generalist_match,6.0,True
IQFDPIND,engaging,versie_hillebrand,Versie Hillebrand,Dustin Brinkmann,Central,GTX Basic,low_ticket_under_1k,550,,,,,165.0,False,hayden_neloms,Hayden Neloms,Celia Rouche,West,70.07479583264518,0.15165750888103105,possible_specialist,"ticket_band=low_ticket_under_1k (possible_fit, n=23)",67.32182856636227,0.4738612787525831,possible_specialist,3.0,True
IQMW1VDP,engaging,violet_mclelland,Violet Mclelland,Cara Losch,East,MG Special,low_ticket_under_1k,55,,,,,207.0,False,hayden_neloms,Hayden Neloms,Celia Rouche,West,71.35150661886287,0.44534101199279935,possible_specialist,"product=MG Special (possible_fit, n=23); ticket_band=low_ticket_under_1k (possible_fit, n=23)",63.49645821399774,0.5000000000000001,generalist_match,18.0,True
IQR162ZT,engaging,elease_gluck,Elease Gluck,Celia Rouche,West,GTX Plus Basic,mid_ticket_1k_to_4k,1096,,,,,18.0,False,maureen_marcano,Maureen Marcano,Summer Sewald,West,73.48602163110729,0.5000000000000001,specialist_match,"product=GTX Plus Basic (strong_fit, n=70); ticket_band=mid_ticket_1k_to_4k (strong_fit, n=87)",63.1281002993607,0.17606816861659014,low_confidence,15.0,True
IRTO8ZJW,prospecting,jonathan_berthelot,Jonathan Berthelot,Melvin Marxen,Central,GTX Plus Basic,mid_ticket_1k_to_4k,1096,,,,,,False,maureen_marcano,Maureen Marcano,Summer Sewald,West,73.48602163110729,0.5000000000000001,specialist_match,"product=GTX Plus Basic (strong_fit, n=70); ticket_band=mid_ticket_1k_to_4k (strong_fit, n=87)",64.58087656615885,0.5000000000000001,generalist_match,11.0,True
ISAWVDYZ,engaging,daniell_hammack,Daniell Hammack,Rocco Neubert,East,GTX Basic,low_ticket_under_1k,550,,,,,297.0,False,hayden_neloms,Hayden Neloms,Celia Rouche,West,70.07479583264518,0.15165750888103105,possible_specialist,"ticket_band=low_ticket_under_1k (possible_fit, n=23)",60.62572756860969,0.42713962644214676,generalist_match,22.0,True
ISQJD695,engaging,boris_faz,Boris Faz,Rocco Neubert,East,GTX Basic,low_ticket_under_1k,550,Sunnamplex,marketing,500m_to_1_5b,500_to_2k,168.0,True,hayden_neloms,Hayden Neloms,Celia Rouche,West,70.45053154207008,0.32629413356777,possible_specialist,"ticket_band=low_ticket_under_1k (possible_fit, n=23); revenue_band=500m_to_1_5b (neutral, n=31); employee_band=500_to_2k (neutral, n=30)",65.1100874455192,0.8188810231614579,generalist_match,14.0,True
IUM2FVA1,prospecting,versie_hillebrand,Versie Hillebrand,Dustin Brinkmann,Central,MG Advanced,mid_ticket_1k_to_4k,3393,,,,,,False,hayden_neloms,Hayden Neloms,Celia Rouche,West,74.19302882850188,0.5000000000000001,specialist_match,"product=MG Advanced (strong_fit, n=77); ticket_band=mid_ticket_1k_to_4k (possible_fit, n=119)",65.52347623430107,0.5000000000000001,generalist_match,9.0,True
IVJP36UT,engaging,cassey_cress,Cassey Cress,Rocco Neubert,East,MG Advanced,mid_ticket_1k_to_4k,3393,,,,,326.0,False,hayden_neloms,Hayden Neloms,Celia Rouche,West,74.19302882850188,0.5000000000000001,specialist_match,"product=MG Advanced (strong_fit, n=77); ticket_band=mid_ticket_1k_to_4k (possible_fit, n=119)",62.27804922349695,0.5000000000000001,generalist_match,17.0,True
IVTNXNYP,prospecting,moses_frase,Moses Frase,Dustin Brinkmann,Central,GTX Basic,low_ticket_under_1k,550,,,,,,False,hayden_neloms,Hayden Neloms,Celia Rouche,West,70.07479583264518,0.15165750888103105,possible_specialist,"ticket_band=low_ticket_under_1k (possible_fit, n=23)",70.02618636544221,0.5000000000000001,specialist_match,2.0,True
IW6S2BN0,engaging,gladys_colclough,Gladys Colclough,Melvin Marxen,Central,GTX Plus Basic,mid_ticket_1k_to_4k,1096,,,,,152.0,False,maureen_marcano,Maureen Marcano,Summer Sewald,West,73.48602163110729,0.5000000000000001,specialist_match,"product=GTX Plus Basic (strong_fit, n=70); ticket_band=mid_ticket_1k_to_4k (strong_fit, n=87)",58.8119360721871,0.5000000000000001,possible_specialist,25.0,True
IXW68X6Z,prospecting,cecily_lampkin,Cecily Lampkin,Dustin Brinkmann,Central,MG Advanced,mid_ticket_1k_to_4k,3393,,,,,,False,hayden_neloms,Hayden Neloms,Celia Rouche,West,74.19302882850188,0.5000000000000001,specialist_match,"product=MG Advanced (strong_fit, n=77); ticket_band=mid_ticket_1k_to_4k (possible_fit, n=119)",68.79942715958568,0.5000000000000001,specialist_match,3.0,True
J0G6ZLYZ,engaging,zane_levy,Zane Levy,Summer Sewald,West,GTX Plus Pro,high_ticket_4k_to_10k,5482,,,,,120.0,False,maureen_marcano,Maureen Marcano,Summer Sewald,West,74.25820338006682,0.5000000000000001,specialist_match,"product=GTX Plus Pro (strong_fit, n=32); ticket_band=high_ticket_4k_to_10k (strong_fit, n=62)",62.43677156031358,0.5000000000000001,possible_specialist,20.0,True
J1G2SZKD,engaging,zane_levy,Zane Levy,Summer Sewald,West,GTX Basic,low_ticket_under_1k,550,Goodsilron,marketing,1_5b_to_3b,2k_to_10k,39.0,True,hayden_neloms,Hayden Neloms,Celia Rouche,West,71.47420326132439,0.35165750888103103,specialist_match,"ticket_band=low_ticket_under_1k (possible_fit, n=23); revenue_band=1_5b_to_3b (strong_fit, n=54); employee_band=2k_to_10k (strong_fit, n=78)",58.97358057769553,0.9549276226844786,generalist_match,23.0,True
J31SUXQJ,engaging,marty_freudenburg,Marty Freudenburg,Melvin Marxen,Central,GTX Plus Pro,high_ticket_4k_to_10k,5482,Sumace,retail,under_500m,under_500,143.0,True,maureen_marcano,Maureen Marcano,Summer Sewald,West,76.23456328680561,0.8836660026534077,specialist_match,"product=GTX Plus Pro (strong_fit, n=32); ticket_band=high_ticket_4k_to_10k (strong_fit, n=62); sector=retail (strong_fit, n=39)",64.27851408985697,0.8,specialist_match,14.0,True
J32XDDAW,engaging,markita_hansen,Markita Hansen,Celia Rouche,West,GTX Basic,low_ticket_under_1k,550,,,,,382.0,False,hayden_neloms,Hayden Neloms,Celia Rouche,West,70.07479583264518,0.15165750888103105,possible_specialist,"ticket_band=low_ticket_under_1k (possible_fit, n=23)",56.20696202242551,0.5000000000000001,generalist_match,28.0,True
J53D8EOL,engaging,kary_hendrixson,Kary Hendrixson,Summer Sewald,West,GTX Plus Basic,mid_ticket_1k_to_4k,1096,Hottechi,technology,over_3b,over_10k,382.0,True,maureen_marcano,Maureen Marcano,Summer Sewald,West,73.59802938712802,0.9608669239594069,specialist_match,"product=GTX Plus Basic (strong_fit, n=70); ticket_band=mid_ticket_1k_to_4k (strong_fit, n=87); revenue_band=over_3b (neutral, n=70)",59.51416231819185,0.9935414346693485,generalist_match,24.0,True
J58BUYQH,engaging,kary_hendrixson,Kary Hendrixson,Summer Sewald,West,GTX Plus Basic,mid_ticket_1k_to_4k,1096,,,,,264.0,False,maureen_marcano,Maureen Marcano,Summer Sewald,West,73.48602163110729,0.5000000000000001,specialist_match,"product=GTX Plus Basic (strong_fit, n=70); ticket_band=mid_ticket_1k_to_4k (strong_fit, n=87)",60.872881234592825,0.5000000000000001,generalist_match,23.0,True
J5BCAQ1Z,engaging,zane_levy,Zane Levy,Summer Sewald,West,GTX Basic,low_ticket_under_1k,550,Bioplex,medical,under_500m,500_to_2k,16.0,True,hayden_neloms,Hayden Neloms,Celia Rouche,West,70.63094609049514,0.46482833732641654,possible_specialist,"ticket_band=low_ticket_under_1k (possible_fit, n=23); sector=medical (neutral, n=12); employee_band=500_to_2k (neutral, n=30)",60.74031842952955,0.9,specialist_match,21.0,True
J5IF7CT6,prospecting,gladys_colclough,Gladys Colclough,Melvin Marxen,Central,MG Advanced,mid_ticket_1k_to_4k,3393,,,,,,False,hayden_neloms,Hayden Neloms,Celia Rouche,West,74.19302882850188,0.5000000000000001,specialist_match,"product=MG Advanced (strong_fit, n=77); ticket_band=mid_ticket_1k_to_4k (possible_fit, n=119)",59.21581989401588,0.5000000000000001,possible_specialist,24.0,True
J5IXJWVU,prospecting,gladys_colclough,Gladys Colclough,Melvin Marxen,Central,MG Advanced,mid_ticket_1k_to_4k,3393,Cancity,retail,500m_to_1_5b,2k_to_10k,,True,hayden_neloms,Hayden Neloms,Celia Rouche,West,76.28020457130437,0.8880340843082951,specialist_match,"product=MG Advanced (strong_fit, n=77); ticket_band=mid_ticket_1k_to_4k (possible_fit, n=119); sector=retail (possible_fit, n=36)",57.36585932973429,0.982915619758885,possible_specialist,25.0,True
J6F10SFK,engaging,markita_hansen,Markita Hansen,Celia Rouche,West,MG Advanced,mid_ticket_1k_to_4k,3393,,,,,267.0,False,hayden_neloms,Hayden Neloms,Celia Rouche,West,74.19302882850188,0.5000000000000001,specialist_match,"product=MG Advanced (strong_fit, n=77); ticket_band=mid_ticket_1k_to_4k (possible_fit, n=119)",57.37171850419942,0.5000000000000001,generalist_match,27.0,True
J6OQS0AU,engaging,hayden_neloms,Hayden Neloms,Celia Rouche,West,MG Advanced,mid_ticket_1k_to_4k,3393,,,,,280.0,False,hayden_neloms,Hayden Neloms,Celia Rouche,West,74.19302882850188,0.5000000000000001,specialist_match,"product=MG Advanced (strong_fit, n=77); ticket_band=mid_ticket_1k_to_4k (possible_fit, n=119)",74.19302882850188,0.5000000000000001,specialist_match,1.0,False
J71N4WQ6,engaging,markita_hansen,Markita Hansen,Celia Rouche,West,GTX Plus Basic,mid_ticket_1k_to_4k,1096,,,,,239.0,False,maureen_marcano,Maureen Marcano,Summer Sewald,West,73.48602163110729,0.5000000000000001,specialist_match,"product=GTX Plus Basic (strong_fit, n=70); ticket_band=mid_ticket_1k_to_4k (strong_fit, n=87)",56.47081264336547,0.5000000000000001,generalist_match,27.0,True
J732416R,engaging,anna_snelling,Anna Snelling,Dustin Brinkmann,Central,MG Special,low_ticket_under_1k,55,,,,,161.0,False,hayden_neloms,Hayden Neloms,Celia Rouche,West,71.35150661886287,0.44534101199279935,possible_specialist,"product=MG Special (possible_fit, n=23); ticket_band=low_ticket_under_1k (possible_fit, n=23)",64.31764459641298,0.5000000000000001,specialist_match,13.0,True
J962I0KG,engaging,cassey_cress,Cassey Cress,Rocco Neubert,East,GTX Plus Basic,mid_ticket_1k_to_4k,1096,,,,,41.0,False,maureen_marcano,Maureen Marcano,Summer Sewald,West,73.48602163110729,0.5000000000000001,specialist_match,"product=GTX Plus Basic (strong_fit, n=70); ticket_band=mid_ticket_1k_to_4k (strong_fit, n=87)",62.03229146480558,0.5000000000000001,generalist_match,19.0,True
J9OP2A5I,engaging,rosalina_dieter,Rosalina Dieter,Celia Rouche,West,MG Special,low_ticket_under_1k,55,,,,,243.0,False,hayden_neloms,Hayden Neloms,Celia Rouche,West,71.35150661886287,0.44534101199279935,possible_specialist,"product=MG Special (possible_fit, n=23); ticket_band=low_ticket_under_1k (possible_fit, n=23)",62.919303058283,0.5000000000000001,generalist_match,19.0,True
J9PCNCUP,engaging,kary_hendrixson,Kary Hendrixson,Summer Sewald,West,GTX Basic,low_ticket_under_1k,550,Golddex,finance,under_500m,under_500,55.0,True,moses_frase,Moses Frase,Dustin Brinkmann,Central,71.45776019105148,0.7863537513563191,specialist_match,"product=GTX Basic (strong_fit, n=59); ticket_band=low_ticket_under_1k (strong_fit, n=105); sector=finance (strong_fit, n=22)",63.58755280395666,0.8774425156401068,specialist_match,18.0,True
JA5G7YBO,engaging,markita_hansen,Markita Hansen,Celia Rouche,West,MG Special,low_ticket_under_1k,55,Blackzim,retail,under_500m,500_to_2k,301.0,True,hayden_neloms,Hayden Neloms,Celia Rouche,West,72.40704299140502,0.8170904842008754,possible_specialist,"product=MG Special (possible_fit, n=23); ticket_band=low_ticket_under_1k (possible_fit, n=23); sector=retail (possible_fit, n=36)",52.45005763881904,0.9707106781186547,specialist_match,28.0,True
JB3J080M,engaging,kary_hendrixson,Kary Hendrixson,Summer Sewald,West,GTX Plus Pro,high_ticket_4k_to_10k,5482,,,,,173.0,False,maureen_marcano,Maureen Marcano,Summer Sewald,West,74.25820338006682,0.5000000000000001,specialist_match,"product=GTX Plus Pro (strong_fit, n=32); ticket_band=high_ticket_4k_to_10k (strong_fit, n=62)",62.634701152531576,0.5000000000000001,generalist_match,19.0,True
JB60NPU9,engaging,corliss_cosme,Corliss Cosme,Cara Losch,East,GTX Pro,high_ticket_4k_to_10k,4821,,,,,111.0,False,maureen_marcano,Maureen Marcano,Summer Sewald,West,73.54787621751144,0.5000000000000001,specialist_match,"product=GTX Pro (strong_fit, n=30); ticket_band=high_ticket_4k_to_10k (strong_fit, n=62)",67.32881200685368,0.5000000000000001,specialist_match,5.0,True
JBECEURV,engaging,zane_levy,Zane Levy,Summer Sewald,West,GTX Basic,low_ticket_under_1k,550,,,,,108.0,False,hayden_neloms,Hayden Neloms,Celia Rouche,West,70.07479583264518,0.15165750888103105,possible_specialist,"ticket_band=low_ticket_under_1k (possible_fit, n=23)",60.2374782161471,0.5000000000000001,generalist_match,23.0,True
JC7DDV56,prospecting,anna_snelling,Anna Snelling,Dustin Brinkmann,Central,MG Special,low_ticket_under_1k,55,,,,,,False,hayden_neloms,Hayden Neloms,Celia Rouche,West,71.35150661886287,0.44534101199279935,possible_specialist,"product=MG Special (possible_fit, n=23); ticket_band=low_ticket_under_1k (possible_fit, n=23)",64.31764459641298,0.5000000000000001,specialist_match,13.0,True
JCPQZ2SN,engaging,hayden_neloms,Hayden Neloms,Celia Rouche,West,GTX Plus Basic,mid_ticket_1k_to_4k,1096,Cheers,entertainment,over_3b,2k_to_10k,330.0,True,maureen_marcano,Maureen Marcano,Summer Sewald,West,74.84698488253363,0.9816242034378674,specialist_match,"product=GTX Plus Basic (strong_fit, n=70); ticket_band=mid_ticket_1k_to_4k (strong_fit, n=87); revenue_band=over_3b (neutral, n=70)",69.93030551474276,0.6974679434480897,specialist_match,3.0,True
JCRT0QHO,prospecting,darcel_schlecht,Darcel Schlecht,Melvin Marxen,Central,GTX Plus Basic,mid_ticket_1k_to_4k,1096,,,,,,False,maureen_marcano,Maureen Marcano,Summer Sewald,West,73.48602163110729,0.5000000000000001,specialist_match,"product=GTX Plus Basic (strong_fit, n=70); ticket_band=mid_ticket_1k_to_4k (strong_fit, n=87)",64.79805655096737,0.5000000000000001,specialist_match,10.0,True
JD7ACALY,prospecting,versie_hillebrand,Versie Hillebrand,Dustin Brinkmann,Central,MG Special,low_ticket_under_1k,55,,,,,,False,hayden_neloms,Hayden Neloms,Celia Rouche,West,71.35150661886287,0.44534101199279935,possible_specialist,"product=MG Special (possible_fit, n=23); ticket_band=low_ticket_under_1k (possible_fit, n=23)",68.31320841592525,0.5000000000000001,possible_specialist,3.0,True
JDHHDOX8,engaging,jonathan_berthelot,Jonathan Berthelot,Melvin Marxen,Central,GTX Basic,low_ticket_under_1k,550,,,,,164.0,False,hayden_neloms,Hayden Neloms,Celia Rouche,West,70.07479583264518,0.15165750888103105,possible_specialist,"ticket_band=low_ticket_under_1k (possible_fit, n=23)",65.41096422849174,0.5000000000000001,possible_specialist,10.0,True
JDXSS1HT,engaging,markita_hansen,Markita Hansen,Celia Rouche,West,GTX Basic,low_ticket_under_1k,550,Silis,medical,1_5b_to_3b,2k_to_10k,298.0,True,hayden_neloms,Hayden Neloms,Celia Rouche,West,72.05598215497773,0.4930788651183406,specialist_match,"ticket_band=low_ticket_under_1k (possible_fit, n=23); sector=medical (neutral, n=12); revenue_band=1_5b_to_3b (strong_fit, n=54)",54.07786876506892,0.8527525231651948,generalist_match,28.0,True
JEWIBFH9,engaging,wilburn_farren,Wilburn Farren,Cara Losch,East,MG Advanced,mid_ticket_1k_to_4k,3393,,,,,139.0,False,hayden_neloms,Hayden Neloms,Celia Rouche,West,74.19302882850188,0.5000000000000001,specialist_match,"product=MG Advanced (strong_fit, n=77); ticket_band=mid_ticket_1k_to_4k (possible_fit, n=119)",,,not_candidate,,True
JF4MEWPX,prospecting,moses_frase,Moses Frase,Dustin Brinkmann,Central,GTX Basic,low_ticket_under_1k,550,,,,,,False,hayden_neloms,Hayden Neloms,Celia Rouche,West,70.07479583264518,0.15165750888103105,possible_specialist,"ticket_band=low_ticket_under_1k (possible_fit, n=23)",70.02618636544221,0.5000000000000001,specialist_match,2.0,True
JGXK8P6T,engaging,zane_levy,Zane Levy,Summer Sewald,West,MG Advanced,mid_ticket_1k_to_4k,3393,,,,,152.0,False,hayden_neloms,Hayden Neloms,Celia Rouche,West,74.19302882850188,0.5000000000000001,specialist_match,"product=MG Advanced (strong_fit, n=77); ticket_band=mid_ticket_1k_to_4k (possible_fit, n=119)",60.98204191863348,0.45980762113533163,generalist_match,21.0,True
JH643YRI,engaging,lajuana_vencill,Lajuana Vencill,Dustin Brinkmann,Central,MG Advanced,mid_ticket_1k_to_4k,3393,Umbrella Corporation,finance,1_5b_to_3b,2k_to_10k,159.0,True,hayden_neloms,Hayden Neloms,Celia Rouche,West,75.59243625718109,0.7000000000000001,specialist_match,"product=MG Advanced (strong_fit, n=77); ticket_band=mid_ticket_1k_to_4k (possible_fit, n=119); revenue_band=1_5b_to_3b (strong_fit, n=54)",52.37439073688782,0.9,specialist_match,29.0,True
JHCA115A,engaging,vicki_laflamme,Vicki Laflamme,Celia Rouche,West,GTX Pro,high_ticket_4k_to_10k,4821,Green-Plus,services,500m_to_1_5b,500_to_2k,165.0,True,maureen_marcano,Maureen Marcano,Summer Sewald,West,74.84392353713552,0.87162939659906,specialist_match,"product=GTX Pro (strong_fit, n=30); ticket_band=high_ticket_4k_to_10k (strong_fit, n=62); sector=services (possible_fit, n=22)",61.86960483476654,0.9866025403784439,possible_specialist,22.0,True
JHNDPI2N,prospecting,anna_snelling,Anna Snelling,Dustin Brinkmann,Central,MG Special,low_ticket_under_1k,55,J-Texon,retail,500m_to_1_5b,2k_to_10k,,True,hayden_neloms,Hayden Neloms,Celia Rouche,West,73.43868236166536,0.8333750963010945,specialist_match,"product=MG Special (possible_fit, n=23); ticket_band=low_ticket_under_1k (possible_fit, n=23); sector=retail (possible_fit, n=36)",63.38362425075019,0.9,specialist_match,19.0,True
JIACLB24,engaging,vicki_laflamme,Vicki Laflamme,Celia Rouche,West,GTX Basic,low_ticket_under_1k,550,Scottech,marketing,under_500m,under_500,351.0,True,hayden_neloms,Hayden Neloms,Celia Rouche,West,69.98232301130567,0.23680444071066306,possible_specialist,"ticket_band=low_ticket_under_1k (possible_fit, n=23)",67.21305311304094,0.9,specialist_match,6.0,True
JIEO87ZV,engaging,daniell_hammack,Daniell Hammack,Rocco Neubert,East,MG Advanced,mid_ticket_1k_to_4k,3393,,,,,86.0,False,hayden_neloms,Hayden Neloms,Celia Rouche,West,74.19302882850188,0.5000000000000001,specialist_match,"product=MG Advanced (strong_fit, n=77); ticket_band=mid_ticket_1k_to_4k (possible_fit, n=119)",56.615361697431,0.4872281323269015,generalist_match,28.0,True
JJGRAQ2K,engaging,kary_hendrixson,Kary Hendrixson,Summer Sewald,West,GTX Plus Pro,high_ticket_4k_to_10k,5482,Rangreen,technology,1_5b_to_3b,2k_to_10k,69.0,True,maureen_marcano,Maureen Marcano,Summer Sewald,West,75.5019768801858,0.8779513042005219,specialist_match,"product=GTX Plus Pro (strong_fit, n=32); ticket_band=high_ticket_4k_to_10k (strong_fit, n=62); revenue_band=1_5b_to_3b (strong_fit, n=65)",61.059842865191364,0.9,generalist_match,22.0,True
JKAYQ4HQ,engaging,elease_gluck,Elease Gluck,Celia Rouche,West,MG Special,low_ticket_under_1k,55,,,,,119.0,False,hayden_neloms,Hayden Neloms,Celia Rouche,West,71.35150661886287,0.44534101199279935,possible_specialist,"product=MG Special (possible_fit, n=23); ticket_band=low_ticket_under_1k (possible_fit, n=23)",64.05240715549783,0.5000000000000001,specialist_match,14.0,True
JL9ERNVY,engaging,boris_faz,Boris Faz,Rocco Neubert,East,GTX Plus Pro,high_ticket_4k_to_10k,5482,,,,,225.0,False,maureen_marcano,Maureen Marcano,Summer Sewald,West,74.25820338006682,0.5000000000000001,specialist_match,"product=GTX Plus Pro (strong_fit, n=32); ticket_band=high_ticket_4k_to_10k (strong_fit, n=62)",65.71958764849364,0.5000000000000001,possible_specialist,8.0,True
JLZCOLIE,prospecting,gladys_colclough,Gladys Colclough,Melvin Marxen,Central,MG Advanced,mid_ticket_1k_to_4k,3393,,,,,,False,hayden_neloms,Hayden Neloms,Celia Rouche,West,74.19302882850188,0.5000000000000001,specialist_match,"product=MG Advanced (strong_fit, n=77); ticket_band=mid_ticket_1k_to_4k (possible_fit, n=119)",59.21581989401588,0.5000000000000001,possible_specialist,24.0,True
JM5GDLEF,engaging,corliss_cosme,Corliss Cosme,Cara Losch,East,GTX Pro,high_ticket_4k_to_10k,4821,,,,,225.0,False,maureen_marcano,Maureen Marcano,Summer Sewald,West,73.54787621751144,0.5000000000000001,specialist_match,"product=GTX Pro (strong_fit, n=30); ticket_band=high_ticket_4k_to_10k (strong_fit, n=62)",67.32881200685368,0.5000000000000001,specialist_match,5.0,True
JNEQWZQK,engaging,wilburn_farren,Wilburn Farren,Cara Losch,East,GTX Basic,low_ticket_under_1k,550,,,,,250.0,False,hayden_neloms,Hayden Neloms,Celia Rouche,West,70.07479583264518,0.15165750888103105,possible_specialist,"ticket_band=low_ticket_under_1k (possible_fit, n=23)",,,not_candidate,,True
JOLNKYNH,engaging,moses_frase,Moses Frase,Dustin Brinkmann,Central,MG Advanced,mid_ticket_1k_to_4k,3393,,,,,162.0,False,hayden_neloms,Hayden Neloms,Celia Rouche,West,74.19302882850188,0.5000000000000001,specialist_match,"product=MG Advanced (strong_fit, n=77); ticket_band=mid_ticket_1k_to_4k (possible_fit, n=119)",66.67886466929271,0.5000000000000001,generalist_match,6.0,True
JQ338VQC,prospecting,versie_hillebrand,Versie Hillebrand,Dustin Brinkmann,Central,MG Special,low_ticket_under_1k,55,Blackzim,retail,under_500m,500_to_2k,,True,hayden_neloms,Hayden Neloms,Celia Rouche,West,72.40704299140502,0.8170904842008754,possible_specialist,"product=MG Special (possible_fit, n=23); ticket_band=low_ticket_under_1k (possible_fit, n=23); sector=retail (possible_fit, n=36)",68.29650460732918,0.9,possible_specialist,4.0,True
JQ5AOYQ8,engaging,darcel_schlecht,Darcel Schlecht,Melvin Marxen,Central,MG Advanced,mid_ticket_1k_to_4k,3393,,,,,157.0,False,hayden_neloms,Hayden Neloms,Celia Rouche,West,74.19302882850188,0.5000000000000001,specialist_match,"product=MG Advanced (strong_fit, n=77); ticket_band=mid_ticket_1k_to_4k (possible_fit, n=119)",63.28724737299752,0.5000000000000001,possible_specialist,13.0,True
JQA8H6M5,engaging,kami_bicknell,Kami Bicknell,Summer Sewald,West,GTX Plus Pro,high_ticket_4k_to_10k,5482,,,,,319.0,False,maureen_marcano,Maureen Marcano,Summer Sewald,West,74.25820338006682,0.5000000000000001,specialist_match,"product=GTX Plus Pro (strong_fit, n=32); ticket_band=high_ticket_4k_to_10k (strong_fit, n=62)",65.89940481261729,0.45980762113533163,specialist_match,7.0,True
JQBN7PXK,prospecting,gladys_colclough,Gladys Colclough,Melvin Marxen,Central,MG Advanced,mid_ticket_1k_to_4k,3393,Xx-zobam,entertainment,over_3b,2k_to_10k,,True,hayden_neloms,Hayden Neloms,Celia Rouche,West,75.45344788736902,0.6974679434480897,specialist_match,"product=MG Advanced (strong_fit, n=77); ticket_band=mid_ticket_1k_to_4k (possible_fit, n=119); revenue_band=over_3b (possible_fit, n=38)",58.46911249761095,0.7000000000000001,possible_specialist,25.0,True
JS5N8USN,engaging,corliss_cosme,Corliss Cosme,Cara Losch,East,GTX Plus Basic,mid_ticket_1k_to_4k,1096,,,,,200.0,False,maureen_marcano,Maureen Marcano,Summer Sewald,West,73.48602163110729,0.5000000000000001,specialist_match,"product=GTX Plus Basic (strong_fit, n=70); ticket_band=mid_ticket_1k_to_4k (strong_fit, n=87)",64.28124545159802,0.5000000000000001,generalist_match,12.0,True
JSTHYUCD,prospecting,anna_snelling,Anna Snelling,Dustin Brinkmann,Central,MG Special,low_ticket_under_1k,55,,,,,,False,hayden_neloms,Hayden Neloms,Celia Rouche,West,71.35150661886287,0.44534101199279935,possible_specialist,"product=MG Special (possible_fit, n=23); ticket_band=low_ticket_under_1k (possible_fit, n=23)",64.31764459641298,0.5000000000000001,specialist_match,13.0,True
JSZZN48S,engaging,james_ascencio,James Ascencio,Summer Sewald,West,GTX Plus Pro,high_ticket_4k_to_10k,5482,,,,,306.0,False,maureen_marcano,Maureen Marcano,Summer Sewald,West,74.25820338006682,0.5000000000000001,specialist_match,"product=GTX Plus Pro (strong_fit, n=32); ticket_band=high_ticket_4k_to_10k (strong_fit, n=62)",66.57595272208489,0.5000000000000001,possible_specialist,5.0,True
JUCNIG4H,engaging,james_ascencio,James Ascencio,Summer Sewald,West,GTX Basic,low_ticket_under_1k,550,,,,,391.0,False,hayden_neloms,Hayden Neloms,Celia Rouche,West,70.07479583264518,0.15165750888103105,possible_specialist,"ticket_band=low_ticket_under_1k (possible_fit, n=23)",65.1285349679303,0.5000000000000001,generalist_match,11.0,True
JUHQ1POT,engaging,boris_faz,Boris Faz,Rocco Neubert,East,GTX Plus Basic,mid_ticket_1k_to_4k,1096,Streethex,retail,500m_to_1_5b,500_to_2k,183.0,True,maureen_marcano,Maureen Marcano,Summer Sewald,West,75.63104973121467,0.8801439750477924,specialist_match,"product=GTX Plus Basic (strong_fit, n=70); ticket_band=mid_ticket_1k_to_4k (strong_fit, n=87); sector=retail (strong_fit, n=39)",67.12458095890487,0.8774596669241485,specialist_match,7.0,True
JVF7HZMV,engaging,zane_levy,Zane Levy,Summer Sewald,West,GTX Plus Basic,mid_ticket_1k_to_4k,1096,,,,,33.0,False,maureen_marcano,Maureen Marcano,Summer Sewald,West,73.48602163110729,0.5000000000000001,specialist_match,"product=GTX Plus Basic (strong_fit, n=70); ticket_band=mid_ticket_1k_to_4k (strong_fit, n=87)",61.1854378680592,0.5000000000000001,generalist_match,22.0,True
JVXGG70X,prospecting,darcel_schlecht,Darcel Schlecht,Melvin Marxen,Central,GTX Plus Pro,high_ticket_4k_to_10k,5482,,,,,,False,maureen_marcano,Maureen Marcano,Summer Sewald,West,74.25820338006682,0.5000000000000001,specialist_match,"product=GTX Plus Pro (strong_fit, n=32); ticket_band=high_ticket_4k_to_10k (strong_fit, n=62)",63.90260951665106,0.5000000000000001,specialist_match,13.0,True
JW4Q5F4Z,engaging,cassey_cress,Cassey Cress,Rocco Neubert,East,MG Special,low_ticket_under_1k,55,,,,,274.0,False,hayden_neloms,Hayden Neloms,Celia Rouche,West,71.35150661886287,0.44534101199279935,possible_specialist,"product=MG Special (possible_fit, n=23); ticket_band=low_ticket_under_1k (possible_fit, n=23)",62.289546863103894,0.4371708245126285,generalist_match,21.0,True
JXUSPNPV,engaging,markita_hansen,Markita Hansen,Celia Rouche,West,GTX Plus Basic,mid_ticket_1k_to_4k,1096,,,,,96.0,False,maureen_marcano,Maureen Marcano,Summer Sewald,West,73.48602163110729,0.5000000000000001,specialist_match,"product=GTX Plus Basic (strong_fit, n=70); ticket_band=mid_ticket_1k_to_4k (strong_fit, n=87)",56.47081264336547,0.5000000000000001,generalist_match,27.0,True
JZ4QLP1W,prospecting,lajuana_vencill,Lajuana Vencill,Dustin Brinkmann,Central,MG Special,low_ticket_under_1k,55,Bioplex,medical,under_500m,500_to_2k,,True,hayden_neloms,Hayden Neloms,Celia Rouche,West,71.90765687671284,0.7585118404381849,possible_specialist,"product=MG Special (possible_fit, n=23); ticket_band=low_ticket_under_1k (possible_fit, n=23); sector=medical (neutral, n=12)",48.113106692688746,0.9,generalist_match,29.0,True
K1K48OTP,engaging,kary_hendrixson,Kary Hendrixson,Summer Sewald,West,GTX Plus Pro,high_ticket_4k_to_10k,5482,Conecom,technology,1_5b_to_3b,500_to_2k,177.0,True,maureen_marcano,Maureen Marcano,Summer Sewald,West,74.85468436070842,0.8714927388698704,specialist_match,"product=GTX Plus Pro (strong_fit, n=32); ticket_band=high_ticket_4k_to_10k (strong_fit, n=62); revenue_band=1_5b_to_3b (strong_fit, n=65)",60.67232288573139,0.9,generalist_match,22.0,True
K2NPVZL8,engaging,kami_bicknell,Kami Bicknell,Summer Sewald,West,GTX Basic,low_ticket_under_1k,550,,,,,99.0,False,hayden_neloms,Hayden Neloms,Celia Rouche,West,70.07479583264518,0.15165750888103105,possible_specialist,"ticket_band=low_ticket_under_1k (possible_fit, n=23)",64.9706180992233,0.5000000000000001,possible_specialist,12.0,True
K38J8D75,prospecting,niesha_huffines,Niesha Huffines,Melvin Marxen,Central,GTX Basic,low_ticket_under_1k,550,,,,,,False,hayden_neloms,Hayden Neloms,Celia Rouche,West,70.07479583264518,0.15165750888103105,possible_specialist,"ticket_band=low_ticket_under_1k (possible_fit, n=23)",58.877443252263674,0.5000000000000001,generalist_match,24.0,True
K5CWSFCW,engaging,elease_gluck,Elease Gluck,Celia Rouche,West,GTX Pro,high_ticket_4k_to_10k,4821,Blackzim,retail,under_500m,500_to_2k,375.0,True,maureen_marcano,Maureen Marcano,Summer Sewald,West,75.69511224990674,0.9642521127880033,specialist_match,"product=GTX Pro (strong_fit, n=30); ticket_band=high_ticket_4k_to_10k (strong_fit, n=62); sector=retail (strong_fit, n=39)",63.63122341284966,0.3687609240042189,generalist_match,16.0,True
K5GFWLKM,engaging,boris_faz,Boris Faz,Rocco Neubert,East,GTX Plus Basic,mid_ticket_1k_to_4k,1096,,,,,236.0,False,maureen_marcano,Maureen Marcano,Summer Sewald,West,73.48602163110729,0.5000000000000001,specialist_match,"product=GTX Plus Basic (strong_fit, n=70); ticket_band=mid_ticket_1k_to_4k (strong_fit, n=87)",67.08182161983684,0.5000000000000001,possible_specialist,5.0,True
K63TD0WD,engaging,versie_hillebrand,Versie Hillebrand,Dustin Brinkmann,Central,MG Special,low_ticket_under_1k,55,,,,,153.0,False,hayden_neloms,Hayden Neloms,Celia Rouche,West,71.35150661886287,0.44534101199279935,possible_specialist,"product=MG Special (possible_fit, n=23); ticket_band=low_ticket_under_1k (possible_fit, n=23)",68.31320841592525,0.5000000000000001,possible_specialist,3.0,True
K64TY8LU,engaging,maureen_marcano,Maureen Marcano,Summer Sewald,West,MG Special,low_ticket_under_1k,55,,,,,349.0,False,hayden_neloms,Hayden Neloms,Celia Rouche,West,71.35150661886287,0.44534101199279935,possible_specialist,"product=MG Special (possible_fit, n=23); ticket_band=low_ticket_under_1k (possible_fit, n=23)",68.59256087373947,0.49368350311176834,generalist_match,2.0,True
K6M3EX4O,engaging,kami_bicknell,Kami Bicknell,Summer Sewald,West,GTX Plus Basic,mid_ticket_1k_to_4k,1096,,,,,260.0,False,maureen_marcano,Maureen Marcano,Summer Sewald,West,73.48602163110729,0.5000000000000001,specialist_match,"product=GTX Plus Basic (strong_fit, n=70); ticket_band=mid_ticket_1k_to_4k (strong_fit, n=87)",61.37515449443525,0.5000000000000001,generalist_match,21.0,True
K6MTPSB5,engaging,lajuana_vencill,Lajuana Vencill,Dustin Brinkmann,Central,GTX Basic,low_ticket_under_1k,550,,,,,161.0,False,hayden_neloms,Hayden Neloms,Celia Rouche,West,70.07479583264518,0.15165750888103105,possible_specialist,"ticket_band=low_ticket_under_1k (possible_fit, n=23)",52.685793792795806,0.5000000000000001,generalist_match,29.0,True
K7056XS7,engaging,rosie_papadopoulos,Rosie Papadopoulos,Cara Losch,East,MG Advanced,mid_ticket_1k_to_4k,3393,Kinnamplus,retail,500m_to_1_5b,500_to_2k,179.0,True,hayden_neloms,Hayden Neloms,Celia Rouche,West,75.6499295462723,0.874636624686739,specialist_match,"product=MG Advanced (strong_fit, n=77); ticket_band=mid_ticket_1k_to_4k (possible_fit, n=119); sector=retail (possible_fit, n=36)",64.63550140843627,0.8465017786454929,specialist_match,12.0,True
K72CEXGZ,engaging,maureen_marcano,Maureen Marcano,Summer Sewald,West,GTX Plus Basic,mid_ticket_1k_to_4k,1096,,,,,286.0,False,maureen_marcano,Maureen Marcano,Summer Sewald,West,73.48602163110729,0.5000000000000001,specialist_match,"product=GTX Plus Basic (strong_fit, n=70); ticket_band=mid_ticket_1k_to_4k (strong_fit, n=87)",73.48602163110729,0.5000000000000001,specialist_match,1.0,False
K7L1RE8B,prospecting,niesha_huffines,Niesha Huffines,Melvin Marxen,Central,MG Special,low_ticket_under_1k,55,,,,,,False,hayden_neloms,Hayden Neloms,Celia Rouche,West,71.35150661886287,0.44534101199279935,possible_specialist,"product=MG Special (possible_fit, n=23); ticket_band=low_ticket_under_1k (possible_fit, n=23)",58.1744076381151,0.4872281323269015,generalist_match,25.0,True
K7TV5UBZ,engaging,james_ascencio,James Ascencio,Summer Sewald,West,GTX Plus Pro,high_ticket_4k_to_10k,5482,,,,,221.0,False,maureen_marcano,Maureen Marcano,Summer Sewald,West,74.25820338006682,0.5000000000000001,specialist_match,"product=GTX Plus Pro (strong_fit, n=32); ticket_band=high_ticket_4k_to_10k (strong_fit, n=62)",66.57595272208489,0.5000000000000001,possible_specialist,5.0,True
K8ITR8PA,prospecting,niesha_huffines,Niesha Huffines,Melvin Marxen,Central,GTX Plus Pro,high_ticket_4k_to_10k,5482,,,,,,False,maureen_marcano,Maureen Marcano,Summer Sewald,West,74.25820338006682,0.5000000000000001,specialist_match,"product=GTX Plus Pro (strong_fit, n=32); ticket_band=high_ticket_4k_to_10k (strong_fit, n=62)",60.36640164539398,0.4074646881718925,specialist_match,23.0,True
K8LRZ95S,engaging,maureen_marcano,Maureen Marcano,Summer Sewald,West,GTX Plus Basic,mid_ticket_1k_to_4k,1096,,,,,257.0,False,maureen_marcano,Maureen Marcano,Summer Sewald,West,73.48602163110729,0.5000000000000001,specialist_match,"product=GTX Plus Basic (strong_fit, n=70); ticket_band=mid_ticket_1k_to_4k (strong_fit, n=87)",73.48602163110729,0.5000000000000001,specialist_match,1.0,False
K9KGXL2E,engaging,markita_hansen,Markita Hansen,Celia Rouche,West,MG Advanced,mid_ticket_1k_to_4k,3393,Lexiqvolax,medical,1_5b_to_3b,2k_to_10k,18.0,True,hayden_neloms,Hayden Neloms,Celia Rouche,West,76.17421515083443,0.8414213562373096,specialist_match,"product=MG Advanced (strong_fit, n=77); ticket_band=mid_ticket_1k_to_4k (possible_fit, n=119); sector=medical (neutral, n=12)",55.242625246842834,0.8527525231651948,generalist_match,28.0,True
KAGK2GQJ,engaging,james_ascencio,James Ascencio,Summer Sewald,West,GTX Plus Pro,high_ticket_4k_to_10k,5482,,,,,121.0,False,maureen_marcano,Maureen Marcano,Summer Sewald,West,74.25820338006682,0.5000000000000001,specialist_match,"product=GTX Plus Pro (strong_fit, n=32); ticket_band=high_ticket_4k_to_10k (strong_fit, n=62)",66.57595272208489,0.5000000000000001,possible_specialist,5.0,True
KAZ72JJ0,prospecting,versie_hillebrand,Versie Hillebrand,Dustin Brinkmann,Central,MG Special,low_ticket_under_1k,55,,,,,,False,hayden_neloms,Hayden Neloms,Celia Rouche,West,71.35150661886287,0.44534101199279935,possible_specialist,"product=MG Special (possible_fit, n=23); ticket_band=low_ticket_under_1k (possible_fit, n=23)",68.31320841592525,0.5000000000000001,possible_specialist,3.0,True
KBPKLB2X,engaging,jonathan_berthelot,Jonathan Berthelot,Melvin Marxen,Central,GTX Pro,high_ticket_4k_to_10k,4821,,,,,139.0,False,maureen_marcano,Maureen Marcano,Summer Sewald,West,73.54787621751144,0.5000000000000001,specialist_match,"product=GTX Pro (strong_fit, n=30); ticket_band=high_ticket_4k_to_10k (strong_fit, n=62)",64.8953452967243,0.5000000000000001,generalist_match,12.0,True
KBQ16F1I,engaging,zane_levy,Zane Levy,Summer Sewald,West,GTX Basic,low_ticket_under_1k,550,,,,,303.0,False,hayden_neloms,Hayden Neloms,Celia Rouche,West,70.07479583264518,0.15165750888103105,possible_specialist,"ticket_band=low_ticket_under_1k (possible_fit, n=23)",60.2374782161471,0.5000000000000001,generalist_match,23.0,True
KBR253C0,engaging,kami_bicknell,Kami Bicknell,Summer Sewald,West,MG Advanced,mid_ticket_1k_to_4k,3393,,,,,336.0,False,hayden_neloms,Hayden Neloms,Celia Rouche,West,74.19302882850188,0.5000000000000001,specialist_match,"product=MG Advanced (strong_fit, n=77); ticket_band=mid_ticket_1k_to_4k (possible_fit, n=119)",64.76238763178034,0.5000000000000001,possible_specialist,10.0,True
KD6MB4AP,engaging,elease_gluck,Elease Gluck,Celia Rouche,West,MG Special,low_ticket_under_1k,55,,,,,385.0,False,hayden_neloms,Hayden Neloms,Celia Rouche,West,71.35150661886287,0.44534101199279935,possible_specialist,"product=MG Special (possible_fit, n=23); ticket_band=low_ticket_under_1k (possible_fit, n=23)",64.05240715549783,0.5000000000000001,specialist_match,14.0,True
KDPBAHOJ,engaging,kami_bicknell,Kami Bicknell,Summer Sewald,West,MG Advanced,mid_ticket_1k_to_4k,3393,,,,,194.0,False,hayden_neloms,Hayden Neloms,Celia Rouche,West,74.19302882850188,0.5000000000000001,specialist_match,"product=MG Advanced (strong_fit, n=77); ticket_band=mid_ticket_1k_to_4k (possible_fit, n=119)",64.76238763178034,0.5000000000000001,possible_specialist,10.0,True
KF05URX0,engaging,corliss_cosme,Corliss Cosme,Cara Losch,East,MG Special,low_ticket_under_1k,55,,,,,234.0,False,hayden_neloms,Hayden Neloms,Celia Rouche,West,71.35150661886287,0.44534101199279935,possible_specialist,"product=MG Special (possible_fit, n=23); ticket_band=low_ticket_under_1k (possible_fit, n=23)",66.07295182044197,0.44494897427831787,possible_specialist,8.0,True
KFPM2LJW,engaging,rosalina_dieter,Rosalina Dieter,Celia Rouche,West,GTX Basic,low_ticket_under_1k,550,,,,,371.0,False,hayden_neloms,Hayden Neloms,Celia Rouche,West,70.07479583264518,0.15165750888103105,possible_specialist,"ticket_band=low_ticket_under_1k (possible_fit, n=23)",64.6297122773508,0.4371708245126285,generalist_match,14.0,True
KFSKQ291,prospecting,gladys_colclough,Gladys Colclough,Melvin Marxen,Central,MG Advanced,mid_ticket_1k_to_4k,3393,Plusstrip,entertainment,under_500m,under_500,,True,hayden_neloms,Hayden Neloms,Celia Rouche,West,74.10055600716237,0.5851469318296322,specialist_match,"product=MG Advanced (strong_fit, n=77); ticket_band=mid_ticket_1k_to_4k (possible_fit, n=119)",58.66709709363745,0.6000000000000001,possible_specialist,25.0,True
KIKG1BGV,engaging,moses_frase,Moses Frase,Dustin Brinkmann,Central,MG Advanced,mid_ticket_1k_to_4k,3393,Domzoom,entertainment,under_500m,500_to_2k,151.0,True,hayden_neloms,Hayden Neloms,Celia Rouche,West,74.16740019269851,0.671749472208076,specialist_match,"product=MG Advanced (strong_fit, n=77); ticket_band=mid_ticket_1k_to_4k (possible_fit, n=119); employee_band=500_to_2k (neutral, n=30)",67.37852385805652,0.6948683298050515,specialist_match,6.0,True
KIKV29M0,prospecting,darcel_schlecht,Darcel Schlecht,Melvin Marxen,Central,GTX Plus Pro,high_ticket_4k_to_10k,5482,,,,,,False,maureen_marcano,Maureen Marcano,Summer Sewald,West,74.25820338006682,0.5000000000000001,specialist_match,"product=GTX Plus Pro (strong_fit, n=32); ticket_band=high_ticket_4k_to_10k (strong_fit, n=62)",63.90260951665106,0.5000000000000001,specialist_match,13.0,True
KIOF5EM0,prospecting,versie_hillebrand,Versie Hillebrand,Dustin Brinkmann,Central,MG Special,low_ticket_under_1k,55,,,,,,False,hayden_neloms,Hayden Neloms,Celia Rouche,West,71.35150661886287,0.44534101199279935,possible_specialist,"product=MG Special (possible_fit, n=23); ticket_band=low_ticket_under_1k (possible_fit, n=23)",68.31320841592525,0.5000000000000001,possible_specialist,3.0,True
KJHM27ZM,engaging,daniell_hammack,Daniell Hammack,Rocco Neubert,East,GTX Plus Pro,high_ticket_4k_to_10k,5482,Labdrill,medical,1_5b_to_3b,2k_to_10k,230.0,True,maureen_marcano,Maureen Marcano,Summer Sewald,West,77.2046855399089,0.8779513042005219,specialist_match,"product=GTX Plus Pro (strong_fit, n=32); ticket_band=high_ticket_4k_to_10k (strong_fit, n=62); sector=medical (strong_fit, n=19)",61.114251548494416,0.8836660026534076,specialist_match,22.0,True
KKRJ6TBY,engaging,daniell_hammack,Daniell Hammack,Rocco Neubert,East,GTX Pro,high_ticket_4k_to_10k,4821,Scotfind,software,over_3b,over_10k,274.0,True,maureen_marcano,Maureen Marcano,Summer Sewald,West,75.07200875279338,0.9,specialist_match,"product=GTX Pro (strong_fit, n=30); ticket_band=high_ticket_4k_to_10k (strong_fit, n=62); sector=software (possible_fit, n=29)",62.80996666963484,0.8870828693386972,specialist_match,18.0,True
KKUHAY4O,prospecting,lajuana_vencill,Lajuana Vencill,Dustin Brinkmann,Central,MG Advanced,mid_ticket_1k_to_4k,3393,,,,,,False,hayden_neloms,Hayden Neloms,Celia Rouche,West,74.19302882850188,0.5000000000000001,specialist_match,"product=MG Advanced (strong_fit, n=77); ticket_band=mid_ticket_1k_to_4k (possible_fit, n=119)",52.69492570854898,0.5000000000000001,generalist_match,29.0,True
KLUS7RVS,prospecting,versie_hillebrand,Versie Hillebrand,Dustin Brinkmann,Central,MG Special,low_ticket_under_1k,55,Opentech,finance,under_500m,500_to_2k,,True,hayden_neloms,Hayden Neloms,Celia Rouche,West,71.3258779830595,0.6170904842008752,possible_specialist,"product=MG Special (possible_fit, n=23); ticket_band=low_ticket_under_1k (possible_fit, n=23); employee_band=500_to_2k (neutral, n=30)",68.41646929993409,0.9,possible_specialist,4.0,True
KM1D04JS,engaging,james_ascencio,James Ascencio,Summer Sewald,West,GTX Plus Basic,mid_ticket_1k_to_4k,1096,,,,,318.0,False,maureen_marcano,Maureen Marcano,Summer Sewald,West,73.48602163110729,0.5000000000000001,specialist_match,"product=GTX Plus Basic (strong_fit, n=70); ticket_band=mid_ticket_1k_to_4k (strong_fit, n=87)",65.75415088158896,0.49116767969308334,possible_specialist,9.0,True
KMB8TJ0I,engaging,hayden_neloms,Hayden Neloms,Celia Rouche,West,MG Advanced,mid_ticket_1k_to_4k,3393,,,,,282.0,False,hayden_neloms,Hayden Neloms,Celia Rouche,West,74.19302882850188,0.5000000000000001,specialist_match,"product=MG Advanced (strong_fit, n=77); ticket_band=mid_ticket_1k_to_4k (possible_fit, n=119)",74.19302882850188,0.5000000000000001,specialist_match,1.0,False
KN4LCS4D,prospecting,moses_frase,Moses Frase,Dustin Brinkmann,Central,MG Special,low_ticket_under_1k,55,,,,,,False,hayden_neloms,Hayden Neloms,Celia Rouche,West,71.35150661886287,0.44534101199279935,possible_specialist,"product=MG Special (possible_fit, n=23); ticket_band=low_ticket_under_1k (possible_fit, n=23)",65.050007828557,0.5000000000000001,specialist_match,11.0,True
KO7JWXCT,prospecting,darcel_schlecht,Darcel Schlecht,Melvin Marxen,Central,GTX Pro,high_ticket_4k_to_10k,4821,,,,,,False,maureen_marcano,Maureen Marcano,Summer Sewald,West,73.54787621751144,0.5000000000000001,specialist_match,"product=GTX Pro (strong_fit, n=30); ticket_band=high_ticket_4k_to_10k (strong_fit, n=62)",61.87208356326526,0.5000000000000001,generalist_match,22.0,True
KOPIWJO5,prospecting,marty_freudenburg,Marty Freudenburg,Melvin Marxen,Central,GTX Plus Basic,mid_ticket_1k_to_4k,1096,,,,,,False,maureen_marcano,Maureen Marcano,Summer Sewald,West,73.48602163110729,0.5000000000000001,specialist_match,"product=GTX Plus Basic (strong_fit, n=70); ticket_band=mid_ticket_1k_to_4k (strong_fit, n=87)",62.274902896741885,0.5000000000000001,generalist_match,18.0,True
KPH05GU8,engaging,lajuana_vencill,Lajuana Vencill,Dustin Brinkmann,Central,MG Advanced,mid_ticket_1k_to_4k,3393,The New York Inquirer,medical,under_500m,500_to_2k,158.0,True,hayden_neloms,Hayden Neloms,Celia Rouche,West,74.74917908635184,0.8131708284453855,specialist_match,"product=MG Advanced (strong_fit, n=77); ticket_band=mid_ticket_1k_to_4k (possible_fit, n=119); sector=medical (neutral, n=12)",49.1779689115418,0.9,generalist_match,29.0,True
KPYCCBQA,engaging,cecily_lampkin,Cecily Lampkin,Dustin Brinkmann,Central,GTX Plus Basic,mid_ticket_1k_to_4k,1096,,,,,157.0,False,maureen_marcano,Maureen Marcano,Summer Sewald,West,73.48602163110729,0.5000000000000001,specialist_match,"product=GTX Plus Basic (strong_fit, n=70); ticket_band=mid_ticket_1k_to_4k (strong_fit, n=87)",69.84075629824987,0.4738612787525831,specialist_match,2.0,True
KQ83VL8T,engaging,boris_faz,Boris Faz,Rocco Neubert,East,GTX Plus Basic,mid_ticket_1k_to_4k,1096,,,,,105.0,False,maureen_marcano,Maureen Marcano,Summer Sewald,West,73.48602163110729,0.5000000000000001,specialist_match,"product=GTX Plus Basic (strong_fit, n=70); ticket_band=mid_ticket_1k_to_4k (strong_fit, n=87)",67.08182161983684,0.5000000000000001,possible_specialist,5.0,True
KQPNPH8A,prospecting,cecily_lampkin,Cecily Lampkin,Dustin Brinkmann,Central,GTX Plus Pro,high_ticket_4k_to_10k,5482,,,,,,False,maureen_marcano,Maureen Marcano,Summer Sewald,West,74.25820338006682,0.5000000000000001,specialist_match,"product=GTX Plus Pro (strong_fit, n=32); ticket_band=high_ticket_4k_to_10k (strong_fit, n=62)",66.08860012511525,0.4643167672515499,generalist_match,6.0,True
KR22DD8M,engaging,cassey_cress,Cassey Cress,Rocco Neubert,East,GTX Basic,low_ticket_under_1k,550,,,,,136.0,False,hayden_neloms,Hayden Neloms,Celia Rouche,West,70.07479583264518,0.15165750888103105,possible_specialist,"ticket_band=low_ticket_under_1k (possible_fit, n=23)",61.41984833091624,0.5000000000000001,generalist_match,21.0,True
KRWKDPWW,engaging,darcel_schlecht,Darcel Schlecht,Melvin Marxen,Central,GTX Plus Basic,mid_ticket_1k_to_4k,1096,,,,,164.0,False,maureen_marcano,Maureen Marcano,Summer Sewald,West,73.48602163110729,0.5000000000000001,specialist_match,"product=GTX Plus Basic (strong_fit, n=70); ticket_band=mid_ticket_1k_to_4k (strong_fit, n=87)",64.79805655096737,0.5000000000000001,specialist_match,10.0,True
KSOW4MUK,engaging,kami_bicknell,Kami Bicknell,Summer Sewald,West,GTX Basic,low_ticket_under_1k,550,,,,,197.0,False,hayden_neloms,Hayden Neloms,Celia Rouche,West,70.07479583264518,0.15165750888103105,possible_specialist,"ticket_band=low_ticket_under_1k (possible_fit, n=23)",64.9706180992233,0.5000000000000001,possible_specialist,12.0,True
KT4OEP4X,engaging,versie_hillebrand,Versie Hillebrand,Dustin Brinkmann,Central,MG Special,low_ticket_under_1k,55,,,,,160.0,False,hayden_neloms,Hayden Neloms,Celia Rouche,West,71.35150661886287,0.44534101199279935,possible_specialist,"product=MG Special (possible_fit, n=23); ticket_band=low_ticket_under_1k (possible_fit, n=23)",68.31320841592525,0.5000000000000001,possible_specialist,3.0,True
KTC0RC8I,engaging,james_ascencio,James Ascencio,Summer Sewald,West,MG Special,low_ticket_under_1k,55,,,,,252.0,False,hayden_neloms,Hayden Neloms,Celia Rouche,West,71.35150661886287,0.44534101199279935,possible_specialist,"product=MG Special (possible_fit, n=23); ticket_band=low_ticket_under_1k (possible_fit, n=23)",65.65720443459503,0.44494897427831787,generalist_match,10.0,True
KTSP63I0,prospecting,marty_freudenburg,Marty Freudenburg,Melvin Marxen,Central,MG Advanced,mid_ticket_1k_to_4k,3393,,,,,,False,hayden_neloms,Hayden Neloms,Celia Rouche,West,74.19302882850188,0.5000000000000001,specialist_match,"product=MG Advanced (strong_fit, n=77); ticket_band=mid_ticket_1k_to_4k (possible_fit, n=119)",60.0456314423343,0.5000000000000001,generalist_match,22.0,True
KTWP0SMT,engaging,jonathan_berthelot,Jonathan Berthelot,Melvin Marxen,Central,GTX Basic,low_ticket_under_1k,550,,,,,164.0,False,hayden_neloms,Hayden Neloms,Celia Rouche,West,70.07479583264518,0.15165750888103105,possible_specialist,"ticket_band=low_ticket_under_1k (possible_fit, n=23)",65.41096422849174,0.5000000000000001,possible_specialist,10.0,True
KV2OFRJT,engaging,kami_bicknell,Kami Bicknell,Summer Sewald,West,GTX Pro,high_ticket_4k_to_10k,4821,,,,,383.0,False,maureen_marcano,Maureen Marcano,Summer Sewald,West,73.54787621751144,0.5000000000000001,specialist_match,"product=GTX Pro (strong_fit, n=30); ticket_band=high_ticket_4k_to_10k (strong_fit, n=62)",62.17486893491999,0.5000000000000001,generalist_match,21.0,True
KVR52YDI,engaging,corliss_cosme,Corliss Cosme,Cara Losch,East,GTX Pro,high_ticket_4k_to_10k,4821,,,,,305.0,False,maureen_marcano,Maureen Marcano,Summer Sewald,West,73.54787621751144,0.5000000000000001,specialist_match,"product=GTX Pro (strong_fit, n=30); ticket_band=high_ticket_4k_to_10k (strong_fit, n=62)",67.32881200685368,0.5000000000000001,specialist_match,5.0,True
KXR63BV7,engaging,corliss_cosme,Corliss Cosme,Cara Losch,East,GTX Pro,high_ticket_4k_to_10k,4821,,,,,118.0,False,maureen_marcano,Maureen Marcano,Summer Sewald,West,73.54787621751144,0.5000000000000001,specialist_match,"product=GTX Pro (strong_fit, n=30); ticket_band=high_ticket_4k_to_10k (strong_fit, n=62)",67.32881200685368,0.5000000000000001,specialist_match,5.0,True
L0GMLGRR,engaging,vicki_laflamme,Vicki Laflamme,Celia Rouche,West,MG Special,low_ticket_under_1k,55,,,,,304.0,False,hayden_neloms,Hayden Neloms,Celia Rouche,West,71.35150661886287,0.44534101199279935,possible_specialist,"product=MG Special (possible_fit, n=23); ticket_band=low_ticket_under_1k (possible_fit, n=23)",63.64770011642242,0.5000000000000001,generalist_match,15.0,True
L1YN7LDL,engaging,cassey_cress,Cassey Cress,Rocco Neubert,East,MG Special,low_ticket_under_1k,55,Bluth Company,technology,500m_to_1_5b,2k_to_10k,198.0,True,hayden_neloms,Hayden Neloms,Celia Rouche,West,72.79657627550955,0.7861276194662892,specialist_match,"product=MG Special (possible_fit, n=23); ticket_band=low_ticket_under_1k (possible_fit, n=23); sector=technology (neutral, n=14)",62.772610644417604,0.8371708245126285,specialist_match,20.0,True
L2S4T3VA,engaging,cassey_cress,Cassey Cress,Rocco Neubert,East,GTX Plus Pro,high_ticket_4k_to_10k,5482,,,,,326.0,False,maureen_marcano,Maureen Marcano,Summer Sewald,West,74.25820338006682,0.5000000000000001,specialist_match,"product=GTX Plus Pro (strong_fit, n=32); ticket_band=high_ticket_4k_to_10k (strong_fit, n=62)",61.47255219351271,0.5000000000000001,possible_specialist,22.0,True
L4R7LDY1,engaging,violet_mclelland,Violet Mclelland,Cara Losch,East,MG Special,low_ticket_under_1k,55,Hatfan,services,500m_to_1_5b,500_to_2k,136.0,True,hayden_neloms,Hayden Neloms,Celia Rouche,West,71.16194561915786,0.7931827174364261,possible_specialist,"product=MG Special (possible_fit, n=23); ticket_band=low_ticket_under_1k (possible_fit, n=23); revenue_band=500m_to_1_5b (neutral, n=31)",63.37489666841763,0.7000000000000001,generalist_match,17.0,True
L5PS6S68,prospecting,gladys_colclough,Gladys Colclough,Melvin Marxen,Central,MG Advanced,mid_ticket_1k_to_4k,3393,,,,,,False,hayden_neloms,Hayden Neloms,Celia Rouche,West,74.19302882850188,0.5000000000000001,specialist_match,"product=MG Advanced (strong_fit, n=77); ticket_band=mid_ticket_1k_to_4k (possible_fit, n=119)",59.21581989401588,0.5000000000000001,possible_specialist,24.0,True
L6223VHA,engaging,darcel_schlecht,Darcel Schlecht,Melvin Marxen,Central,GTX Pro,high_ticket_4k_to_10k,4821,Sumace,retail,under_500m,under_500,158.0,True,maureen_marcano,Maureen Marcano,Summer Sewald,West,75.52423612425024,0.8836660026534077,specialist_match,"product=GTX Pro (strong_fit, n=30); ticket_band=high_ticket_4k_to_10k (strong_fit, n=62); sector=retail (strong_fit, n=39)",62.28452104269446,0.9,possible_specialist,19.0,True
L7PPTHLF,prospecting,lajuana_vencill,Lajuana Vencill,Dustin Brinkmann,Central,GTX Plus Basic,mid_ticket_1k_to_4k,1096,,,,,,False,maureen_marcano,Maureen Marcano,Summer Sewald,West,73.48602163110729,0.5000000000000001,specialist_match,"product=GTX Plus Basic (strong_fit, n=70); ticket_band=mid_ticket_1k_to_4k (strong_fit, n=87)",54.318726490443574,0.5000000000000001,generalist_match,29.0,True
L8XNQONA,engaging,zane_levy,Zane Levy,Summer Sewald,West,GTX Basic,low_ticket_under_1k,550,Inity,marketing,1_5b_to_3b,2k_to_10k,34.0,True,hayden_neloms,Hayden Neloms,Celia Rouche,West,71.47420326132439,0.35165750888103103,specialist_match,"ticket_band=low_ticket_under_1k (possible_fit, n=23); revenue_band=1_5b_to_3b (strong_fit, n=54); employee_band=2k_to_10k (strong_fit, n=78)",59.175724099463395,0.8683250823060348,generalist_match,23.0,True
L9EVLHSJ,engaging,kami_bicknell,Kami Bicknell,Summer Sewald,West,GTX Plus Basic,mid_ticket_1k_to_4k,1096,,,,,84.0,False,maureen_marcano,Maureen Marcano,Summer Sewald,West,73.48602163110729,0.5000000000000001,specialist_match,"product=GTX Plus Basic (strong_fit, n=70); ticket_band=mid_ticket_1k_to_4k (strong_fit, n=87)",61.37515449443525,0.5000000000000001,generalist_match,21.0,True
LABZ0UGB,prospecting,cecily_lampkin,Cecily Lampkin,Dustin Brinkmann,Central,GTX Plus Basic,mid_ticket_1k_to_4k,1096,,,,,,False,maureen_marcano,Maureen Marcano,Summer Sewald,West,73.48602163110729,0.5000000000000001,specialist_match,"product=GTX Plus Basic (strong_fit, n=70); ticket_band=mid_ticket_1k_to_4k (strong_fit, n=87)",69.84075629824987,0.4738612787525831,specialist_match,2.0,True
LAYVBSH4,engaging,anna_snelling,Anna Snelling,Dustin Brinkmann,Central,GTX Basic,low_ticket_under_1k,550,,,,,165.0,False,hayden_neloms,Hayden Neloms,Celia Rouche,West,70.07479583264518,0.15165750888103105,possible_specialist,"ticket_band=low_ticket_under_1k (possible_fit, n=23)",62.58976906657469,0.5000000000000001,specialist_match,19.0,True
LBO52V0N,engaging,cassey_cress,Cassey Cress,Rocco Neubert,East,GTX Pro,high_ticket_4k_to_10k,4821,,,,,139.0,False,maureen_marcano,Maureen Marcano,Summer Sewald,West,73.54787621751144,0.5000000000000001,specialist_match,"product=GTX Pro (strong_fit, n=30); ticket_band=high_ticket_4k_to_10k (strong_fit, n=62)",64.48706353847835,0.5000000000000001,specialist_match,14.0,True
LC2RIMSX,engaging,rosalina_dieter,Rosalina Dieter,Celia Rouche,West,GTX Pro,high_ticket_4k_to_10k,4821,Vehement Capital Partners,finance,500m_to_1_5b,500_to_2k,204.0,True,maureen_marcano,Maureen Marcano,Summer Sewald,West,73.78255358307784,0.8328964982129872,specialist_match,"product=GTX Pro (strong_fit, n=30); ticket_band=high_ticket_4k_to_10k (strong_fit, n=62); revenue_band=500m_to_1_5b (neutral, n=30)",64.93631555117074,0.08215838362577495,low_confidence,10.0,True
LC93MVYP,engaging,kami_bicknell,Kami Bicknell,Summer Sewald,West,GTX Basic,low_ticket_under_1k,550,,,,,30.0,False,hayden_neloms,Hayden Neloms,Celia Rouche,West,70.07479583264518,0.15165750888103105,possible_specialist,"ticket_band=low_ticket_under_1k (possible_fit, n=23)",64.9706180992233,0.5000000000000001,possible_specialist,12.0,True
LCQ934W7,engaging,cassey_cress,Cassey Cress,Rocco Neubert,East,GTX Plus Basic,mid_ticket_1k_to_4k,1096,Xx-holding,finance,over_3b,over_10k,240.0,True,maureen_marcano,Maureen Marcano,Summer Sewald,West,73.9066675347257,0.9234632012838495,specialist_match,"product=GTX Plus Basic (strong_fit, n=70); ticket_band=mid_ticket_1k_to_4k (strong_fit, n=87); revenue_band=over_3b (neutral, n=70)",61.26302628494291,0.9,generalist_match,20.0,True
LD4F6QTP,engaging,anna_snelling,Anna Snelling,Dustin Brinkmann,Central,GTX Plus Pro,high_ticket_4k_to_10k,5482,Groovestreet,retail,under_500m,under_500,164.0,True,maureen_marcano,Maureen Marcano,Summer Sewald,West,76.23456328680561,0.8836660026534077,specialist_match,"product=GTX Plus Pro (strong_fit, n=32); ticket_band=high_ticket_4k_to_10k (strong_fit, n=62); sector=retail (strong_fit, n=39)",60.451188335968666,0.8880340843082951,specialist_match,23.0,True
LDJ6VTNW,engaging,daniell_hammack,Daniell Hammack,Rocco Neubert,East,GTX Plus Basic,mid_ticket_1k_to_4k,1096,,,,,88.0,False,maureen_marcano,Maureen Marcano,Summer Sewald,West,73.48602163110729,0.5000000000000001,specialist_match,"product=GTX Plus Basic (strong_fit, n=70); ticket_band=mid_ticket_1k_to_4k (strong_fit, n=87)",59.095704895820504,0.5000000000000001,generalist_match,24.0,True
LDK61ORQ,engaging,hayden_neloms,Hayden Neloms,Celia Rouche,West,MG Special,low_ticket_under_1k,55,Xx-zobam,entertainment,over_3b,2k_to_10k,165.0,True,hayden_neloms,Hayden Neloms,Celia Rouche,West,72.61192567773001,0.642808955440889,specialist_match,"product=MG Special (possible_fit, n=23); ticket_band=low_ticket_under_1k (possible_fit, n=23); revenue_band=over_3b (possible_fit, n=38)",72.61192567773001,0.642808955440889,specialist_match,1.0,False
LDQITW5C,engaging,lajuana_vencill,Lajuana Vencill,Dustin Brinkmann,Central,MG Advanced,mid_ticket_1k_to_4k,3393,Acme Corporation,technology,500m_to_1_5b,2k_to_10k,150.0,True,hayden_neloms,Hayden Neloms,Celia Rouche,West,75.63809848514856,0.8407866074734899,specialist_match,"product=MG Advanced (strong_fit, n=77); ticket_band=mid_ticket_1k_to_4k (possible_fit, n=119); sector=technology (neutral, n=14)",51.201785272882105,0.9,generalist_match,29.0,True
LEJWV2Y5,prospecting,darcel_schlecht,Darcel Schlecht,Melvin Marxen,Central,GTX Basic,low_ticket_under_1k,550,Donquadtech,technology,1_5b_to_3b,2k_to_10k,,True,hayden_neloms,Hayden Neloms,Celia Rouche,West,71.9132621835141,0.5044100320462258,specialist_match,"ticket_band=low_ticket_under_1k (possible_fit, n=23); sector=technology (neutral, n=14); revenue_band=1_5b_to_3b (strong_fit, n=54)",64.41044913732688,0.9,possible_specialist,15.0,True
LFD1ZGJ8,prospecting,darcel_schlecht,Darcel Schlecht,Melvin Marxen,Central,GTX Pro,high_ticket_4k_to_10k,4821,,,,,,False,maureen_marcano,Maureen Marcano,Summer Sewald,West,73.54787621751144,0.5000000000000001,specialist_match,"product=GTX Pro (strong_fit, n=30); ticket_band=high_ticket_4k_to_10k (strong_fit, n=62)",61.87208356326526,0.5000000000000001,generalist_match,22.0,True
LFI3BGEE,engaging,daniell_hammack,Daniell Hammack,Rocco Neubert,East,GTX Plus Pro,high_ticket_4k_to_10k,5482,,,,,100.0,False,maureen_marcano,Maureen Marcano,Summer Sewald,West,74.25820338006682,0.5000000000000001,specialist_match,"product=GTX Plus Pro (strong_fit, n=32); ticket_band=high_ticket_4k_to_10k (strong_fit, n=62)",62.391353728990616,0.5000000000000001,specialist_match,21.0,True
LFJVV393,engaging,hayden_neloms,Hayden Neloms,Celia Rouche,West,GTX Plus Basic,mid_ticket_1k_to_4k,1096,,,,,140.0,False,maureen_marcano,Maureen Marcano,Summer Sewald,West,73.48602163110729,0.5000000000000001,specialist_match,"product=GTX Plus Basic (strong_fit, n=70); ticket_band=mid_ticket_1k_to_4k (strong_fit, n=87)",68.66988645587561,0.5000000000000001,possible_specialist,3.0,True
LHBWJAD3,engaging,darcel_schlecht,Darcel Schlecht,Melvin Marxen,Central,GTX Plus Basic,mid_ticket_1k_to_4k,1096,,,,,164.0,False,maureen_marcano,Maureen Marcano,Summer Sewald,West,73.48602163110729,0.5000000000000001,specialist_match,"product=GTX Plus Basic (strong_fit, n=70); ticket_band=mid_ticket_1k_to_4k (strong_fit, n=87)",64.79805655096737,0.5000000000000001,specialist_match,10.0,True
LIB4KUZJ,prospecting,versie_hillebrand,Versie Hillebrand,Dustin Brinkmann,Central,MG Advanced,mid_ticket_1k_to_4k,3393,,,,,,False,hayden_neloms,Hayden Neloms,Celia Rouche,West,74.19302882850188,0.5000000000000001,specialist_match,"product=MG Advanced (strong_fit, n=77); ticket_band=mid_ticket_1k_to_4k (possible_fit, n=119)",65.52347623430107,0.5000000000000001,generalist_match,9.0,True
LIQZNH9U,engaging,kary_hendrixson,Kary Hendrixson,Summer Sewald,West,GTX Plus Pro,high_ticket_4k_to_10k,5482,,,,,275.0,False,maureen_marcano,Maureen Marcano,Summer Sewald,West,74.25820338006682,0.5000000000000001,specialist_match,"product=GTX Plus Pro (strong_fit, n=32); ticket_band=high_ticket_4k_to_10k (strong_fit, n=62)",62.634701152531576,0.5000000000000001,generalist_match,19.0,True
LJBQ7P0V,engaging,james_ascencio,James Ascencio,Summer Sewald,West,MG Special,low_ticket_under_1k,55,Zotware,software,over_3b,over_10k,297.0,True,hayden_neloms,Hayden Neloms,Celia Rouche,West,72.1495489315531,0.7777198622318587,possible_specialist,"product=MG Special (possible_fit, n=23); ticket_band=low_ticket_under_1k (possible_fit, n=23); sector=software (neutral, n=14)",68.09466044619494,0.8041035672072773,specialist_match,6.0,True
LKDSEQ2Q,prospecting,darcel_schlecht,Darcel Schlecht,Melvin Marxen,Central,GTX Plus Basic,mid_ticket_1k_to_4k,1096,Yearin,retail,1_5b_to_3b,2k_to_10k,,True,maureen_marcano,Maureen Marcano,Summer Sewald,West,76.84376572742474,0.9,specialist_match,"product=GTX Plus Basic (strong_fit, n=70); ticket_band=mid_ticket_1k_to_4k (strong_fit, n=87); sector=retail (strong_fit, n=39)",65.75713147044472,0.9,specialist_match,11.0,True
LKJZEISS,engaging,zane_levy,Zane Levy,Summer Sewald,West,GTX Basic,low_ticket_under_1k,550,,,,,129.0,False,hayden_neloms,Hayden Neloms,Celia Rouche,West,70.07479583264518,0.15165750888103105,possible_specialist,"ticket_band=low_ticket_under_1k (possible_fit, n=23)",60.2374782161471,0.5000000000000001,generalist_match,23.0,True
LLQCQOCR,engaging,kary_hendrixson,Kary Hendrixson,Summer Sewald,West,GTX Plus Basic,mid_ticket_1k_to_4k,1096,,,,,195.0,False,maureen_marcano,Maureen Marcano,Summer Sewald,West,73.48602163110729,0.5000000000000001,specialist_match,"product=GTX Plus Basic (strong_fit, n=70); ticket_band=mid_ticket_1k_to_4k (strong_fit, n=87)",60.872881234592825,0.5000000000000001,generalist_match,23.0,True
LMKNU8IZ,engaging,markita_hansen,Markita Hansen,Celia Rouche,West,GTX Pro,high_ticket_4k_to_10k,4821,,,,,310.0,False,maureen_marcano,Maureen Marcano,Summer Sewald,West,73.54787621751144,0.5000000000000001,specialist_match,"product=GTX Pro (strong_fit, n=30); ticket_band=high_ticket_4k_to_10k (strong_fit, n=62)",56.37358742578493,0.5000000000000001,generalist_match,25.0,True
LMOAYCUK,engaging,kami_bicknell,Kami Bicknell,Summer Sewald,West,GTX Plus Basic,mid_ticket_1k_to_4k,1096,Plusstrip,entertainment,under_500m,under_500,354.0,True,maureen_marcano,Maureen Marcano,Summer Sewald,West,73.67986625473543,0.8751514242046753,specialist_match,"product=GTX Plus Basic (strong_fit, n=70); ticket_band=mid_ticket_1k_to_4k (strong_fit, n=87); revenue_band=under_500m (neutral, n=48)",61.94091950224917,0.8894427190999916,possible_specialist,19.0,True
LMU41E2W,engaging,rosalina_dieter,Rosalina Dieter,Celia Rouche,West,MG Special,low_ticket_under_1k,55,,,,,123.0,False,hayden_neloms,Hayden Neloms,Celia Rouche,West,71.35150661886287,0.44534101199279935,possible_specialist,"product=MG Special (possible_fit, n=23); ticket_band=low_ticket_under_1k (possible_fit, n=23)",62.919303058283,0.5000000000000001,generalist_match,19.0,True
LO8L5ELD,prospecting,darcel_schlecht,Darcel Schlecht,Melvin Marxen,Central,GTX Pro,high_ticket_4k_to_10k,4821,Inity,marketing,1_5b_to_3b,2k_to_10k,,True,maureen_marcano,Maureen Marcano,Summer Sewald,West,75.21634446536795,0.7000000000000001,specialist_match,"product=GTX Pro (strong_fit, n=30); ticket_band=high_ticket_4k_to_10k (strong_fit, n=62); revenue_band=1_5b_to_3b (strong_fit, n=65)",62.289933786203726,1.0,possible_specialist,21.0,True
LOHJU3OB,engaging,zane_levy,Zane Levy,Summer Sewald,West,GTX Pro,high_ticket_4k_to_10k,4821,,,,,112.0,False,maureen_marcano,Maureen Marcano,Summer Sewald,West,73.54787621751144,0.5000000000000001,specialist_match,"product=GTX Pro (strong_fit, n=30); ticket_band=high_ticket_4k_to_10k (strong_fit, n=62)",62.897587492789604,0.5000000000000001,possible_specialist,20.0,True
LOQ46F0T,engaging,cassey_cress,Cassey Cress,Rocco Neubert,East,GTX Basic,low_ticket_under_1k,550,,,,,119.0,False,hayden_neloms,Hayden Neloms,Celia Rouche,West,70.07479583264518,0.15165750888103105,possible_specialist,"ticket_band=low_ticket_under_1k (possible_fit, n=23)",61.41984833091624,0.5000000000000001,generalist_match,21.0,True
LORMJLTE,engaging,lajuana_vencill,Lajuana Vencill,Dustin Brinkmann,Central,GTX Plus Basic,mid_ticket_1k_to_4k,1096,Konmatfix,marketing,under_500m,500_to_2k,165.0,True,maureen_marcano,Maureen Marcano,Summer Sewald,West,73.86249703872053,0.6935414346693486,specialist_match,"product=GTX Plus Basic (strong_fit, n=70); ticket_band=mid_ticket_1k_to_4k (strong_fit, n=87); revenue_band=under_500m (neutral, n=48)",52.337479556688045,0.9,generalist_match,29.0,True
LR45YFE4,engaging,violet_mclelland,Violet Mclelland,Cara Losch,East,MG Special,low_ticket_under_1k,55,Groovestreet,retail,under_500m,under_500,242.0,True,hayden_neloms,Hayden Neloms,Celia Rouche,West,72.34019880586888,0.7304879438224315,possible_specialist,"product=MG Special (possible_fit, n=23); ticket_band=low_ticket_under_1k (possible_fit, n=23); sector=retail (possible_fit, n=36)",62.83749250769503,0.8741619848709566,generalist_match,19.0,True
LSA39JBG,engaging,daniell_hammack,Daniell Hammack,Rocco Neubert,East,GTX Basic,low_ticket_under_1k,550,,,,,301.0,False,hayden_neloms,Hayden Neloms,Celia Rouche,West,70.07479583264518,0.15165750888103105,possible_specialist,"ticket_band=low_ticket_under_1k (possible_fit, n=23)",60.62572756860969,0.42713962644214676,generalist_match,22.0,True
LSVGDJ1A,engaging,kary_hendrixson,Kary Hendrixson,Summer Sewald,West,GTX Plus Pro,high_ticket_4k_to_10k,5482,,,,,258.0,False,maureen_marcano,Maureen Marcano,Summer Sewald,West,74.25820338006682,0.5000000000000001,specialist_match,"product=GTX Plus Pro (strong_fit, n=32); ticket_band=high_ticket_4k_to_10k (strong_fit, n=62)",62.634701152531576,0.5000000000000001,generalist_match,19.0,True
LT111IZL,engaging,moses_frase,Moses Frase,Dustin Brinkmann,Central,MG Special,low_ticket_under_1k,55,,,,,141.0,False,hayden_neloms,Hayden Neloms,Celia Rouche,West,71.35150661886287,0.44534101199279935,possible_specialist,"product=MG Special (possible_fit, n=23); ticket_band=low_ticket_under_1k (possible_fit, n=23)",65.050007828557,0.5000000000000001,specialist_match,11.0,True
LTVGILHP,engaging,kary_hendrixson,Kary Hendrixson,Summer Sewald,West,GTX Basic,low_ticket_under_1k,550,Bioholding,medical,500m_to_1_5b,500_to_2k,234.0,True,hayden_neloms,Hayden Neloms,Celia Rouche,West,71.03231043572342,0.46771548980507954,possible_specialist,"ticket_band=low_ticket_under_1k (possible_fit, n=23); sector=medical (neutral, n=12); revenue_band=500m_to_1_5b (neutral, n=31)",63.09557132226594,0.9,specialist_match,18.0,True
LUTZ8UQM,engaging,darcel_schlecht,Darcel Schlecht,Melvin Marxen,Central,GTX Pro,high_ticket_4k_to_10k,4821,Isdom,medical,over_3b,2k_to_10k,159.0,True,maureen_marcano,Maureen Marcano,Summer Sewald,West,76.09823386966151,0.8779513042005219,specialist_match,"product=GTX Pro (strong_fit, n=30); ticket_band=high_ticket_4k_to_10k (strong_fit, n=62); sector=medical (strong_fit, n=19)",60.91815448263593,1.0,possible_specialist,23.0,True
LWPFQ1UA,engaging,kary_hendrixson,Kary Hendrixson,Summer Sewald,West,GTX Basic,low_ticket_under_1k,550,,,,,260.0,False,hayden_neloms,Hayden Neloms,Celia Rouche,West,70.07479583264518,0.15165750888103105,possible_specialist,"ticket_band=low_ticket_under_1k (possible_fit, n=23)",62.34894675423093,0.5000000000000001,generalist_match,20.0,True
LWXHKI88,engaging,vicki_laflamme,Vicki Laflamme,Celia Rouche,West,MG Special,low_ticket_under_1k,55,,,,,278.0,False,hayden_neloms,Hayden Neloms,Celia Rouche,West,71.35150661886287,0.44534101199279935,possible_specialist,"product=MG Special (possible_fit, n=23); ticket_band=low_ticket_under_1k (possible_fit, n=23)",63.64770011642242,0.5000000000000001,generalist_match,15.0,True
LXM6CTMS,engaging,hayden_neloms,Hayden Neloms,Celia Rouche,West,GTX Plus Basic,mid_ticket_1k_to_4k,1096,,,,,322.0,False,maureen_marcano,Maureen Marcano,Summer Sewald,West,73.48602163110729,0.5000000000000001,specialist_match,"product=GTX Plus Basic (strong_fit, n=70); ticket_band=mid_ticket_1k_to_4k (strong_fit, n=87)",68.66988645587561,0.5000000000000001,possible_specialist,3.0,True
LXS3Z82E,engaging,niesha_huffines,Niesha Huffines,Melvin Marxen,Central,MG Advanced,mid_ticket_1k_to_4k,3393,,,,,161.0,False,hayden_neloms,Hayden Neloms,Celia Rouche,West,74.19302882850188,0.5000000000000001,specialist_match,"product=MG Advanced (strong_fit, n=77); ticket_band=mid_ticket_1k_to_4k (possible_fit, n=119)",62.17844020537477,0.452487623459052,specialist_match,20.0,True
LXVCMY4C,engaging,daniell_hammack,Daniell Hammack,Rocco Neubert,East,GTX Pro,high_ticket_4k_to_10k,4821,,,,,136.0,False,maureen_marcano,Maureen Marcano,Summer Sewald,West,73.54787621751144,0.5000000000000001,specialist_match,"product=GTX Pro (strong_fit, n=30); ticket_band=high_ticket_4k_to_10k (strong_fit, n=62)",63.40213266738296,0.5000000000000001,specialist_match,17.0,True
LXZD2PZD,engaging,corliss_cosme,Corliss Cosme,Cara Losch,East,GTX Plus Pro,high_ticket_4k_to_10k,5482,,,,,271.0,False,maureen_marcano,Maureen Marcano,Summer Sewald,West,74.25820338006682,0.5000000000000001,specialist_match,"product=GTX Plus Pro (strong_fit, n=32); ticket_band=high_ticket_4k_to_10k (strong_fit, n=62)",69.21379131703326,0.5000000000000001,specialist_match,3.0,True
LZ3B174J,engaging,vicki_laflamme,Vicki Laflamme,Celia Rouche,West,MG Special,low_ticket_under_1k,55,,,,,93.0,False,hayden_neloms,Hayden Neloms,Celia Rouche,West,71.35150661886287,0.44534101199279935,possible_specialist,"product=MG Special (possible_fit, n=23); ticket_band=low_ticket_under_1k (possible_fit, n=23)",63.64770011642242,0.5000000000000001,generalist_match,15.0,True
LZW4N9KF,prospecting,darcel_schlecht,Darcel Schlecht,Melvin Marxen,Central,GTX Plus Pro,high_ticket_4k_to_10k,5482,Zathunicon,retail,under_500m,under_500,,True,maureen_marcano,Maureen Marcano,Summer Sewald,West,76.23456328680561,0.8836660026534077,specialist_match,"product=GTX Plus Pro (strong_fit, n=32); ticket_band=high_ticket_4k_to_10k (strong_fit, n=62); sector=retail (strong_fit, n=39)",64.31504699608026,0.9,specialist_match,13.0,True
M16D8PYH,engaging,daniell_hammack,Daniell Hammack,Rocco Neubert,East,GTX Plus Pro,high_ticket_4k_to_10k,5482,,,,,360.0,False,maureen_marcano,Maureen Marcano,Summer Sewald,West,74.25820338006682,0.5000000000000001,specialist_match,"product=GTX Plus Pro (strong_fit, n=32); ticket_band=high_ticket_4k_to_10k (strong_fit, n=62)",62.391353728990616,0.5000000000000001,specialist_match,21.0,True
M22PCEKY,prospecting,moses_frase,Moses Frase,Dustin Brinkmann,Central,GTX Basic,low_ticket_under_1k,550,,,,,,False,hayden_neloms,Hayden Neloms,Celia Rouche,West,70.07479583264518,0.15165750888103105,possible_specialist,"ticket_band=low_ticket_under_1k (possible_fit, n=23)",70.02618636544221,0.5000000000000001,specialist_match,2.0,True
M2A8EY5Q,engaging,hayden_neloms,Hayden Neloms,Celia Rouche,West,GTX Plus Pro,high_ticket_4k_to_10k,5482,,,,,168.0,False,maureen_marcano,Maureen Marcano,Summer Sewald,West,74.25820338006682,0.5000000000000001,specialist_match,"product=GTX Plus Pro (strong_fit, n=32); ticket_band=high_ticket_4k_to_10k (strong_fit, n=62)",69.37147629282224,0.0,low_confidence,2.0,True
M2ZRU2UH,engaging,rosalina_dieter,Rosalina Dieter,Celia Rouche,West,GTX Basic,low_ticket_under_1k,550,,,,,156.0,False,hayden_neloms,Hayden Neloms,Celia Rouche,West,70.07479583264518,0.15165750888103105,possible_specialist,"ticket_band=low_ticket_under_1k (possible_fit, n=23)",64.6297122773508,0.4371708245126285,generalist_match,14.0,True
M3IMVC9G,engaging,rosalina_dieter,Rosalina Dieter,Celia Rouche,West,GTX Plus Basic,mid_ticket_1k_to_4k,1096,,,,,229.0,False,maureen_marcano,Maureen Marcano,Summer Sewald,West,73.48602163110729,0.5000000000000001,specialist_match,"product=GTX Plus Basic (strong_fit, n=70); ticket_band=mid_ticket_1k_to_4k (strong_fit, n=87)",65.93043827788718,0.16733200530681516,possible_specialist,7.0,True
M41NS5DN,engaging,cassey_cress,Cassey Cress,Rocco Neubert,East,GTX Plus Pro,high_ticket_4k_to_10k,5482,,,,,282.0,False,maureen_marcano,Maureen Marcano,Summer Sewald,West,74.25820338006682,0.5000000000000001,specialist_match,"product=GTX Plus Pro (strong_fit, n=32); ticket_band=high_ticket_4k_to_10k (strong_fit, n=62)",61.47255219351271,0.5000000000000001,possible_specialist,22.0,True
M4WW6I1S,prospecting,lajuana_vencill,Lajuana Vencill,Dustin Brinkmann,Central,MG Special,low_ticket_under_1k,55,,,,,,False,hayden_neloms,Hayden Neloms,Celia Rouche,West,71.35150661886287,0.44534101199279935,possible_specialist,"product=MG Special (possible_fit, n=23); ticket_band=low_ticket_under_1k (possible_fit, n=23)",51.63006348969593,0.5000000000000001,generalist_match,29.0,True
M5FP7HGQ,engaging,moses_frase,Moses Frase,Dustin Brinkmann,Central,MG Special,low_ticket_under_1k,55,,,,,156.0,False,hayden_neloms,Hayden Neloms,Celia Rouche,West,71.35150661886287,0.44534101199279935,possible_specialist,"product=MG Special (possible_fit, n=23); ticket_band=low_ticket_under_1k (possible_fit, n=23)",65.050007828557,0.5000000000000001,specialist_match,11.0,True
M5ZYQFGR,prospecting,moses_frase,Moses Frase,Dustin Brinkmann,Central,MG Advanced,mid_ticket_1k_to_4k,3393,,,,,,False,hayden_neloms,Hayden Neloms,Celia Rouche,West,74.19302882850188,0.5000000000000001,specialist_match,"product=MG Advanced (strong_fit, n=77); ticket_band=mid_ticket_1k_to_4k (possible_fit, n=119)",66.67886466929271,0.5000000000000001,generalist_match,6.0,True
M64OQCC3,prospecting,darcel_schlecht,Darcel Schlecht,Melvin Marxen,Central,MG Special,low_ticket_under_1k,55,,,,,,False,hayden_neloms,Hayden Neloms,Celia Rouche,West,71.35150661886287,0.44534101199279935,possible_specialist,"product=MG Special (possible_fit, n=23); ticket_band=low_ticket_under_1k (possible_fit, n=23)",63.550235622737446,0.5000000000000001,possible_specialist,16.0,True
M6JT5RL8,engaging,darcel_schlecht,Darcel Schlecht,Melvin Marxen,Central,GTX Pro,high_ticket_4k_to_10k,4821,,,,,157.0,False,maureen_marcano,Maureen Marcano,Summer Sewald,West,73.54787621751144,0.5000000000000001,specialist_match,"product=GTX Pro (strong_fit, n=30); ticket_band=high_ticket_4k_to_10k (strong_fit, n=62)",61.87208356326526,0.5000000000000001,generalist_match,22.0,True
M7I5O9YU,engaging,corliss_cosme,Corliss Cosme,Cara Losch,East,GTX Basic,low_ticket_under_1k,550,Cheers,entertainment,over_3b,2k_to_10k,403.0,True,hayden_neloms,Hayden Neloms,Celia Rouche,West,71.33521489151232,0.3491254523291207,specialist_match,"ticket_band=low_ticket_under_1k (possible_fit, n=23); revenue_band=over_3b (possible_fit, n=38); employee_band=2k_to_10k (strong_fit, n=78)",66.96372279166742,0.8581138830084191,possible_specialist,7.0,True
M7UNLZEP,prospecting,marty_freudenburg,Marty Freudenburg,Melvin Marxen,Central,GTX Pro,high_ticket_4k_to_10k,4821,Finhigh,finance,500m_to_1_5b,500_to_2k,,True,maureen_marcano,Maureen Marcano,Summer Sewald,West,73.78255358307784,0.8328964982129872,specialist_match,"product=GTX Pro (strong_fit, n=30); ticket_band=high_ticket_4k_to_10k (strong_fit, n=62); revenue_band=500m_to_1_5b (neutral, n=30)",64.11887043959123,0.9114343958295855,specialist_match,15.0,True
M857G6G1,engaging,vicki_laflamme,Vicki Laflamme,Celia Rouche,West,MG Advanced,mid_ticket_1k_to_4k,3393,,,,,257.0,False,hayden_neloms,Hayden Neloms,Celia Rouche,West,74.19302882850188,0.5000000000000001,specialist_match,"product=MG Advanced (strong_fit, n=77); ticket_band=mid_ticket_1k_to_4k (possible_fit, n=119)",62.56043132660775,0.5000000000000001,generalist_match,16.0,True
M9GP930T,engaging,rosalina_dieter,Rosalina Dieter,Celia Rouche,West,MG Special,low_ticket_under_1k,55,,,,,252.0,False,hayden_neloms,Hayden Neloms,Celia Rouche,West,71.35150661886287,0.44534101199279935,possible_specialist,"product=MG Special (possible_fit, n=23); ticket_band=low_ticket_under_1k (possible_fit, n=23)",62.919303058283,0.5000000000000001,generalist_match,19.0,True
M9V8824W,engaging,corliss_cosme,Corliss Cosme,Cara Losch,East,MG Advanced,mid_ticket_1k_to_4k,3393,,,,,268.0,False,hayden_neloms,Hayden Neloms,Celia Rouche,West,74.19302882850188,0.5000000000000001,specialist_match,"product=MG Advanced (strong_fit, n=77); ticket_band=mid_ticket_1k_to_4k (possible_fit, n=119)",62.18936719088769,0.4806243040080457,generalist_match,19.0,True
MA56XGWR,engaging,daniell_hammack,Daniell Hammack,Rocco Neubert,East,GTX Basic,low_ticket_under_1k,550,Iselectrics,technology,500m_to_1_5b,500_to_2k,56.0,True,moses_frase,Moses Frase,Dustin Brinkmann,Central,71.98009189822515,0.9,specialist_match,"product=GTX Basic (strong_fit, n=59); ticket_band=low_ticket_under_1k (strong_fit, n=105); sector=technology (possible_fit, n=32)",61.08499999751856,0.8246075698902364,specialist_match,21.0,True
MAH5U65E,engaging,vicki_laflamme,Vicki Laflamme,Celia Rouche,West,MG Advanced,mid_ticket_1k_to_4k,3393,,,,,135.0,False,hayden_neloms,Hayden Neloms,Celia Rouche,West,74.19302882850188,0.5000000000000001,specialist_match,"product=MG Advanced (strong_fit, n=77); ticket_band=mid_ticket_1k_to_4k (possible_fit, n=119)",62.56043132660775,0.5000000000000001,generalist_match,16.0,True
MB7G8DWS,engaging,cassey_cress,Cassey Cress,Rocco Neubert,East,GTX Plus Pro,high_ticket_4k_to_10k,5482,,,,,272.0,False,maureen_marcano,Maureen Marcano,Summer Sewald,West,74.25820338006682,0.5000000000000001,specialist_match,"product=GTX Plus Pro (strong_fit, n=32); ticket_band=high_ticket_4k_to_10k (strong_fit, n=62)",61.47255219351271,0.5000000000000001,possible_specialist,22.0,True
MBPJUJ7F,engaging,jonathan_berthelot,Jonathan Berthelot,Melvin Marxen,Central,GTX Basic,low_ticket_under_1k,550,Plexzap,retail,1_5b_to_3b,2k_to_10k,143.0,True,hayden_neloms,Hayden Neloms,Celia Rouche,West,72.55536826966991,0.5516575088810312,specialist_match,"ticket_band=low_ticket_under_1k (possible_fit, n=23); sector=retail (possible_fit, n=36); revenue_band=1_5b_to_3b (strong_fit, n=54)",66.59192374798158,0.9,specialist_match,8.0,True
MBYOJR5A,engaging,marty_freudenburg,Marty Freudenburg,Melvin Marxen,Central,GTX Plus Pro,high_ticket_4k_to_10k,5482,,,,,152.0,False,maureen_marcano,Maureen Marcano,Summer Sewald,West,74.25820338006682,0.5000000000000001,specialist_match,"product=GTX Plus Pro (strong_fit, n=32); ticket_band=high_ticket_4k_to_10k (strong_fit, n=62)",64.83792882392267,0.5000000000000001,specialist_match,10.0,True
MCA0202R,engaging,kary_hendrixson,Kary Hendrixson,Summer Sewald,West,GTX Basic,low_ticket_under_1k,550,,,,,202.0,False,hayden_neloms,Hayden Neloms,Celia Rouche,West,70.07479583264518,0.15165750888103105,possible_specialist,"ticket_band=low_ticket_under_1k (possible_fit, n=23)",62.34894675423093,0.5000000000000001,generalist_match,20.0,True
MCE5DKD1,engaging,markita_hansen,Markita Hansen,Celia Rouche,West,MG Special,low_ticket_under_1k,55,Bioholding,medical,500m_to_1_5b,500_to_2k,355.0,True,hayden_neloms,Hayden Neloms,Celia Rouche,West,72.30902122194111,0.7613989929168479,possible_specialist,"product=MG Special (possible_fit, n=23); ticket_band=low_ticket_under_1k (possible_fit, n=23); sector=medical (neutral, n=12)",52.31238734757979,0.8527525231651948,generalist_match,28.0,True
MFU6Y5HX,prospecting,niesha_huffines,Niesha Huffines,Melvin Marxen,Central,MG Special,low_ticket_under_1k,55,,,,,,False,hayden_neloms,Hayden Neloms,Celia Rouche,West,71.35150661886287,0.44534101199279935,possible_specialist,"product=MG Special (possible_fit, n=23); ticket_band=low_ticket_under_1k (possible_fit, n=23)",58.1744076381151,0.4872281323269015,generalist_match,25.0,True
MG1YUTUE,engaging,markita_hansen,Markita Hansen,Celia Rouche,West,MG Special,low_ticket_under_1k,55,Acme Corporation,technology,500m_to_1_5b,2k_to_10k,91.0,True,hayden_neloms,Hayden Neloms,Celia Rouche,West,72.79657627550955,0.7861276194662892,specialist_match,"product=MG Special (possible_fit, n=23); ticket_band=low_ticket_under_1k (possible_fit, n=23); sector=technology (neutral, n=14)",50.43102685131654,0.9,generalist_match,28.0,True
MGD7DZAU,engaging,kami_bicknell,Kami Bicknell,Summer Sewald,West,GTX Basic,low_ticket_under_1k,550,Globex Corporation,technology,500m_to_1_5b,2k_to_10k,226.0,True,hayden_neloms,Hayden Neloms,Celia Rouche,West,71.51986548929186,0.49244411635452084,specialist_match,"ticket_band=low_ticket_under_1k (possible_fit, n=23); sector=technology (neutral, n=14); revenue_band=500m_to_1_5b (neutral, n=31)",65.68657617951924,0.9,possible_specialist,11.0,True
MI3MV7PU,prospecting,marty_freudenburg,Marty Freudenburg,Melvin Marxen,Central,MG Advanced,mid_ticket_1k_to_4k,3393,Acme Corporation,technology,500m_to_1_5b,2k_to_10k,,True,hayden_neloms,Hayden Neloms,Celia Rouche,West,75.63809848514856,0.8407866074734899,specialist_match,"product=MG Advanced (strong_fit, n=77); ticket_band=mid_ticket_1k_to_4k (possible_fit, n=119); sector=technology (neutral, n=14)",59.31620878871548,0.9,specialist_match,22.0,True
MIA65OVY,engaging,elease_gluck,Elease Gluck,Celia Rouche,West,MG Special,low_ticket_under_1k,55,,,,,86.0,False,hayden_neloms,Hayden Neloms,Celia Rouche,West,71.35150661886287,0.44534101199279935,possible_specialist,"product=MG Special (possible_fit, n=23); ticket_band=low_ticket_under_1k (possible_fit, n=23)",64.05240715549783,0.5000000000000001,specialist_match,14.0,True
MIGDLH14,engaging,zane_levy,Zane Levy,Summer Sewald,West,GTX Basic,low_ticket_under_1k,550,,,,,161.0,False,hayden_neloms,Hayden Neloms,Celia Rouche,West,70.07479583264518,0.15165750888103105,possible_specialist,"ticket_band=low_ticket_under_1k (possible_fit, n=23)",60.2374782161471,0.5000000000000001,generalist_match,23.0,True
MIXJ9F4F,engaging,maureen_marcano,Maureen Marcano,Summer Sewald,West,GTX Plus Basic,mid_ticket_1k_to_4k,1096,,,,,166.0,False,maureen_marcano,Maureen Marcano,Summer Sewald,West,73.48602163110729,0.5000000000000001,specialist_match,"product=GTX Plus Basic (strong_fit, n=70); ticket_band=mid_ticket_1k_to_4k (strong_fit, n=87)",73.48602163110729,0.5000000000000001,specialist_match,1.0,False
MIY4MF3R,engaging,hayden_neloms,Hayden Neloms,Celia Rouche,West,MG Advanced,mid_ticket_1k_to_4k,3393,,,,,274.0,False,hayden_neloms,Hayden Neloms,Celia Rouche,West,74.19302882850188,0.5000000000000001,specialist_match,"product=MG Advanced (strong_fit, n=77); ticket_band=mid_ticket_1k_to_4k (possible_fit, n=119)",74.19302882850188,0.5000000000000001,specialist_match,1.0,False
MJK3UJ1B,prospecting,lajuana_vencill,Lajuana Vencill,Dustin Brinkmann,Central,MG Advanced,mid_ticket_1k_to_4k,3393,,,,,,False,hayden_neloms,Hayden Neloms,Celia Rouche,West,74.19302882850188,0.5000000000000001,specialist_match,"product=MG Advanced (strong_fit, n=77); ticket_band=mid_ticket_1k_to_4k (possible_fit, n=119)",52.69492570854898,0.5000000000000001,generalist_match,29.0,True
MK380H70,engaging,anna_snelling,Anna Snelling,Dustin Brinkmann,Central,MG Special,low_ticket_under_1k,55,,,,,154.0,False,hayden_neloms,Hayden Neloms,Celia Rouche,West,71.35150661886287,0.44534101199279935,possible_specialist,"product=MG Special (possible_fit, n=23); ticket_band=low_ticket_under_1k (possible_fit, n=23)",64.31764459641298,0.5000000000000001,specialist_match,13.0,True
MLD3WEJC,engaging,moses_frase,Moses Frase,Dustin Brinkmann,Central,MG Advanced,mid_ticket_1k_to_4k,3393,Xx-holding,finance,over_3b,over_10k,159.0,True,hayden_neloms,Hayden Neloms,Celia Rouche,West,74.9710424012666,0.6796263270738646,specialist_match,"product=MG Advanced (strong_fit, n=77); ticket_band=mid_ticket_1k_to_4k (possible_fit, n=119); revenue_band=over_3b (possible_fit, n=38)",68.39026868913786,0.7823149321741925,specialist_match,5.0,True
MM79TSUR,engaging,versie_hillebrand,Versie Hillebrand,Dustin Brinkmann,Central,MG Special,low_ticket_under_1k,55,,,,,162.0,False,hayden_neloms,Hayden Neloms,Celia Rouche,West,71.35150661886287,0.44534101199279935,possible_specialist,"product=MG Special (possible_fit, n=23); ticket_band=low_ticket_under_1k (possible_fit, n=23)",68.31320841592525,0.5000000000000001,possible_specialist,3.0,True
MN6E59H6,engaging,markita_hansen,Markita Hansen,Celia Rouche,West,GTX Plus Pro,high_ticket_4k_to_10k,5482,,,,,292.0,False,maureen_marcano,Maureen Marcano,Summer Sewald,West,74.25820338006682,0.5000000000000001,specialist_match,"product=GTX Plus Pro (strong_fit, n=32); ticket_band=high_ticket_4k_to_10k (strong_fit, n=62)",55.779851221069976,0.4291287847477921,generalist_match,27.0,True
MNCY3CKD,prospecting,niesha_huffines,Niesha Huffines,Melvin Marxen,Central,GTX Plus Basic,mid_ticket_1k_to_4k,1096,Nam-zim,services,under_500m,500_to_2k,,True,maureen_marcano,Maureen Marcano,Summer Sewald,West,74.70279210669817,0.8850268562206162,specialist_match,"product=GTX Plus Basic (strong_fit, n=70); ticket_band=mid_ticket_1k_to_4k (strong_fit, n=87); sector=services (possible_fit, n=22)",61.12975286339598,0.6948683298050515,specialist_match,21.0,True
MNVMY83P,engaging,cassey_cress,Cassey Cress,Rocco Neubert,East,GTX Pro,high_ticket_4k_to_10k,4821,Plussunin,retail,500m_to_1_5b,2k_to_10k,386.0,True,maureen_marcano,Maureen Marcano,Summer Sewald,West,76.3401968370962,0.8866025403784439,specialist_match,"product=GTX Pro (strong_fit, n=30); ticket_band=high_ticket_4k_to_10k (strong_fit, n=62); sector=retail (strong_fit, n=39)",66.80615556794395,0.9935414346693485,specialist_match,9.0,True
MOAP4XN7,engaging,boris_faz,Boris Faz,Rocco Neubert,East,GTX Pro,high_ticket_4k_to_10k,4821,,,,,148.0,False,maureen_marcano,Maureen Marcano,Summer Sewald,West,73.54787621751144,0.5000000000000001,specialist_match,"product=GTX Pro (strong_fit, n=30); ticket_band=high_ticket_4k_to_10k (strong_fit, n=62)",67.53559743155327,0.49368350311176834,specialist_match,4.0,True
MON9ZE47,prospecting,niesha_huffines,Niesha Huffines,Melvin Marxen,Central,GTX Basic,low_ticket_under_1k,550,Groovestreet,retail,under_500m,under_500,,True,moses_frase,Moses Frase,Dustin Brinkmann,Central,71.15838194229896,0.7948683298050515,specialist_match,"product=GTX Basic (strong_fit, n=59); ticket_band=low_ticket_under_1k (strong_fit, n=105); sector=retail (strong_fit, n=27)",56.959878644553605,0.7948683298050515,generalist_match,25.0,True
MPME6VZD,engaging,kami_bicknell,Kami Bicknell,Summer Sewald,West,GTX Plus Basic,mid_ticket_1k_to_4k,1096,Dontechi,software,over_3b,over_10k,216.0,True,maureen_marcano,Maureen Marcano,Summer Sewald,West,75.01015416638923,0.9,specialist_match,"product=GTX Plus Basic (strong_fit, n=70); ticket_band=mid_ticket_1k_to_4k (strong_fit, n=87); sector=software (possible_fit, n=29)",62.380220168441674,0.9,specialist_match,18.0,True
MQEFGUOG,engaging,vicki_laflamme,Vicki Laflamme,Celia Rouche,West,GTX Basic,low_ticket_under_1k,550,,,,,141.0,False,hayden_neloms,Hayden Neloms,Celia Rouche,West,70.07479583264518,0.15165750888103105,possible_specialist,"ticket_band=low_ticket_under_1k (possible_fit, n=23)",64.7618338807733,0.5000000000000001,possible_specialist,13.0,True
MR08TTTT,prospecting,jonathan_berthelot,Jonathan Berthelot,Melvin Marxen,Central,GTX Basic,low_ticket_under_1k,550,,,,,,False,hayden_neloms,Hayden Neloms,Celia Rouche,West,70.07479583264518,0.15165750888103105,possible_specialist,"ticket_band=low_ticket_under_1k (possible_fit, n=23)",65.41096422849174,0.5000000000000001,possible_specialist,10.0,True
MRCYKUX4,engaging,hayden_neloms,Hayden Neloms,Celia Rouche,West,MG Advanced,mid_ticket_1k_to_4k,3393,,,,,292.0,False,hayden_neloms,Hayden Neloms,Celia Rouche,West,74.19302882850188,0.5000000000000001,specialist_match,"product=MG Advanced (strong_fit, n=77); ticket_band=mid_ticket_1k_to_4k (possible_fit, n=119)",74.19302882850188,0.5000000000000001,specialist_match,1.0,False
MRWHJE9P,engaging,cassey_cress,Cassey Cress,Rocco Neubert,East,GTX Plus Basic,mid_ticket_1k_to_4k,1096,,,,,254.0,False,maureen_marcano,Maureen Marcano,Summer Sewald,West,73.48602163110729,0.5000000000000001,specialist_match,"product=GTX Plus Basic (strong_fit, n=70); ticket_band=mid_ticket_1k_to_4k (strong_fit, n=87)",62.03229146480558,0.5000000000000001,generalist_match,19.0,True
MTGV7WOM,prospecting,darcel_schlecht,Darcel Schlecht,Melvin Marxen,Central,GTX Plus Basic,mid_ticket_1k_to_4k,1096,,,,,,False,maureen_marcano,Maureen Marcano,Summer Sewald,West,73.48602163110729,0.5000000000000001,specialist_match,"product=GTX Plus Basic (strong_fit, n=70); ticket_band=mid_ticket_1k_to_4k (strong_fit, n=87)",64.79805655096737,0.5000000000000001,specialist_match,10.0,True
MTH7D617,prospecting,versie_hillebrand,Versie Hillebrand,Dustin Brinkmann,Central,MG Special,low_ticket_under_1k,55,,,,,,False,hayden_neloms,Hayden Neloms,Celia Rouche,West,71.35150661886287,0.44534101199279935,possible_specialist,"product=MG Special (possible_fit, n=23); ticket_band=low_ticket_under_1k (possible_fit, n=23)",68.31320841592525,0.5000000000000001,possible_specialist,3.0,True
MTN3BOMC,engaging,maureen_marcano,Maureen Marcano,Summer Sewald,West,GTX Plus Basic,mid_ticket_1k_to_4k,1096,,,,,154.0,False,maureen_marcano,Maureen Marcano,Summer Sewald,West,73.48602163110729,0.5000000000000001,specialist_match,"product=GTX Plus Basic (strong_fit, n=70); ticket_band=mid_ticket_1k_to_4k (strong_fit, n=87)",73.48602163110729,0.5000000000000001,specialist_match,1.0,False
MU7JWTP6,engaging,cassey_cress,Cassey Cress,Rocco Neubert,East,MG Special,low_ticket_under_1k,55,,,,,316.0,False,hayden_neloms,Hayden Neloms,Celia Rouche,West,71.35150661886287,0.44534101199279935,possible_specialist,"product=MG Special (possible_fit, n=23); ticket_band=low_ticket_under_1k (possible_fit, n=23)",62.289546863103894,0.4371708245126285,generalist_match,21.0,True
MUSSD9WD,engaging,darcel_schlecht,Darcel Schlecht,Melvin Marxen,Central,GTX Plus Basic,mid_ticket_1k_to_4k,1096,Goodsilron,marketing,1_5b_to_3b,2k_to_10k,144.0,True,maureen_marcano,Maureen Marcano,Summer Sewald,West,75.1544898789638,0.7000000000000001,specialist_match,"product=GTX Plus Basic (strong_fit, n=70); ticket_band=mid_ticket_1k_to_4k (strong_fit, n=87); revenue_band=1_5b_to_3b (strong_fit, n=65)",65.42016209305477,0.9,specialist_match,11.0,True
MV227O65,engaging,maureen_marcano,Maureen Marcano,Summer Sewald,West,GTX Plus Pro,high_ticket_4k_to_10k,5482,Sonron,telecommunications,1_5b_to_3b,2k_to_10k,234.0,True,maureen_marcano,Maureen Marcano,Summer Sewald,West,76.8785098909634,0.8683250823060348,specialist_match,"product=GTX Plus Pro (strong_fit, n=32); ticket_band=high_ticket_4k_to_10k (strong_fit, n=62); sector=telecommunications (possible_fit, n=17)",76.8785098909634,0.8683250823060348,specialist_match,1.0,False
MV7I9RKH,engaging,marty_freudenburg,Marty Freudenburg,Melvin Marxen,Central,GTX Plus Basic,mid_ticket_1k_to_4k,1096,Treequote,telecommunications,over_3b,2k_to_10k,163.0,True,maureen_marcano,Maureen Marcano,Summer Sewald,West,75.71020363431187,0.8683250823060348,specialist_match,"product=GTX Plus Basic (strong_fit, n=70); ticket_band=mid_ticket_1k_to_4k (strong_fit, n=87); sector=telecommunications (possible_fit, n=17)",64.66788817166548,0.909599977804054,specialist_match,11.0,True
MWSPTOQK,engaging,zane_levy,Zane Levy,Summer Sewald,West,GTX Pro,high_ticket_4k_to_10k,4821,,,,,217.0,False,maureen_marcano,Maureen Marcano,Summer Sewald,West,73.54787621751144,0.5000000000000001,specialist_match,"product=GTX Pro (strong_fit, n=30); ticket_band=high_ticket_4k_to_10k (strong_fit, n=62)",62.897587492789604,0.5000000000000001,possible_specialist,20.0,True
MYD4PBM9,engaging,kary_hendrixson,Kary Hendrixson,Summer Sewald,West,GTX Basic,low_ticket_under_1k,550,,,,,89.0,False,hayden_neloms,Hayden Neloms,Celia Rouche,West,70.07479583264518,0.15165750888103105,possible_specialist,"ticket_band=low_ticket_under_1k (possible_fit, n=23)",62.34894675423093,0.5000000000000001,generalist_match,20.0,True
N07K7DR7,engaging,rosie_papadopoulos,Rosie Papadopoulos,Cara Losch,East,MG Special,low_ticket_under_1k,55,Plexzap,retail,1_5b_to_3b,2k_to_10k,378.0,True,hayden_neloms,Hayden Neloms,Celia Rouche,West,73.8320790558876,0.8453410119927994,specialist_match,"product=MG Special (possible_fit, n=23); ticket_band=low_ticket_under_1k (possible_fit, n=23); sector=retail (possible_fit, n=36)",63.972207406126714,0.8806225774829856,specialist_match,17.0,True
N07XYH50,engaging,gladys_colclough,Gladys Colclough,Melvin Marxen,Central,GTX Pro,high_ticket_4k_to_10k,4821,Newex,services,500m_to_1_5b,2k_to_10k,156.0,True,maureen_marcano,Maureen Marcano,Summer Sewald,West,75.4912160566129,0.8780879619297115,specialist_match,"product=GTX Pro (strong_fit, n=30); ticket_band=high_ticket_4k_to_10k (strong_fit, n=62); sector=services (possible_fit, n=22)",54.073975316743685,0.7000000000000001,possible_specialist,29.0,True
N2249A7T,engaging,markita_hansen,Markita Hansen,Celia Rouche,West,GTX Pro,high_ticket_4k_to_10k,4821,,,,,59.0,False,maureen_marcano,Maureen Marcano,Summer Sewald,West,73.54787621751144,0.5000000000000001,specialist_match,"product=GTX Pro (strong_fit, n=30); ticket_band=high_ticket_4k_to_10k (strong_fit, n=62)",56.37358742578493,0.5000000000000001,generalist_match,25.0,True
N3GVE0VP,engaging,markita_hansen,Markita Hansen,Celia Rouche,West,GTK 500,strategic_ticket_10k_plus,26768,,,,,227.0,False,hayden_neloms,Hayden Neloms,Celia Rouche,West,69.37147629282224,0.0,low_confidence,Sem fit historico forte; recomendacao baseada em fallback de performance geral.,57.85218771360926,0.0,low_confidence,28.0,True
N5UIZYIV,engaging,zane_levy,Zane Levy,Summer Sewald,West,MG Special,low_ticket_under_1k,55,Konmatfix,marketing,under_500m,500_to_2k,337.0,True,hayden_neloms,Hayden Neloms,Celia Rouche,West,71.3258779830595,0.6170904842008752,possible_specialist,"product=MG Special (possible_fit, n=23); ticket_band=low_ticket_under_1k (possible_fit, n=23); employee_band=500_to_2k (neutral, n=30)",59.27716613534204,0.8421863610586178,specialist_match,24.0,True
N6BT2U29,prospecting,darcel_schlecht,Darcel Schlecht,Melvin Marxen,Central,GTX Pro,high_ticket_4k_to_10k,4821,,,,,,False,maureen_marcano,Maureen Marcano,Summer Sewald,West,73.54787621751144,0.5000000000000001,specialist_match,"product=GTX Pro (strong_fit, n=30); ticket_band=high_ticket_4k_to_10k (strong_fit, n=62)",61.87208356326526,0.5000000000000001,generalist_match,22.0,True
N6JMQG0E,prospecting,lajuana_vencill,Lajuana Vencill,Dustin Brinkmann,Central,MG Special,low_ticket_under_1k,55,,,,,,False,hayden_neloms,Hayden Neloms,Celia Rouche,West,71.35150661886287,0.44534101199279935,possible_specialist,"product=MG Special (possible_fit, n=23); ticket_band=low_ticket_under_1k (possible_fit, n=23)",51.63006348969593,0.5000000000000001,generalist_match,29.0,True
N7G1TU1X,engaging,james_ascencio,James Ascencio,Summer Sewald,West,MG Advanced,mid_ticket_1k_to_4k,3393,,,,,212.0,False,hayden_neloms,Hayden Neloms,Celia Rouche,West,74.19302882850188,0.5000000000000001,specialist_match,"product=MG Advanced (strong_fit, n=77); ticket_band=mid_ticket_1k_to_4k (possible_fit, n=119)",67.33380886620368,0.44243315085963286,possible_specialist,4.0,True
N909ADDC,engaging,vicki_laflamme,Vicki Laflamme,Celia Rouche,West,MG Advanced,mid_ticket_1k_to_4k,3393,,,,,151.0,False,hayden_neloms,Hayden Neloms,Celia Rouche,West,74.19302882850188,0.5000000000000001,specialist_match,"product=MG Advanced (strong_fit, n=77); ticket_band=mid_ticket_1k_to_4k (possible_fit, n=119)",62.56043132660775,0.5000000000000001,generalist_match,16.0,True
N9GIC5PC,engaging,anna_snelling,Anna Snelling,Dustin Brinkmann,Central,GTX Plus Pro,high_ticket_4k_to_10k,5482,,,,,157.0,False,maureen_marcano,Maureen Marcano,Summer Sewald,West,74.25820338006682,0.5000000000000001,specialist_match,"product=GTX Plus Pro (strong_fit, n=32); ticket_band=high_ticket_4k_to_10k (strong_fit, n=62)",60.089753742851585,0.5000000000000001,generalist_match,24.0,True
NB67WD27,prospecting,lajuana_vencill,Lajuana Vencill,Dustin Brinkmann,Central,GTX Basic,low_ticket_under_1k,550,,,,,,False,hayden_neloms,Hayden Neloms,Celia Rouche,West,70.07479583264518,0.15165750888103105,possible_specialist,"ticket_band=low_ticket_under_1k (possible_fit, n=23)",52.685793792795806,0.5000000000000001,generalist_match,29.0,True
NBBIFIKB,engaging,wilburn_farren,Wilburn Farren,Cara Losch,East,MG Advanced,mid_ticket_1k_to_4k,3393,,,,,107.0,False,hayden_neloms,Hayden Neloms,Celia Rouche,West,74.19302882850188,0.5000000000000001,specialist_match,"product=MG Advanced (strong_fit, n=77); ticket_band=mid_ticket_1k_to_4k (possible_fit, n=119)",,,not_candidate,,True
NBE5EMSV,prospecting,marty_freudenburg,Marty Freudenburg,Melvin Marxen,Central,GTX Basic,low_ticket_under_1k,550,,,,,,False,hayden_neloms,Hayden Neloms,Celia Rouche,West,70.07479583264518,0.15165750888103105,possible_specialist,"ticket_band=low_ticket_under_1k (possible_fit, n=23)",63.85390031863743,0.5000000000000001,specialist_match,17.0,True
NBJR3GVR,engaging,marty_freudenburg,Marty Freudenburg,Melvin Marxen,Central,GTX Pro,high_ticket_4k_to_10k,4821,,,,,152.0,False,maureen_marcano,Maureen Marcano,Summer Sewald,West,73.54787621751144,0.5000000000000001,specialist_match,"product=GTX Pro (strong_fit, n=30); ticket_band=high_ticket_4k_to_10k (strong_fit, n=62)",63.46029956166656,0.44494897427831787,specialist_match,15.0,True
NCCB118E,engaging,darcel_schlecht,Darcel Schlecht,Melvin Marxen,Central,GTX Pro,high_ticket_4k_to_10k,4821,,,,,160.0,False,maureen_marcano,Maureen Marcano,Summer Sewald,West,73.54787621751144,0.5000000000000001,specialist_match,"product=GTX Pro (strong_fit, n=30); ticket_band=high_ticket_4k_to_10k (strong_fit, n=62)",61.87208356326526,0.5000000000000001,generalist_match,22.0,True
NCMT5KK3,engaging,vicki_laflamme,Vicki Laflamme,Celia Rouche,West,GTX Basic,low_ticket_under_1k,550,Dalttechnology,software,under_500m,under_500,299.0,True,hayden_neloms,Hayden Neloms,Celia Rouche,West,70.00235175123117,0.3895569638758578,possible_specialist,"ticket_band=low_ticket_under_1k (possible_fit, n=23); sector=software (neutral, n=14)",64.8914564308068,0.9707106781186547,specialist_match,12.0,True
ND0OV6MQ,engaging,kary_hendrixson,Kary Hendrixson,Summer Sewald,West,GTX Plus Basic,mid_ticket_1k_to_4k,1096,,,,,188.0,False,maureen_marcano,Maureen Marcano,Summer Sewald,West,73.48602163110729,0.5000000000000001,specialist_match,"product=GTX Plus Basic (strong_fit, n=70); ticket_band=mid_ticket_1k_to_4k (strong_fit, n=87)",60.872881234592825,0.5000000000000001,generalist_match,23.0,True
NDJBDONI,prospecting,lajuana_vencill,Lajuana Vencill,Dustin Brinkmann,Central,MG Advanced,mid_ticket_1k_to_4k,3393,,,,,,False,hayden_neloms,Hayden Neloms,Celia Rouche,West,74.19302882850188,0.5000000000000001,specialist_match,"product=MG Advanced (strong_fit, n=77); ticket_band=mid_ticket_1k_to_4k (possible_fit, n=119)",52.69492570854898,0.5000000000000001,generalist_match,29.0,True
NEFPSWOJ,engaging,markita_hansen,Markita Hansen,Celia Rouche,West,GTX Plus Basic,mid_ticket_1k_to_4k,1096,Toughzap,retail,under_500m,500_to_2k,198.0,True,maureen_marcano,Maureen Marcano,Summer Sewald,West,75.55177288718147,0.8935414346693485,specialist_match,"product=GTX Plus Basic (strong_fit, n=70); ticket_band=mid_ticket_1k_to_4k (strong_fit, n=87); sector=retail (strong_fit, n=39)",55.115299859654314,0.9,specialist_match,27.0,True
NFMCPYOV,engaging,rosie_papadopoulos,Rosie Papadopoulos,Cara Losch,East,GTX Basic,low_ticket_under_1k,550,Finjob,employment,1_5b_to_3b,2k_to_10k,276.0,True,hayden_neloms,Hayden Neloms,Celia Rouche,West,73.33058304576812,0.5794100320462258,specialist_match,"ticket_band=low_ticket_under_1k (possible_fit, n=23); sector=employment (strong_fit, n=14); revenue_band=1_5b_to_3b (strong_fit, n=54)",63.80122716768503,0.3806225774829856,possible_specialist,17.0,True
NGCM47PC,engaging,zane_levy,Zane Levy,Summer Sewald,West,GTX Pro,high_ticket_4k_to_10k,4821,,,,,299.0,False,maureen_marcano,Maureen Marcano,Summer Sewald,West,73.54787621751144,0.5000000000000001,specialist_match,"product=GTX Pro (strong_fit, n=30); ticket_band=high_ticket_4k_to_10k (strong_fit, n=62)",62.897587492789604,0.5000000000000001,possible_specialist,20.0,True
NGG8O0JX,engaging,markita_hansen,Markita Hansen,Celia Rouche,West,GTX Basic,low_ticket_under_1k,550,,,,,79.0,False,hayden_neloms,Hayden Neloms,Celia Rouche,West,70.07479583264518,0.15165750888103105,possible_specialist,"ticket_band=low_ticket_under_1k (possible_fit, n=23)",56.20696202242551,0.5000000000000001,generalist_match,28.0,True
NGTVHTFH,engaging,boris_faz,Boris Faz,Rocco Neubert,East,GTX Pro,high_ticket_4k_to_10k,4821,,,,,12.0,False,maureen_marcano,Maureen Marcano,Summer Sewald,West,73.54787621751144,0.5000000000000001,specialist_match,"product=GTX Pro (strong_fit, n=30); ticket_band=high_ticket_4k_to_10k (strong_fit, n=62)",67.53559743155327,0.49368350311176834,specialist_match,4.0,True
NJC4XMEN,engaging,james_ascencio,James Ascencio,Summer Sewald,West,GTX Plus Basic,mid_ticket_1k_to_4k,1096,Initech,telecommunications,over_3b,over_10k,113.0,True,maureen_marcano,Maureen Marcano,Summer Sewald,West,75.04974495468183,0.8683250823060348,specialist_match,"product=GTX Plus Basic (strong_fit, n=70); ticket_band=mid_ticket_1k_to_4k (strong_fit, n=87); sector=telecommunications (possible_fit, n=17)",66.78754067316368,0.8401110733244271,specialist_match,8.0,True
NJNY07JZ,engaging,darcel_schlecht,Darcel Schlecht,Melvin Marxen,Central,GTX Basic,low_ticket_under_1k,550,Codehow,software,1_5b_to_3b,2k_to_10k,155.0,True,hayden_neloms,Hayden Neloms,Celia Rouche,West,71.4942320012499,0.5044100320462258,specialist_match,"ticket_band=low_ticket_under_1k (possible_fit, n=23); sector=software (neutral, n=14); revenue_band=1_5b_to_3b (strong_fit, n=54)",64.33804799529258,1.0,possible_specialist,14.0,True
NK1B8YME,engaging,cassey_cress,Cassey Cress,Rocco Neubert,East,GTX Plus Pro,high_ticket_4k_to_10k,5482,,,,,175.0,False,maureen_marcano,Maureen Marcano,Summer Sewald,West,74.25820338006682,0.5000000000000001,specialist_match,"product=GTX Plus Pro (strong_fit, n=32); ticket_band=high_ticket_4k_to_10k (strong_fit, n=62)",61.47255219351271,0.5000000000000001,possible_specialist,22.0,True
NKFG3KKP,prospecting,versie_hillebrand,Versie Hillebrand,Dustin Brinkmann,Central,GTX Plus Pro,high_ticket_4k_to_10k,5482,,,,,,False,maureen_marcano,Maureen Marcano,Summer Sewald,West,74.25820338006682,0.5000000000000001,specialist_match,"product=GTX Plus Pro (strong_fit, n=32); ticket_band=high_ticket_4k_to_10k (strong_fit, n=62)",67.77782920781395,0.4255380714699401,possible_specialist,4.0,True
NKPH3EFG,engaging,cassey_cress,Cassey Cress,Rocco Neubert,East,MG Advanced,mid_ticket_1k_to_4k,3393,,,,,378.0,False,hayden_neloms,Hayden Neloms,Celia Rouche,West,74.19302882850188,0.5000000000000001,specialist_match,"product=MG Advanced (strong_fit, n=77); ticket_band=mid_ticket_1k_to_4k (possible_fit, n=119)",62.27804922349695,0.5000000000000001,generalist_match,17.0,True
NMKAJZJ4,engaging,kary_hendrixson,Kary Hendrixson,Summer Sewald,West,MG Special,low_ticket_under_1k,55,,,,,300.0,False,hayden_neloms,Hayden Neloms,Celia Rouche,West,71.35150661886287,0.44534101199279935,possible_specialist,"product=MG Special (possible_fit, n=23); ticket_band=low_ticket_under_1k (possible_fit, n=23)",62.496359560447154,0.5000000000000001,generalist_match,20.0,True
NMLTE4CS,engaging,maureen_marcano,Maureen Marcano,Summer Sewald,West,GTX Plus Pro,high_ticket_4k_to_10k,5482,,,,,92.0,False,maureen_marcano,Maureen Marcano,Summer Sewald,West,74.25820338006682,0.5000000000000001,specialist_match,"product=GTX Plus Pro (strong_fit, n=32); ticket_band=high_ticket_4k_to_10k (strong_fit, n=62)",74.25820338006682,0.5000000000000001,specialist_match,1.0,False
NMY6FA6X,engaging,corliss_cosme,Corliss Cosme,Cara Losch,East,MG Advanced,mid_ticket_1k_to_4k,3393,,,,,251.0,False,hayden_neloms,Hayden Neloms,Celia Rouche,West,74.19302882850188,0.5000000000000001,specialist_match,"product=MG Advanced (strong_fit, n=77); ticket_band=mid_ticket_1k_to_4k (possible_fit, n=119)",62.18936719088769,0.4806243040080457,generalist_match,19.0,True
NNH4EBG8,engaging,vicki_laflamme,Vicki Laflamme,Celia Rouche,West,MG Special,low_ticket_under_1k,55,Mathtouch,marketing,over_3b,2k_to_10k,150.0,True,hayden_neloms,Hayden Neloms,Celia Rouche,West,72.61192567773001,0.642808955440889,specialist_match,"product=MG Special (possible_fit, n=23); ticket_band=low_ticket_under_1k (possible_fit, n=23); revenue_band=over_3b (possible_fit, n=38)",65.34673209576418,0.9,specialist_match,11.0,True
NNNEMOZ5,engaging,james_ascencio,James Ascencio,Summer Sewald,West,GTX Plus Pro,high_ticket_4k_to_10k,5482,,,,,56.0,False,maureen_marcano,Maureen Marcano,Summer Sewald,West,74.25820338006682,0.5000000000000001,specialist_match,"product=GTX Plus Pro (strong_fit, n=32); ticket_band=high_ticket_4k_to_10k (strong_fit, n=62)",66.57595272208489,0.5000000000000001,possible_specialist,5.0,True
NOLCZMV6,engaging,violet_mclelland,Violet Mclelland,Cara Losch,East,GTX Pro,high_ticket_4k_to_10k,4821,Goodsilron,marketing,1_5b_to_3b,2k_to_10k,313.0,True,maureen_marcano,Maureen Marcano,Summer Sewald,West,75.21634446536795,0.7000000000000001,specialist_match,"product=GTX Pro (strong_fit, n=30); ticket_band=high_ticket_4k_to_10k (strong_fit, n=62); revenue_band=1_5b_to_3b (strong_fit, n=65)",63.137296928989464,0.358113883008419,specialist_match,18.0,True
NPORW46K,engaging,anna_snelling,Anna Snelling,Dustin Brinkmann,Central,MG Special,low_ticket_under_1k,55,,,,,139.0,False,hayden_neloms,Hayden Neloms,Celia Rouche,West,71.35150661886287,0.44534101199279935,possible_specialist,"product=MG Special (possible_fit, n=23); ticket_band=low_ticket_under_1k (possible_fit, n=23)",64.31764459641298,0.5000000000000001,specialist_match,13.0,True
NR2EDMKC,prospecting,cecily_lampkin,Cecily Lampkin,Dustin Brinkmann,Central,MG Advanced,mid_ticket_1k_to_4k,3393,,,,,,False,hayden_neloms,Hayden Neloms,Celia Rouche,West,74.19302882850188,0.5000000000000001,specialist_match,"product=MG Advanced (strong_fit, n=77); ticket_band=mid_ticket_1k_to_4k (possible_fit, n=119)",68.79942715958568,0.5000000000000001,specialist_match,3.0,True
NR947OAB,engaging,kami_bicknell,Kami Bicknell,Summer Sewald,West,GTX Pro,high_ticket_4k_to_10k,4821,,,,,310.0,False,maureen_marcano,Maureen Marcano,Summer Sewald,West,73.54787621751144,0.5000000000000001,specialist_match,"product=GTX Pro (strong_fit, n=30); ticket_band=high_ticket_4k_to_10k (strong_fit, n=62)",62.17486893491999,0.5000000000000001,generalist_match,21.0,True
NRK892VX,engaging,elease_gluck,Elease Gluck,Celia Rouche,West,GTX Plus Pro,high_ticket_4k_to_10k,5482,,,,,102.0,False,maureen_marcano,Maureen Marcano,Summer Sewald,West,74.25820338006682,0.5000000000000001,specialist_match,"product=GTX Plus Pro (strong_fit, n=32); ticket_band=high_ticket_4k_to_10k (strong_fit, n=62)",63.43543909820883,0.0,low_confidence,16.0,True
NS6JLCZ2,engaging,rosie_papadopoulos,Rosie Papadopoulos,Cara Losch,East,GTX Pro,high_ticket_4k_to_10k,4821,,,,,93.0,False,maureen_marcano,Maureen Marcano,Summer Sewald,West,73.54787621751144,0.5000000000000001,specialist_match,"product=GTX Pro (strong_fit, n=30); ticket_band=high_ticket_4k_to_10k (strong_fit, n=62)",68.07980309865687,0.5000000000000001,specialist_match,3.0,True
NSGU1K3N,prospecting,versie_hillebrand,Versie Hillebrand,Dustin Brinkmann,Central,MG Special,low_ticket_under_1k,55,,,,,,False,hayden_neloms,Hayden Neloms,Celia Rouche,West,71.35150661886287,0.44534101199279935,possible_specialist,"product=MG Special (possible_fit, n=23); ticket_band=low_ticket_under_1k (possible_fit, n=23)",68.31320841592525,0.5000000000000001,possible_specialist,3.0,True
NSO0UHK1,engaging,daniell_hammack,Daniell Hammack,Rocco Neubert,East,GTX Plus Basic,mid_ticket_1k_to_4k,1096,,,,,164.0,False,maureen_marcano,Maureen Marcano,Summer Sewald,West,73.48602163110729,0.5000000000000001,specialist_match,"product=GTX Plus Basic (strong_fit, n=70); ticket_band=mid_ticket_1k_to_4k (strong_fit, n=87)",59.095704895820504,0.5000000000000001,generalist_match,24.0,True
NST2FEF3,prospecting,darcel_schlecht,Darcel Schlecht,Melvin Marxen,Central,GTX Pro,high_ticket_4k_to_10k,4821,,,,,,False,maureen_marcano,Maureen Marcano,Summer Sewald,West,73.54787621751144,0.5000000000000001,specialist_match,"product=GTX Pro (strong_fit, n=30); ticket_band=high_ticket_4k_to_10k (strong_fit, n=62)",61.87208356326526,0.5000000000000001,generalist_match,22.0,True
NSX4NR40,engaging,anna_snelling,Anna Snelling,Dustin Brinkmann,Central,GTX Plus Pro,high_ticket_4k_to_10k,5482,Bioholding,medical,500m_to_1_5b,500_to_2k,139.0,True,maureen_marcano,Maureen Marcano,Summer Sewald,West,75.99196954369883,0.8580952792483143,specialist_match,"product=GTX Plus Pro (strong_fit, n=32); ticket_band=high_ticket_4k_to_10k (strong_fit, n=62); sector=medical (strong_fit, n=19)",60.05650016498664,0.982915619758885,possible_specialist,23.0,True
NSYCCHCJ,prospecting,gladys_colclough,Gladys Colclough,Melvin Marxen,Central,GTX Basic,low_ticket_under_1k,550,,,,,,False,hayden_neloms,Hayden Neloms,Celia Rouche,West,70.07479583264518,0.15165750888103105,possible_specialist,"ticket_band=low_ticket_under_1k (possible_fit, n=23)",56.32706970067004,0.5000000000000001,generalist_match,26.0,True
NT38RBZY,prospecting,jonathan_berthelot,Jonathan Berthelot,Melvin Marxen,Central,GTX Basic,low_ticket_under_1k,550,Gogozoom,telecommunications,under_500m,under_500,,True,hayden_neloms,Hayden Neloms,Celia Rouche,West,70.22937595350632,0.3949183237190821,possible_specialist,"ticket_band=low_ticket_under_1k (possible_fit, n=23); sector=telecommunications (neutral, n=15)",66.56209928336352,0.8621960996699224,specialist_match,7.0,True
NU4ACGMY,engaging,darcel_schlecht,Darcel Schlecht,Melvin Marxen,Central,GTX Pro,high_ticket_4k_to_10k,4821,,,,,165.0,False,maureen_marcano,Maureen Marcano,Summer Sewald,West,73.54787621751144,0.5000000000000001,specialist_match,"product=GTX Pro (strong_fit, n=30); ticket_band=high_ticket_4k_to_10k (strong_fit, n=62)",61.87208356326526,0.5000000000000001,generalist_match,22.0,True
NUEPXB8Z,prospecting,jonathan_berthelot,Jonathan Berthelot,Melvin Marxen,Central,GTX Pro,high_ticket_4k_to_10k,4821,,,,,,False,maureen_marcano,Maureen Marcano,Summer Sewald,West,73.54787621751144,0.5000000000000001,specialist_match,"product=GTX Pro (strong_fit, n=30); ticket_band=high_ticket_4k_to_10k (strong_fit, n=62)",64.8953452967243,0.5000000000000001,generalist_match,12.0,True
NUQPJV8A,engaging,hayden_neloms,Hayden Neloms,Celia Rouche,West,MG Advanced,mid_ticket_1k_to_4k,3393,,,,,251.0,False,hayden_neloms,Hayden Neloms,Celia Rouche,West,74.19302882850188,0.5000000000000001,specialist_match,"product=MG Advanced (strong_fit, n=77); ticket_band=mid_ticket_1k_to_4k (possible_fit, n=119)",74.19302882850188,0.5000000000000001,specialist_match,1.0,False
NUS67BOQ,engaging,rosie_papadopoulos,Rosie Papadopoulos,Cara Losch,East,GTX Basic,low_ticket_under_1k,550,,,,,122.0,False,hayden_neloms,Hayden Neloms,Celia Rouche,West,70.07479583264518,0.15165750888103105,possible_specialist,"ticket_band=low_ticket_under_1k (possible_fit, n=23)",64.24442162309245,0.20000000000000004,low_confidence,16.0,True
NVH71LD4,prospecting,jonathan_berthelot,Jonathan Berthelot,Melvin Marxen,Central,GTX Basic,low_ticket_under_1k,550,,,,,,False,hayden_neloms,Hayden Neloms,Celia Rouche,West,70.07479583264518,0.15165750888103105,possible_specialist,"ticket_band=low_ticket_under_1k (possible_fit, n=23)",65.41096422849174,0.5000000000000001,possible_specialist,10.0,True
NWPSEF2I,prospecting,moses_frase,Moses Frase,Dustin Brinkmann,Central,GTX Plus Basic,mid_ticket_1k_to_4k,1096,,,,,,False,maureen_marcano,Maureen Marcano,Summer Sewald,West,73.48602163110729,0.5000000000000001,specialist_match,"product=GTX Plus Basic (strong_fit, n=70); ticket_band=mid_ticket_1k_to_4k (strong_fit, n=87)",67.66177657064439,0.5000000000000001,possible_specialist,4.0,True
NX28C8EI,engaging,james_ascencio,James Ascencio,Summer Sewald,West,GTX Plus Pro,high_ticket_4k_to_10k,5482,,,,,92.0,False,maureen_marcano,Maureen Marcano,Summer Sewald,West,74.25820338006682,0.5000000000000001,specialist_match,"product=GTX Plus Pro (strong_fit, n=32); ticket_band=high_ticket_4k_to_10k (strong_fit, n=62)",66.57595272208489,0.5000000000000001,possible_specialist,5.0,True
NX2EICNQ,engaging,versie_hillebrand,Versie Hillebrand,Dustin Brinkmann,Central,GTX Basic,low_ticket_under_1k,550,Kan-code,software,over_3b,over_10k,156.0,True,hayden_neloms,Hayden Neloms,Celia Rouche,West,70.87283814533541,0.48403635912009035,possible_specialist,"ticket_band=low_ticket_under_1k (possible_fit, n=23); sector=software (neutral, n=14); revenue_band=over_3b (possible_fit, n=38)",67.34123445740587,0.8496900331930987,specialist_match,8.0,True
NXJNQ3Z9,prospecting,gladys_colclough,Gladys Colclough,Melvin Marxen,Central,GTX Plus Basic,mid_ticket_1k_to_4k,1096,Plexzap,retail,1_5b_to_3b,2k_to_10k,,True,maureen_marcano,Maureen Marcano,Summer Sewald,West,76.84376572742474,0.9,specialist_match,"product=GTX Plus Basic (strong_fit, n=70); ticket_band=mid_ticket_1k_to_4k (strong_fit, n=87); sector=retail (strong_fit, n=39)",58.21129194997978,0.9,specialist_match,24.0,True
NXXKM7C7,engaging,daniell_hammack,Daniell Hammack,Rocco Neubert,East,GTX Plus Basic,mid_ticket_1k_to_4k,1096,Cancity,retail,500m_to_1_5b,2k_to_10k,47.0,True,maureen_marcano,Maureen Marcano,Summer Sewald,West,76.27834225069205,0.8866025403784439,specialist_match,"product=GTX Plus Basic (strong_fit, n=70); ticket_band=mid_ticket_1k_to_4k (strong_fit, n=87); sector=retail (strong_fit, n=39)",57.426691772374475,0.9,generalist_match,24.0,True
NY7Z4I06,engaging,kary_hendrixson,Kary Hendrixson,Summer Sewald,West,GTX Plus Pro,high_ticket_4k_to_10k,5482,Betasoloin,medical,under_500m,under_500,148.0,True,maureen_marcano,Maureen Marcano,Summer Sewald,West,75.82330135033024,0.8616173068539296,specialist_match,"product=GTX Plus Pro (strong_fit, n=32); ticket_band=high_ticket_4k_to_10k (strong_fit, n=62); sector=medical (strong_fit, n=19)",63.54764732071453,0.8948683298050514,specialist_match,15.0,True
NZJXKD9H,engaging,daniell_hammack,Daniell Hammack,Rocco Neubert,East,MG Special,low_ticket_under_1k,55,,,,,134.0,False,hayden_neloms,Hayden Neloms,Celia Rouche,West,71.35150661886287,0.44534101199279935,possible_specialist,"product=MG Special (possible_fit, n=23); ticket_band=low_ticket_under_1k (possible_fit, n=23)",60.90931624621093,0.16733200530681516,low_confidence,22.0,True
O0L6JUYE,engaging,marty_freudenburg,Marty Freudenburg,Melvin Marxen,Central,GTX Basic,low_ticket_under_1k,550,Bluth Company,technology,500m_to_1_5b,2k_to_10k,141.0,True,hayden_neloms,Hayden Neloms,Celia Rouche,West,71.51986548929186,0.49244411635452084,specialist_match,"ticket_band=low_ticket_under_1k (possible_fit, n=23); sector=technology (neutral, n=14); revenue_band=500m_to_1_5b (neutral, n=31)",63.12447766501861,0.9,specialist_match,17.0,True
O1SCOU11,engaging,elease_gluck,Elease Gluck,Celia Rouche,West,MG Special,low_ticket_under_1k,55,,,,,61.0,False,hayden_neloms,Hayden Neloms,Celia Rouche,West,71.35150661886287,0.44534101199279935,possible_specialist,"product=MG Special (possible_fit, n=23); ticket_band=low_ticket_under_1k (possible_fit, n=23)",64.05240715549783,0.5000000000000001,specialist_match,14.0,True
O28I4VDY,engaging,corliss_cosme,Corliss Cosme,Cara Losch,East,GTX Plus Basic,mid_ticket_1k_to_4k,1096,,,,,166.0,False,maureen_marcano,Maureen Marcano,Summer Sewald,West,73.48602163110729,0.5000000000000001,specialist_match,"product=GTX Plus Basic (strong_fit, n=70); ticket_band=mid_ticket_1k_to_4k (strong_fit, n=87)",64.28124545159802,0.5000000000000001,generalist_match,12.0,True
O3KC8QI8,engaging,kami_bicknell,Kami Bicknell,Summer Sewald,West,GTX Plus Basic,mid_ticket_1k_to_4k,1096,,,,,388.0,False,maureen_marcano,Maureen Marcano,Summer Sewald,West,73.48602163110729,0.5000000000000001,specialist_match,"product=GTX Plus Basic (strong_fit, n=70); ticket_band=mid_ticket_1k_to_4k (strong_fit, n=87)",61.37515449443525,0.5000000000000001,generalist_match,21.0,True
O691ZXXH,engaging,markita_hansen,Markita Hansen,Celia Rouche,West,MG Special,low_ticket_under_1k,55,,,,,84.0,False,hayden_neloms,Hayden Neloms,Celia Rouche,West,71.35150661886287,0.44534101199279935,possible_specialist,"product=MG Special (possible_fit, n=23); ticket_band=low_ticket_under_1k (possible_fit, n=23)",53.93836042838683,0.5000000000000001,generalist_match,28.0,True
O6NIPA7N,prospecting,marty_freudenburg,Marty Freudenburg,Melvin Marxen,Central,MG Special,low_ticket_under_1k,55,,,,,,False,hayden_neloms,Hayden Neloms,Celia Rouche,West,71.35150661886287,0.44534101199279935,possible_specialist,"product=MG Special (possible_fit, n=23); ticket_band=low_ticket_under_1k (possible_fit, n=23)",64.87581837996572,0.49368350311176834,specialist_match,12.0,True
O7LSETHG,engaging,rosie_papadopoulos,Rosie Papadopoulos,Cara Losch,East,MG Advanced,mid_ticket_1k_to_4k,3393,,,,,145.0,False,hayden_neloms,Hayden Neloms,Celia Rouche,West,74.19302882850188,0.5000000000000001,specialist_match,"product=MG Advanced (strong_fit, n=77); ticket_band=mid_ticket_1k_to_4k (possible_fit, n=119)",62.58719212975716,0.4732050807568878,generalist_match,15.0,True
O7MBZPN4,prospecting,lajuana_vencill,Lajuana Vencill,Dustin Brinkmann,Central,MG Special,low_ticket_under_1k,55,,,,,,False,hayden_neloms,Hayden Neloms,Celia Rouche,West,71.35150661886287,0.44534101199279935,possible_specialist,"product=MG Special (possible_fit, n=23); ticket_band=low_ticket_under_1k (possible_fit, n=23)",51.63006348969593,0.5000000000000001,generalist_match,29.0,True
O7UUAK3Y,engaging,corliss_cosme,Corliss Cosme,Cara Losch,East,GTX Plus Basic,mid_ticket_1k_to_4k,1096,dambase,marketing,1_5b_to_3b,2k_to_10k,363.0,True,maureen_marcano,Maureen Marcano,Summer Sewald,West,75.1544898789638,0.7000000000000001,specialist_match,"product=GTX Plus Basic (strong_fit, n=70); ticket_band=mid_ticket_1k_to_4k (strong_fit, n=87); revenue_band=1_5b_to_3b (strong_fit, n=65)",64.61288504973427,0.8414213562373096,possible_specialist,12.0,True
O8C2G4G2,engaging,cassey_cress,Cassey Cress,Rocco Neubert,East,MG Advanced,mid_ticket_1k_to_4k,3393,,,,,167.0,False,hayden_neloms,Hayden Neloms,Celia Rouche,West,74.19302882850188,0.5000000000000001,specialist_match,"product=MG Advanced (strong_fit, n=77); ticket_band=mid_ticket_1k_to_4k (possible_fit, n=119)",62.27804922349695,0.5000000000000001,generalist_match,17.0,True
O8JCYJSV,prospecting,marty_freudenburg,Marty Freudenburg,Melvin Marxen,Central,GTX Plus Basic,mid_ticket_1k_to_4k,1096,Silis,medical,1_5b_to_3b,2k_to_10k,,True,maureen_marcano,Maureen Marcano,Summer Sewald,West,76.43250379094937,0.8779513042005219,specialist_match,"product=GTX Plus Basic (strong_fit, n=70); ticket_band=mid_ticket_1k_to_4k (strong_fit, n=87); sector=medical (strong_fit, n=19)",63.092861443725575,0.9,specialist_match,17.0,True
O9WYT5ST,engaging,zane_levy,Zane Levy,Summer Sewald,West,GTX Pro,high_ticket_4k_to_10k,4821,Kan-code,software,over_3b,over_10k,191.0,True,maureen_marcano,Maureen Marcano,Summer Sewald,West,75.01764200796025,0.9968245836551854,specialist_match,"product=GTX Pro (strong_fit, n=30); ticket_band=high_ticket_4k_to_10k (strong_fit, n=62); sector=software (possible_fit, n=29)",62.426714522626554,0.975,possible_specialist,21.0,True
OA3RDG12,prospecting,gladys_colclough,Gladys Colclough,Melvin Marxen,Central,GTX Pro,high_ticket_4k_to_10k,4821,,,,,,False,maureen_marcano,Maureen Marcano,Summer Sewald,West,73.54787621751144,0.5000000000000001,specialist_match,"product=GTX Pro (strong_fit, n=30); ticket_band=high_ticket_4k_to_10k (strong_fit, n=62)",54.783595944048166,0.5000000000000001,generalist_match,28.0,True
OAECXU4A,prospecting,darcel_schlecht,Darcel Schlecht,Melvin Marxen,Central,GTX Plus Basic,mid_ticket_1k_to_4k,1096,,,,,,False,maureen_marcano,Maureen Marcano,Summer Sewald,West,73.48602163110729,0.5000000000000001,specialist_match,"product=GTX Plus Basic (strong_fit, n=70); ticket_band=mid_ticket_1k_to_4k (strong_fit, n=87)",64.79805655096737,0.5000000000000001,specialist_match,10.0,True
OAMIMSUU,prospecting,jonathan_berthelot,Jonathan Berthelot,Melvin Marxen,Central,GTX Plus Pro,high_ticket_4k_to_10k,5482,Cheers,entertainment,over_3b,2k_to_10k,,True,maureen_marcano,Maureen Marcano,Summer Sewald,West,75.61916663149316,0.9816242034378674,specialist_match,"product=GTX Plus Pro (strong_fit, n=32); ticket_band=high_ticket_4k_to_10k (strong_fit, n=62); revenue_band=over_3b (neutral, n=70)",64.80966874518043,0.4000000000000001,generalist_match,12.0,True
OAUUCC2N,engaging,marty_freudenburg,Marty Freudenburg,Melvin Marxen,Central,GTX Plus Basic,mid_ticket_1k_to_4k,1096,,,,,153.0,False,maureen_marcano,Maureen Marcano,Summer Sewald,West,73.48602163110729,0.5000000000000001,specialist_match,"product=GTX Plus Basic (strong_fit, n=70); ticket_band=mid_ticket_1k_to_4k (strong_fit, n=87)",62.274902896741885,0.5000000000000001,generalist_match,18.0,True
OBC504T8,engaging,niesha_huffines,Niesha Huffines,Melvin Marxen,Central,GTX Plus Basic,mid_ticket_1k_to_4k,1096,,,,,159.0,False,maureen_marcano,Maureen Marcano,Summer Sewald,West,73.48602163110729,0.5000000000000001,specialist_match,"product=GTX Plus Basic (strong_fit, n=70); ticket_band=mid_ticket_1k_to_4k (strong_fit, n=87)",61.680580134823494,0.5000000000000001,specialist_match,20.0,True
OBDEDIXA,engaging,hayden_neloms,Hayden Neloms,Celia Rouche,West,MG Advanced,mid_ticket_1k_to_4k,3393,,,,,153.0,False,hayden_neloms,Hayden Neloms,Celia Rouche,West,74.19302882850188,0.5000000000000001,specialist_match,"product=MG Advanced (strong_fit, n=77); ticket_band=mid_ticket_1k_to_4k (possible_fit, n=119)",74.19302882850188,0.5000000000000001,specialist_match,1.0,False
OCGXWE8H,engaging,vicki_laflamme,Vicki Laflamme,Celia Rouche,West,MG Special,low_ticket_under_1k,55,,,,,331.0,False,hayden_neloms,Hayden Neloms,Celia Rouche,West,71.35150661886287,0.44534101199279935,possible_specialist,"product=MG Special (possible_fit, n=23); ticket_band=low_ticket_under_1k (possible_fit, n=23)",63.64770011642242,0.5000000000000001,generalist_match,15.0,True
OD895EQM,engaging,lajuana_vencill,Lajuana Vencill,Dustin Brinkmann,Central,GTX Plus Pro,high_ticket_4k_to_10k,5482,,,,,158.0,False,maureen_marcano,Maureen Marcano,Summer Sewald,West,74.25820338006682,0.5000000000000001,specialist_match,"product=GTX Plus Pro (strong_fit, n=32); ticket_band=high_ticket_4k_to_10k (strong_fit, n=62)",55.21717150379561,0.252487623459052,low_confidence,29.0,True
ODFL6HOF,engaging,darcel_schlecht,Darcel Schlecht,Melvin Marxen,Central,GTX Plus Basic,mid_ticket_1k_to_4k,1096,,,,,161.0,False,maureen_marcano,Maureen Marcano,Summer Sewald,West,73.48602163110729,0.5000000000000001,specialist_match,"product=GTX Plus Basic (strong_fit, n=70); ticket_band=mid_ticket_1k_to_4k (strong_fit, n=87)",64.79805655096737,0.5000000000000001,specialist_match,10.0,True
ODGKZEVV,engaging,kary_hendrixson,Kary Hendrixson,Summer Sewald,West,GTX Pro,high_ticket_4k_to_10k,4821,,,,,283.0,False,maureen_marcano,Maureen Marcano,Summer Sewald,West,73.54787621751144,0.5000000000000001,specialist_match,"product=GTX Pro (strong_fit, n=30); ticket_band=high_ticket_4k_to_10k (strong_fit, n=62)",62.91009537954826,0.5000000000000001,generalist_match,19.0,True
ODHVHXKS,engaging,versie_hillebrand,Versie Hillebrand,Dustin Brinkmann,Central,MG Special,low_ticket_under_1k,55,,,,,160.0,False,hayden_neloms,Hayden Neloms,Celia Rouche,West,71.35150661886287,0.44534101199279935,possible_specialist,"product=MG Special (possible_fit, n=23); ticket_band=low_ticket_under_1k (possible_fit, n=23)",68.31320841592525,0.5000000000000001,possible_specialist,3.0,True
ODSFN0YA,prospecting,darcel_schlecht,Darcel Schlecht,Melvin Marxen,Central,GTX Plus Pro,high_ticket_4k_to_10k,5482,,,,,,False,maureen_marcano,Maureen Marcano,Summer Sewald,West,74.25820338006682,0.5000000000000001,specialist_match,"product=GTX Plus Pro (strong_fit, n=32); ticket_band=high_ticket_4k_to_10k (strong_fit, n=62)",63.90260951665106,0.5000000000000001,specialist_match,13.0,True
OEG8QG42,prospecting,anna_snelling,Anna Snelling,Dustin Brinkmann,Central,MG Advanced,mid_ticket_1k_to_4k,3393,Bioplex,medical,under_500m,500_to_2k,,True,hayden_neloms,Hayden Neloms,Celia Rouche,West,74.74917908635184,0.8131708284453855,specialist_match,"product=MG Advanced (strong_fit, n=77); ticket_band=mid_ticket_1k_to_4k (possible_fit, n=119); sector=medical (neutral, n=12)",57.98664133317717,0.9,specialist_match,24.0,True
OEP0IJ6S,engaging,darcel_schlecht,Darcel Schlecht,Melvin Marxen,Central,GTX Pro,high_ticket_4k_to_10k,4821,,,,,153.0,False,maureen_marcano,Maureen Marcano,Summer Sewald,West,73.54787621751144,0.5000000000000001,specialist_match,"product=GTX Pro (strong_fit, n=30); ticket_band=high_ticket_4k_to_10k (strong_fit, n=62)",61.87208356326526,0.5000000000000001,generalist_match,22.0,True
OERROEPM,engaging,markita_hansen,Markita Hansen,Celia Rouche,West,GTX Basic,low_ticket_under_1k,550,,,,,217.0,False,hayden_neloms,Hayden Neloms,Celia Rouche,West,70.07479583264518,0.15165750888103105,possible_specialist,"ticket_band=low_ticket_under_1k (possible_fit, n=23)",56.20696202242551,0.5000000000000001,generalist_match,28.0,True
OFC7ZTU8,engaging,kami_bicknell,Kami Bicknell,Summer Sewald,West,GTX Pro,high_ticket_4k_to_10k,4821,,,,,75.0,False,maureen_marcano,Maureen Marcano,Summer Sewald,West,73.54787621751144,0.5000000000000001,specialist_match,"product=GTX Pro (strong_fit, n=30); ticket_band=high_ticket_4k_to_10k (strong_fit, n=62)",62.17486893491999,0.5000000000000001,generalist_match,21.0,True
OGHK250E,engaging,violet_mclelland,Violet Mclelland,Cara Losch,East,GTX Basic,low_ticket_under_1k,550,,,,,119.0,False,hayden_neloms,Hayden Neloms,Celia Rouche,West,70.07479583264518,0.15165750888103105,possible_specialist,"ticket_band=low_ticket_under_1k (possible_fit, n=23)",62.719365648679045,0.5000000000000001,generalist_match,18.0,True
OH0HJ6KK,prospecting,anna_snelling,Anna Snelling,Dustin Brinkmann,Central,MG Advanced,mid_ticket_1k_to_4k,3393,,,,,,False,hayden_neloms,Hayden Neloms,Celia Rouche,West,74.19302882850188,0.5000000000000001,specialist_match,"product=MG Advanced (strong_fit, n=77); ticket_band=mid_ticket_1k_to_4k (possible_fit, n=119)",57.502548739829464,0.5000000000000001,generalist_match,26.0,True
OHOWVHYX,engaging,rosalina_dieter,Rosalina Dieter,Celia Rouche,West,MG Advanced,mid_ticket_1k_to_4k,3393,Zoomit,entertainment,under_500m,500_to_2k,81.0,True,hayden_neloms,Hayden Neloms,Celia Rouche,West,74.16740019269851,0.671749472208076,specialist_match,"product=MG Advanced (strong_fit, n=77); ticket_band=mid_ticket_1k_to_4k (possible_fit, n=119); employee_band=500_to_2k (neutral, n=30)",67.29495965889669,0.5461624402482156,possible_specialist,7.0,True
OI3UIKVF,engaging,hayden_neloms,Hayden Neloms,Celia Rouche,West,GTX Plus Basic,mid_ticket_1k_to_4k,1096,Konmatfix,marketing,under_500m,500_to_2k,164.0,True,maureen_marcano,Maureen Marcano,Summer Sewald,West,73.86249703872053,0.6935414346693486,specialist_match,"product=GTX Plus Basic (strong_fit, n=70); ticket_band=mid_ticket_1k_to_4k (strong_fit, n=87); revenue_band=under_500m (neutral, n=48)",68.64425782007224,0.671749472208076,possible_specialist,3.0,True
OIBR7UA7,prospecting,gladys_colclough,Gladys Colclough,Melvin Marxen,Central,MG Special,low_ticket_under_1k,55,,,,,,False,hayden_neloms,Hayden Neloms,Celia Rouche,West,71.35150661886287,0.44534101199279935,possible_specialist,"product=MG Special (possible_fit, n=23); ticket_band=low_ticket_under_1k (possible_fit, n=23)",57.11865619131959,0.5000000000000001,generalist_match,26.0,True
OIFERO7S,engaging,rosalina_dieter,Rosalina Dieter,Celia Rouche,West,MG Advanced,mid_ticket_1k_to_4k,3393,,,,,238.0,False,hayden_neloms,Hayden Neloms,Celia Rouche,West,74.19302882850188,0.5000000000000001,specialist_match,"product=MG Advanced (strong_fit, n=77); ticket_band=mid_ticket_1k_to_4k (possible_fit, n=119)",67.22975297684799,0.46101550841858346,possible_specialist,5.0,True
OIIFWY81,prospecting,jonathan_berthelot,Jonathan Berthelot,Melvin Marxen,Central,GTX Basic,low_ticket_under_1k,550,Conecom,technology,1_5b_to_3b,500_to_2k,,True,hayden_neloms,Hayden Neloms,Celia Rouche,West,71.28298715848204,0.4910125724246696,specialist_match,"ticket_band=low_ticket_under_1k (possible_fit, n=23); sector=technology (neutral, n=14); revenue_band=1_5b_to_3b (strong_fit, n=54)",67.4278475665543,0.9968245836551854,specialist_match,7.0,True
OIO2H2MY,engaging,boris_faz,Boris Faz,Rocco Neubert,East,GTX Plus Pro,high_ticket_4k_to_10k,5482,,,,,244.0,False,maureen_marcano,Maureen Marcano,Summer Sewald,West,74.25820338006682,0.5000000000000001,specialist_match,"product=GTX Plus Pro (strong_fit, n=32); ticket_band=high_ticket_4k_to_10k (strong_fit, n=62)",65.71958764849364,0.5000000000000001,possible_specialist,8.0,True
OJ42ZCHR,engaging,violet_mclelland,Violet Mclelland,Cara Losch,East,MG Special,low_ticket_under_1k,55,,,,,154.0,False,hayden_neloms,Hayden Neloms,Celia Rouche,West,71.35150661886287,0.44534101199279935,possible_specialist,"product=MG Special (possible_fit, n=23); ticket_band=low_ticket_under_1k (possible_fit, n=23)",63.49645821399774,0.5000000000000001,generalist_match,18.0,True
OJDZN6UK,prospecting,anna_snelling,Anna Snelling,Dustin Brinkmann,Central,GTX Plus Basic,mid_ticket_1k_to_4k,1096,,,,,,False,maureen_marcano,Maureen Marcano,Summer Sewald,West,73.48602163110729,0.5000000000000001,specialist_match,"product=GTX Plus Basic (strong_fit, n=70); ticket_band=mid_ticket_1k_to_4k (strong_fit, n=87)",58.15596045690537,0.5000000000000001,generalist_match,26.0,True
OJWGRIXN,prospecting,gladys_colclough,Gladys Colclough,Melvin Marxen,Central,GTX Plus Basic,mid_ticket_1k_to_4k,1096,,,,,,False,maureen_marcano,Maureen Marcano,Summer Sewald,West,73.48602163110729,0.5000000000000001,specialist_match,"product=GTX Plus Basic (strong_fit, n=70); ticket_band=mid_ticket_1k_to_4k (strong_fit, n=87)",58.8119360721871,0.5000000000000001,possible_specialist,25.0,True
OK39IHP1,engaging,rosalina_dieter,Rosalina Dieter,Celia Rouche,West,MG Special,low_ticket_under_1k,55,,,,,227.0,False,hayden_neloms,Hayden Neloms,Celia Rouche,West,71.35150661886287,0.44534101199279935,possible_specialist,"product=MG Special (possible_fit, n=23); ticket_band=low_ticket_under_1k (possible_fit, n=23)",62.919303058283,0.5000000000000001,generalist_match,19.0,True
OLGT0VHP,engaging,james_ascencio,James Ascencio,Summer Sewald,West,GTX Plus Pro,high_ticket_4k_to_10k,5482,Statholdings,employment,under_500m,500_to_2k,244.0,True,maureen_marcano,Maureen Marcano,Summer Sewald,West,74.47351796866477,0.8893304367438608,specialist_match,"product=GTX Plus Pro (strong_fit, n=32); ticket_band=high_ticket_4k_to_10k (strong_fit, n=62); revenue_band=under_500m (neutral, n=48)",67.35639258161838,0.8299754751255982,possible_specialist,5.0,True
OLVI7L8M,engaging,cassey_cress,Cassey Cress,Rocco Neubert,East,GTX Pro,high_ticket_4k_to_10k,4821,,,,,410.0,False,maureen_marcano,Maureen Marcano,Summer Sewald,West,73.54787621751144,0.5000000000000001,specialist_match,"product=GTX Pro (strong_fit, n=30); ticket_band=high_ticket_4k_to_10k (strong_fit, n=62)",64.48706353847835,0.5000000000000001,specialist_match,14.0,True
OLXEYM3P,engaging,zane_levy,Zane Levy,Summer Sewald,West,GTX Basic,low_ticket_under_1k,550,,,,,126.0,False,hayden_neloms,Hayden Neloms,Celia Rouche,West,70.07479583264518,0.15165750888103105,possible_specialist,"ticket_band=low_ticket_under_1k (possible_fit, n=23)",60.2374782161471,0.5000000000000001,generalist_match,23.0,True
OM60BJ4S,prospecting,anna_snelling,Anna Snelling,Dustin Brinkmann,Central,GTX Plus Basic,mid_ticket_1k_to_4k,1096,,,,,,False,maureen_marcano,Maureen Marcano,Summer Sewald,West,73.48602163110729,0.5000000000000001,specialist_match,"product=GTX Plus Basic (strong_fit, n=70); ticket_band=mid_ticket_1k_to_4k (strong_fit, n=87)",58.15596045690537,0.5000000000000001,generalist_match,26.0,True
OM8LELJW,engaging,kary_hendrixson,Kary Hendrixson,Summer Sewald,West,GTX Basic,low_ticket_under_1k,550,Iselectrics,technology,500m_to_1_5b,500_to_2k,116.0,True,moses_frase,Moses Frase,Dustin Brinkmann,Central,71.98009189822515,0.9,specialist_match,"product=GTX Basic (strong_fit, n=59); ticket_band=low_ticket_under_1k (strong_fit, n=105); sector=technology (possible_fit, n=32)",60.377646677348956,0.9,generalist_match,22.0,True
OMCFUDOU,engaging,james_ascencio,James Ascencio,Summer Sewald,West,GTX Pro,high_ticket_4k_to_10k,4821,,,,,61.0,False,maureen_marcano,Maureen Marcano,Summer Sewald,West,73.54787621751144,0.5000000000000001,specialist_match,"product=GTX Pro (strong_fit, n=30); ticket_band=high_ticket_4k_to_10k (strong_fit, n=62)",65.1112263897771,0.5000000000000001,generalist_match,9.0,True
OMJHW2J1,engaging,versie_hillebrand,Versie Hillebrand,Dustin Brinkmann,Central,MG Advanced,mid_ticket_1k_to_4k,3393,,,,,147.0,False,hayden_neloms,Hayden Neloms,Celia Rouche,West,74.19302882850188,0.5000000000000001,specialist_match,"product=MG Advanced (strong_fit, n=77); ticket_band=mid_ticket_1k_to_4k (possible_fit, n=119)",65.52347623430107,0.5000000000000001,generalist_match,9.0,True
ON821ADT,engaging,markita_hansen,Markita Hansen,Celia Rouche,West,GTX Pro,high_ticket_4k_to_10k,4821,,,,,57.0,False,maureen_marcano,Maureen Marcano,Summer Sewald,West,73.54787621751144,0.5000000000000001,specialist_match,"product=GTX Pro (strong_fit, n=30); ticket_band=high_ticket_4k_to_10k (strong_fit, n=62)",56.37358742578493,0.5000000000000001,generalist_match,25.0,True
OO9U4C0Y,engaging,cassey_cress,Cassey Cress,Rocco Neubert,East,GTX Plus Basic,mid_ticket_1k_to_4k,1096,Y-corporation,employment,1_5b_to_3b,2k_to_10k,126.0,True,maureen_marcano,Maureen Marcano,Summer Sewald,West,75.22635988672184,0.9787046218333973,specialist_match,"product=GTX Plus Basic (strong_fit, n=70); ticket_band=mid_ticket_1k_to_4k (strong_fit, n=87); revenue_band=1_5b_to_3b (strong_fit, n=65)",62.18711144254965,0.7000000000000001,possible_specialist,18.0,True
OPCLCCQH,engaging,kami_bicknell,Kami Bicknell,Summer Sewald,West,GTX Plus Basic,mid_ticket_1k_to_4k,1096,Konex,technology,over_3b,over_10k,290.0,True,maureen_marcano,Maureen Marcano,Summer Sewald,West,73.67321194390422,0.8779513042005219,specialist_match,"product=GTX Plus Basic (strong_fit, n=70); ticket_band=mid_ticket_1k_to_4k (strong_fit, n=87); revenue_band=over_3b (neutral, n=70)",61.64810337657878,0.9866025403784439,possible_specialist,19.0,True
OQ1P1OLH,prospecting,jonathan_berthelot,Jonathan Berthelot,Melvin Marxen,Central,GTX Basic,low_ticket_under_1k,550,,,,,,False,hayden_neloms,Hayden Neloms,Celia Rouche,West,70.07479583264518,0.15165750888103105,possible_specialist,"ticket_band=low_ticket_under_1k (possible_fit, n=23)",65.41096422849174,0.5000000000000001,possible_specialist,10.0,True
OQX98BBL,prospecting,darcel_schlecht,Darcel Schlecht,Melvin Marxen,Central,GTX Plus Basic,mid_ticket_1k_to_4k,1096,,,,,,False,maureen_marcano,Maureen Marcano,Summer Sewald,West,73.48602163110729,0.5000000000000001,specialist_match,"product=GTX Plus Basic (strong_fit, n=70); ticket_band=mid_ticket_1k_to_4k (strong_fit, n=87)",64.79805655096737,0.5000000000000001,specialist_match,10.0,True
ORM1IRQ2,engaging,violet_mclelland,Violet Mclelland,Cara Losch,East,MG Special,low_ticket_under_1k,55,,,,,177.0,False,hayden_neloms,Hayden Neloms,Celia Rouche,West,71.35150661886287,0.44534101199279935,possible_specialist,"product=MG Special (possible_fit, n=23); ticket_band=low_ticket_under_1k (possible_fit, n=23)",63.49645821399774,0.5000000000000001,generalist_match,18.0,True
ORYORRQV,engaging,kary_hendrixson,Kary Hendrixson,Summer Sewald,West,GTX Basic,low_ticket_under_1k,550,Hottechi,technology,over_3b,over_10k,79.0,True,hayden_neloms,Hayden Neloms,Celia Rouche,West,71.29186832759962,0.48403635912009035,possible_specialist,"ticket_band=low_ticket_under_1k (possible_fit, n=23); sector=technology (neutral, n=14); revenue_band=over_3b (possible_fit, n=38)",60.990227837829956,0.9935414346693485,generalist_match,21.0,True
OSG9KZGB,engaging,anna_snelling,Anna Snelling,Dustin Brinkmann,Central,GTX Plus Basic,mid_ticket_1k_to_4k,1096,Kan-code,software,over_3b,over_10k,146.0,True,maureen_marcano,Maureen Marcano,Summer Sewald,West,74.9557874215561,0.9968245836551854,specialist_match,"product=GTX Plus Basic (strong_fit, n=70); ticket_band=mid_ticket_1k_to_4k (strong_fit, n=87); sector=software (possible_fit, n=29)",58.870783639339166,0.8806225774829856,specialist_match,24.0,True
OSMGVV1S,engaging,vicki_laflamme,Vicki Laflamme,Celia Rouche,West,MG Special,low_ticket_under_1k,55,,,,,251.0,False,hayden_neloms,Hayden Neloms,Celia Rouche,West,71.35150661886287,0.44534101199279935,possible_specialist,"product=MG Special (possible_fit, n=23); ticket_band=low_ticket_under_1k (possible_fit, n=23)",63.64770011642242,0.5000000000000001,generalist_match,15.0,True
OT0GOR3I,prospecting,darcel_schlecht,Darcel Schlecht,Melvin Marxen,Central,GTX Pro,high_ticket_4k_to_10k,4821,Bluth Company,technology,500m_to_1_5b,2k_to_10k,,True,maureen_marcano,Maureen Marcano,Summer Sewald,West,74.22622624089773,0.8645538445789658,specialist_match,"product=GTX Pro (strong_fit, n=30); ticket_band=high_ticket_4k_to_10k (strong_fit, n=62); revenue_band=500m_to_1_5b (neutral, n=30)",61.9027562658198,0.9,possible_specialist,21.0,True
OT26ZUZ7,engaging,daniell_hammack,Daniell Hammack,Rocco Neubert,East,GTX Pro,high_ticket_4k_to_10k,4821,Betatech,medical,500m_to_1_5b,500_to_2k,175.0,True,maureen_marcano,Maureen Marcano,Summer Sewald,West,75.28164238114346,0.8580952792483143,specialist_match,"product=GTX Pro (strong_fit, n=30); ticket_band=high_ticket_4k_to_10k (strong_fit, n=62); sector=medical (strong_fit, n=19)",61.759799178164286,0.8974679434480897,specialist_match,21.0,True
OT5G3M9A,engaging,cecily_lampkin,Cecily Lampkin,Dustin Brinkmann,Central,MG Advanced,mid_ticket_1k_to_4k,3393,Treequote,telecommunications,over_3b,2k_to_10k,162.0,True,hayden_neloms,Hayden Neloms,Celia Rouche,West,75.70050082956968,0.8555818264565087,specialist_match,"product=MG Advanced (strong_fit, n=77); ticket_band=mid_ticket_1k_to_4k (possible_fit, n=119); sector=telecommunications (neutral, n=15)",69.44579810075123,0.6961769203083568,specialist_match,3.0,True
OTJR9SSK,engaging,hayden_neloms,Hayden Neloms,Celia Rouche,West,GTX Plus Basic,mid_ticket_1k_to_4k,1096,,,,,250.0,False,maureen_marcano,Maureen Marcano,Summer Sewald,West,73.48602163110729,0.5000000000000001,specialist_match,"product=GTX Plus Basic (strong_fit, n=70); ticket_band=mid_ticket_1k_to_4k (strong_fit, n=87)",68.66988645587561,0.5000000000000001,possible_specialist,3.0,True
OTLQMB5X,engaging,rosalina_dieter,Rosalina Dieter,Celia Rouche,West,GTX Basic,low_ticket_under_1k,550,,,,,245.0,False,hayden_neloms,Hayden Neloms,Celia Rouche,West,70.07479583264518,0.15165750888103105,possible_specialist,"ticket_band=low_ticket_under_1k (possible_fit, n=23)",64.6297122773508,0.4371708245126285,generalist_match,14.0,True
OVA9HMN1,engaging,anna_snelling,Anna Snelling,Dustin Brinkmann,Central,GTX Plus Pro,high_ticket_4k_to_10k,5482,,,,,148.0,False,maureen_marcano,Maureen Marcano,Summer Sewald,West,74.25820338006682,0.5000000000000001,specialist_match,"product=GTX Plus Pro (strong_fit, n=32); ticket_band=high_ticket_4k_to_10k (strong_fit, n=62)",60.089753742851585,0.5000000000000001,generalist_match,24.0,True
OVLGWURN,engaging,kary_hendrixson,Kary Hendrixson,Summer Sewald,West,GTX Basic,low_ticket_under_1k,550,,,,,154.0,False,hayden_neloms,Hayden Neloms,Celia Rouche,West,70.07479583264518,0.15165750888103105,possible_specialist,"ticket_band=low_ticket_under_1k (possible_fit, n=23)",62.34894675423093,0.5000000000000001,generalist_match,20.0,True
OW9OM3UO,engaging,rosalina_dieter,Rosalina Dieter,Celia Rouche,West,MG Advanced,mid_ticket_1k_to_4k,3393,,,,,175.0,False,hayden_neloms,Hayden Neloms,Celia Rouche,West,74.19302882850188,0.5000000000000001,specialist_match,"product=MG Advanced (strong_fit, n=77); ticket_band=mid_ticket_1k_to_4k (possible_fit, n=119)",67.22975297684799,0.46101550841858346,possible_specialist,5.0,True
OXKLRULK,prospecting,anna_snelling,Anna Snelling,Dustin Brinkmann,Central,MG Special,low_ticket_under_1k,55,,,,,,False,hayden_neloms,Hayden Neloms,Celia Rouche,West,71.35150661886287,0.44534101199279935,possible_specialist,"product=MG Special (possible_fit, n=23); ticket_band=low_ticket_under_1k (possible_fit, n=23)",64.31764459641298,0.5000000000000001,specialist_match,13.0,True
OXNWRI4I,engaging,rosalina_dieter,Rosalina Dieter,Celia Rouche,West,MG Special,low_ticket_under_1k,55,,,,,199.0,False,hayden_neloms,Hayden Neloms,Celia Rouche,West,71.35150661886287,0.44534101199279935,possible_specialist,"product=MG Special (possible_fit, n=23); ticket_band=low_ticket_under_1k (possible_fit, n=23)",62.919303058283,0.5000000000000001,generalist_match,19.0,True
OYH46MQB,engaging,corliss_cosme,Corliss Cosme,Cara Losch,East,GTX Basic,low_ticket_under_1k,550,,,,,67.0,False,hayden_neloms,Hayden Neloms,Celia Rouche,West,70.07479583264518,0.15165750888103105,possible_specialist,"ticket_band=low_ticket_under_1k (possible_fit, n=23)",66.30377602466332,0.5000000000000001,possible_specialist,6.0,True
OYRF34VN,prospecting,moses_frase,Moses Frase,Dustin Brinkmann,Central,MG Advanced,mid_ticket_1k_to_4k,3393,,,,,,False,hayden_neloms,Hayden Neloms,Celia Rouche,West,74.19302882850188,0.5000000000000001,specialist_match,"product=MG Advanced (strong_fit, n=77); ticket_band=mid_ticket_1k_to_4k (possible_fit, n=119)",66.67886466929271,0.5000000000000001,generalist_match,6.0,True
OZ5S8NCK,engaging,kary_hendrixson,Kary Hendrixson,Summer Sewald,West,GTX Pro,high_ticket_4k_to_10k,4821,,,,,347.0,False,maureen_marcano,Maureen Marcano,Summer Sewald,West,73.54787621751144,0.5000000000000001,specialist_match,"product=GTX Pro (strong_fit, n=30); ticket_band=high_ticket_4k_to_10k (strong_fit, n=62)",62.91009537954826,0.5000000000000001,generalist_match,19.0,True
OZ761BUJ,engaging,violet_mclelland,Violet Mclelland,Cara Losch,East,GTX Basic,low_ticket_under_1k,550,,,,,321.0,False,hayden_neloms,Hayden Neloms,Celia Rouche,West,70.07479583264518,0.15165750888103105,possible_specialist,"ticket_band=low_ticket_under_1k (possible_fit, n=23)",62.719365648679045,0.5000000000000001,generalist_match,18.0,True
P0B49XCI,prospecting,gladys_colclough,Gladys Colclough,Melvin Marxen,Central,MG Special,low_ticket_under_1k,55,Codehow,software,1_5b_to_3b,2k_to_10k,,True,hayden_neloms,Hayden Neloms,Celia Rouche,West,72.77094278746759,0.7980935351579941,specialist_match,"product=MG Special (possible_fit, n=23); ticket_band=low_ticket_under_1k (possible_fit, n=23); sector=software (neutral, n=14)",56.759167260546334,0.9473820238102443,specialist_match,26.0,True
P1SGQODJ,engaging,boris_faz,Boris Faz,Rocco Neubert,East,GTX Plus Basic,mid_ticket_1k_to_4k,1096,Rangreen,technology,1_5b_to_3b,2k_to_10k,285.0,True,maureen_marcano,Maureen Marcano,Summer Sewald,West,74.72979513122627,0.8779513042005219,specialist_match,"product=GTX Plus Basic (strong_fit, n=70); ticket_band=mid_ticket_1k_to_4k (strong_fit, n=87); revenue_band=1_5b_to_3b (strong_fit, n=65)",67.89341512217138,0.892195444572929,specialist_match,5.0,True
P25KLAD2,prospecting,lajuana_vencill,Lajuana Vencill,Dustin Brinkmann,Central,MG Advanced,mid_ticket_1k_to_4k,3393,Rangreen,technology,1_5b_to_3b,2k_to_10k,,True,hayden_neloms,Hayden Neloms,Celia Rouche,West,76.03149517937081,0.8527525231651948,specialist_match,"product=MG Advanced (strong_fit, n=77); ticket_band=mid_ticket_1k_to_4k (possible_fit, n=119); sector=technology (neutral, n=14)",52.796060929477726,0.9901387818865998,specialist_match,29.0,True
P3K1DVYB,engaging,moses_frase,Moses Frase,Dustin Brinkmann,Central,MG Advanced,mid_ticket_1k_to_4k,3393,,,,,158.0,False,hayden_neloms,Hayden Neloms,Celia Rouche,West,74.19302882850188,0.5000000000000001,specialist_match,"product=MG Advanced (strong_fit, n=77); ticket_band=mid_ticket_1k_to_4k (possible_fit, n=119)",66.67886466929271,0.5000000000000001,generalist_match,6.0,True
P3Z2LYCL,engaging,versie_hillebrand,Versie Hillebrand,Dustin Brinkmann,Central,MG Special,low_ticket_under_1k,55,,,,,161.0,False,hayden_neloms,Hayden Neloms,Celia Rouche,West,71.35150661886287,0.44534101199279935,possible_specialist,"product=MG Special (possible_fit, n=23); ticket_band=low_ticket_under_1k (possible_fit, n=23)",68.31320841592525,0.5000000000000001,possible_specialist,3.0,True
P43NZA0V,prospecting,versie_hillebrand,Versie Hillebrand,Dustin Brinkmann,Central,MG Special,low_ticket_under_1k,55,,,,,,False,hayden_neloms,Hayden Neloms,Celia Rouche,West,71.35150661886287,0.44534101199279935,possible_specialist,"product=MG Special (possible_fit, n=23); ticket_band=low_ticket_under_1k (possible_fit, n=23)",68.31320841592525,0.5000000000000001,possible_specialist,3.0,True
P4D1NK6D,engaging,elease_gluck,Elease Gluck,Celia Rouche,West,GTX Basic,low_ticket_under_1k,550,,,,,142.0,False,hayden_neloms,Hayden Neloms,Celia Rouche,West,70.07479583264518,0.15165750888103105,possible_specialist,"ticket_band=low_ticket_under_1k (possible_fit, n=23)",65.75533685587227,0.44494897427831787,specialist_match,9.0,True
P4D8H19O,prospecting,jonathan_berthelot,Jonathan Berthelot,Melvin Marxen,Central,GTX Plus Basic,mid_ticket_1k_to_4k,1096,Isdom,medical,over_3b,2k_to_10k,,True,maureen_marcano,Maureen Marcano,Summer Sewald,West,76.03637928325736,0.8779513042005219,specialist_match,"product=GTX Plus Basic (strong_fit, n=70); ticket_band=mid_ticket_1k_to_4k (strong_fit, n=87); sector=medical (strong_fit, n=19)",64.8353542572279,0.9707106781186547,generalist_match,11.0,True
P5C842B5,engaging,kami_bicknell,Kami Bicknell,Summer Sewald,West,GTX Plus Pro,high_ticket_4k_to_10k,5482,,,,,64.0,False,maureen_marcano,Maureen Marcano,Summer Sewald,West,74.25820338006682,0.5000000000000001,specialist_match,"product=GTX Plus Pro (strong_fit, n=32); ticket_band=high_ticket_4k_to_10k (strong_fit, n=62)",65.89940481261729,0.45980762113533163,specialist_match,7.0,True
P66UXGPS,engaging,darcel_schlecht,Darcel Schlecht,Melvin Marxen,Central,GTX Plus Basic,mid_ticket_1k_to_4k,1096,,,,,162.0,False,maureen_marcano,Maureen Marcano,Summer Sewald,West,73.48602163110729,0.5000000000000001,specialist_match,"product=GTX Plus Basic (strong_fit, n=70); ticket_band=mid_ticket_1k_to_4k (strong_fit, n=87)",64.79805655096737,0.5000000000000001,specialist_match,10.0,True
P6NQ2LZK,engaging,vicki_laflamme,Vicki Laflamme,Celia Rouche,West,GTX Basic,low_ticket_under_1k,550,,,,,130.0,False,hayden_neloms,Hayden Neloms,Celia Rouche,West,70.07479583264518,0.15165750888103105,possible_specialist,"ticket_band=low_ticket_under_1k (possible_fit, n=23)",64.7618338807733,0.5000000000000001,possible_specialist,13.0,True
P6Z4X54S,prospecting,darcel_schlecht,Darcel Schlecht,Melvin Marxen,Central,GTX Pro,high_ticket_4k_to_10k,4821,,,,,,False,maureen_marcano,Maureen Marcano,Summer Sewald,West,73.54787621751144,0.5000000000000001,specialist_match,"product=GTX Pro (strong_fit, n=30); ticket_band=high_ticket_4k_to_10k (strong_fit, n=62)",61.87208356326526,0.5000000000000001,generalist_match,22.0,True
P7MSQO38,engaging,anna_snelling,Anna Snelling,Dustin Brinkmann,Central,GTX Basic,low_ticket_under_1k,550,Yearin,retail,1_5b_to_3b,2k_to_10k,156.0,True,hayden_neloms,Hayden Neloms,Celia Rouche,West,72.55536826966991,0.5516575088810312,specialist_match,"ticket_band=low_ticket_under_1k (possible_fit, n=23); sector=retail (possible_fit, n=36); revenue_band=1_5b_to_3b (strong_fit, n=54)",61.140884258119556,0.9,specialist_match,20.0,True
P7UPCSTC,prospecting,darcel_schlecht,Darcel Schlecht,Melvin Marxen,Central,GTX Pro,high_ticket_4k_to_10k,4821,Faxquote,telecommunications,1_5b_to_3b,2k_to_10k,,True,maureen_marcano,Maureen Marcano,Summer Sewald,West,76.16818272840803,0.8683250823060348,specialist_match,"product=GTX Pro (strong_fit, n=30); ticket_band=high_ticket_4k_to_10k (strong_fit, n=62); sector=telecommunications (possible_fit, n=17)",61.187502257161746,0.9,possible_specialist,21.0,True
P8QXRXMR,engaging,rosalina_dieter,Rosalina Dieter,Celia Rouche,West,GTX Pro,high_ticket_4k_to_10k,4821,,,,,97.0,False,maureen_marcano,Maureen Marcano,Summer Sewald,West,73.54787621751144,0.5000000000000001,specialist_match,"product=GTX Pro (strong_fit, n=30); ticket_band=high_ticket_4k_to_10k (strong_fit, n=62)",65.02778743577433,0.0,low_confidence,11.0,True
P91SQBST,engaging,anna_snelling,Anna Snelling,Dustin Brinkmann,Central,MG Special,low_ticket_under_1k,55,Dalttechnology,software,under_500m,under_500,159.0,True,hayden_neloms,Hayden Neloms,Celia Rouche,West,71.27906253744887,0.6832404669876261,possible_specialist,"product=MG Special (possible_fit, n=23); ticket_band=low_ticket_under_1k (possible_fit, n=23); sector=software (neutral, n=14)",64.90368152789951,0.8880340843082951,specialist_match,11.0,True
P95E1DOX,prospecting,darcel_schlecht,Darcel Schlecht,Melvin Marxen,Central,GTX Plus Basic,mid_ticket_1k_to_4k,1096,,,,,,False,maureen_marcano,Maureen Marcano,Summer Sewald,West,73.48602163110729,0.5000000000000001,specialist_match,"product=GTX Plus Basic (strong_fit, n=70); ticket_band=mid_ticket_1k_to_4k (strong_fit, n=87)",64.79805655096737,0.5000000000000001,specialist_match,10.0,True
P9EJ68SM,engaging,cassey_cress,Cassey Cress,Rocco Neubert,East,GTX Plus Basic,mid_ticket_1k_to_4k,1096,,,,,154.0,False,maureen_marcano,Maureen Marcano,Summer Sewald,West,73.48602163110729,0.5000000000000001,specialist_match,"product=GTX Plus Basic (strong_fit, n=70); ticket_band=mid_ticket_1k_to_4k (strong_fit, n=87)",62.03229146480558,0.5000000000000001,generalist_match,19.0,True
P9LE92UR,engaging,kary_hendrixson,Kary Hendrixson,Summer Sewald,West,MG Special,low_ticket_under_1k,55,,,,,275.0,False,hayden_neloms,Hayden Neloms,Celia Rouche,West,71.35150661886287,0.44534101199279935,possible_specialist,"product=MG Special (possible_fit, n=23); ticket_band=low_ticket_under_1k (possible_fit, n=23)",62.496359560447154,0.5000000000000001,generalist_match,20.0,True
P9PFSLS6,engaging,maureen_marcano,Maureen Marcano,Summer Sewald,West,MG Special,low_ticket_under_1k,55,,,,,329.0,False,hayden_neloms,Hayden Neloms,Celia Rouche,West,71.35150661886287,0.44534101199279935,possible_specialist,"product=MG Special (possible_fit, n=23); ticket_band=low_ticket_under_1k (possible_fit, n=23)",68.59256087373947,0.49368350311176834,generalist_match,2.0,True
PAQ6EKHB,engaging,kami_bicknell,Kami Bicknell,Summer Sewald,West,GTX Basic,low_ticket_under_1k,550,,,,,105.0,False,hayden_neloms,Hayden Neloms,Celia Rouche,West,70.07479583264518,0.15165750888103105,possible_specialist,"ticket_band=low_ticket_under_1k (possible_fit, n=23)",64.9706180992233,0.5000000000000001,possible_specialist,12.0,True
PAUK1IU0,prospecting,lajuana_vencill,Lajuana Vencill,Dustin Brinkmann,Central,GTX Basic,low_ticket_under_1k,550,,,,,,False,hayden_neloms,Hayden Neloms,Celia Rouche,West,70.07479583264518,0.15165750888103105,possible_specialist,"ticket_band=low_ticket_under_1k (possible_fit, n=23)",52.685793792795806,0.5000000000000001,generalist_match,29.0,True
PCVNB0NO,engaging,zane_levy,Zane Levy,Summer Sewald,West,GTX Basic,low_ticket_under_1k,550,,,,,195.0,False,hayden_neloms,Hayden Neloms,Celia Rouche,West,70.07479583264518,0.15165750888103105,possible_specialist,"ticket_band=low_ticket_under_1k (possible_fit, n=23)",60.2374782161471,0.5000000000000001,generalist_match,23.0,True
PCXGIH9X,prospecting,darcel_schlecht,Darcel Schlecht,Melvin Marxen,Central,GTX Plus Pro,high_ticket_4k_to_10k,5482,,,,,,False,maureen_marcano,Maureen Marcano,Summer Sewald,West,74.25820338006682,0.5000000000000001,specialist_match,"product=GTX Plus Pro (strong_fit, n=32); ticket_band=high_ticket_4k_to_10k (strong_fit, n=62)",63.90260951665106,0.5000000000000001,specialist_match,13.0,True
PD2198ZH,engaging,zane_levy,Zane Levy,Summer Sewald,West,GTX Pro,high_ticket_4k_to_10k,4821,,,,,287.0,False,maureen_marcano,Maureen Marcano,Summer Sewald,West,73.54787621751144,0.5000000000000001,specialist_match,"product=GTX Pro (strong_fit, n=30); ticket_band=high_ticket_4k_to_10k (strong_fit, n=62)",62.897587492789604,0.5000000000000001,possible_specialist,20.0,True
PDMZ1I99,engaging,lajuana_vencill,Lajuana Vencill,Dustin Brinkmann,Central,MG Advanced,mid_ticket_1k_to_4k,3393,Globex Corporation,technology,500m_to_1_5b,2k_to_10k,147.0,True,hayden_neloms,Hayden Neloms,Celia Rouche,West,75.63809848514856,0.8407866074734899,specialist_match,"product=MG Advanced (strong_fit, n=77); ticket_band=mid_ticket_1k_to_4k (possible_fit, n=119); sector=technology (neutral, n=14)",51.201785272882105,0.9,generalist_match,29.0,True
PELBIQ95,prospecting,lajuana_vencill,Lajuana Vencill,Dustin Brinkmann,Central,GTX Basic,low_ticket_under_1k,550,,,,,,False,hayden_neloms,Hayden Neloms,Celia Rouche,West,70.07479583264518,0.15165750888103105,possible_specialist,"ticket_band=low_ticket_under_1k (possible_fit, n=23)",52.685793792795806,0.5000000000000001,generalist_match,29.0,True
PES548QV,prospecting,darcel_schlecht,Darcel Schlecht,Melvin Marxen,Central,GTX Pro,high_ticket_4k_to_10k,4821,,,,,,False,maureen_marcano,Maureen Marcano,Summer Sewald,West,73.54787621751144,0.5000000000000001,specialist_match,"product=GTX Pro (strong_fit, n=30); ticket_band=high_ticket_4k_to_10k (strong_fit, n=62)",61.87208356326526,0.5000000000000001,generalist_match,22.0,True
PF7M8CG2,prospecting,niesha_huffines,Niesha Huffines,Melvin Marxen,Central,MG Advanced,mid_ticket_1k_to_4k,3393,,,,,,False,hayden_neloms,Hayden Neloms,Celia Rouche,West,74.19302882850188,0.5000000000000001,specialist_match,"product=MG Advanced (strong_fit, n=77); ticket_band=mid_ticket_1k_to_4k (possible_fit, n=119)",62.17844020537477,0.452487623459052,specialist_match,20.0,True
PFFHM7HR,engaging,markita_hansen,Markita Hansen,Celia Rouche,West,MG Advanced,mid_ticket_1k_to_4k,3393,Opentech,finance,under_500m,500_to_2k,399.0,True,hayden_neloms,Hayden Neloms,Celia Rouche,West,74.16740019269851,0.671749472208076,specialist_match,"product=MG Advanced (strong_fit, n=77); ticket_band=mid_ticket_1k_to_4k (possible_fit, n=119); employee_band=500_to_2k (neutral, n=30)",56.62856361901724,0.8632993161855452,specialist_match,26.0,True
PFKDTEYU,engaging,rosie_papadopoulos,Rosie Papadopoulos,Cara Losch,East,GTX Pro,high_ticket_4k_to_10k,4821,Xx-zobam,entertainment,over_3b,2k_to_10k,198.0,True,maureen_marcano,Maureen Marcano,Summer Sewald,West,74.72698052302623,0.8914854215512676,specialist_match,"product=GTX Pro (strong_fit, n=30); ticket_band=high_ticket_4k_to_10k (strong_fit, n=62); revenue_band=over_3b (neutral, n=70)",68.28579680809763,0.7668875984270115,specialist_match,3.0,True
PGN9I1HU,prospecting,niesha_huffines,Niesha Huffines,Melvin Marxen,Central,GTX Basic,low_ticket_under_1k,550,,,,,,False,hayden_neloms,Hayden Neloms,Celia Rouche,West,70.07479583264518,0.15165750888103105,possible_specialist,"ticket_band=low_ticket_under_1k (possible_fit, n=23)",58.877443252263674,0.5000000000000001,generalist_match,24.0,True
PGXIPGDM,engaging,vicki_laflamme,Vicki Laflamme,Celia Rouche,West,MG Advanced,mid_ticket_1k_to_4k,3393,Lexiqvolax,medical,1_5b_to_3b,2k_to_10k,263.0,True,hayden_neloms,Hayden Neloms,Celia Rouche,West,76.17421515083443,0.8414213562373096,specialist_match,"product=MG Advanced (strong_fit, n=77); ticket_band=mid_ticket_1k_to_4k (possible_fit, n=119); sector=medical (neutral, n=12)",62.948670582951515,0.9935414346693485,specialist_match,15.0,True
PI45UJKA,engaging,darcel_schlecht,Darcel Schlecht,Melvin Marxen,Central,GTX Pro,high_ticket_4k_to_10k,4821,,,,,163.0,False,maureen_marcano,Maureen Marcano,Summer Sewald,West,73.54787621751144,0.5000000000000001,specialist_match,"product=GTX Pro (strong_fit, n=30); ticket_band=high_ticket_4k_to_10k (strong_fit, n=62)",61.87208356326526,0.5000000000000001,generalist_match,22.0,True
PIFPDJMN,engaging,kary_hendrixson,Kary Hendrixson,Summer Sewald,West,GTX Basic,low_ticket_under_1k,550,,,,,209.0,False,hayden_neloms,Hayden Neloms,Celia Rouche,West,70.07479583264518,0.15165750888103105,possible_specialist,"ticket_band=low_ticket_under_1k (possible_fit, n=23)",62.34894675423093,0.5000000000000001,generalist_match,20.0,True
PJ75Q8VM,engaging,jonathan_berthelot,Jonathan Berthelot,Melvin Marxen,Central,GTX Pro,high_ticket_4k_to_10k,4821,,,,,164.0,False,maureen_marcano,Maureen Marcano,Summer Sewald,West,73.54787621751144,0.5000000000000001,specialist_match,"product=GTX Pro (strong_fit, n=30); ticket_band=high_ticket_4k_to_10k (strong_fit, n=62)",64.8953452967243,0.5000000000000001,generalist_match,12.0,True
PK1PS0KR,engaging,rosie_papadopoulos,Rosie Papadopoulos,Cara Losch,East,MG Advanced,mid_ticket_1k_to_4k,3393,,,,,343.0,False,hayden_neloms,Hayden Neloms,Celia Rouche,West,74.19302882850188,0.5000000000000001,specialist_match,"product=MG Advanced (strong_fit, n=77); ticket_band=mid_ticket_1k_to_4k (possible_fit, n=119)",62.58719212975716,0.4732050807568878,generalist_match,15.0,True
PKDJTR06,engaging,kami_bicknell,Kami Bicknell,Summer Sewald,West,GTX Plus Basic,mid_ticket_1k_to_4k,1096,Hatfan,services,500m_to_1_5b,500_to_2k,341.0,True,maureen_marcano,Maureen Marcano,Summer Sewald,West,74.78206895073137,0.87162939659906,specialist_match,"product=GTX Plus Basic (strong_fit, n=70); ticket_band=mid_ticket_1k_to_4k (strong_fit, n=87); sector=services (possible_fit, n=22)",61.675109676683945,0.9,possible_specialist,20.0,True
PM2BF2KB,engaging,cassey_cress,Cassey Cress,Rocco Neubert,East,GTX Plus Basic,mid_ticket_1k_to_4k,1096,Xx-holding,finance,over_3b,over_10k,18.0,True,maureen_marcano,Maureen Marcano,Summer Sewald,West,73.9066675347257,0.9234632012838495,specialist_match,"product=GTX Plus Basic (strong_fit, n=70); ticket_band=mid_ticket_1k_to_4k (strong_fit, n=87); revenue_band=over_3b (neutral, n=70)",61.26302628494291,0.9,generalist_match,20.0,True
PMEENWD5,engaging,corliss_cosme,Corliss Cosme,Cara Losch,East,GTX Pro,high_ticket_4k_to_10k,4821,Globex Corporation,technology,500m_to_1_5b,2k_to_10k,344.0,True,maureen_marcano,Maureen Marcano,Summer Sewald,West,74.22622624089773,0.8645538445789658,specialist_match,"product=GTX Pro (strong_fit, n=30); ticket_band=high_ticket_4k_to_10k (strong_fit, n=62); revenue_band=500m_to_1_5b (neutral, n=30)",68.06719959538106,0.9,specialist_match,4.0,True
PMK11X5L,engaging,wilburn_farren,Wilburn Farren,Cara Losch,East,GTX Plus Basic,mid_ticket_1k_to_4k,1096,,,,,53.0,False,maureen_marcano,Maureen Marcano,Summer Sewald,West,73.48602163110729,0.5000000000000001,specialist_match,"product=GTX Plus Basic (strong_fit, n=70); ticket_band=mid_ticket_1k_to_4k (strong_fit, n=87)",,,not_candidate,,True
PMMW9JX3,engaging,kary_hendrixson,Kary Hendrixson,Summer Sewald,West,GTX Basic,low_ticket_under_1k,550,,,,,368.0,False,hayden_neloms,Hayden Neloms,Celia Rouche,West,70.07479583264518,0.15165750888103105,possible_specialist,"ticket_band=low_ticket_under_1k (possible_fit, n=23)",62.34894675423093,0.5000000000000001,generalist_match,20.0,True
PNISVWNN,engaging,darcel_schlecht,Darcel Schlecht,Melvin Marxen,Central,MG Advanced,mid_ticket_1k_to_4k,3393,Scotfind,software,over_3b,over_10k,163.0,True,hayden_neloms,Hayden Neloms,Celia Rouche,West,74.89049318221072,0.903089528357714,specialist_match,"product=MG Advanced (strong_fit, n=77); ticket_band=mid_ticket_1k_to_4k (possible_fit, n=119); sector=software (neutral, n=14)",62.09052664675187,0.8961769203083568,possible_specialist,14.0,True
PNO7D8PD,engaging,zane_levy,Zane Levy,Summer Sewald,West,GTX Basic,low_ticket_under_1k,550,,,,,270.0,False,hayden_neloms,Hayden Neloms,Celia Rouche,West,70.07479583264518,0.15165750888103105,possible_specialist,"ticket_band=low_ticket_under_1k (possible_fit, n=23)",60.2374782161471,0.5000000000000001,generalist_match,23.0,True
PNTHPFHY,engaging,darcel_schlecht,Darcel Schlecht,Melvin Marxen,Central,GTX Pro,high_ticket_4k_to_10k,4821,,,,,155.0,False,maureen_marcano,Maureen Marcano,Summer Sewald,West,73.54787621751144,0.5000000000000001,specialist_match,"product=GTX Pro (strong_fit, n=30); ticket_band=high_ticket_4k_to_10k (strong_fit, n=62)",61.87208356326526,0.5000000000000001,generalist_match,22.0,True
PO158L29,engaging,cassey_cress,Cassey Cress,Rocco Neubert,East,GTX Basic,low_ticket_under_1k,550,Blackzim,retail,under_500m,500_to_2k,283.0,True,moses_frase,Moses Frase,Dustin Brinkmann,Central,71.86937053751002,0.8948683298050515,specialist_match,"product=GTX Basic (strong_fit, n=59); ticket_band=low_ticket_under_1k (strong_fit, n=105); sector=retail (strong_fit, n=27)",61.593540595884626,0.9,possible_specialist,20.0,True
PODXJ4SP,engaging,maureen_marcano,Maureen Marcano,Summer Sewald,West,GTX Basic,low_ticket_under_1k,550,Donquadtech,technology,1_5b_to_3b,2k_to_10k,135.0,True,hayden_neloms,Hayden Neloms,Celia Rouche,West,71.9132621835141,0.5044100320462258,specialist_match,"ticket_band=low_ticket_under_1k (possible_fit, n=23); sector=technology (neutral, n=14); revenue_band=1_5b_to_3b (strong_fit, n=54)",68.36300857306783,0.8779513042005219,specialist_match,3.0,True
PPUSV3RG,engaging,kary_hendrixson,Kary Hendrixson,Summer Sewald,West,GTX Plus Pro,high_ticket_4k_to_10k,5482,,,,,224.0,False,maureen_marcano,Maureen Marcano,Summer Sewald,West,74.25820338006682,0.5000000000000001,specialist_match,"product=GTX Plus Pro (strong_fit, n=32); ticket_band=high_ticket_4k_to_10k (strong_fit, n=62)",62.634701152531576,0.5000000000000001,generalist_match,19.0,True
PQ104BT2,engaging,darcel_schlecht,Darcel Schlecht,Melvin Marxen,Central,GTX Pro,high_ticket_4k_to_10k,4821,Finjob,employment,1_5b_to_3b,2k_to_10k,157.0,True,maureen_marcano,Maureen Marcano,Summer Sewald,West,74.48303473093952,0.9823915424529561,specialist_match,"product=GTX Pro (strong_fit, n=30); ticket_band=high_ticket_4k_to_10k (strong_fit, n=62); revenue_band=1_5b_to_3b (strong_fit, n=65)",61.60895210919429,0.8581138830084191,possible_specialist,21.0,True
PQ84ANKD,engaging,violet_mclelland,Violet Mclelland,Cara Losch,East,MG Special,low_ticket_under_1k,55,,,,,41.0,False,hayden_neloms,Hayden Neloms,Celia Rouche,West,71.35150661886287,0.44534101199279935,possible_specialist,"product=MG Special (possible_fit, n=23); ticket_band=low_ticket_under_1k (possible_fit, n=23)",63.49645821399774,0.5000000000000001,generalist_match,18.0,True
PQJZNRKK,engaging,rosie_papadopoulos,Rosie Papadopoulos,Cara Losch,East,GTX Pro,high_ticket_4k_to_10k,4821,,,,,139.0,False,maureen_marcano,Maureen Marcano,Summer Sewald,West,73.54787621751144,0.5000000000000001,specialist_match,"product=GTX Pro (strong_fit, n=30); ticket_band=high_ticket_4k_to_10k (strong_fit, n=62)",68.07980309865687,0.5000000000000001,specialist_match,3.0,True
PQL5GITI,engaging,gladys_colclough,Gladys Colclough,Melvin Marxen,Central,GTX Basic,low_ticket_under_1k,550,,,,,159.0,False,hayden_neloms,Hayden Neloms,Celia Rouche,West,70.07479583264518,0.15165750888103105,possible_specialist,"ticket_band=low_ticket_under_1k (possible_fit, n=23)",56.32706970067004,0.5000000000000001,generalist_match,26.0,True
PQOHTS9I,engaging,jonathan_berthelot,Jonathan Berthelot,Melvin Marxen,Central,GTX Pro,high_ticket_4k_to_10k,4821,Inity,marketing,1_5b_to_3b,2k_to_10k,165.0,True,maureen_marcano,Maureen Marcano,Summer Sewald,West,75.21634446536795,0.7000000000000001,specialist_match,"product=GTX Pro (strong_fit, n=30); ticket_band=high_ticket_4k_to_10k (strong_fit, n=62); revenue_band=1_5b_to_3b (strong_fit, n=65)",63.9592079709891,0.975,specialist_match,13.0,True
PR1H7NHK,engaging,versie_hillebrand,Versie Hillebrand,Dustin Brinkmann,Central,MG Special,low_ticket_under_1k,55,Mathtouch,marketing,over_3b,2k_to_10k,152.0,True,hayden_neloms,Hayden Neloms,Celia Rouche,West,72.61192567773001,0.642808955440889,specialist_match,"product=MG Special (possible_fit, n=23); ticket_band=low_ticket_under_1k (possible_fit, n=23); revenue_band=over_3b (possible_fit, n=38)",69.46626677252138,0.9,specialist_match,3.0,True
PRUFERA6,prospecting,darcel_schlecht,Darcel Schlecht,Melvin Marxen,Central,GTX Pro,high_ticket_4k_to_10k,4821,,,,,,False,maureen_marcano,Maureen Marcano,Summer Sewald,West,73.54787621751144,0.5000000000000001,specialist_match,"product=GTX Pro (strong_fit, n=30); ticket_band=high_ticket_4k_to_10k (strong_fit, n=62)",61.87208356326526,0.5000000000000001,generalist_match,22.0,True
PSMWYTMB,engaging,boris_faz,Boris Faz,Rocco Neubert,East,MG Advanced,mid_ticket_1k_to_4k,3393,Toughzap,retail,under_500m,500_to_2k,102.0,True,hayden_neloms,Hayden Neloms,Celia Rouche,West,75.24856520104403,0.871749472208076,specialist_match,"product=MG Advanced (strong_fit, n=77); ticket_band=mid_ticket_1k_to_4k (possible_fit, n=119); sector=retail (possible_fit, n=36)",67.45906644412909,0.8295335550545632,specialist_match,7.0,True
PTZ9QLEF,engaging,violet_mclelland,Violet Mclelland,Cara Losch,East,GTX Basic,low_ticket_under_1k,550,,,,,124.0,False,hayden_neloms,Hayden Neloms,Celia Rouche,West,70.07479583264518,0.15165750888103105,possible_specialist,"ticket_band=low_ticket_under_1k (possible_fit, n=23)",62.719365648679045,0.5000000000000001,generalist_match,18.0,True
PU62ZGX4,engaging,jonathan_berthelot,Jonathan Berthelot,Melvin Marxen,Central,GTX Plus Basic,mid_ticket_1k_to_4k,1096,Singletechno,retail,1_5b_to_3b,2k_to_10k,157.0,True,maureen_marcano,Maureen Marcano,Summer Sewald,West,77.15693656291528,0.9707106781186547,specialist_match,"product=GTX Plus Basic (strong_fit, n=70); ticket_band=mid_ticket_1k_to_4k (strong_fit, n=87); sector=retail (strong_fit, n=39)",65.7618360856487,0.9,specialist_match,9.0,True
PV3TH2FF,engaging,vicki_laflamme,Vicki Laflamme,Celia Rouche,West,MG Special,low_ticket_under_1k,55,,,,,38.0,False,hayden_neloms,Hayden Neloms,Celia Rouche,West,71.35150661886287,0.44534101199279935,possible_specialist,"product=MG Special (possible_fit, n=23); ticket_band=low_ticket_under_1k (possible_fit, n=23)",63.64770011642242,0.5000000000000001,generalist_match,15.0,True
PVLGUIEN,engaging,corliss_cosme,Corliss Cosme,Cara Losch,East,MG Advanced,mid_ticket_1k_to_4k,3393,,,,,266.0,False,hayden_neloms,Hayden Neloms,Celia Rouche,West,74.19302882850188,0.5000000000000001,specialist_match,"product=MG Advanced (strong_fit, n=77); ticket_band=mid_ticket_1k_to_4k (possible_fit, n=119)",62.18936719088769,0.4806243040080457,generalist_match,19.0,True
PW9DTZON,engaging,james_ascencio,James Ascencio,Summer Sewald,West,GTX Pro,high_ticket_4k_to_10k,4821,Donquadtech,technology,1_5b_to_3b,2k_to_10k,158.0,True,maureen_marcano,Maureen Marcano,Summer Sewald,West,74.79164971763042,0.8779513042005219,specialist_match,"product=GTX Pro (strong_fit, n=30); ticket_band=high_ticket_4k_to_10k (strong_fit, n=62); revenue_band=1_5b_to_3b (strong_fit, n=65)",64.84903984694793,0.8683250823060348,generalist_match,13.0,True
PXNDLIL2,engaging,lajuana_vencill,Lajuana Vencill,Dustin Brinkmann,Central,MG Special,low_ticket_under_1k,55,Initech,telecommunications,over_3b,over_10k,140.0,True,hayden_neloms,Hayden Neloms,Celia Rouche,West,72.37657313382824,0.783081222075083,possible_specialist,"product=MG Special (possible_fit, n=23); ticket_band=low_ticket_under_1k (possible_fit, n=23); sector=telecommunications (neutral, n=15)",48.91182496703538,0.8322758678793757,generalist_match,29.0,True
PYOFK7ZD,engaging,cassey_cress,Cassey Cress,Rocco Neubert,East,GTX Basic,low_ticket_under_1k,550,,,,,379.0,False,hayden_neloms,Hayden Neloms,Celia Rouche,West,70.07479583264518,0.15165750888103105,possible_specialist,"ticket_band=low_ticket_under_1k (possible_fit, n=23)",61.41984833091624,0.5000000000000001,generalist_match,21.0,True
PYQ3VX08,engaging,niesha_huffines,Niesha Huffines,Melvin Marxen,Central,GTX Pro,high_ticket_4k_to_10k,4821,,,,,138.0,False,maureen_marcano,Maureen Marcano,Summer Sewald,West,73.54787621751144,0.5000000000000001,specialist_match,"product=GTX Pro (strong_fit, n=30); ticket_band=high_ticket_4k_to_10k (strong_fit, n=62)",54.917001713341385,0.39942264840705605,generalist_match,27.0,True
PYRLUYIQ,engaging,marty_freudenburg,Marty Freudenburg,Melvin Marxen,Central,GTX Plus Basic,mid_ticket_1k_to_4k,1096,Y-corporation,employment,1_5b_to_3b,2k_to_10k,157.0,True,maureen_marcano,Maureen Marcano,Summer Sewald,West,75.22635988672184,0.9787046218333973,specialist_match,"product=GTX Plus Basic (strong_fit, n=70); ticket_band=mid_ticket_1k_to_4k (strong_fit, n=87); revenue_band=1_5b_to_3b (strong_fit, n=65)",62.87509828583084,0.7000000000000001,specialist_match,17.0,True
Q19RWR17,engaging,vicki_laflamme,Vicki Laflamme,Celia Rouche,West,GTX Basic,low_ticket_under_1k,550,Rundofase,technology,500m_to_1_5b,500_to_2k,312.0,True,moses_frase,Moses Frase,Dustin Brinkmann,Central,72.17999998646044,0.975,specialist_match,"product=GTX Basic (strong_fit, n=59); ticket_band=low_ticket_under_1k (strong_fit, n=105); sector=technology (possible_fit, n=32)",64.17007190214171,0.9,possible_specialist,16.0,True
Q1HNDPKW,engaging,darcel_schlecht,Darcel Schlecht,Melvin Marxen,Central,GTX Pro,high_ticket_4k_to_10k,4821,,,,,161.0,False,maureen_marcano,Maureen Marcano,Summer Sewald,West,73.54787621751144,0.5000000000000001,specialist_match,"product=GTX Pro (strong_fit, n=30); ticket_band=high_ticket_4k_to_10k (strong_fit, n=62)",61.87208356326526,0.5000000000000001,generalist_match,22.0,True
Q1TS5ZKD,engaging,versie_hillebrand,Versie Hillebrand,Dustin Brinkmann,Central,MG Special,low_ticket_under_1k,55,,,,,150.0,False,hayden_neloms,Hayden Neloms,Celia Rouche,West,71.35150661886287,0.44534101199279935,possible_specialist,"product=MG Special (possible_fit, n=23); ticket_band=low_ticket_under_1k (possible_fit, n=23)",68.31320841592525,0.5000000000000001,possible_specialist,3.0,True
Q2BB73WT,engaging,hayden_neloms,Hayden Neloms,Celia Rouche,West,GTX Plus Basic,mid_ticket_1k_to_4k,1096,,,,,272.0,False,maureen_marcano,Maureen Marcano,Summer Sewald,West,73.48602163110729,0.5000000000000001,specialist_match,"product=GTX Plus Basic (strong_fit, n=70); ticket_band=mid_ticket_1k_to_4k (strong_fit, n=87)",68.66988645587561,0.5000000000000001,possible_specialist,3.0,True
Q2CLAKLM,engaging,daniell_hammack,Daniell Hammack,Rocco Neubert,East,GTX Plus Pro,high_ticket_4k_to_10k,5482,,,,,245.0,False,maureen_marcano,Maureen Marcano,Summer Sewald,West,74.25820338006682,0.5000000000000001,specialist_match,"product=GTX Plus Pro (strong_fit, n=32); ticket_band=high_ticket_4k_to_10k (strong_fit, n=62)",62.391353728990616,0.5000000000000001,specialist_match,21.0,True
Q2RY668B,engaging,kami_bicknell,Kami Bicknell,Summer Sewald,West,GTX Basic,low_ticket_under_1k,550,,,,,235.0,False,hayden_neloms,Hayden Neloms,Celia Rouche,West,70.07479583264518,0.15165750888103105,possible_specialist,"ticket_band=low_ticket_under_1k (possible_fit, n=23)",64.9706180992233,0.5000000000000001,possible_specialist,12.0,True
Q3HHDSDS,engaging,marty_freudenburg,Marty Freudenburg,Melvin Marxen,Central,GTX Basic,low_ticket_under_1k,550,,,,,160.0,False,hayden_neloms,Hayden Neloms,Celia Rouche,West,70.07479583264518,0.15165750888103105,possible_specialist,"ticket_band=low_ticket_under_1k (possible_fit, n=23)",63.85390031863743,0.5000000000000001,specialist_match,17.0,True
Q5GNQ823,engaging,vicki_laflamme,Vicki Laflamme,Celia Rouche,West,GTX Pro,high_ticket_4k_to_10k,4821,,,,,158.0,False,maureen_marcano,Maureen Marcano,Summer Sewald,West,73.54787621751144,0.5000000000000001,specialist_match,"product=GTX Pro (strong_fit, n=30); ticket_band=high_ticket_4k_to_10k (strong_fit, n=62)",64.74244166469498,0.5000000000000001,possible_specialist,13.0,True
Q5RRTVJK,prospecting,versie_hillebrand,Versie Hillebrand,Dustin Brinkmann,Central,MG Special,low_ticket_under_1k,55,,,,,,False,hayden_neloms,Hayden Neloms,Celia Rouche,West,71.35150661886287,0.44534101199279935,possible_specialist,"product=MG Special (possible_fit, n=23); ticket_band=low_ticket_under_1k (possible_fit, n=23)",68.31320841592525,0.5000000000000001,possible_specialist,3.0,True
Q620I4AZ,prospecting,lajuana_vencill,Lajuana Vencill,Dustin Brinkmann,Central,GTX Plus Basic,mid_ticket_1k_to_4k,1096,,,,,,False,maureen_marcano,Maureen Marcano,Summer Sewald,West,73.48602163110729,0.5000000000000001,specialist_match,"product=GTX Plus Basic (strong_fit, n=70); ticket_band=mid_ticket_1k_to_4k (strong_fit, n=87)",54.318726490443574,0.5000000000000001,generalist_match,29.0,True
Q62JFLLD,engaging,darcel_schlecht,Darcel Schlecht,Melvin Marxen,Central,GTX Pro,high_ticket_4k_to_10k,4821,,,,,156.0,False,maureen_marcano,Maureen Marcano,Summer Sewald,West,73.54787621751144,0.5000000000000001,specialist_match,"product=GTX Pro (strong_fit, n=30); ticket_band=high_ticket_4k_to_10k (strong_fit, n=62)",61.87208356326526,0.5000000000000001,generalist_match,22.0,True
Q62STRQQ,prospecting,gladys_colclough,Gladys Colclough,Melvin Marxen,Central,GTX Plus Basic,mid_ticket_1k_to_4k,1096,,,,,,False,maureen_marcano,Maureen Marcano,Summer Sewald,West,73.48602163110729,0.5000000000000001,specialist_match,"product=GTX Plus Basic (strong_fit, n=70); ticket_band=mid_ticket_1k_to_4k (strong_fit, n=87)",58.8119360721871,0.5000000000000001,possible_specialist,25.0,True
Q65B52C5,engaging,niesha_huffines,Niesha Huffines,Melvin Marxen,Central,GTX Basic,low_ticket_under_1k,550,Kan-code,software,over_3b,over_10k,153.0,True,hayden_neloms,Hayden Neloms,Celia Rouche,West,70.87283814533541,0.48403635912009035,possible_specialist,"ticket_band=low_ticket_under_1k (possible_fit, n=23); sector=software (neutral, n=14); revenue_band=over_3b (possible_fit, n=38)",58.666900379114054,0.7732050807568878,generalist_match,25.0,True
Q6OUJCH5,engaging,vicki_laflamme,Vicki Laflamme,Celia Rouche,West,GTX Pro,high_ticket_4k_to_10k,4821,,,,,254.0,False,maureen_marcano,Maureen Marcano,Summer Sewald,West,73.54787621751144,0.5000000000000001,specialist_match,"product=GTX Pro (strong_fit, n=30); ticket_band=high_ticket_4k_to_10k (strong_fit, n=62)",64.74244166469498,0.5000000000000001,possible_specialist,13.0,True
Q8BZ3PC9,engaging,rosie_papadopoulos,Rosie Papadopoulos,Cara Losch,East,GTX Plus Pro,high_ticket_4k_to_10k,5482,,,,,257.0,False,maureen_marcano,Maureen Marcano,Summer Sewald,West,74.25820338006682,0.5000000000000001,specialist_match,"product=GTX Plus Pro (strong_fit, n=32); ticket_band=high_ticket_4k_to_10k (strong_fit, n=62)",64.291459464126,0.45980762113533163,specialist_match,12.0,True
Q8QGD2OG,engaging,cecily_lampkin,Cecily Lampkin,Dustin Brinkmann,Central,MG Advanced,mid_ticket_1k_to_4k,3393,,,,,145.0,False,hayden_neloms,Hayden Neloms,Celia Rouche,West,74.19302882850188,0.5000000000000001,specialist_match,"product=MG Advanced (strong_fit, n=77); ticket_band=mid_ticket_1k_to_4k (possible_fit, n=119)",68.79942715958568,0.5000000000000001,specialist_match,3.0,True
Q9CASEJL,prospecting,gladys_colclough,Gladys Colclough,Melvin Marxen,Central,MG Special,low_ticket_under_1k,55,,,,,,False,hayden_neloms,Hayden Neloms,Celia Rouche,West,71.35150661886287,0.44534101199279935,possible_specialist,"product=MG Special (possible_fit, n=23); ticket_band=low_ticket_under_1k (possible_fit, n=23)",57.11865619131959,0.5000000000000001,generalist_match,26.0,True
Q9UWOC28,prospecting,anna_snelling,Anna Snelling,Dustin Brinkmann,Central,GTX Plus Basic,mid_ticket_1k_to_4k,1096,Plusstrip,entertainment,under_500m,under_500,,True,maureen_marcano,Maureen Marcano,Summer Sewald,West,73.67986625473543,0.8751514242046753,specialist_match,"product=GTX Plus Basic (strong_fit, n=70); ticket_band=mid_ticket_1k_to_4k (strong_fit, n=87); revenue_band=under_500m (neutral, n=48)",59.20753911432488,0.8294554405456047,specialist_match,24.0,True
Q9VC6GV0,engaging,anna_snelling,Anna Snelling,Dustin Brinkmann,Central,MG Special,low_ticket_under_1k,55,Konmatfix,marketing,under_500m,500_to_2k,165.0,True,hayden_neloms,Hayden Neloms,Celia Rouche,West,71.3258779830595,0.6170904842008752,possible_specialist,"product=MG Special (possible_fit, n=23); ticket_band=low_ticket_under_1k (possible_fit, n=23); employee_band=500_to_2k (neutral, n=30)",64.70480964534204,0.9,specialist_match,13.0,True
QCBO7C6E,engaging,kami_bicknell,Kami Bicknell,Summer Sewald,West,GTX Plus Basic,mid_ticket_1k_to_4k,1096,,,,,79.0,False,maureen_marcano,Maureen Marcano,Summer Sewald,West,73.48602163110729,0.5000000000000001,specialist_match,"product=GTX Plus Basic (strong_fit, n=70); ticket_band=mid_ticket_1k_to_4k (strong_fit, n=87)",61.37515449443525,0.5000000000000001,generalist_match,21.0,True
QCNOCX0P,engaging,boris_faz,Boris Faz,Rocco Neubert,East,GTX Pro,high_ticket_4k_to_10k,4821,,,,,268.0,False,maureen_marcano,Maureen Marcano,Summer Sewald,West,73.54787621751144,0.5000000000000001,specialist_match,"product=GTX Pro (strong_fit, n=30); ticket_band=high_ticket_4k_to_10k (strong_fit, n=62)",67.53559743155327,0.49368350311176834,specialist_match,4.0,True
QD4ONE04,engaging,anna_snelling,Anna Snelling,Dustin Brinkmann,Central,MG Special,low_ticket_under_1k,55,Rangreen,technology,1_5b_to_3b,2k_to_10k,153.0,True,hayden_neloms,Hayden Neloms,Celia Rouche,West,73.1899729697318,0.7980935351579941,specialist_match,"product=MG Special (possible_fit, n=23); ticket_band=low_ticket_under_1k (possible_fit, n=23); sector=technology (neutral, n=14)",63.46294986544878,0.9866025403784439,specialist_match,15.0,True
QD7MU7DD,engaging,rosie_papadopoulos,Rosie Papadopoulos,Cara Losch,East,GTX Pro,high_ticket_4k_to_10k,4821,,,,,56.0,False,maureen_marcano,Maureen Marcano,Summer Sewald,West,73.54787621751144,0.5000000000000001,specialist_match,"product=GTX Pro (strong_fit, n=30); ticket_band=high_ticket_4k_to_10k (strong_fit, n=62)",68.07980309865687,0.5000000000000001,specialist_match,3.0,True
QD8F0CI6,engaging,rosalina_dieter,Rosalina Dieter,Celia Rouche,West,GTX Basic,low_ticket_under_1k,550,,,,,258.0,False,hayden_neloms,Hayden Neloms,Celia Rouche,West,70.07479583264518,0.15165750888103105,possible_specialist,"ticket_band=low_ticket_under_1k (possible_fit, n=23)",64.6297122773508,0.4371708245126285,generalist_match,14.0,True
QDBJOE9M,engaging,zane_levy,Zane Levy,Summer Sewald,West,MG Special,low_ticket_under_1k,55,,,,,84.0,False,hayden_neloms,Hayden Neloms,Celia Rouche,West,71.35150661886287,0.44534101199279935,possible_specialist,"product=MG Special (possible_fit, n=23); ticket_band=low_ticket_under_1k (possible_fit, n=23)",59.10549241589169,0.4738612787525831,generalist_match,24.0,True
QDGUWTLU,engaging,rosalina_dieter,Rosalina Dieter,Celia Rouche,West,MG Special,low_ticket_under_1k,55,,,,,307.0,False,hayden_neloms,Hayden Neloms,Celia Rouche,West,71.35150661886287,0.44534101199279935,possible_specialist,"product=MG Special (possible_fit, n=23); ticket_band=low_ticket_under_1k (possible_fit, n=23)",62.919303058283,0.5000000000000001,generalist_match,19.0,True
QELHQ898,engaging,zane_levy,Zane Levy,Summer Sewald,West,GTX Plus Basic,mid_ticket_1k_to_4k,1096,Statholdings,employment,under_500m,500_to_2k,162.0,True,maureen_marcano,Maureen Marcano,Summer Sewald,West,73.70133621970524,0.8893304367438608,specialist_match,"product=GTX Plus Basic (strong_fit, n=70); ticket_band=mid_ticket_1k_to_4k (strong_fit, n=87); revenue_band=under_500m (neutral, n=48)",61.19848047404873,0.8957890020745123,specialist_match,21.0,True
QEZ2X87C,engaging,rosalina_dieter,Rosalina Dieter,Celia Rouche,West,MG Special,low_ticket_under_1k,55,Iselectrics,technology,500m_to_1_5b,500_to_2k,115.0,True,hayden_neloms,Hayden Neloms,Celia Rouche,West,72.16630125047749,0.772730159844733,possible_specialist,"product=MG Special (possible_fit, n=23); ticket_band=low_ticket_under_1k (possible_fit, n=23); sector=technology (neutral, n=14)",62.82783117367941,0.582158383625775,generalist_match,19.0,True
QFRZLXF3,engaging,cecily_lampkin,Cecily Lampkin,Dustin Brinkmann,Central,MG Special,low_ticket_under_1k,55,,,,,141.0,False,hayden_neloms,Hayden Neloms,Celia Rouche,West,71.35150661886287,0.44534101199279935,possible_specialist,"product=MG Special (possible_fit, n=23); ticket_band=low_ticket_under_1k (possible_fit, n=23)",66.35765882959332,0.5000000000000001,generalist_match,6.0,True
QGXJLNK1,engaging,jonathan_berthelot,Jonathan Berthelot,Melvin Marxen,Central,GTX Basic,low_ticket_under_1k,550,,,,,160.0,False,hayden_neloms,Hayden Neloms,Celia Rouche,West,70.07479583264518,0.15165750888103105,possible_specialist,"ticket_band=low_ticket_under_1k (possible_fit, n=23)",65.41096422849174,0.5000000000000001,possible_specialist,10.0,True
QHJ3W8FW,engaging,kami_bicknell,Kami Bicknell,Summer Sewald,West,GTX Pro,high_ticket_4k_to_10k,4821,,,,,294.0,False,maureen_marcano,Maureen Marcano,Summer Sewald,West,73.54787621751144,0.5000000000000001,specialist_match,"product=GTX Pro (strong_fit, n=30); ticket_band=high_ticket_4k_to_10k (strong_fit, n=62)",62.17486893491999,0.5000000000000001,generalist_match,21.0,True
QHY85D44,engaging,moses_frase,Moses Frase,Dustin Brinkmann,Central,MG Special,low_ticket_under_1k,55,,,,,141.0,False,hayden_neloms,Hayden Neloms,Celia Rouche,West,71.35150661886287,0.44534101199279935,possible_specialist,"product=MG Special (possible_fit, n=23); ticket_band=low_ticket_under_1k (possible_fit, n=23)",65.050007828557,0.5000000000000001,specialist_match,11.0,True
QIEAKLRU,engaging,cecily_lampkin,Cecily Lampkin,Dustin Brinkmann,Central,MG Advanced,mid_ticket_1k_to_4k,3393,,,,,150.0,False,hayden_neloms,Hayden Neloms,Celia Rouche,West,74.19302882850188,0.5000000000000001,specialist_match,"product=MG Advanced (strong_fit, n=77); ticket_band=mid_ticket_1k_to_4k (possible_fit, n=119)",68.79942715958568,0.5000000000000001,specialist_match,3.0,True
QIHWKCFK,engaging,cassey_cress,Cassey Cress,Rocco Neubert,East,MG Advanced,mid_ticket_1k_to_4k,3393,Singletechno,retail,1_5b_to_3b,2k_to_10k,282.0,True,hayden_neloms,Hayden Neloms,Celia Rouche,West,76.98677210101715,0.9707106781186547,specialist_match,"product=MG Advanced (strong_fit, n=77); ticket_band=mid_ticket_1k_to_4k (possible_fit, n=119); sector=retail (possible_fit, n=36)",63.026148911784375,0.9,possible_specialist,16.0,True
QJ1DIUN7,engaging,rosalina_dieter,Rosalina Dieter,Celia Rouche,West,MG Special,low_ticket_under_1k,55,Ganjaflex,retail,over_3b,over_10k,136.0,True,hayden_neloms,Hayden Neloms,Celia Rouche,West,73.21068519997311,0.824967339066664,possible_specialist,"product=MG Special (possible_fit, n=23); ticket_band=low_ticket_under_1k (possible_fit, n=23); sector=retail (possible_fit, n=36)",65.07689142559865,0.7724568837309472,specialist_match,12.0,True
QKW7MDJK,engaging,violet_mclelland,Violet Mclelland,Cara Losch,East,GTX Pro,high_ticket_4k_to_10k,4821,,,,,130.0,False,maureen_marcano,Maureen Marcano,Summer Sewald,West,73.54787621751144,0.5000000000000001,specialist_match,"product=GTX Pro (strong_fit, n=30); ticket_band=high_ticket_4k_to_10k (strong_fit, n=62)",63.20528121022723,0.0,low_confidence,18.0,True
QKXCMJVB,engaging,james_ascencio,James Ascencio,Summer Sewald,West,GTX Basic,low_ticket_under_1k,550,,,,,176.0,False,hayden_neloms,Hayden Neloms,Celia Rouche,West,70.07479583264518,0.15165750888103105,possible_specialist,"ticket_band=low_ticket_under_1k (possible_fit, n=23)",65.1285349679303,0.5000000000000001,generalist_match,11.0,True
QM6VR1H5,engaging,daniell_hammack,Daniell Hammack,Rocco Neubert,East,GTX Plus Pro,high_ticket_4k_to_10k,5482,,,,,361.0,False,maureen_marcano,Maureen Marcano,Summer Sewald,West,74.25820338006682,0.5000000000000001,specialist_match,"product=GTX Plus Pro (strong_fit, n=32); ticket_band=high_ticket_4k_to_10k (strong_fit, n=62)",62.391353728990616,0.5000000000000001,specialist_match,21.0,True
QMFN71BT,engaging,darcel_schlecht,Darcel Schlecht,Melvin Marxen,Central,GTX Plus Basic,mid_ticket_1k_to_4k,1096,,,,,140.0,False,maureen_marcano,Maureen Marcano,Summer Sewald,West,73.48602163110729,0.5000000000000001,specialist_match,"product=GTX Plus Basic (strong_fit, n=70); ticket_band=mid_ticket_1k_to_4k (strong_fit, n=87)",64.79805655096737,0.5000000000000001,specialist_match,10.0,True
QMRDG7WP,prospecting,jonathan_berthelot,Jonathan Berthelot,Melvin Marxen,Central,GTX Pro,high_ticket_4k_to_10k,4821,,,,,,False,maureen_marcano,Maureen Marcano,Summer Sewald,West,73.54787621751144,0.5000000000000001,specialist_match,"product=GTX Pro (strong_fit, n=30); ticket_band=high_ticket_4k_to_10k (strong_fit, n=62)",64.8953452967243,0.5000000000000001,generalist_match,12.0,True
QN1UL4N3,prospecting,jonathan_berthelot,Jonathan Berthelot,Melvin Marxen,Central,GTX Plus Pro,high_ticket_4k_to_10k,5482,,,,,,False,maureen_marcano,Maureen Marcano,Summer Sewald,West,74.25820338006682,0.5000000000000001,specialist_match,"product=GTX Plus Pro (strong_fit, n=32); ticket_band=high_ticket_4k_to_10k (strong_fit, n=62)",64.69291131170083,0.20000000000000004,low_confidence,11.0,True
QNB3SCN9,engaging,wilburn_farren,Wilburn Farren,Cara Losch,East,GTX Plus Pro,high_ticket_4k_to_10k,5482,,,,,91.0,False,maureen_marcano,Maureen Marcano,Summer Sewald,West,74.25820338006682,0.5000000000000001,specialist_match,"product=GTX Plus Pro (strong_fit, n=32); ticket_band=high_ticket_4k_to_10k (strong_fit, n=62)",,,not_candidate,,True
QNVW1NSS,engaging,wilburn_farren,Wilburn Farren,Cara Losch,East,MG Advanced,mid_ticket_1k_to_4k,3393,,,,,215.0,False,hayden_neloms,Hayden Neloms,Celia Rouche,West,74.19302882850188,0.5000000000000001,specialist_match,"product=MG Advanced (strong_fit, n=77); ticket_band=mid_ticket_1k_to_4k (possible_fit, n=119)",,,not_candidate,,True
QP006VDE,engaging,markita_hansen,Markita Hansen,Celia Rouche,West,MG Advanced,mid_ticket_1k_to_4k,3393,Domzoom,entertainment,under_500m,500_to_2k,244.0,True,hayden_neloms,Hayden Neloms,Celia Rouche,West,74.16740019269851,0.671749472208076,specialist_match,"product=MG Advanced (strong_fit, n=77); ticket_band=mid_ticket_1k_to_4k (possible_fit, n=119); employee_band=500_to_2k (neutral, n=30)",59.544153783637086,0.8870828693386972,specialist_match,23.0,True
QP0QCP8Y,engaging,kary_hendrixson,Kary Hendrixson,Summer Sewald,West,GTX Plus Pro,high_ticket_4k_to_10k,5482,Dalttechnology,software,under_500m,under_500,179.0,True,maureen_marcano,Maureen Marcano,Summer Sewald,West,75.45753491309215,0.8836660026534077,specialist_match,"product=GTX Plus Pro (strong_fit, n=32); ticket_band=high_ticket_4k_to_10k (strong_fit, n=62); sector=software (possible_fit, n=29)",62.34160522544371,0.9655790079237061,generalist_match,20.0,True
QPUPBL50,engaging,kary_hendrixson,Kary Hendrixson,Summer Sewald,West,GTX Basic,low_ticket_under_1k,550,,,,,133.0,False,hayden_neloms,Hayden Neloms,Celia Rouche,West,70.07479583264518,0.15165750888103105,possible_specialist,"ticket_band=low_ticket_under_1k (possible_fit, n=23)",62.34894675423093,0.5000000000000001,generalist_match,20.0,True
QQPAK72N,engaging,hayden_neloms,Hayden Neloms,Celia Rouche,West,GTX Plus Pro,high_ticket_4k_to_10k,5482,,,,,140.0,False,maureen_marcano,Maureen Marcano,Summer Sewald,West,74.25820338006682,0.5000000000000001,specialist_match,"product=GTX Plus Pro (strong_fit, n=32); ticket_band=high_ticket_4k_to_10k (strong_fit, n=62)",69.37147629282224,0.0,low_confidence,2.0,True
QR2BDRAI,engaging,james_ascencio,James Ascencio,Summer Sewald,West,MG Advanced,mid_ticket_1k_to_4k,3393,,,,,361.0,False,hayden_neloms,Hayden Neloms,Celia Rouche,West,74.19302882850188,0.5000000000000001,specialist_match,"product=MG Advanced (strong_fit, n=77); ticket_band=mid_ticket_1k_to_4k (possible_fit, n=119)",67.33380886620368,0.44243315085963286,possible_specialist,4.0,True
QR63ME8L,prospecting,cecily_lampkin,Cecily Lampkin,Dustin Brinkmann,Central,GTX Basic,low_ticket_under_1k,550,,,,,,False,hayden_neloms,Hayden Neloms,Celia Rouche,West,70.07479583264518,0.15165750888103105,possible_specialist,"ticket_band=low_ticket_under_1k (possible_fit, n=23)",66.92574903107476,0.5000000000000001,generalist_match,5.0,True
QRQ8C6MQ,engaging,cassey_cress,Cassey Cress,Rocco Neubert,East,GTX Pro,high_ticket_4k_to_10k,4821,Globex Corporation,technology,500m_to_1_5b,2k_to_10k,303.0,True,maureen_marcano,Maureen Marcano,Summer Sewald,West,74.22622624089773,0.8645538445789658,specialist_match,"product=GTX Pro (strong_fit, n=30); ticket_band=high_ticket_4k_to_10k (strong_fit, n=62); revenue_band=500m_to_1_5b (neutral, n=30)",64.97012731979207,0.9,specialist_match,13.0,True
QRR70537,engaging,anna_snelling,Anna Snelling,Dustin Brinkmann,Central,GTX Basic,low_ticket_under_1k,550,,,,,162.0,False,hayden_neloms,Hayden Neloms,Celia Rouche,West,70.07479583264518,0.15165750888103105,possible_specialist,"ticket_band=low_ticket_under_1k (possible_fit, n=23)",62.58976906657469,0.5000000000000001,specialist_match,19.0,True
QU220OFI,engaging,boris_faz,Boris Faz,Rocco Neubert,East,GTX Basic,low_ticket_under_1k,550,Finhigh,finance,500m_to_1_5b,500_to_2k,176.0,True,moses_frase,Moses Frase,Dustin Brinkmann,Central,73.21607925953997,0.9664854215512676,specialist_match,"product=GTX Basic (strong_fit, n=59); ticket_band=low_ticket_under_1k (strong_fit, n=105); sector=finance (strong_fit, n=22)",63.26337453158425,0.8457847492301832,generalist_match,18.0,True
QU6CFZ22,engaging,cassey_cress,Cassey Cress,Rocco Neubert,East,MG Advanced,mid_ticket_1k_to_4k,3393,,,,,191.0,False,hayden_neloms,Hayden Neloms,Celia Rouche,West,74.19302882850188,0.5000000000000001,specialist_match,"product=MG Advanced (strong_fit, n=77); ticket_band=mid_ticket_1k_to_4k (possible_fit, n=119)",62.27804922349695,0.5000000000000001,generalist_match,17.0,True
QV3TAWDT,engaging,rosie_papadopoulos,Rosie Papadopoulos,Cara Losch,East,GTX Pro,high_ticket_4k_to_10k,4821,,,,,174.0,False,maureen_marcano,Maureen Marcano,Summer Sewald,West,73.54787621751144,0.5000000000000001,specialist_match,"product=GTX Pro (strong_fit, n=30); ticket_band=high_ticket_4k_to_10k (strong_fit, n=62)",68.07980309865687,0.5000000000000001,specialist_match,3.0,True
QVWEPN6J,prospecting,versie_hillebrand,Versie Hillebrand,Dustin Brinkmann,Central,MG Special,low_ticket_under_1k,55,,,,,,False,hayden_neloms,Hayden Neloms,Celia Rouche,West,71.35150661886287,0.44534101199279935,possible_specialist,"product=MG Special (possible_fit, n=23); ticket_band=low_ticket_under_1k (possible_fit, n=23)",68.31320841592525,0.5000000000000001,possible_specialist,3.0,True
QY7GTG6Y,prospecting,marty_freudenburg,Marty Freudenburg,Melvin Marxen,Central,GTX Plus Basic,mid_ticket_1k_to_4k,1096,,,,,,False,maureen_marcano,Maureen Marcano,Summer Sewald,West,73.48602163110729,0.5000000000000001,specialist_match,"product=GTX Plus Basic (strong_fit, n=70); ticket_band=mid_ticket_1k_to_4k (strong_fit, n=87)",62.274902896741885,0.5000000000000001,generalist_match,18.0,True
R0CLLIH9,engaging,kary_hendrixson,Kary Hendrixson,Summer Sewald,West,GTX Pro,high_ticket_4k_to_10k,4821,,,,,263.0,False,maureen_marcano,Maureen Marcano,Summer Sewald,West,73.54787621751144,0.5000000000000001,specialist_match,"product=GTX Pro (strong_fit, n=30); ticket_band=high_ticket_4k_to_10k (strong_fit, n=62)",62.91009537954826,0.5000000000000001,generalist_match,19.0,True
R0MBBXL8,prospecting,cecily_lampkin,Cecily Lampkin,Dustin Brinkmann,Central,MG Advanced,mid_ticket_1k_to_4k,3393,,,,,,False,hayden_neloms,Hayden Neloms,Celia Rouche,West,74.19302882850188,0.5000000000000001,specialist_match,"product=MG Advanced (strong_fit, n=77); ticket_band=mid_ticket_1k_to_4k (possible_fit, n=119)",68.79942715958568,0.5000000000000001,specialist_match,3.0,True
R0Q5BZ9Y,prospecting,darcel_schlecht,Darcel Schlecht,Melvin Marxen,Central,GTX Pro,high_ticket_4k_to_10k,4821,Blackzim,retail,under_500m,500_to_2k,,True,maureen_marcano,Maureen Marcano,Summer Sewald,West,75.69511224990674,0.9642521127880033,specialist_match,"product=GTX Pro (strong_fit, n=30); ticket_band=high_ticket_4k_to_10k (strong_fit, n=62); sector=retail (strong_fit, n=39)",62.46570945105295,0.9,possible_specialist,19.0,True
R0XNAFUB,engaging,zane_levy,Zane Levy,Summer Sewald,West,GTX Basic,low_ticket_under_1k,550,,,,,172.0,False,hayden_neloms,Hayden Neloms,Celia Rouche,West,70.07479583264518,0.15165750888103105,possible_specialist,"ticket_band=low_ticket_under_1k (possible_fit, n=23)",60.2374782161471,0.5000000000000001,generalist_match,23.0,True
R14YE68N,prospecting,jonathan_berthelot,Jonathan Berthelot,Melvin Marxen,Central,GTX Pro,high_ticket_4k_to_10k,4821,Plexzap,retail,1_5b_to_3b,2k_to_10k,,True,maureen_marcano,Maureen Marcano,Summer Sewald,West,76.90562031382889,0.9,specialist_match,"product=GTX Pro (strong_fit, n=30); ticket_band=high_ticket_4k_to_10k (strong_fit, n=62); sector=retail (strong_fit, n=39)",66.07630481621415,0.9,specialist_match,9.0,True
R1HFBU5H,prospecting,darcel_schlecht,Darcel Schlecht,Melvin Marxen,Central,GTX Basic,low_ticket_under_1k,550,,,,,,False,hayden_neloms,Hayden Neloms,Celia Rouche,West,70.07479583264518,0.15165750888103105,possible_specialist,"ticket_band=low_ticket_under_1k (possible_fit, n=23)",64.35527881140102,0.5000000000000001,possible_specialist,15.0,True
R1K16RZO,engaging,maureen_marcano,Maureen Marcano,Summer Sewald,West,GTX Plus Pro,high_ticket_4k_to_10k,5482,,,,,244.0,False,maureen_marcano,Maureen Marcano,Summer Sewald,West,74.25820338006682,0.5000000000000001,specialist_match,"product=GTX Plus Pro (strong_fit, n=32); ticket_band=high_ticket_4k_to_10k (strong_fit, n=62)",74.25820338006682,0.5000000000000001,specialist_match,1.0,False
R2V49PU5,engaging,kami_bicknell,Kami Bicknell,Summer Sewald,West,GTX Plus Basic,mid_ticket_1k_to_4k,1096,,,,,132.0,False,maureen_marcano,Maureen Marcano,Summer Sewald,West,73.48602163110729,0.5000000000000001,specialist_match,"product=GTX Plus Basic (strong_fit, n=70); ticket_band=mid_ticket_1k_to_4k (strong_fit, n=87)",61.37515449443525,0.5000000000000001,generalist_match,21.0,True
R2W96FGX,engaging,zane_levy,Zane Levy,Summer Sewald,West,GTX Basic,low_ticket_under_1k,550,,,,,319.0,False,hayden_neloms,Hayden Neloms,Celia Rouche,West,70.07479583264518,0.15165750888103105,possible_specialist,"ticket_band=low_ticket_under_1k (possible_fit, n=23)",60.2374782161471,0.5000000000000001,generalist_match,23.0,True
R443AUAG,engaging,violet_mclelland,Violet Mclelland,Cara Losch,East,GTX Pro,high_ticket_4k_to_10k,4821,,,,,187.0,False,maureen_marcano,Maureen Marcano,Summer Sewald,West,73.54787621751144,0.5000000000000001,specialist_match,"product=GTX Pro (strong_fit, n=30); ticket_band=high_ticket_4k_to_10k (strong_fit, n=62)",63.20528121022723,0.0,low_confidence,18.0,True
R55U5QI4,engaging,darcel_schlecht,Darcel Schlecht,Melvin Marxen,Central,GTX Plus Pro,high_ticket_4k_to_10k,5482,Scottech,marketing,under_500m,under_500,154.0,True,maureen_marcano,Maureen Marcano,Summer Sewald,West,74.54528743834467,0.6836660026534077,specialist_match,"product=GTX Plus Pro (strong_fit, n=32); ticket_band=high_ticket_4k_to_10k (strong_fit, n=62); revenue_band=under_500m (neutral, n=48)",64.13526038436433,0.9968245836551854,specialist_match,14.0,True
R5RSH4JV,engaging,boris_faz,Boris Faz,Rocco Neubert,East,GTX Plus Pro,high_ticket_4k_to_10k,5482,,,,,309.0,False,maureen_marcano,Maureen Marcano,Summer Sewald,West,74.25820338006682,0.5000000000000001,specialist_match,"product=GTX Plus Pro (strong_fit, n=32); ticket_band=high_ticket_4k_to_10k (strong_fit, n=62)",65.71958764849364,0.5000000000000001,possible_specialist,8.0,True
R65LGLJ0,engaging,cassey_cress,Cassey Cress,Rocco Neubert,East,MG Special,low_ticket_under_1k,55,,,,,123.0,False,hayden_neloms,Hayden Neloms,Celia Rouche,West,71.35150661886287,0.44534101199279935,possible_specialist,"product=MG Special (possible_fit, n=23); ticket_band=low_ticket_under_1k (possible_fit, n=23)",62.289546863103894,0.4371708245126285,generalist_match,21.0,True
R69OYH4Z,engaging,vicki_laflamme,Vicki Laflamme,Celia Rouche,West,GTX Pro,high_ticket_4k_to_10k,4821,Umbrella Corporation,finance,1_5b_to_3b,2k_to_10k,163.0,True,maureen_marcano,Maureen Marcano,Summer Sewald,West,74.9952695792879,0.8527525231651948,specialist_match,"product=GTX Pro (strong_fit, n=30); ticket_band=high_ticket_4k_to_10k (strong_fit, n=62); revenue_band=1_5b_to_3b (strong_fit, n=65)",65.83780513585886,0.8870828693386972,specialist_match,9.0,True
R6HYAPR6,prospecting,darcel_schlecht,Darcel Schlecht,Melvin Marxen,Central,GTX Pro,high_ticket_4k_to_10k,4821,Opentech,finance,under_500m,500_to_2k,,True,maureen_marcano,Maureen Marcano,Summer Sewald,West,73.70327673904464,0.8462939578345433,specialist_match,"product=GTX Pro (strong_fit, n=30); ticket_band=high_ticket_4k_to_10k (strong_fit, n=62); revenue_band=under_500m (neutral, n=48)",62.43226699888011,0.9,possible_specialist,21.0,True
R6OZIG5J,engaging,darcel_schlecht,Darcel Schlecht,Melvin Marxen,Central,MG Advanced,mid_ticket_1k_to_4k,3393,,,,,154.0,False,hayden_neloms,Hayden Neloms,Celia Rouche,West,74.19302882850188,0.5000000000000001,specialist_match,"product=MG Advanced (strong_fit, n=77); ticket_band=mid_ticket_1k_to_4k (possible_fit, n=119)",63.28724737299752,0.5000000000000001,possible_specialist,13.0,True
R6Q5JOLX,engaging,cassey_cress,Cassey Cress,Rocco Neubert,East,GTX Plus Pro,high_ticket_4k_to_10k,5482,,,,,106.0,False,maureen_marcano,Maureen Marcano,Summer Sewald,West,74.25820338006682,0.5000000000000001,specialist_match,"product=GTX Plus Pro (strong_fit, n=32); ticket_band=high_ticket_4k_to_10k (strong_fit, n=62)",61.47255219351271,0.5000000000000001,possible_specialist,22.0,True
R7H0M07R,engaging,darcel_schlecht,Darcel Schlecht,Melvin Marxen,Central,MG Advanced,mid_ticket_1k_to_4k,3393,,,,,157.0,False,hayden_neloms,Hayden Neloms,Celia Rouche,West,74.19302882850188,0.5000000000000001,specialist_match,"product=MG Advanced (strong_fit, n=77); ticket_band=mid_ticket_1k_to_4k (possible_fit, n=119)",63.28724737299752,0.5000000000000001,possible_specialist,13.0,True
R7I947IZ,engaging,marty_freudenburg,Marty Freudenburg,Melvin Marxen,Central,GTX Plus Basic,mid_ticket_1k_to_4k,1096,,,,,154.0,False,maureen_marcano,Maureen Marcano,Summer Sewald,West,73.48602163110729,0.5000000000000001,specialist_match,"product=GTX Plus Basic (strong_fit, n=70); ticket_band=mid_ticket_1k_to_4k (strong_fit, n=87)",62.274902896741885,0.5000000000000001,generalist_match,18.0,True
R8V3ALA8,prospecting,darcel_schlecht,Darcel Schlecht,Melvin Marxen,Central,GTX Basic,low_ticket_under_1k,550,Konmatfix,marketing,under_500m,500_to_2k,,True,hayden_neloms,Hayden Neloms,Celia Rouche,West,70.04916719684181,0.323406981089107,possible_specialist,"ticket_band=low_ticket_under_1k (possible_fit, n=23); employee_band=500_to_2k (neutral, n=30)",64.56155256673696,0.982915619758885,possible_specialist,15.0,True
R9AVNYCO,engaging,zane_levy,Zane Levy,Summer Sewald,West,GTX Plus Basic,mid_ticket_1k_to_4k,1096,Conecom,technology,1_5b_to_3b,500_to_2k,207.0,True,maureen_marcano,Maureen Marcano,Summer Sewald,West,74.0825026117489,0.8714927388698704,specialist_match,"product=GTX Plus Basic (strong_fit, n=70); ticket_band=mid_ticket_1k_to_4k (strong_fit, n=87); revenue_band=1_5b_to_3b (strong_fit, n=65)",60.623337562731216,0.9,generalist_match,22.0,True
R9GI5SJ5,engaging,vicki_laflamme,Vicki Laflamme,Celia Rouche,West,MG Advanced,mid_ticket_1k_to_4k,3393,Domzoom,entertainment,under_500m,500_to_2k,148.0,True,hayden_neloms,Hayden Neloms,Celia Rouche,West,74.16740019269851,0.671749472208076,specialist_match,"product=MG Advanced (strong_fit, n=77); ticket_band=mid_ticket_1k_to_4k (possible_fit, n=119); employee_band=500_to_2k (neutral, n=30)",62.490681231137174,0.9,possible_specialist,18.0,True
R9U1QNHQ,engaging,hayden_neloms,Hayden Neloms,Celia Rouche,West,MG Special,low_ticket_under_1k,55,Betasoloin,medical,under_500m,under_500,246.0,True,hayden_neloms,Hayden Neloms,Celia Rouche,West,71.8408126911767,0.671909300059741,possible_specialist,"product=MG Special (possible_fit, n=23); ticket_band=low_ticket_under_1k (possible_fit, n=23); sector=medical (neutral, n=12)",71.8408126911767,0.671909300059741,possible_specialist,1.0,False
RACLHBXN,engaging,daniell_hammack,Daniell Hammack,Rocco Neubert,East,GTX Plus Basic,mid_ticket_1k_to_4k,1096,,,,,287.0,False,maureen_marcano,Maureen Marcano,Summer Sewald,West,73.48602163110729,0.5000000000000001,specialist_match,"product=GTX Plus Basic (strong_fit, n=70); ticket_band=mid_ticket_1k_to_4k (strong_fit, n=87)",59.095704895820504,0.5000000000000001,generalist_match,24.0,True
RC4LEDIA,engaging,marty_freudenburg,Marty Freudenburg,Melvin Marxen,Central,MG Advanced,mid_ticket_1k_to_4k,3393,,,,,144.0,False,hayden_neloms,Hayden Neloms,Celia Rouche,West,74.19302882850188,0.5000000000000001,specialist_match,"product=MG Advanced (strong_fit, n=77); ticket_band=mid_ticket_1k_to_4k (possible_fit, n=119)",60.0456314423343,0.5000000000000001,generalist_match,22.0,True
RCJRB8W8,engaging,darcel_schlecht,Darcel Schlecht,Melvin Marxen,Central,GTX Plus Pro,high_ticket_4k_to_10k,5482,,,,,148.0,False,maureen_marcano,Maureen Marcano,Summer Sewald,West,74.25820338006682,0.5000000000000001,specialist_match,"product=GTX Plus Pro (strong_fit, n=32); ticket_band=high_ticket_4k_to_10k (strong_fit, n=62)",63.90260951665106,0.5000000000000001,specialist_match,13.0,True
RD6Y5R4P,engaging,kami_bicknell,Kami Bicknell,Summer Sewald,West,MG Special,low_ticket_under_1k,55,Cancity,retail,500m_to_1_5b,2k_to_10k,150.0,True,hayden_neloms,Hayden Neloms,Celia Rouche,West,73.43868236166536,0.8333750963010945,specialist_match,"product=MG Special (possible_fit, n=23); ticket_band=low_ticket_under_1k (possible_fit, n=23); sector=retail (possible_fit, n=36)",66.20041101914833,0.9,specialist_match,8.0,True
RDHTQLNI,engaging,cassey_cress,Cassey Cress,Rocco Neubert,East,GTX Plus Pro,high_ticket_4k_to_10k,5482,,,,,10.0,False,maureen_marcano,Maureen Marcano,Summer Sewald,West,74.25820338006682,0.5000000000000001,specialist_match,"product=GTX Plus Pro (strong_fit, n=32); ticket_band=high_ticket_4k_to_10k (strong_fit, n=62)",61.47255219351271,0.5000000000000001,possible_specialist,22.0,True
RE3UNESR,engaging,kary_hendrixson,Kary Hendrixson,Summer Sewald,West,GTX Basic,low_ticket_under_1k,550,,,,,224.0,False,hayden_neloms,Hayden Neloms,Celia Rouche,West,70.07479583264518,0.15165750888103105,possible_specialist,"ticket_band=low_ticket_under_1k (possible_fit, n=23)",62.34894675423093,0.5000000000000001,generalist_match,20.0,True
REAFB3C3,engaging,zane_levy,Zane Levy,Summer Sewald,West,GTX Basic,low_ticket_under_1k,550,,,,,163.0,False,hayden_neloms,Hayden Neloms,Celia Rouche,West,70.07479583264518,0.15165750888103105,possible_specialist,"ticket_band=low_ticket_under_1k (possible_fit, n=23)",60.2374782161471,0.5000000000000001,generalist_match,23.0,True
REO3FMSB,engaging,corliss_cosme,Corliss Cosme,Cara Losch,East,MG Advanced,mid_ticket_1k_to_4k,3393,Massive Dynamic,entertainment,500m_to_1_5b,500_to_2k,205.0,True,hayden_neloms,Hayden Neloms,Celia Rouche,West,74.56876453792678,0.674636624686739,specialist_match,"product=MG Advanced (strong_fit, n=77); ticket_band=mid_ticket_1k_to_4k (possible_fit, n=119); revenue_band=500m_to_1_5b (neutral, n=31)",63.967851109120694,0.8309336315893935,specialist_match,13.0,True
RFQFJLNJ,engaging,markita_hansen,Markita Hansen,Celia Rouche,West,MG Special,low_ticket_under_1k,55,,,,,132.0,False,hayden_neloms,Hayden Neloms,Celia Rouche,West,71.35150661886287,0.44534101199279935,possible_specialist,"product=MG Special (possible_fit, n=23); ticket_band=low_ticket_under_1k (possible_fit, n=23)",53.93836042838683,0.5000000000000001,generalist_match,28.0,True
RFQP9VCW,engaging,wilburn_farren,Wilburn Farren,Cara Losch,East,MG Advanced,mid_ticket_1k_to_4k,3393,,,,,299.0,False,hayden_neloms,Hayden Neloms,Celia Rouche,West,74.19302882850188,0.5000000000000001,specialist_match,"product=MG Advanced (strong_fit, n=77); ticket_band=mid_ticket_1k_to_4k (possible_fit, n=119)",,,not_candidate,,True
RFXH6VDX,engaging,hayden_neloms,Hayden Neloms,Celia Rouche,West,GTX Plus Basic,mid_ticket_1k_to_4k,1096,,,,,157.0,False,maureen_marcano,Maureen Marcano,Summer Sewald,West,73.48602163110729,0.5000000000000001,specialist_match,"product=GTX Plus Basic (strong_fit, n=70); ticket_band=mid_ticket_1k_to_4k (strong_fit, n=87)",68.66988645587561,0.5000000000000001,possible_specialist,3.0,True
RG893DYQ,engaging,markita_hansen,Markita Hansen,Celia Rouche,West,GTX Basic,low_ticket_under_1k,550,The New York Inquirer,medical,under_500m,500_to_2k,240.0,True,hayden_neloms,Hayden Neloms,Celia Rouche,West,70.63094609049514,0.46482833732641654,possible_specialist,"ticket_band=low_ticket_under_1k (possible_fit, n=23); sector=medical (neutral, n=12); employee_band=500_to_2k (neutral, n=30)",55.108922802789166,0.8527525231651948,specialist_match,27.0,True
RGW7PKJ6,prospecting,marty_freudenburg,Marty Freudenburg,Melvin Marxen,Central,GTX Basic,low_ticket_under_1k,550,Xx-zobam,entertainment,over_3b,2k_to_10k,,True,hayden_neloms,Hayden Neloms,Celia Rouche,West,71.33521489151232,0.3491254523291207,specialist_match,"ticket_band=low_ticket_under_1k (possible_fit, n=23); revenue_band=over_3b (possible_fit, n=38); employee_band=2k_to_10k (strong_fit, n=78)",64.24607705890695,0.6974679434480897,specialist_match,16.0,True
RH0FJYPZ,prospecting,darcel_schlecht,Darcel Schlecht,Melvin Marxen,Central,GTX Plus Basic,mid_ticket_1k_to_4k,1096,,,,,,False,maureen_marcano,Maureen Marcano,Summer Sewald,West,73.48602163110729,0.5000000000000001,specialist_match,"product=GTX Plus Basic (strong_fit, n=70); ticket_band=mid_ticket_1k_to_4k (strong_fit, n=87)",64.79805655096737,0.5000000000000001,specialist_match,10.0,True
RIC5ZHK4,engaging,corliss_cosme,Corliss Cosme,Cara Losch,East,GTX Plus Basic,mid_ticket_1k_to_4k,1096,Plussunin,retail,500m_to_1_5b,2k_to_10k,238.0,True,maureen_marcano,Maureen Marcano,Summer Sewald,West,76.27834225069205,0.8866025403784439,specialist_match,"product=GTX Plus Basic (strong_fit, n=70); ticket_band=mid_ticket_1k_to_4k (strong_fit, n=87); sector=retail (strong_fit, n=39)",63.044658431633316,0.982915619758885,generalist_match,16.0,True
RIW4VWBW,engaging,hayden_neloms,Hayden Neloms,Celia Rouche,West,GTX Plus Pro,high_ticket_4k_to_10k,5482,,,,,355.0,False,maureen_marcano,Maureen Marcano,Summer Sewald,West,74.25820338006682,0.5000000000000001,specialist_match,"product=GTX Plus Pro (strong_fit, n=32); ticket_band=high_ticket_4k_to_10k (strong_fit, n=62)",69.37147629282224,0.0,low_confidence,2.0,True
RJ21Q4HO,prospecting,gladys_colclough,Gladys Colclough,Melvin Marxen,Central,GTX Basic,low_ticket_under_1k,550,Hottechi,technology,over_3b,over_10k,,True,hayden_neloms,Hayden Neloms,Celia Rouche,West,71.29186832759962,0.48403635912009035,possible_specialist,"ticket_band=low_ticket_under_1k (possible_fit, n=23); sector=technology (neutral, n=14); revenue_band=over_3b (possible_fit, n=38)",51.48600091155466,0.9608494600052545,generalist_match,28.0,True
RJYG004O,engaging,daniell_hammack,Daniell Hammack,Rocco Neubert,East,GTX Basic,low_ticket_under_1k,550,Domzoom,entertainment,under_500m,500_to_2k,380.0,True,moses_frase,Moses Frase,Dustin Brinkmann,Central,70.72584555420603,0.6948683298050515,specialist_match,"product=GTX Basic (strong_fit, n=59); ticket_band=low_ticket_under_1k (strong_fit, n=105); employee_band=500_to_2k (strong_fit, n=80)",58.83355090372892,0.7814483207451302,generalist_match,23.0,True
RKOQZJZR,engaging,zane_levy,Zane Levy,Summer Sewald,West,GTX Plus Basic,mid_ticket_1k_to_4k,1096,J-Texon,retail,500m_to_1_5b,2k_to_10k,111.0,True,maureen_marcano,Maureen Marcano,Summer Sewald,West,76.27834225069205,0.8866025403784439,specialist_match,"product=GTX Plus Basic (strong_fit, n=70); ticket_band=mid_ticket_1k_to_4k (strong_fit, n=87); sector=retail (strong_fit, n=39)",61.21316121562008,0.9,generalist_match,20.0,True
RKP2DVSU,prospecting,niesha_huffines,Niesha Huffines,Melvin Marxen,Central,MG Special,low_ticket_under_1k,55,Hottechi,technology,over_3b,over_10k,,True,hayden_neloms,Hayden Neloms,Celia Rouche,West,72.56857911381731,0.7777198622318587,possible_specialist,"product=MG Special (possible_fit, n=23); ticket_band=low_ticket_under_1k (possible_fit, n=23); sector=technology (neutral, n=14)",58.63622107741132,0.7872281323269015,possible_specialist,24.0,True
RKVXBXBM,engaging,markita_hansen,Markita Hansen,Celia Rouche,West,MG Special,low_ticket_under_1k,55,,,,,207.0,False,hayden_neloms,Hayden Neloms,Celia Rouche,West,71.35150661886287,0.44534101199279935,possible_specialist,"product=MG Special (possible_fit, n=23); ticket_band=low_ticket_under_1k (possible_fit, n=23)",53.93836042838683,0.5000000000000001,generalist_match,28.0,True
RLDCYEJU,prospecting,moses_frase,Moses Frase,Dustin Brinkmann,Central,MG Advanced,mid_ticket_1k_to_4k,3393,,,,,,False,hayden_neloms,Hayden Neloms,Celia Rouche,West,74.19302882850188,0.5000000000000001,specialist_match,"product=MG Advanced (strong_fit, n=77); ticket_band=mid_ticket_1k_to_4k (possible_fit, n=119)",66.67886466929271,0.5000000000000001,generalist_match,6.0,True
RMJG8OS2,prospecting,darcel_schlecht,Darcel Schlecht,Melvin Marxen,Central,GTX Basic,low_ticket_under_1k,550,,,,,,False,hayden_neloms,Hayden Neloms,Celia Rouche,West,70.07479583264518,0.15165750888103105,possible_specialist,"ticket_band=low_ticket_under_1k (possible_fit, n=23)",64.35527881140102,0.5000000000000001,possible_specialist,15.0,True
RN67OVFW,engaging,zane_levy,Zane Levy,Summer Sewald,West,GTX Basic,low_ticket_under_1k,550,,,,,57.0,False,hayden_neloms,Hayden Neloms,Celia Rouche,West,70.07479583264518,0.15165750888103105,possible_specialist,"ticket_band=low_ticket_under_1k (possible_fit, n=23)",60.2374782161471,0.5000000000000001,generalist_match,23.0,True
RN7M3757,engaging,versie_hillebrand,Versie Hillebrand,Dustin Brinkmann,Central,MG Advanced,mid_ticket_1k_to_4k,3393,,,,,154.0,False,hayden_neloms,Hayden Neloms,Celia Rouche,West,74.19302882850188,0.5000000000000001,specialist_match,"product=MG Advanced (strong_fit, n=77); ticket_band=mid_ticket_1k_to_4k (possible_fit, n=119)",65.52347623430107,0.5000000000000001,generalist_match,9.0,True
ROM4I2T0,prospecting,versie_hillebrand,Versie Hillebrand,Dustin Brinkmann,Central,MG Special,low_ticket_under_1k,55,Rundofase,technology,500m_to_1_5b,500_to_2k,,True,hayden_neloms,Hayden Neloms,Celia Rouche,West,72.16630125047749,0.772730159844733,possible_specialist,"product=MG Special (possible_fit, n=23); ticket_band=low_ticket_under_1k (possible_fit, n=23); sector=technology (neutral, n=14)",69.04731302640307,0.9707106781186547,specialist_match,3.0,True
RP7KA6HS,engaging,elease_gluck,Elease Gluck,Celia Rouche,West,MG Special,low_ticket_under_1k,55,Mathtouch,marketing,over_3b,2k_to_10k,329.0,True,hayden_neloms,Hayden Neloms,Celia Rouche,West,72.61192567773001,0.642808955440889,specialist_match,"product=MG Special (possible_fit, n=23); ticket_band=low_ticket_under_1k (possible_fit, n=23); revenue_band=over_3b (possible_fit, n=38)",63.93076781015876,0.6908295106229249,specialist_match,14.0,True
RPCZJOE2,prospecting,niesha_huffines,Niesha Huffines,Melvin Marxen,Central,MG Special,low_ticket_under_1k,55,,,,,,False,hayden_neloms,Hayden Neloms,Celia Rouche,West,71.35150661886287,0.44534101199279935,possible_specialist,"product=MG Special (possible_fit, n=23); ticket_band=low_ticket_under_1k (possible_fit, n=23)",58.1744076381151,0.4872281323269015,generalist_match,25.0,True
RPONINLM,engaging,vicki_laflamme,Vicki Laflamme,Celia Rouche,West,GTX Plus Basic,mid_ticket_1k_to_4k,1096,,,,,342.0,False,maureen_marcano,Maureen Marcano,Summer Sewald,West,73.48602163110729,0.5000000000000001,specialist_match,"product=GTX Plus Basic (strong_fit, n=70); ticket_band=mid_ticket_1k_to_4k (strong_fit, n=87)",64.05340135050662,0.46692695630078285,possible_specialist,13.0,True
RQF6II3D,engaging,anna_snelling,Anna Snelling,Dustin Brinkmann,Central,MG Special,low_ticket_under_1k,55,,,,,162.0,False,hayden_neloms,Hayden Neloms,Celia Rouche,West,71.35150661886287,0.44534101199279935,possible_specialist,"product=MG Special (possible_fit, n=23); ticket_band=low_ticket_under_1k (possible_fit, n=23)",64.31764459641298,0.5000000000000001,specialist_match,13.0,True
RQULJHTU,engaging,daniell_hammack,Daniell Hammack,Rocco Neubert,East,GTX Plus Pro,high_ticket_4k_to_10k,5482,,,,,290.0,False,maureen_marcano,Maureen Marcano,Summer Sewald,West,74.25820338006682,0.5000000000000001,specialist_match,"product=GTX Plus Pro (strong_fit, n=32); ticket_band=high_ticket_4k_to_10k (strong_fit, n=62)",62.391353728990616,0.5000000000000001,specialist_match,21.0,True
RS31U03Y,engaging,zane_levy,Zane Levy,Summer Sewald,West,GTX Plus Basic,mid_ticket_1k_to_4k,1096,,,,,24.0,False,maureen_marcano,Maureen Marcano,Summer Sewald,West,73.48602163110729,0.5000000000000001,specialist_match,"product=GTX Plus Basic (strong_fit, n=70); ticket_band=mid_ticket_1k_to_4k (strong_fit, n=87)",61.1854378680592,0.5000000000000001,generalist_match,22.0,True
RSY2XLKK,prospecting,anna_snelling,Anna Snelling,Dustin Brinkmann,Central,MG Advanced,mid_ticket_1k_to_4k,3393,Streethex,retail,500m_to_1_5b,500_to_2k,,True,hayden_neloms,Hayden Neloms,Celia Rouche,West,75.6499295462723,0.874636624686739,specialist_match,"product=MG Advanced (strong_fit, n=77); ticket_band=mid_ticket_1k_to_4k (possible_fit, n=119); sector=retail (possible_fit, n=36)",57.65348994415621,1.0,possible_specialist,25.0,True
RTOIXNPC,engaging,gladys_colclough,Gladys Colclough,Melvin Marxen,Central,MG Special,low_ticket_under_1k,55,,,,,154.0,False,hayden_neloms,Hayden Neloms,Celia Rouche,West,71.35150661886287,0.44534101199279935,possible_specialist,"product=MG Special (possible_fit, n=23); ticket_band=low_ticket_under_1k (possible_fit, n=23)",57.11865619131959,0.5000000000000001,generalist_match,26.0,True
RTWAUR7C,engaging,gladys_colclough,Gladys Colclough,Melvin Marxen,Central,GTX Plus Pro,high_ticket_4k_to_10k,5482,Y-corporation,employment,1_5b_to_3b,2k_to_10k,160.0,True,maureen_marcano,Maureen Marcano,Summer Sewald,West,75.99854163568136,0.9787046218333973,specialist_match,"product=GTX Plus Pro (strong_fit, n=32); ticket_band=high_ticket_4k_to_10k (strong_fit, n=62); revenue_band=1_5b_to_3b (strong_fit, n=65)",56.27401868648526,0.7000000000000001,specialist_match,26.0,True
RTWE19SU,engaging,kary_hendrixson,Kary Hendrixson,Summer Sewald,West,GTX Pro,high_ticket_4k_to_10k,4821,Conecom,technology,1_5b_to_3b,500_to_2k,14.0,True,maureen_marcano,Maureen Marcano,Summer Sewald,West,74.14435719815305,0.8714927388698704,specialist_match,"product=GTX Pro (strong_fit, n=30); ticket_band=high_ticket_4k_to_10k (strong_fit, n=62); revenue_band=1_5b_to_3b (strong_fit, n=65)",60.94771711274807,0.9,generalist_match,24.0,True
RTX8ZJXT,engaging,vicki_laflamme,Vicki Laflamme,Celia Rouche,West,GTX Basic,low_ticket_under_1k,550,,,,,122.0,False,hayden_neloms,Hayden Neloms,Celia Rouche,West,70.07479583264518,0.15165750888103105,possible_specialist,"ticket_band=low_ticket_under_1k (possible_fit, n=23)",64.7618338807733,0.5000000000000001,possible_specialist,13.0,True
RU5X1LZM,engaging,zane_levy,Zane Levy,Summer Sewald,West,GTX Pro,high_ticket_4k_to_10k,4821,,,,,127.0,False,maureen_marcano,Maureen Marcano,Summer Sewald,West,73.54787621751144,0.5000000000000001,specialist_match,"product=GTX Pro (strong_fit, n=30); ticket_band=high_ticket_4k_to_10k (strong_fit, n=62)",62.897587492789604,0.5000000000000001,possible_specialist,20.0,True
RUAU1ORD,engaging,zane_levy,Zane Levy,Summer Sewald,West,GTX Basic,low_ticket_under_1k,550,,,,,204.0,False,hayden_neloms,Hayden Neloms,Celia Rouche,West,70.07479583264518,0.15165750888103105,possible_specialist,"ticket_band=low_ticket_under_1k (possible_fit, n=23)",60.2374782161471,0.5000000000000001,generalist_match,23.0,True
RUFJMV3I,engaging,james_ascencio,James Ascencio,Summer Sewald,West,MG Special,low_ticket_under_1k,55,,,,,194.0,False,hayden_neloms,Hayden Neloms,Celia Rouche,West,71.35150661886287,0.44534101199279935,possible_specialist,"product=MG Special (possible_fit, n=23); ticket_band=low_ticket_under_1k (possible_fit, n=23)",65.65720443459503,0.44494897427831787,generalist_match,10.0,True
RV5Y8DRY,engaging,marty_freudenburg,Marty Freudenburg,Melvin Marxen,Central,GTX Plus Pro,high_ticket_4k_to_10k,5482,,,,,159.0,False,maureen_marcano,Maureen Marcano,Summer Sewald,West,74.25820338006682,0.5000000000000001,specialist_match,"product=GTX Plus Pro (strong_fit, n=32); ticket_band=high_ticket_4k_to_10k (strong_fit, n=62)",64.83792882392267,0.5000000000000001,specialist_match,10.0,True
RVH3UUKY,engaging,vicki_laflamme,Vicki Laflamme,Celia Rouche,West,MG Advanced,mid_ticket_1k_to_4k,3393,,,,,315.0,False,hayden_neloms,Hayden Neloms,Celia Rouche,West,74.19302882850188,0.5000000000000001,specialist_match,"product=MG Advanced (strong_fit, n=77); ticket_band=mid_ticket_1k_to_4k (possible_fit, n=119)",62.56043132660775,0.5000000000000001,generalist_match,16.0,True
RVUJPYY8,engaging,rosalina_dieter,Rosalina Dieter,Celia Rouche,West,MG Special,low_ticket_under_1k,55,,,,,74.0,False,hayden_neloms,Hayden Neloms,Celia Rouche,West,71.35150661886287,0.44534101199279935,possible_specialist,"product=MG Special (possible_fit, n=23); ticket_band=low_ticket_under_1k (possible_fit, n=23)",62.919303058283,0.5000000000000001,generalist_match,19.0,True
RW39Y63V,engaging,vicki_laflamme,Vicki Laflamme,Celia Rouche,West,GTX Pro,high_ticket_4k_to_10k,4821,,,,,355.0,False,maureen_marcano,Maureen Marcano,Summer Sewald,West,73.54787621751144,0.5000000000000001,specialist_match,"product=GTX Pro (strong_fit, n=30); ticket_band=high_ticket_4k_to_10k (strong_fit, n=62)",64.74244166469498,0.5000000000000001,possible_specialist,13.0,True
RW3CJO8D,engaging,zane_levy,Zane Levy,Summer Sewald,West,MG Advanced,mid_ticket_1k_to_4k,3393,,,,,118.0,False,hayden_neloms,Hayden Neloms,Celia Rouche,West,74.19302882850188,0.5000000000000001,specialist_match,"product=MG Advanced (strong_fit, n=77); ticket_band=mid_ticket_1k_to_4k (possible_fit, n=119)",60.98204191863348,0.45980762113533163,generalist_match,21.0,True
RXAQJKSL,engaging,corliss_cosme,Corliss Cosme,Cara Losch,East,GTX Plus Pro,high_ticket_4k_to_10k,5482,,,,,249.0,False,maureen_marcano,Maureen Marcano,Summer Sewald,West,74.25820338006682,0.5000000000000001,specialist_match,"product=GTX Plus Pro (strong_fit, n=32); ticket_band=high_ticket_4k_to_10k (strong_fit, n=62)",69.21379131703326,0.5000000000000001,specialist_match,3.0,True
RY6T3GLC,engaging,corliss_cosme,Corliss Cosme,Cara Losch,East,GTX Pro,high_ticket_4k_to_10k,4821,Zathunicon,retail,under_500m,under_500,216.0,True,maureen_marcano,Maureen Marcano,Summer Sewald,West,75.52423612425024,0.8836660026534077,specialist_match,"product=GTX Pro (strong_fit, n=30); ticket_band=high_ticket_4k_to_10k (strong_fit, n=62); sector=retail (strong_fit, n=39)",66.773895742862,0.8866025403784439,specialist_match,7.0,True
RYNZ2WOK,engaging,markita_hansen,Markita Hansen,Celia Rouche,West,MG Advanced,mid_ticket_1k_to_4k,3393,Iselectrics,technology,500m_to_1_5b,500_to_2k,124.0,True,hayden_neloms,Hayden Neloms,Celia Rouche,West,75.0078234601165,0.8273891478519337,specialist_match,"product=MG Advanced (strong_fit, n=77); ticket_band=mid_ticket_1k_to_4k (possible_fit, n=119); sector=technology (neutral, n=14)",53.8851854942464,0.9,generalist_match,28.0,True
RYWETTBK,engaging,kami_bicknell,Kami Bicknell,Summer Sewald,West,GTX Basic,low_ticket_under_1k,550,Fasehatice,retail,over_3b,2k_to_10k,72.0,True,hayden_neloms,Hayden Neloms,Celia Rouche,West,72.41637989985784,0.5491254523291208,specialist_match,"ticket_band=low_ticket_under_1k (possible_fit, n=23); sector=retail (possible_fit, n=36); revenue_band=over_3b (possible_fit, n=38)",64.68097337167643,0.9,possible_specialist,16.0,True
RZXMIHGO,engaging,gladys_colclough,Gladys Colclough,Melvin Marxen,Central,GTX Basic,low_ticket_under_1k,550,,,,,152.0,False,hayden_neloms,Hayden Neloms,Celia Rouche,West,70.07479583264518,0.15165750888103105,possible_specialist,"ticket_band=low_ticket_under_1k (possible_fit, n=23)",56.32706970067004,0.5000000000000001,generalist_match,26.0,True
S0Z4QVL2,engaging,vicki_laflamme,Vicki Laflamme,Celia Rouche,West,GTX Pro,high_ticket_4k_to_10k,4821,,,,,163.0,False,maureen_marcano,Maureen Marcano,Summer Sewald,West,73.54787621751144,0.5000000000000001,specialist_match,"product=GTX Pro (strong_fit, n=30); ticket_band=high_ticket_4k_to_10k (strong_fit, n=62)",64.74244166469498,0.5000000000000001,possible_specialist,13.0,True
S1U1RD6K,prospecting,darcel_schlecht,Darcel Schlecht,Melvin Marxen,Central,GTX Pro,high_ticket_4k_to_10k,4821,Iselectrics,technology,500m_to_1_5b,500_to_2k,,True,maureen_marcano,Maureen Marcano,Summer Sewald,West,73.57893372142036,0.8580952792483143,specialist_match,"product=GTX Pro (strong_fit, n=30); ticket_band=high_ticket_4k_to_10k (strong_fit, n=62); revenue_band=500m_to_1_5b (neutral, n=30)",61.79865820642601,0.9,generalist_match,22.0,True
S2J63YRV,engaging,rosie_papadopoulos,Rosie Papadopoulos,Cara Losch,East,MG Special,low_ticket_under_1k,55,,,,,206.0,False,hayden_neloms,Hayden Neloms,Celia Rouche,West,71.35150661886287,0.44534101199279935,possible_specialist,"product=MG Special (possible_fit, n=23); ticket_band=low_ticket_under_1k (possible_fit, n=23)",63.521637062796955,0.5000000000000001,generalist_match,17.0,True
S2MSQIXP,engaging,zane_levy,Zane Levy,Summer Sewald,West,GTX Basic,low_ticket_under_1k,550,Hottechi,technology,over_3b,over_10k,256.0,True,hayden_neloms,Hayden Neloms,Celia Rouche,West,71.29186832759962,0.48403635912009035,possible_specialist,"ticket_band=low_ticket_under_1k (possible_fit, n=23); sector=technology (neutral, n=14); revenue_band=over_3b (possible_fit, n=38)",58.455079748790126,0.9935414346693485,generalist_match,25.0,True
S2SC8AP7,engaging,violet_mclelland,Violet Mclelland,Cara Losch,East,MG Special,low_ticket_under_1k,55,,,,,189.0,False,hayden_neloms,Hayden Neloms,Celia Rouche,West,71.35150661886287,0.44534101199279935,possible_specialist,"product=MG Special (possible_fit, n=23); ticket_band=low_ticket_under_1k (possible_fit, n=23)",63.49645821399774,0.5000000000000001,generalist_match,18.0,True
S2XTTF3B,engaging,rosalina_dieter,Rosalina Dieter,Celia Rouche,West,MG Special,low_ticket_under_1k,55,,,,,111.0,False,hayden_neloms,Hayden Neloms,Celia Rouche,West,71.35150661886287,0.44534101199279935,possible_specialist,"product=MG Special (possible_fit, n=23); ticket_band=low_ticket_under_1k (possible_fit, n=23)",62.919303058283,0.5000000000000001,generalist_match,19.0,True
S2Y2Q1D2,engaging,marty_freudenburg,Marty Freudenburg,Melvin Marxen,Central,GTX Plus Basic,mid_ticket_1k_to_4k,1096,Singletechno,retail,1_5b_to_3b,2k_to_10k,157.0,True,maureen_marcano,Maureen Marcano,Summer Sewald,West,77.15693656291528,0.9707106781186547,specialist_match,"product=GTX Plus Basic (strong_fit, n=70); ticket_band=mid_ticket_1k_to_4k (strong_fit, n=87); sector=retail (strong_fit, n=39)",62.32176645586128,0.9,specialist_match,18.0,True
S3LATQVJ,engaging,versie_hillebrand,Versie Hillebrand,Dustin Brinkmann,Central,GTX Plus Basic,mid_ticket_1k_to_4k,1096,Kinnamplus,retail,500m_to_1_5b,500_to_2k,161.0,True,maureen_marcano,Maureen Marcano,Summer Sewald,West,75.63104973121467,0.8801439750477924,specialist_match,"product=GTX Plus Basic (strong_fit, n=70); ticket_band=mid_ticket_1k_to_4k (strong_fit, n=87); sector=retail (strong_fit, n=39)",65.87994268163558,0.6000000000000001,generalist_match,10.0,True
S3W6Q07M,engaging,kami_bicknell,Kami Bicknell,Summer Sewald,West,GTX Plus Pro,high_ticket_4k_to_10k,5482,Acme Corporation,technology,500m_to_1_5b,2k_to_10k,349.0,True,maureen_marcano,Maureen Marcano,Summer Sewald,West,74.9365534034531,0.8645538445789658,specialist_match,"product=GTX Plus Pro (strong_fit, n=32); ticket_band=high_ticket_4k_to_10k (strong_fit, n=62); revenue_band=500m_to_1_5b (neutral, n=30)",66.61536289291323,0.8598076211353317,specialist_match,7.0,True
S4V0T890,prospecting,marty_freudenburg,Marty Freudenburg,Melvin Marxen,Central,MG Advanced,mid_ticket_1k_to_4k,3393,Finjob,employment,1_5b_to_3b,2k_to_10k,,True,hayden_neloms,Hayden Neloms,Celia Rouche,West,77.44881604162482,0.9277525231651947,specialist_match,"product=MG Advanced (strong_fit, n=77); ticket_band=mid_ticket_1k_to_4k (possible_fit, n=119); sector=employment (strong_fit, n=14)",60.64582683142325,0.7000000000000001,specialist_match,21.0,True
S50ETCN7,engaging,anna_snelling,Anna Snelling,Dustin Brinkmann,Central,GTX Plus Basic,mid_ticket_1k_to_4k,1096,,,,,163.0,False,maureen_marcano,Maureen Marcano,Summer Sewald,West,73.48602163110729,0.5000000000000001,specialist_match,"product=GTX Plus Basic (strong_fit, n=70); ticket_band=mid_ticket_1k_to_4k (strong_fit, n=87)",58.15596045690537,0.5000000000000001,generalist_match,26.0,True
S53EVWFC,engaging,daniell_hammack,Daniell Hammack,Rocco Neubert,East,GTX Pro,high_ticket_4k_to_10k,4821,,,,,130.0,False,maureen_marcano,Maureen Marcano,Summer Sewald,West,73.54787621751144,0.5000000000000001,specialist_match,"product=GTX Pro (strong_fit, n=30); ticket_band=high_ticket_4k_to_10k (strong_fit, n=62)",63.40213266738296,0.5000000000000001,specialist_match,17.0,True
S6645YWA,engaging,kami_bicknell,Kami Bicknell,Summer Sewald,West,GTX Basic,low_ticket_under_1k,550,Y-corporation,employment,1_5b_to_3b,2k_to_10k,327.0,True,hayden_neloms,Hayden Neloms,Celia Rouche,West,72.74234775165047,0.5044100320462258,specialist_match,"ticket_band=low_ticket_under_1k (possible_fit, n=23); sector=employment (strong_fit, n=14); revenue_band=1_5b_to_3b (strong_fit, n=54)",65.08948713630494,0.9577935474573519,possible_specialist,13.0,True
S6BD2RV6,prospecting,versie_hillebrand,Versie Hillebrand,Dustin Brinkmann,Central,MG Special,low_ticket_under_1k,55,,,,,,False,hayden_neloms,Hayden Neloms,Celia Rouche,West,71.35150661886287,0.44534101199279935,possible_specialist,"product=MG Special (possible_fit, n=23); ticket_band=low_ticket_under_1k (possible_fit, n=23)",68.31320841592525,0.5000000000000001,possible_specialist,3.0,True
S6YZO6UQ,engaging,darcel_schlecht,Darcel Schlecht,Melvin Marxen,Central,GTX Pro,high_ticket_4k_to_10k,4821,,,,,163.0,False,maureen_marcano,Maureen Marcano,Summer Sewald,West,73.54787621751144,0.5000000000000001,specialist_match,"product=GTX Pro (strong_fit, n=30); ticket_band=high_ticket_4k_to_10k (strong_fit, n=62)",61.87208356326526,0.5000000000000001,generalist_match,22.0,True
S7UVZXM3,engaging,corliss_cosme,Corliss Cosme,Cara Losch,East,MG Special,low_ticket_under_1k,55,,,,,68.0,False,hayden_neloms,Hayden Neloms,Celia Rouche,West,71.35150661886287,0.44534101199279935,possible_specialist,"product=MG Special (possible_fit, n=23); ticket_band=low_ticket_under_1k (possible_fit, n=23)",66.07295182044197,0.44494897427831787,possible_specialist,8.0,True
S8FODURJ,engaging,zane_levy,Zane Levy,Summer Sewald,West,GTX Basic,low_ticket_under_1k,550,Nam-zim,services,under_500m,500_to_2k,115.0,True,moses_frase,Moses Frase,Dustin Brinkmann,Central,70.72584555420603,0.6948683298050515,specialist_match,"product=GTX Basic (strong_fit, n=59); ticket_band=low_ticket_under_1k (strong_fit, n=105); employee_band=500_to_2k (strong_fit, n=80)",61.65355074216104,0.9,specialist_match,21.0,True
S931EBRN,engaging,cassey_cress,Cassey Cress,Rocco Neubert,East,GTX Basic,low_ticket_under_1k,550,,,,,144.0,False,hayden_neloms,Hayden Neloms,Celia Rouche,West,70.07479583264518,0.15165750888103105,possible_specialist,"ticket_band=low_ticket_under_1k (possible_fit, n=23)",61.41984833091624,0.5000000000000001,generalist_match,21.0,True
S9JXWIBD,engaging,gladys_colclough,Gladys Colclough,Melvin Marxen,Central,GTX Plus Basic,mid_ticket_1k_to_4k,1096,,,,,154.0,False,maureen_marcano,Maureen Marcano,Summer Sewald,West,73.48602163110729,0.5000000000000001,specialist_match,"product=GTX Plus Basic (strong_fit, n=70); ticket_band=mid_ticket_1k_to_4k (strong_fit, n=87)",58.8119360721871,0.5000000000000001,possible_specialist,25.0,True
SAMPTSH0,engaging,anna_snelling,Anna Snelling,Dustin Brinkmann,Central,GTX Plus Basic,mid_ticket_1k_to_4k,1096,,,,,139.0,False,maureen_marcano,Maureen Marcano,Summer Sewald,West,73.48602163110729,0.5000000000000001,specialist_match,"product=GTX Plus Basic (strong_fit, n=70); ticket_band=mid_ticket_1k_to_4k (strong_fit, n=87)",58.15596045690537,0.5000000000000001,generalist_match,26.0,True
SAUIIUTV,prospecting,marty_freudenburg,Marty Freudenburg,Melvin Marxen,Central,GTX Pro,high_ticket_4k_to_10k,4821,,,,,,False,maureen_marcano,Maureen Marcano,Summer Sewald,West,73.54787621751144,0.5000000000000001,specialist_match,"product=GTX Pro (strong_fit, n=30); ticket_band=high_ticket_4k_to_10k (strong_fit, n=62)",63.46029956166656,0.44494897427831787,specialist_match,15.0,True
SCS5H8V1,engaging,markita_hansen,Markita Hansen,Celia Rouche,West,GTK 500,strategic_ticket_10k_plus,26768,Vehement Capital Partners,finance,500m_to_1_5b,500_to_2k,320.0,True,hayden_neloms,Hayden Neloms,Celia Rouche,West,69.74721200224714,0.17463662468673893,low_confidence,"revenue_band=500m_to_1_5b (neutral, n=31); employee_band=500_to_2k (neutral, n=30)",56.581098967256395,0.3632993161855453,generalist_match,28.0,True
SE6OIGYN,engaging,violet_mclelland,Violet Mclelland,Cara Losch,East,GTX Plus Basic,mid_ticket_1k_to_4k,1096,Isdom,medical,over_3b,2k_to_10k,202.0,True,maureen_marcano,Maureen Marcano,Summer Sewald,West,76.03637928325736,0.8779513042005219,specialist_match,"product=GTX Plus Basic (strong_fit, n=70); ticket_band=mid_ticket_1k_to_4k (strong_fit, n=87); sector=medical (strong_fit, n=19)",63.52561260002003,0.852487623459052,possible_specialist,15.0,True
SFR7RG9V,prospecting,gladys_colclough,Gladys Colclough,Melvin Marxen,Central,GTX Plus Basic,mid_ticket_1k_to_4k,1096,,,,,,False,maureen_marcano,Maureen Marcano,Summer Sewald,West,73.48602163110729,0.5000000000000001,specialist_match,"product=GTX Plus Basic (strong_fit, n=70); ticket_band=mid_ticket_1k_to_4k (strong_fit, n=87)",58.8119360721871,0.5000000000000001,possible_specialist,25.0,True
SGI0VM1F,prospecting,cecily_lampkin,Cecily Lampkin,Dustin Brinkmann,Central,GTX Plus Pro,high_ticket_4k_to_10k,5482,,,,,,False,maureen_marcano,Maureen Marcano,Summer Sewald,West,74.25820338006682,0.5000000000000001,specialist_match,"product=GTX Plus Pro (strong_fit, n=32); ticket_band=high_ticket_4k_to_10k (strong_fit, n=62)",66.08860012511525,0.4643167672515499,generalist_match,6.0,True
SH4FSTJV,prospecting,versie_hillebrand,Versie Hillebrand,Dustin Brinkmann,Central,MG Special,low_ticket_under_1k,55,,,,,,False,hayden_neloms,Hayden Neloms,Celia Rouche,West,71.35150661886287,0.44534101199279935,possible_specialist,"product=MG Special (possible_fit, n=23); ticket_band=low_ticket_under_1k (possible_fit, n=23)",68.31320841592525,0.5000000000000001,possible_specialist,3.0,True
SIBR2J01,engaging,maureen_marcano,Maureen Marcano,Summer Sewald,West,MG Special,low_ticket_under_1k,55,,,,,214.0,False,hayden_neloms,Hayden Neloms,Celia Rouche,West,71.35150661886287,0.44534101199279935,possible_specialist,"product=MG Special (possible_fit, n=23); ticket_band=low_ticket_under_1k (possible_fit, n=23)",68.59256087373947,0.49368350311176834,generalist_match,2.0,True
SJ3QA8KP,engaging,niesha_huffines,Niesha Huffines,Melvin Marxen,Central,MG Advanced,mid_ticket_1k_to_4k,3393,Treequote,telecommunications,over_3b,2k_to_10k,156.0,True,hayden_neloms,Hayden Neloms,Celia Rouche,West,75.70050082956968,0.8555818264565087,specialist_match,"product=MG Advanced (strong_fit, n=77); ticket_band=mid_ticket_1k_to_4k (possible_fit, n=119); sector=telecommunications (neutral, n=15)",62.545866132008086,0.8987025594034822,specialist_match,16.0,True
SJE81OUR,prospecting,cecily_lampkin,Cecily Lampkin,Dustin Brinkmann,Central,MG Advanced,mid_ticket_1k_to_4k,3393,,,,,,False,hayden_neloms,Hayden Neloms,Celia Rouche,West,74.19302882850188,0.5000000000000001,specialist_match,"product=MG Advanced (strong_fit, n=77); ticket_band=mid_ticket_1k_to_4k (possible_fit, n=119)",68.79942715958568,0.5000000000000001,specialist_match,3.0,True
SJGOQMLT,engaging,moses_frase,Moses Frase,Dustin Brinkmann,Central,MG Advanced,mid_ticket_1k_to_4k,3393,,,,,162.0,False,hayden_neloms,Hayden Neloms,Celia Rouche,West,74.19302882850188,0.5000000000000001,specialist_match,"product=MG Advanced (strong_fit, n=77); ticket_band=mid_ticket_1k_to_4k (possible_fit, n=119)",66.67886466929271,0.5000000000000001,generalist_match,6.0,True
SKBDCYV5,engaging,zane_levy,Zane Levy,Summer Sewald,West,GTX Plus Basic,mid_ticket_1k_to_4k,1096,Zencorporation,technology,under_500m,under_500,266.0,True,maureen_marcano,Maureen Marcano,Summer Sewald,West,73.34841094164761,0.8616173068539296,specialist_match,"product=GTX Plus Basic (strong_fit, n=70); ticket_band=mid_ticket_1k_to_4k (strong_fit, n=87); revenue_band=under_500m (neutral, n=48)",61.438733516784026,0.8921954445729289,specialist_match,20.0,True
SLILSQJV,engaging,maureen_marcano,Maureen Marcano,Summer Sewald,West,GTX Plus Basic,mid_ticket_1k_to_4k,1096,,,,,73.0,False,maureen_marcano,Maureen Marcano,Summer Sewald,West,73.48602163110729,0.5000000000000001,specialist_match,"product=GTX Plus Basic (strong_fit, n=70); ticket_band=mid_ticket_1k_to_4k (strong_fit, n=87)",73.48602163110729,0.5000000000000001,specialist_match,1.0,False
SLMY2KDA,engaging,kary_hendrixson,Kary Hendrixson,Summer Sewald,West,GTX Pro,high_ticket_4k_to_10k,4821,,,,,147.0,False,maureen_marcano,Maureen Marcano,Summer Sewald,West,73.54787621751144,0.5000000000000001,specialist_match,"product=GTX Pro (strong_fit, n=30); ticket_band=high_ticket_4k_to_10k (strong_fit, n=62)",62.91009537954826,0.5000000000000001,generalist_match,19.0,True
SLYFFVBE,engaging,maureen_marcano,Maureen Marcano,Summer Sewald,West,GTX Plus Basic,mid_ticket_1k_to_4k,1096,Blackzim,retail,under_500m,500_to_2k,299.0,True,maureen_marcano,Maureen Marcano,Summer Sewald,West,75.63325766350259,0.9642521127880033,specialist_match,"product=GTX Plus Basic (strong_fit, n=70); ticket_band=mid_ticket_1k_to_4k (strong_fit, n=87); sector=retail (strong_fit, n=39)",75.63325766350259,0.9642521127880033,specialist_match,1.0,False
SMP2K39G,engaging,markita_hansen,Markita Hansen,Celia Rouche,West,GTX Pro,high_ticket_4k_to_10k,4821,,,,,94.0,False,maureen_marcano,Maureen Marcano,Summer Sewald,West,73.54787621751144,0.5000000000000001,specialist_match,"product=GTX Pro (strong_fit, n=30); ticket_band=high_ticket_4k_to_10k (strong_fit, n=62)",56.37358742578493,0.5000000000000001,generalist_match,25.0,True
SP9W5IND,engaging,boris_faz,Boris Faz,Rocco Neubert,East,MG Special,low_ticket_under_1k,55,Acme Corporation,technology,500m_to_1_5b,2k_to_10k,154.0,True,hayden_neloms,Hayden Neloms,Celia Rouche,West,72.79657627550955,0.7861276194662892,specialist_match,"product=MG Special (possible_fit, n=23); ticket_band=low_ticket_under_1k (possible_fit, n=23); sector=technology (neutral, n=14)",65.57144721807984,0.8291287847477921,possible_specialist,11.0,True
SPMQ0BHA,engaging,lajuana_vencill,Lajuana Vencill,Dustin Brinkmann,Central,GTX Basic,low_ticket_under_1k,550,,,,,155.0,False,hayden_neloms,Hayden Neloms,Celia Rouche,West,70.07479583264518,0.15165750888103105,possible_specialist,"ticket_band=low_ticket_under_1k (possible_fit, n=23)",52.685793792795806,0.5000000000000001,generalist_match,29.0,True
SPTF1MZ4,prospecting,versie_hillebrand,Versie Hillebrand,Dustin Brinkmann,Central,MG Special,low_ticket_under_1k,55,,,,,,False,hayden_neloms,Hayden Neloms,Celia Rouche,West,71.35150661886287,0.44534101199279935,possible_specialist,"product=MG Special (possible_fit, n=23); ticket_band=low_ticket_under_1k (possible_fit, n=23)",68.31320841592525,0.5000000000000001,possible_specialist,3.0,True
SPV7OJTH,engaging,cassey_cress,Cassey Cress,Rocco Neubert,East,MG Advanced,mid_ticket_1k_to_4k,3393,,,,,212.0,False,hayden_neloms,Hayden Neloms,Celia Rouche,West,74.19302882850188,0.5000000000000001,specialist_match,"product=MG Advanced (strong_fit, n=77); ticket_band=mid_ticket_1k_to_4k (possible_fit, n=119)",62.27804922349695,0.5000000000000001,generalist_match,17.0,True
SQ71BWHG,engaging,kary_hendrixson,Kary Hendrixson,Summer Sewald,West,GTX Pro,high_ticket_4k_to_10k,4821,Zencorporation,technology,under_500m,under_500,57.0,True,maureen_marcano,Maureen Marcano,Summer Sewald,West,73.41026552805177,0.8616173068539296,specialist_match,"product=GTX Pro (strong_fit, n=30); ticket_band=high_ticket_4k_to_10k (strong_fit, n=62); revenue_band=under_500m (neutral, n=48)",61.10511690281423,0.8948683298050514,generalist_match,24.0,True
SQLYCFGV,engaging,zane_levy,Zane Levy,Summer Sewald,West,GTX Pro,high_ticket_4k_to_10k,4821,Opentech,finance,under_500m,500_to_2k,374.0,True,maureen_marcano,Maureen Marcano,Summer Sewald,West,73.70327673904464,0.8462939578345433,specialist_match,"product=GTX Pro (strong_fit, n=30); ticket_band=high_ticket_4k_to_10k (strong_fit, n=62); revenue_band=under_500m (neutral, n=48)",63.47968467211633,0.7000000000000001,specialist_match,17.0,True
SRYX0U85,prospecting,moses_frase,Moses Frase,Dustin Brinkmann,Central,MG Advanced,mid_ticket_1k_to_4k,3393,,,,,,False,hayden_neloms,Hayden Neloms,Celia Rouche,West,74.19302882850188,0.5000000000000001,specialist_match,"product=MG Advanced (strong_fit, n=77); ticket_band=mid_ticket_1k_to_4k (possible_fit, n=119)",66.67886466929271,0.5000000000000001,generalist_match,6.0,True
SSK95WLX,engaging,darcel_schlecht,Darcel Schlecht,Melvin Marxen,Central,GTX Plus Basic,mid_ticket_1k_to_4k,1096,,,,,157.0,False,maureen_marcano,Maureen Marcano,Summer Sewald,West,73.48602163110729,0.5000000000000001,specialist_match,"product=GTX Plus Basic (strong_fit, n=70); ticket_band=mid_ticket_1k_to_4k (strong_fit, n=87)",64.79805655096737,0.5000000000000001,specialist_match,10.0,True
STI8KYWL,engaging,niesha_huffines,Niesha Huffines,Melvin Marxen,Central,GTX Plus Basic,mid_ticket_1k_to_4k,1096,,,,,153.0,False,maureen_marcano,Maureen Marcano,Summer Sewald,West,73.48602163110729,0.5000000000000001,specialist_match,"product=GTX Plus Basic (strong_fit, n=70); ticket_band=mid_ticket_1k_to_4k (strong_fit, n=87)",61.680580134823494,0.5000000000000001,specialist_match,20.0,True
STT3X4NB,engaging,violet_mclelland,Violet Mclelland,Cara Losch,East,GTX Basic,low_ticket_under_1k,550,Xx-holding,finance,over_3b,over_10k,305.0,True,moses_frase,Moses Frase,Dustin Brinkmann,Central,71.73759038528736,0.7823149321741925,specialist_match,"product=GTX Basic (strong_fit, n=59); ticket_band=low_ticket_under_1k (strong_fit, n=105); sector=finance (strong_fit, n=22)",62.94743779733135,0.8662401884884631,possible_specialist,19.0,True
SU1NDYXR,engaging,boris_faz,Boris Faz,Rocco Neubert,East,GTX Plus Basic,mid_ticket_1k_to_4k,1096,Stanredtax,finance,1_5b_to_3b,2k_to_10k,137.0,True,maureen_marcano,Maureen Marcano,Summer Sewald,West,74.93341499288375,0.8527525231651948,specialist_match,"product=GTX Plus Basic (strong_fit, n=70); ticket_band=mid_ticket_1k_to_4k (strong_fit, n=87); revenue_band=1_5b_to_3b (strong_fit, n=65)",65.63529300946955,0.8605205268789637,specialist_match,8.0,True
SU8FTFLS,prospecting,cecily_lampkin,Cecily Lampkin,Dustin Brinkmann,Central,MG Advanced,mid_ticket_1k_to_4k,3393,,,,,,False,hayden_neloms,Hayden Neloms,Celia Rouche,West,74.19302882850188,0.5000000000000001,specialist_match,"product=MG Advanced (strong_fit, n=77); ticket_band=mid_ticket_1k_to_4k (possible_fit, n=119)",68.79942715958568,0.5000000000000001,specialist_match,3.0,True
SU8JNMP4,engaging,kami_bicknell,Kami Bicknell,Summer Sewald,West,GTX Plus Basic,mid_ticket_1k_to_4k,1096,Bubba Gump,software,500m_to_1_5b,2k_to_10k,402.0,True,maureen_marcano,Maureen Marcano,Summer Sewald,West,75.50131387697859,0.8866025403784439,specialist_match,"product=GTX Plus Basic (strong_fit, n=70); ticket_band=mid_ticket_1k_to_4k (strong_fit, n=87); sector=software (possible_fit, n=29)",62.6877204129436,0.9,specialist_match,17.0,True
SUUVV6RP,engaging,niesha_huffines,Niesha Huffines,Melvin Marxen,Central,MG Special,low_ticket_under_1k,55,,,,,150.0,False,hayden_neloms,Hayden Neloms,Celia Rouche,West,71.35150661886287,0.44534101199279935,possible_specialist,"product=MG Special (possible_fit, n=23); ticket_band=low_ticket_under_1k (possible_fit, n=23)",58.1744076381151,0.4872281323269015,generalist_match,25.0,True
SVCKI631,engaging,maureen_marcano,Maureen Marcano,Summer Sewald,West,GTX Basic,low_ticket_under_1k,550,,,,,319.0,False,hayden_neloms,Hayden Neloms,Celia Rouche,West,70.07479583264518,0.15165750888103105,possible_specialist,"ticket_band=low_ticket_under_1k (possible_fit, n=23)",67.11923507294885,0.5000000000000001,generalist_match,4.0,True
SWEQFKRF,engaging,rosie_papadopoulos,Rosie Papadopoulos,Cara Losch,East,GTX Pro,high_ticket_4k_to_10k,4821,,,,,223.0,False,maureen_marcano,Maureen Marcano,Summer Sewald,West,73.54787621751144,0.5000000000000001,specialist_match,"product=GTX Pro (strong_fit, n=30); ticket_band=high_ticket_4k_to_10k (strong_fit, n=62)",68.07980309865687,0.5000000000000001,specialist_match,3.0,True
SWJ9OOZU,engaging,hayden_neloms,Hayden Neloms,Celia Rouche,West,MG Advanced,mid_ticket_1k_to_4k,3393,Opentech,finance,under_500m,500_to_2k,321.0,True,hayden_neloms,Hayden Neloms,Celia Rouche,West,74.16740019269851,0.671749472208076,specialist_match,"product=MG Advanced (strong_fit, n=77); ticket_band=mid_ticket_1k_to_4k (possible_fit, n=119); employee_band=500_to_2k (neutral, n=30)",74.16740019269851,0.671749472208076,specialist_match,1.0,False
SX0SSL0H,engaging,rosie_papadopoulos,Rosie Papadopoulos,Cara Losch,East,GTX Plus Basic,mid_ticket_1k_to_4k,1096,,,,,300.0,False,maureen_marcano,Maureen Marcano,Summer Sewald,West,73.48602163110729,0.5000000000000001,specialist_match,"product=GTX Plus Basic (strong_fit, n=70); ticket_band=mid_ticket_1k_to_4k (strong_fit, n=87)",63.493133842235515,0.17320508075688776,low_confidence,14.0,True
SXFE42KG,engaging,cecily_lampkin,Cecily Lampkin,Dustin Brinkmann,Central,MG Advanced,mid_ticket_1k_to_4k,3393,Gogozoom,telecommunications,under_500m,under_500,159.0,True,hayden_neloms,Hayden Neloms,Celia Rouche,West,74.34760894936302,0.7432608148380512,specialist_match,"product=MG Advanced (strong_fit, n=77); ticket_band=mid_ticket_1k_to_4k (possible_fit, n=119); sector=telecommunications (neutral, n=15)",68.98834612471872,0.592195444572929,specialist_match,3.0,True
SXYJU7LC,engaging,kami_bicknell,Kami Bicknell,Summer Sewald,West,GTX Basic,low_ticket_under_1k,550,,,,,179.0,False,hayden_neloms,Hayden Neloms,Celia Rouche,West,70.07479583264518,0.15165750888103105,possible_specialist,"ticket_band=low_ticket_under_1k (possible_fit, n=23)",64.9706180992233,0.5000000000000001,possible_specialist,12.0,True
SY61BAXZ,engaging,cassey_cress,Cassey Cress,Rocco Neubert,East,GTX Plus Basic,mid_ticket_1k_to_4k,1096,Rantouch,telecommunications,500m_to_1_5b,2k_to_10k,136.0,True,maureen_marcano,Maureen Marcano,Summer Sewald,West,75.54090466527119,0.8549276226844786,specialist_match,"product=GTX Plus Basic (strong_fit, n=70); ticket_band=mid_ticket_1k_to_4k (strong_fit, n=87); sector=telecommunications (possible_fit, n=17)",62.66955454398588,0.7000000000000001,specialist_match,18.0,True
SYA1A4E5,engaging,niesha_huffines,Niesha Huffines,Melvin Marxen,Central,GTX Pro,high_ticket_4k_to_10k,4821,,,,,146.0,False,maureen_marcano,Maureen Marcano,Summer Sewald,West,73.54787621751144,0.5000000000000001,specialist_match,"product=GTX Pro (strong_fit, n=30); ticket_band=high_ticket_4k_to_10k (strong_fit, n=62)",54.917001713341385,0.39942264840705605,generalist_match,27.0,True
SYP74C5W,prospecting,darcel_schlecht,Darcel Schlecht,Melvin Marxen,Central,GTX Pro,high_ticket_4k_to_10k,4821,Bioholding,medical,500m_to_1_5b,500_to_2k,,True,maureen_marcano,Maureen Marcano,Summer Sewald,West,75.28164238114346,0.8580952792483143,specialist_match,"product=GTX Pro (strong_fit, n=30); ticket_band=high_ticket_4k_to_10k (strong_fit, n=62); sector=medical (strong_fit, n=19)",61.04065499029652,1.0,generalist_match,23.0,True
SZAMHBGA,engaging,violet_mclelland,Violet Mclelland,Cara Losch,East,MG Advanced,mid_ticket_1k_to_4k,3393,Nam-zim,services,under_500m,500_to_2k,186.0,True,hayden_neloms,Hayden Neloms,Celia Rouche,West,73.6021034835686,0.8449545529649637,specialist_match,"product=MG Advanced (strong_fit, n=77); ticket_band=mid_ticket_1k_to_4k (possible_fit, n=119); employee_band=500_to_2k (neutral, n=30)",64.267891618202,0.7000000000000001,possible_specialist,11.0,True
SZS2IPM3,engaging,versie_hillebrand,Versie Hillebrand,Dustin Brinkmann,Central,MG Advanced,mid_ticket_1k_to_4k,3393,Doncon,technology,500m_to_1_5b,500_to_2k,160.0,True,hayden_neloms,Hayden Neloms,Celia Rouche,West,75.0078234601165,0.8273891478519337,specialist_match,"product=MG Advanced (strong_fit, n=77); ticket_band=mid_ticket_1k_to_4k (possible_fit, n=119); sector=technology (neutral, n=14)",65.91831243966415,0.9,generalist_match,9.0,True
T0TDA2O1,engaging,anna_snelling,Anna Snelling,Dustin Brinkmann,Central,GTX Plus Pro,high_ticket_4k_to_10k,5482,,,,,155.0,False,maureen_marcano,Maureen Marcano,Summer Sewald,West,74.25820338006682,0.5000000000000001,specialist_match,"product=GTX Plus Pro (strong_fit, n=32); ticket_band=high_ticket_4k_to_10k (strong_fit, n=62)",60.089753742851585,0.5000000000000001,generalist_match,24.0,True
T0VJ4AMX,engaging,corliss_cosme,Corliss Cosme,Cara Losch,East,GTX Basic,low_ticket_under_1k,550,Green-Plus,services,500m_to_1_5b,500_to_2k,275.0,True,moses_frase,Moses Frase,Dustin Brinkmann,Central,71.38180980357454,0.7000000000000001,specialist_match,"product=GTX Basic (strong_fit, n=59); ticket_band=low_ticket_under_1k (strong_fit, n=105); revenue_band=500m_to_1_5b (strong_fit, n=61)",67.56897980029437,0.6921954445729289,specialist_match,5.0,True
T12MT0HL,prospecting,darcel_schlecht,Darcel Schlecht,Melvin Marxen,Central,GTX Pro,high_ticket_4k_to_10k,4821,,,,,,False,maureen_marcano,Maureen Marcano,Summer Sewald,West,73.54787621751144,0.5000000000000001,specialist_match,"product=GTX Pro (strong_fit, n=30); ticket_band=high_ticket_4k_to_10k (strong_fit, n=62)",61.87208356326526,0.5000000000000001,generalist_match,22.0,True
T1F2I8ED,engaging,corliss_cosme,Corliss Cosme,Cara Losch,East,GTX Plus Basic,mid_ticket_1k_to_4k,1096,,,,,297.0,False,maureen_marcano,Maureen Marcano,Summer Sewald,West,73.48602163110729,0.5000000000000001,specialist_match,"product=GTX Plus Basic (strong_fit, n=70); ticket_band=mid_ticket_1k_to_4k (strong_fit, n=87)",64.28124545159802,0.5000000000000001,generalist_match,12.0,True
T1SITEI0,engaging,darcel_schlecht,Darcel Schlecht,Melvin Marxen,Central,MG Special,low_ticket_under_1k,55,Singletechno,retail,1_5b_to_3b,2k_to_10k,155.0,True,hayden_neloms,Hayden Neloms,Celia Rouche,West,74.14524989137814,0.9160516901114542,specialist_match,"product=MG Special (possible_fit, n=23); ticket_band=low_ticket_under_1k (possible_fit, n=23); sector=retail (possible_fit, n=36)",64.50931054221479,0.9,possible_specialist,14.0,True
T3T4OE0A,prospecting,niesha_huffines,Niesha Huffines,Melvin Marxen,Central,MG Special,low_ticket_under_1k,55,Konex,technology,over_3b,over_10k,,True,hayden_neloms,Hayden Neloms,Celia Rouche,West,72.56857911381731,0.7777198622318587,possible_specialist,"product=MG Special (possible_fit, n=23); ticket_band=low_ticket_under_1k (possible_fit, n=23); sector=technology (neutral, n=14)",58.63622107741132,0.7872281323269015,possible_specialist,24.0,True
T4AW06MM,engaging,anna_snelling,Anna Snelling,Dustin Brinkmann,Central,GTX Plus Pro,high_ticket_4k_to_10k,5482,,,,,162.0,False,maureen_marcano,Maureen Marcano,Summer Sewald,West,74.25820338006682,0.5000000000000001,specialist_match,"product=GTX Plus Pro (strong_fit, n=32); ticket_band=high_ticket_4k_to_10k (strong_fit, n=62)",60.089753742851585,0.5000000000000001,generalist_match,24.0,True
T4FQOS6J,engaging,maureen_marcano,Maureen Marcano,Summer Sewald,West,GTX Plus Basic,mid_ticket_1k_to_4k,1096,Opentech,finance,under_500m,500_to_2k,231.0,True,maureen_marcano,Maureen Marcano,Summer Sewald,West,73.64142215264049,0.8462939578345433,specialist_match,"product=GTX Plus Basic (strong_fit, n=70); ticket_band=mid_ticket_1k_to_4k (strong_fit, n=87); revenue_band=under_500m (neutral, n=48)",73.64142215264049,0.8462939578345433,specialist_match,1.0,False
T4FR3FAC,engaging,vicki_laflamme,Vicki Laflamme,Celia Rouche,West,MG Advanced,mid_ticket_1k_to_4k,3393,,,,,185.0,False,hayden_neloms,Hayden Neloms,Celia Rouche,West,74.19302882850188,0.5000000000000001,specialist_match,"product=MG Advanced (strong_fit, n=77); ticket_band=mid_ticket_1k_to_4k (possible_fit, n=119)",62.56043132660775,0.5000000000000001,generalist_match,16.0,True
T50TV9SO,engaging,zane_levy,Zane Levy,Summer Sewald,West,GTX Basic,low_ticket_under_1k,550,,,,,158.0,False,hayden_neloms,Hayden Neloms,Celia Rouche,West,70.07479583264518,0.15165750888103105,possible_specialist,"ticket_band=low_ticket_under_1k (possible_fit, n=23)",60.2374782161471,0.5000000000000001,generalist_match,23.0,True
T56J7ES7,engaging,kami_bicknell,Kami Bicknell,Summer Sewald,West,GTX Plus Basic,mid_ticket_1k_to_4k,1096,Nam-zim,services,under_500m,500_to_2k,205.0,True,maureen_marcano,Maureen Marcano,Summer Sewald,West,74.70279210669817,0.8850268562206162,specialist_match,"product=GTX Plus Basic (strong_fit, n=70); ticket_band=mid_ticket_1k_to_4k (strong_fit, n=87); sector=services (possible_fit, n=22)",60.57394875485657,0.9790569415042095,generalist_match,22.0,True
T5SX9Z3T,engaging,vicki_laflamme,Vicki Laflamme,Celia Rouche,West,GTX Basic,low_ticket_under_1k,550,Conecom,technology,1_5b_to_3b,500_to_2k,235.0,True,hayden_neloms,Hayden Neloms,Celia Rouche,West,71.28298715848204,0.4910125724246696,specialist_match,"ticket_band=low_ticket_under_1k (possible_fit, n=23); sector=technology (neutral, n=14); revenue_band=1_5b_to_3b (strong_fit, n=54)",64.77701255092217,0.9,specialist_match,14.0,True
T6MPH7JC,engaging,violet_mclelland,Violet Mclelland,Cara Losch,East,MG Special,low_ticket_under_1k,55,,,,,14.0,False,hayden_neloms,Hayden Neloms,Celia Rouche,West,71.35150661886287,0.44534101199279935,possible_specialist,"product=MG Special (possible_fit, n=23); ticket_band=low_ticket_under_1k (possible_fit, n=23)",63.49645821399774,0.5000000000000001,generalist_match,18.0,True
T7N0RX05,engaging,maureen_marcano,Maureen Marcano,Summer Sewald,West,GTX Plus Pro,high_ticket_4k_to_10k,5482,,,,,57.0,False,maureen_marcano,Maureen Marcano,Summer Sewald,West,74.25820338006682,0.5000000000000001,specialist_match,"product=GTX Plus Pro (strong_fit, n=32); ticket_band=high_ticket_4k_to_10k (strong_fit, n=62)",74.25820338006682,0.5000000000000001,specialist_match,1.0,False
T7T1YIM7,engaging,boris_faz,Boris Faz,Rocco Neubert,East,GTX Plus Pro,high_ticket_4k_to_10k,5482,,,,,359.0,False,maureen_marcano,Maureen Marcano,Summer Sewald,West,74.25820338006682,0.5000000000000001,specialist_match,"product=GTX Plus Pro (strong_fit, n=32); ticket_band=high_ticket_4k_to_10k (strong_fit, n=62)",65.71958764849364,0.5000000000000001,possible_specialist,8.0,True
T9QD8U1Y,engaging,darcel_schlecht,Darcel Schlecht,Melvin Marxen,Central,MG Special,low_ticket_under_1k,55,Betasoloin,medical,under_500m,under_500,163.0,True,hayden_neloms,Hayden Neloms,Celia Rouche,West,71.8408126911767,0.671909300059741,possible_specialist,"product=MG Special (possible_fit, n=23); ticket_band=low_ticket_under_1k (possible_fit, n=23); sector=medical (neutral, n=12)",62.67012233762931,0.9,possible_specialist,20.0,True
TAKHOTRW,prospecting,niesha_huffines,Niesha Huffines,Melvin Marxen,Central,GTX Basic,low_ticket_under_1k,550,,,,,,False,hayden_neloms,Hayden Neloms,Celia Rouche,West,70.07479583264518,0.15165750888103105,possible_specialist,"ticket_band=low_ticket_under_1k (possible_fit, n=23)",58.877443252263674,0.5000000000000001,generalist_match,24.0,True
TBNPWPNE,prospecting,lajuana_vencill,Lajuana Vencill,Dustin Brinkmann,Central,MG Special,low_ticket_under_1k,55,,,,,,False,hayden_neloms,Hayden Neloms,Celia Rouche,West,71.35150661886287,0.44534101199279935,possible_specialist,"product=MG Special (possible_fit, n=23); ticket_band=low_ticket_under_1k (possible_fit, n=23)",51.63006348969593,0.5000000000000001,generalist_match,29.0,True
TCJA7XF2,engaging,kami_bicknell,Kami Bicknell,Summer Sewald,West,MG Special,low_ticket_under_1k,55,,,,,126.0,False,hayden_neloms,Hayden Neloms,Celia Rouche,West,71.35150661886287,0.44534101199279935,possible_specialist,"product=MG Special (possible_fit, n=23); ticket_band=low_ticket_under_1k (possible_fit, n=23)",66.08819773436619,0.5000000000000001,specialist_match,7.0,True
TDJ3N8EJ,engaging,kami_bicknell,Kami Bicknell,Summer Sewald,West,MG Advanced,mid_ticket_1k_to_4k,3393,Kinnamplus,retail,500m_to_1_5b,500_to_2k,164.0,True,hayden_neloms,Hayden Neloms,Celia Rouche,West,75.6499295462723,0.874636624686739,specialist_match,"product=MG Advanced (strong_fit, n=77); ticket_band=mid_ticket_1k_to_4k (possible_fit, n=119); sector=retail (possible_fit, n=36)",64.98052850472351,0.9,possible_specialist,11.0,True
TF19VML9,engaging,kami_bicknell,Kami Bicknell,Summer Sewald,West,GTX Plus Basic,mid_ticket_1k_to_4k,1096,,,,,326.0,False,maureen_marcano,Maureen Marcano,Summer Sewald,West,73.48602163110729,0.5000000000000001,specialist_match,"product=GTX Plus Basic (strong_fit, n=70); ticket_band=mid_ticket_1k_to_4k (strong_fit, n=87)",61.37515449443525,0.5000000000000001,generalist_match,21.0,True
TFCQZ28G,prospecting,cecily_lampkin,Cecily Lampkin,Dustin Brinkmann,Central,MG Advanced,mid_ticket_1k_to_4k,3393,,,,,,False,hayden_neloms,Hayden Neloms,Celia Rouche,West,74.19302882850188,0.5000000000000001,specialist_match,"product=MG Advanced (strong_fit, n=77); ticket_band=mid_ticket_1k_to_4k (possible_fit, n=119)",68.79942715958568,0.5000000000000001,specialist_match,3.0,True
TFPZNRS3,prospecting,versie_hillebrand,Versie Hillebrand,Dustin Brinkmann,Central,MG Special,low_ticket_under_1k,55,,,,,,False,hayden_neloms,Hayden Neloms,Celia Rouche,West,71.35150661886287,0.44534101199279935,possible_specialist,"product=MG Special (possible_fit, n=23); ticket_band=low_ticket_under_1k (possible_fit, n=23)",68.31320841592525,0.5000000000000001,possible_specialist,3.0,True
TFSKOBH7,engaging,darcel_schlecht,Darcel Schlecht,Melvin Marxen,Central,GTX Basic,low_ticket_under_1k,550,,,,,159.0,False,hayden_neloms,Hayden Neloms,Celia Rouche,West,70.07479583264518,0.15165750888103105,possible_specialist,"ticket_band=low_ticket_under_1k (possible_fit, n=23)",64.35527881140102,0.5000000000000001,possible_specialist,15.0,True
TGSLH2ZD,engaging,zane_levy,Zane Levy,Summer Sewald,West,GTX Basic,low_ticket_under_1k,550,,,,,126.0,False,hayden_neloms,Hayden Neloms,Celia Rouche,West,70.07479583264518,0.15165750888103105,possible_specialist,"ticket_band=low_ticket_under_1k (possible_fit, n=23)",60.2374782161471,0.5000000000000001,generalist_match,23.0,True
TH9RV79M,engaging,maureen_marcano,Maureen Marcano,Summer Sewald,West,MG Special,low_ticket_under_1k,55,,,,,328.0,False,hayden_neloms,Hayden Neloms,Celia Rouche,West,71.35150661886287,0.44534101199279935,possible_specialist,"product=MG Special (possible_fit, n=23); ticket_band=low_ticket_under_1k (possible_fit, n=23)",68.59256087373947,0.49368350311176834,generalist_match,2.0,True
THKCN7HU,engaging,kary_hendrixson,Kary Hendrixson,Summer Sewald,West,GTX Basic,low_ticket_under_1k,550,,,,,287.0,False,hayden_neloms,Hayden Neloms,Celia Rouche,West,70.07479583264518,0.15165750888103105,possible_specialist,"ticket_band=low_ticket_under_1k (possible_fit, n=23)",62.34894675423093,0.5000000000000001,generalist_match,20.0,True
TIPG6R0Z,engaging,vicki_laflamme,Vicki Laflamme,Celia Rouche,West,GTX Basic,low_ticket_under_1k,550,,,,,197.0,False,hayden_neloms,Hayden Neloms,Celia Rouche,West,70.07479583264518,0.15165750888103105,possible_specialist,"ticket_band=low_ticket_under_1k (possible_fit, n=23)",64.7618338807733,0.5000000000000001,possible_specialist,13.0,True
TIPXNDS2,engaging,gladys_colclough,Gladys Colclough,Melvin Marxen,Central,MG Special,low_ticket_under_1k,55,Betatech,medical,500m_to_1_5b,500_to_2k,150.0,True,hayden_neloms,Hayden Neloms,Celia Rouche,West,72.30902122194111,0.7613989929168479,possible_specialist,"product=MG Special (possible_fit, n=23); ticket_band=low_ticket_under_1k (possible_fit, n=23); sector=medical (neutral, n=12)",55.618300789756454,0.9,generalist_match,27.0,True
TJ03NDNX,engaging,violet_mclelland,Violet Mclelland,Cara Losch,East,MG Advanced,mid_ticket_1k_to_4k,3393,Iselectrics,technology,500m_to_1_5b,500_to_2k,281.0,True,hayden_neloms,Hayden Neloms,Celia Rouche,West,75.0078234601165,0.8273891478519337,specialist_match,"product=MG Advanced (strong_fit, n=77); ticket_band=mid_ticket_1k_to_4k (possible_fit, n=119); sector=technology (neutral, n=14)",63.88296240898027,0.9,possible_specialist,14.0,True
TJ64MOUR,prospecting,darcel_schlecht,Darcel Schlecht,Melvin Marxen,Central,GTX Plus Basic,mid_ticket_1k_to_4k,1096,,,,,,False,maureen_marcano,Maureen Marcano,Summer Sewald,West,73.48602163110729,0.5000000000000001,specialist_match,"product=GTX Plus Basic (strong_fit, n=70); ticket_band=mid_ticket_1k_to_4k (strong_fit, n=87)",64.79805655096737,0.5000000000000001,specialist_match,10.0,True
TJ7PNIXL,engaging,darcel_schlecht,Darcel Schlecht,Melvin Marxen,Central,GTX Pro,high_ticket_4k_to_10k,4821,,,,,158.0,False,maureen_marcano,Maureen Marcano,Summer Sewald,West,73.54787621751144,0.5000000000000001,specialist_match,"product=GTX Pro (strong_fit, n=30); ticket_band=high_ticket_4k_to_10k (strong_fit, n=62)",61.87208356326526,0.5000000000000001,generalist_match,22.0,True
TJ95PY76,engaging,darcel_schlecht,Darcel Schlecht,Melvin Marxen,Central,GTX Pro,high_ticket_4k_to_10k,4821,J-Texon,retail,500m_to_1_5b,2k_to_10k,154.0,True,maureen_marcano,Maureen Marcano,Summer Sewald,West,76.3401968370962,0.8866025403784439,specialist_match,"product=GTX Pro (strong_fit, n=30); ticket_band=high_ticket_4k_to_10k (strong_fit, n=62); sector=retail (strong_fit, n=39)",62.80666085937128,0.9,possible_specialist,18.0,True
TK9J8AOZ,prospecting,gladys_colclough,Gladys Colclough,Melvin Marxen,Central,GTX Pro,high_ticket_4k_to_10k,4821,Treequote,telecommunications,over_3b,2k_to_10k,,True,maureen_marcano,Maureen Marcano,Summer Sewald,West,75.77205822071602,0.8683250823060348,specialist_match,"product=GTX Pro (strong_fit, n=30); ticket_band=high_ticket_4k_to_10k (strong_fit, n=62); sector=telecommunications (possible_fit, n=17)",54.27137793191322,0.7707106781186548,possible_specialist,27.0,True
TLJWMKEO,prospecting,gladys_colclough,Gladys Colclough,Melvin Marxen,Central,GTX Plus Basic,mid_ticket_1k_to_4k,1096,Iselectrics,technology,500m_to_1_5b,500_to_2k,,True,maureen_marcano,Maureen Marcano,Summer Sewald,West,73.5170791350162,0.8580952792483143,specialist_match,"product=GTX Plus Basic (strong_fit, n=70); ticket_band=mid_ticket_1k_to_4k (strong_fit, n=87); revenue_band=500m_to_1_5b (neutral, n=30)",55.35556720570563,0.9,possible_specialist,26.0,True
TLLW2ZRM,engaging,zane_levy,Zane Levy,Summer Sewald,West,GTX Pro,high_ticket_4k_to_10k,4821,Condax,medical,under_500m,under_500,128.0,True,maureen_marcano,Maureen Marcano,Summer Sewald,West,75.11297418777487,0.8616173068539296,specialist_match,"product=GTX Pro (strong_fit, n=30); ticket_band=high_ticket_4k_to_10k (strong_fit, n=62); sector=medical (strong_fit, n=19)",64.02213340689623,0.9751110643318138,specialist_match,14.0,True
TLOHEQ18,engaging,corliss_cosme,Corliss Cosme,Cara Losch,East,GTX Plus Basic,mid_ticket_1k_to_4k,1096,,,,,363.0,False,maureen_marcano,Maureen Marcano,Summer Sewald,West,73.48602163110729,0.5000000000000001,specialist_match,"product=GTX Plus Basic (strong_fit, n=70); ticket_band=mid_ticket_1k_to_4k (strong_fit, n=87)",64.28124545159802,0.5000000000000001,generalist_match,12.0,True
TLZGG7G5,prospecting,cecily_lampkin,Cecily Lampkin,Dustin Brinkmann,Central,MG Special,low_ticket_under_1k,55,Conecom,technology,1_5b_to_3b,500_to_2k,,True,hayden_neloms,Hayden Neloms,Celia Rouche,West,72.55969794469974,0.7846960755364379,specialist_match,"product=MG Special (possible_fit, n=23); ticket_band=low_ticket_under_1k (possible_fit, n=23); sector=technology (neutral, n=14)",67.38225452797677,0.9,specialist_match,7.0,True
TM70L0W8,engaging,zane_levy,Zane Levy,Summer Sewald,West,GTX Pro,high_ticket_4k_to_10k,4821,,,,,131.0,False,maureen_marcano,Maureen Marcano,Summer Sewald,West,73.54787621751144,0.5000000000000001,specialist_match,"product=GTX Pro (strong_fit, n=30); ticket_band=high_ticket_4k_to_10k (strong_fit, n=62)",62.897587492789604,0.5000000000000001,possible_specialist,20.0,True
TN4KM3D1,prospecting,jonathan_berthelot,Jonathan Berthelot,Melvin Marxen,Central,GTX Basic,low_ticket_under_1k,550,Bluth Company,technology,500m_to_1_5b,2k_to_10k,,True,hayden_neloms,Hayden Neloms,Celia Rouche,West,71.51986548929186,0.49244411635452084,specialist_match,"ticket_band=low_ticket_under_1k (possible_fit, n=23); sector=technology (neutral, n=14); revenue_band=500m_to_1_5b (neutral, n=31)",67.48965497277119,0.9,specialist_match,5.0,True
TNWCER5C,engaging,rosie_papadopoulos,Rosie Papadopoulos,Cara Losch,East,GTX Plus Basic,mid_ticket_1k_to_4k,1096,,,,,202.0,False,maureen_marcano,Maureen Marcano,Summer Sewald,West,73.48602163110729,0.5000000000000001,specialist_match,"product=GTX Plus Basic (strong_fit, n=70); ticket_band=mid_ticket_1k_to_4k (strong_fit, n=87)",63.493133842235515,0.17320508075688776,low_confidence,14.0,True
TOJ902PF,engaging,daniell_hammack,Daniell Hammack,Rocco Neubert,East,GTX Plus Basic,mid_ticket_1k_to_4k,1096,Bioholding,medical,500m_to_1_5b,500_to_2k,16.0,True,maureen_marcano,Maureen Marcano,Summer Sewald,West,75.2197877947393,0.8580952792483143,specialist_match,"product=GTX Plus Basic (strong_fit, n=70); ticket_band=mid_ticket_1k_to_4k (strong_fit, n=87); sector=medical (strong_fit, n=19)",57.45337140660183,0.8974679434480897,generalist_match,25.0,True
TQJJDWWH,engaging,james_ascencio,James Ascencio,Summer Sewald,West,MG Advanced,mid_ticket_1k_to_4k,3393,,,,,138.0,False,hayden_neloms,Hayden Neloms,Celia Rouche,West,74.19302882850188,0.5000000000000001,specialist_match,"product=MG Advanced (strong_fit, n=77); ticket_band=mid_ticket_1k_to_4k (possible_fit, n=119)",67.33380886620368,0.44243315085963286,possible_specialist,4.0,True
TQQDICC6,engaging,darcel_schlecht,Darcel Schlecht,Melvin Marxen,Central,GTX Basic,low_ticket_under_1k,550,,,,,162.0,False,hayden_neloms,Hayden Neloms,Celia Rouche,West,70.07479583264518,0.15165750888103105,possible_specialist,"ticket_band=low_ticket_under_1k (possible_fit, n=23)",64.35527881140102,0.5000000000000001,possible_specialist,15.0,True
TQZLDFIJ,engaging,versie_hillebrand,Versie Hillebrand,Dustin Brinkmann,Central,MG Special,low_ticket_under_1k,55,,,,,155.0,False,hayden_neloms,Hayden Neloms,Celia Rouche,West,71.35150661886287,0.44534101199279935,possible_specialist,"product=MG Special (possible_fit, n=23); ticket_band=low_ticket_under_1k (possible_fit, n=23)",68.31320841592525,0.5000000000000001,possible_specialist,3.0,True
TR7WLH5Q,prospecting,darcel_schlecht,Darcel Schlecht,Melvin Marxen,Central,MG Special,low_ticket_under_1k,55,,,,,,False,hayden_neloms,Hayden Neloms,Celia Rouche,West,71.35150661886287,0.44534101199279935,possible_specialist,"product=MG Special (possible_fit, n=23); ticket_band=low_ticket_under_1k (possible_fit, n=23)",63.550235622737446,0.5000000000000001,possible_specialist,16.0,True
TS9QPHNA,prospecting,niesha_huffines,Niesha Huffines,Melvin Marxen,Central,GTX Basic,low_ticket_under_1k,550,,,,,,False,hayden_neloms,Hayden Neloms,Celia Rouche,West,70.07479583264518,0.15165750888103105,possible_specialist,"ticket_band=low_ticket_under_1k (possible_fit, n=23)",58.877443252263674,0.5000000000000001,generalist_match,24.0,True
TTKPNDTP,engaging,versie_hillebrand,Versie Hillebrand,Dustin Brinkmann,Central,MG Advanced,mid_ticket_1k_to_4k,3393,,,,,162.0,False,hayden_neloms,Hayden Neloms,Celia Rouche,West,74.19302882850188,0.5000000000000001,specialist_match,"product=MG Advanced (strong_fit, n=77); ticket_band=mid_ticket_1k_to_4k (possible_fit, n=119)",65.52347623430107,0.5000000000000001,generalist_match,9.0,True
TUKHDOGS,engaging,maureen_marcano,Maureen Marcano,Summer Sewald,West,GTX Pro,high_ticket_4k_to_10k,4821,,,,,133.0,False,maureen_marcano,Maureen Marcano,Summer Sewald,West,73.54787621751144,0.5000000000000001,specialist_match,"product=GTX Pro (strong_fit, n=30); ticket_band=high_ticket_4k_to_10k (strong_fit, n=62)",73.54787621751144,0.5000000000000001,specialist_match,1.0,False
TV2M081C,engaging,moses_frase,Moses Frase,Dustin Brinkmann,Central,MG Advanced,mid_ticket_1k_to_4k,3393,,,,,162.0,False,hayden_neloms,Hayden Neloms,Celia Rouche,West,74.19302882850188,0.5000000000000001,specialist_match,"product=MG Advanced (strong_fit, n=77); ticket_band=mid_ticket_1k_to_4k (possible_fit, n=119)",66.67886466929271,0.5000000000000001,generalist_match,6.0,True
TV300INP,engaging,wilburn_farren,Wilburn Farren,Cara Losch,East,GTX Plus Pro,high_ticket_4k_to_10k,5482,,,,,303.0,False,maureen_marcano,Maureen Marcano,Summer Sewald,West,74.25820338006682,0.5000000000000001,specialist_match,"product=GTX Plus Pro (strong_fit, n=32); ticket_band=high_ticket_4k_to_10k (strong_fit, n=62)",,,not_candidate,,True
TWEVVI99,engaging,daniell_hammack,Daniell Hammack,Rocco Neubert,East,GTX Plus Basic,mid_ticket_1k_to_4k,1096,Scottech,marketing,under_500m,under_500,128.0,True,maureen_marcano,Maureen Marcano,Summer Sewald,West,73.77310568938515,0.6836660026534077,specialist_match,"product=GTX Plus Basic (strong_fit, n=70); ticket_band=mid_ticket_1k_to_4k (strong_fit, n=87); revenue_band=under_500m (neutral, n=48)",58.991482367767155,0.817004635953198,generalist_match,25.0,True
TWWD62O3,prospecting,darcel_schlecht,Darcel Schlecht,Melvin Marxen,Central,MG Special,low_ticket_under_1k,55,,,,,,False,hayden_neloms,Hayden Neloms,Celia Rouche,West,71.35150661886287,0.44534101199279935,possible_specialist,"product=MG Special (possible_fit, n=23); ticket_band=low_ticket_under_1k (possible_fit, n=23)",63.550235622737446,0.5000000000000001,possible_specialist,16.0,True
TX5SADEI,engaging,niesha_huffines,Niesha Huffines,Melvin Marxen,Central,GTX Plus Basic,mid_ticket_1k_to_4k,1096,Dontechi,software,over_3b,over_10k,154.0,True,maureen_marcano,Maureen Marcano,Summer Sewald,West,75.01015416638923,0.9,specialist_match,"product=GTX Plus Basic (strong_fit, n=70); ticket_band=mid_ticket_1k_to_4k (strong_fit, n=87); sector=software (possible_fit, n=29)",61.662087247267095,0.8598076211353316,specialist_match,19.0,True
TZPE6M07,engaging,wilburn_farren,Wilburn Farren,Cara Losch,East,MG Advanced,mid_ticket_1k_to_4k,3393,,,,,131.0,False,hayden_neloms,Hayden Neloms,Celia Rouche,West,74.19302882850188,0.5000000000000001,specialist_match,"product=MG Advanced (strong_fit, n=77); ticket_band=mid_ticket_1k_to_4k (possible_fit, n=119)",,,not_candidate,,True
U0E0XHK9,engaging,hayden_neloms,Hayden Neloms,Celia Rouche,West,MG Advanced,mid_ticket_1k_to_4k,3393,,,,,269.0,False,hayden_neloms,Hayden Neloms,Celia Rouche,West,74.19302882850188,0.5000000000000001,specialist_match,"product=MG Advanced (strong_fit, n=77); ticket_band=mid_ticket_1k_to_4k (possible_fit, n=119)",74.19302882850188,0.5000000000000001,specialist_match,1.0,False
U0U1RIMI,prospecting,lajuana_vencill,Lajuana Vencill,Dustin Brinkmann,Central,GTX Plus Basic,mid_ticket_1k_to_4k,1096,,,,,,False,maureen_marcano,Maureen Marcano,Summer Sewald,West,73.48602163110729,0.5000000000000001,specialist_match,"product=GTX Plus Basic (strong_fit, n=70); ticket_band=mid_ticket_1k_to_4k (strong_fit, n=87)",54.318726490443574,0.5000000000000001,generalist_match,29.0,True
U177IWW0,engaging,maureen_marcano,Maureen Marcano,Summer Sewald,West,GTX Plus Basic,mid_ticket_1k_to_4k,1096,,,,,223.0,False,maureen_marcano,Maureen Marcano,Summer Sewald,West,73.48602163110729,0.5000000000000001,specialist_match,"product=GTX Plus Basic (strong_fit, n=70); ticket_band=mid_ticket_1k_to_4k (strong_fit, n=87)",73.48602163110729,0.5000000000000001,specialist_match,1.0,False
U1XSUD1P,engaging,kami_bicknell,Kami Bicknell,Summer Sewald,West,GTX Basic,low_ticket_under_1k,550,,,,,116.0,False,hayden_neloms,Hayden Neloms,Celia Rouche,West,70.07479583264518,0.15165750888103105,possible_specialist,"ticket_band=low_ticket_under_1k (possible_fit, n=23)",64.9706180992233,0.5000000000000001,possible_specialist,12.0,True
U2HYH97X,engaging,kary_hendrixson,Kary Hendrixson,Summer Sewald,West,GTX Basic,low_ticket_under_1k,550,,,,,255.0,False,hayden_neloms,Hayden Neloms,Celia Rouche,West,70.07479583264518,0.15165750888103105,possible_specialist,"ticket_band=low_ticket_under_1k (possible_fit, n=23)",62.34894675423093,0.5000000000000001,generalist_match,20.0,True
U4IJO6SL,engaging,vicki_laflamme,Vicki Laflamme,Celia Rouche,West,GTX Pro,high_ticket_4k_to_10k,4821,,,,,267.0,False,maureen_marcano,Maureen Marcano,Summer Sewald,West,73.54787621751144,0.5000000000000001,specialist_match,"product=GTX Pro (strong_fit, n=30); ticket_band=high_ticket_4k_to_10k (strong_fit, n=62)",64.74244166469498,0.5000000000000001,possible_specialist,13.0,True
U4L1277G,engaging,hayden_neloms,Hayden Neloms,Celia Rouche,West,GTX Plus Basic,mid_ticket_1k_to_4k,1096,,,,,152.0,False,maureen_marcano,Maureen Marcano,Summer Sewald,West,73.48602163110729,0.5000000000000001,specialist_match,"product=GTX Plus Basic (strong_fit, n=70); ticket_band=mid_ticket_1k_to_4k (strong_fit, n=87)",68.66988645587561,0.5000000000000001,possible_specialist,3.0,True
U5K2MZB6,engaging,zane_levy,Zane Levy,Summer Sewald,West,MG Advanced,mid_ticket_1k_to_4k,3393,,,,,262.0,False,hayden_neloms,Hayden Neloms,Celia Rouche,West,74.19302882850188,0.5000000000000001,specialist_match,"product=MG Advanced (strong_fit, n=77); ticket_band=mid_ticket_1k_to_4k (possible_fit, n=119)",60.98204191863348,0.45980762113533163,generalist_match,21.0,True
U6XJRWV8,engaging,james_ascencio,James Ascencio,Summer Sewald,West,MG Advanced,mid_ticket_1k_to_4k,3393,,,,,257.0,False,hayden_neloms,Hayden Neloms,Celia Rouche,West,74.19302882850188,0.5000000000000001,specialist_match,"product=MG Advanced (strong_fit, n=77); ticket_band=mid_ticket_1k_to_4k (possible_fit, n=119)",67.33380886620368,0.44243315085963286,possible_specialist,4.0,True
U7M26UZV,engaging,vicki_laflamme,Vicki Laflamme,Celia Rouche,West,MG Special,low_ticket_under_1k,55,,,,,303.0,False,hayden_neloms,Hayden Neloms,Celia Rouche,West,71.35150661886287,0.44534101199279935,possible_specialist,"product=MG Special (possible_fit, n=23); ticket_band=low_ticket_under_1k (possible_fit, n=23)",63.64770011642242,0.5000000000000001,generalist_match,15.0,True
UAE5ZC7O,engaging,daniell_hammack,Daniell Hammack,Rocco Neubert,East,GTX Plus Pro,high_ticket_4k_to_10k,5482,,,,,391.0,False,maureen_marcano,Maureen Marcano,Summer Sewald,West,74.25820338006682,0.5000000000000001,specialist_match,"product=GTX Plus Pro (strong_fit, n=32); ticket_band=high_ticket_4k_to_10k (strong_fit, n=62)",62.391353728990616,0.5000000000000001,specialist_match,21.0,True
UAX2OR58,engaging,darcel_schlecht,Darcel Schlecht,Melvin Marxen,Central,MG Special,low_ticket_under_1k,55,,,,,162.0,False,hayden_neloms,Hayden Neloms,Celia Rouche,West,71.35150661886287,0.44534101199279935,possible_specialist,"product=MG Special (possible_fit, n=23); ticket_band=low_ticket_under_1k (possible_fit, n=23)",63.550235622737446,0.5000000000000001,possible_specialist,16.0,True
UBO7V799,engaging,lajuana_vencill,Lajuana Vencill,Dustin Brinkmann,Central,MG Advanced,mid_ticket_1k_to_4k,3393,,,,,153.0,False,hayden_neloms,Hayden Neloms,Celia Rouche,West,74.19302882850188,0.5000000000000001,specialist_match,"product=MG Advanced (strong_fit, n=77); ticket_band=mid_ticket_1k_to_4k (possible_fit, n=119)",52.69492570854898,0.5000000000000001,generalist_match,29.0,True
UD1GNRL4,prospecting,jonathan_berthelot,Jonathan Berthelot,Melvin Marxen,Central,GTX Plus Basic,mid_ticket_1k_to_4k,1096,,,,,,False,maureen_marcano,Maureen Marcano,Summer Sewald,West,73.48602163110729,0.5000000000000001,specialist_match,"product=GTX Plus Basic (strong_fit, n=70); ticket_band=mid_ticket_1k_to_4k (strong_fit, n=87)",64.58087656615885,0.5000000000000001,generalist_match,11.0,True
UDAUS3DF,prospecting,anna_snelling,Anna Snelling,Dustin Brinkmann,Central,MG Special,low_ticket_under_1k,55,Sonron,telecommunications,1_5b_to_3b,2k_to_10k,,True,hayden_neloms,Hayden Neloms,Celia Rouche,West,72.99796698974274,0.8034548950012184,specialist_match,"product=MG Special (possible_fit, n=23); ticket_band=low_ticket_under_1k (possible_fit, n=23); sector=telecommunications (neutral, n=15)",62.29837054383571,0.9,specialist_match,21.0,True
UEI0RABV,prospecting,niesha_huffines,Niesha Huffines,Melvin Marxen,Central,GTX Basic,low_ticket_under_1k,550,,,,,,False,hayden_neloms,Hayden Neloms,Celia Rouche,West,70.07479583264518,0.15165750888103105,possible_specialist,"ticket_band=low_ticket_under_1k (possible_fit, n=23)",58.877443252263674,0.5000000000000001,generalist_match,24.0,True
UEZOR630,engaging,elease_gluck,Elease Gluck,Celia Rouche,West,GTX Basic,low_ticket_under_1k,550,,,,,246.0,False,hayden_neloms,Hayden Neloms,Celia Rouche,West,70.07479583264518,0.15165750888103105,possible_specialist,"ticket_band=low_ticket_under_1k (possible_fit, n=23)",65.75533685587227,0.44494897427831787,specialist_match,9.0,True
UFL6ZQDV,engaging,zane_levy,Zane Levy,Summer Sewald,West,GTX Basic,low_ticket_under_1k,550,,,,,227.0,False,hayden_neloms,Hayden Neloms,Celia Rouche,West,70.07479583264518,0.15165750888103105,possible_specialist,"ticket_band=low_ticket_under_1k (possible_fit, n=23)",60.2374782161471,0.5000000000000001,generalist_match,23.0,True
UFZFCBOS,prospecting,jonathan_berthelot,Jonathan Berthelot,Melvin Marxen,Central,GTX Basic,low_ticket_under_1k,550,Lexiqvolax,medical,1_5b_to_3b,2k_to_10k,,True,hayden_neloms,Hayden Neloms,Celia Rouche,West,72.05598215497773,0.4930788651183406,specialist_match,"ticket_band=low_ticket_under_1k (possible_fit, n=23); sector=medical (neutral, n=12); revenue_band=1_5b_to_3b (strong_fit, n=54)",65.52702458650921,0.9,possible_specialist,10.0,True
UGB3A3CE,engaging,maureen_marcano,Maureen Marcano,Summer Sewald,West,MG Special,low_ticket_under_1k,55,,,,,180.0,False,hayden_neloms,Hayden Neloms,Celia Rouche,West,71.35150661886287,0.44534101199279935,possible_specialist,"product=MG Special (possible_fit, n=23); ticket_band=low_ticket_under_1k (possible_fit, n=23)",68.59256087373947,0.49368350311176834,generalist_match,2.0,True
UGTXH980,engaging,daniell_hammack,Daniell Hammack,Rocco Neubert,East,GTX Pro,high_ticket_4k_to_10k,4821,,,,,213.0,False,maureen_marcano,Maureen Marcano,Summer Sewald,West,73.54787621751144,0.5000000000000001,specialist_match,"product=GTX Pro (strong_fit, n=30); ticket_band=high_ticket_4k_to_10k (strong_fit, n=62)",63.40213266738296,0.5000000000000001,specialist_match,17.0,True
UH9TR8Y1,prospecting,darcel_schlecht,Darcel Schlecht,Melvin Marxen,Central,GTX Plus Pro,high_ticket_4k_to_10k,5482,,,,,,False,maureen_marcano,Maureen Marcano,Summer Sewald,West,74.25820338006682,0.5000000000000001,specialist_match,"product=GTX Plus Pro (strong_fit, n=32); ticket_band=high_ticket_4k_to_10k (strong_fit, n=62)",63.90260951665106,0.5000000000000001,specialist_match,13.0,True
UHIIYU2J,engaging,lajuana_vencill,Lajuana Vencill,Dustin Brinkmann,Central,GTX Basic,low_ticket_under_1k,550,,,,,154.0,False,hayden_neloms,Hayden Neloms,Celia Rouche,West,70.07479583264518,0.15165750888103105,possible_specialist,"ticket_band=low_ticket_under_1k (possible_fit, n=23)",52.685793792795806,0.5000000000000001,generalist_match,29.0,True
UI3DE2C4,engaging,zane_levy,Zane Levy,Summer Sewald,West,GTX Plus Basic,mid_ticket_1k_to_4k,1096,,,,,308.0,False,maureen_marcano,Maureen Marcano,Summer Sewald,West,73.48602163110729,0.5000000000000001,specialist_match,"product=GTX Plus Basic (strong_fit, n=70); ticket_band=mid_ticket_1k_to_4k (strong_fit, n=87)",61.1854378680592,0.5000000000000001,generalist_match,22.0,True
UIOJX7O0,engaging,cassey_cress,Cassey Cress,Rocco Neubert,East,GTX Pro,high_ticket_4k_to_10k,4821,,,,,129.0,False,maureen_marcano,Maureen Marcano,Summer Sewald,West,73.54787621751144,0.5000000000000001,specialist_match,"product=GTX Pro (strong_fit, n=30); ticket_band=high_ticket_4k_to_10k (strong_fit, n=62)",64.48706353847835,0.5000000000000001,specialist_match,14.0,True
UIP7MXOR,prospecting,niesha_huffines,Niesha Huffines,Melvin Marxen,Central,GTX Basic,low_ticket_under_1k,550,,,,,,False,hayden_neloms,Hayden Neloms,Celia Rouche,West,70.07479583264518,0.15165750888103105,possible_specialist,"ticket_band=low_ticket_under_1k (possible_fit, n=23)",58.877443252263674,0.5000000000000001,generalist_match,24.0,True
UIX6X6R3,engaging,zane_levy,Zane Levy,Summer Sewald,West,MG Advanced,mid_ticket_1k_to_4k,3393,Umbrella Corporation,finance,1_5b_to_3b,2k_to_10k,244.0,True,hayden_neloms,Hayden Neloms,Celia Rouche,West,75.59243625718109,0.7000000000000001,specialist_match,"product=MG Advanced (strong_fit, n=77); ticket_band=mid_ticket_1k_to_4k (possible_fit, n=119); revenue_band=1_5b_to_3b (strong_fit, n=54)",60.33071126182614,0.6598076211353316,generalist_match,23.0,True
UJ58VMZT,engaging,cecily_lampkin,Cecily Lampkin,Dustin Brinkmann,Central,GTX Plus Basic,mid_ticket_1k_to_4k,1096,,,,,163.0,False,maureen_marcano,Maureen Marcano,Summer Sewald,West,73.48602163110729,0.5000000000000001,specialist_match,"product=GTX Plus Basic (strong_fit, n=70); ticket_band=mid_ticket_1k_to_4k (strong_fit, n=87)",69.84075629824987,0.4738612787525831,specialist_match,2.0,True
UJ7BYO6A,engaging,wilburn_farren,Wilburn Farren,Cara Losch,East,MG Advanced,mid_ticket_1k_to_4k,3393,,,,,241.0,False,hayden_neloms,Hayden Neloms,Celia Rouche,West,74.19302882850188,0.5000000000000001,specialist_match,"product=MG Advanced (strong_fit, n=77); ticket_band=mid_ticket_1k_to_4k (possible_fit, n=119)",,,not_candidate,,True
UJTU7DUB,engaging,moses_frase,Moses Frase,Dustin Brinkmann,Central,MG Special,low_ticket_under_1k,55,,,,,162.0,False,hayden_neloms,Hayden Neloms,Celia Rouche,West,71.35150661886287,0.44534101199279935,possible_specialist,"product=MG Special (possible_fit, n=23); ticket_band=low_ticket_under_1k (possible_fit, n=23)",65.050007828557,0.5000000000000001,specialist_match,11.0,True
UK00OVV2,prospecting,versie_hillebrand,Versie Hillebrand,Dustin Brinkmann,Central,MG Special,low_ticket_under_1k,55,,,,,,False,hayden_neloms,Hayden Neloms,Celia Rouche,West,71.35150661886287,0.44534101199279935,possible_specialist,"product=MG Special (possible_fit, n=23); ticket_band=low_ticket_under_1k (possible_fit, n=23)",68.31320841592525,0.5000000000000001,possible_specialist,3.0,True
ULJG457F,engaging,anna_snelling,Anna Snelling,Dustin Brinkmann,Central,MG Special,low_ticket_under_1k,55,,,,,150.0,False,hayden_neloms,Hayden Neloms,Celia Rouche,West,71.35150661886287,0.44534101199279935,possible_specialist,"product=MG Special (possible_fit, n=23); ticket_band=low_ticket_under_1k (possible_fit, n=23)",64.31764459641298,0.5000000000000001,specialist_match,13.0,True
UM1OU73X,engaging,darcel_schlecht,Darcel Schlecht,Melvin Marxen,Central,GTX Pro,high_ticket_4k_to_10k,4821,,,,,149.0,False,maureen_marcano,Maureen Marcano,Summer Sewald,West,73.54787621751144,0.5000000000000001,specialist_match,"product=GTX Pro (strong_fit, n=30); ticket_band=high_ticket_4k_to_10k (strong_fit, n=62)",61.87208356326526,0.5000000000000001,generalist_match,22.0,True
UMD1BA4S,prospecting,anna_snelling,Anna Snelling,Dustin Brinkmann,Central,MG Special,low_ticket_under_1k,55,Ganjaflex,retail,over_3b,over_10k,,True,hayden_neloms,Hayden Neloms,Celia Rouche,West,73.21068519997311,0.824967339066664,possible_specialist,"product=MG Special (possible_fit, n=23); ticket_band=low_ticket_under_1k (possible_fit, n=23); sector=retail (possible_fit, n=36)",64.80786544047733,0.8806225774829856,specialist_match,13.0,True
UMF3KRCL,engaging,maureen_marcano,Maureen Marcano,Summer Sewald,West,GTX Basic,low_ticket_under_1k,550,,,,,142.0,False,hayden_neloms,Hayden Neloms,Celia Rouche,West,70.07479583264518,0.15165750888103105,possible_specialist,"ticket_band=low_ticket_under_1k (possible_fit, n=23)",67.11923507294885,0.5000000000000001,generalist_match,4.0,True
UMXZFLO8,engaging,zane_levy,Zane Levy,Summer Sewald,West,GTX Pro,high_ticket_4k_to_10k,4821,,,,,216.0,False,maureen_marcano,Maureen Marcano,Summer Sewald,West,73.54787621751144,0.5000000000000001,specialist_match,"product=GTX Pro (strong_fit, n=30); ticket_band=high_ticket_4k_to_10k (strong_fit, n=62)",62.897587492789604,0.5000000000000001,possible_specialist,20.0,True
UND13JS5,prospecting,marty_freudenburg,Marty Freudenburg,Melvin Marxen,Central,GTX Pro,high_ticket_4k_to_10k,4821,Plusstrip,entertainment,under_500m,under_500,,True,maureen_marcano,Maureen Marcano,Summer Sewald,West,73.74172084113958,0.8751514242046753,specialist_match,"product=GTX Pro (strong_fit, n=30); ticket_band=high_ticket_4k_to_10k (strong_fit, n=62); revenue_band=under_500m (neutral, n=48)",63.45421665757041,0.5449489742783179,specialist_match,15.0,True
UO8DLVVQ,engaging,darcel_schlecht,Darcel Schlecht,Melvin Marxen,Central,GTX Pro,high_ticket_4k_to_10k,4821,,,,,157.0,False,maureen_marcano,Maureen Marcano,Summer Sewald,West,73.54787621751144,0.5000000000000001,specialist_match,"product=GTX Pro (strong_fit, n=30); ticket_band=high_ticket_4k_to_10k (strong_fit, n=62)",61.87208356326526,0.5000000000000001,generalist_match,22.0,True
UP409DSB,engaging,maureen_marcano,Maureen Marcano,Summer Sewald,West,MG Advanced,mid_ticket_1k_to_4k,3393,Ganjaflex,retail,over_3b,over_10k,416.0,True,hayden_neloms,Hayden Neloms,Celia Rouche,West,76.05220740961212,0.8796263270738646,specialist_match,"product=MG Advanced (strong_fit, n=77); ticket_band=mid_ticket_1k_to_4k (possible_fit, n=119); sector=retail (possible_fit, n=36)",72.946245767061,0.852487623459052,specialist_match,2.0,True
UQQE9ILV,engaging,james_ascencio,James Ascencio,Summer Sewald,West,GTX Pro,high_ticket_4k_to_10k,4821,Iselectrics,technology,500m_to_1_5b,500_to_2k,352.0,True,maureen_marcano,Maureen Marcano,Summer Sewald,West,73.57893372142036,0.8580952792483143,specialist_match,"product=GTX Pro (strong_fit, n=30); ticket_band=high_ticket_4k_to_10k (strong_fit, n=62); revenue_band=500m_to_1_5b (neutral, n=30)",65.82940899762778,0.8645020026143916,possible_specialist,11.0,True
URQYDGX8,engaging,jonathan_berthelot,Jonathan Berthelot,Melvin Marxen,Central,GTX Basic,low_ticket_under_1k,550,,,,,151.0,False,hayden_neloms,Hayden Neloms,Celia Rouche,West,70.07479583264518,0.15165750888103105,possible_specialist,"ticket_band=low_ticket_under_1k (possible_fit, n=23)",65.41096422849174,0.5000000000000001,possible_specialist,10.0,True
URRD7VUB,prospecting,jonathan_berthelot,Jonathan Berthelot,Melvin Marxen,Central,MG Special,low_ticket_under_1k,55,Blackzim,retail,under_500m,500_to_2k,,True,hayden_neloms,Hayden Neloms,Celia Rouche,West,72.40704299140502,0.8170904842008754,possible_specialist,"product=MG Special (possible_fit, n=23); ticket_band=low_ticket_under_1k (possible_fit, n=23); sector=retail (possible_fit, n=36)",69.23655463679623,0.9,specialist_match,3.0,True
USJWM3F3,engaging,violet_mclelland,Violet Mclelland,Cara Losch,East,GTX Basic,low_ticket_under_1k,550,,,,,174.0,False,hayden_neloms,Hayden Neloms,Celia Rouche,West,70.07479583264518,0.15165750888103105,possible_specialist,"ticket_band=low_ticket_under_1k (possible_fit, n=23)",62.719365648679045,0.5000000000000001,generalist_match,18.0,True
USS2SNQI,engaging,maureen_marcano,Maureen Marcano,Summer Sewald,West,MG Special,low_ticket_under_1k,55,,,,,140.0,False,hayden_neloms,Hayden Neloms,Celia Rouche,West,71.35150661886287,0.44534101199279935,possible_specialist,"product=MG Special (possible_fit, n=23); ticket_band=low_ticket_under_1k (possible_fit, n=23)",68.59256087373947,0.49368350311176834,generalist_match,2.0,True
USVLKDF4,engaging,corliss_cosme,Corliss Cosme,Cara Losch,East,GTX Basic,low_ticket_under_1k,550,Dontechi,software,over_3b,over_10k,330.0,True,hayden_neloms,Hayden Neloms,Celia Rouche,West,70.87283814533541,0.48403635912009035,possible_specialist,"ticket_band=low_ticket_under_1k (possible_fit, n=23); sector=software (neutral, n=14); revenue_band=over_3b (possible_fit, n=38)",65.39701211797735,0.9,possible_specialist,11.0,True
UU25XD9E,engaging,zane_levy,Zane Levy,Summer Sewald,West,GTX Pro,high_ticket_4k_to_10k,4821,Hatfan,services,500m_to_1_5b,500_to_2k,237.0,True,maureen_marcano,Maureen Marcano,Summer Sewald,West,74.84392353713552,0.87162939659906,specialist_match,"product=GTX Pro (strong_fit, n=30); ticket_band=high_ticket_4k_to_10k (strong_fit, n=62); sector=services (possible_fit, n=22)",63.80641728996213,0.9866025403784439,specialist_match,14.0,True
UU7N7LZK,engaging,james_ascencio,James Ascencio,Summer Sewald,West,MG Advanced,mid_ticket_1k_to_4k,3393,,,,,104.0,False,hayden_neloms,Hayden Neloms,Celia Rouche,West,74.19302882850188,0.5000000000000001,specialist_match,"product=MG Advanced (strong_fit, n=77); ticket_band=mid_ticket_1k_to_4k (possible_fit, n=119)",67.33380886620368,0.44243315085963286,possible_specialist,4.0,True
UUGY3W44,engaging,kary_hendrixson,Kary Hendrixson,Summer Sewald,West,GTX Basic,low_ticket_under_1k,550,,,,,268.0,False,hayden_neloms,Hayden Neloms,Celia Rouche,West,70.07479583264518,0.15165750888103105,possible_specialist,"ticket_band=low_ticket_under_1k (possible_fit, n=23)",62.34894675423093,0.5000000000000001,generalist_match,20.0,True
UVCHXUIG,engaging,anna_snelling,Anna Snelling,Dustin Brinkmann,Central,MG Special,low_ticket_under_1k,55,Konmatfix,marketing,under_500m,500_to_2k,158.0,True,hayden_neloms,Hayden Neloms,Celia Rouche,West,71.3258779830595,0.6170904842008752,possible_specialist,"product=MG Special (possible_fit, n=23); ticket_band=low_ticket_under_1k (possible_fit, n=23); employee_band=500_to_2k (neutral, n=30)",64.70480964534204,0.9,specialist_match,13.0,True
UWI771ZX,engaging,darcel_schlecht,Darcel Schlecht,Melvin Marxen,Central,GTX Plus Basic,mid_ticket_1k_to_4k,1096,,,,,155.0,False,maureen_marcano,Maureen Marcano,Summer Sewald,West,73.48602163110729,0.5000000000000001,specialist_match,"product=GTX Plus Basic (strong_fit, n=70); ticket_band=mid_ticket_1k_to_4k (strong_fit, n=87)",64.79805655096737,0.5000000000000001,specialist_match,10.0,True
UY93W9NZ,prospecting,jonathan_berthelot,Jonathan Berthelot,Melvin Marxen,Central,GTX Basic,low_ticket_under_1k,550,,,,,,False,hayden_neloms,Hayden Neloms,Celia Rouche,West,70.07479583264518,0.15165750888103105,possible_specialist,"ticket_band=low_ticket_under_1k (possible_fit, n=23)",65.41096422849174,0.5000000000000001,possible_specialist,10.0,True
UYQJ2A1O,engaging,vicki_laflamme,Vicki Laflamme,Celia Rouche,West,GTX Plus Pro,high_ticket_4k_to_10k,5482,,,,,244.0,False,maureen_marcano,Maureen Marcano,Summer Sewald,West,74.25820338006682,0.5000000000000001,specialist_match,"product=GTX Plus Pro (strong_fit, n=32); ticket_band=high_ticket_4k_to_10k (strong_fit, n=62)",63.064656958982155,0.5000000000000001,generalist_match,18.0,True
UZ7DU3D9,prospecting,gladys_colclough,Gladys Colclough,Melvin Marxen,Central,GTX Plus Pro,high_ticket_4k_to_10k,5482,,,,,,False,maureen_marcano,Maureen Marcano,Summer Sewald,West,74.25820338006682,0.5000000000000001,specialist_match,"product=GTX Plus Pro (strong_fit, n=32); ticket_band=high_ticket_4k_to_10k (strong_fit, n=62)",55.85072174055262,0.5000000000000001,generalist_match,26.0,True
V02WMIWK,engaging,anna_snelling,Anna Snelling,Dustin Brinkmann,Central,MG Special,low_ticket_under_1k,55,,,,,158.0,False,hayden_neloms,Hayden Neloms,Celia Rouche,West,71.35150661886287,0.44534101199279935,possible_specialist,"product=MG Special (possible_fit, n=23); ticket_band=low_ticket_under_1k (possible_fit, n=23)",64.31764459641298,0.5000000000000001,specialist_match,13.0,True
V0G393Q6,engaging,marty_freudenburg,Marty Freudenburg,Melvin Marxen,Central,GTX Plus Basic,mid_ticket_1k_to_4k,1096,,,,,140.0,False,maureen_marcano,Maureen Marcano,Summer Sewald,West,73.48602163110729,0.5000000000000001,specialist_match,"product=GTX Plus Basic (strong_fit, n=70); ticket_band=mid_ticket_1k_to_4k (strong_fit, n=87)",62.274902896741885,0.5000000000000001,generalist_match,18.0,True
V1KABF71,engaging,jonathan_berthelot,Jonathan Berthelot,Melvin Marxen,Central,GTX Plus Basic,mid_ticket_1k_to_4k,1096,,,,,149.0,False,maureen_marcano,Maureen Marcano,Summer Sewald,West,73.48602163110729,0.5000000000000001,specialist_match,"product=GTX Plus Basic (strong_fit, n=70); ticket_band=mid_ticket_1k_to_4k (strong_fit, n=87)",64.58087656615885,0.5000000000000001,generalist_match,11.0,True
V1SX6HOD,engaging,maureen_marcano,Maureen Marcano,Summer Sewald,West,GTX Plus Basic,mid_ticket_1k_to_4k,1096,,,,,103.0,False,maureen_marcano,Maureen Marcano,Summer Sewald,West,73.48602163110729,0.5000000000000001,specialist_match,"product=GTX Plus Basic (strong_fit, n=70); ticket_band=mid_ticket_1k_to_4k (strong_fit, n=87)",73.48602163110729,0.5000000000000001,specialist_match,1.0,False
V2V69I86,prospecting,darcel_schlecht,Darcel Schlecht,Melvin Marxen,Central,GTX Plus Basic,mid_ticket_1k_to_4k,1096,,,,,,False,maureen_marcano,Maureen Marcano,Summer Sewald,West,73.48602163110729,0.5000000000000001,specialist_match,"product=GTX Plus Basic (strong_fit, n=70); ticket_band=mid_ticket_1k_to_4k (strong_fit, n=87)",64.79805655096737,0.5000000000000001,specialist_match,10.0,True
V3G1HBTZ,engaging,lajuana_vencill,Lajuana Vencill,Dustin Brinkmann,Central,GTX Basic,low_ticket_under_1k,550,Nam-zim,services,under_500m,500_to_2k,156.0,True,moses_frase,Moses Frase,Dustin Brinkmann,Central,70.72584555420603,0.6948683298050515,specialist_match,"product=GTX Basic (strong_fit, n=59); ticket_band=low_ticket_under_1k (strong_fit, n=105); employee_band=500_to_2k (strong_fit, n=80)",51.00298333725204,0.7000000000000001,generalist_match,29.0,True
V3HVIJLL,engaging,zane_levy,Zane Levy,Summer Sewald,West,GTX Basic,low_ticket_under_1k,550,,,,,318.0,False,hayden_neloms,Hayden Neloms,Celia Rouche,West,70.07479583264518,0.15165750888103105,possible_specialist,"ticket_band=low_ticket_under_1k (possible_fit, n=23)",60.2374782161471,0.5000000000000001,generalist_match,23.0,True
V4XHHFO3,engaging,elease_gluck,Elease Gluck,Celia Rouche,West,GTX Basic,low_ticket_under_1k,550,Blackzim,retail,under_500m,500_to_2k,291.0,True,moses_frase,Moses Frase,Dustin Brinkmann,Central,71.86937053751002,0.8948683298050515,specialist_match,"product=GTX Basic (strong_fit, n=59); ticket_band=low_ticket_under_1k (strong_fit, n=105); sector=retail (strong_fit, n=27)",65.95112117051309,0.8137098982825367,specialist_match,12.0,True
V5PKXYWS,prospecting,gladys_colclough,Gladys Colclough,Melvin Marxen,Central,GTX Plus Pro,high_ticket_4k_to_10k,5482,,,,,,False,maureen_marcano,Maureen Marcano,Summer Sewald,West,74.25820338006682,0.5000000000000001,specialist_match,"product=GTX Plus Pro (strong_fit, n=32); ticket_band=high_ticket_4k_to_10k (strong_fit, n=62)",55.85072174055262,0.5000000000000001,generalist_match,26.0,True
V71FMJBD,engaging,rosie_papadopoulos,Rosie Papadopoulos,Cara Losch,East,MG Advanced,mid_ticket_1k_to_4k,3393,,,,,186.0,False,hayden_neloms,Hayden Neloms,Celia Rouche,West,74.19302882850188,0.5000000000000001,specialist_match,"product=MG Advanced (strong_fit, n=77); ticket_band=mid_ticket_1k_to_4k (possible_fit, n=119)",62.58719212975716,0.4732050807568878,generalist_match,15.0,True
V74O6XQT,engaging,daniell_hammack,Daniell Hammack,Rocco Neubert,East,GTX Pro,high_ticket_4k_to_10k,4821,,,,,292.0,False,maureen_marcano,Maureen Marcano,Summer Sewald,West,73.54787621751144,0.5000000000000001,specialist_match,"product=GTX Pro (strong_fit, n=30); ticket_band=high_ticket_4k_to_10k (strong_fit, n=62)",63.40213266738296,0.5000000000000001,specialist_match,17.0,True
V7W8CA47,engaging,vicki_laflamme,Vicki Laflamme,Celia Rouche,West,MG Special,low_ticket_under_1k,55,,,,,137.0,False,hayden_neloms,Hayden Neloms,Celia Rouche,West,71.35150661886287,0.44534101199279935,possible_specialist,"product=MG Special (possible_fit, n=23); ticket_band=low_ticket_under_1k (possible_fit, n=23)",63.64770011642242,0.5000000000000001,generalist_match,15.0,True
V9JDJ861,prospecting,anna_snelling,Anna Snelling,Dustin Brinkmann,Central,MG Special,low_ticket_under_1k,55,,,,,,False,hayden_neloms,Hayden Neloms,Celia Rouche,West,71.35150661886287,0.44534101199279935,possible_specialist,"product=MG Special (possible_fit, n=23); ticket_band=low_ticket_under_1k (possible_fit, n=23)",64.31764459641298,0.5000000000000001,specialist_match,13.0,True
VAL8O4PH,engaging,darcel_schlecht,Darcel Schlecht,Melvin Marxen,Central,MG Special,low_ticket_under_1k,55,,,,,152.0,False,hayden_neloms,Hayden Neloms,Celia Rouche,West,71.35150661886287,0.44534101199279935,possible_specialist,"product=MG Special (possible_fit, n=23); ticket_band=low_ticket_under_1k (possible_fit, n=23)",63.550235622737446,0.5000000000000001,possible_specialist,16.0,True
VAM56BG4,prospecting,darcel_schlecht,Darcel Schlecht,Melvin Marxen,Central,GTX Plus Basic,mid_ticket_1k_to_4k,1096,Acme Corporation,technology,500m_to_1_5b,2k_to_10k,,True,maureen_marcano,Maureen Marcano,Summer Sewald,West,74.16437165449358,0.8645538445789658,specialist_match,"product=GTX Plus Basic (strong_fit, n=70); ticket_band=mid_ticket_1k_to_4k (strong_fit, n=87); revenue_band=500m_to_1_5b (neutral, n=30)",64.82872925352191,0.9,specialist_match,12.0,True
VBB0LCEN,engaging,lajuana_vencill,Lajuana Vencill,Dustin Brinkmann,Central,MG Advanced,mid_ticket_1k_to_4k,3393,,,,,158.0,False,hayden_neloms,Hayden Neloms,Celia Rouche,West,74.19302882850188,0.5000000000000001,specialist_match,"product=MG Advanced (strong_fit, n=77); ticket_band=mid_ticket_1k_to_4k (possible_fit, n=119)",52.69492570854898,0.5000000000000001,generalist_match,29.0,True
VBFYOCDO,engaging,kami_bicknell,Kami Bicknell,Summer Sewald,West,GTX Basic,low_ticket_under_1k,550,,,,,235.0,False,hayden_neloms,Hayden Neloms,Celia Rouche,West,70.07479583264518,0.15165750888103105,possible_specialist,"ticket_band=low_ticket_under_1k (possible_fit, n=23)",64.9706180992233,0.5000000000000001,possible_specialist,12.0,True
VCSHYIU8,engaging,maureen_marcano,Maureen Marcano,Summer Sewald,West,GTX Plus Basic,mid_ticket_1k_to_4k,1096,,,,,353.0,False,maureen_marcano,Maureen Marcano,Summer Sewald,West,73.48602163110729,0.5000000000000001,specialist_match,"product=GTX Plus Basic (strong_fit, n=70); ticket_band=mid_ticket_1k_to_4k (strong_fit, n=87)",73.48602163110729,0.5000000000000001,specialist_match,1.0,False
VD2KHXRY,engaging,zane_levy,Zane Levy,Summer Sewald,West,GTX Pro,high_ticket_4k_to_10k,4821,Toughzap,retail,under_500m,500_to_2k,157.0,True,maureen_marcano,Maureen Marcano,Summer Sewald,West,75.61362747358562,0.8935414346693485,specialist_match,"product=GTX Pro (strong_fit, n=30); ticket_band=high_ticket_4k_to_10k (strong_fit, n=62); sector=retail (strong_fit, n=39)",63.6573822704927,0.9,specialist_match,15.0,True
VDIU10RV,engaging,markita_hansen,Markita Hansen,Celia Rouche,West,MG Special,low_ticket_under_1k,55,Lexiqvolax,medical,1_5b_to_3b,2k_to_10k,403.0,True,hayden_neloms,Hayden Neloms,Celia Rouche,West,73.33269294119542,0.7867623682301089,specialist_match,"product=MG Special (possible_fit, n=23); ticket_band=low_ticket_under_1k (possible_fit, n=23); sector=medical (neutral, n=12)",51.80926717103024,0.8527525231651948,generalist_match,28.0,True
VFEV5XBS,engaging,violet_mclelland,Violet Mclelland,Cara Losch,East,GTX Plus Basic,mid_ticket_1k_to_4k,1096,,,,,334.0,False,maureen_marcano,Maureen Marcano,Summer Sewald,West,73.48602163110729,0.5000000000000001,specialist_match,"product=GTX Plus Basic (strong_fit, n=70); ticket_band=mid_ticket_1k_to_4k (strong_fit, n=87)",63.10380233377306,0.452487623459052,generalist_match,16.0,True
VGSH1TSW,engaging,violet_mclelland,Violet Mclelland,Cara Losch,East,MG Special,low_ticket_under_1k,55,Vehement Capital Partners,finance,500m_to_1_5b,500_to_2k,128.0,True,hayden_neloms,Hayden Neloms,Celia Rouche,West,71.72724232828777,0.6199776366795383,possible_specialist,"product=MG Special (possible_fit, n=23); ticket_band=low_ticket_under_1k (possible_fit, n=23); revenue_band=500m_to_1_5b (neutral, n=31)",63.27958877369134,0.8825741858350554,generalist_match,16.0,True
VH6OFWCV,engaging,zane_levy,Zane Levy,Summer Sewald,West,MG Advanced,mid_ticket_1k_to_4k,3393,,,,,194.0,False,hayden_neloms,Hayden Neloms,Celia Rouche,West,74.19302882850188,0.5000000000000001,specialist_match,"product=MG Advanced (strong_fit, n=77); ticket_band=mid_ticket_1k_to_4k (possible_fit, n=119)",60.98204191863348,0.45980762113533163,generalist_match,21.0,True
VHT6G2BS,engaging,jonathan_berthelot,Jonathan Berthelot,Melvin Marxen,Central,GTX Plus Basic,mid_ticket_1k_to_4k,1096,,,,,139.0,False,maureen_marcano,Maureen Marcano,Summer Sewald,West,73.48602163110729,0.5000000000000001,specialist_match,"product=GTX Plus Basic (strong_fit, n=70); ticket_band=mid_ticket_1k_to_4k (strong_fit, n=87)",64.58087656615885,0.5000000000000001,generalist_match,11.0,True
VHZFABAC,engaging,daniell_hammack,Daniell Hammack,Rocco Neubert,East,MG Special,low_ticket_under_1k,55,,,,,192.0,False,hayden_neloms,Hayden Neloms,Celia Rouche,West,71.35150661886287,0.44534101199279935,possible_specialist,"product=MG Special (possible_fit, n=23); ticket_band=low_ticket_under_1k (possible_fit, n=23)",60.90931624621093,0.16733200530681516,low_confidence,22.0,True
VIFA2I18,engaging,jonathan_berthelot,Jonathan Berthelot,Melvin Marxen,Central,GTX Basic,low_ticket_under_1k,550,,,,,156.0,False,hayden_neloms,Hayden Neloms,Celia Rouche,West,70.07479583264518,0.15165750888103105,possible_specialist,"ticket_band=low_ticket_under_1k (possible_fit, n=23)",65.41096422849174,0.5000000000000001,possible_specialist,10.0,True
VIY7P8J6,engaging,versie_hillebrand,Versie Hillebrand,Dustin Brinkmann,Central,MG Special,low_ticket_under_1k,55,Hatfan,services,500m_to_1_5b,500_to_2k,152.0,True,hayden_neloms,Hayden Neloms,Celia Rouche,West,71.16194561915786,0.7931827174364261,possible_specialist,"product=MG Special (possible_fit, n=23); ticket_band=low_ticket_under_1k (possible_fit, n=23); revenue_band=500m_to_1_5b (neutral, n=31)",68.59970164806371,0.7000000000000001,possible_specialist,3.0,True
VJ5QGP8Z,engaging,maureen_marcano,Maureen Marcano,Summer Sewald,West,MG Advanced,mid_ticket_1k_to_4k,3393,,,,,319.0,False,hayden_neloms,Hayden Neloms,Celia Rouche,West,74.19302882850188,0.5000000000000001,specialist_match,"product=MG Advanced (strong_fit, n=77); ticket_band=mid_ticket_1k_to_4k (possible_fit, n=119)",70.6450848580656,0.452487623459052,specialist_match,2.0,True
VJ9K12PY,engaging,lajuana_vencill,Lajuana Vencill,Dustin Brinkmann,Central,MG Special,low_ticket_under_1k,55,,,,,163.0,False,hayden_neloms,Hayden Neloms,Celia Rouche,West,71.35150661886287,0.44534101199279935,possible_specialist,"product=MG Special (possible_fit, n=23); ticket_band=low_ticket_under_1k (possible_fit, n=23)",51.63006348969593,0.5000000000000001,generalist_match,29.0,True
VJILDVVF,prospecting,darcel_schlecht,Darcel Schlecht,Melvin Marxen,Central,GTX Pro,high_ticket_4k_to_10k,4821,Zathunicon,retail,under_500m,under_500,,True,maureen_marcano,Maureen Marcano,Summer Sewald,West,75.52423612425024,0.8836660026534077,specialist_match,"product=GTX Pro (strong_fit, n=30); ticket_band=high_ticket_4k_to_10k (strong_fit, n=62); sector=retail (strong_fit, n=39)",62.28452104269446,0.9,possible_specialist,19.0,True
VJSI29OF,engaging,versie_hillebrand,Versie Hillebrand,Dustin Brinkmann,Central,MG Special,low_ticket_under_1k,55,,,,,142.0,False,hayden_neloms,Hayden Neloms,Celia Rouche,West,71.35150661886287,0.44534101199279935,possible_specialist,"product=MG Special (possible_fit, n=23); ticket_band=low_ticket_under_1k (possible_fit, n=23)",68.31320841592525,0.5000000000000001,possible_specialist,3.0,True
VK9KN5PT,engaging,boris_faz,Boris Faz,Rocco Neubert,East,MG Advanced,mid_ticket_1k_to_4k,3393,,,,,273.0,False,hayden_neloms,Hayden Neloms,Celia Rouche,West,74.19302882850188,0.5000000000000001,specialist_match,"product=MG Advanced (strong_fit, n=77); ticket_band=mid_ticket_1k_to_4k (possible_fit, n=119)",66.55461435616154,0.46692695630078285,possible_specialist,7.0,True
VKIR68JX,engaging,violet_mclelland,Violet Mclelland,Cara Losch,East,GTX Plus Basic,mid_ticket_1k_to_4k,1096,,,,,118.0,False,maureen_marcano,Maureen Marcano,Summer Sewald,West,73.48602163110729,0.5000000000000001,specialist_match,"product=GTX Plus Basic (strong_fit, n=70); ticket_band=mid_ticket_1k_to_4k (strong_fit, n=87)",63.10380233377306,0.452487623459052,generalist_match,16.0,True
VKT0UN11,engaging,james_ascencio,James Ascencio,Summer Sewald,West,MG Advanced,mid_ticket_1k_to_4k,3393,Codehow,software,1_5b_to_3b,2k_to_10k,351.0,True,hayden_neloms,Hayden Neloms,Celia Rouche,West,75.6124649971066,0.8527525231651948,specialist_match,"product=MG Advanced (strong_fit, n=77); ticket_band=mid_ticket_1k_to_4k (possible_fit, n=119); sector=software (neutral, n=14)",68.23995319086916,0.8107582331656675,specialist_match,5.0,True
VL8YNHD7,engaging,kary_hendrixson,Kary Hendrixson,Summer Sewald,West,GTX Plus Basic,mid_ticket_1k_to_4k,1096,,,,,23.0,False,maureen_marcano,Maureen Marcano,Summer Sewald,West,73.48602163110729,0.5000000000000001,specialist_match,"product=GTX Plus Basic (strong_fit, n=70); ticket_band=mid_ticket_1k_to_4k (strong_fit, n=87)",60.872881234592825,0.5000000000000001,generalist_match,23.0,True
VLYT262U,engaging,daniell_hammack,Daniell Hammack,Rocco Neubert,East,GTX Plus Basic,mid_ticket_1k_to_4k,1096,,,,,149.0,False,maureen_marcano,Maureen Marcano,Summer Sewald,West,73.48602163110729,0.5000000000000001,specialist_match,"product=GTX Plus Basic (strong_fit, n=70); ticket_band=mid_ticket_1k_to_4k (strong_fit, n=87)",59.095704895820504,0.5000000000000001,generalist_match,24.0,True
VM0MHPAO,engaging,wilburn_farren,Wilburn Farren,Cara Losch,East,MG Special,low_ticket_under_1k,55,,,,,272.0,False,hayden_neloms,Hayden Neloms,Celia Rouche,West,71.35150661886287,0.44534101199279935,possible_specialist,"product=MG Special (possible_fit, n=23); ticket_band=low_ticket_under_1k (possible_fit, n=23)",,,not_candidate,,True
VMBM5EKL,engaging,darcel_schlecht,Darcel Schlecht,Melvin Marxen,Central,GTX Pro,high_ticket_4k_to_10k,4821,,,,,158.0,False,maureen_marcano,Maureen Marcano,Summer Sewald,West,73.54787621751144,0.5000000000000001,specialist_match,"product=GTX Pro (strong_fit, n=30); ticket_band=high_ticket_4k_to_10k (strong_fit, n=62)",61.87208356326526,0.5000000000000001,generalist_match,22.0,True
VMIAO42Z,engaging,vicki_laflamme,Vicki Laflamme,Celia Rouche,West,GTX Plus Pro,high_ticket_4k_to_10k,5482,Donquadtech,technology,1_5b_to_3b,2k_to_10k,247.0,True,maureen_marcano,Maureen Marcano,Summer Sewald,West,75.5019768801858,0.8779513042005219,specialist_match,"product=GTX Plus Pro (strong_fit, n=32); ticket_band=high_ticket_4k_to_10k (strong_fit, n=62); revenue_band=1_5b_to_3b (strong_fit, n=65)",64.02202856508332,0.9,specialist_match,13.0,True
VMXGBINH,prospecting,darcel_schlecht,Darcel Schlecht,Melvin Marxen,Central,GTX Pro,high_ticket_4k_to_10k,4821,,,,,,False,maureen_marcano,Maureen Marcano,Summer Sewald,West,73.54787621751144,0.5000000000000001,specialist_match,"product=GTX Pro (strong_fit, n=30); ticket_band=high_ticket_4k_to_10k (strong_fit, n=62)",61.87208356326526,0.5000000000000001,generalist_match,22.0,True
VN8LKQN3,engaging,boris_faz,Boris Faz,Rocco Neubert,East,GTX Plus Basic,mid_ticket_1k_to_4k,1096,,,,,332.0,False,maureen_marcano,Maureen Marcano,Summer Sewald,West,73.48602163110729,0.5000000000000001,specialist_match,"product=GTX Plus Basic (strong_fit, n=70); ticket_band=mid_ticket_1k_to_4k (strong_fit, n=87)",67.08182161983684,0.5000000000000001,possible_specialist,5.0,True
VO1YR5CY,engaging,versie_hillebrand,Versie Hillebrand,Dustin Brinkmann,Central,GTX Basic,low_ticket_under_1k,550,,,,,159.0,False,hayden_neloms,Hayden Neloms,Celia Rouche,West,70.07479583264518,0.15165750888103105,possible_specialist,"ticket_band=low_ticket_under_1k (possible_fit, n=23)",67.32182856636227,0.4738612787525831,possible_specialist,3.0,True
VP8ERXPR,engaging,cassey_cress,Cassey Cress,Rocco Neubert,East,MG Special,low_ticket_under_1k,55,,,,,246.0,False,hayden_neloms,Hayden Neloms,Celia Rouche,West,71.35150661886287,0.44534101199279935,possible_specialist,"product=MG Special (possible_fit, n=23); ticket_band=low_ticket_under_1k (possible_fit, n=23)",62.289546863103894,0.4371708245126285,generalist_match,21.0,True
VPG5E490,engaging,boris_faz,Boris Faz,Rocco Neubert,East,GTX Basic,low_ticket_under_1k,550,Bubba Gump,software,500m_to_1_5b,2k_to_10k,234.0,True,hayden_neloms,Hayden Neloms,Celia Rouche,West,71.10083530702765,0.49244411635452084,specialist_match,"ticket_band=low_ticket_under_1k (possible_fit, n=23); sector=software (neutral, n=14); revenue_band=500m_to_1_5b (neutral, n=31)",66.83168167994741,0.8870828693386972,specialist_match,7.0,True
VPXW8RJS,engaging,kami_bicknell,Kami Bicknell,Summer Sewald,West,MG Advanced,mid_ticket_1k_to_4k,3393,,,,,360.0,False,hayden_neloms,Hayden Neloms,Celia Rouche,West,74.19302882850188,0.5000000000000001,specialist_match,"product=MG Advanced (strong_fit, n=77); ticket_band=mid_ticket_1k_to_4k (possible_fit, n=119)",64.76238763178034,0.5000000000000001,possible_specialist,10.0,True
VRCYXSP1,engaging,zane_levy,Zane Levy,Summer Sewald,West,GTX Basic,low_ticket_under_1k,550,,,,,163.0,False,hayden_neloms,Hayden Neloms,Celia Rouche,West,70.07479583264518,0.15165750888103105,possible_specialist,"ticket_band=low_ticket_under_1k (possible_fit, n=23)",60.2374782161471,0.5000000000000001,generalist_match,23.0,True
VRWH3YJV,engaging,maureen_marcano,Maureen Marcano,Summer Sewald,West,GTX Plus Pro,high_ticket_4k_to_10k,5482,,,,,108.0,False,maureen_marcano,Maureen Marcano,Summer Sewald,West,74.25820338006682,0.5000000000000001,specialist_match,"product=GTX Plus Pro (strong_fit, n=32); ticket_band=high_ticket_4k_to_10k (strong_fit, n=62)",74.25820338006682,0.5000000000000001,specialist_match,1.0,False
VRYR5A81,engaging,wilburn_farren,Wilburn Farren,Cara Losch,East,GTX Basic,low_ticket_under_1k,550,Finhigh,finance,500m_to_1_5b,500_to_2k,281.0,True,moses_frase,Moses Frase,Dustin Brinkmann,Central,73.21607925953997,0.9664854215512676,specialist_match,"product=GTX Basic (strong_fit, n=59); ticket_band=low_ticket_under_1k (strong_fit, n=105); sector=finance (strong_fit, n=22)",,,not_candidate,,True
VSYO182N,engaging,kary_hendrixson,Kary Hendrixson,Summer Sewald,West,GTX Pro,high_ticket_4k_to_10k,4821,Dalttechnology,software,under_500m,under_500,183.0,True,maureen_marcano,Maureen Marcano,Summer Sewald,West,74.74720775053677,0.8836660026534077,specialist_match,"product=GTX Pro (strong_fit, n=30); ticket_band=high_ticket_4k_to_10k (strong_fit, n=62); sector=software (possible_fit, n=29)",62.61699945246039,0.9655790079237061,generalist_match,19.0,True
VUFZB941,prospecting,marty_freudenburg,Marty Freudenburg,Melvin Marxen,Central,GTX Plus Basic,mid_ticket_1k_to_4k,1096,,,,,,False,maureen_marcano,Maureen Marcano,Summer Sewald,West,73.48602163110729,0.5000000000000001,specialist_match,"product=GTX Plus Basic (strong_fit, n=70); ticket_band=mid_ticket_1k_to_4k (strong_fit, n=87)",62.274902896741885,0.5000000000000001,generalist_match,18.0,True
VV6T07G4,engaging,darcel_schlecht,Darcel Schlecht,Melvin Marxen,Central,MG Advanced,mid_ticket_1k_to_4k,3393,,,,,160.0,False,hayden_neloms,Hayden Neloms,Celia Rouche,West,74.19302882850188,0.5000000000000001,specialist_match,"product=MG Advanced (strong_fit, n=77); ticket_band=mid_ticket_1k_to_4k (possible_fit, n=119)",63.28724737299752,0.5000000000000001,possible_specialist,13.0,True
VVE9HGLD,engaging,kary_hendrixson,Kary Hendrixson,Summer Sewald,West,GTX Pro,high_ticket_4k_to_10k,4821,,,,,87.0,False,maureen_marcano,Maureen Marcano,Summer Sewald,West,73.54787621751144,0.5000000000000001,specialist_match,"product=GTX Pro (strong_fit, n=30); ticket_band=high_ticket_4k_to_10k (strong_fit, n=62)",62.91009537954826,0.5000000000000001,generalist_match,19.0,True
VVM42VWQ,engaging,anna_snelling,Anna Snelling,Dustin Brinkmann,Central,GTX Basic,low_ticket_under_1k,550,,,,,154.0,False,hayden_neloms,Hayden Neloms,Celia Rouche,West,70.07479583264518,0.15165750888103105,possible_specialist,"ticket_band=low_ticket_under_1k (possible_fit, n=23)",62.58976906657469,0.5000000000000001,specialist_match,19.0,True
VVO21D4Z,engaging,cecily_lampkin,Cecily Lampkin,Dustin Brinkmann,Central,GTX Basic,low_ticket_under_1k,550,,,,,159.0,False,hayden_neloms,Hayden Neloms,Celia Rouche,West,70.07479583264518,0.15165750888103105,possible_specialist,"ticket_band=low_ticket_under_1k (possible_fit, n=23)",66.92574903107476,0.5000000000000001,generalist_match,5.0,True
VW8CEV4C,prospecting,versie_hillebrand,Versie Hillebrand,Dustin Brinkmann,Central,MG Special,low_ticket_under_1k,55,Konmatfix,marketing,under_500m,500_to_2k,,True,hayden_neloms,Hayden Neloms,Celia Rouche,West,71.3258779830595,0.6170904842008752,possible_specialist,"product=MG Special (possible_fit, n=23); ticket_band=low_ticket_under_1k (possible_fit, n=23); employee_band=500_to_2k (neutral, n=30)",68.82232819501151,0.982915619758885,possible_specialist,3.0,True
VXMFL425,engaging,james_ascencio,James Ascencio,Summer Sewald,West,GTX Basic,low_ticket_under_1k,550,Faxquote,telecommunications,1_5b_to_3b,2k_to_10k,322.0,True,hayden_neloms,Hayden Neloms,Celia Rouche,West,71.72125620352504,0.5097713918894501,specialist_match,"ticket_band=low_ticket_under_1k (possible_fit, n=23); sector=telecommunications (neutral, n=15); revenue_band=1_5b_to_3b (strong_fit, n=54)",64.63061307257061,0.8581138830084191,generalist_match,14.0,True
VXTVHC1Z,engaging,boris_faz,Boris Faz,Rocco Neubert,East,GTX Plus Pro,high_ticket_4k_to_10k,5482,,,,,217.0,False,maureen_marcano,Maureen Marcano,Summer Sewald,West,74.25820338006682,0.5000000000000001,specialist_match,"product=GTX Plus Pro (strong_fit, n=32); ticket_band=high_ticket_4k_to_10k (strong_fit, n=62)",65.71958764849364,0.5000000000000001,possible_specialist,8.0,True
VY4IVO2W,engaging,kami_bicknell,Kami Bicknell,Summer Sewald,West,GTX Plus Basic,mid_ticket_1k_to_4k,1096,,,,,251.0,False,maureen_marcano,Maureen Marcano,Summer Sewald,West,73.48602163110729,0.5000000000000001,specialist_match,"product=GTX Plus Basic (strong_fit, n=70); ticket_band=mid_ticket_1k_to_4k (strong_fit, n=87)",61.37515449443525,0.5000000000000001,generalist_match,21.0,True
VYPYVO8V,engaging,vicki_laflamme,Vicki Laflamme,Celia Rouche,West,GTX Basic,low_ticket_under_1k,550,,,,,341.0,False,hayden_neloms,Hayden Neloms,Celia Rouche,West,70.07479583264518,0.15165750888103105,possible_specialist,"ticket_band=low_ticket_under_1k (possible_fit, n=23)",64.7618338807733,0.5000000000000001,possible_specialist,13.0,True
VYR4EWHR,engaging,kary_hendrixson,Kary Hendrixson,Summer Sewald,West,GTX Basic,low_ticket_under_1k,550,,,,,135.0,False,hayden_neloms,Hayden Neloms,Celia Rouche,West,70.07479583264518,0.15165750888103105,possible_specialist,"ticket_band=low_ticket_under_1k (possible_fit, n=23)",62.34894675423093,0.5000000000000001,generalist_match,20.0,True
VZ28EXFN,prospecting,marty_freudenburg,Marty Freudenburg,Melvin Marxen,Central,GTX Plus Basic,mid_ticket_1k_to_4k,1096,,,,,,False,maureen_marcano,Maureen Marcano,Summer Sewald,West,73.48602163110729,0.5000000000000001,specialist_match,"product=GTX Plus Basic (strong_fit, n=70); ticket_band=mid_ticket_1k_to_4k (strong_fit, n=87)",62.274902896741885,0.5000000000000001,generalist_match,18.0,True
W07RZO17,engaging,kary_hendrixson,Kary Hendrixson,Summer Sewald,West,MG Advanced,mid_ticket_1k_to_4k,3393,,,,,180.0,False,hayden_neloms,Hayden Neloms,Celia Rouche,West,74.19302882850188,0.5000000000000001,specialist_match,"product=MG Advanced (strong_fit, n=77); ticket_band=mid_ticket_1k_to_4k (possible_fit, n=119)",59.81089938030219,0.45980762113533163,generalist_match,23.0,True
W1XRTUT2,engaging,versie_hillebrand,Versie Hillebrand,Dustin Brinkmann,Central,MG Special,low_ticket_under_1k,55,Finhigh,finance,500m_to_1_5b,500_to_2k,138.0,True,hayden_neloms,Hayden Neloms,Celia Rouche,West,71.72724232828777,0.6199776366795383,possible_specialist,"product=MG Special (possible_fit, n=23); ticket_band=low_ticket_under_1k (possible_fit, n=23); revenue_band=500m_to_1_5b (neutral, n=31)",68.1520910231402,0.982915619758885,possible_specialist,5.0,True
W2149WNZ,prospecting,versie_hillebrand,Versie Hillebrand,Dustin Brinkmann,Central,MG Special,low_ticket_under_1k,55,Golddex,finance,under_500m,under_500,,True,hayden_neloms,Hayden Neloms,Celia Rouche,West,71.25903379752336,0.5304879438224314,possible_specialist,"product=MG Special (possible_fit, n=23); ticket_band=low_ticket_under_1k (possible_fit, n=23)",69.0981511141352,0.8774596669241485,specialist_match,2.0,True
W24IDMVV,engaging,corliss_cosme,Corliss Cosme,Cara Losch,East,GTX Plus Pro,high_ticket_4k_to_10k,5482,,,,,319.0,False,maureen_marcano,Maureen Marcano,Summer Sewald,West,74.25820338006682,0.5000000000000001,specialist_match,"product=GTX Plus Pro (strong_fit, n=32); ticket_band=high_ticket_4k_to_10k (strong_fit, n=62)",69.21379131703326,0.5000000000000001,specialist_match,3.0,True
W2K1S9N3,prospecting,lajuana_vencill,Lajuana Vencill,Dustin Brinkmann,Central,GTX Plus Basic,mid_ticket_1k_to_4k,1096,Dalttechnology,software,under_500m,under_500,,True,maureen_marcano,Maureen Marcano,Summer Sewald,West,74.68535316413262,0.8836660026534077,specialist_match,"product=GTX Plus Basic (strong_fit, n=70); ticket_band=mid_ticket_1k_to_4k (strong_fit, n=87); sector=software (possible_fit, n=29)",53.85366523343382,0.8,specialist_match,29.0,True
W4XB23IP,engaging,boris_faz,Boris Faz,Rocco Neubert,East,GTX Basic,low_ticket_under_1k,550,,,,,52.0,False,hayden_neloms,Hayden Neloms,Celia Rouche,West,70.07479583264518,0.15165750888103105,possible_specialist,"ticket_band=low_ticket_under_1k (possible_fit, n=23)",65.95994899029475,0.5000000000000001,generalist_match,8.0,True
W533W8G6,engaging,zane_levy,Zane Levy,Summer Sewald,West,GTX Basic,low_ticket_under_1k,550,,,,,118.0,False,hayden_neloms,Hayden Neloms,Celia Rouche,West,70.07479583264518,0.15165750888103105,possible_specialist,"ticket_band=low_ticket_under_1k (possible_fit, n=23)",60.2374782161471,0.5000000000000001,generalist_match,23.0,True
W5FH95XO,engaging,hayden_neloms,Hayden Neloms,Celia Rouche,West,MG Special,low_ticket_under_1k,55,,,,,62.0,False,hayden_neloms,Hayden Neloms,Celia Rouche,West,71.35150661886287,0.44534101199279935,possible_specialist,"product=MG Special (possible_fit, n=23); ticket_band=low_ticket_under_1k (possible_fit, n=23)",71.35150661886287,0.44534101199279935,possible_specialist,1.0,False
W72TPY7P,engaging,markita_hansen,Markita Hansen,Celia Rouche,West,MG Special,low_ticket_under_1k,55,,,,,73.0,False,hayden_neloms,Hayden Neloms,Celia Rouche,West,71.35150661886287,0.44534101199279935,possible_specialist,"product=MG Special (possible_fit, n=23); ticket_band=low_ticket_under_1k (possible_fit, n=23)",53.93836042838683,0.5000000000000001,generalist_match,28.0,True
W8CXDBQN,engaging,vicki_laflamme,Vicki Laflamme,Celia Rouche,West,MG Special,low_ticket_under_1k,55,,,,,352.0,False,hayden_neloms,Hayden Neloms,Celia Rouche,West,71.35150661886287,0.44534101199279935,possible_specialist,"product=MG Special (possible_fit, n=23); ticket_band=low_ticket_under_1k (possible_fit, n=23)",63.64770011642242,0.5000000000000001,generalist_match,15.0,True
WA3U0EVI,prospecting,gladys_colclough,Gladys Colclough,Melvin Marxen,Central,MG Special,low_ticket_under_1k,55,,,,,,False,hayden_neloms,Hayden Neloms,Celia Rouche,West,71.35150661886287,0.44534101199279935,possible_specialist,"product=MG Special (possible_fit, n=23); ticket_band=low_ticket_under_1k (possible_fit, n=23)",57.11865619131959,0.5000000000000001,generalist_match,26.0,True
WA4TPQ5U,engaging,maureen_marcano,Maureen Marcano,Summer Sewald,West,GTX Plus Basic,mid_ticket_1k_to_4k,1096,Zoomit,entertainment,under_500m,500_to_2k,201.0,True,maureen_marcano,Maureen Marcano,Summer Sewald,West,73.76925760407082,0.8850268562206162,specialist_match,"product=GTX Plus Basic (strong_fit, n=70); ticket_band=mid_ticket_1k_to_4k (strong_fit, n=87); revenue_band=under_500m (neutral, n=48)",73.76925760407082,0.8850268562206162,specialist_match,1.0,False
WALNFJ70,engaging,kary_hendrixson,Kary Hendrixson,Summer Sewald,West,GTX Plus Pro,high_ticket_4k_to_10k,5482,,,,,388.0,False,maureen_marcano,Maureen Marcano,Summer Sewald,West,74.25820338006682,0.5000000000000001,specialist_match,"product=GTX Plus Pro (strong_fit, n=32); ticket_band=high_ticket_4k_to_10k (strong_fit, n=62)",62.634701152531576,0.5000000000000001,generalist_match,19.0,True
WARBRUXU,engaging,jonathan_berthelot,Jonathan Berthelot,Melvin Marxen,Central,GTX Basic,low_ticket_under_1k,550,Stanredtax,finance,1_5b_to_3b,2k_to_10k,163.0,True,moses_frase,Moses Frase,Dustin Brinkmann,Central,71.72810807083873,0.9621960996699224,specialist_match,"product=GTX Basic (strong_fit, n=59); ticket_band=low_ticket_under_1k (strong_fit, n=105); sector=finance (strong_fit, n=22)",63.992067195076665,0.9866025403784439,possible_specialist,15.0,True
WAT7H38N,prospecting,versie_hillebrand,Versie Hillebrand,Dustin Brinkmann,Central,MG Special,low_ticket_under_1k,55,,,,,,False,hayden_neloms,Hayden Neloms,Celia Rouche,West,71.35150661886287,0.44534101199279935,possible_specialist,"product=MG Special (possible_fit, n=23); ticket_band=low_ticket_under_1k (possible_fit, n=23)",68.31320841592525,0.5000000000000001,possible_specialist,3.0,True
WD7Q5D3G,engaging,markita_hansen,Markita Hansen,Celia Rouche,West,GTX Plus Basic,mid_ticket_1k_to_4k,1096,,,,,146.0,False,maureen_marcano,Maureen Marcano,Summer Sewald,West,73.48602163110729,0.5000000000000001,specialist_match,"product=GTX Plus Basic (strong_fit, n=70); ticket_band=mid_ticket_1k_to_4k (strong_fit, n=87)",56.47081264336547,0.5000000000000001,generalist_match,27.0,True
WE2CEE8A,prospecting,jonathan_berthelot,Jonathan Berthelot,Melvin Marxen,Central,GTX Basic,low_ticket_under_1k,550,Dontechi,software,over_3b,over_10k,,True,hayden_neloms,Hayden Neloms,Celia Rouche,West,70.87283814533541,0.48403635912009035,possible_specialist,"ticket_band=low_ticket_under_1k (possible_fit, n=23); sector=software (neutral, n=14); revenue_band=over_3b (possible_fit, n=38)",64.54784224797481,0.9675384742825882,possible_specialist,13.0,True
WEES59KH,engaging,violet_mclelland,Violet Mclelland,Cara Losch,East,MG Special,low_ticket_under_1k,55,,,,,116.0,False,hayden_neloms,Hayden Neloms,Celia Rouche,West,71.35150661886287,0.44534101199279935,possible_specialist,"product=MG Special (possible_fit, n=23); ticket_band=low_ticket_under_1k (possible_fit, n=23)",63.49645821399774,0.5000000000000001,generalist_match,18.0,True
WEKW3XIN,engaging,cassey_cress,Cassey Cress,Rocco Neubert,East,GTX Plus Pro,high_ticket_4k_to_10k,5482,Condax,medical,under_500m,under_500,194.0,True,maureen_marcano,Maureen Marcano,Summer Sewald,West,75.82330135033024,0.8616173068539296,specialist_match,"product=GTX Plus Pro (strong_fit, n=32); ticket_band=high_ticket_4k_to_10k (strong_fit, n=62); sector=medical (strong_fit, n=19)",60.29008343121638,0.8987420882906575,possible_specialist,24.0,True
WFCEPHD3,engaging,markita_hansen,Markita Hansen,Celia Rouche,West,GTX Pro,high_ticket_4k_to_10k,4821,,,,,290.0,False,maureen_marcano,Maureen Marcano,Summer Sewald,West,73.54787621751144,0.5000000000000001,specialist_match,"product=GTX Pro (strong_fit, n=30); ticket_band=high_ticket_4k_to_10k (strong_fit, n=62)",56.37358742578493,0.5000000000000001,generalist_match,25.0,True
WGETO859,engaging,boris_faz,Boris Faz,Rocco Neubert,East,GTX Basic,low_ticket_under_1k,550,,,,,256.0,False,hayden_neloms,Hayden Neloms,Celia Rouche,West,70.07479583264518,0.15165750888103105,possible_specialist,"ticket_band=low_ticket_under_1k (possible_fit, n=23)",65.95994899029475,0.5000000000000001,generalist_match,8.0,True
WGFTBY3W,engaging,darcel_schlecht,Darcel Schlecht,Melvin Marxen,Central,GTX Pro,high_ticket_4k_to_10k,4821,,,,,160.0,False,maureen_marcano,Maureen Marcano,Summer Sewald,West,73.54787621751144,0.5000000000000001,specialist_match,"product=GTX Pro (strong_fit, n=30); ticket_band=high_ticket_4k_to_10k (strong_fit, n=62)",61.87208356326526,0.5000000000000001,generalist_match,22.0,True
WI5RHGX9,prospecting,versie_hillebrand,Versie Hillebrand,Dustin Brinkmann,Central,MG Special,low_ticket_under_1k,55,,,,,,False,hayden_neloms,Hayden Neloms,Celia Rouche,West,71.35150661886287,0.44534101199279935,possible_specialist,"product=MG Special (possible_fit, n=23); ticket_band=low_ticket_under_1k (possible_fit, n=23)",68.31320841592525,0.5000000000000001,possible_specialist,3.0,True
WIQQUZRQ,engaging,rosalina_dieter,Rosalina Dieter,Celia Rouche,West,MG Special,low_ticket_under_1k,55,,,,,112.0,False,hayden_neloms,Hayden Neloms,Celia Rouche,West,71.35150661886287,0.44534101199279935,possible_specialist,"product=MG Special (possible_fit, n=23); ticket_band=low_ticket_under_1k (possible_fit, n=23)",62.919303058283,0.5000000000000001,generalist_match,19.0,True
WJ7HDR4Q,prospecting,marty_freudenburg,Marty Freudenburg,Melvin Marxen,Central,MG Advanced,mid_ticket_1k_to_4k,3393,,,,,,False,hayden_neloms,Hayden Neloms,Celia Rouche,West,74.19302882850188,0.5000000000000001,specialist_match,"product=MG Advanced (strong_fit, n=77); ticket_band=mid_ticket_1k_to_4k (possible_fit, n=119)",60.0456314423343,0.5000000000000001,generalist_match,22.0,True
WJK0O5J9,prospecting,versie_hillebrand,Versie Hillebrand,Dustin Brinkmann,Central,MG Special,low_ticket_under_1k,55,Doncon,technology,500m_to_1_5b,500_to_2k,,True,hayden_neloms,Hayden Neloms,Celia Rouche,West,72.16630125047749,0.772730159844733,possible_specialist,"product=MG Special (possible_fit, n=23); ticket_band=low_ticket_under_1k (possible_fit, n=23); sector=technology (neutral, n=14)",68.70804462128832,0.9,possible_specialist,3.0,True
WJO52I18,engaging,cassey_cress,Cassey Cress,Rocco Neubert,East,GTX Pro,high_ticket_4k_to_10k,4821,Inity,marketing,1_5b_to_3b,2k_to_10k,57.0,True,maureen_marcano,Maureen Marcano,Summer Sewald,West,75.21634446536795,0.7000000000000001,specialist_match,"product=GTX Pro (strong_fit, n=30); ticket_band=high_ticket_4k_to_10k (strong_fit, n=62); revenue_band=1_5b_to_3b (strong_fit, n=65)",63.29874456834966,0.8779513042005219,specialist_match,16.0,True
WJQ8VD51,engaging,kami_bicknell,Kami Bicknell,Summer Sewald,West,GTX Basic,low_ticket_under_1k,550,Faxquote,telecommunications,1_5b_to_3b,2k_to_10k,315.0,True,hayden_neloms,Hayden Neloms,Celia Rouche,West,71.72125620352504,0.5097713918894501,specialist_match,"ticket_band=low_ticket_under_1k (possible_fit, n=23); sector=telecommunications (neutral, n=15); revenue_band=1_5b_to_3b (strong_fit, n=54)",63.34711603589124,0.9866025403784439,possible_specialist,17.0,True
WK1319MB,engaging,boris_faz,Boris Faz,Rocco Neubert,East,MG Advanced,mid_ticket_1k_to_4k,3393,,,,,130.0,False,hayden_neloms,Hayden Neloms,Celia Rouche,West,74.19302882850188,0.5000000000000001,specialist_match,"product=MG Advanced (strong_fit, n=77); ticket_band=mid_ticket_1k_to_4k (possible_fit, n=119)",66.55461435616154,0.46692695630078285,possible_specialist,7.0,True
WL6CZ7N4,engaging,marty_freudenburg,Marty Freudenburg,Melvin Marxen,Central,GTX Plus Basic,mid_ticket_1k_to_4k,1096,,,,,156.0,False,maureen_marcano,Maureen Marcano,Summer Sewald,West,73.48602163110729,0.5000000000000001,specialist_match,"product=GTX Plus Basic (strong_fit, n=70); ticket_band=mid_ticket_1k_to_4k (strong_fit, n=87)",62.274902896741885,0.5000000000000001,generalist_match,18.0,True
WLDFQR7Z,engaging,darcel_schlecht,Darcel Schlecht,Melvin Marxen,Central,MG Advanced,mid_ticket_1k_to_4k,3393,Bubba Gump,software,500m_to_1_5b,2k_to_10k,163.0,True,hayden_neloms,Hayden Neloms,Celia Rouche,West,75.21906830288435,0.8407866074734899,specialist_match,"product=MG Advanced (strong_fit, n=77); ticket_band=mid_ticket_1k_to_4k (possible_fit, n=119); sector=software (neutral, n=14)",63.25925519725403,0.9,possible_specialist,13.0,True
WLS5J30E,engaging,elease_gluck,Elease Gluck,Celia Rouche,West,MG Special,low_ticket_under_1k,55,Inity,marketing,1_5b_to_3b,2k_to_10k,275.0,True,hayden_neloms,Hayden Neloms,Celia Rouche,West,72.75091404754208,0.6453410119927994,specialist_match,"product=MG Special (possible_fit, n=23); ticket_band=low_ticket_under_1k (possible_fit, n=23); revenue_band=1_5b_to_3b (strong_fit, n=54)",64.19314578898131,0.6987420882906576,specialist_match,13.0,True
WM7XURV6,engaging,corliss_cosme,Corliss Cosme,Cara Losch,East,GTX Plus Basic,mid_ticket_1k_to_4k,1096,Groovestreet,retail,under_500m,under_500,223.0,True,maureen_marcano,Maureen Marcano,Summer Sewald,West,75.46238153784608,0.8836660026534077,specialist_match,"product=GTX Plus Basic (strong_fit, n=70); ticket_band=mid_ticket_1k_to_4k (strong_fit, n=87); sector=retail (strong_fit, n=39)",63.726329187606346,0.8866025403784439,possible_specialist,14.0,True
WNTAT1OT,engaging,boris_faz,Boris Faz,Rocco Neubert,East,GTX Basic,low_ticket_under_1k,550,,,,,122.0,False,hayden_neloms,Hayden Neloms,Celia Rouche,West,70.07479583264518,0.15165750888103105,possible_specialist,"ticket_band=low_ticket_under_1k (possible_fit, n=23)",65.95994899029475,0.5000000000000001,generalist_match,8.0,True
WNWI8RJU,prospecting,versie_hillebrand,Versie Hillebrand,Dustin Brinkmann,Central,MG Advanced,mid_ticket_1k_to_4k,3393,,,,,,False,hayden_neloms,Hayden Neloms,Celia Rouche,West,74.19302882850188,0.5000000000000001,specialist_match,"product=MG Advanced (strong_fit, n=77); ticket_band=mid_ticket_1k_to_4k (possible_fit, n=119)",65.52347623430107,0.5000000000000001,generalist_match,9.0,True
WO1OYV0Z,engaging,boris_faz,Boris Faz,Rocco Neubert,East,GTX Plus Pro,high_ticket_4k_to_10k,5482,,,,,147.0,False,maureen_marcano,Maureen Marcano,Summer Sewald,West,74.25820338006682,0.5000000000000001,specialist_match,"product=GTX Plus Pro (strong_fit, n=32); ticket_band=high_ticket_4k_to_10k (strong_fit, n=62)",65.71958764849364,0.5000000000000001,possible_specialist,8.0,True
WOO9JXOQ,engaging,gladys_colclough,Gladys Colclough,Melvin Marxen,Central,MG Advanced,mid_ticket_1k_to_4k,3393,Sumace,retail,under_500m,under_500,153.0,True,hayden_neloms,Hayden Neloms,Celia Rouche,West,75.18172101550789,0.7851469318296321,specialist_match,"product=MG Advanced (strong_fit, n=77); ticket_band=mid_ticket_1k_to_4k (possible_fit, n=119); sector=retail (possible_fit, n=36)",57.64315602549749,0.8,possible_specialist,26.0,True
WQ5U8PPM,engaging,niesha_huffines,Niesha Huffines,Melvin Marxen,Central,GTX Plus Basic,mid_ticket_1k_to_4k,1096,Umbrella Corporation,finance,1_5b_to_3b,2k_to_10k,158.0,True,maureen_marcano,Maureen Marcano,Summer Sewald,West,74.93341499288375,0.8527525231651948,specialist_match,"product=GTX Plus Basic (strong_fit, n=70); ticket_band=mid_ticket_1k_to_4k (strong_fit, n=87); revenue_band=1_5b_to_3b (strong_fit, n=65)",59.05313187261887,0.8825741858350554,specialist_match,25.0,True
WQAKXOYU,engaging,boris_faz,Boris Faz,Rocco Neubert,East,GTX Pro,high_ticket_4k_to_10k,4821,,,,,182.0,False,maureen_marcano,Maureen Marcano,Summer Sewald,West,73.54787621751144,0.5000000000000001,specialist_match,"product=GTX Pro (strong_fit, n=30); ticket_band=high_ticket_4k_to_10k (strong_fit, n=62)",67.53559743155327,0.49368350311176834,specialist_match,4.0,True
WQSJNIEZ,engaging,markita_hansen,Markita Hansen,Celia Rouche,West,GTX Basic,low_ticket_under_1k,550,,,,,240.0,False,hayden_neloms,Hayden Neloms,Celia Rouche,West,70.07479583264518,0.15165750888103105,possible_specialist,"ticket_band=low_ticket_under_1k (possible_fit, n=23)",56.20696202242551,0.5000000000000001,generalist_match,28.0,True
WR9CQB8E,prospecting,darcel_schlecht,Darcel Schlecht,Melvin Marxen,Central,MG Special,low_ticket_under_1k,55,,,,,,False,hayden_neloms,Hayden Neloms,Celia Rouche,West,71.35150661886287,0.44534101199279935,possible_specialist,"product=MG Special (possible_fit, n=23); ticket_band=low_ticket_under_1k (possible_fit, n=23)",63.550235622737446,0.5000000000000001,possible_specialist,16.0,True
WRKPDK7O,engaging,versie_hillebrand,Versie Hillebrand,Dustin Brinkmann,Central,GTX Plus Pro,high_ticket_4k_to_10k,5482,Hatfan,services,500m_to_1_5b,500_to_2k,152.0,True,maureen_marcano,Maureen Marcano,Summer Sewald,West,75.5542506996909,0.87162939659906,specialist_match,"product=GTX Plus Pro (strong_fit, n=32); ticket_band=high_ticket_4k_to_10k (strong_fit, n=62); sector=services (possible_fit, n=22)",68.06432243995242,0.6255380714699401,possible_specialist,4.0,True
WRUG19FZ,engaging,hayden_neloms,Hayden Neloms,Celia Rouche,West,MG Advanced,mid_ticket_1k_to_4k,3393,Vehement Capital Partners,finance,500m_to_1_5b,500_to_2k,352.0,True,hayden_neloms,Hayden Neloms,Celia Rouche,West,74.56876453792678,0.674636624686739,specialist_match,"product=MG Advanced (strong_fit, n=77); ticket_band=mid_ticket_1k_to_4k (possible_fit, n=119); revenue_band=500m_to_1_5b (neutral, n=31)",74.56876453792678,0.674636624686739,specialist_match,1.0,False
WS3BIQ4S,engaging,markita_hansen,Markita Hansen,Celia Rouche,West,GTX Plus Pro,high_ticket_4k_to_10k,5482,,,,,223.0,False,maureen_marcano,Maureen Marcano,Summer Sewald,West,74.25820338006682,0.5000000000000001,specialist_match,"product=GTX Plus Pro (strong_fit, n=32); ticket_band=high_ticket_4k_to_10k (strong_fit, n=62)",55.779851221069976,0.4291287847477921,generalist_match,27.0,True
WSO3NMK5,engaging,maureen_marcano,Maureen Marcano,Summer Sewald,West,MG Advanced,mid_ticket_1k_to_4k,3393,,,,,104.0,False,hayden_neloms,Hayden Neloms,Celia Rouche,West,74.19302882850188,0.5000000000000001,specialist_match,"product=MG Advanced (strong_fit, n=77); ticket_band=mid_ticket_1k_to_4k (possible_fit, n=119)",70.6450848580656,0.452487623459052,specialist_match,2.0,True
WSQHC199,engaging,darcel_schlecht,Darcel Schlecht,Melvin Marxen,Central,MG Special,low_ticket_under_1k,55,,,,,160.0,False,hayden_neloms,Hayden Neloms,Celia Rouche,West,71.35150661886287,0.44534101199279935,possible_specialist,"product=MG Special (possible_fit, n=23); ticket_band=low_ticket_under_1k (possible_fit, n=23)",63.550235622737446,0.5000000000000001,possible_specialist,16.0,True
WTAM4BED,engaging,cassey_cress,Cassey Cress,Rocco Neubert,East,MG Special,low_ticket_under_1k,55,,,,,201.0,False,hayden_neloms,Hayden Neloms,Celia Rouche,West,71.35150661886287,0.44534101199279935,possible_specialist,"product=MG Special (possible_fit, n=23); ticket_band=low_ticket_under_1k (possible_fit, n=23)",62.289546863103894,0.4371708245126285,generalist_match,21.0,True
WTD6O2OR,prospecting,anna_snelling,Anna Snelling,Dustin Brinkmann,Central,MG Advanced,mid_ticket_1k_to_4k,3393,Betasoloin,medical,under_500m,under_500,,True,hayden_neloms,Hayden Neloms,Celia Rouche,West,74.6823349008157,0.7265682880669416,specialist_match,"product=MG Advanced (strong_fit, n=77); ticket_band=mid_ticket_1k_to_4k (possible_fit, n=119); sector=medical (neutral, n=12)",58.10712432515181,0.8880340843082951,specialist_match,25.0,True
WU81R3XH,engaging,lajuana_vencill,Lajuana Vencill,Dustin Brinkmann,Central,GTX Basic,low_ticket_under_1k,550,,,,,153.0,False,hayden_neloms,Hayden Neloms,Celia Rouche,West,70.07479583264518,0.15165750888103105,possible_specialist,"ticket_band=low_ticket_under_1k (possible_fit, n=23)",52.685793792795806,0.5000000000000001,generalist_match,29.0,True
WUNMIJW9,engaging,elease_gluck,Elease Gluck,Celia Rouche,West,MG Advanced,mid_ticket_1k_to_4k,3393,,,,,304.0,False,hayden_neloms,Hayden Neloms,Celia Rouche,West,74.19302882850188,0.5000000000000001,specialist_match,"product=MG Advanced (strong_fit, n=77); ticket_band=mid_ticket_1k_to_4k (possible_fit, n=119)",62.22215858688235,0.4760681686165901,generalist_match,18.0,True
WV2YBM8V,engaging,kary_hendrixson,Kary Hendrixson,Summer Sewald,West,GTX Basic,low_ticket_under_1k,550,,,,,92.0,False,hayden_neloms,Hayden Neloms,Celia Rouche,West,70.07479583264518,0.15165750888103105,possible_specialist,"ticket_band=low_ticket_under_1k (possible_fit, n=23)",62.34894675423093,0.5000000000000001,generalist_match,20.0,True
WVKBXWA9,engaging,rosie_papadopoulos,Rosie Papadopoulos,Cara Losch,East,MG Advanced,mid_ticket_1k_to_4k,3393,,,,,103.0,False,hayden_neloms,Hayden Neloms,Celia Rouche,West,74.19302882850188,0.5000000000000001,specialist_match,"product=MG Advanced (strong_fit, n=77); ticket_band=mid_ticket_1k_to_4k (possible_fit, n=119)",62.58719212975716,0.4732050807568878,generalist_match,15.0,True
WVT3X6IC,engaging,versie_hillebrand,Versie Hillebrand,Dustin Brinkmann,Central,MG Special,low_ticket_under_1k,55,,,,,157.0,False,hayden_neloms,Hayden Neloms,Celia Rouche,West,71.35150661886287,0.44534101199279935,possible_specialist,"product=MG Special (possible_fit, n=23); ticket_band=low_ticket_under_1k (possible_fit, n=23)",68.31320841592525,0.5000000000000001,possible_specialist,3.0,True
WW1WV7IT,engaging,cassey_cress,Cassey Cress,Rocco Neubert,East,GTX Pro,high_ticket_4k_to_10k,4821,Cancity,retail,500m_to_1_5b,2k_to_10k,275.0,True,maureen_marcano,Maureen Marcano,Summer Sewald,West,76.3401968370962,0.8866025403784439,specialist_match,"product=GTX Pro (strong_fit, n=30); ticket_band=high_ticket_4k_to_10k (strong_fit, n=62); sector=retail (strong_fit, n=39)",65.71760632820202,0.9,specialist_match,11.0,True
WWCMITY9,engaging,rosalina_dieter,Rosalina Dieter,Celia Rouche,West,GTX Pro,high_ticket_4k_to_10k,4821,Funholding,finance,1_5b_to_3b,2k_to_10k,202.0,True,maureen_marcano,Maureen Marcano,Summer Sewald,West,74.9952695792879,0.8527525231651948,specialist_match,"product=GTX Pro (strong_fit, n=30); ticket_band=high_ticket_4k_to_10k (strong_fit, n=62); revenue_band=1_5b_to_3b (strong_fit, n=65)",65.2091646333911,0.19082951062292478,possible_specialist,12.0,True
WX546S1D,engaging,marty_freudenburg,Marty Freudenburg,Melvin Marxen,Central,GTX Basic,low_ticket_under_1k,550,,,,,157.0,False,hayden_neloms,Hayden Neloms,Celia Rouche,West,70.07479583264518,0.15165750888103105,possible_specialist,"ticket_band=low_ticket_under_1k (possible_fit, n=23)",63.85390031863743,0.5000000000000001,specialist_match,17.0,True
WZ3FJA3V,engaging,zane_levy,Zane Levy,Summer Sewald,West,GTX Plus Basic,mid_ticket_1k_to_4k,1096,Labdrill,medical,1_5b_to_3b,2k_to_10k,128.0,True,maureen_marcano,Maureen Marcano,Summer Sewald,West,76.43250379094937,0.8779513042005219,specialist_match,"product=GTX Plus Basic (strong_fit, n=70); ticket_band=mid_ticket_1k_to_4k (strong_fit, n=87); sector=medical (strong_fit, n=19)",60.45485024530759,0.9,generalist_match,23.0,True
WZN26QZQ,engaging,corliss_cosme,Corliss Cosme,Cara Losch,East,GTX Plus Pro,high_ticket_4k_to_10k,5482,Lexiqvolax,medical,1_5b_to_3b,2k_to_10k,126.0,True,maureen_marcano,Maureen Marcano,Summer Sewald,West,77.2046855399089,0.8779513042005219,specialist_match,"product=GTX Plus Pro (strong_fit, n=32); ticket_band=high_ticket_4k_to_10k (strong_fit, n=62); sector=medical (strong_fit, n=19)",70.42485284729207,0.9,specialist_match,3.0,True
X1D1HYMM,engaging,james_ascencio,James Ascencio,Summer Sewald,West,GTX Plus Pro,high_ticket_4k_to_10k,5482,,,,,309.0,False,maureen_marcano,Maureen Marcano,Summer Sewald,West,74.25820338006682,0.5000000000000001,specialist_match,"product=GTX Plus Pro (strong_fit, n=32); ticket_band=high_ticket_4k_to_10k (strong_fit, n=62)",66.57595272208489,0.5000000000000001,possible_specialist,5.0,True
X2REWR7J,prospecting,niesha_huffines,Niesha Huffines,Melvin Marxen,Central,GTX Pro,high_ticket_4k_to_10k,4821,,,,,,False,maureen_marcano,Maureen Marcano,Summer Sewald,West,73.54787621751144,0.5000000000000001,specialist_match,"product=GTX Pro (strong_fit, n=30); ticket_band=high_ticket_4k_to_10k (strong_fit, n=62)",54.917001713341385,0.39942264840705605,generalist_match,27.0,True
X33HL9WS,engaging,daniell_hammack,Daniell Hammack,Rocco Neubert,East,GTX Plus Basic,mid_ticket_1k_to_4k,1096,,,,,156.0,False,maureen_marcano,Maureen Marcano,Summer Sewald,West,73.48602163110729,0.5000000000000001,specialist_match,"product=GTX Plus Basic (strong_fit, n=70); ticket_band=mid_ticket_1k_to_4k (strong_fit, n=87)",59.095704895820504,0.5000000000000001,generalist_match,24.0,True
X3KQZM1K,prospecting,gladys_colclough,Gladys Colclough,Melvin Marxen,Central,MG Special,low_ticket_under_1k,55,,,,,,False,hayden_neloms,Hayden Neloms,Celia Rouche,West,71.35150661886287,0.44534101199279935,possible_specialist,"product=MG Special (possible_fit, n=23); ticket_band=low_ticket_under_1k (possible_fit, n=23)",57.11865619131959,0.5000000000000001,generalist_match,26.0,True
X3ZSQCH8,engaging,kami_bicknell,Kami Bicknell,Summer Sewald,West,GTX Basic,low_ticket_under_1k,550,Scotfind,software,over_3b,over_10k,324.0,True,hayden_neloms,Hayden Neloms,Celia Rouche,West,70.77226018635402,0.5547470372387452,possible_specialist,"ticket_band=low_ticket_under_1k (possible_fit, n=23); sector=software (neutral, n=14); revenue_band=over_3b (possible_fit, n=38)",66.23843862254401,0.9790569415042095,specialist_match,9.0,True
X4FW4JR1,engaging,kary_hendrixson,Kary Hendrixson,Summer Sewald,West,GTX Basic,low_ticket_under_1k,550,,,,,230.0,False,hayden_neloms,Hayden Neloms,Celia Rouche,West,70.07479583264518,0.15165750888103105,possible_specialist,"ticket_band=low_ticket_under_1k (possible_fit, n=23)",62.34894675423093,0.5000000000000001,generalist_match,20.0,True
X4THRRSJ,prospecting,darcel_schlecht,Darcel Schlecht,Melvin Marxen,Central,MG Advanced,mid_ticket_1k_to_4k,3393,,,,,,False,hayden_neloms,Hayden Neloms,Celia Rouche,West,74.19302882850188,0.5000000000000001,specialist_match,"product=MG Advanced (strong_fit, n=77); ticket_band=mid_ticket_1k_to_4k (possible_fit, n=119)",63.28724737299752,0.5000000000000001,possible_specialist,13.0,True
X6NSKI7H,engaging,cassey_cress,Cassey Cress,Rocco Neubert,East,GTX Basic,low_ticket_under_1k,550,,,,,116.0,False,hayden_neloms,Hayden Neloms,Celia Rouche,West,70.07479583264518,0.15165750888103105,possible_specialist,"ticket_band=low_ticket_under_1k (possible_fit, n=23)",61.41984833091624,0.5000000000000001,generalist_match,21.0,True
X7MN9ROG,engaging,vicki_laflamme,Vicki Laflamme,Celia Rouche,West,GTX Plus Pro,high_ticket_4k_to_10k,5482,,,,,69.0,False,maureen_marcano,Maureen Marcano,Summer Sewald,West,74.25820338006682,0.5000000000000001,specialist_match,"product=GTX Plus Pro (strong_fit, n=32); ticket_band=high_ticket_4k_to_10k (strong_fit, n=62)",63.064656958982155,0.5000000000000001,generalist_match,18.0,True
X8GGF9MG,engaging,rosalina_dieter,Rosalina Dieter,Celia Rouche,West,MG Special,low_ticket_under_1k,55,Dontechi,software,over_3b,over_10k,263.0,True,hayden_neloms,Hayden Neloms,Celia Rouche,West,72.1495489315531,0.7777198622318587,possible_specialist,"product=MG Special (possible_fit, n=23); ticket_band=low_ticket_under_1k (possible_fit, n=23); sector=software (neutral, n=14)",63.091162643162235,0.5724568837309473,generalist_match,16.0,True
X8M3SCVF,engaging,darcel_schlecht,Darcel Schlecht,Melvin Marxen,Central,GTX Basic,low_ticket_under_1k,550,,,,,165.0,False,hayden_neloms,Hayden Neloms,Celia Rouche,West,70.07479583264518,0.15165750888103105,possible_specialist,"ticket_band=low_ticket_under_1k (possible_fit, n=23)",64.35527881140102,0.5000000000000001,possible_specialist,15.0,True
X9HFP474,engaging,daniell_hammack,Daniell Hammack,Rocco Neubert,East,GTX Basic,low_ticket_under_1k,550,Dontechi,software,over_3b,over_10k,172.0,True,hayden_neloms,Hayden Neloms,Celia Rouche,West,70.87283814533541,0.48403635912009035,possible_specialist,"ticket_band=low_ticket_under_1k (possible_fit, n=23); sector=software (neutral, n=14); revenue_band=over_3b (possible_fit, n=38)",60.03356157086157,0.8142224957808438,possible_specialist,23.0,True
X9L0T199,engaging,kami_bicknell,Kami Bicknell,Summer Sewald,West,GTX Pro,high_ticket_4k_to_10k,4821,,,,,135.0,False,maureen_marcano,Maureen Marcano,Summer Sewald,West,73.54787621751144,0.5000000000000001,specialist_match,"product=GTX Pro (strong_fit, n=30); ticket_band=high_ticket_4k_to_10k (strong_fit, n=62)",62.17486893491999,0.5000000000000001,generalist_match,21.0,True
X9NUTLTR,prospecting,gladys_colclough,Gladys Colclough,Melvin Marxen,Central,MG Advanced,mid_ticket_1k_to_4k,3393,,,,,,False,hayden_neloms,Hayden Neloms,Celia Rouche,West,74.19302882850188,0.5000000000000001,specialist_match,"product=MG Advanced (strong_fit, n=77); ticket_band=mid_ticket_1k_to_4k (possible_fit, n=119)",59.21581989401588,0.5000000000000001,possible_specialist,24.0,True
XAC1J3TF,engaging,rosalina_dieter,Rosalina Dieter,Celia Rouche,West,MG Advanced,mid_ticket_1k_to_4k,3393,,,,,230.0,False,hayden_neloms,Hayden Neloms,Celia Rouche,West,74.19302882850188,0.5000000000000001,specialist_match,"product=MG Advanced (strong_fit, n=77); ticket_band=mid_ticket_1k_to_4k (possible_fit, n=119)",67.22975297684799,0.46101550841858346,possible_specialist,5.0,True
XARW0KTX,prospecting,gladys_colclough,Gladys Colclough,Melvin Marxen,Central,GTX Pro,high_ticket_4k_to_10k,4821,,,,,,False,maureen_marcano,Maureen Marcano,Summer Sewald,West,73.54787621751144,0.5000000000000001,specialist_match,"product=GTX Pro (strong_fit, n=30); ticket_band=high_ticket_4k_to_10k (strong_fit, n=62)",54.783595944048166,0.5000000000000001,generalist_match,28.0,True
XB1ZV04H,engaging,versie_hillebrand,Versie Hillebrand,Dustin Brinkmann,Central,GTX Basic,low_ticket_under_1k,550,,,,,150.0,False,hayden_neloms,Hayden Neloms,Celia Rouche,West,70.07479583264518,0.15165750888103105,possible_specialist,"ticket_band=low_ticket_under_1k (possible_fit, n=23)",67.32182856636227,0.4738612787525831,possible_specialist,3.0,True
XBPJ6M4K,engaging,kary_hendrixson,Kary Hendrixson,Summer Sewald,West,GTX Basic,low_ticket_under_1k,550,Finhigh,finance,500m_to_1_5b,500_to_2k,122.0,True,moses_frase,Moses Frase,Dustin Brinkmann,Central,73.21607925953997,0.9664854215512676,specialist_match,"product=GTX Basic (strong_fit, n=59); ticket_band=low_ticket_under_1k (strong_fit, n=105); sector=finance (strong_fit, n=22)",63.421231203808716,0.8825741858350554,specialist_match,17.0,True
XDECB9X2,engaging,vicki_laflamme,Vicki Laflamme,Celia Rouche,West,GTX Basic,low_ticket_under_1k,550,,,,,268.0,False,hayden_neloms,Hayden Neloms,Celia Rouche,West,70.07479583264518,0.15165750888103105,possible_specialist,"ticket_band=low_ticket_under_1k (possible_fit, n=23)",64.7618338807733,0.5000000000000001,possible_specialist,13.0,True
XETF5BVH,prospecting,darcel_schlecht,Darcel Schlecht,Melvin Marxen,Central,GTX Plus Pro,high_ticket_4k_to_10k,5482,Finjob,employment,1_5b_to_3b,2k_to_10k,,True,maureen_marcano,Maureen Marcano,Summer Sewald,West,75.1933618934949,0.9823915424529561,specialist_match,"product=GTX Plus Pro (strong_fit, n=32); ticket_band=high_ticket_4k_to_10k (strong_fit, n=62); revenue_band=1_5b_to_3b (strong_fit, n=65)",63.639478062580096,0.8581138830084191,specialist_match,14.0,True
XFB1VXQY,engaging,maureen_marcano,Maureen Marcano,Summer Sewald,West,MG Advanced,mid_ticket_1k_to_4k,3393,,,,,281.0,False,hayden_neloms,Hayden Neloms,Celia Rouche,West,74.19302882850188,0.5000000000000001,specialist_match,"product=MG Advanced (strong_fit, n=77); ticket_band=mid_ticket_1k_to_4k (possible_fit, n=119)",70.6450848580656,0.452487623459052,specialist_match,2.0,True
XFCKQ7RI,engaging,darcel_schlecht,Darcel Schlecht,Melvin Marxen,Central,MG Advanced,mid_ticket_1k_to_4k,3393,,,,,159.0,False,hayden_neloms,Hayden Neloms,Celia Rouche,West,74.19302882850188,0.5000000000000001,specialist_match,"product=MG Advanced (strong_fit, n=77); ticket_band=mid_ticket_1k_to_4k (possible_fit, n=119)",63.28724737299752,0.5000000000000001,possible_specialist,13.0,True
XGHMOHYQ,engaging,lajuana_vencill,Lajuana Vencill,Dustin Brinkmann,Central,GTX Basic,low_ticket_under_1k,550,,,,,138.0,False,hayden_neloms,Hayden Neloms,Celia Rouche,West,70.07479583264518,0.15165750888103105,possible_specialist,"ticket_band=low_ticket_under_1k (possible_fit, n=23)",52.685793792795806,0.5000000000000001,generalist_match,29.0,True
XGMTNND1,prospecting,darcel_schlecht,Darcel Schlecht,Melvin Marxen,Central,GTX Pro,high_ticket_4k_to_10k,4821,,,,,,False,maureen_marcano,Maureen Marcano,Summer Sewald,West,73.54787621751144,0.5000000000000001,specialist_match,"product=GTX Pro (strong_fit, n=30); ticket_band=high_ticket_4k_to_10k (strong_fit, n=62)",61.87208356326526,0.5000000000000001,generalist_match,22.0,True
XM4VD3NN,engaging,markita_hansen,Markita Hansen,Celia Rouche,West,GTX Plus Basic,mid_ticket_1k_to_4k,1096,,,,,271.0,False,maureen_marcano,Maureen Marcano,Summer Sewald,West,73.48602163110729,0.5000000000000001,specialist_match,"product=GTX Plus Basic (strong_fit, n=70); ticket_band=mid_ticket_1k_to_4k (strong_fit, n=87)",56.47081264336547,0.5000000000000001,generalist_match,27.0,True
XNHTLVT1,engaging,gladys_colclough,Gladys Colclough,Melvin Marxen,Central,MG Special,low_ticket_under_1k,55,,,,,162.0,False,hayden_neloms,Hayden Neloms,Celia Rouche,West,71.35150661886287,0.44534101199279935,possible_specialist,"product=MG Special (possible_fit, n=23); ticket_band=low_ticket_under_1k (possible_fit, n=23)",57.11865619131959,0.5000000000000001,generalist_match,26.0,True
XNKIZY9J,engaging,corliss_cosme,Corliss Cosme,Cara Losch,East,MG Advanced,mid_ticket_1k_to_4k,3393,,,,,135.0,False,hayden_neloms,Hayden Neloms,Celia Rouche,West,74.19302882850188,0.5000000000000001,specialist_match,"product=MG Advanced (strong_fit, n=77); ticket_band=mid_ticket_1k_to_4k (possible_fit, n=119)",62.18936719088769,0.4806243040080457,generalist_match,19.0,True
XOVYPE58,engaging,rosie_papadopoulos,Rosie Papadopoulos,Cara Losch,East,GTX Pro,high_ticket_4k_to_10k,4821,Betasoloin,medical,under_500m,under_500,256.0,True,maureen_marcano,Maureen Marcano,Summer Sewald,West,75.11297418777487,0.8616173068539296,specialist_match,"product=GTX Pro (strong_fit, n=30); ticket_band=high_ticket_4k_to_10k (strong_fit, n=62); sector=medical (strong_fit, n=19)",68.42833820492424,0.7390357604246895,specialist_match,5.0,True
XQ0N9T87,engaging,hayden_neloms,Hayden Neloms,Celia Rouche,West,MG Advanced,mid_ticket_1k_to_4k,3393,,,,,265.0,False,hayden_neloms,Hayden Neloms,Celia Rouche,West,74.19302882850188,0.5000000000000001,specialist_match,"product=MG Advanced (strong_fit, n=77); ticket_band=mid_ticket_1k_to_4k (possible_fit, n=119)",74.19302882850188,0.5000000000000001,specialist_match,1.0,False
XQY4Z4KI,engaging,rosie_papadopoulos,Rosie Papadopoulos,Cara Losch,East,MG Special,low_ticket_under_1k,55,,,,,208.0,False,hayden_neloms,Hayden Neloms,Celia Rouche,West,71.35150661886287,0.44534101199279935,possible_specialist,"product=MG Special (possible_fit, n=23); ticket_band=low_ticket_under_1k (possible_fit, n=23)",63.521637062796955,0.5000000000000001,generalist_match,17.0,True
XRDF1NAB,engaging,zane_levy,Zane Levy,Summer Sewald,West,GTX Pro,high_ticket_4k_to_10k,4821,,,,,305.0,False,maureen_marcano,Maureen Marcano,Summer Sewald,West,73.54787621751144,0.5000000000000001,specialist_match,"product=GTX Pro (strong_fit, n=30); ticket_band=high_ticket_4k_to_10k (strong_fit, n=62)",62.897587492789604,0.5000000000000001,possible_specialist,20.0,True
XRJ54GNR,prospecting,anna_snelling,Anna Snelling,Dustin Brinkmann,Central,GTX Basic,low_ticket_under_1k,550,,,,,,False,hayden_neloms,Hayden Neloms,Celia Rouche,West,70.07479583264518,0.15165750888103105,possible_specialist,"ticket_band=low_ticket_under_1k (possible_fit, n=23)",62.58976906657469,0.5000000000000001,specialist_match,19.0,True
XRO7PMA2,engaging,cassey_cress,Cassey Cress,Rocco Neubert,East,GTX Plus Basic,mid_ticket_1k_to_4k,1096,,,,,228.0,False,maureen_marcano,Maureen Marcano,Summer Sewald,West,73.48602163110729,0.5000000000000001,specialist_match,"product=GTX Plus Basic (strong_fit, n=70); ticket_band=mid_ticket_1k_to_4k (strong_fit, n=87)",62.03229146480558,0.5000000000000001,generalist_match,19.0,True
XRWMLGOG,engaging,james_ascencio,James Ascencio,Summer Sewald,West,MG Advanced,mid_ticket_1k_to_4k,3393,,,,,166.0,False,hayden_neloms,Hayden Neloms,Celia Rouche,West,74.19302882850188,0.5000000000000001,specialist_match,"product=MG Advanced (strong_fit, n=77); ticket_band=mid_ticket_1k_to_4k (possible_fit, n=119)",67.33380886620368,0.44243315085963286,possible_specialist,4.0,True
XRZNF1LQ,engaging,kary_hendrixson,Kary Hendrixson,Summer Sewald,West,GTX Pro,high_ticket_4k_to_10k,4821,,,,,122.0,False,maureen_marcano,Maureen Marcano,Summer Sewald,West,73.54787621751144,0.5000000000000001,specialist_match,"product=GTX Pro (strong_fit, n=30); ticket_band=high_ticket_4k_to_10k (strong_fit, n=62)",62.91009537954826,0.5000000000000001,generalist_match,19.0,True
XRZVJPD5,engaging,maureen_marcano,Maureen Marcano,Summer Sewald,West,GTX Plus Basic,mid_ticket_1k_to_4k,1096,,,,,307.0,False,maureen_marcano,Maureen Marcano,Summer Sewald,West,73.48602163110729,0.5000000000000001,specialist_match,"product=GTX Plus Basic (strong_fit, n=70); ticket_band=mid_ticket_1k_to_4k (strong_fit, n=87)",73.48602163110729,0.5000000000000001,specialist_match,1.0,False
XS7B6QT7,prospecting,lajuana_vencill,Lajuana Vencill,Dustin Brinkmann,Central,MG Special,low_ticket_under_1k,55,,,,,,False,hayden_neloms,Hayden Neloms,Celia Rouche,West,71.35150661886287,0.44534101199279935,possible_specialist,"product=MG Special (possible_fit, n=23); ticket_band=low_ticket_under_1k (possible_fit, n=23)",51.63006348969593,0.5000000000000001,generalist_match,29.0,True
XS7L2AQE,prospecting,moses_frase,Moses Frase,Dustin Brinkmann,Central,GTX Basic,low_ticket_under_1k,550,Zencorporation,technology,under_500m,under_500,,True,moses_frase,Moses Frase,Dustin Brinkmann,Central,70.61313905364558,0.7948683298050515,specialist_match,"product=GTX Basic (strong_fit, n=59); ticket_band=low_ticket_under_1k (strong_fit, n=105); sector=technology (possible_fit, n=32)",70.61313905364558,0.7948683298050515,specialist_match,1.0,False
XSEG5T4H,engaging,markita_hansen,Markita Hansen,Celia Rouche,West,GTX Plus Basic,mid_ticket_1k_to_4k,1096,Zoomit,entertainment,under_500m,500_to_2k,58.0,True,maureen_marcano,Maureen Marcano,Summer Sewald,West,73.76925760407082,0.8850268562206162,specialist_match,"product=GTX Plus Basic (strong_fit, n=70); ticket_band=mid_ticket_1k_to_4k (strong_fit, n=87); revenue_band=under_500m (neutral, n=48)",58.64324792280314,0.8870828693386972,specialist_match,25.0,True
XSTGL252,engaging,cassey_cress,Cassey Cress,Rocco Neubert,East,GTX Pro,high_ticket_4k_to_10k,4821,Toughzap,retail,under_500m,500_to_2k,77.0,True,maureen_marcano,Maureen Marcano,Summer Sewald,West,75.61362747358562,0.8935414346693485,specialist_match,"product=GTX Pro (strong_fit, n=30); ticket_band=high_ticket_4k_to_10k (strong_fit, n=62); sector=retail (strong_fit, n=39)",64.66075580344673,0.9,specialist_match,13.0,True
XT8HCGAD,engaging,rosalina_dieter,Rosalina Dieter,Celia Rouche,West,MG Special,low_ticket_under_1k,55,Bubba Gump,software,500m_to_1_5b,2k_to_10k,112.0,True,hayden_neloms,Hayden Neloms,Celia Rouche,West,72.37754609324534,0.7861276194662892,specialist_match,"product=MG Special (possible_fit, n=23); ticket_band=low_ticket_under_1k (possible_fit, n=23); sector=software (neutral, n=14)",62.80015393288741,0.682158383625775,generalist_match,19.0,True
XT9QCG8T,prospecting,niesha_huffines,Niesha Huffines,Melvin Marxen,Central,GTX Plus Basic,mid_ticket_1k_to_4k,1096,Zoomit,entertainment,under_500m,500_to_2k,,True,maureen_marcano,Maureen Marcano,Summer Sewald,West,73.76925760407082,0.8850268562206162,specialist_match,"product=GTX Plus Basic (strong_fit, n=70); ticket_band=mid_ticket_1k_to_4k (strong_fit, n=87); revenue_band=under_500m (neutral, n=48)",61.12975286339598,0.6948683298050515,specialist_match,21.0,True
XTE9XJTS,engaging,kary_hendrixson,Kary Hendrixson,Summer Sewald,West,MG Special,low_ticket_under_1k,55,Zencorporation,technology,under_500m,under_500,210.0,True,hayden_neloms,Hayden Neloms,Celia Rouche,West,71.69809271971307,0.6832404669876261,possible_specialist,"product=MG Special (possible_fit, n=23); ticket_band=low_ticket_under_1k (possible_fit, n=23); sector=technology (neutral, n=14)",60.691381083713125,0.8948683298050514,generalist_match,23.0,True
XTXMQMRC,prospecting,darcel_schlecht,Darcel Schlecht,Melvin Marxen,Central,GTX Plus Basic,mid_ticket_1k_to_4k,1096,,,,,,False,maureen_marcano,Maureen Marcano,Summer Sewald,West,73.48602163110729,0.5000000000000001,specialist_match,"product=GTX Plus Basic (strong_fit, n=70); ticket_band=mid_ticket_1k_to_4k (strong_fit, n=87)",64.79805655096737,0.5000000000000001,specialist_match,10.0,True
XU836DFA,engaging,kami_bicknell,Kami Bicknell,Summer Sewald,West,GTX Basic,low_ticket_under_1k,550,,,,,196.0,False,hayden_neloms,Hayden Neloms,Celia Rouche,West,70.07479583264518,0.15165750888103105,possible_specialist,"ticket_band=low_ticket_under_1k (possible_fit, n=23)",64.9706180992233,0.5000000000000001,possible_specialist,12.0,True
XV41LZYE,engaging,lajuana_vencill,Lajuana Vencill,Dustin Brinkmann,Central,GTX Basic,low_ticket_under_1k,550,,,,,156.0,False,hayden_neloms,Hayden Neloms,Celia Rouche,West,70.07479583264518,0.15165750888103105,possible_specialist,"ticket_band=low_ticket_under_1k (possible_fit, n=23)",52.685793792795806,0.5000000000000001,generalist_match,29.0,True
XVB2CGL6,engaging,maureen_marcano,Maureen Marcano,Summer Sewald,West,GTX Pro,high_ticket_4k_to_10k,4821,,,,,163.0,False,maureen_marcano,Maureen Marcano,Summer Sewald,West,73.54787621751144,0.5000000000000001,specialist_match,"product=GTX Pro (strong_fit, n=30); ticket_band=high_ticket_4k_to_10k (strong_fit, n=62)",73.54787621751144,0.5000000000000001,specialist_match,1.0,False
XVQ3OA99,prospecting,jonathan_berthelot,Jonathan Berthelot,Melvin Marxen,Central,GTX Basic,low_ticket_under_1k,550,,,,,,False,hayden_neloms,Hayden Neloms,Celia Rouche,West,70.07479583264518,0.15165750888103105,possible_specialist,"ticket_band=low_ticket_under_1k (possible_fit, n=23)",65.41096422849174,0.5000000000000001,possible_specialist,10.0,True
XXD7OQOH,engaging,markita_hansen,Markita Hansen,Celia Rouche,West,MG Special,low_ticket_under_1k,55,,,,,123.0,False,hayden_neloms,Hayden Neloms,Celia Rouche,West,71.35150661886287,0.44534101199279935,possible_specialist,"product=MG Special (possible_fit, n=23); ticket_band=low_ticket_under_1k (possible_fit, n=23)",53.93836042838683,0.5000000000000001,generalist_match,28.0,True
XXUGTDX7,engaging,vicki_laflamme,Vicki Laflamme,Celia Rouche,West,MG Special,low_ticket_under_1k,55,,,,,278.0,False,hayden_neloms,Hayden Neloms,Celia Rouche,West,71.35150661886287,0.44534101199279935,possible_specialist,"product=MG Special (possible_fit, n=23); ticket_band=low_ticket_under_1k (possible_fit, n=23)",63.64770011642242,0.5000000000000001,generalist_match,15.0,True
XYLNH45V,engaging,daniell_hammack,Daniell Hammack,Rocco Neubert,East,GTX Plus Basic,mid_ticket_1k_to_4k,1096,Zathunicon,retail,under_500m,under_500,334.0,True,maureen_marcano,Maureen Marcano,Summer Sewald,West,75.46238153784608,0.8836660026534077,specialist_match,"product=GTX Plus Basic (strong_fit, n=70); ticket_band=mid_ticket_1k_to_4k (strong_fit, n=87); sector=retail (strong_fit, n=39)",57.936075109755855,0.8642521127880033,generalist_match,25.0,True
XYNTWPN1,engaging,violet_mclelland,Violet Mclelland,Cara Losch,East,MG Special,low_ticket_under_1k,55,Rundofase,technology,500m_to_1_5b,500_to_2k,357.0,True,hayden_neloms,Hayden Neloms,Celia Rouche,West,72.16630125047749,0.772730159844733,possible_specialist,"product=MG Special (possible_fit, n=23); ticket_band=low_ticket_under_1k (possible_fit, n=23); sector=technology (neutral, n=14)",63.102189116277806,0.9,generalist_match,17.0,True
XYRO1TLJ,engaging,markita_hansen,Markita Hansen,Celia Rouche,West,GTX Pro,high_ticket_4k_to_10k,4821,,,,,185.0,False,maureen_marcano,Maureen Marcano,Summer Sewald,West,73.54787621751144,0.5000000000000001,specialist_match,"product=GTX Pro (strong_fit, n=30); ticket_band=high_ticket_4k_to_10k (strong_fit, n=62)",56.37358742578493,0.5000000000000001,generalist_match,25.0,True
Y0EKPBLQ,prospecting,niesha_huffines,Niesha Huffines,Melvin Marxen,Central,MG Special,low_ticket_under_1k,55,,,,,,False,hayden_neloms,Hayden Neloms,Celia Rouche,West,71.35150661886287,0.44534101199279935,possible_specialist,"product=MG Special (possible_fit, n=23); ticket_band=low_ticket_under_1k (possible_fit, n=23)",58.1744076381151,0.4872281323269015,generalist_match,25.0,True
Y0M8X7BV,engaging,corliss_cosme,Corliss Cosme,Cara Losch,East,GTX Plus Pro,high_ticket_4k_to_10k,5482,,,,,128.0,False,maureen_marcano,Maureen Marcano,Summer Sewald,West,74.25820338006682,0.5000000000000001,specialist_match,"product=GTX Plus Pro (strong_fit, n=32); ticket_band=high_ticket_4k_to_10k (strong_fit, n=62)",69.21379131703326,0.5000000000000001,specialist_match,3.0,True
Y28VHZKQ,engaging,cassey_cress,Cassey Cress,Rocco Neubert,East,MG Advanced,mid_ticket_1k_to_4k,3393,,,,,293.0,False,hayden_neloms,Hayden Neloms,Celia Rouche,West,74.19302882850188,0.5000000000000001,specialist_match,"product=MG Advanced (strong_fit, n=77); ticket_band=mid_ticket_1k_to_4k (possible_fit, n=119)",62.27804922349695,0.5000000000000001,generalist_match,17.0,True
Y2EC6KYG,engaging,hayden_neloms,Hayden Neloms,Celia Rouche,West,MG Advanced,mid_ticket_1k_to_4k,3393,,,,,220.0,False,hayden_neloms,Hayden Neloms,Celia Rouche,West,74.19302882850188,0.5000000000000001,specialist_match,"product=MG Advanced (strong_fit, n=77); ticket_band=mid_ticket_1k_to_4k (possible_fit, n=119)",74.19302882850188,0.5000000000000001,specialist_match,1.0,False
Y3AAS62P,engaging,vicki_laflamme,Vicki Laflamme,Celia Rouche,West,GTX Plus Basic,mid_ticket_1k_to_4k,1096,Zoomit,entertainment,under_500m,500_to_2k,110.0,True,maureen_marcano,Maureen Marcano,Summer Sewald,West,73.76925760407082,0.8850268562206162,specialist_match,"product=GTX Plus Basic (strong_fit, n=70); ticket_band=mid_ticket_1k_to_4k (strong_fit, n=87); revenue_band=under_500m (neutral, n=48)",64.10353616552197,0.9419269563007829,possible_specialist,13.0,True
Y3CYQGPH,engaging,rosalina_dieter,Rosalina Dieter,Celia Rouche,West,GTX Basic,low_ticket_under_1k,550,,,,,312.0,False,hayden_neloms,Hayden Neloms,Celia Rouche,West,70.07479583264518,0.15165750888103105,possible_specialist,"ticket_band=low_ticket_under_1k (possible_fit, n=23)",64.6297122773508,0.4371708245126285,generalist_match,14.0,True
Y3TOQUQI,engaging,marty_freudenburg,Marty Freudenburg,Melvin Marxen,Central,GTX Basic,low_ticket_under_1k,550,Zotware,software,over_3b,over_10k,159.0,True,hayden_neloms,Hayden Neloms,Celia Rouche,West,70.87283814533541,0.48403635912009035,possible_specialist,"ticket_band=low_ticket_under_1k (possible_fit, n=23); sector=software (neutral, n=14); revenue_band=over_3b (possible_fit, n=38)",62.51296235104461,0.7607672596336349,specialist_match,20.0,True
Y533QVR5,prospecting,lajuana_vencill,Lajuana Vencill,Dustin Brinkmann,Central,GTX Basic,low_ticket_under_1k,550,,,,,,False,hayden_neloms,Hayden Neloms,Celia Rouche,West,70.07479583264518,0.15165750888103105,possible_specialist,"ticket_band=low_ticket_under_1k (possible_fit, n=23)",52.685793792795806,0.5000000000000001,generalist_match,29.0,True
Y6NI5EBV,engaging,kami_bicknell,Kami Bicknell,Summer Sewald,West,GTX Plus Basic,mid_ticket_1k_to_4k,1096,,,,,75.0,False,maureen_marcano,Maureen Marcano,Summer Sewald,West,73.48602163110729,0.5000000000000001,specialist_match,"product=GTX Plus Basic (strong_fit, n=70); ticket_band=mid_ticket_1k_to_4k (strong_fit, n=87)",61.37515449443525,0.5000000000000001,generalist_match,21.0,True
Y6UBZM6P,engaging,vicki_laflamme,Vicki Laflamme,Celia Rouche,West,GTX Plus Pro,high_ticket_4k_to_10k,5482,,,,,356.0,False,maureen_marcano,Maureen Marcano,Summer Sewald,West,74.25820338006682,0.5000000000000001,specialist_match,"product=GTX Plus Pro (strong_fit, n=32); ticket_band=high_ticket_4k_to_10k (strong_fit, n=62)",63.064656958982155,0.5000000000000001,generalist_match,18.0,True
Y7244XW7,engaging,moses_frase,Moses Frase,Dustin Brinkmann,Central,MG Special,low_ticket_under_1k,55,Plussunin,retail,500m_to_1_5b,2k_to_10k,152.0,True,hayden_neloms,Hayden Neloms,Celia Rouche,West,73.43868236166536,0.8333750963010945,specialist_match,"product=MG Special (possible_fit, n=23); ticket_band=low_ticket_under_1k (possible_fit, n=23); sector=retail (possible_fit, n=36)",66.96601624062265,0.9,specialist_match,6.0,True
Y7N97FW8,engaging,vicki_laflamme,Vicki Laflamme,Celia Rouche,West,GTX Pro,high_ticket_4k_to_10k,4821,,,,,314.0,False,maureen_marcano,Maureen Marcano,Summer Sewald,West,73.54787621751144,0.5000000000000001,specialist_match,"product=GTX Pro (strong_fit, n=30); ticket_band=high_ticket_4k_to_10k (strong_fit, n=62)",64.74244166469498,0.5000000000000001,possible_specialist,13.0,True
Y7WAFW9D,prospecting,anna_snelling,Anna Snelling,Dustin Brinkmann,Central,MG Advanced,mid_ticket_1k_to_4k,3393,,,,,,False,hayden_neloms,Hayden Neloms,Celia Rouche,West,74.19302882850188,0.5000000000000001,specialist_match,"product=MG Advanced (strong_fit, n=77); ticket_band=mid_ticket_1k_to_4k (possible_fit, n=119)",57.502548739829464,0.5000000000000001,generalist_match,26.0,True
Y8ZUSC9C,engaging,jonathan_berthelot,Jonathan Berthelot,Melvin Marxen,Central,GTX Basic,low_ticket_under_1k,550,,,,,139.0,False,hayden_neloms,Hayden Neloms,Celia Rouche,West,70.07479583264518,0.15165750888103105,possible_specialist,"ticket_band=low_ticket_under_1k (possible_fit, n=23)",65.41096422849174,0.5000000000000001,possible_specialist,10.0,True
Y9EBNML6,prospecting,moses_frase,Moses Frase,Dustin Brinkmann,Central,MG Advanced,mid_ticket_1k_to_4k,3393,Donquadtech,technology,1_5b_to_3b,2k_to_10k,,True,hayden_neloms,Hayden Neloms,Celia Rouche,West,76.03149517937081,0.8527525231651948,specialist_match,"product=MG Advanced (strong_fit, n=77); ticket_band=mid_ticket_1k_to_4k (possible_fit, n=119); sector=technology (neutral, n=14)",67.21903855966026,0.9,possible_specialist,6.0,True
YB20NWM1,engaging,vicki_laflamme,Vicki Laflamme,Celia Rouche,West,MG Special,low_ticket_under_1k,55,,,,,282.0,False,hayden_neloms,Hayden Neloms,Celia Rouche,West,71.35150661886287,0.44534101199279935,possible_specialist,"product=MG Special (possible_fit, n=23); ticket_band=low_ticket_under_1k (possible_fit, n=23)",63.64770011642242,0.5000000000000001,generalist_match,15.0,True
YB4YJTK4,engaging,kami_bicknell,Kami Bicknell,Summer Sewald,West,GTX Basic,low_ticket_under_1k,550,Lexiqvolax,medical,1_5b_to_3b,2k_to_10k,130.0,True,hayden_neloms,Hayden Neloms,Celia Rouche,West,72.05598215497773,0.4930788651183406,specialist_match,"ticket_band=low_ticket_under_1k (possible_fit, n=23); sector=medical (neutral, n=12); revenue_band=1_5b_to_3b (strong_fit, n=54)",66.42841879887096,0.9707106781186547,specialist_match,8.0,True
YBWUG6QP,prospecting,darcel_schlecht,Darcel Schlecht,Melvin Marxen,Central,GTX Pro,high_ticket_4k_to_10k,4821,Condax,medical,under_500m,under_500,,True,maureen_marcano,Maureen Marcano,Summer Sewald,West,75.11297418777487,0.8616173068539296,specialist_match,"product=GTX Pro (strong_fit, n=30); ticket_band=high_ticket_4k_to_10k (strong_fit, n=62); sector=medical (strong_fit, n=19)",60.93113072487492,0.982915619758885,generalist_match,23.0,True
YBY3PA1S,engaging,gladys_colclough,Gladys Colclough,Melvin Marxen,Central,GTX Basic,low_ticket_under_1k,550,,,,,162.0,False,hayden_neloms,Hayden Neloms,Celia Rouche,West,70.07479583264518,0.15165750888103105,possible_specialist,"ticket_band=low_ticket_under_1k (possible_fit, n=23)",56.32706970067004,0.5000000000000001,generalist_match,26.0,True
YCQTM2BQ,engaging,lajuana_vencill,Lajuana Vencill,Dustin Brinkmann,Central,MG Advanced,mid_ticket_1k_to_4k,3393,,,,,159.0,False,hayden_neloms,Hayden Neloms,Celia Rouche,West,74.19302882850188,0.5000000000000001,specialist_match,"product=MG Advanced (strong_fit, n=77); ticket_band=mid_ticket_1k_to_4k (possible_fit, n=119)",52.69492570854898,0.5000000000000001,generalist_match,29.0,True
YE7F777U,engaging,lajuana_vencill,Lajuana Vencill,Dustin Brinkmann,Central,GTX Basic,low_ticket_under_1k,550,,,,,152.0,False,hayden_neloms,Hayden Neloms,Celia Rouche,West,70.07479583264518,0.15165750888103105,possible_specialist,"ticket_band=low_ticket_under_1k (possible_fit, n=23)",52.685793792795806,0.5000000000000001,generalist_match,29.0,True
YFB7Y92U,engaging,elease_gluck,Elease Gluck,Celia Rouche,West,GTK 500,strategic_ticket_10k_plus,26768,,,,,327.0,False,hayden_neloms,Hayden Neloms,Celia Rouche,West,69.37147629282224,0.0,low_confidence,Sem fit historico forte; recomendacao baseada em fallback de performance geral.,63.32077313369209,0.21213203435596428,low_confidence,15.0,True
YI1V6SOX,engaging,darcel_schlecht,Darcel Schlecht,Melvin Marxen,Central,GTX Pro,high_ticket_4k_to_10k,4821,The New York Inquirer,medical,under_500m,500_to_2k,155.0,True,maureen_marcano,Maureen Marcano,Summer Sewald,West,75.20236553711025,0.8714927388698704,specialist_match,"product=GTX Pro (strong_fit, n=30); ticket_band=high_ticket_4k_to_10k (strong_fit, n=62); sector=medical (strong_fit, n=19)",61.17315868651561,0.9,generalist_match,23.0,True
YI92HVHO,prospecting,darcel_schlecht,Darcel Schlecht,Melvin Marxen,Central,MG Advanced,mid_ticket_1k_to_4k,3393,,,,,,False,hayden_neloms,Hayden Neloms,Celia Rouche,West,74.19302882850188,0.5000000000000001,specialist_match,"product=MG Advanced (strong_fit, n=77); ticket_band=mid_ticket_1k_to_4k (possible_fit, n=119)",63.28724737299752,0.5000000000000001,possible_specialist,13.0,True
YIU1B39V,prospecting,anna_snelling,Anna Snelling,Dustin Brinkmann,Central,GTX Basic,low_ticket_under_1k,550,,,,,,False,hayden_neloms,Hayden Neloms,Celia Rouche,West,70.07479583264518,0.15165750888103105,possible_specialist,"ticket_band=low_ticket_under_1k (possible_fit, n=23)",62.58976906657469,0.5000000000000001,specialist_match,19.0,True
YKBJP191,prospecting,darcel_schlecht,Darcel Schlecht,Melvin Marxen,Central,GTX Pro,high_ticket_4k_to_10k,4821,Faxquote,telecommunications,1_5b_to_3b,2k_to_10k,,True,maureen_marcano,Maureen Marcano,Summer Sewald,West,76.16818272840803,0.8683250823060348,specialist_match,"product=GTX Pro (strong_fit, n=30); ticket_band=high_ticket_4k_to_10k (strong_fit, n=62); sector=telecommunications (possible_fit, n=17)",61.187502257161746,0.9,possible_specialist,21.0,True
YL29KX3L,prospecting,anna_snelling,Anna Snelling,Dustin Brinkmann,Central,GTX Plus Basic,mid_ticket_1k_to_4k,1096,Zumgoity,medical,under_500m,500_to_2k,,True,maureen_marcano,Maureen Marcano,Summer Sewald,West,75.1405109507061,0.8714927388698704,specialist_match,"product=GTX Plus Basic (strong_fit, n=70); ticket_band=mid_ticket_1k_to_4k (strong_fit, n=87); sector=medical (strong_fit, n=19)",58.64005305025308,0.9,specialist_match,24.0,True
YLK0MRJ3,engaging,kary_hendrixson,Kary Hendrixson,Summer Sewald,West,GTX Basic,low_ticket_under_1k,550,Iselectrics,technology,500m_to_1_5b,500_to_2k,274.0,True,moses_frase,Moses Frase,Dustin Brinkmann,Central,71.98009189822515,0.9,specialist_match,"product=GTX Basic (strong_fit, n=59); ticket_band=low_ticket_under_1k (strong_fit, n=105); sector=technology (possible_fit, n=32)",60.377646677348956,0.9,generalist_match,22.0,True
YM8DBAFV,engaging,cassey_cress,Cassey Cress,Rocco Neubert,East,GTX Basic,low_ticket_under_1k,550,Sumace,retail,under_500m,under_500,329.0,True,moses_frase,Moses Frase,Dustin Brinkmann,Central,71.15838194229896,0.7948683298050515,specialist_match,"product=GTX Basic (strong_fit, n=59); ticket_band=low_ticket_under_1k (strong_fit, n=105); sector=retail (strong_fit, n=27)",61.10083471775975,0.8987420882906575,possible_specialist,20.0,True
YMI68O7S,prospecting,marty_freudenburg,Marty Freudenburg,Melvin Marxen,Central,GTX Plus Basic,mid_ticket_1k_to_4k,1096,Zumgoity,medical,under_500m,500_to_2k,,True,maureen_marcano,Maureen Marcano,Summer Sewald,West,75.1405109507061,0.8714927388698704,specialist_match,"product=GTX Plus Basic (strong_fit, n=70); ticket_band=mid_ticket_1k_to_4k (strong_fit, n=87); sector=medical (strong_fit, n=19)",62.38637741841789,0.9,generalist_match,17.0,True
YMWG4Z3S,engaging,kary_hendrixson,Kary Hendrixson,Summer Sewald,West,GTX Plus Basic,mid_ticket_1k_to_4k,1096,Warephase,services,1_5b_to_3b,2k_to_10k,38.0,True,maureen_marcano,Maureen Marcano,Summer Sewald,West,75.99478494694144,0.8914854215512676,specialist_match,"product=GTX Plus Basic (strong_fit, n=70); ticket_band=mid_ticket_1k_to_4k (strong_fit, n=87); sector=services (possible_fit, n=22)",60.79058494312273,0.9,generalist_match,22.0,True
YPM5PZMD,engaging,vicki_laflamme,Vicki Laflamme,Celia Rouche,West,MG Special,low_ticket_under_1k,55,,,,,119.0,False,hayden_neloms,Hayden Neloms,Celia Rouche,West,71.35150661886287,0.44534101199279935,possible_specialist,"product=MG Special (possible_fit, n=23); ticket_band=low_ticket_under_1k (possible_fit, n=23)",63.64770011642242,0.5000000000000001,generalist_match,15.0,True
YQ0Y0YQS,engaging,violet_mclelland,Violet Mclelland,Cara Losch,East,MG Advanced,mid_ticket_1k_to_4k,3393,Newex,services,500m_to_1_5b,2k_to_10k,301.0,True,hayden_neloms,Hayden Neloms,Celia Rouche,West,74.63374285382893,0.8612391650651828,specialist_match,"product=MG Advanced (strong_fit, n=77); ticket_band=mid_ticket_1k_to_4k (possible_fit, n=119); revenue_band=500m_to_1_5b (neutral, n=31)",64.00447163717665,0.7000000000000001,possible_specialist,12.0,True
YQJGEI71,engaging,james_ascencio,James Ascencio,Summer Sewald,West,GTX Plus Pro,high_ticket_4k_to_10k,5482,,,,,73.0,False,maureen_marcano,Maureen Marcano,Summer Sewald,West,74.25820338006682,0.5000000000000001,specialist_match,"product=GTX Plus Pro (strong_fit, n=32); ticket_band=high_ticket_4k_to_10k (strong_fit, n=62)",66.57595272208489,0.5000000000000001,possible_specialist,5.0,True
YRTI0EKE,engaging,rosalina_dieter,Rosalina Dieter,Celia Rouche,West,GTX Basic,low_ticket_under_1k,550,,,,,216.0,False,hayden_neloms,Hayden Neloms,Celia Rouche,West,70.07479583264518,0.15165750888103105,possible_specialist,"ticket_band=low_ticket_under_1k (possible_fit, n=23)",64.6297122773508,0.4371708245126285,generalist_match,14.0,True
YT34YUZN,engaging,corliss_cosme,Corliss Cosme,Cara Losch,East,GTX Pro,high_ticket_4k_to_10k,4821,Betasoloin,medical,under_500m,under_500,202.0,True,maureen_marcano,Maureen Marcano,Summer Sewald,West,75.11297418777487,0.8616173068539296,specialist_match,"product=GTX Pro (strong_fit, n=30); ticket_band=high_ticket_4k_to_10k (strong_fit, n=62); sector=medical (strong_fit, n=19)",68.35704703390007,0.8866025403784439,specialist_match,6.0,True
YTGQKC7A,engaging,rosalina_dieter,Rosalina Dieter,Celia Rouche,West,MG Special,low_ticket_under_1k,55,Dalttechnology,software,under_500m,under_500,211.0,True,hayden_neloms,Hayden Neloms,Celia Rouche,West,71.27906253744887,0.6832404669876261,possible_specialist,"product=MG Special (possible_fit, n=23); ticket_band=low_ticket_under_1k (possible_fit, n=23); sector=software (neutral, n=14)",63.033243652041186,0.6576038155605793,generalist_match,18.0,True
YVDQ80A0,engaging,maureen_marcano,Maureen Marcano,Summer Sewald,West,GTX Plus Basic,mid_ticket_1k_to_4k,1096,,,,,169.0,False,maureen_marcano,Maureen Marcano,Summer Sewald,West,73.48602163110729,0.5000000000000001,specialist_match,"product=GTX Plus Basic (strong_fit, n=70); ticket_band=mid_ticket_1k_to_4k (strong_fit, n=87)",73.48602163110729,0.5000000000000001,specialist_match,1.0,False
YVFK9Q0W,prospecting,niesha_huffines,Niesha Huffines,Melvin Marxen,Central,MG Advanced,mid_ticket_1k_to_4k,3393,Faxquote,telecommunications,1_5b_to_3b,2k_to_10k,,True,hayden_neloms,Hayden Neloms,Celia Rouche,West,75.83948919938175,0.8581138830084191,specialist_match,"product=MG Advanced (strong_fit, n=77); ticket_band=mid_ticket_1k_to_4k (possible_fit, n=119); sector=telecommunications (neutral, n=15)",62.065763519936986,0.8157869396445973,specialist_match,20.0,True
YVXKNYSM,engaging,corliss_cosme,Corliss Cosme,Cara Losch,East,GTX Pro,high_ticket_4k_to_10k,4821,,,,,238.0,False,maureen_marcano,Maureen Marcano,Summer Sewald,West,73.54787621751144,0.5000000000000001,specialist_match,"product=GTX Pro (strong_fit, n=30); ticket_band=high_ticket_4k_to_10k (strong_fit, n=62)",67.32881200685368,0.5000000000000001,specialist_match,5.0,True
YWGU40CP,engaging,darcel_schlecht,Darcel Schlecht,Melvin Marxen,Central,MG Special,low_ticket_under_1k,55,,,,,153.0,False,hayden_neloms,Hayden Neloms,Celia Rouche,West,71.35150661886287,0.44534101199279935,possible_specialist,"product=MG Special (possible_fit, n=23); ticket_band=low_ticket_under_1k (possible_fit, n=23)",63.550235622737446,0.5000000000000001,possible_specialist,16.0,True
YX4E972E,engaging,markita_hansen,Markita Hansen,Celia Rouche,West,GTX Pro,high_ticket_4k_to_10k,4821,Conecom,technology,1_5b_to_3b,500_to_2k,200.0,True,maureen_marcano,Maureen Marcano,Summer Sewald,West,74.14435719815305,0.8714927388698704,specialist_match,"product=GTX Pro (strong_fit, n=30); ticket_band=high_ticket_4k_to_10k (strong_fit, n=62); revenue_band=1_5b_to_3b (strong_fit, n=65)",52.40473480639963,0.9,generalist_match,29.0,True
YXXWQA4G,engaging,zane_levy,Zane Levy,Summer Sewald,West,MG Advanced,mid_ticket_1k_to_4k,3393,,,,,199.0,False,hayden_neloms,Hayden Neloms,Celia Rouche,West,74.19302882850188,0.5000000000000001,specialist_match,"product=MG Advanced (strong_fit, n=77); ticket_band=mid_ticket_1k_to_4k (possible_fit, n=119)",60.98204191863348,0.45980762113533163,generalist_match,21.0,True
YY2DWBG5,engaging,versie_hillebrand,Versie Hillebrand,Dustin Brinkmann,Central,MG Advanced,mid_ticket_1k_to_4k,3393,Ron-tech,medical,over_3b,2k_to_10k,160.0,True,hayden_neloms,Hayden Neloms,Celia Rouche,West,76.03522678102236,0.8388892996853993,specialist_match,"product=MG Advanced (strong_fit, n=77); ticket_band=mid_ticket_1k_to_4k (possible_fit, n=119); sector=medical (neutral, n=12)",68.27533186947085,0.975,specialist_match,4.0,True
YYMKOAVY,prospecting,marty_freudenburg,Marty Freudenburg,Melvin Marxen,Central,GTX Plus Basic,mid_ticket_1k_to_4k,1096,Donquadtech,technology,1_5b_to_3b,2k_to_10k,,True,maureen_marcano,Maureen Marcano,Summer Sewald,West,74.72979513122627,0.8779513042005219,specialist_match,"product=GTX Plus Basic (strong_fit, n=70); ticket_band=mid_ticket_1k_to_4k (strong_fit, n=87); revenue_band=1_5b_to_3b (strong_fit, n=65)",61.92485523965206,0.9,specialist_match,19.0,True
YYTZSTL0,engaging,rosie_papadopoulos,Rosie Papadopoulos,Cara Losch,East,GTX Plus Pro,high_ticket_4k_to_10k,5482,,,,,177.0,False,maureen_marcano,Maureen Marcano,Summer Sewald,West,74.25820338006682,0.5000000000000001,specialist_match,"product=GTX Plus Pro (strong_fit, n=32); ticket_band=high_ticket_4k_to_10k (strong_fit, n=62)",64.291459464126,0.45980762113533163,specialist_match,12.0,True
YYU1J6E1,engaging,anna_snelling,Anna Snelling,Dustin Brinkmann,Central,MG Special,low_ticket_under_1k,55,,,,,157.0,False,hayden_neloms,Hayden Neloms,Celia Rouche,West,71.35150661886287,0.44534101199279935,possible_specialist,"product=MG Special (possible_fit, n=23); ticket_band=low_ticket_under_1k (possible_fit, n=23)",64.31764459641298,0.5000000000000001,specialist_match,13.0,True
YYUJ1DCF,prospecting,anna_snelling,Anna Snelling,Dustin Brinkmann,Central,MG Advanced,mid_ticket_1k_to_4k,3393,,,,,,False,hayden_neloms,Hayden Neloms,Celia Rouche,West,74.19302882850188,0.5000000000000001,specialist_match,"product=MG Advanced (strong_fit, n=77); ticket_band=mid_ticket_1k_to_4k (possible_fit, n=119)",57.502548739829464,0.5000000000000001,generalist_match,26.0,True
Z0RLNFVY,engaging,boris_faz,Boris Faz,Rocco Neubert,East,GTX Plus Basic,mid_ticket_1k_to_4k,1096,,,,,290.0,False,maureen_marcano,Maureen Marcano,Summer Sewald,West,73.48602163110729,0.5000000000000001,specialist_match,"product=GTX Plus Basic (strong_fit, n=70); ticket_band=mid_ticket_1k_to_4k (strong_fit, n=87)",67.08182161983684,0.5000000000000001,possible_specialist,5.0,True
Z1WLLL1H,engaging,kami_bicknell,Kami Bicknell,Summer Sewald,West,GTX Basic,low_ticket_under_1k,550,,,,,344.0,False,hayden_neloms,Hayden Neloms,Celia Rouche,West,70.07479583264518,0.15165750888103105,possible_specialist,"ticket_band=low_ticket_under_1k (possible_fit, n=23)",64.9706180992233,0.5000000000000001,possible_specialist,12.0,True
Z236WCM1,engaging,kary_hendrixson,Kary Hendrixson,Summer Sewald,West,GTX Plus Basic,mid_ticket_1k_to_4k,1096,Vehement Capital Partners,finance,500m_to_1_5b,500_to_2k,240.0,True,maureen_marcano,Maureen Marcano,Summer Sewald,West,73.72069899667369,0.8328964982129872,specialist_match,"product=GTX Plus Basic (strong_fit, n=70); ticket_band=mid_ticket_1k_to_4k (strong_fit, n=87); revenue_band=500m_to_1_5b (neutral, n=30)",61.94516568417061,0.8825741858350554,specialist_match,19.0,True
Z2E1UVVB,engaging,violet_mclelland,Violet Mclelland,Cara Losch,East,MG Advanced,mid_ticket_1k_to_4k,3393,,,,,238.0,False,hayden_neloms,Hayden Neloms,Celia Rouche,West,74.19302882850188,0.5000000000000001,specialist_match,"product=MG Advanced (strong_fit, n=77); ticket_band=mid_ticket_1k_to_4k (possible_fit, n=119)",64.2772315067002,0.5000000000000001,possible_specialist,11.0,True
Z4JQEOMT,prospecting,lajuana_vencill,Lajuana Vencill,Dustin Brinkmann,Central,GTX Basic,low_ticket_under_1k,550,,,,,,False,hayden_neloms,Hayden Neloms,Celia Rouche,West,70.07479583264518,0.15165750888103105,possible_specialist,"ticket_band=low_ticket_under_1k (possible_fit, n=23)",52.685793792795806,0.5000000000000001,generalist_match,29.0,True
Z4OOTJAJ,engaging,darcel_schlecht,Darcel Schlecht,Melvin Marxen,Central,GTX Plus Pro,high_ticket_4k_to_10k,5482,,,,,143.0,False,maureen_marcano,Maureen Marcano,Summer Sewald,West,74.25820338006682,0.5000000000000001,specialist_match,"product=GTX Plus Pro (strong_fit, n=32); ticket_band=high_ticket_4k_to_10k (strong_fit, n=62)",63.90260951665106,0.5000000000000001,specialist_match,13.0,True
Z6R4KJFU,engaging,daniell_hammack,Daniell Hammack,Rocco Neubert,East,GTX Pro,high_ticket_4k_to_10k,4821,,,,,189.0,False,maureen_marcano,Maureen Marcano,Summer Sewald,West,73.54787621751144,0.5000000000000001,specialist_match,"product=GTX Pro (strong_fit, n=30); ticket_band=high_ticket_4k_to_10k (strong_fit, n=62)",63.40213266738296,0.5000000000000001,specialist_match,17.0,True
Z6VQW8TB,prospecting,versie_hillebrand,Versie Hillebrand,Dustin Brinkmann,Central,GTX Basic,low_ticket_under_1k,550,,,,,,False,hayden_neloms,Hayden Neloms,Celia Rouche,West,70.07479583264518,0.15165750888103105,possible_specialist,"ticket_band=low_ticket_under_1k (possible_fit, n=23)",67.32182856636227,0.4738612787525831,possible_specialist,3.0,True
Z75ND4JF,engaging,kary_hendrixson,Kary Hendrixson,Summer Sewald,West,GTX Basic,low_ticket_under_1k,550,,,,,361.0,False,hayden_neloms,Hayden Neloms,Celia Rouche,West,70.07479583264518,0.15165750888103105,possible_specialist,"ticket_band=low_ticket_under_1k (possible_fit, n=23)",62.34894675423093,0.5000000000000001,generalist_match,20.0,True
Z7EBMMAE,engaging,versie_hillebrand,Versie Hillebrand,Dustin Brinkmann,Central,MG Special,low_ticket_under_1k,55,,,,,160.0,False,hayden_neloms,Hayden Neloms,Celia Rouche,West,71.35150661886287,0.44534101199279935,possible_specialist,"product=MG Special (possible_fit, n=23); ticket_band=low_ticket_under_1k (possible_fit, n=23)",68.31320841592525,0.5000000000000001,possible_specialist,3.0,True
Z7OH4GWO,engaging,kami_bicknell,Kami Bicknell,Summer Sewald,West,GTX Pro,high_ticket_4k_to_10k,4821,,,,,262.0,False,maureen_marcano,Maureen Marcano,Summer Sewald,West,73.54787621751144,0.5000000000000001,specialist_match,"product=GTX Pro (strong_fit, n=30); ticket_band=high_ticket_4k_to_10k (strong_fit, n=62)",62.17486893491999,0.5000000000000001,generalist_match,21.0,True
Z7Q2USU1,engaging,markita_hansen,Markita Hansen,Celia Rouche,West,MG Special,low_ticket_under_1k,55,,,,,142.0,False,hayden_neloms,Hayden Neloms,Celia Rouche,West,71.35150661886287,0.44534101199279935,possible_specialist,"product=MG Special (possible_fit, n=23); ticket_band=low_ticket_under_1k (possible_fit, n=23)",53.93836042838683,0.5000000000000001,generalist_match,28.0,True
Z89NKUC7,prospecting,anna_snelling,Anna Snelling,Dustin Brinkmann,Central,MG Special,low_ticket_under_1k,55,Plussunin,retail,500m_to_1_5b,2k_to_10k,,True,hayden_neloms,Hayden Neloms,Celia Rouche,West,73.43868236166536,0.8333750963010945,specialist_match,"product=MG Special (possible_fit, n=23); ticket_band=low_ticket_under_1k (possible_fit, n=23); sector=retail (possible_fit, n=36)",63.38362425075019,0.9,specialist_match,19.0,True
Z8Z77GN3,engaging,kami_bicknell,Kami Bicknell,Summer Sewald,West,GTX Pro,high_ticket_4k_to_10k,4821,,,,,129.0,False,maureen_marcano,Maureen Marcano,Summer Sewald,West,73.54787621751144,0.5000000000000001,specialist_match,"product=GTX Pro (strong_fit, n=30); ticket_band=high_ticket_4k_to_10k (strong_fit, n=62)",62.17486893491999,0.5000000000000001,generalist_match,21.0,True
Z99W80UY,prospecting,niesha_huffines,Niesha Huffines,Melvin Marxen,Central,GTX Plus Pro,high_ticket_4k_to_10k,5482,Zencorporation,technology,under_500m,under_500,,True,maureen_marcano,Maureen Marcano,Summer Sewald,West,74.12059269060714,0.8616173068539296,specialist_match,"product=GTX Plus Pro (strong_fit, n=32); ticket_band=high_ticket_4k_to_10k (strong_fit, n=62); revenue_band=under_500m (neutral, n=48)",60.823738644054266,0.7023330179769439,specialist_match,23.0,True
Z9CW6K35,prospecting,niesha_huffines,Niesha Huffines,Melvin Marxen,Central,MG Special,low_ticket_under_1k,55,,,,,,False,hayden_neloms,Hayden Neloms,Celia Rouche,West,71.35150661886287,0.44534101199279935,possible_specialist,"product=MG Special (possible_fit, n=23); ticket_band=low_ticket_under_1k (possible_fit, n=23)",58.1744076381151,0.4872281323269015,generalist_match,25.0,True
Z9QZKUV5,engaging,zane_levy,Zane Levy,Summer Sewald,West,GTX Basic,low_ticket_under_1k,550,Zumgoity,medical,under_500m,500_to_2k,276.0,True,hayden_neloms,Hayden Neloms,Celia Rouche,West,70.63094609049514,0.46482833732641654,possible_specialist,"ticket_band=low_ticket_under_1k (possible_fit, n=23); sector=medical (neutral, n=12); employee_band=500_to_2k (neutral, n=30)",60.74031842952955,0.9,specialist_match,21.0,True
Z9S1ZX7W,engaging,daniell_hammack,Daniell Hammack,Rocco Neubert,East,GTX Plus Basic,mid_ticket_1k_to_4k,1096,Condax,medical,under_500m,under_500,182.0,True,maureen_marcano,Maureen Marcano,Summer Sewald,West,75.05111960137071,0.8616173068539296,specialist_match,"product=GTX Plus Basic (strong_fit, n=70); ticket_band=mid_ticket_1k_to_4k (strong_fit, n=87); sector=medical (strong_fit, n=19)",58.1587174286276,0.8642521127880033,generalist_match,25.0,True
ZB3JRI67,prospecting,marty_freudenburg,Marty Freudenburg,Melvin Marxen,Central,GTX Basic,low_ticket_under_1k,550,,,,,,False,hayden_neloms,Hayden Neloms,Celia Rouche,West,70.07479583264518,0.15165750888103105,possible_specialist,"ticket_band=low_ticket_under_1k (possible_fit, n=23)",63.85390031863743,0.5000000000000001,specialist_match,17.0,True
ZBDT3T2H,engaging,kary_hendrixson,Kary Hendrixson,Summer Sewald,West,GTX Basic,low_ticket_under_1k,550,,,,,104.0,False,hayden_neloms,Hayden Neloms,Celia Rouche,West,70.07479583264518,0.15165750888103105,possible_specialist,"ticket_band=low_ticket_under_1k (possible_fit, n=23)",62.34894675423093,0.5000000000000001,generalist_match,20.0,True
ZC987DAQ,engaging,markita_hansen,Markita Hansen,Celia Rouche,West,MG Advanced,mid_ticket_1k_to_4k,3393,,,,,146.0,False,hayden_neloms,Hayden Neloms,Celia Rouche,West,74.19302882850188,0.5000000000000001,specialist_match,"product=MG Advanced (strong_fit, n=77); ticket_band=mid_ticket_1k_to_4k (possible_fit, n=119)",57.37171850419942,0.5000000000000001,generalist_match,27.0,True
ZCUMC0XC,engaging,gladys_colclough,Gladys Colclough,Melvin Marxen,Central,MG Special,low_ticket_under_1k,55,,,,,149.0,False,hayden_neloms,Hayden Neloms,Celia Rouche,West,71.35150661886287,0.44534101199279935,possible_specialist,"product=MG Special (possible_fit, n=23); ticket_band=low_ticket_under_1k (possible_fit, n=23)",57.11865619131959,0.5000000000000001,generalist_match,26.0,True
ZD1X3R4G,engaging,corliss_cosme,Corliss Cosme,Cara Losch,East,GTX Plus Basic,mid_ticket_1k_to_4k,1096,,,,,185.0,False,maureen_marcano,Maureen Marcano,Summer Sewald,West,73.48602163110729,0.5000000000000001,specialist_match,"product=GTX Plus Basic (strong_fit, n=70); ticket_band=mid_ticket_1k_to_4k (strong_fit, n=87)",64.28124545159802,0.5000000000000001,generalist_match,12.0,True
ZEYGDEBG,engaging,daniell_hammack,Daniell Hammack,Rocco Neubert,East,GTX Pro,high_ticket_4k_to_10k,4821,,,,,83.0,False,maureen_marcano,Maureen Marcano,Summer Sewald,West,73.54787621751144,0.5000000000000001,specialist_match,"product=GTX Pro (strong_fit, n=30); ticket_band=high_ticket_4k_to_10k (strong_fit, n=62)",63.40213266738296,0.5000000000000001,specialist_match,17.0,True
ZG8WPG99,engaging,kary_hendrixson,Kary Hendrixson,Summer Sewald,West,GTX Pro,high_ticket_4k_to_10k,4821,,,,,303.0,False,maureen_marcano,Maureen Marcano,Summer Sewald,West,73.54787621751144,0.5000000000000001,specialist_match,"product=GTX Pro (strong_fit, n=30); ticket_band=high_ticket_4k_to_10k (strong_fit, n=62)",62.91009537954826,0.5000000000000001,generalist_match,19.0,True
ZGFB0IF1,engaging,anna_snelling,Anna Snelling,Dustin Brinkmann,Central,GTX Plus Basic,mid_ticket_1k_to_4k,1096,,,,,164.0,False,maureen_marcano,Maureen Marcano,Summer Sewald,West,73.48602163110729,0.5000000000000001,specialist_match,"product=GTX Plus Basic (strong_fit, n=70); ticket_band=mid_ticket_1k_to_4k (strong_fit, n=87)",58.15596045690537,0.5000000000000001,generalist_match,26.0,True
ZGK1AWBD,engaging,boris_faz,Boris Faz,Rocco Neubert,East,MG Special,low_ticket_under_1k,55,Vehement Capital Partners,finance,500m_to_1_5b,500_to_2k,147.0,True,hayden_neloms,Hayden Neloms,Celia Rouche,West,71.72724232828777,0.6199776366795383,possible_specialist,"product=MG Special (possible_fit, n=23); ticket_band=low_ticket_under_1k (possible_fit, n=23); revenue_band=500m_to_1_5b (neutral, n=31)",62.96294532106463,0.7749135339779752,generalist_match,18.0,True
ZGTCQT1A,prospecting,darcel_schlecht,Darcel Schlecht,Melvin Marxen,Central,GTX Pro,high_ticket_4k_to_10k,4821,Rundofase,technology,500m_to_1_5b,500_to_2k,,True,maureen_marcano,Maureen Marcano,Summer Sewald,West,73.57893372142036,0.8580952792483143,specialist_match,"product=GTX Pro (strong_fit, n=30); ticket_band=high_ticket_4k_to_10k (strong_fit, n=62); revenue_band=500m_to_1_5b (neutral, n=30)",61.95171943091581,1.0,possible_specialist,22.0,True
ZGW9SCQ0,engaging,hayden_neloms,Hayden Neloms,Celia Rouche,West,MG Advanced,mid_ticket_1k_to_4k,3393,,,,,112.0,False,hayden_neloms,Hayden Neloms,Celia Rouche,West,74.19302882850188,0.5000000000000001,specialist_match,"product=MG Advanced (strong_fit, n=77); ticket_band=mid_ticket_1k_to_4k (possible_fit, n=119)",74.19302882850188,0.5000000000000001,specialist_match,1.0,False
ZH14SZPT,engaging,violet_mclelland,Violet Mclelland,Cara Losch,East,GTX Plus Basic,mid_ticket_1k_to_4k,1096,,,,,246.0,False,maureen_marcano,Maureen Marcano,Summer Sewald,West,73.48602163110729,0.5000000000000001,specialist_match,"product=GTX Plus Basic (strong_fit, n=70); ticket_band=mid_ticket_1k_to_4k (strong_fit, n=87)",63.10380233377306,0.452487623459052,generalist_match,16.0,True
ZHPJ73Q6,prospecting,versie_hillebrand,Versie Hillebrand,Dustin Brinkmann,Central,GTX Basic,low_ticket_under_1k,550,Inity,marketing,1_5b_to_3b,2k_to_10k,,True,hayden_neloms,Hayden Neloms,Celia Rouche,West,71.47420326132439,0.35165750888103103,specialist_match,"ticket_band=low_ticket_under_1k (possible_fit, n=23); revenue_band=1_5b_to_3b (strong_fit, n=54); employee_band=2k_to_10k (strong_fit, n=78)",67.45547103152998,0.960463819131027,possible_specialist,5.0,True
ZHXIDZNI,engaging,kary_hendrixson,Kary Hendrixson,Summer Sewald,West,GTX Pro,high_ticket_4k_to_10k,4821,,,,,326.0,False,maureen_marcano,Maureen Marcano,Summer Sewald,West,73.54787621751144,0.5000000000000001,specialist_match,"product=GTX Pro (strong_fit, n=30); ticket_band=high_ticket_4k_to_10k (strong_fit, n=62)",62.91009537954826,0.5000000000000001,generalist_match,19.0,True
ZHY9C8OO,engaging,kami_bicknell,Kami Bicknell,Summer Sewald,West,GTX Plus Basic,mid_ticket_1k_to_4k,1096,,,,,332.0,False,maureen_marcano,Maureen Marcano,Summer Sewald,West,73.48602163110729,0.5000000000000001,specialist_match,"product=GTX Plus Basic (strong_fit, n=70); ticket_band=mid_ticket_1k_to_4k (strong_fit, n=87)",61.37515449443525,0.5000000000000001,generalist_match,21.0,True
ZI89S9HC,engaging,markita_hansen,Markita Hansen,Celia Rouche,West,MG Advanced,mid_ticket_1k_to_4k,3393,Dalttechnology,software,under_500m,under_500,203.0,True,hayden_neloms,Hayden Neloms,Celia Rouche,West,74.12058474708788,0.7378994549948269,specialist_match,"product=MG Advanced (strong_fit, n=77); ticket_band=mid_ticket_1k_to_4k (possible_fit, n=119); sector=software (neutral, n=14)",57.837749755930375,0.8774596669241485,specialist_match,26.0,True
ZIK2R3S7,engaging,corliss_cosme,Corliss Cosme,Cara Losch,East,MG Advanced,mid_ticket_1k_to_4k,3393,,,,,229.0,False,hayden_neloms,Hayden Neloms,Celia Rouche,West,74.19302882850188,0.5000000000000001,specialist_match,"product=MG Advanced (strong_fit, n=77); ticket_band=mid_ticket_1k_to_4k (possible_fit, n=119)",62.18936719088769,0.4806243040080457,generalist_match,19.0,True
ZIMT5RQ2,prospecting,anna_snelling,Anna Snelling,Dustin Brinkmann,Central,MG Special,low_ticket_under_1k,55,,,,,,False,hayden_neloms,Hayden Neloms,Celia Rouche,West,71.35150661886287,0.44534101199279935,possible_specialist,"product=MG Special (possible_fit, n=23); ticket_band=low_ticket_under_1k (possible_fit, n=23)",64.31764459641298,0.5000000000000001,specialist_match,13.0,True
ZJLW1OPF,engaging,darcel_schlecht,Darcel Schlecht,Melvin Marxen,Central,GTX Pro,high_ticket_4k_to_10k,4821,Xx-zobam,entertainment,over_3b,2k_to_10k,156.0,True,maureen_marcano,Maureen Marcano,Summer Sewald,West,74.72698052302623,0.8914854215512676,specialist_match,"product=GTX Pro (strong_fit, n=30); ticket_band=high_ticket_4k_to_10k (strong_fit, n=62); revenue_band=over_3b (neutral, n=70)",61.70256603603095,0.8683250823060348,possible_specialist,21.0,True
ZJQKUIZ4,engaging,kary_hendrixson,Kary Hendrixson,Summer Sewald,West,MG Special,low_ticket_under_1k,55,Opentech,finance,under_500m,500_to_2k,223.0,True,hayden_neloms,Hayden Neloms,Celia Rouche,West,71.3258779830595,0.6170904842008752,possible_specialist,"product=MG Special (possible_fit, n=23); ticket_band=low_ticket_under_1k (possible_fit, n=23); employee_band=500_to_2k (neutral, n=30)",63.4561278623691,0.8825741858350554,specialist_match,17.0,True
ZK4S74FD,engaging,vicki_laflamme,Vicki Laflamme,Celia Rouche,West,GTX Plus Pro,high_ticket_4k_to_10k,5482,Singletechno,retail,1_5b_to_3b,2k_to_10k,220.0,True,maureen_marcano,Maureen Marcano,Summer Sewald,West,77.9291183118748,0.9707106781186547,specialist_match,"product=GTX Plus Pro (strong_fit, n=32); ticket_band=high_ticket_4k_to_10k (strong_fit, n=62); sector=retail (strong_fit, n=39)",63.77421638529834,0.9,specialist_match,15.0,True
ZKJIVMSG,prospecting,lajuana_vencill,Lajuana Vencill,Dustin Brinkmann,Central,MG Advanced,mid_ticket_1k_to_4k,3393,Finjob,employment,1_5b_to_3b,2k_to_10k,,True,hayden_neloms,Hayden Neloms,Celia Rouche,West,77.44881604162482,0.9277525231651947,specialist_match,"product=MG Advanced (strong_fit, n=77); ticket_band=mid_ticket_1k_to_4k (possible_fit, n=119); sector=employment (strong_fit, n=14)",52.49184587555013,0.7000000000000001,specialist_match,29.0,True
ZLN48IIP,engaging,markita_hansen,Markita Hansen,Celia Rouche,West,GTX Basic,low_ticket_under_1k,550,Iselectrics,technology,500m_to_1_5b,500_to_2k,272.0,True,moses_frase,Moses Frase,Dustin Brinkmann,Central,71.98009189822515,0.9,specialist_match,"product=GTX Basic (strong_fit, n=59); ticket_band=low_ticket_under_1k (strong_fit, n=105); sector=technology (possible_fit, n=32)",52.72042901247248,0.9,generalist_match,28.0,True
ZNEQXZZK,engaging,anna_snelling,Anna Snelling,Dustin Brinkmann,Central,MG Advanced,mid_ticket_1k_to_4k,3393,Donquadtech,technology,1_5b_to_3b,2k_to_10k,159.0,True,hayden_neloms,Hayden Neloms,Celia Rouche,West,76.03149517937081,0.8527525231651948,specialist_match,"product=MG Advanced (strong_fit, n=77); ticket_band=mid_ticket_1k_to_4k (possible_fit, n=119); sector=technology (neutral, n=14)",57.11597584874875,0.9,specialist_match,27.0,True
ZOBJHMAF,engaging,cassey_cress,Cassey Cress,Rocco Neubert,East,MG Advanced,mid_ticket_1k_to_4k,3393,,,,,385.0,False,hayden_neloms,Hayden Neloms,Celia Rouche,West,74.19302882850188,0.5000000000000001,specialist_match,"product=MG Advanced (strong_fit, n=77); ticket_band=mid_ticket_1k_to_4k (possible_fit, n=119)",62.27804922349695,0.5000000000000001,generalist_match,17.0,True
ZPXE49AP,engaging,daniell_hammack,Daniell Hammack,Rocco Neubert,East,GTX Basic,low_ticket_under_1k,550,,,,,116.0,False,hayden_neloms,Hayden Neloms,Celia Rouche,West,70.07479583264518,0.15165750888103105,possible_specialist,"ticket_band=low_ticket_under_1k (possible_fit, n=23)",60.62572756860969,0.42713962644214676,generalist_match,22.0,True
ZQ4QTT1Z,engaging,boris_faz,Boris Faz,Rocco Neubert,East,GTX Plus Basic,mid_ticket_1k_to_4k,1096,,,,,299.0,False,maureen_marcano,Maureen Marcano,Summer Sewald,West,73.48602163110729,0.5000000000000001,specialist_match,"product=GTX Plus Basic (strong_fit, n=70); ticket_band=mid_ticket_1k_to_4k (strong_fit, n=87)",67.08182161983684,0.5000000000000001,possible_specialist,5.0,True
ZQRBJVZF,prospecting,anna_snelling,Anna Snelling,Dustin Brinkmann,Central,MG Special,low_ticket_under_1k,55,Dontechi,software,over_3b,over_10k,,True,hayden_neloms,Hayden Neloms,Celia Rouche,West,72.1495489315531,0.7777198622318587,possible_specialist,"product=MG Special (possible_fit, n=23); ticket_band=low_ticket_under_1k (possible_fit, n=23); sector=software (neutral, n=14)",64.99045684449827,0.9672251178614294,specialist_match,11.0,True
ZR436XWW,engaging,maureen_marcano,Maureen Marcano,Summer Sewald,West,GTX Plus Basic,mid_ticket_1k_to_4k,1096,,,,,141.0,False,maureen_marcano,Maureen Marcano,Summer Sewald,West,73.48602163110729,0.5000000000000001,specialist_match,"product=GTX Plus Basic (strong_fit, n=70); ticket_band=mid_ticket_1k_to_4k (strong_fit, n=87)",73.48602163110729,0.5000000000000001,specialist_match,1.0,False
ZRCQXB38,engaging,darcel_schlecht,Darcel Schlecht,Melvin Marxen,Central,GTX Basic,low_ticket_under_1k,550,,,,,161.0,False,hayden_neloms,Hayden Neloms,Celia Rouche,West,70.07479583264518,0.15165750888103105,possible_specialist,"ticket_band=low_ticket_under_1k (possible_fit, n=23)",64.35527881140102,0.5000000000000001,possible_specialist,15.0,True
ZRYPU2QW,engaging,james_ascencio,James Ascencio,Summer Sewald,West,MG Advanced,mid_ticket_1k_to_4k,3393,,,,,297.0,False,hayden_neloms,Hayden Neloms,Celia Rouche,West,74.19302882850188,0.5000000000000001,specialist_match,"product=MG Advanced (strong_fit, n=77); ticket_band=mid_ticket_1k_to_4k (possible_fit, n=119)",67.33380886620368,0.44243315085963286,possible_specialist,4.0,True
ZT1234V3,prospecting,gladys_colclough,Gladys Colclough,Melvin Marxen,Central,MG Advanced,mid_ticket_1k_to_4k,3393,Ron-tech,medical,over_3b,2k_to_10k,,True,hayden_neloms,Hayden Neloms,Celia Rouche,West,76.03522678102236,0.8388892996853993,specialist_match,"product=MG Advanced (strong_fit, n=77); ticket_band=mid_ticket_1k_to_4k (possible_fit, n=119); sector=medical (neutral, n=12)",58.000024284119476,0.9,possible_specialist,24.0,True
ZT163LH3,prospecting,jonathan_berthelot,Jonathan Berthelot,Melvin Marxen,Central,GTX Basic,low_ticket_under_1k,550,,,,,,False,hayden_neloms,Hayden Neloms,Celia Rouche,West,70.07479583264518,0.15165750888103105,possible_specialist,"ticket_band=low_ticket_under_1k (possible_fit, n=23)",65.41096422849174,0.5000000000000001,possible_specialist,10.0,True
ZT52DT8H,engaging,daniell_hammack,Daniell Hammack,Rocco Neubert,East,MG Advanced,mid_ticket_1k_to_4k,3393,,,,,188.0,False,hayden_neloms,Hayden Neloms,Celia Rouche,West,74.19302882850188,0.5000000000000001,specialist_match,"product=MG Advanced (strong_fit, n=77); ticket_band=mid_ticket_1k_to_4k (possible_fit, n=119)",56.615361697431,0.4872281323269015,generalist_match,28.0,True
ZTCQWF53,prospecting,darcel_schlecht,Darcel Schlecht,Melvin Marxen,Central,GTX Plus Basic,mid_ticket_1k_to_4k,1096,Faxquote,telecommunications,1_5b_to_3b,2k_to_10k,,True,maureen_marcano,Maureen Marcano,Summer Sewald,West,76.10632814200387,0.8683250823060348,specialist_match,"product=GTX Plus Basic (strong_fit, n=70); ticket_band=mid_ticket_1k_to_4k (strong_fit, n=87); sector=telecommunications (possible_fit, n=17)",64.11347524486386,0.9,specialist_match,14.0,True
ZTFYF8PV,prospecting,lajuana_vencill,Lajuana Vencill,Dustin Brinkmann,Central,GTX Plus Basic,mid_ticket_1k_to_4k,1096,,,,,,False,maureen_marcano,Maureen Marcano,Summer Sewald,West,73.48602163110729,0.5000000000000001,specialist_match,"product=GTX Plus Basic (strong_fit, n=70); ticket_band=mid_ticket_1k_to_4k (strong_fit, n=87)",54.318726490443574,0.5000000000000001,generalist_match,29.0,True
ZTLLHCBU,engaging,kary_hendrixson,Kary Hendrixson,Summer Sewald,West,GTX Basic,low_ticket_under_1k,550,Dontechi,software,over_3b,over_10k,299.0,True,hayden_neloms,Hayden Neloms,Celia Rouche,West,70.87283814533541,0.48403635912009035,possible_specialist,"ticket_band=low_ticket_under_1k (possible_fit, n=23); sector=software (neutral, n=14); revenue_band=over_3b (possible_fit, n=38)",62.65153319247637,0.9,generalist_match,19.0,True
ZTQD4PLQ,engaging,jonathan_berthelot,Jonathan Berthelot,Melvin Marxen,Central,GTX Plus Basic,mid_ticket_1k_to_4k,1096,,,,,162.0,False,maureen_marcano,Maureen Marcano,Summer Sewald,West,73.48602163110729,0.5000000000000001,specialist_match,"product=GTX Plus Basic (strong_fit, n=70); ticket_band=mid_ticket_1k_to_4k (strong_fit, n=87)",64.58087656615885,0.5000000000000001,generalist_match,11.0,True
ZTVWSE98,engaging,rosalina_dieter,Rosalina Dieter,Celia Rouche,West,MG Special,low_ticket_under_1k,55,,,,,213.0,False,hayden_neloms,Hayden Neloms,Celia Rouche,West,71.35150661886287,0.44534101199279935,possible_specialist,"product=MG Special (possible_fit, n=23); ticket_band=low_ticket_under_1k (possible_fit, n=23)",62.919303058283,0.5000000000000001,generalist_match,19.0,True
ZU3GICE9,engaging,maureen_marcano,Maureen Marcano,Summer Sewald,West,GTX Basic,low_ticket_under_1k,550,,,,,199.0,False,hayden_neloms,Hayden Neloms,Celia Rouche,West,70.07479583264518,0.15165750888103105,possible_specialist,"ticket_band=low_ticket_under_1k (possible_fit, n=23)",67.11923507294885,0.5000000000000001,generalist_match,4.0,True
ZVAZKWF3,engaging,kami_bicknell,Kami Bicknell,Summer Sewald,West,GTX Pro,high_ticket_4k_to_10k,4821,,,,,261.0,False,maureen_marcano,Maureen Marcano,Summer Sewald,West,73.54787621751144,0.5000000000000001,specialist_match,"product=GTX Pro (strong_fit, n=30); ticket_band=high_ticket_4k_to_10k (strong_fit, n=62)",62.17486893491999,0.5000000000000001,generalist_match,21.0,True
ZVO432VF,prospecting,marty_freudenburg,Marty Freudenburg,Melvin Marxen,Central,MG Special,low_ticket_under_1k,55,Faxquote,telecommunications,1_5b_to_3b,2k_to_10k,,True,hayden_neloms,Hayden Neloms,Celia Rouche,West,72.99796698974274,0.8034548950012184,specialist_match,"product=MG Special (possible_fit, n=23); ticket_band=low_ticket_under_1k (possible_fit, n=23); sector=telecommunications (neutral, n=15)",66.81378335508327,0.8351048593490779,specialist_match,7.0,True
ZXNPF7PL,prospecting,versie_hillebrand,Versie Hillebrand,Dustin Brinkmann,Central,GTX Plus Pro,high_ticket_4k_to_10k,5482,,,,,,False,maureen_marcano,Maureen Marcano,Summer Sewald,West,74.25820338006682,0.5000000000000001,specialist_match,"product=GTX Plus Pro (strong_fit, n=32); ticket_band=high_ticket_4k_to_10k (strong_fit, n=62)",67.77782920781395,0.4255380714699401,possible_specialist,4.0,True
ZZY4516R,engaging,hayden_neloms,Hayden Neloms,Celia Rouche,West,MG Advanced,mid_ticket_1k_to_4k,3393,,,,,406.0,False,hayden_neloms,Hayden Neloms,Celia Rouche,West,74.19302882850188,0.5000000000000001,specialist_match,"product=MG Advanced (strong_fit, n=77); ticket_band=mid_ticket_1k_to_4k (possible_fit, n=119)",74.19302882850188,0.5000000000000001,specialist_match,1.0,False
