sales_agent_id,sales_agent,manager,regional_office,dimension,segment_value,seller_segment_closed,seller_segment_won,seller_segment_win_rate,seller_segment_smoothed_win_rate,segment_win_rate,seller_win_rate,uplift_vs_segment,uplift_vs_seller,confidence_weight,specialty_score,fit_strength,seller_segment_revenue,seller_segment_median_value,global_win_rate
anna_snelling,Anna Snelling,Dustin Brinkmann,Central,product,GTX Basic,51,32,0.6274509803921569,0.6306534965547573,0.6371866295264624,0.6190476190476191,-0.006533132971705102,0.010743488138426738,1.0,0.0,neutral,17437.0,497.0,0.6315005215318135
anna_snelling,Anna Snelling,Dustin Brinkmann,Central,product,GTX Plus Basic,48,25,0.5208333333333334,0.5552441901385503,0.621313035204567,0.6190476190476191,-0.06606884506601673,-0.06466581827778028,1.0,0.0,weak_fit,27241.0,892.0,0.6315005215318135
anna_snelling,Anna Snelling,Dustin Brinkmann,Central,product,GTX Plus Pro,48,28,0.5833333333333334,0.603751034292544,0.6429530201342282,0.6190476190476191,-0.03920198584168422,-0.01615897412378664,1.0,0.0,weak_fit,152674.0,5064.0,0.6315005215318135
anna_snelling,Anna Snelling,Dustin Brinkmann,Central,product,MG Advanced,45,21,0.4666666666666667,0.5154717975751186,0.6033210332103321,0.6190476190476191,-0.08784923563521352,-0.10443821084121196,1.0,0.0,weak_fit,72008.0,0.0,0.6315005215318135
anna_snelling,Anna Snelling,Dustin Brinkmann,Central,product,MG Special,144,102,0.7083333333333334,0.6994682781210236,0.6484055600981193,0.6190476190476191,0.051062718022904297,0.07955826970469304,1.0,6.103616111153035,strong_fit,5696.0,53.0,0.6315005215318135
boris_faz,Boris Faz,Rocco Neubert,East,product,GTX Basic,26,17,0.6538461538461539,0.645679720356109,0.6371866295264624,0.6601307189542484,0.008493090829646555,-0.01042990345453898,1.0,0.18700428301816177,neutral,9041.0,499.0,0.6315005215318135
boris_faz,Boris Faz,Rocco Neubert,East,product,GTX Plus Basic,42,28,0.6666666666666666,0.6497436698524504,0.621313035204567,0.6601307189542484,0.028430634647883313,-0.006365953958197612,1.0,1.6251828635754992,possible_fit,30684.0,1025.5,0.6315005215318135
boris_faz,Boris Faz,Rocco Neubert,East,product,GTX Plus Pro,29,18,0.6206896551724138,0.6309967685806612,0.6429530201342282,0.6601307189542484,-0.011956251553566943,-0.02511285522998674,1.0,0.0,neutral,102096.0,5201.0,0.6315005215318135
boris_faz,Boris Faz,Rocco Neubert,East,product,GTX Pro,23,17,0.7391304347826086,0.6851932577739029,0.6355710549258936,0.6601307189542484,0.049622202848009334,0.029083633963254973,0.9789450103725609,4.154026254628063,strong_fit,78810.0,4197.0,0.6315005215318135
boris_faz,Boris Faz,Rocco Neubert,East,product,MG Advanced,19,12,0.631578947368421,0.6155233143240524,0.6033210332103321,0.6601307189542484,0.012202281113720237,-0.040586309486595584,0.8897565210026093,0.0,neutral,40530.0,3138.0,0.6315005215318135
boris_faz,Boris Faz,Rocco Neubert,East,product,MG Special,14,9,0.6428571428571429,0.6464138205757175,0.6484055600981193,0.6601307189542484,-0.0019917395224018364,-0.009695803234930467,0.7637626158259734,0.0,neutral,470.0,48.5,0.6315005215318135
cassey_cress,Cassey Cress,Rocco Neubert,East,product,GTX Basic,58,35,0.603448275862069,0.6136104305802598,0.6371866295264624,0.6245210727969349,-0.023576198946202664,-0.011520733889304413,1.0,0.0,weak_fit,19699.0,511.5,0.6315005215318135
cassey_cress,Cassey Cress,Rocco Neubert,East,product,GTX Plus Basic,43,26,0.6046511627906976,0.6107768511781496,0.621313035204567,0.6245210727969349,-0.010536184026417428,-0.014354313291414567,1.0,0.0,neutral,28404.0,927.0,0.6315005215318135
cassey_cress,Cassey Cress,Rocco Neubert,East,product,GTX Plus Pro,32,18,0.5625,0.5977864123395737,0.6429530201342282,0.6245210727969349,-0.04516660779465442,-0.027344752129990435,1.0,0.0,weak_fit,97608.0,4746.0,0.6315005215318135
cassey_cress,Cassey Cress,Rocco Neubert,East,product,GTX Pro,53,38,0.7169811320754716,0.6908881586300941,0.6355710549258936,0.6245210727969349,0.05531710370420051,0.06575699416052994,1.0,5.89710653639158,strong_fit,180437.0,4497.0,0.6315005215318135
cassey_cress,Cassey Cress,Rocco Neubert,East,product,MG Advanced,60,36,0.6,0.6009767744736272,0.6033210332103321,0.6245210727969349,-0.0023442587367049628,-0.024154389995936998,1.0,0.0,neutral,123793.0,3017.5,0.6315005215318135
cassey_cress,Cassey Cress,Rocco Neubert,East,product,MG Special,15,10,0.6666666666666666,0.6552534750613246,0.6484055600981193,0.6245210727969349,0.006847914963205248,0.030122310591760404,0.7905694150420949,1.185376099485298,neutral,548.0,50.0,0.6315005215318135
cecily_lampkin,Cecily Lampkin,Dustin Brinkmann,Central,product,GTX Basic,24,16,0.6666666666666666,0.6516258313910522,0.6371866295264624,0.66875,0.014439201864589801,-0.012090455302436132,1.0,0.5153821856130726,neutral,8756.0,505.0,0.6315005215318135
cecily_lampkin,Cecily Lampkin,Dustin Brinkmann,Central,product,GTX Plus Basic,20,16,0.8,0.7007294640025372,0.621313035204567,0.66875,0.07941642879797017,0.03701317730904885,0.9128709291752769,5.894890569322466,strong_fit,17520.0,1066.5,0.6315005215318135
cecily_lampkin,Cecily Lampkin,Dustin Brinkmann,Central,product,GTX Plus Pro,27,17,0.6296296296296297,0.6360351058337635,0.6429530201342282,0.66875,-0.006917914300464623,-0.02768118085972482,1.0,0.0,neutral,88326.0,4961.0,0.6315005215318135
cecily_lampkin,Cecily Lampkin,Dustin Brinkmann,Central,product,MG Advanced,50,33,0.66,0.6411070110701108,0.6033210332103321,0.66875,0.03778597785977866,-0.022609275623377556,1.0,1.6647639140673989,possible_fit,113800.0,3185.0,0.6315005215318135
cecily_lampkin,Cecily Lampkin,Dustin Brinkmann,Central,product,MG Special,39,25,0.6410256410256411,0.6439084219133279,0.6484055600981193,0.66875,-0.0044971381847914715,-0.0198078647801605,1.0,0.0,neutral,1398.0,51.0,0.6315005215318135
corliss_cosme,Corliss Cosme,Cara Losch,East,product,GTK 500,1,0,0.0,0.5769230769230769,0.6,0.6550218340611353,-0.023076923076923106,-0.07578366732218034,0.2041241452319315,0.0,insufficient_sample,0.0,0.0,0.6315005215318135
corliss_cosme,Corliss Cosme,Cara Losch,East,product,GTX Basic,54,36,0.6666666666666666,0.6573375409893868,0.6371866295264624,0.6550218340611353,0.02015091146292436,0.004630796744129584,1.0,1.4718871311346189,neutral,19970.0,515.5,0.6315005215318135
corliss_cosme,Corliss Cosme,Cara Losch,East,product,GTX Plus Basic,44,27,0.6136363636363636,0.6164177663784663,0.621313035204567,0.6550218340611353,-0.004895268826100696,-0.03628897786679086,1.0,0.0,neutral,29230.0,966.0,0.6315005215318135
corliss_cosme,Corliss Cosme,Cara Losch,East,product,GTX Plus Pro,38,30,0.7894736842105263,0.7313305635453287,0.6429530201342282,0.6550218340611353,0.08837754341110049,0.07862381930007145,1.0,8.496373997224033,strong_fit,160653.0,5134.0,0.6315005215318135
corliss_cosme,Corliss Cosme,Cara Losch,East,product,GTX Pro,55,37,0.6727272727272727,0.6611159546643417,0.6355710549258936,0.6550218340611353,0.02554489973844809,0.00840921041908449,1.0,1.954740847667083,possible_fit,180679.0,4535.0,0.6315005215318135
corliss_cosme,Corliss Cosme,Cara Losch,East,product,MG Advanced,21,9,0.42857142857142855,0.523544039788224,0.6033210332103321,0.6550218340611353,-0.0797769934221082,-0.12916270445703326,0.9354143466934853,0.0,weak_fit,29903.0,0.0,0.6315005215318135
corliss_cosme,Corliss Cosme,Cara Losch,East,product,MG Special,16,11,0.6875,0.6636619268890972,0.6484055600981193,0.6550218340611353,0.01525636679097786,0.010955182643839989,0.816496580927726,1.1227605569685213,neutral,601.0,52.0,0.6315005215318135
daniell_hammack,Daniell Hammack,Rocco Neubert,East,product,GTX Basic,18,11,0.6111111111111112,0.6262712962363154,0.6371866295264624,0.6096256684491979,-0.010915333290147045,0.014066046055676962,0.8660254037844386,0.0,neutral,6030.0,457.5,0.6315005215318135
daniell_hammack,Daniell Hammack,Rocco Neubert,East,product,GTX Plus Basic,53,31,0.5849056603773585,0.5965746907706946,0.621313035204567,0.6096256684491979,-0.02473834443387246,-0.015630559409943845,1.0,0.0,weak_fit,34484.0,979.0,0.6315005215318135
daniell_hammack,Daniell Hammack,Rocco Neubert,East,product,GTX Plus Pro,27,18,0.6666666666666666,0.6552658750645328,0.6429530201342282,0.6096256684491979,0.01231285493030465,0.043060624883894394,1.0,2.307457441406106,possible_fit,100521.0,5182.0,0.6315005215318135
daniell_hammack,Daniell Hammack,Rocco Neubert,East,product,GTX Pro,57,40,0.7017543859649122,0.6815765411359431,0.6355710549258936,0.6096256684491979,0.04600548621004952,0.0693712909553047,1.0,5.418351787088883,strong_fit,195754.0,4664.0,0.6315005215318135
daniell_hammack,Daniell Hammack,Rocco Neubert,East,product,MG Advanced,22,8,0.36363636363636365,0.491128209154432,0.6033210332103321,0.6096256684491979,-0.11219282405590014,-0.12107704102620642,0.9574271077563381,0.0,weak_fit,27096.0,0.0,0.6315005215318135
daniell_hammack,Daniell Hammack,Rocco Neubert,East,product,MG Special,10,6,0.6,0.6345754000700853,0.6484055600981193,0.6096256684491979,-0.013830160028034055,0.022370149889446855,0.6454972243679028,0.0,insufficient_sample,344.0,51.5,0.6315005215318135
darcel_schlecht,Darcel Schlecht,Melvin Marxen,Central,product,GTK 500,1,0,0.0,0.5769230769230769,0.6,0.6311030741410488,-0.023076923076923106,-0.05419718784906036,0.2041241452319315,0.0,insufficient_sample,0.0,0.0,0.6315005215318135
darcel_schlecht,Darcel Schlecht,Melvin Marxen,Central,product,GTX Basic,53,36,0.6792452830188679,0.6657649453610457,0.6371866295264624,0.6311030741410488,0.028578315834583257,0.03464468058890846,1.0,3.070154349859708,possible_fit,20124.0,520.0,0.6315005215318135
darcel_schlecht,Darcel Schlecht,Melvin Marxen,Central,product,GTX Plus Basic,83,56,0.6746987951807228,0.6623409803714275,0.621313035204567,0.6311030741410488,0.04102794516686048,0.031220715599290294,1.0,3.7595414818210915,strong_fit,61207.0,1013.0,0.6315005215318135
darcel_schlecht,Darcel Schlecht,Melvin Marxen,Central,product,GTX Plus Pro,47,33,0.7021276595744681,0.6815809097688292,0.6429530201342282,0.6311030741410488,0.038627889634601065,0.050460644996692006,1.0,4.276935401133289,strong_fit,176844.0,5144.0,0.6315005215318135
darcel_schlecht,Darcel Schlecht,Melvin Marxen,Central,product,GTX Pro,265,160,0.6037735849056604,0.6065147461143011,0.6355710549258936,0.6311030741410488,-0.02905630881159249,-0.024605518657836112,1.0,0.0,weak_fit,773129.0,4375.0,0.6315005215318135
darcel_schlecht,Darcel Schlecht,Melvin Marxen,Central,product,MG Advanced,61,36,0.5901639344262295,0.5939886724448641,0.6033210332103321,0.6311030741410488,-0.009332360765468062,-0.037131592327273144,1.0,0.0,neutral,120360.0,3006.0,0.6315005215318135
darcel_schlecht,Darcel Schlecht,Melvin Marxen,Central,product,MG Special,43,28,0.6511627906976745,0.6501491029772497,0.6484055600981193,0.6311030741410488,0.0017435428791303664,0.019028838205112475,1.0,0.7793396243224103,neutral,1550.0,53.0,0.6315005215318135
donn_cantrell,Donn Cantrell,Rocco Neubert,East,product,GTX Basic,74,45,0.6081081081081081,0.615451169072339,0.6371866295264624,0.5745454545454546,-0.021735460454123445,0.03615945894468786,1.0,0.0,weak_fit,24462.0,484.5,0.6315005215318135
donn_cantrell,Donn Cantrell,Rocco Neubert,East,product,GTX Plus Basic,41,21,0.5121951219512195,0.5535276648502148,0.621313035204567,0.5745454545454546,-0.06778537035435228,-0.025764045277436365,1.0,0.0,weak_fit,22774.0,877.0,0.6315005215318135
donn_cantrell,Donn Cantrell,Rocco Neubert,East,product,GTX Plus Pro,30,17,0.5666666666666667,0.6013422818791947,0.6429530201342282,0.5745454545454546,-0.041610738255033475,0.02205057175154357,1.0,0.0,weak_fit,93329.0,4983.0,0.6315005215318135
donn_cantrell,Donn Cantrell,Rocco Neubert,East,product,GTX Pro,73,40,0.547945205479452,0.5702987385015035,0.6355710549258936,0.5745454545454546,-0.06527231642439013,-0.00899297162614765,1.0,0.0,weak_fit,196421.0,4375.0,0.6315005215318135
donn_cantrell,Donn Cantrell,Rocco Neubert,East,product,MG Advanced,48,32,0.6666666666666666,0.6449729565788809,0.6033210332103321,0.5745454545454546,0.04165192336854873,0.06568124645122975,1.0,5.006218644748708,strong_fit,108720.0,3160.0,0.6315005215318135
donn_cantrell,Donn Cantrell,Rocco Neubert,East,product,MG Special,9,3,0.3333333333333333,0.5650040883074406,0.6484055600981193,0.5745454545454546,-0.0834014717906787,-0.014287621820210483,0.6123724356957945,0.0,insufficient_sample,154.0,0.0,0.6315005215318135
elease_gluck,Elease Gluck,Celia Rouche,West,product,GTK 500,12,7,0.5833333333333334,0.5945945945945946,0.6,0.6349206349206349,-0.00540540540540535,-0.03975979638749372,0.7071067811865476,0.0,neutral,184632.0,24347.5,0.6315005215318135
elease_gluck,Elease Gluck,Celia Rouche,West,product,GTX Basic,16,13,0.8125,0.7056016033697942,0.6371866295264624,0.6349206349206349,0.06841497384333173,0.07124721238770582,0.816496580927726,5.666997180808877,strong_fit,7095.0,538.0,0.6315005215318135
elease_gluck,Elease Gluck,Celia Rouche,West,product,GTX Plus Basic,7,5,0.7142857142857143,0.641650808753568,0.621313035204567,0.6349206349206349,0.020337773549000904,0.007296417771479602,0.5400617248673217,0.8518555079298622,insufficient_sample,5357.0,976.0,0.6315005215318135
elease_gluck,Elease Gluck,Celia Rouche,West,product,GTX Plus Pro,6,1,0.16666666666666666,0.5507685646243775,0.6429530201342282,0.6349206349206349,-0.09218445550985066,-0.08358582635771084,0.5,0.0,insufficient_sample,6666.0,0.0,0.6315005215318135
elease_gluck,Elease Gluck,Celia Rouche,West,product,GTX Pro,10,8,0.8,0.6825507535184954,0.6355710549258936,0.6349206349206349,0.04697969859260176,0.04819636253640702,0.6454972243679028,3.060013866271529,insufficient_sample,39349.0,4782.5,0.6315005215318135
elease_gluck,Elease Gluck,Celia Rouche,West,product,MG Advanced,24,13,0.5416666666666666,0.5731229761277205,0.6033210332103321,0.6349206349206349,-0.030198057082611696,-0.061231414854367894,1.0,0.0,weak_fit,44332.0,3096.0,0.6315005215318135
elease_gluck,Elease Gluck,Celia Rouche,West,product,MG Special,51,33,0.6470588235294118,0.6475018289796445,0.6484055600981193,0.6349206349206349,-0.0009037311184748598,0.013147437997556133,1.0,0.40141780721359865,neutral,1764.0,48.0,0.6315005215318135
garret_kinder,Garret Kinder,Cara Losch,East,product,GTX Basic,31,16,0.5161290322580645,0.5701726024671707,0.6371866295264624,0.6097560975609756,-0.06701402705929171,-0.04325653968347354,1.0,0.0,weak_fit,8532.0,422.0,0.6315005215318135
garret_kinder,Garret Kinder,Cara Losch,East,product,GTX Plus Basic,12,8,0.6666666666666666,0.6360223210841669,0.621313035204567,0.6097560975609756,0.014709285879599854,0.02259317893352264,0.7071067811865476,1.2352199776079003,neutral,8461.0,966.5,0.6315005215318135
garret_kinder,Garret Kinder,Cara Losch,East,product,GTX Plus Pro,23,12,0.5217391304347826,0.5848713646532439,0.6429530201342282,0.6097560975609756,-0.05808165548098432,-0.028557777497400405,0.9789450103725609,0.0,weak_fit,64818.0,4751.0,0.6315005215318135
garret_kinder,Garret Kinder,Cara Losch,East,product,GTX Pro,20,13,0.65,0.6419839194032743,0.6355710549258936,0.6097560975609756,0.006412864477380653,0.028554777252630004,0.9128709291752769,1.2928565525242537,neutral,61878.0,4178.0,0.6315005215318135
garret_kinder,Garret Kinder,Cara Losch,East,product,MG Advanced,22,16,0.7272727272727273,0.6613409751118788,0.6033210332103321,0.6097560975609756,0.05801994190154669,0.04791183296123458,0.9574271077563381,5.2162643039325465,strong_fit,53530.0,3246.5,0.6315005215318135
garret_kinder,Garret Kinder,Cara Losch,East,product,MG Special,15,10,0.6666666666666666,0.6552534750613246,0.6484055600981193,0.6097560975609756,0.006847914963205248,0.04182433291068033,0.7905694150420949,1.5091702323670302,possible_fit,554.0,54.0,0.6315005215318135
gladys_colclough,Gladys Colclough,Melvin Marxen,Central,product,GTX Basic,26,14,0.5384615384615384,0.5868561909443443,0.6371866295264624,0.5818965517241379,-0.050330438582118164,0.0001343503284090275,1.0,0.0,weak_fit,7721.0,459.0,0.6315005215318135
gladys_colclough,Gladys Colclough,Melvin Marxen,Central,product,GTX Plus Basic,29,18,0.6206896551724138,0.6209782570391513,0.621313035204567,0.5818965517241379,-0.0003347781654157167,0.034256416423216085,1.0,1.1772139940605413,neutral,19212.0,1008.0,0.6315005215318135
gladys_colclough,Gladys Colclough,Melvin Marxen,Central,product,GTX Plus Pro,25,14,0.56,0.6014765100671141,0.6429530201342282,0.5818965517241379,-0.04147651006711406,0.01475466945117887,1.0,0.0,weak_fit,77812.0,4887.0,0.6315005215318135
gladys_colclough,Gladys Colclough,Melvin Marxen,Central,product,GTX Pro,50,26,0.52,0.5585236849752978,0.6355710549258936,0.5818965517241379,-0.0770473699505958,-0.028198155640637435,1.0,0.0,weak_fit,127995.0,4406.5,0.6315005215318135
gladys_colclough,Gladys Colclough,Melvin Marxen,Central,product,MG Advanced,53,33,0.6226415094339622,0.6164490491058757,0.6033210332103321,0.5818965517241379,0.013128015895543577,0.029727208489940482,1.0,1.8937733303582491,possible_fit,111314.0,3139.0,0.6315005215318135
gladys_colclough,Gladys Colclough,Melvin Marxen,Central,product,MG Special,49,30,0.6122448979591837,0.6244613378709862,0.6484055600981193,0.5818965517241379,-0.023944222227133105,0.03773949725505099,1.0,0.0,weak_fit,1620.0,49.0,0.6315005215318135
hayden_neloms,Hayden Neloms,Celia Rouche,West,product,GTX Plus Basic,42,22,0.5238095238095238,0.5601914310464802,0.621313035204567,0.7039473684210527,-0.06112160415808687,-0.13352333188174215,1.0,0.0,weak_fit,23652.0,891.0,0.6315005215318135
hayden_neloms,Hayden Neloms,Celia Rouche,West,product,GTX Plus Pro,10,9,0.9,0.7163950143815915,0.6429530201342282,0.7039473684210527,0.07344199424736331,0.02268025145336916,0.6454972243679028,3.593830601155629,insufficient_sample,48184.0,5230.5,0.6315005215318135
hayden_neloms,Hayden Neloms,Celia Rouche,West,product,MG Advanced,77,59,0.7662337662337663,0.726304174806454,0.6033210332103321,0.7039473684210527,0.12298314159612189,0.03258941187823172,1.0,9.134533619486033,strong_fit,199309.0,3293.0,0.6315005215318135
hayden_neloms,Hayden Neloms,Celia Rouche,West,product,MG Special,23,17,0.7391304347826086,0.6918778958844372,0.6484055600981193,0.7039473684210527,0.04347233578631782,-0.001836867043785162,0.9789450103725609,2.7032699895185677,possible_fit,966.0,55.0,0.6315005215318135
james_ascencio,James Ascencio,Summer Sewald,West,product,GTX Basic,54,34,0.6296296296296297,0.6320210852931843,0.6371866295264624,0.6553398058252428,-0.005165544233278085,-0.020738711409392874,1.0,0.0,neutral,17599.0,461.0,0.6315005215318135
james_ascencio,James Ascencio,Summer Sewald,West,product,GTX Plus Basic,23,14,0.6086956521739131,0.6152672058357119,0.621313035204567,0.6553398058252428,-0.006045829368855116,-0.037492590866865294,0.9789450103725609,0.0,neutral,15258.0,1007.0,0.6315005215318135
james_ascencio,James Ascencio,Summer Sewald,West,product,GTX Plus Pro,64,44,0.6875,0.674986803408491,0.6429530201342282,0.6553398058252428,0.03203378327426287,0.02222700670591382,1.0,2.8601411475340703,possible_fit,241420.0,5120.5,0.6315005215318135
james_ascencio,James Ascencio,Summer Sewald,West,product,GTX Pro,33,20,0.6060606060606061,0.61878062712323,0.6355710549258936,0.6553398058252428,-0.0167904278026636,-0.03397916957934721,1.0,0.0,neutral,97681.0,4335.0,0.6315005215318135
james_ascencio,James Ascencio,Summer Sewald,West,product,MG Advanced,16,12,0.75,0.6605616056160561,0.6033210332103321,0.6553398058252428,0.057240572405724,0.007801808913478925,0.816496580927726,3.260842818477018,possible_fit,40978.0,3277.0,0.6315005215318135
james_ascencio,James Ascencio,Summer Sewald,West,product,MG Special,16,11,0.6875,0.6636619268890972,0.6484055600981193,0.6553398058252428,0.01525636679097786,0.010902130186519976,0.816496580927726,1.1212444567181152,neutral,597.0,49.0,0.6315005215318135
jonathan_berthelot,Jonathan Berthelot,Melvin Marxen,Central,product,GTX Basic,110,71,0.6454545454545455,0.6439234499123079,0.6371866295264624,0.6477272727272727,0.006736820385845443,-0.002400124614665655,1.0,0.3538889635666559,neutral,39204.0,518.5,0.6315005215318135
jonathan_berthelot,Jonathan Berthelot,Melvin Marxen,Central,product,GTX Plus Basic,54,34,0.6296296296296297,0.6269977959508123,0.621313035204567,0.6477272727272727,0.005684760746245243,-0.019325778576161246,1.0,0.0,neutral,37104.0,1036.0,0.6315005215318135
jonathan_berthelot,Jonathan Berthelot,Melvin Marxen,Central,product,GTX Plus Pro,8,5,0.625,0.6386007728289607,0.6429530201342282,0.6477272727272727,-0.004352247305267509,-0.007722801698012871,0.5773502691896257,0.0,insufficient_sample,29108.0,5486.0,0.6315005215318135
jonathan_berthelot,Jonathan Berthelot,Melvin Marxen,Central,product,GTX Pro,48,31,0.6458333333333334,0.6423188544266759,0.6355710549258936,0.6477272727272727,0.006747799500782303,-0.004004720100297621,1.0,0.29844176404043304,neutral,147812.0,4382.5,0.6315005215318135
jonathan_berthelot,Jonathan Berthelot,Melvin Marxen,Central,product,MG Advanced,18,9,0.5,0.560070368145542,0.6033210332103321,0.6477272727272727,-0.04325066506479014,-0.08625320638143152,0.8660254037844386,0.0,weak_fit,30450.0,1550.5,0.6315005215318135
jonathan_berthelot,Jonathan Berthelot,Melvin Marxen,Central,product,MG Special,26,21,0.8076923076923077,0.7296105686755487,0.6484055600981193,0.6477272727272727,0.0812050085774294,0.08328699414857521,1.0,8.193370352733043,strong_fit,1208.0,56.5,0.6315005215318135
kami_bicknell,Kami Bicknell,Summer Sewald,West,product,GTX Basic,108,71,0.6574074074074074,0.6536065093094854,0.6371866295264624,0.6397058823529411,0.01641987978302295,0.014591313894349534,1.0,1.5779881721987254,possible_fit,38543.0,506.0,0.6315005215318135
kami_bicknell,Kami Bicknell,Summer Sewald,West,product,GTX Plus Basic,50,26,0.52,0.5537710117348557,0.621313035204567,0.6397058823529411,-0.06754202346971139,-0.0852441836802802,1.0,0.0,weak_fit,27975.0,826.5,0.6315005215318135
kami_bicknell,Kami Bicknell,Summer Sewald,West,product,GTX Plus Pro,18,15,0.8333333333333334,0.7226471047292023,0.6429530201342282,0.6397058823529411,0.07969408459497418,0.0836319093140665,0.8660254037844386,7.021069147542821,strong_fit,80201.0,4969.5,0.6315005215318135
kami_bicknell,Kami Bicknell,Summer Sewald,West,product,GTX Pro,42,23,0.5476190476190477,0.5804369607932439,0.6355710549258936,0.6397058823529411,-0.05513409413264969,-0.058578234621891934,1.0,0.0,weak_fit,108722.0,4284.0,0.6315005215318135
kami_bicknell,Kami Bicknell,Summer Sewald,West,product,MG Advanced,26,18,0.6923076923076923,0.648686780985457,0.6033210332103321,0.6397058823529411,0.04536574777512481,0.009671585570321106,1.0,3.2872791003443513,possible_fit,59865.0,3186.0,0.6315005215318135
kami_bicknell,Kami Bicknell,Summer Sewald,West,product,MG Special,28,21,0.75,0.7020780943859053,0.6484055600981193,0.6397058823529411,0.053672534287785956,0.06306289897076944,1.0,5.6959161926830175,strong_fit,1150.0,52.0,0.6315005215318135
kary_hendrixson,Kary Hendrixson,Summer Sewald,West,product,GTX Basic,129,82,0.6356589147286822,0.6359069203776725,0.6371866295264624,0.6238805970149254,-0.0012797091487899426,0.01149716193796324,1.0,0.31921957315736715,neutral,44671.0,500.0,0.6315005215318135
kary_hendrixson,Kary Hendrixson,Summer Sewald,West,product,GTX Plus Basic,51,30,0.5882352941176471,0.5991161300015023,0.621313035204567,0.6238805970149254,-0.02219690520306472,-0.025293628438206928,1.0,0.0,weak_fit,31805.0,948.0,0.6315005215318135
kary_hendrixson,Kary Hendrixson,Summer Sewald,West,product,GTX Plus Pro,31,20,0.6451612903225806,0.6441754554170662,0.6429530201342282,0.6238805970149254,0.0012224352828380525,0.019765696977356972,1.0,0.7712576875919674,neutral,110481.0,5056.0,0.6315005215318135
kary_hendrixson,Kary Hendrixson,Summer Sewald,West,product,GTX Pro,77,50,0.6493506493506493,0.6459732977759544,0.6355710549258936,0.6238805970149254,0.01040224285006075,0.021563539336245108,1.0,1.4308696620225274,neutral,238907.0,4506.0,0.6315005215318135
kary_hendrixson,Kary Hendrixson,Summer Sewald,West,product,MG Advanced,18,8,0.4444444444444444,0.5368145541920536,0.6033210332103321,0.6238805970149254,-0.06650647901827855,-0.08759520424765566,0.8660254037844386,0.0,weak_fit,27352.0,0.0,0.6315005215318135
kary_hendrixson,Kary Hendrixson,Summer Sewald,West,product,MG Special,29,19,0.6551724137931034,0.6520396111565367,0.6484055600981193,0.6238805970149254,0.003634051058417409,0.027629852716827497,1.0,1.203258163886094,neutral,1082.0,52.0,0.6315005215318135
lajuana_vencill,Lajuana Vencill,Dustin Brinkmann,Central,product,GTX Basic,98,56,0.5714285714285714,0.5847940303915574,0.6371866295264624,0.5497835497835498,-0.052392599134905016,0.02703030758571623,1.0,0.0,weak_fit,29903.0,478.5,0.6315005215318135
lajuana_vencill,Lajuana Vencill,Dustin Brinkmann,Central,product,GTX Plus Basic,25,15,0.6,0.6106565176022835,0.621313035204567,0.5497835497835498,-0.010656517602283588,0.052892794796442266,1.0,1.1585741737270459,neutral,16083.0,991.0,0.6315005215318135
lajuana_vencill,Lajuana Vencill,Dustin Brinkmann,Central,product,GTX Plus Pro,17,10,0.5882352941176471,0.6208053691275167,0.6429530201342282,0.5497835497835498,-0.022147651006711455,0.06304164632167553,0.8416254115301732,0.6454091204739308,weak_fit,55097.0,4527.0,0.6315005215318135
lajuana_vencill,Lajuana Vencill,Dustin Brinkmann,Central,product,MG Advanced,55,28,0.509090909090909,0.5385378228782288,0.6033210332103321,0.5497835497835498,-0.06478321033210332,-0.019225899927612367,1.0,0.0,weak_fit,92588.0,2525.0,0.6315005215318135
lajuana_vencill,Lajuana Vencill,Dustin Brinkmann,Central,product,MG Special,36,18,0.5,0.560821950859885,0.6484055600981193,0.5497835497835498,-0.08758360923823438,0.0030582280540437656,1.0,0.0,weak_fit,961.0,21.0,0.6315005215318135
markita_hansen,Markita Hansen,Celia Rouche,West,product,GTK 500,5,3,0.6,0.6,0.6,0.5726872246696035,0.0,0.02147812286390738,0.45643546458763845,0.343118194575028,insufficient_sample,83528.0,24745.0,0.6315005215318135
markita_hansen,Markita Hansen,Celia Rouche,West,product,GTX Basic,47,29,0.6170212765957447,0.6240231352522438,0.6371866295264624,0.5726872246696035,-0.01316349427421859,0.045501258116151244,1.0,0.7369169062410851,neutral,15815.0,510.0,0.6315005215318135
markita_hansen,Markita Hansen,Celia Rouche,West,product,GTX Plus Basic,37,21,0.5675675675675675,0.5892391270986157,0.621313035204567,0.5726872246696035,-0.03207390810595134,0.010717249962523101,1.0,0.0,weak_fit,22352.0,941.0,0.6315005215318135
markita_hansen,Markita Hansen,Celia Rouche,West,product,GTX Plus Pro,14,7,0.5,0.5916365513680949,0.6429530201342282,0.5726872246696035,-0.05131646876613327,0.013114674232002299,0.7637626158259734,0.0,weak_fit,35922.0,2211.5,0.6315005215318135
markita_hansen,Markita Hansen,Celia Rouche,West,product,GTX Pro,30,18,0.6,0.6161686613299516,0.6355710549258936,0.5726872246696035,-0.01940239359594198,0.03764678419385903,1.0,0.05648186304883715,neutral,86077.0,4504.0,0.6315005215318135
markita_hansen,Markita Hansen,Celia Rouche,West,product,MG Advanced,40,24,0.6,0.6012773204655124,0.6033210332103321,0.5726872246696035,-0.0020437127448197367,0.02275544332941981,1.0,0.6635991881164104,neutral,83562.0,3076.5,0.6315005215318135
markita_hansen,Markita Hansen,Celia Rouche,West,product,MG Special,54,28,0.5185185185185185,0.5596220126892782,0.6484055600981193,0.5726872246696035,-0.08878354740884109,-0.018899864446814352,1.0,0.0,weak_fit,1536.0,46.0,0.6315005215318135
marty_freudenburg,Marty Freudenburg,Melvin Marxen,Central,product,GTX Basic,26,17,0.6538461538461539,0.645679720356109,0.6371866295264624,0.6288659793814433,0.008493090829646555,0.016512994153847105,1.0,1.1300056993116747,neutral,9410.0,512.5,0.6315005215318135
marty_freudenburg,Marty Freudenburg,Melvin Marxen,Central,product,GTX Plus Basic,56,35,0.625,0.6238620479026441,0.621313035204567,0.6288659793814433,0.0025490126980770578,-0.005304678299617782,1.0,0.0,neutral,37736.0,975.0,0.6315005215318135
marty_freudenburg,Marty Freudenburg,Melvin Marxen,Central,product,GTX Plus Pro,32,23,0.71875,0.6855057105851878,0.6429530201342282,0.6288659793814433,0.04255269045095966,0.05633898438292595,1.0,4.737789332714787,strong_fit,128833.0,5351.0,0.6315005215318135
marty_freudenburg,Marty Freudenburg,Melvin Marxen,Central,product,GTX Pro,16,10,0.625,0.6314457651987156,0.6355710549258936,0.6288659793814433,-0.004125289727177961,0.002279038996453764,0.816496580927726,0.0,neutral,46058.0,4324.5,0.6315005215318135
marty_freudenburg,Marty Freudenburg,Melvin Marxen,Central,product,MG Advanced,41,20,0.4878048780487805,0.5315609974281562,0.6033210332103321,0.6288659793814433,-0.07176003578217593,-0.09760572877410567,1.0,0.0,weak_fit,68209.0,0.0,0.6315005215318135
marty_freudenburg,Marty Freudenburg,Melvin Marxen,Central,product,MG Special,23,17,0.7391304347826086,0.6918778958844372,0.6484055600981193,0.6288659793814433,0.04347233578631782,0.06271116968217527,0.9789450103725609,4.9148842363964,strong_fit,949.0,53.0,0.6315005215318135
maureen_marcano,Maureen Marcano,Summer Sewald,West,product,GTX Basic,41,23,0.5609756097560976,0.5898434202751751,0.6371866295264624,0.6995305164319249,-0.04734320925128732,-0.10254108828909103,1.0,0.0,weak_fit,13140.0,500.0,0.6315005215318135
maureen_marcano,Maureen Marcano,Summer Sewald,West,product,GTX Plus Basic,70,52,0.7428571428571429,0.7108718513696229,0.621313035204567,0.6995305164319249,0.0895588161650559,0.0184873428053568,1.0,6.468380048916121,strong_fit,55030.0,1013.0,0.6315005215318135
maureen_marcano,Maureen Marcano,Summer Sewald,West,product,GTX Plus Pro,32,26,0.8125,0.7381372895325563,0.6429530201342282,0.6995305164319249,0.09518426939832814,0.04575278096829016,1.0,7.788324844781484,strong_fit,142094.0,5100.5,0.6315005215318135
maureen_marcano,Maureen Marcano,Summer Sewald,West,product,GTX Pro,30,23,0.7666666666666667,0.7070777522390426,0.6355710549258936,0.6995305164319249,0.07150669731314896,0.014693243674776424,1.0,5.162198853971857,strong_fit,106370.0,4524.0,0.6315005215318135
maureen_marcano,Maureen Marcano,Summer Sewald,West,product,MG Advanced,17,10,0.5882352941176471,0.5972149007204358,0.6033210332103321,0.6995305164319249,-0.006106132489896332,-0.09516960784383033,0.8416254115301732,0.0,neutral,32921.0,2866.0,0.6315005215318135
maureen_marcano,Maureen Marcano,Summer Sewald,West,product,MG Special,23,15,0.6521739130434783,0.6502112292177705,0.6484055600981193,0.6995305164319249,0.0018056691196511876,-0.04217327934649562,0.9789450103725609,0.0,neutral,840.0,52.0,0.6315005215318135
moses_frase,Moses Frase,Dustin Brinkmann,Central,product,GTX Basic,59,47,0.7966101694915254,0.7491626873590662,0.6371866295264624,0.6615384615384615,0.11197605783260378,0.09103762809408733,1.0,10.464760742412302,strong_fit,25566.0,530.0,0.6315005215318135
moses_frase,Moses Frase,Dustin Brinkmann,Central,product,GTX Plus Basic,24,17,0.7083333333333334,0.6639352220431464,0.621313035204567,0.6615384615384615,0.04262218683857932,0.0058101627781674825,1.0,2.9737978417435182,possible_fit,17713.0,989.5,0.6315005215318135
moses_frase,Moses Frase,Dustin Brinkmann,Central,product,GTX Plus Pro,24,13,0.5416666666666666,0.5933433776195042,0.6429530201342282,0.6615384615384615,-0.049609642514723995,-0.06478168164547471,1.0,0.0,weak_fit,72526.0,4655.0,0.6315005215318135
moses_frase,Moses Frase,Dustin Brinkmann,Central,product,MG Advanced,42,26,0.6190476190476191,0.6131794900038553,0.6033210332103321,0.6615384615384615,0.009858456793523152,-0.044945569261123586,1.0,0.0,neutral,89932.0,3076.5,0.6315005215318135
moses_frase,Moses Frase,Dustin Brinkmann,Central,product,MG Special,46,26,0.5652173913043478,0.5945090000345491,0.6484055600981193,0.6615384615384615,-0.05389656006357024,-0.06361605923042979,1.0,0.0,weak_fit,1445.0,50.0,0.6315005215318135
niesha_huffines,Niesha Huffines,Melvin Marxen,Central,product,GTX Basic,53,32,0.6037735849056604,0.6144828940789944,0.6371866295264624,0.6,-0.022703735447468065,0.010545328887517691,1.0,0.0,weak_fit,17624.0,491.0,0.6315005215318135
niesha_huffines,Niesha Huffines,Melvin Marxen,Central,product,GTX Plus Basic,54,35,0.6481481481481481,0.6396560237989136,0.621313035204567,0.6,0.018342988594346576,0.03571845860743694,1.0,2.4424403098928202,possible_fit,38371.0,1029.5,0.6315005215318135
niesha_huffines,Niesha Huffines,Melvin Marxen,Central,product,GTX Plus Pro,15,12,0.8,0.7018456375838926,0.6429530201342282,0.6,0.05889261744966445,0.09790807239241595,0.7905694150420949,5.735425101457139,strong_fit,70804.0,5944.0,0.6315005215318135
niesha_huffines,Niesha Huffines,Melvin Marxen,Central,product,GTX Pro,14,2,0.14285714285714285,0.4586993941832651,0.6355710549258936,0.6,-0.1768716607426285,-0.14523817100821157,0.7637626158259734,0.0,weak_fit,9115.0,0.0,0.6315005215318135
niesha_huffines,Niesha Huffines,Melvin Marxen,Central,product,MG Advanced,17,12,0.7058823529411765,0.6448339483394834,0.6033210332103321,0.6,0.04151291512915123,0.0408963831480067,0.8416254115301732,3.475671313556576,possible_fit,40385.0,3167.0,0.6315005215318135
niesha_huffines,Niesha Huffines,Melvin Marxen,Central,product,MG Special,22,12,0.5454545454545454,0.6002157234564465,0.6484055600981193,0.6,-0.04818983664167287,-0.003721841735030207,0.9574271077563381,0.0,weak_fit,662.0,49.0,0.6315005215318135
reed_clapper,Reed Clapper,Rocco Neubert,East,product,GTX Basic,37,24,0.6486486486486487,0.6440268667445413,0.6371866295264624,0.6540084388185654,0.006840237218078915,-0.007833870042845414,1.0,0.17042996767554003,neutral,12962.0,517.0,0.6315005215318135
reed_clapper,Reed Clapper,Rocco Neubert,East,product,GTX Plus Basic,42,28,0.6666666666666666,0.6497436698524504,0.621313035204567,0.6540084388185654,0.028430634647883313,-0.002117066934936407,1.0,1.7738939093896413,possible_fit,30068.0,1021.5,0.6315005215318135
reed_clapper,Reed Clapper,Rocco Neubert,East,product,GTX Plus Pro,32,18,0.5625,0.5977864123395737,0.6429530201342282,0.6540084388185654,-0.04516660779465442,-0.054074324447813016,1.0,0.0,weak_fit,102189.0,4877.0,0.6315005215318135
reed_clapper,Reed Clapper,Rocco Neubert,East,product,GTX Pro,63,42,0.6666666666666666,0.6578326860584925,0.6355710549258936,0.6540084388185654,0.022261631132598936,0.005971949271105781,1.0,1.6560242481076335,possible_fit,198871.0,4370.0,0.6315005215318135
reed_clapper,Reed Clapper,Rocco Neubert,East,product,MG Advanced,44,28,0.6363636363636364,0.6243916786993957,0.6033210332103321,0.6540084388185654,0.021070645489063566,-0.02746905808799105,1.0,0.4081749237094451,neutral,93415.0,3082.0,0.6315005215318135
reed_clapper,Reed Clapper,Rocco Neubert,East,product,MG Special,19,15,0.7894736842105263,0.7093213409648406,0.6484055600981193,0.6540084388185654,0.060915780866721225,0.0574606041774538,0.8897565210026093,5.312422016145902,strong_fit,831.0,54.0,0.6315005215318135
rosalina_dieter,Rosalina Dieter,Celia Rouche,West,product,GTK 500,6,5,0.8333333333333334,0.6451612903225806,0.6,0.6545454545454545,0.04516129032258065,-0.005116584035162686,0.5,1.3782017148685242,insufficient_sample,132452.0,25539.5,0.6315005215318135
rosalina_dieter,Rosalina Dieter,Celia Rouche,West,product,GTX Basic,15,10,0.6666666666666666,0.648241643454039,0.6371866295264624,0.6545454545454545,0.011055013927576574,-0.002036230903704306,0.7905694150420949,0.5117417675052923,neutral,5722.0,520.0,0.6315005215318135
rosalina_dieter,Rosalina Dieter,Celia Rouche,West,product,GTX Plus Basic,5,4,0.8,0.6510941960038058,0.621313035204567,0.6545454545454545,0.02978116079923876,0.00081632164606249,0.45643546458763845,0.8965975029904529,insufficient_sample,4149.0,987.0,0.6315005215318135
rosalina_dieter,Rosalina Dieter,Celia Rouche,West,product,GTX Plus Pro,2,1,0.5,0.6323639075316927,0.6429530201342282,0.6545454545454545,-0.010589112602535478,-0.01791396682605062,0.28867513459481287,0.0,insufficient_sample,6391.0,3195.5,0.6315005215318135
rosalina_dieter,Rosalina Dieter,Celia Rouche,West,product,GTX Pro,7,6,0.8571428571428571,0.6840398866608544,0.6355710549258936,0.6545454545454545,0.04846883173496075,0.033762012303111044,0.5400617248673217,2.339625427469994,insufficient_sample,29659.0,4855.0,0.6315005215318135
rosalina_dieter,Rosalina Dieter,Celia Rouche,West,product,MG Advanced,23,16,0.6956521739130435,0.6475630381303813,0.6033210332103321,0.6545454545454545,0.04424200492004915,-0.0027148362273620164,0.9789450103725609,2.7221632094920114,possible_fit,55391.0,3278.0,0.6315005215318135
rosalina_dieter,Rosalina Dieter,Celia Rouche,West,product,MG Special,52,30,0.5769230769230769,0.6001316753565322,0.6484055600981193,0.6545454545454545,-0.048273884741587114,-0.05014619900121109,1.0,0.0,weak_fit,1639.0,49.0,0.6315005215318135
rosie_papadopoulos,Rosie Papadopoulos,Cara Losch,East,product,GTX Basic,9,7,0.7777777777777778,0.67440193347534,0.6371866295264624,0.6446280991735537,0.03721530394887762,0.0320217071856459,0.6123724356957945,2.16764808993608,insufficient_sample,3709.0,513.0,0.6315005215318135
rosie_papadopoulos,Rosie Papadopoulos,Cara Losch,East,product,GTX Plus Basic,6,3,0.5,0.5978330929069089,0.621313035204567,0.6446280991735537,-0.023479942297658152,-0.044547133382785264,0.5,0.0,insufficient_sample,2976.0,482.5,0.6315005215318135
rosie_papadopoulos,Rosie Papadopoulos,Cara Losch,East,product,GTX Plus Pro,18,10,0.5555555555555556,0.6063680349617605,0.6429530201342282,0.6446280991735537,-0.036584985172467666,-0.03601219132793365,0.8660254037844386,0.0,weak_fit,55387.0,4744.5,0.6315005215318135
rosie_papadopoulos,Rosie Papadopoulos,Cara Losch,East,product,GTX Pro,31,25,0.8064516129032258,0.7301656495204882,0.6355710549258936,0.6446280991735537,0.09459459459459463,0.08778542323079408,1.0,9.221138461726444,strong_fit,122774.0,4787.0,0.6315005215318135
rosie_papadopoulos,Rosie Papadopoulos,Cara Losch,East,product,MG Advanced,24,13,0.5416666666666666,0.5731229761277205,0.6033210332103321,0.6446280991735537,-0.030198057082611696,-0.0692572501619737,1.0,0.0,weak_fit,44202.0,2960.0,0.6315005215318135
rosie_papadopoulos,Rosie Papadopoulos,Cara Losch,East,product,MG Special,33,20,0.6060606060606061,0.6243127414216032,0.6484055600981193,0.6446280991735537,-0.024092818676516137,-0.018067484868090955,1.0,0.0,weak_fit,1121.0,51.0,0.6315005215318135
versie_hillebrand,Versie Hillebrand,Dustin Brinkmann,Central,product,GTX Basic,20,13,0.65,0.6428814608480347,0.6371866295264624,0.6666666666666666,0.005694831321572225,-0.020743151741222543,0.9128709291752769,0.0,neutral,7094.0,518.5,0.6315005215318135
versie_hillebrand,Versie Hillebrand,Dustin Brinkmann,Central,product,GTX Plus Basic,8,4,0.5,0.5919038145489144,0.621313035204567,0.6666666666666666,-0.029409220655652657,-0.07172079804034281,0.5773502691896257,0.0,insufficient_sample,4325.0,479.5,0.6315005215318135
versie_hillebrand,Versie Hillebrand,Dustin Brinkmann,Central,product,GTX Plus Pro,21,15,0.7142857142857143,0.675517945725124,0.6429530201342282,0.6666666666666666,0.032564925590895855,0.011893333135866824,0.9354143466934853,2.3693922143727573,possible_fit,79880.0,5046.0,0.6315005215318135
versie_hillebrand,Versie Hillebrand,Dustin Brinkmann,Central,product,MG Advanced,46,27,0.5869565217391305,0.5927186736656099,0.6033210332103321,0.6666666666666666,-0.010602359544722217,-0.07090593892364727,1.0,0.0,neutral,89901.0,2952.0,0.6315005215318135
versie_hillebrand,Versie Hillebrand,Dustin Brinkmann,Central,product,MG Special,169,117,0.6923076923076923,0.6866502010435721,0.6484055600981193,0.6666666666666666,0.03824464094545277,0.023025588454314905,1.0,3.2917972573554515,possible_fit,6493.0,53.0,0.6315005215318135
vicki_laflamme,Vicki Laflamme,Celia Rouche,West,product,GTX Basic,83,56,0.6746987951807228,0.6660154235014959,0.6371866295264624,0.6368876080691642,0.028828793975033462,0.029489850817906227,1.0,2.906016387003893,possible_fit,30440.0,507.0,0.6315005215318135
vicki_laflamme,Vicki Laflamme,Celia Rouche,West,product,GTX Plus Basic,19,13,0.6842105263157895,0.6484733154571404,0.621313035204567,0.6368876080691642,0.027160280252573332,0.011947742773550707,0.8897565210026093,1.942862741895058,possible_fit,14381.0,1027.0,0.6315005215318135
vicki_laflamme,Vicki Laflamme,Celia Rouche,West,product,GTX Plus Pro,27,16,0.5925925925925926,0.6168043366029944,0.6429530201342282,0.6368876080691642,-0.026148683531233785,-0.019721236080595284,1.0,0.0,weak_fit,88919.0,5129.0,0.6315005215318135
vicki_laflamme,Vicki Laflamme,Celia Rouche,West,product,GTX Pro,59,40,0.6779661016949152,0.6653485282517541,0.6355710549258936,0.6368876080691642,0.02977747332586045,0.028822955568164388,1.0,2.944339211066683,possible_fit,189026.0,4477.0,0.6315005215318135
vicki_laflamme,Vicki Laflamme,Celia Rouche,West,product,MG Advanced,79,45,0.569620253164557,0.5777214022140222,0.6033210332103321,0.6368876080691642,-0.025599630996309908,-0.05880417046956743,1.0,0.0,weak_fit,152820.0,2919.0,0.6315005215318135
vicki_laflamme,Vicki Laflamme,Celia Rouche,West,product,MG Special,80,51,0.6375,0.6400965619281237,0.6484055600981193,0.6368876080691642,-0.00830899816999564,0.0035709892445340286,1.0,0.0,neutral,2810.0,51.0,0.6315005215318135
violet_mclelland,Violet Mclelland,Cara Losch,East,product,GTX Basic,25,15,0.6,0.6185933147632312,0.6371866295264624,0.6321243523316062,-0.018593314763231228,-0.01345949733904106,1.0,0.0,neutral,8231.0,499.0,0.6315005215318135
violet_mclelland,Violet Mclelland,Cara Losch,East,product,GTX Plus Basic,17,10,0.5882352941176471,0.6079244257170041,0.621313035204567,0.6321243523316062,-0.01338860948756293,-0.024128386385268152,0.8416254115301732,0.0,neutral,10280.0,941.0,0.6315005215318135
violet_mclelland,Violet Mclelland,Cara Losch,East,product,GTX Plus Pro,5,2,0.4,0.6024608501118568,0.6429530201342282,0.6321243523316062,-0.040492170022371377,-0.029591961990415472,0.45643546458763845,0.0,insufficient_sample,11668.0,0.0,0.6315005215318135
violet_mclelland,Violet Mclelland,Cara Losch,East,product,GTX Pro,9,5,0.5555555555555556,0.614390481563157,0.6355710549258936,0.6321243523316062,-0.0211805733627366,-0.017662330539115256,0.6123724356957945,0.0,insufficient_sample,25184.0,4634.0,0.6315005215318135
violet_mclelland,Violet Mclelland,Cara Losch,East,product,MG Advanced,29,19,0.6551724137931034,0.6311671450047834,0.6033210332103321,0.6321243523316062,0.02784611179445129,-0.0008856670974888292,1.0,1.7789989182272248,possible_fit,64187.0,3061.0,0.6315005215318135
violet_mclelland,Violet Mclelland,Cara Losch,East,product,MG Special,108,71,0.6574074074074074,0.6557153308455113,0.6484055600981193,0.6321243523316062,0.007309770747391919,0.02366251874323899,1.0,1.3033232545938394,neutral,3881.0,50.5,0.6315005215318135
wilburn_farren,Wilburn Farren,Cara Losch,East,product,GTX Basic,12,9,0.75,0.6737747496800421,0.6371866295264624,0.6962025316455697,0.036588120153579706,-0.006874414149720787,0.7071067811865476,1.5115279414768545,possible_fit,4695.0,501.5,0.6315005215318135
wilburn_farren,Wilburn Farren,Cara Losch,East,product,GTX Plus Basic,3,3,1.0,0.6618866385755062,0.621313035204567,0.6962025316455697,0.04057360337093918,-0.0187625252542567,0.3535533905932738,0.7002463729341416,insufficient_sample,3318.0,1144.0,0.6315005215318135
wilburn_farren,Wilburn Farren,Cara Losch,East,product,GTX Plus Pro,11,6,0.5454545454545454,0.6131618195376585,0.6429530201342282,0.6962025316455697,-0.0297912005965697,-0.06748734429210446,0.67700320038633,0.0,insufficient_sample,33899.0,5198.0,0.6315005215318135
wilburn_farren,Wilburn Farren,Cara Losch,East,product,GTX Pro,13,9,0.6923076923076923,0.6549809571880879,0.6355710549258936,0.6962025316455697,0.0194099022621943,-0.025668206641675018,0.7359800721939872,0.2673494822304642,neutral,44839.0,4734.0,0.6315005215318135
wilburn_farren,Wilburn Farren,Cara Losch,East,product,MG Advanced,29,21,0.7241379310344828,0.6682041820418205,0.6033210332103321,0.6962025316455697,0.06488314883148838,-0.0124449817879424,1.0,3.7818303114687613,strong_fit,70538.0,3089.0,0.6315005215318135
wilburn_farren,Wilburn Farren,Cara Losch,East,product,MG Special,11,7,0.6363636363636364,0.6447260834014718,0.6484055600981193,0.6962025316455697,-0.003679476696647588,-0.035923080428291176,0.67700320038633,0.0,insufficient_sample,351.0,45.0,0.6315005215318135
zane_levy,Zane Levy,Summer Sewald,West,product,GTX Basic,79,48,0.6075949367088608,0.6147083244053996,0.6371866295264624,0.6168582375478927,-0.022478305121062858,-0.0034298330711575176,1.0,0.0,weak_fit,26068.0,482.0,0.6315005215318135
zane_levy,Zane Levy,Summer Sewald,West,product,GTX Plus Basic,43,26,0.6046511627906976,0.6107768511781496,0.621313035204567,0.6168582375478927,-0.010536184026417428,-0.007361306298407477,1.0,0.0,neutral,28125.0,1011.0,0.6315005215318135
zane_levy,Zane Levy,Summer Sewald,West,product,GTX Plus Pro,32,21,0.65625,0.6504179912869422,0.6429530201342282,0.6168582375478927,0.0074649711527140505,0.03227983381038513,1.0,1.6150173082898927,possible_fit,115301.0,4926.0,0.6315005215318135
zane_levy,Zane Levy,Summer Sewald,West,product,GTX Pro,69,46,0.6666666666666666,0.6583965571611419,0.6355710549258936,0.6168582375478927,0.022825502235248263,0.04025839968458478,1.0,2.8927016342516043,possible_fit,225031.0,4428.0,0.6315005215318135
zane_levy,Zane Levy,Summer Sewald,West,product,MG Advanced,18,10,0.5555555555555556,0.5833261820990303,0.6033210332103321,0.6168582375478927,-0.019994851111301837,-0.03481197537752678,0.8660254037844386,0.0,neutral,34996.0,2891.0,0.6315005215318135
zane_levy,Zane Levy,Summer Sewald,West,product,MG Special,20,10,0.5,0.582447533387844,0.6484055600981193,0.6168582375478927,-0.06595802671027529,-0.03569062408871304,0.9128709291752769,0.0,weak_fit,547.0,23.0,0.6315005215318135
anna_snelling,Anna Snelling,Dustin Brinkmann,Central,ticket_band,high_ticket_4k_to_10k,48,28,0.5833333333333334,0.6022184250919517,0.638477801268499,0.6190476190476191,-0.03625937617654729,-0.017691583324378923,1.0,0.0,weak_fit,152674.0,5064.0,0.6315005215318135
anna_snelling,Anna Snelling,Dustin Brinkmann,Central,ticket_band,low_ticket_under_1k,195,134,0.6871794871794872,0.6820848576019692,0.6423467468973298,0.6190476190476191,0.039738110704639396,0.06217484918563865,1.0,4.759096917298914,strong_fit,23133.0,54.0,0.6315005215318135
anna_snelling,Anna Snelling,Dustin Brinkmann,Central,ticket_band,mid_ticket_1k_to_4k,93,46,0.4946236559139785,0.5195292343111182,0.6121779859484777,0.6190476190476191,-0.09264875163735953,-0.1003807741052124,1.0,0.0,weak_fit,99249.0,0.0,0.6315005215318135
boris_faz,Boris Faz,Rocco Neubert,East,ticket_band,high_ticket_4k_to_10k,52,35,0.6730769230769231,0.6618434419702919,0.638477801268499,0.6601307189542484,0.023365640701792922,0.005733818159643911,1.0,1.7194502812040768,possible_fit,180906.0,4627.0,0.6315005215318135
boris_faz,Boris Faz,Rocco Neubert,East,ticket_band,low_ticket_under_1k,40,26,0.65,0.6470564411143576,0.6423467468973298,0.6601307189542484,0.004709694217027716,-0.009053182696290407,1.0,0.0,neutral,9511.0,54.5,0.6315005215318135
boris_faz,Boris Faz,Rocco Neubert,East,ticket_band,mid_ticket_1k_to_4k,61,40,0.6557377049180327,0.6430749959152552,0.6121779859484777,0.6601307189542484,0.030897009966777467,-0.01303462789539278,1.0,1.5520936715017883,possible_fit,71214.0,1063.0,0.6315005215318135
cassey_cress,Cassey Cress,Rocco Neubert,East,ticket_band,high_ticket_4k_to_10k,85,56,0.6588235294117647,0.6541995002882952,0.638477801268499,0.6245210727969349,0.015721699019796254,0.029068335818731028,1.0,2.0393021899423425,possible_fit,278045.0,4529.0,0.6315005215318135
cassey_cress,Cassey Cress,Rocco Neubert,East,ticket_band,low_ticket_under_1k,73,45,0.6164383561643836,0.6230476395146249,0.6423467468973298,0.6245210727969349,-0.019299107382704905,-0.002083524954939242,1.0,0.0,neutral,20247.0,59.0,0.6315005215318135
cassey_cress,Cassey Cress,Rocco Neubert,East,ticket_band,mid_ticket_1k_to_4k,103,62,0.6019417475728155,0.603941012880562,0.6121779859484777,0.6245210727969349,-0.00823697306791571,-0.02119015158900217,1.0,0.0,neutral,152197.0,1078.0,0.6315005215318135
cecily_lampkin,Cecily Lampkin,Dustin Brinkmann,Central,ticket_band,high_ticket_4k_to_10k,27,17,0.6296296296296297,0.6338835583021629,0.638477801268499,0.66875,-0.004594242966336037,-0.029832728391325447,0.8215838362577492,0.0,neutral,88326.0,4961.0,0.6315005215318135
cecily_lampkin,Cecily Lampkin,Dustin Brinkmann,Central,ticket_band,low_ticket_under_1k,63,41,0.6507936507936508,0.6483939621867414,0.6423467468973298,0.66875,0.006047215289411545,-0.015322324506746976,1.0,0.0,neutral,10154.0,54.0,0.6315005215318135
cecily_lampkin,Cecily Lampkin,Dustin Brinkmann,Central,ticket_band,mid_ticket_1k_to_4k,70,49,0.7,0.676888943670652,0.6121779859484777,0.66875,0.06471095772217428,0.013172656977163633,1.0,4.667255246142055,strong_fit,131320.0,1185.0,0.6315005215318135
corliss_cosme,Corliss Cosme,Cara Losch,East,ticket_band,high_ticket_4k_to_10k,93,67,0.7204301075268817,0.7030673307772244,0.638477801268499,0.6550218340611353,0.06458952950872543,0.05036058653196718,1.0,5.960939946686004,strong_fit,341332.0,4905.0,0.6315005215318135
corliss_cosme,Corliss Cosme,Cara Losch,East,ticket_band,low_ticket_under_1k,70,47,0.6714285714285714,0.6637754597098237,0.6423467468973298,0.6550218340611353,0.02142871281249381,0.011068715464566448,1.0,1.7802713740719234,possible_fit,20571.0,460.5,0.6315005215318135
corliss_cosme,Corliss Cosme,Cara Losch,East,ticket_band,mid_ticket_1k_to_4k,65,36,0.5538461538461539,0.5700494405412438,0.6121779859484777,0.6550218340611353,-0.042128545407233875,-0.08265730370401336,1.0,0.0,weak_fit,59133.0,955.0,0.6315005215318135
corliss_cosme,Corliss Cosme,Cara Losch,East,ticket_band,strategic_ticket_10k_plus,1,0,0.0,0.5769230769230769,0.6,0.6550218340611353,-0.023076923076923106,-0.07578366732218034,0.15811388300841897,0.0,insufficient_sample,0.0,0.0,0.6315005215318135
daniell_hammack,Daniell Hammack,Rocco Neubert,East,ticket_band,high_ticket_4k_to_10k,84,58,0.6904761904761905,0.6785499544193805,0.638477801268499,0.6096256684491979,0.04007215315088153,0.06634470423874206,1.0,4.926754603163271,strong_fit,296275.0,4856.5,0.6315005215318135
daniell_hammack,Daniell Hammack,Rocco Neubert,East,ticket_band,low_ticket_under_1k,28,17,0.6071428571428571,0.6237484655176083,0.6423467468973298,0.6096256684491979,-0.018598281379721526,0.011543215336969892,0.8366600265340756,0.0,neutral,6374.0,59.0,0.6315005215318135
daniell_hammack,Daniell Hammack,Rocco Neubert,East,ticket_band,mid_ticket_1k_to_4k,75,39,0.52,0.5430444964871195,0.6121779859484777,0.6096256684491979,-0.06913348946135822,-0.06916075369351893,1.0,0.0,weak_fit,61580.0,940.0,0.6315005215318135
darcel_schlecht,Darcel Schlecht,Melvin Marxen,Central,ticket_band,high_ticket_4k_to_10k,312,193,0.6185897435897436,0.6200651187884643,0.638477801268499,0.6311030741410488,-0.018412682480034692,-0.011055145983672965,1.0,0.0,neutral,949973.0,4433.5,0.6315005215318135
darcel_schlecht,Darcel Schlecht,Melvin Marxen,Central,ticket_band,low_ticket_under_1k,96,64,0.6666666666666666,0.6616418898548202,0.6423467468973298,0.6311030741410488,0.019295142957490352,0.030521625082682968,1.0,2.322441170130777,possible_fit,21674.0,56.0,0.6315005215318135
darcel_schlecht,Darcel Schlecht,Melvin Marxen,Central,ticket_band,mid_ticket_1k_to_4k,144,92,0.6388888888888888,0.6349375718858694,0.6121779859484777,0.6311030741410488,0.02275958593739169,0.0038173071137321823,1.0,1.6129788349110865,possible_fit,181567.0,1059.0,0.6315005215318135
darcel_schlecht,Darcel Schlecht,Melvin Marxen,Central,ticket_band,strategic_ticket_10k_plus,1,0,0.0,0.5769230769230769,0.6,0.6311030741410488,-0.023076923076923106,-0.05419718784906036,0.15811388300841897,0.0,insufficient_sample,0.0,0.0,0.6315005215318135
donn_cantrell,Donn Cantrell,Rocco Neubert,East,ticket_band,high_ticket_4k_to_10k,103,57,0.5533980582524272,0.5700151955602537,0.638477801268499,0.5745454545454546,-0.06846260570824525,-0.00927651456739742,1.0,0.0,weak_fit,289750.0,4443.0,0.6315005215318135
donn_cantrell,Donn Cantrell,Rocco Neubert,East,ticket_band,low_ticket_under_1k,83,48,0.5783132530120482,0.5931358210410486,0.6423467468973298,0.5745454545454546,-0.049210925856281285,0.013844110913397434,1.0,0.0,weak_fit,24616.0,462.0,0.6315005215318135
donn_cantrell,Donn Cantrell,Rocco Neubert,East,ticket_band,mid_ticket_1k_to_4k,89,53,0.5955056179775281,0.599161839023789,0.6121779859484777,0.5745454545454546,-0.013016146924688776,0.019870128896137818,1.0,0.0,neutral,131494.0,1062.0,0.6315005215318135
elease_gluck,Elease Gluck,Celia Rouche,West,ticket_band,high_ticket_4k_to_10k,16,9,0.5625,0.6088279276027433,0.638477801268499,0.6349206349206349,-0.029649873665755666,-0.025526463379345055,0.6324555320336759,0.0,insufficient_sample,46015.0,4328.5,0.6315005215318135
elease_gluck,Elease Gluck,Celia Rouche,West,ticket_band,low_ticket_under_1k,67,46,0.6865671641791045,0.6745507464394918,0.6423467468973298,0.6349206349206349,0.03220399954216191,0.04019635545740341,1.0,3.5001324112496435,strong_fit,8859.0,51.0,0.6315005215318135
elease_gluck,Elease Gluck,Celia Rouche,West,ticket_band,mid_ticket_1k_to_4k,31,18,0.5806451612903226,0.5947223151555704,0.6121779859484777,0.6349206349206349,-0.01745567079290733,-0.039632075826517954,0.8803408430829505,0.0,neutral,49689.0,1101.0,0.6315005215318135
elease_gluck,Elease Gluck,Celia Rouche,West,ticket_band,strategic_ticket_10k_plus,12,7,0.5833333333333334,0.5945945945945946,0.6,0.6349206349206349,-0.00540540540540535,-0.03975979638749372,0.5477225575051661,0.0,insufficient_sample,184632.0,24347.5,0.6315005215318135
garret_kinder,Garret Kinder,Cara Losch,East,ticket_band,high_ticket_4k_to_10k,43,25,0.5813953488372093,0.602381544584007,0.638477801268499,0.6097560975609756,-0.03609625668449201,-0.011047597566637313,1.0,0.0,weak_fit,126696.0,4426.0,0.6315005215318135
garret_kinder,Garret Kinder,Cara Losch,East,ticket_band,low_ticket_under_1k,46,26,0.5652173913043478,0.5923756151046936,0.6423467468973298,0.6097560975609756,-0.049971131792636236,-0.02105352704595065,1.0,0.0,weak_fit,9086.0,54.5,0.6315005215318135
garret_kinder,Garret Kinder,Cara Losch,East,ticket_band,mid_ticket_1k_to_4k,34,24,0.7058823529411765,0.666177112690033,0.6121779859484777,0.6097560975609756,0.05399912674155527,0.05274797053938873,0.9219544457292888,4.938100680686499,strong_fit,61991.0,1276.0,0.6315005215318135
gladys_colclough,Gladys Colclough,Melvin Marxen,Central,ticket_band,high_ticket_4k_to_10k,75,40,0.5333333333333333,0.5596194503171248,0.638477801268499,0.5818965517241379,-0.07885835095137417,-0.027102390298810453,1.0,0.0,weak_fit,205807.0,4440.0,0.6315005215318135
gladys_colclough,Gladys Colclough,Melvin Marxen,Central,ticket_band,low_ticket_under_1k,75,44,0.5866666666666667,0.6005866867243325,0.6423467468973298,0.5818965517241379,-0.04176006017299738,0.013864846108397222,1.0,0.0,weak_fit,9341.0,49.0,0.6315005215318135
gladys_colclough,Gladys Colclough,Melvin Marxen,Central,ticket_band,mid_ticket_1k_to_4k,82,51,0.6219512195121951,0.6196677537262798,0.6121779859484777,0.5818965517241379,0.007489767777802081,0.03294591311034456,1.0,1.6399418644191948,possible_fit,130526.0,1092.5,0.6315005215318135
hayden_neloms,Hayden Neloms,Celia Rouche,West,ticket_band,high_ticket_4k_to_10k,10,9,0.9,0.7131984294774992,0.638477801268499,0.7039473684210527,0.07472062820900027,0.019483666549276912,0.5,2.769384581404855,insufficient_sample,48184.0,5230.5,0.6315005215318135
hayden_neloms,Hayden Neloms,Celia Rouche,West,ticket_band,low_ticket_under_1k,23,17,0.7391304347826086,0.6887222640090259,0.6423467468973298,0.7039473684210527,0.046375517111696074,-0.0049924989191963975,0.758287544405155,2.1532872633186733,possible_fit,966.0,55.0,0.6315005215318135
hayden_neloms,Hayden Neloms,Celia Rouche,West,ticket_band,mid_ticket_1k_to_4k,119,81,0.680672268907563,0.6687809003382773,0.6121779859484777,0.7039473684210527,0.056602914389799586,-0.02493386258994501,1.0,2.8065042446888984,possible_fit,222961.0,1315.0,0.6315005215318135
james_ascencio,James Ascencio,Summer Sewald,West,ticket_band,high_ticket_4k_to_10k,97,64,0.6597938144329897,0.6554257789484629,0.638477801268499,0.6553398058252428,0.01694797767996392,0.0026659822458856564,1.0,1.1949279278036529,neutral,339101.0,4985.0,0.6315005215318135
james_ascencio,James Ascencio,Summer Sewald,West,ticket_band,low_ticket_under_1k,70,45,0.6428571428571429,0.6427228281308762,0.6423467468973298,0.6553398058252428,0.000376081233546377,-0.010036968571701,1.0,0.0,neutral,18196.0,66.5,0.6315005215318135
james_ascencio,James Ascencio,Summer Sewald,West,ticket_band,mid_ticket_1k_to_4k,39,26,0.6666666666666666,0.6453820257611241,0.6121779859484777,0.6553398058252428,0.03320403981264641,-0.007377770941453088,0.9874208829065749,1.8761397716202222,possible_fit,56236.0,1090.0,0.6315005215318135
jonathan_berthelot,Jonathan Berthelot,Melvin Marxen,Central,ticket_band,high_ticket_4k_to_10k,56,36,0.6428571428571429,0.6415054942186725,0.638477801268499,0.6477272727272727,0.003027692950173577,-0.004818080308300998,1.0,0.028167230970747578,neutral,176920.0,4449.0,0.6315005215318135
jonathan_berthelot,Jonathan Berthelot,Melvin Marxen,Central,ticket_band,low_ticket_under_1k,136,92,0.6764705882352942,0.671171855108281,0.6423467468973298,0.6477272727272727,0.02882510821095119,0.024848280581307503,1.0,2.74332185405759,possible_fit,40412.0,473.0,0.6315005215318135
jonathan_berthelot,Jonathan Berthelot,Melvin Marxen,Central,ticket_band,mid_ticket_1k_to_4k,72,43,0.5972222222222222,0.601076800502185,0.6121779859484777,0.6477272727272727,-0.011101185446292683,-0.045246774024788494,1.0,0.0,neutral,67554.0,1036.0,0.6315005215318135
kami_bicknell,Kami Bicknell,Summer Sewald,West,ticket_band,high_ticket_4k_to_10k,60,38,0.6333333333333333,0.6348464121377938,0.638477801268499,0.6397058823529411,-0.003631389130705154,-0.0041687832773420475,1.0,0.0,neutral,188923.0,4437.5,0.6315005215318135
kami_bicknell,Kami Bicknell,Summer Sewald,West,ticket_band,low_ticket_under_1k,136,92,0.6764705882352942,0.671171855108281,0.6423467468973298,0.6397058823529411,0.02882510821095119,0.032156659693145184,1.0,2.999115122971909,possible_fit,39693.0,443.5,0.6315005215318135
kami_bicknell,Kami Bicknell,Summer Sewald,West,ticket_band,mid_ticket_1k_to_4k,76,44,0.5789473684210527,0.5871727687991282,0.6121779859484777,0.6397058823529411,-0.025005217149349557,-0.051842426616007686,1.0,0.0,weak_fit,87840.0,1042.5,0.6315005215318135
kary_hendrixson,Kary Hendrixson,Summer Sewald,West,ticket_band,high_ticket_4k_to_10k,108,70,0.6481481481481481,0.6463304137722743,0.638477801268499,0.6238805970149254,0.007852612503775336,0.021920655332565042,1.0,1.2776427493851734,neutral,349388.0,4576.0,0.6315005215318135
kary_hendrixson,Kary Hendrixson,Summer Sewald,West,ticket_band,low_ticket_under_1k,158,101,0.6392405063291139,0.639664856133515,0.6423467468973298,0.6238805970149254,-0.002681890763814865,0.01525509769380573,1.0,0.3596055196352343,neutral,45753.0,436.5,0.6315005215318135
kary_hendrixson,Kary Hendrixson,Summer Sewald,West,ticket_band,mid_ticket_1k_to_4k,69,38,0.5507246376811594,0.5670686132841696,0.6121779859484777,0.6238805970149254,-0.045109372664308145,-0.057341145155539675,1.0,0.0,weak_fit,59157.0,948.0,0.6315005215318135
lajuana_vencill,Lajuana Vencill,Dustin Brinkmann,Central,ticket_band,high_ticket_4k_to_10k,17,10,0.5882352941176471,0.6181415483741065,0.638477801268499,0.5497835497835498,-0.020336252894392448,0.06037782556826532,0.6519202405202649,0.5159084627468326,insufficient_sample,55097.0,4527.0,0.6315005215318135
lajuana_vencill,Lajuana Vencill,Dustin Brinkmann,Central,ticket_band,low_ticket_under_1k,134,74,0.5522388059701493,0.5664067212102719,0.6423467468973298,0.5497835497835498,-0.07594002568705793,0.008642998404430724,1.0,0.0,weak_fit,30864.0,53.0,0.6315005215318135
lajuana_vencill,Lajuana Vencill,Dustin Brinkmann,Central,ticket_band,mid_ticket_1k_to_4k,80,43,0.5375,0.5552804728448757,0.6121779859484777,0.5497835497835498,-0.056897513103602027,-0.0024832499609654946,1.0,0.0,weak_fit,108671.0,995.0,0.6315005215318135
markita_hansen,Markita Hansen,Celia Rouche,West,ticket_band,high_ticket_4k_to_10k,44,25,0.5681818181818182,0.5936513772711953,0.638477801268499,0.5726872246696035,-0.04482642399730363,0.015129500135102725,1.0,0.0,weak_fit,121999.0,4455.0,0.6315005215318135
markita_hansen,Markita Hansen,Celia Rouche,West,ticket_band,low_ticket_under_1k,101,57,0.5643564356435643,0.5798307037494702,0.6423467468973298,0.5726872246696035,-0.06251604314785963,0.0013088266133776116,1.0,0.0,weak_fit,17351.0,52.0,0.6315005215318135
markita_hansen,Markita Hansen,Celia Rouche,West,ticket_band,mid_ticket_1k_to_4k,77,45,0.5844155844155844,0.5912200945952152,0.6121779859484777,0.5726872246696035,-0.020957891353262537,0.012698217459122585,1.0,0.0,weak_fit,105914.0,1017.0,0.6315005215318135
markita_hansen,Markita Hansen,Celia Rouche,West,ticket_band,strategic_ticket_10k_plus,5,3,0.6,0.6,0.6,0.5726872246696035,0.0,0.02147812286390738,0.3535533905932738,0.2657782106739679,insufficient_sample,83528.0,24745.0,0.6315005215318135
marty_freudenburg,Marty Freudenburg,Melvin Marxen,Central,ticket_band,high_ticket_4k_to_10k,48,33,0.6875,0.6707115757768832,0.638477801268499,0.6288659793814433,0.03223377450838427,0.041544849574621345,1.0,3.5492650781567248,strong_fit,174891.0,4867.5,0.6315005215318135
marty_freudenburg,Marty Freudenburg,Melvin Marxen,Central,ticket_band,low_ticket_under_1k,49,34,0.6938775510204082,0.6764684955734221,0.6423467468973298,0.6288659793814433,0.0341217486760923,0.04730176937116026,1.0,3.873475591936609,strong_fit,10359.0,55.0,0.6315005215318135
marty_freudenburg,Marty Freudenburg,Melvin Marxen,Central,ticket_band,mid_ticket_1k_to_4k,97,55,0.5670103092783505,0.5762659807271471,0.6121779859484777,0.6288659793814433,-0.035912005221330645,-0.05290074547511481,1.0,0.0,weak_fit,105945.0,965.0,0.6315005215318135
maureen_marcano,Maureen Marcano,Summer Sewald,West,ticket_band,high_ticket_4k_to_10k,62,49,0.7903225806451613,0.7466890233530169,0.638477801268499,0.6995305164319249,0.10821122208451794,0.05430451478875076,1.0,8.934387453099943,strong_fit,248464.0,4702.0,0.6315005215318135
maureen_marcano,Maureen Marcano,Summer Sewald,West,ticket_band,low_ticket_under_1k,64,38,0.59375,0.6074007716003735,0.6423467468973298,0.6995305164319249,-0.03494597529695631,-0.08498373696389261,1.0,0.0,weak_fit,13980.0,54.5,0.6315005215318135
maureen_marcano,Maureen Marcano,Summer Sewald,West,ticket_band,mid_ticket_1k_to_4k,87,62,0.7126436781609196,0.690218300434928,0.6121779859484777,0.6995305164319249,0.07804031448645032,-0.0021662081293380986,1.0,4.996803157092438,strong_fit,87951.0,1021.0,0.6315005215318135
moses_frase,Moses Frase,Dustin Brinkmann,Central,ticket_band,high_ticket_4k_to_10k,24,13,0.5416666666666666,0.5910601026880097,0.638477801268499,0.6615384615384615,-0.047417698580489276,-0.0670649565769692,0.7745966692414834,0.0,weak_fit,72526.0,4655.0,0.6315005215318135
moses_frase,Moses Frase,Dustin Brinkmann,Central,ticket_band,low_ticket_under_1k,105,73,0.6952380952380952,0.6850666820956404,0.6423467468973298,0.6615384615384615,0.04271993519831052,0.026941622830661482,1.0,3.719752586963336,strong_fit,27011.0,59.0,0.6315005215318135
moses_frase,Moses Frase,Dustin Brinkmann,Central,ticket_band,mid_ticket_1k_to_4k,66,43,0.6515151515151515,0.6407082378979334,0.6121779859484777,0.6615384615384615,0.028530251949455687,-0.017416821367045476,1.0,1.2448776288680279,neutral,107645.0,1037.5,0.6315005215318135
niesha_huffines,Niesha Huffines,Melvin Marxen,Central,ticket_band,high_ticket_4k_to_10k,29,14,0.4827586206896552,0.5548508339206014,0.638477801268499,0.6,-0.08362696734789754,-0.04908673127087526,0.85146931829632,0.0,weak_fit,79919.0,0.0,0.6315005215318135
niesha_huffines,Niesha Huffines,Melvin Marxen,Central,ticket_band,low_ticket_under_1k,75,44,0.5866666666666667,0.6005866867243325,0.6423467468973298,0.6,-0.04176006017299738,-0.0033508784671442138,1.0,0.0,weak_fit,18286.0,55.0,0.6315005215318135
niesha_huffines,Niesha Huffines,Melvin Marxen,Central,ticket_band,mid_ticket_1k_to_4k,71,47,0.6619718309859155,0.6490046838407494,0.6121779859484777,0.6,0.036826697892271665,0.04506711864927271,1.0,3.971084515722203,strong_fit,78756.0,1063.0,0.6315005215318135
reed_clapper,Reed Clapper,Rocco Neubert,East,ticket_band,high_ticket_4k_to_10k,95,60,0.631578947368421,0.633016208597604,0.638477801268499,0.6540084388185654,-0.005461592670894966,-0.018844528189782772,1.0,0.0,neutral,301060.0,4440.0,0.6315005215318135
reed_clapper,Reed Clapper,Rocco Neubert,East,ticket_band,low_ticket_under_1k,56,39,0.6964285714285714,0.6797366502769536,0.6423467468973298,0.6540084388185654,0.03738990337962378,0.02787591348956686,1.0,3.406000691810386,possible_fit,13793.0,58.5,0.6315005215318135
reed_clapper,Reed Clapper,Rocco Neubert,East,ticket_band,mid_ticket_1k_to_4k,86,56,0.6511627906976745,0.6423824292676751,0.6121779859484777,0.6540084388185654,0.03020444331919736,-0.009478307519711682,1.0,1.6315480525579198,possible_fit,123483.0,1083.0,0.6315005215318135
rosalina_dieter,Rosalina Dieter,Celia Rouche,West,ticket_band,high_ticket_4k_to_10k,9,7,0.7777777777777778,0.6753513244621316,0.638477801268499,0.6545454545454545,0.036873523193632685,0.02507345010438833,0.4743416490252569,1.5531604652319029,insufficient_sample,36050.0,4855.0,0.6315005215318135
rosalina_dieter,Rosalina Dieter,Celia Rouche,West,ticket_band,low_ticket_under_1k,67,40,0.5970149253731343,0.609333355135144,0.6423467468973298,0.6545454545454545,-0.03301339176218587,-0.04094451922259934,1.0,0.0,weak_fit,7361.0,50.0,0.6315005215318135
rosalina_dieter,Rosalina Dieter,Celia Rouche,West,ticket_band,mid_ticket_1k_to_4k,28,20,0.7142857142857143,0.666121691485131,0.6121779859484777,0.6545454545454545,0.053943705536653286,0.015843817127387694,0.8366600265340756,3.3975713329038184,possible_fit,59540.0,3193.5,0.6315005215318135
rosalina_dieter,Rosalina Dieter,Celia Rouche,West,ticket_band,strategic_ticket_10k_plus,6,5,0.8333333333333334,0.6451612903225806,0.6,0.6545454545454545,0.04516129032258065,-0.005116584035162686,0.3872983346207417,1.0675504578800594,insufficient_sample,132452.0,25539.5,0.6315005215318135
rosie_papadopoulos,Rosie Papadopoulos,Cara Losch,East,ticket_band,high_ticket_4k_to_10k,49,35,0.7142857142857143,0.6886749328609794,0.638477801268499,0.6446280991735537,0.050197131592480404,0.046294706571285205,1.0,4.883128283506208,strong_fit,178161.0,4787.0,0.6315005215318135
rosie_papadopoulos,Rosie Papadopoulos,Cara Losch,East,ticket_band,low_ticket_under_1k,42,27,0.6428571428571429,0.6426666966034812,0.6423467468973298,0.6446280991735537,0.00031994970615134566,0.000286470313787035,1.0,0.030823191882383697,neutral,4830.0,53.5,0.6315005215318135
rosie_papadopoulos,Rosie Papadopoulos,Cara Losch,East,ticket_band,mid_ticket_1k_to_4k,30,16,0.5333333333333333,0.5691718117947626,0.6121779859484777,0.6446280991735537,-0.043006174153715104,-0.07320841449493154,0.8660254037844386,0.0,weak_fit,47178.0,970.0,0.6315005215318135
versie_hillebrand,Versie Hillebrand,Dustin Brinkmann,Central,ticket_band,high_ticket_4k_to_10k,21,15,0.7142857142857143,0.6730857615589668,0.638477801268499,0.6666666666666666,0.034607960290467865,0.00946114896970962,0.724568837309472,1.8698641005063812,possible_fit,79880.0,5046.0,0.6315005215318135
versie_hillebrand,Versie Hillebrand,Dustin Brinkmann,Central,ticket_band,low_ticket_under_1k,189,130,0.6878306878306878,0.6825171433291273,0.6423467468973298,0.6666666666666666,0.04017039643179743,0.018892530739870073,1.0,3.2723143439622855,possible_fit,13587.0,53.0,0.6315005215318135
versie_hillebrand,Versie Hillebrand,Dustin Brinkmann,Central,ticket_band,mid_ticket_1k_to_4k,54,31,0.5740740740740741,0.5861322740343284,0.6121779859484777,0.6666666666666666,-0.026045711914149283,-0.07749233855492876,1.0,0.0,weak_fit,94226.0,1974.0,0.6315005215318135
vicki_laflamme,Vicki Laflamme,Celia Rouche,West,ticket_band,high_ticket_4k_to_10k,86,56,0.6511627906976745,0.6483058110965088,0.638477801268499,0.6368876080691642,0.009828009828009798,0.011780238412919086,1.0,1.051128983272805,neutral,277945.0,4525.0,0.6315005215318135
vicki_laflamme,Vicki Laflamme,Celia Rouche,West,ticket_band,low_ticket_under_1k,163,107,0.656441717791411,0.654567386555496,0.6423467468973298,0.6368876080691642,0.01222063965816611,0.018041813871906287,1.0,1.4258050632975172,neutral,33250.0,55.0,0.6315005215318135
vicki_laflamme,Vicki Laflamme,Celia Rouche,West,ticket_band,mid_ticket_1k_to_4k,98,58,0.5918367346938775,0.5959711353553816,0.6121779859484777,0.6368876080691642,-0.016206850593096123,-0.04055443732820807,1.0,0.0,neutral,167201.0,1184.5,0.6315005215318135
violet_mclelland,Violet Mclelland,Cara Losch,East,ticket_band,high_ticket_4k_to_10k,14,7,0.5,0.5887678213259608,0.638477801268499,0.6321243523316062,-0.04970997994253812,-0.04328499077631143,0.5916079783099616,0.0,insufficient_sample,36852.0,2317.0,0.6315005215318135
violet_mclelland,Violet Mclelland,Cara Losch,East,ticket_band,low_ticket_under_1k,133,86,0.6466165413533834,0.6459409409647674,0.6423467468973298,0.6321243523316062,0.0035941940674375505,0.01388812886249513,1.0,0.7197071245707704,neutral,12112.0,51.0,0.6315005215318135
violet_mclelland,Violet Mclelland,Cara Losch,East,ticket_band,mid_ticket_1k_to_4k,46,29,0.6304347826086957,0.62400633308045,0.6121779859484777,0.6321243523316062,0.011828347131972228,-0.008046479021822317,1.0,0.4872157978144137,neutral,74467.0,1048.0,0.6315005215318135
wilburn_farren,Wilburn Farren,Cara Losch,East,ticket_band,high_ticket_4k_to_10k,24,15,0.625,0.631876429218622,0.638477801268499,0.6962025316455697,-0.006601372049876986,-0.048772734611140955,0.7745966692414834,0.0,neutral,78738.0,4852.0,0.6315005215318135
wilburn_farren,Wilburn Farren,Cara Losch,East,ticket_band,low_ticket_under_1k,23,16,0.6956521739130435,0.6678889306756925,0.6423467468973298,0.6962025316455697,0.025542183778362704,-0.012760233154070377,0.758287544405155,0.9202833827872849,neutral,5046.0,52.0,0.6315005215318135
wilburn_farren,Wilburn Farren,Cara Losch,East,ticket_band,mid_ticket_1k_to_4k,32,24,0.75,0.6895517482230166,0.6121779859484777,0.6962025316455697,0.07737376227453885,0.008902584393253643,0.8944271909999159,4.7770327694426316,strong_fit,73856.0,3028.5,0.6315005215318135
zane_levy,Zane Levy,Summer Sewald,West,ticket_band,high_ticket_4k_to_10k,101,67,0.6633663366336634,0.6584281351723212,0.638477801268499,0.6168582375478927,0.01995033390382228,0.040289977695764145,1.0,2.7069209231001934,possible_fit,340332.0,4586.0,0.6315005215318135
zane_levy,Zane Levy,Summer Sewald,West,ticket_band,low_ticket_under_1k,99,58,0.5858585858585859,0.5972473280034939,0.6423467468973298,0.6168582375478927,-0.04509941889383595,-0.0208908294730632,1.0,0.0,weak_fit,26615.0,62.0,0.6315005215318135
zane_levy,Zane Levy,Summer Sewald,West,ticket_band,mid_ticket_1k_to_4k,61,36,0.5901639344262295,0.5965633680082785,0.6121779859484777,0.6168582375478927,-0.015614617940199249,-0.02157478946827862,1.0,0.0,neutral,63121.0,1029.0,0.6315005215318135
anna_snelling,Anna Snelling,Dustin Brinkmann,Central,sector,employment,13,7,0.5384615384615384,0.5959698196540302,0.6258741258741258,0.6190476190476191,-0.029904306220095656,-0.02394018876230042,0.7359800721939872,0.0,weak_fit,11071.0,55.0,0.6315005215318135
anna_snelling,Anna Snelling,Dustin Brinkmann,Central,sector,entertainment,12,9,0.75,0.6802474115906952,0.6467661691542289,0.6190476190476191,0.03348124243646633,0.060337403174364646,0.7071067811865476,3.0321374250417485,possible_fit,6639.0,61.0,0.6315005215318135
anna_snelling,Anna Snelling,Dustin Brinkmann,Central,sector,finance,35,17,0.4857142857142857,0.5382272974442632,0.6117455138662317,0.6190476190476191,-0.07351821642196843,-0.08168271097206736,1.0,0.0,weak_fit,36802.0,0.0,0.6315005215318135
anna_snelling,Anna Snelling,Dustin Brinkmann,Central,sector,marketing,42,27,0.6428571428571429,0.6449534031288181,0.6484751203852327,0.6190476190476191,-0.0035217172564145915,0.02504339471248751,1.0,0.6476071932701142,neutral,31499.0,56.5,0.6315005215318135
anna_snelling,Anna Snelling,Dustin Brinkmann,Central,sector,medical,64,40,0.625,0.6244825547013602,0.6231578947368421,0.6190476190476191,0.0013246599645180268,0.004572546285029566,1.0,0.24614201766970656,neutral,47346.0,53.5,0.6315005215318135
anna_snelling,Anna Snelling,Dustin Brinkmann,Central,sector,retail,44,27,0.6136363636363636,0.6197911304805371,0.6306235201262825,0.6190476190476191,-0.0108323896457454,-0.00011887793579345995,1.0,0.0,neutral,27776.0,52.5,0.6315005215318135
anna_snelling,Anna Snelling,Dustin Brinkmann,Central,sector,services,10,6,0.6,0.6239448051948051,0.6335227272727273,0.6190476190476191,-0.009577922077922185,0.004034796778474514,0.6454972243679028,0.0,insufficient_sample,2870.0,52.0,0.6315005215318135
anna_snelling,Anna Snelling,Dustin Brinkmann,Central,sector,software,25,16,0.64,0.6396022727272727,0.6392045454545454,0.6190476190476191,0.00039772727272724406,0.019692264310942065,1.0,0.715081523610243,neutral,28057.0,53.0,0.6315005215318135
anna_snelling,Anna Snelling,Dustin Brinkmann,Central,sector,technology,62,43,0.6935483870967742,0.6764987071681551,0.6342155009451795,0.6190476190476191,0.042283206222975545,0.056588698751824484,1.0,4.729012860807267,strong_fit,58333.0,57.0,0.6315005215318135
anna_snelling,Anna Snelling,Dustin Brinkmann,Central,sector,telecommunications,29,16,0.5517241379310345,0.5856481481481481,0.625,0.6190476190476191,-0.03935185185185186,-0.034261860268182454,1.0,0.0,weak_fit,24663.0,44.0,0.6315005215318135
boris_faz,Boris Faz,Rocco Neubert,East,sector,employment,5,3,0.6,0.6215617715617715,0.6258741258741258,0.6601307189542484,-0.004312354312354327,-0.034547852248876465,0.45643546458763845,0.0,insufficient_sample,2163.0,53.0,0.6315005215318135
boris_faz,Boris Faz,Rocco Neubert,East,sector,entertainment,7,3,0.42857142857142855,0.5990360696517414,0.6467661691542289,0.6601307189542484,-0.04773009950248752,-0.05707355415890658,0.5400617248673217,0.0,insufficient_sample,12911.0,0.0,0.6315005215318135
boris_faz,Boris Faz,Rocco Neubert,East,sector,finance,17,6,0.35294117647058826,0.5069913773013284,0.6117455138662317,0.6601307189542484,-0.10475413656490329,-0.1491182465093196,0.8416254115301732,0.0,weak_fit,17468.0,0.0,0.6315005215318135
boris_faz,Boris Faz,Rocco Neubert,East,sector,marketing,12,8,0.6666666666666666,0.6543750813413733,0.6484751203852327,0.6601307189542484,0.0058999609561406485,-0.0017345424692746247,0.7071067811865476,0.2282459200736847,neutral,25772.0,1072.0,0.6315005215318135
boris_faz,Boris Faz,Rocco Neubert,East,sector,medical,18,14,0.7777777777777778,0.6878824969400246,0.6231578947368421,0.6601307189542484,0.06472460220318244,0.0317728731293766,0.8660254037844386,4.606518769100989,strong_fit,20371.0,523.0,0.6315005215318135
boris_faz,Boris Faz,Rocco Neubert,East,sector,retail,35,25,0.7142857142857143,0.6794264667192844,0.6306235201262825,0.6601307189542484,0.048802946593001884,0.023316842908636448,1.0,3.9882810303473986,strong_fit,61318.0,1066.0,0.6315005215318135
boris_faz,Boris Faz,Rocco Neubert,East,sector,software,21,17,0.8095238095238095,0.7169589920948616,0.6392045454545454,0.6601307189542484,0.07775444664031617,0.06084936828421361,0.9354143466934853,6.719798641736826,strong_fit,43177.0,1053.0,0.6315005215318135
boris_faz,Boris Faz,Rocco Neubert,East,sector,technology,37,25,0.6756756756756757,0.6589578632843466,0.6342155009451795,0.6601307189542484,0.024742362339167046,0.0028482394736986105,1.0,1.7079419336253094,possible_fit,78451.0,1073.0,0.6315005215318135
boris_faz,Boris Faz,Rocco Neubert,East,sector,telecommunications,1,0,0.0,0.6009615384615384,0.625,0.6601307189542484,-0.024038461538461564,-0.05514808534910953,0.2041241452319315,0.0,insufficient_sample,0.0,0.0,0.6315005215318135
cassey_cress,Cassey Cress,Rocco Neubert,East,sector,employment,7,6,0.8571428571428571,0.6764641608391608,0.6258741258741258,0.6245210727969349,0.050590034965035,0.05133299636959665,0.5400617248673217,2.746217730049501,insufficient_sample,26136.0,5026.0,0.6315005215318135
cassey_cress,Cassey Cress,Rocco Neubert,East,sector,entertainment,20,12,0.6,0.6259812050856828,0.6467661691542289,0.6245210727969349,-0.02078496406854613,0.0008500406161185969,0.9128709291752769,0.0,weak_fit,36828.0,810.5,0.6315005215318135
cassey_cress,Cassey Cress,Rocco Neubert,East,sector,finance,31,18,0.5806451612903226,0.5945292472617105,0.6117455138662317,0.6245210727969349,-0.017216266604521135,-0.030601917207853657,1.0,0.0,neutral,60115.0,491.0,0.6315005215318135
cassey_cress,Cassey Cress,Rocco Neubert,East,sector,marketing,19,9,0.47368421052631576,0.5729972274916094,0.6484751203852327,0.6245210727969349,-0.07547789289362328,-0.052133936977954765,0.8897565210026093,0.0,weak_fit,20320.0,0.0,0.6315005215318135
cassey_cress,Cassey Cress,Rocco Neubert,East,sector,medical,35,21,0.6,0.6096491228070176,0.6231578947368421,0.6245210727969349,-0.013508771929824581,-0.01548204166254663,1.0,0.0,neutral,66753.0,572.0,0.6315005215318135
cassey_cress,Cassey Cress,Rocco Neubert,East,sector,retail,64,43,0.671875,0.6602875056534502,0.6306235201262825,0.6245210727969349,0.029663985527167647,0.035156341183886,1.0,3.158631000701907,possible_fit,114359.0,635.0,0.6315005215318135
cassey_cress,Cassey Cress,Rocco Neubert,East,sector,software,30,19,0.6333333333333333,0.6360020661157024,0.6392045454545454,0.6245210727969349,-0.0032024793388429895,0.010870901646138242,1.0,0.17232040059004414,neutral,45632.0,596.0,0.6315005215318135
cassey_cress,Cassey Cress,Rocco Neubert,East,sector,technology,45,28,0.6222222222222222,0.6265055360518499,0.6342155009451795,0.6245210727969349,-0.007709964893329646,0.001374371582285705,1.0,0.0,neutral,59740.0,566.0,0.6315005215318135
cassey_cress,Cassey Cress,Rocco Neubert,East,sector,telecommunications,10,7,0.7,0.6464285714285715,0.625,0.6245210727969349,0.021428571428571463,0.02129740695900728,0.6454972243679028,1.3802450173948446,insufficient_sample,20606.0,2207.0,0.6315005215318135
cecily_lampkin,Cecily Lampkin,Dustin Brinkmann,Central,sector,employment,4,3,0.75,0.6429949360983843,0.6258741258741258,0.66875,0.017120810224258487,-0.02072135059510405,0.408248290463863,0.1582392393722588,insufficient_sample,6199.0,522.5,0.6315005215318135
cecily_lampkin,Cecily Lampkin,Dustin Brinkmann,Central,sector,entertainment,5,4,0.8,0.6723051409618575,0.6467661691542289,0.66875,0.02553897180762854,0.008588854268369084,0.45643546458763845,0.8949070291259095,insufficient_sample,10968.0,3343.0,0.6315005215318135
cecily_lampkin,Cecily Lampkin,Dustin Brinkmann,Central,sector,finance,15,12,0.8,0.6823409461663947,0.6117455138662317,0.66875,0.07059543230016307,0.01862465947290637,0.7905694150420949,4.1430313402518255,strong_fit,20309.0,622.0,0.6315005215318135
cecily_lampkin,Cecily Lampkin,Dustin Brinkmann,Central,sector,marketing,22,15,0.6818181818181818,0.6640825108432088,0.6484751203852327,0.66875,0.0156073904579761,0.0003662241497204288,0.9574271077563381,0.9835631683732627,neutral,31272.0,60.0,0.6315005215318135
cecily_lampkin,Cecily Lampkin,Dustin Brinkmann,Central,sector,medical,33,21,0.6363636363636364,0.6306715063520871,0.6231578947368421,0.66875,0.007513611615244997,-0.033044780341401236,1.0,0.0,neutral,45794.0,62.0,0.6315005215318135
cecily_lampkin,Cecily Lampkin,Dustin Brinkmann,Central,sector,retail,24,12,0.5,0.5666446531256544,0.6306235201262825,0.66875,-0.06397886700062816,-0.09707163356783399,1.0,0.0,weak_fit,27067.0,26.0,0.6315005215318135
cecily_lampkin,Cecily Lampkin,Dustin Brinkmann,Central,sector,services,8,6,0.75,0.6617596418732782,0.6335227272727273,0.66875,0.02823691460055089,-0.001956644820210185,0.5773502691896257,1.0201299364933252,insufficient_sample,18632.0,3134.5,0.6315005215318135
cecily_lampkin,Cecily Lampkin,Dustin Brinkmann,Central,sector,software,12,11,0.9166666666666666,0.7291922604422604,0.6392045454545454,0.66875,0.08998771498771496,0.06547597374877201,0.7071067811865476,5.75645770342343,strong_fit,12148.0,290.0,0.6315005215318135
cecily_lampkin,Cecily Lampkin,Dustin Brinkmann,Central,sector,technology,28,18,0.6428571428571429,0.6387808966722545,0.6342155009451795,0.66875,0.004565395727074928,-0.024935390021233905,1.0,0.0,neutral,41622.0,813.0,0.6315005215318135
cecily_lampkin,Cecily Lampkin,Dustin Brinkmann,Central,sector,telecommunications,9,5,0.5555555555555556,0.6066176470588235,0.625,0.66875,-0.018382352941176516,-0.05709863963466488,0.6123724356957945,0.0,insufficient_sample,15789.0,66.0,0.6315005215318135
corliss_cosme,Corliss Cosme,Cara Losch,East,sector,employment,8,6,0.75,0.6559652468743378,0.6258741258741258,0.6550218340611353,0.03009112100021194,0.003258502629080562,0.5773502691896257,1.1950980005817644,insufficient_sample,25350.0,4242.5,0.6315005215318135
corliss_cosme,Corliss Cosme,Cara Losch,East,sector,entertainment,15,11,0.7333333333333333,0.6792288557213931,0.6467661691542289,0.6550218340611353,0.03246268656716422,0.026522111476135923,0.7905694150420949,2.402025418894313,possible_fit,27902.0,516.0,0.6315005215318135
corliss_cosme,Corliss Cosme,Cara Losch,East,sector,finance,20,14,0.7,0.6509697299256842,0.6117455138662317,0.6550218340611353,0.03922421605945259,-0.0017370143195729604,0.9128709291752769,2.2719335807672034,possible_fit,49567.0,1171.0,0.6315005215318135
corliss_cosme,Corliss Cosme,Cara Losch,East,sector,marketing,12,8,0.6666666666666666,0.6543750813413733,0.6484751203852327,0.6550218340611353,0.0058999609561406485,0.0016683370961161348,0.7071067811865476,0.3124628926423975,neutral,17821.0,580.5,0.6315005215318135
corliss_cosme,Corliss Cosme,Cara Losch,East,sector,medical,28,20,0.7142857142857143,0.6713008937437935,0.6231578947368421,0.6550218340611353,0.048142999006951404,0.018594149498536328,1.0,3.780090167900613,strong_fit,54573.0,581.5,0.6315005215318135
corliss_cosme,Corliss Cosme,Cara Losch,East,sector,retail,63,37,0.5873015873015873,0.5996089545813302,0.6306235201262825,0.6550218340611353,-0.0310145655449523,-0.053097789663926975,1.0,0.0,weak_fit,98049.0,503.0,0.6315005215318135
corliss_cosme,Corliss Cosme,Cara Losch,East,sector,software,29,16,0.5517241379310345,0.5922243265993266,0.6392045454545454,0.6550218340611353,-0.04698021885521886,-0.06048241764593065,1.0,0.0,weak_fit,48832.0,586.0,0.6315005215318135
corliss_cosme,Corliss Cosme,Cara Losch,East,sector,technology,46,31,0.6739130434782609,0.6599350355440773,0.6342155009451795,0.6550218340611353,0.025719534598897753,0.007228291298820078,1.0,1.9247599443870569,possible_fit,81599.0,596.0,0.6315005215318135
corliss_cosme,Corliss Cosme,Cara Losch,East,sector,telecommunications,8,7,0.875,0.6856060606060606,0.625,0.6550218340611353,0.06060606060606055,0.03289931636080334,0.5773502691896257,2.9392151718503254,insufficient_sample,17343.0,1155.0,0.6315005215318135
daniell_hammack,Daniell Hammack,Rocco Neubert,East,sector,employment,7,6,0.8571428571428571,0.6764641608391608,0.6258741258741258,0.6096256684491979,0.050590034965035,0.0642589106585224,0.5400617248673217,2.990545434872256,insufficient_sample,20244.0,4506.0,0.6315005215318135
daniell_hammack,Daniell Hammack,Rocco Neubert,East,sector,entertainment,16,7,0.4375,0.5651013226550177,0.6467661691542289,0.6096256684491979,-0.08166484649921124,-0.04710392752562076,0.816496580927726,0.0,weak_fit,24823.0,0.0,0.6315005215318135
daniell_hammack,Daniell Hammack,Rocco Neubert,East,sector,finance,13,9,0.6923076923076923,0.6393062591225208,0.6117455138662317,0.6096256684491979,0.027560745256289154,0.027101008941882387,0.7359800721939872,2.016573441539023,possible_fit,25239.0,1078.0,0.6315005215318135
daniell_hammack,Daniell Hammack,Rocco Neubert,East,sector,marketing,14,9,0.6428571428571429,0.6464584105033543,0.6484751203852327,0.6096256684491979,-0.002016709881878409,0.03425316032271586,0.7637626158259734,0.8155262215349764,neutral,34585.0,2385.0,0.6315005215318135
daniell_hammack,Daniell Hammack,Rocco Neubert,East,sector,medical,26,14,0.5384615384615384,0.5799793601651188,0.6231578947368421,0.6096256684491979,-0.04317853457172338,-0.032225890015519676,1.0,0.0,weak_fit,42157.0,56.0,0.6315005215318135
daniell_hammack,Daniell Hammack,Rocco Neubert,East,sector,retail,44,24,0.5454545454545454,0.576312869610972,0.6306235201262825,0.6096256684491979,-0.05431065051531059,-0.03589238056966648,1.0,0.0,weak_fit,73662.0,592.0,0.6315005215318135
daniell_hammack,Daniell Hammack,Rocco Neubert,East,sector,software,21,11,0.5238095238095238,0.5865242094861659,0.6392045454545454,0.6096256684491979,-0.05268033596837951,-0.025681040694472523,0.9354143466934853,0.0,weak_fit,33198.0,60.0,0.6315005215318135
daniell_hammack,Daniell Hammack,Rocco Neubert,East,sector,technology,38,28,0.7368421052631579,0.6961172622798332,0.6342155009451795,0.6096256684491979,0.06190176133465364,0.08391201209919474,1.0,6.960534910224303,strong_fit,96426.0,1207.0,0.6315005215318135
daniell_hammack,Daniell Hammack,Rocco Neubert,East,sector,telecommunications,8,6,0.75,0.6553030303030303,0.625,0.6096256684491979,0.030303030303030276,0.04309778012239185,0.5773502691896257,2.0080930991063726,insufficient_sample,13895.0,935.5,0.6315005215318135
darcel_schlecht,Darcel Schlecht,Melvin Marxen,Central,sector,employment,15,8,0.5333333333333333,0.5911713286713287,0.6258741258741258,0.6311030741410488,-0.03470279720279712,-0.03994893610080852,0.7905694150420949,0.0,weak_fit,21884.0,463.0,0.6315005215318135
darcel_schlecht,Darcel Schlecht,Melvin Marxen,Central,sector,entertainment,17,11,0.6470588235294118,0.6468846244965649,0.6467661691542289,0.6311030741410488,0.00011845534233601018,0.01576435972442769,0.8416254115301732,0.47084917762603695,neutral,34206.0,556.0,0.6315005215318135
darcel_schlecht,Darcel Schlecht,Melvin Marxen,Central,sector,finance,64,42,0.65625,0.6437487398500651,0.6117455138662317,0.6311030741410488,0.03200322598383343,0.012628475077927859,1.0,2.5222063166766477,possible_fit,129003.0,603.5,0.6315005215318135
darcel_schlecht,Darcel Schlecht,Melvin Marxen,Central,sector,marketing,64,43,0.671875,0.6653020001082114,0.6484751203852327,0.6311030741410488,0.016826879722978694,0.03418173533607416,1.0,2.2901079187562106,possible_fit,152479.0,1154.5,0.6315005215318135
darcel_schlecht,Darcel Schlecht,Melvin Marxen,Central,sector,medical,106,62,0.5849056603773585,0.5922057051024509,0.6231578947368421,0.6311030741410488,-0.03095218963439128,-0.03891455966968638,1.0,0.0,weak_fit,220521.0,983.5,0.6315005215318135
darcel_schlecht,Darcel Schlecht,Melvin Marxen,Central,sector,retail,74,50,0.6756756756756757,0.6642988687187582,0.6306235201262825,0.6311030741410488,0.033675348592475673,0.03317860394662098,1.0,3.350148796642653,possible_fit,150448.0,648.5,0.6315005215318135
darcel_schlecht,Darcel Schlecht,Melvin Marxen,Central,sector,services,24,19,0.7916666666666666,0.7109809833024119,0.6335227272727273,0.6311030741410488,0.07745825602968459,0.07986071853027465,1.0,7.829911790489111,strong_fit,62371.0,1118.5,0.6315005215318135
darcel_schlecht,Darcel Schlecht,Melvin Marxen,Central,sector,software,55,34,0.6181818181818182,0.6247514204545455,0.6392045454545454,0.6311030741410488,-0.014453124999999956,-0.006368844317591771,1.0,0.0,neutral,111960.0,1178.0,0.6315005215318135
darcel_schlecht,Darcel Schlecht,Melvin Marxen,Central,sector,technology,92,57,0.6195652173913043,0.6226956198600812,0.6342155009451795,0.6311030741410488,-0.011519881085098382,-0.008424644912056078,1.0,0.0,neutral,181869.0,836.5,0.6315005215318135
darcel_schlecht,Darcel Schlecht,Melvin Marxen,Central,sector,telecommunications,42,23,0.5476190476190477,0.5764925373134329,0.625,0.6311030741410488,-0.04850746268656714,-0.05462772745870437,1.0,0.0,weak_fit,88473.0,285.0,0.6315005215318135
donn_cantrell,Donn Cantrell,Rocco Neubert,East,sector,employment,13,6,0.46153846153846156,0.569654030180346,0.6258741258741258,0.5745454545454546,-0.05622009569377984,-0.009637679947305133,0.7359800721939872,0.0,weak_fit,12158.0,0.0,0.6315005215318135
donn_cantrell,Donn Cantrell,Rocco Neubert,East,sector,entertainment,19,9,0.47368421052631576,0.5720262324739938,0.6467661691542289,0.5745454545454546,-0.07473993668023515,-0.007265477653657371,0.8897565210026093,0.0,weak_fit,15894.0,0.0,0.6315005215318135
donn_cantrell,Donn Cantrell,Rocco Neubert,East,sector,finance,21,11,0.5238095238095238,0.5716008227533868,0.6117455138662317,0.5745454545454546,-0.04014469111284491,-0.007690887374264377,0.9354143466934853,0.0,weak_fit,41570.0,441.0,0.6315005215318135
donn_cantrell,Donn Cantrell,Rocco Neubert,East,sector,marketing,16,6,0.375,0.5417531221861175,0.6484751203852327,0.5745454545454546,-0.10672199819911521,-0.03753858794153364,0.816496580927726,0.0,weak_fit,15137.0,0.0,0.6315005215318135
donn_cantrell,Donn Cantrell,Rocco Neubert,East,sector,medical,37,23,0.6216216216216216,0.6222410865874364,0.6231578947368421,0.5745454545454546,-0.0009168081494057567,0.04294937645978525,1.0,1.4436356463811095,neutral,54969.0,564.0,0.6315005215318135
donn_cantrell,Donn Cantrell,Rocco Neubert,East,sector,retail,77,50,0.6493506493506493,0.6447606666976182,0.6306235201262825,0.5745454545454546,0.01413714657133569,0.0654689565699671,1.0,3.210328007085668,possible_fit,113617.0,566.0,0.6315005215318135
donn_cantrell,Donn Cantrell,Rocco Neubert,East,sector,software,34,19,0.5588235294117647,0.5928832819722649,0.6392045454545454,0.5745454545454546,-0.046321263482280495,0.013591571844613792,1.0,0.0,weak_fit,71396.0,536.0,0.6315005215318135
donn_cantrell,Donn Cantrell,Rocco Neubert,East,sector,technology,48,31,0.6458333333333334,0.6418546236113628,0.6342155009451795,0.5745454545454546,0.007639122666183273,0.06256291348371168,1.0,2.6862449452318216,possible_fit,106566.0,595.5,0.6315005215318135
donn_cantrell,Donn Cantrell,Rocco Neubert,East,sector,telecommunications,10,3,0.3,0.5321428571428571,0.625,0.5745454545454546,-0.09285714285714286,-0.04714885298479399,0.6454972243679028,0.0,insufficient_sample,14553.0,0.0,0.6315005215318135
elease_gluck,Elease Gluck,Celia Rouche,West,sector,employment,4,3,0.75,0.6429949360983843,0.6258741258741258,0.6349206349206349,0.017120810224258487,0.008640545116295972,0.408248290463863,0.577782269885764,insufficient_sample,4627.0,512.5,0.6315005215318135
elease_gluck,Elease Gluck,Celia Rouche,West,sector,entertainment,12,9,0.75,0.6802474115906952,0.6467661691542289,0.6349206349206349,0.03348124243646633,0.045893020608606894,0.7071067811865476,2.6746571948612465,possible_fit,92204.0,2066.0,0.6315005215318135
elease_gluck,Elease Gluck,Celia Rouche,West,sector,finance,4,3,0.75,0.6308150981605445,0.6117455138662317,0.6349206349206349,0.019069584294312825,-0.00353929282154386,0.408248290463863,0.4554612786860126,insufficient_sample,33769.0,2274.5,0.6315005215318135
elease_gluck,Elease Gluck,Celia Rouche,West,sector,marketing,3,0,0.0,0.5789956432011005,0.6484751203852327,0.6349206349206349,-0.06947947718413217,-0.055358747780987816,0.3535533905932738,0.0,insufficient_sample,0.0,0.0,0.6315005215318135
elease_gluck,Elease Gluck,Celia Rouche,West,sector,medical,10,6,0.6,0.6165413533834587,0.6231578947368421,0.6349206349206349,-0.006616541353383409,-0.017813037598629622,0.6454972243679028,0.0,insufficient_sample,55677.0,56.0,0.6315005215318135
elease_gluck,Elease Gluck,Celia Rouche,West,sector,retail,30,19,0.6333333333333333,0.6321016000574011,0.6306235201262825,0.6349206349206349,0.0014780799311185921,-0.00225279092468722,1.0,0.01722751315865579,neutral,51607.0,53.0,0.6315005215318135
elease_gluck,Elease Gluck,Celia Rouche,West,sector,services,15,9,0.6,0.6209517045454545,0.6335227272727273,0.6349206349206349,-0.01257102272727284,-0.013402686436633893,0.7905694150420949,0.0,neutral,4681.0,52.0,0.6315005215318135
elease_gluck,Elease Gluck,Celia Rouche,West,sector,software,18,11,0.6111111111111112,0.6274445031712473,0.6392045454545454,0.6349206349206349,-0.011760042283298078,-0.006909887810841009,0.8660254037844386,0.0,neutral,18461.0,48.0,0.6315005215318135
elease_gluck,Elease Gluck,Celia Rouche,West,sector,technology,11,8,0.7272727272727273,0.6626496534341525,0.6342155009451795,0.6349206349206349,0.028434152488972964,0.02829526245206415,0.67700320038633,1.9217102085486462,insufficient_sample,18821.0,583.0,0.6315005215318135
elease_gluck,Elease Gluck,Celia Rouche,West,sector,telecommunications,19,12,0.631578947368421,0.6278409090909091,0.625,0.6349206349206349,0.0028409090909090606,-0.006513481891179285,0.8897565210026093,0.0,neutral,9348.0,48.0,0.6315005215318135
garret_kinder,Garret Kinder,Cara Losch,East,sector,employment,6,2,0.3333333333333333,0.5692533273178434,0.6258741258741258,0.6097560975609756,-0.05662079855628244,-0.044175814832800864,0.5,0.0,insufficient_sample,12764.0,0.0,0.6315005215318135
garret_kinder,Garret Kinder,Cara Losch,East,sector,entertainment,10,6,0.6,0.633404406538735,0.6467661691542289,0.6097560975609756,-0.013361762615493933,0.01997526438809072,0.6454972243679028,0.0,insufficient_sample,18759.0,304.5,0.6315005215318135
garret_kinder,Garret Kinder,Cara Losch,East,sector,finance,13,7,0.5384615384615384,0.5866746801751525,0.6117455138662317,0.6097560975609756,-0.02507083369107921,-0.026754461975491806,0.7359800721939872,0.0,weak_fit,19796.0,617.0,0.6315005215318135
garret_kinder,Garret Kinder,Cara Losch,East,sector,marketing,11,8,0.7272727272727273,0.6725521669341893,0.6484751203852327,0.6097560975609756,0.024077046548956593,0.05912302478354503,0.67700320038633,2.4604421368414364,insufficient_sample,25791.0,1233.0,0.6315005215318135
garret_kinder,Garret Kinder,Cara Losch,East,sector,medical,13,7,0.5384615384615384,0.5941828254847646,0.6231578947368421,0.6097560975609756,-0.02897506925207749,-0.019246316665879615,0.7359800721939872,0.0,weak_fit,26923.0,579.0,0.6315005215318135
garret_kinder,Garret Kinder,Cara Losch,East,sector,retail,31,18,0.5806451612903226,0.6029569286278047,0.6306235201262825,0.6097560975609756,-0.027666591498477833,-0.010472213522839557,1.0,0.0,weak_fit,33599.0,59.0,0.6315005215318135
garret_kinder,Garret Kinder,Cara Losch,East,sector,software,19,13,0.6842105263157895,0.6586389462809916,0.6392045454545454,0.6097560975609756,0.019434400826446208,0.045209804130347364,0.8897565210026093,2.53187264770004,possible_fit,27737.0,552.0,0.6315005215318135
garret_kinder,Garret Kinder,Cara Losch,East,sector,technology,18,13,0.7222222222222222,0.671055523805337,0.6342155009451795,0.6097560975609756,0.03684002286015742,0.05762638165469269,0.8660254037844386,3.820492584178174,strong_fit,31378.0,469.5,0.6315005215318135
garret_kinder,Garret Kinder,Cara Losch,East,sector,telecommunications,2,1,0.5,0.6157407407407407,0.625,0.6097560975609756,-0.0092592592592593,0.002311598590096442,0.28867513459481287,0.0,insufficient_sample,1026.0,513.0,0.6315005215318135
gladys_colclough,Gladys Colclough,Melvin Marxen,Central,sector,employment,4,2,0.5,0.6085121774776947,0.6258741258741258,0.5818965517241379,-0.017361948396431126,0.021790336861759463,0.408248290463863,0.0,insufficient_sample,116.0,24.0,0.6315005215318135
gladys_colclough,Gladys Colclough,Melvin Marxen,Central,sector,entertainment,6,4,0.6666666666666666,0.6506178783501847,0.6467661691542289,0.5818965517241379,0.003851709195955788,0.06389603773424946,0.5,1.2433612092179285,insufficient_sample,2839.0,314.5,0.6315005215318135
gladys_colclough,Gladys Colclough,Melvin Marxen,Central,sector,finance,29,20,0.6896551724137931,0.6535858860491813,0.6117455138662317,0.5818965517241379,0.04184037218294967,0.06686404543324609,1.0,5.059865782055342,strong_fit,48220.0,503.0,0.6315005215318135
gladys_colclough,Gladys Colclough,Melvin Marxen,Central,sector,marketing,35,23,0.6571428571428571,0.6535313001605136,0.6484751203852327,0.5818965517241379,0.0050561797752809445,0.0668094595445784,1.0,2.6669827694535053,possible_fit,62015.0,821.0,0.6315005215318135
gladys_colclough,Gladys Colclough,Melvin Marxen,Central,sector,medical,46,27,0.5869565217391305,0.5997034840622684,0.6231578947368421,0.5818965517241379,-0.023454410674573767,0.012981643446333124,1.0,0.0,weak_fit,74408.0,54.5,0.6315005215318135
gladys_colclough,Gladys Colclough,Melvin Marxen,Central,sector,retail,35,19,0.5428571428571428,0.5794264667192844,0.6306235201262825,0.5818965517241379,-0.051197053406998094,-0.007295373896650803,1.0,0.0,weak_fit,37001.0,53.0,0.6315005215318135
gladys_colclough,Gladys Colclough,Melvin Marxen,Central,sector,services,9,6,0.6666666666666666,0.6422961229946523,0.6335227272727273,0.5818965517241379,0.008773395721925037,0.05557428237871709,0.6123724356957945,1.5403436241718191,insufficient_sample,22856.0,3447.0,0.6315005215318135
gladys_colclough,Gladys Colclough,Melvin Marxen,Central,sector,software,17,9,0.5294117647058824,0.5947646103896103,0.6392045454545454,0.5818965517241379,-0.044439935064935154,0.008042769773675018,0.8416254115301732,0.0,weak_fit,20546.0,49.0,0.6315005215318135
gladys_colclough,Gladys Colclough,Melvin Marxen,Central,sector,technology,41,18,0.43902439024390244,0.5129604170246892,0.6342155009451795,0.5818965517241379,-0.12125508392049034,-0.07376142359124604,1.0,0.0,weak_fit,53677.0,0.0,0.6315005215318135
gladys_colclough,Gladys Colclough,Melvin Marxen,Central,sector,telecommunications,10,7,0.7,0.6464285714285715,0.625,0.5818965517241379,0.021428571428571463,0.05970673081263622,0.6454972243679028,2.248003935202632,insufficient_sample,23996.0,1987.5,0.6315005215318135
hayden_neloms,Hayden Neloms,Celia Rouche,West,sector,employment,14,12,0.8571428571428571,0.7088936704321319,0.6258741258741258,0.7039473684210527,0.08301954455800609,0.0151789075039096,0.7637626158259734,4.527227467079566,strong_fit,26389.0,3013.0,0.6315005215318135
hayden_neloms,Hayden Neloms,Celia Rouche,West,sector,entertainment,10,7,0.7,0.6619758351101636,0.6467661691542289,0.7039473684210527,0.015209665955934648,-0.03173892781805876,0.6454972243679028,0.0,insufficient_sample,18339.0,2134.0,0.6315005215318135
hayden_neloms,Hayden Neloms,Celia Rouche,West,sector,finance,8,5,0.625,0.6149587226259331,0.6117455138662317,0.7039473684210527,0.003213208759701436,-0.07875604030228922,0.5773502691896257,0.0,insufficient_sample,11444.0,1002.0,0.6315005215318135
hayden_neloms,Hayden Neloms,Celia Rouche,West,sector,marketing,11,9,0.8181818181818182,0.7003299447119671,0.6484751203852327,0.7039473684210527,0.05185482432673438,0.006615181783744761,0.67700320038633,2.4386298049591955,insufficient_sample,25534.0,3376.0,0.6315005215318135
hayden_neloms,Hayden Neloms,Celia Rouche,West,sector,medical,12,9,0.75,0.6642958748221907,0.6231578947368421,0.7039473684210527,0.041137980085348524,-0.02941888810603166,0.7071067811865476,1.1627010697573472,neutral,26533.0,3165.5,0.6315005215318135
hayden_neloms,Hayden Neloms,Celia Rouche,West,sector,retail,36,26,0.7222222222222222,0.6846817705435584,0.6306235201262825,0.7039473684210527,0.054058250417275855,-0.00903299238466393,1.0,3.197631543659693,possible_fit,60445.0,1172.5,0.6315005215318135
hayden_neloms,Hayden Neloms,Celia Rouche,West,sector,services,18,10,0.5555555555555556,0.6008853065539111,0.6335227272727273,0.7039473684210527,-0.032637420718816146,-0.09282945637431117,0.8660254037844386,0.0,weak_fit,23867.0,57.5,0.6315005215318135
hayden_neloms,Hayden Neloms,Celia Rouche,West,sector,software,14,9,0.6428571428571429,0.6405157342657342,0.6392045454545454,0.7039473684210527,0.001311188811188746,-0.05319902866248816,0.7637626158259734,0.0,neutral,29913.0,2096.0,0.6315005215318135
hayden_neloms,Hayden Neloms,Celia Rouche,West,sector,technology,14,10,0.7142857142857143,0.6629586544520382,0.6342155009451795,0.7039473684210527,0.028743153506858632,-0.030756108476184152,0.7637626158259734,0.6047786919326574,neutral,25936.0,2049.5,0.6315005215318135
hayden_neloms,Hayden Neloms,Celia Rouche,West,sector,telecommunications,15,10,0.6666666666666666,0.640625,0.625,0.7039473684210527,0.015625,-0.05308976292822232,0.7905694150420949,0.0,neutral,23711.0,1108.0,0.6315005215318135
james_ascencio,James Ascencio,Summer Sewald,West,sector,employment,13,9,0.6923076923076923,0.6486013986013986,0.6258741258741258,0.6553398058252428,0.022727272727272818,-0.004158398101178573,0.7359800721939872,0.9801258537533084,neutral,25883.0,561.0,0.6315005215318135
james_ascencio,James Ascencio,Summer Sewald,West,sector,entertainment,18,12,0.6666666666666666,0.6550966099733889,0.6467661691542289,0.6553398058252428,0.008330440819160012,0.0023368132708116995,0.8660254037844386,0.5397651572923261,neutral,48624.0,2150.5,0.6315005215318135
james_ascencio,James Ascencio,Summer Sewald,West,sector,finance,17,8,0.47058823529411764,0.5546104249203759,0.6117455138662317,0.6553398058252428,-0.05713508894585573,-0.09814937178220129,0.8416254115301732,0.0,weak_fit,18343.0,0.0,0.6315005215318135
james_ascencio,James Ascencio,Summer Sewald,West,sector,marketing,22,15,0.6818181818181818,0.6640825108432088,0.6484751203852327,0.6553398058252428,0.0156073904579761,0.011322714140631573,0.9574271077563381,1.350714586683839,neutral,46827.0,530.0,0.6315005215318135
james_ascencio,James Ascencio,Summer Sewald,West,sector,medical,20,11,0.55,0.5906432748538012,0.6231578947368421,0.6553398058252428,-0.03251461988304094,-0.06211652184877603,0.9128709291752769,0.0,weak_fit,39289.0,472.5,0.6315005215318135
james_ascencio,James Ascencio,Summer Sewald,West,sector,retail,44,30,0.6818181818181818,0.6632693913501023,0.6306235201262825,0.6553398058252428,0.03264587122381979,0.0105095946475251,1.0,2.489817442211665,possible_fit,87833.0,531.5,0.6315005215318135
james_ascencio,James Ascencio,Summer Sewald,West,sector,services,23,16,0.6956521739130435,0.663293087121212,0.6335227272727273,0.6553398058252428,0.02977035984848475,0.010533290418634822,0.9789450103725609,2.2552333634280037,possible_fit,47666.0,504.0,0.6315005215318135
james_ascencio,James Ascencio,Summer Sewald,West,sector,software,17,14,0.8235294117647058,0.7138122294372293,0.6392045454545454,0.6553398058252428,0.07460768398268391,0.06105243273465211,0.8416254115301732,5.879876736673259,strong_fit,46295.0,3398.0,0.6315005215318135
james_ascencio,James Ascencio,Summer Sewald,West,sector,technology,17,11,0.6470588235294118,0.6394139886578449,0.6342155009451795,0.6553398058252428,0.0051984877126654006,-0.013345808044732288,0.8416254115301732,0.0,neutral,29738.0,551.0,0.6315005215318135
james_ascencio,James Ascencio,Summer Sewald,West,sector,telecommunications,15,9,0.6,0.615625,0.625,0.6553398058252428,-0.009375000000000022,-0.037134796702577244,0.7905694150420949,0.0,neutral,23035.0,545.0,0.6315005215318135
jonathan_berthelot,Jonathan Berthelot,Melvin Marxen,Central,sector,employment,6,2,0.3333333333333333,0.5692533273178434,0.6258741258741258,0.6477272727272727,-0.05662079855628244,-0.07707024720913014,0.5,0.0,insufficient_sample,5463.0,0.0,0.6315005215318135
jonathan_berthelot,Jonathan Berthelot,Melvin Marxen,Central,sector,entertainment,7,5,0.7142857142857143,0.6615360696517414,0.6467661691542289,0.6477272727272727,0.014769900497512478,0.015212495124767855,0.5400617248673217,0.8060317885039695,insufficient_sample,9375.0,68.0,0.6315005215318135
jonathan_berthelot,Jonathan Berthelot,Melvin Marxen,Central,sector,finance,30,17,0.5666666666666667,0.587157051757378,0.6117455138662317,0.6477272727272727,-0.02458846210885368,-0.05916652276959555,1.0,0.0,weak_fit,40066.0,530.5,0.6315005215318135
jonathan_berthelot,Jonathan Berthelot,Melvin Marxen,Central,sector,marketing,28,15,0.5357142857142857,0.5889033586722795,0.6484751203852327,0.6477272727272727,-0.0595717617129532,-0.057420215854694034,1.0,0.0,weak_fit,22054.0,281.0,0.6315005215318135
jonathan_berthelot,Jonathan Berthelot,Melvin Marxen,Central,sector,medical,34,22,0.6470588235294118,0.6369313113291705,0.6231578947368421,0.6477272727272727,0.013773416592328336,-0.009392263197803064,1.0,0.5665428665782346,neutral,37829.0,542.0,0.6315005215318135
jonathan_berthelot,Jonathan Berthelot,Melvin Marxen,Central,sector,retail,32,24,0.75,0.6976418947922292,0.6306235201262825,0.6477272727272727,0.06701837466594662,0.051318320265255624,1.0,6.152335562570477,strong_fit,37772.0,518.0,0.6315005215318135
jonathan_berthelot,Jonathan Berthelot,Melvin Marxen,Central,sector,services,11,5,0.45454545454545453,0.5788352272727272,0.6335227272727273,0.6477272727272727,-0.05468750000000011,-0.06748834725424635,0.67700320038633,0.0,insufficient_sample,5149.0,0.0,0.6315005215318135
jonathan_berthelot,Jonathan Berthelot,Melvin Marxen,Central,sector,software,23,13,0.5652173913043478,0.6037523674242423,0.6392045454545454,0.6477272727272727,-0.035452178030303094,-0.04257120710273121,0.9789450103725609,0.0,weak_fit,15438.0,474.0,0.6315005215318135
jonathan_berthelot,Jonathan Berthelot,Melvin Marxen,Central,sector,technology,71,52,0.7323943661971831,0.7068269533711405,0.6342155009451795,0.6477272727272727,0.07261145242596101,0.06050337884416701,1.0,6.837362667233311,strong_fit,92321.0,543.0,0.6315005215318135
jonathan_berthelot,Jonathan Berthelot,Melvin Marxen,Central,sector,telecommunications,22,16,0.7272727272727273,0.6728723404255319,0.625,0.6477272727272727,0.0478723404255319,0.02654876589855837,0.9574271077563381,3.8688757534908387,strong_fit,19419.0,297.5,0.6315005215318135
kami_bicknell,Kami Bicknell,Summer Sewald,West,sector,employment,21,14,0.6666666666666666,0.6444968075402858,0.6258741258741258,0.6397058823529411,0.01862268166615999,0.0054816121251499705,0.9354143466934853,1.3117602861586652,neutral,22796.0,478.0,0.6315005215318135
kami_bicknell,Kami Bicknell,Summer Sewald,West,sector,entertainment,24,17,0.7083333333333334,0.6769215148746066,0.6467661691542289,0.6397058823529411,0.030155345720377702,0.03790631945947076,1.0,3.2868186529060277,possible_fit,26518.0,571.5,0.6315005215318135
kami_bicknell,Kami Bicknell,Summer Sewald,West,sector,finance,17,8,0.47058823529411764,0.5546104249203759,0.6117455138662317,0.6397058823529411,-0.05713508894585573,-0.08440477049475992,0.8416254115301732,0.0,weak_fit,11676.0,0.0,0.6315005215318135
kami_bicknell,Kami Bicknell,Summer Sewald,West,sector,marketing,25,18,0.72,0.6842375601926163,0.6484751203852327,0.6397058823529411,0.035762439807383584,0.04522236477748043,1.0,3.9073413546917477,strong_fit,41186.0,511.0,0.6315005215318135
kami_bicknell,Kami Bicknell,Summer Sewald,West,sector,medical,25,18,0.72,0.671578947368421,0.6231578947368421,0.6397058823529411,0.04842105263157892,0.0325637519532852,1.0,4.287099739417612,strong_fit,30365.0,480.0,0.6315005215318135
kami_bicknell,Kami Bicknell,Summer Sewald,West,sector,retail,54,33,0.6111111111111112,0.6172859240905957,0.6306235201262825,0.6397058823529411,-0.01333759603568685,-0.021729271324540167,1.0,0.0,neutral,65625.0,479.0,0.6315005215318135
kami_bicknell,Kami Bicknell,Summer Sewald,West,sector,services,26,16,0.6153846153846154,0.6242758467023173,0.6335227272727273,0.6397058823529411,-0.00924688057041001,-0.014739348712818567,1.0,0.0,neutral,42677.0,544.0,0.6315005215318135
kami_bicknell,Kami Bicknell,Summer Sewald,West,sector,software,26,19,0.7307692307692307,0.6858845811051693,0.6392045454545454,0.6397058823529411,0.04668003565062384,0.046869385690033405,1.0,4.674630816441719,strong_fit,37214.0,530.5,0.6315005215318135
kami_bicknell,Kami Bicknell,Summer Sewald,West,sector,technology,27,18,0.6666666666666666,0.6510651446851825,0.6342155009451795,0.6397058823529411,0.016849643740002973,0.012049949270046656,1.0,1.5169750675518263,possible_fit,14203.0,64.0,0.6315005215318135
kami_bicknell,Kami Bicknell,Summer Sewald,West,sector,telecommunications,27,13,0.48148148148148145,0.5504807692307693,0.625,0.6397058823529411,-0.07451923076923073,-0.08853442618436658,1.0,0.0,weak_fit,24196.0,0.0,0.6315005215318135
kary_hendrixson,Kary Hendrixson,Summer Sewald,West,sector,employment,26,16,0.6153846153846154,0.6205265322912382,0.6258741258741258,0.6238805970149254,-0.005347593582887611,-0.0038832261484710306,1.0,0.0,neutral,36711.0,484.0,0.6315005215318135
kary_hendrixson,Kary Hendrixson,Summer Sewald,West,sector,entertainment,22,14,0.6363636363636364,0.6418968984862921,0.6467661691542289,0.6238805970149254,-0.004869270667936854,0.017487140046582805,0.9574271077563381,0.28296500450898227,neutral,16309.0,60.5,0.6315005215318135
kary_hendrixson,Kary Hendrixson,Summer Sewald,West,sector,finance,20,16,0.8,0.6954141743701286,0.6117455138662317,0.6238805970149254,0.08366866050389699,0.0710044159304194,0.9128709291752769,7.233240060816053,strong_fit,25722.0,733.5,0.6315005215318135
kary_hendrixson,Kary Hendrixson,Summer Sewald,West,sector,marketing,20,14,0.7,0.6713750668806848,0.6484751203852327,0.6238805970149254,0.022899946495452128,0.04696530844097557,0.9128709291752769,2.8593694697419783,possible_fit,19794.0,496.0,0.6315005215318135
kary_hendrixson,Kary Hendrixson,Summer Sewald,West,sector,medical,30,22,0.7333333333333333,0.6832535885167464,0.6231578947368421,0.6238805970149254,0.06009569377990431,0.058843830077037196,1.0,5.965754148390082,strong_fit,58319.0,579.5,0.6315005215318135
kary_hendrixson,Kary Hendrixson,Summer Sewald,West,sector,retail,71,39,0.5492957746478874,0.5704748750328861,0.6306235201262825,0.6238805970149254,-0.06014864509339646,-0.053934883406823175,1.0,0.0,weak_fit,98679.0,526.0,0.6315005215318135
kary_hendrixson,Kary Hendrixson,Summer Sewald,West,sector,services,38,24,0.631578947368421,0.6323502886002885,0.6335227272727273,0.6238805970149254,-0.0011724386724387692,0.007940530160579273,1.0,0.20171004191175454,neutral,42486.0,462.0,0.6315005215318135
kary_hendrixson,Kary Hendrixson,Summer Sewald,West,sector,software,40,26,0.65,0.645847902097902,0.6392045454545454,0.6238805970149254,0.006643356643356579,0.021438143658192743,1.0,1.1821532098549237,neutral,67923.0,547.0,0.6315005215318135
kary_hendrixson,Kary Hendrixson,Summer Sewald,West,sector,technology,41,21,0.5121951219512195,0.5584149624792347,0.6342155009451795,0.6238805970149254,-0.07580053846594481,-0.06599479596047453,1.0,0.0,weak_fit,46609.0,58.0,0.6315005215318135
kary_hendrixson,Kary Hendrixson,Summer Sewald,West,sector,telecommunications,27,17,0.6296296296296297,0.6274038461538461,0.625,0.6238805970149254,0.0024038461538461453,0.002994087714136895,1.0,0.2610430699947907,neutral,41746.0,516.0,0.6315005215318135
lajuana_vencill,Lajuana Vencill,Dustin Brinkmann,Central,sector,employment,4,1,0.25,0.5740294188570051,0.6258741258741258,0.5497835497835498,-0.05184470701712074,0.016265696051163903,0.408248290463863,0.0,insufficient_sample,3532.0,0.0,0.6315005215318135
lajuana_vencill,Lajuana Vencill,Dustin Brinkmann,Central,sector,entertainment,3,2,0.6666666666666666,0.6488983653162759,0.6467661691542289,0.5497835497835498,0.002132196162046962,0.09113464251043468,0.3535533905932738,1.1767336019650612,insufficient_sample,4008.0,56.0,0.6315005215318135
lajuana_vencill,Lajuana Vencill,Dustin Brinkmann,Central,sector,finance,25,15,0.6,0.6058727569331158,0.6117455138662317,0.5497835497835498,-0.005872756933115841,0.04810903412727463,1.0,1.3020869938020823,neutral,18193.0,474.0,0.6315005215318135
lajuana_vencill,Lajuana Vencill,Dustin Brinkmann,Central,sector,marketing,29,18,0.6206896551724138,0.6335532964746448,0.6484751203852327,0.5497835497835498,-0.014921823910587939,0.07578957366880357,1.0,1.6827165242199085,neutral,15556.0,452.0,0.6315005215318135
lajuana_vencill,Lajuana Vencill,Dustin Brinkmann,Central,sector,medical,57,28,0.49122807017543857,0.5314505776636714,0.6231578947368421,0.5497835497835498,-0.0917073170731707,-0.026313145142169758,1.0,0.0,weak_fit,47744.0,0.0,0.6315005215318135
lajuana_vencill,Lajuana Vencill,Dustin Brinkmann,Central,sector,retail,27,13,0.48148148148148145,0.5531843846760973,0.6306235201262825,0.5497835497835498,-0.07743913545018521,-0.004579338129743871,1.0,0.0,weak_fit,18574.0,0.0,0.6315005215318135
lajuana_vencill,Lajuana Vencill,Dustin Brinkmann,Central,sector,services,8,4,0.5,0.6011535812672175,0.6335227272727273,0.5497835497835498,-0.032369146005509775,0.04338985846137633,0.5773502691896257,0.0,insufficient_sample,10658.0,26.0,0.6315005215318135
lajuana_vencill,Lajuana Vencill,Dustin Brinkmann,Central,sector,software,24,16,0.6666666666666666,0.6526553803339517,0.6392045454545454,0.5497835497835498,0.013450834879406237,0.09489165752811046,1.0,4.195512280645271,strong_fit,29463.0,578.0,0.6315005215318135
lajuana_vencill,Lajuana Vencill,Dustin Brinkmann,Central,sector,technology,39,24,0.6153846153846154,0.6227404300567108,0.6342155009451795,0.5497835497835498,-0.011475070888468775,0.06497670725086957,1.0,1.5283051460299644,neutral,39513.0,489.0,0.6315005215318135
lajuana_vencill,Lajuana Vencill,Dustin Brinkmann,Central,sector,telecommunications,15,6,0.4,0.540625,0.625,0.5497835497835498,-0.08437499999999998,-0.017138722805841167,0.7905694150420949,0.0,weak_fit,7391.0,0.0,0.6315005215318135
markita_hansen,Markita Hansen,Celia Rouche,West,sector,employment,11,8,0.7272727272727273,0.6568570318570318,0.6258741258741258,0.5726872246696035,0.030982905982905984,0.07833515472093922,0.67700320038633,3.2195694887094435,insufficient_sample,36562.0,523.0,0.6315005215318135
markita_hansen,Markita Hansen,Celia Rouche,West,sector,entertainment,21,19,0.9047619047619048,0.764546831062081,0.6467661691542289,0.5726872246696035,0.11778066190785208,0.1860249539259884,0.9354143466934853,13.251656235345626,strong_fit,66902.0,1002.0,0.6315005215318135
markita_hansen,Markita Hansen,Celia Rouche,West,sector,finance,16,8,0.5,0.5681375084550193,0.6117455138662317,0.5726872246696035,-0.04360800541121235,-0.010384368681073286,0.816496580927726,0.0,weak_fit,24884.0,27.0,0.6315005215318135
markita_hansen,Markita Hansen,Celia Rouche,West,sector,marketing,17,10,0.5882352941176471,0.6240923335626385,0.6484751203852327,0.5726872246696035,-0.024382786822594205,0.04557045642654589,0.8416254115301732,0.008487650428141352,weak_fit,46097.0,494.0,0.6315005215318135
markita_hansen,Markita Hansen,Celia Rouche,West,sector,medical,14,6,0.42857142857142855,0.553306342780027,0.6231578947368421,0.5726872246696035,-0.06985155195681514,-0.025215534356065605,0.7637626158259734,0.0,weak_fit,4492.0,0.0,0.6315005215318135
markita_hansen,Markita Hansen,Celia Rouche,West,sector,retail,49,26,0.5306122448979592,0.5643998378805009,0.6306235201262825,0.5726872246696035,-0.06622368224578168,-0.014122039255591745,1.0,0.0,weak_fit,43805.0,54.0,0.6315005215318135
markita_hansen,Markita Hansen,Celia Rouche,West,sector,services,22,12,0.5454545454545454,0.5922993230174081,0.6335227272727273,0.5726872246696035,-0.04122340425531923,0.013777445881315464,0.9574271077563381,0.0,weak_fit,34737.0,56.5,0.6315005215318135
markita_hansen,Markita Hansen,Celia Rouche,West,sector,software,26,17,0.6538461538461539,0.6466688948306595,0.6392045454545454,0.5726872246696035,0.007464349376114066,0.06814701769456688,1.0,2.870328328757255,possible_fit,27311.0,262.0,0.6315005215318135
markita_hansen,Markita Hansen,Celia Rouche,West,sector,technology,28,10,0.35714285714285715,0.4878375004458394,0.6342155009451795,0.5726872246696035,-0.14637800049934013,-0.0906843766902532,1.0,0.0,weak_fit,23959.0,0.0,0.6315005215318135
markita_hansen,Markita Hansen,Celia Rouche,West,sector,telecommunications,23,14,0.6086956521739131,0.6171875,0.625,0.5726872246696035,-0.0078125,0.0386656228639074,0.9789450103725609,0.8276826370651114,neutral,20043.0,56.0,0.6315005215318135
marty_freudenburg,Marty Freudenburg,Melvin Marxen,Central,sector,employment,3,0,0.0,0.5588161838161838,0.6258741258741258,0.6288659793814433,-0.06705794205794202,-0.07035054238607807,0.3535533905932738,0.0,insufficient_sample,0.0,0.0,0.6315005215318135
marty_freudenburg,Marty Freudenburg,Melvin Marxen,Central,sector,entertainment,7,6,0.8571428571428571,0.6927860696517414,0.6467661691542289,0.6288659793814433,0.04601990049751248,0.0636193434494795,0.5400617248673217,2.8180261771979276,insufficient_sample,13389.0,965.0,0.6315005215318135
marty_freudenburg,Marty Freudenburg,Melvin Marxen,Central,sector,finance,22,16,0.7272727272727273,0.6658220818437403,0.6117455138662317,0.6288659793814433,0.054076567977508594,0.03665535564147837,0.9574271077563381,4.5936532746922,strong_fit,35592.0,756.0,0.6315005215318135
marty_freudenburg,Marty Freudenburg,Melvin Marxen,Central,sector,marketing,23,15,0.6521739130434783,0.6502474585339754,0.6484751203852327,0.6288659793814433,0.0017723381487426693,0.02108073233171348,0.9789450103725609,0.8350671237708628,neutral,32862.0,490.0,0.6315005215318135
marty_freudenburg,Marty Freudenburg,Melvin Marxen,Central,sector,medical,39,25,0.6410256410256411,0.634046052631579,0.6231578947368421,0.6288659793814433,0.01088815789473685,0.004879326429317099,1.0,0.8785066881839937,neutral,45370.0,555.0,0.6315005215318135
marty_freudenburg,Marty Freudenburg,Melvin Marxen,Central,sector,retail,31,18,0.5806451612903226,0.6029569286278047,0.6306235201262825,0.6288659793814433,-0.027666591498477833,-0.026209797574457183,1.0,0.0,weak_fit,49979.0,508.0,0.6315005215318135
marty_freudenburg,Marty Freudenburg,Melvin Marxen,Central,sector,services,10,7,0.7,0.6525162337662337,0.6335227272727273,0.6288659793814433,0.018993506493506396,0.023349507563971805,0.6454972243679028,1.3244381032687278,insufficient_sample,13538.0,533.5,0.6315005215318135
marty_freudenburg,Marty Freudenburg,Melvin Marxen,Central,sector,software,16,7,0.4375,0.560490576496674,0.6392045454545454,0.6288659793814433,-0.07871396895787142,-0.06867614970558789,0.816496580927726,0.0,weak_fit,14934.0,0.0,0.6315005215318135
marty_freudenburg,Marty Freudenburg,Melvin Marxen,Central,sector,technology,31,17,0.5483870967741935,0.5867033486362409,0.6342155009451795,0.6288659793814433,-0.04751215230893868,-0.04246337756602103,1.0,0.0,weak_fit,43669.0,54.0,0.6315005215318135
marty_freudenburg,Marty Freudenburg,Melvin Marxen,Central,sector,telecommunications,12,11,0.9166666666666666,0.7195945945945946,0.625,0.6288659793814433,0.09459459459459463,0.09042786839233274,0.7071067811865476,6.585726717789174,strong_fit,41862.0,3850.0,0.6315005215318135
maureen_marcano,Maureen Marcano,Summer Sewald,West,sector,employment,23,14,0.6086956521739131,0.6176427738927739,0.6258741258741258,0.6995305164319249,-0.008231351981351942,-0.07474173467149225,0.9789450103725609,0.0,neutral,30718.0,584.0,0.6315005215318135
maureen_marcano,Maureen Marcano,Summer Sewald,West,sector,entertainment,22,14,0.6363636363636364,0.6418968984862921,0.6467661691542289,0.6995305164319249,-0.004869270667936854,-0.05048761007797409,0.9574271077563381,0.0,neutral,27829.0,755.0,0.6315005215318135
maureen_marcano,Maureen Marcano,Summer Sewald,West,sector,finance,14,8,0.5714285714285714,0.5972727652988664,0.6117455138662317,0.6995305164319249,-0.014472748567365246,-0.09511174326539973,0.7637626158259734,0.0,neutral,22373.0,815.0,0.6315005215318135
maureen_marcano,Maureen Marcano,Summer Sewald,West,sector,marketing,9,7,0.7777777777777778,0.6827022944009064,0.6484751203852327,0.6995305164319249,0.034227174015673656,-0.009682214163359792,0.6123724356957945,1.154866327277449,insufficient_sample,24099.0,1143.0,0.6315005215318135
maureen_marcano,Maureen Marcano,Summer Sewald,West,sector,medical,19,15,0.7894736842105263,0.694976076555024,0.6231578947368421,0.6995305164319249,0.07181818181818189,0.0025915679907578815,0.8897565210026093,4.23425047213204,strong_fit,39120.0,891.0,0.6315005215318135
maureen_marcano,Maureen Marcano,Summer Sewald,West,sector,retail,39,30,0.7692307692307693,0.7150873125493291,0.6306235201262825,0.6995305164319249,0.08446379242304658,0.02270280398506297,1.0,6.284744646975232,strong_fit,78767.0,1070.0,0.6315005215318135
maureen_marcano,Maureen Marcano,Summer Sewald,West,sector,services,22,16,0.7272727272727273,0.6774057059961315,0.6335227272727273,0.6995305164319249,0.04388297872340419,-0.014978802568134664,0.9574271077563381,2.229020064211133,possible_fit,28891.0,564.0,0.6315005215318135
maureen_marcano,Maureen Marcano,Summer Sewald,West,sector,software,29,21,0.7241379310344828,0.6848169191919191,0.6392045454545454,0.6995305164319249,0.0456123737373737,-0.007567589372347028,1.0,2.699938664897145,possible_fit,46212.0,524.0,0.6315005215318135
maureen_marcano,Maureen Marcano,Summer Sewald,West,sector,technology,19,11,0.5789473684210527,0.6103497164461248,0.6342155009451795,0.6995305164319249,-0.023865784499054743,-0.08203479211814135,0.8897565210026093,0.0,weak_fit,17034.0,559.0,0.6315005215318135
maureen_marcano,Maureen Marcano,Summer Sewald,West,sector,telecommunications,17,13,0.7647058823529411,0.6815476190476191,0.625,0.6995305164319249,0.05654761904761907,-0.010836889516647075,0.8416254115301732,2.7742532989098225,possible_fit,35352.0,1030.0,0.6315005215318135
moses_frase,Moses Frase,Dustin Brinkmann,Central,sector,employment,4,3,0.75,0.6429949360983843,0.6258741258741258,0.6615384615384615,0.017120810224258487,-0.015130123166594567,0.408248290463863,0.2381305557471868,insufficient_sample,656.0,57.5,0.6315005215318135
moses_frase,Moses Frase,Dustin Brinkmann,Central,sector,entertainment,4,4,1.0,0.6954880768570939,0.6467661691542289,0.6615384615384615,0.048721907702865,0.03736301759211502,0.408248290463863,1.8267598913584562,insufficient_sample,5313.0,815.5,0.6315005215318135
moses_frase,Moses Frase,Dustin Brinkmann,Central,sector,finance,22,17,0.7727272727272727,0.6870986775884211,0.6117455138662317,0.6615384615384615,0.07535316372218948,0.028973618323442252,0.9574271077563381,5.660339969926397,strong_fit,24821.0,430.5,0.6315005215318135
moses_frase,Moses Frase,Dustin Brinkmann,Central,sector,marketing,26,13,0.5,0.572781921757467,0.6484751203852327,0.6615384615384615,-0.07569319862776569,-0.08534313750751188,1.0,0.0,weak_fit,12126.0,25.0,0.6315005215318135
moses_frase,Moses Frase,Dustin Brinkmann,Central,sector,medical,45,26,0.5777777777777777,0.5939849624060151,0.6231578947368421,0.6615384615384615,-0.029172932330827073,-0.06414009685896382,1.0,0.0,weak_fit,43912.0,58.0,0.6315005215318135
moses_frase,Moses Frase,Dustin Brinkmann,Central,sector,retail,27,20,0.7407407407407407,0.687799769291482,0.6306235201262825,0.6615384615384615,0.05717624916519948,0.029674710026503126,1.0,4.7550710466655755,strong_fit,45698.0,533.0,0.6315005215318135
moses_frase,Moses Frase,Dustin Brinkmann,Central,sector,services,11,8,0.7272727272727273,0.6621685606060606,0.6335227272727273,0.6615384615384615,0.02864583333333326,0.004043501341081668,0.67700320038633,1.3563770720897566,insufficient_sample,18137.0,599.0,0.6315005215318135
moses_frase,Moses Frase,Dustin Brinkmann,Central,sector,software,18,10,0.5555555555555556,0.6041886892177589,0.6392045454545454,0.6615384615384615,-0.03501585623678649,-0.05393637004721996,0.8660254037844386,0.0,weak_fit,16343.0,61.0,0.6315005215318135
moses_frase,Moses Frase,Dustin Brinkmann,Central,sector,technology,32,22,0.6875,0.6641296056777103,0.6342155009451795,0.6615384615384615,0.029914104732530755,0.006004546412731404,1.0,2.154575932060098,possible_fit,32123.0,481.5,0.6315005215318135
moses_frase,Moses Frase,Dustin Brinkmann,Central,sector,telecommunications,6,6,1.0,0.6975806451612904,0.625,0.6615384615384615,0.07258064516129037,0.039455585896311485,0.5,3.049343720927388,insufficient_sample,8053.0,567.5,0.6315005215318135
niesha_huffines,Niesha Huffines,Melvin Marxen,Central,sector,employment,3,2,0.6666666666666666,0.6302447552447552,0.6258741258741258,0.6,0.004370629370629375,0.02630719005327853,0.3535533905932738,0.425976172556956,insufficient_sample,2381.0,1114.0,0.6315005215318135
niesha_huffines,Niesha Huffines,Melvin Marxen,Central,sector,entertainment,10,5,0.5,0.6048329779673064,0.6467661691542289,0.6,-0.041933191186922514,0.0008954127758297181,0.6454972243679028,0.0,insufficient_sample,7134.0,30.5,0.6315005215318135
niesha_huffines,Niesha Huffines,Melvin Marxen,Central,sector,finance,20,8,0.4,0.517636396592351,0.6117455138662317,0.6,-0.09410911727388072,-0.08630116859912573,0.9128709291752769,0.0,weak_fit,16221.0,0.0,0.6315005215318135
niesha_huffines,Niesha Huffines,Melvin Marxen,Central,sector,marketing,20,14,0.7,0.6713750668806848,0.6484751203852327,0.6,0.022899946495452128,0.06743750168920815,0.9128709291752769,3.513465922288924,strong_fit,23717.0,549.5,0.6315005215318135
niesha_huffines,Niesha Huffines,Melvin Marxen,Central,sector,medical,32,20,0.625,0.6241920590951062,0.6231578947368421,0.6,0.0010341643582640891,0.020254493903629545,1.0,0.7761279699141999,neutral,24877.0,474.0,0.6315005215318135
niesha_huffines,Niesha Huffines,Melvin Marxen,Central,sector,retail,25,11,0.44,0.5353117600631413,0.6306235201262825,0.6,-0.09531176006314124,-0.06862580512833538,1.0,0.0,weak_fit,20305.0,0.0,0.6315005215318135
niesha_huffines,Niesha Huffines,Melvin Marxen,Central,sector,services,3,3,1.0,0.6727881493506492,0.6335227272727273,0.6,0.03926542207792194,0.06885058415917256,0.3535533905932738,1.754340013650249,insufficient_sample,6907.0,587.0,0.6315005215318135
niesha_huffines,Niesha Huffines,Melvin Marxen,Central,sector,software,18,11,0.6111111111111112,0.6274445031712473,0.6392045454545454,0.6,-0.011760042283298078,0.02350693797977066,0.8660254037844386,0.050523992098838594,neutral,11497.0,484.0,0.6315005215318135
niesha_huffines,Niesha Huffines,Melvin Marxen,Central,sector,technology,28,19,0.6785714285714286,0.6576488212005563,0.6342155009451795,0.6,0.02343332025537681,0.053711256009079666,1.0,3.403059776917281,possible_fit,42274.0,573.5,0.6315005215318135
niesha_huffines,Niesha Huffines,Melvin Marxen,Central,sector,telecommunications,16,12,0.75,0.6737804878048781,0.625,0.6,0.04878048780487809,0.06984292261340141,0.816496580927726,4.584819361117995,strong_fit,21648.0,540.0,0.6315005215318135
reed_clapper,Reed Clapper,Rocco Neubert,East,sector,employment,6,2,0.3333333333333333,0.5692533273178434,0.6258741258741258,0.6540084388185654,-0.05662079855628244,-0.08260740946954337,0.5,0.0,insufficient_sample,6984.0,0.0,0.6315005215318135
reed_clapper,Reed Clapper,Rocco Neubert,East,sector,entertainment,20,15,0.75,0.6926478717523494,0.6467661691542289,0.6540084388185654,0.04588170259812052,0.04078713496496267,0.9128709291752769,4.025633354173051,strong_fit,35339.0,593.5,0.6315005215318135
reed_clapper,Reed Clapper,Rocco Neubert,East,sector,finance,23,16,0.6956521739130435,0.6519507884719956,0.6117455138662317,0.6540084388185654,0.04020527460576395,9.005168460884949e-05,0.9789450103725609,2.561404390444453,possible_fit,43588.0,555.0,0.6315005215318135
reed_clapper,Reed Clapper,Rocco Neubert,East,sector,marketing,21,14,0.6666666666666666,0.6567799567311047,0.6484751203852327,0.6540084388185654,0.00830483634587198,0.004919219943717912,0.9354143466934853,0.6660029110628656,neutral,40309.0,587.0,0.6315005215318135
reed_clapper,Reed Clapper,Rocco Neubert,East,sector,medical,34,19,0.5588235294117647,0.5860838537020517,0.6231578947368421,0.6540084388185654,-0.037074041034790395,-0.06577688308533503,1.0,0.0,weak_fit,61740.0,295.0,0.6315005215318135
reed_clapper,Reed Clapper,Rocco Neubert,East,sector,retail,48,30,0.625,0.6269258630569461,0.6306235201262825,0.6540084388185654,-0.0036976570693364463,-0.024934873730440676,1.0,0.0,neutral,84906.0,553.0,0.6315005215318135
reed_clapper,Reed Clapper,Rocco Neubert,East,sector,software,30,24,0.8,0.7269111570247934,0.6392045454545454,0.6540084388185654,0.08770661157024795,0.0750504202374066,1.0,8.327694460375348,strong_fit,85574.0,3243.0,0.6315005215318135
reed_clapper,Reed Clapper,Rocco Neubert,East,sector,technology,46,30,0.6521739130434783,0.6458505285018238,0.6342155009451795,0.6540084388185654,0.01163502755664425,-0.006010208285562979,1.0,0.545919501187172,neutral,69838.0,891.5,0.6315005215318135
reed_clapper,Reed Clapper,Rocco Neubert,East,sector,telecommunications,9,5,0.5555555555555556,0.6066176470588235,0.625,0.6540084388185654,-0.018382352941176516,-0.04524308972856328,0.6123724356957945,0.0,insufficient_sample,10058.0,524.0,0.6315005215318135
rosalina_dieter,Rosalina Dieter,Celia Rouche,West,sector,employment,9,5,0.5555555555555556,0.6072603866721513,0.6258741258741258,0.6545454545454545,-0.01861373920197451,-0.04301748768559199,0.6123724356957945,0.0,insufficient_sample,32705.0,45.0,0.6315005215318135
rosalina_dieter,Rosalina Dieter,Celia Rouche,West,sector,entertainment,8,4,0.5,0.6111864917835068,0.6467661691542289,0.6545454545454545,-0.035579677370722096,-0.0390913825742365,0.5773502691896257,0.0,insufficient_sample,12804.0,28.5,0.6315005215318135
rosalina_dieter,Rosalina Dieter,Celia Rouche,West,sector,finance,11,7,0.6363636363636364,0.6192677179626609,0.6117455138662317,0.6545454545454545,0.00752220409642923,-0.031010156395082422,0.67700320038633,0.0,insufficient_sample,30980.0,54.0,0.6315005215318135
rosalina_dieter,Rosalina Dieter,Celia Rouche,West,sector,marketing,7,7,1.0,0.725371187800963,0.6484751203852327,0.6545454545454545,0.0768960674157303,0.07509331344321968,0.5400617248673217,4.118786335708624,insufficient_sample,2063.0,66.0,0.6315005215318135
rosalina_dieter,Rosalina Dieter,Celia Rouche,West,sector,medical,8,6,0.75,0.6539074960127592,0.6231578947368421,0.6545454545454545,0.030749601275917082,0.003629621655015902,0.5773502691896257,1.2273085937033827,insufficient_sample,4136.0,53.0,0.6315005215318135
rosalina_dieter,Rosalina Dieter,Celia Rouche,West,sector,retail,24,20,0.8333333333333334,0.7299099592481033,0.6306235201262825,0.6545454545454545,0.09928643912182078,0.07963208489036,1.0,9.24074151408095,strong_fit,61530.0,342.5,0.6315005215318135
rosalina_dieter,Rosalina Dieter,Celia Rouche,West,sector,services,16,8,0.5,0.5814162971175166,0.6335227272727273,0.6545454545454545,-0.05210643015521066,-0.06886157724022668,0.816496580927726,0.0,weak_fit,14997.0,24.0,0.6315005215318135
rosalina_dieter,Rosalina Dieter,Celia Rouche,West,sector,software,11,7,0.6363636363636364,0.6383364898989898,0.6392045454545454,0.6545454545454545,-0.0008680555555555802,-0.011941384458753479,0.67700320038633,0.0,insufficient_sample,37912.0,49.0,0.6315005215318135
rosalina_dieter,Rosalina Dieter,Celia Rouche,West,sector,technology,6,3,0.5,0.6082383072138545,0.6342155009451795,0.6545454545454545,-0.02597719373132501,-0.04203956714388879,0.5,0.0,insufficient_sample,1107.0,24.5,0.6315005215318135
rosalina_dieter,Rosalina Dieter,Celia Rouche,West,sector,telecommunications,10,5,0.5,0.5892857142857143,0.625,0.6545454545454545,-0.0357142857142857,-0.06099216007202901,0.6454972243679028,0.0,insufficient_sample,37169.0,216.0,0.6315005215318135
rosie_papadopoulos,Rosie Papadopoulos,Cara Losch,East,sector,entertainment,11,7,0.6363636363636364,0.6435876174682146,0.6467661691542289,0.6446280991735537,-0.0031785516860143304,0.0012073911785204228,0.67700320038633,0.0,insufficient_sample,24408.0,3306.0,0.6315005215318135
rosie_papadopoulos,Rosie Papadopoulos,Cara Losch,East,sector,finance,19,12,0.631578947368421,0.6203099510603589,0.6117455138662317,0.6446280991735537,0.00856443719412725,-0.022070275229335246,0.8897565210026093,0.0,neutral,47440.0,975.0,0.6315005215318135
rosie_papadopoulos,Rosie Papadopoulos,Cara Losch,East,sector,marketing,10,9,0.9,0.7203393717037376,0.6484751203852327,0.6446280991735537,0.07186425131850493,0.07795914541404347,0.6454972243679028,4.776515778489259,insufficient_sample,22951.0,1491.0,0.6315005215318135
rosie_papadopoulos,Rosie Papadopoulos,Cara Losch,East,sector,medical,17,11,0.6470588235294118,0.6328320802005013,0.6231578947368421,0.6446280991735537,0.009674185463659168,-0.009548146089192855,0.8416254115301732,0.2479739375762887,neutral,30832.0,558.0,0.6315005215318135
rosie_papadopoulos,Rosie Papadopoulos,Cara Losch,East,sector,retail,25,18,0.72,0.6753117600631413,0.6306235201262825,0.6446280991735537,0.044688239936858776,0.03293153377344715,1.0,4.057339277966471,strong_fit,53623.0,472.0,0.6315005215318135
rosie_papadopoulos,Rosie Papadopoulos,Cara Losch,East,sector,software,17,10,0.5882352941176471,0.6185741341991341,0.6392045454545454,0.6446280991735537,-0.02063041125541132,-0.02380609209056006,0.8416254115301732,0.0,weak_fit,18552.0,53.0,0.6315005215318135
rosie_papadopoulos,Rosie Papadopoulos,Cara Losch,East,sector,technology,17,9,0.5294117647058824,0.5917949410387974,0.6342155009451795,0.6446280991735537,-0.04242055990638216,-0.05058528525089678,0.8416254115301732,0.0,weak_fit,26723.0,59.0,0.6315005215318135
rosie_papadopoulos,Rosie Papadopoulos,Cara Losch,East,sector,telecommunications,5,2,0.4,0.5875,0.625,0.6446280991735537,-0.03749999999999998,-0.054880226289694134,0.45643546458763845,0.0,insufficient_sample,5640.0,0.0,0.6315005215318135
versie_hillebrand,Versie Hillebrand,Dustin Brinkmann,Central,sector,employment,8,6,0.75,0.6559652468743378,0.6258741258741258,0.6666666666666666,0.03009112100021194,-0.0076593657149194305,0.5773502691896257,0.9744778026232793,insufficient_sample,15778.0,1652.0,0.6315005215318135
versie_hillebrand,Versie Hillebrand,Dustin Brinkmann,Central,sector,entertainment,7,3,0.42857142857142855,0.5990360696517414,0.6467661691542289,0.6666666666666666,-0.04773009950248752,-0.06458854293751581,0.5400617248673217,0.0,insufficient_sample,5768.0,0.0,0.6315005215318135
versie_hillebrand,Versie Hillebrand,Dustin Brinkmann,Central,sector,finance,30,18,0.6,0.6053388699391962,0.6117455138662317,0.6666666666666666,-0.006406643927035494,-0.058285742650061034,1.0,0.0,neutral,17789.0,48.0,0.6315005215318135
versie_hillebrand,Versie Hillebrand,Dustin Brinkmann,Central,sector,marketing,43,29,0.6744186046511628,0.6648805589651591,0.6484751203852327,0.6666666666666666,0.01640543857992638,0.001255946375901873,1.0,1.1103116308517802,neutral,29489.0,53.0,0.6315005215318135
versie_hillebrand,Versie Hillebrand,Dustin Brinkmann,Central,sector,medical,55,41,0.7454545454545455,0.7072368421052632,0.6231578947368421,0.6666666666666666,0.08407894736842103,0.04361222951600596,1.0,6.991559612007575,strong_fit,49368.0,56.0,0.6315005215318135
versie_hillebrand,Versie Hillebrand,Dustin Brinkmann,Central,sector,retail,28,17,0.6071428571428571,0.6182186415690012,0.6306235201262825,0.6666666666666666,-0.01240487855728134,-0.04540597102025601,1.0,0.0,neutral,21724.0,55.0,0.6315005215318135
versie_hillebrand,Versie Hillebrand,Dustin Brinkmann,Central,sector,services,7,6,0.8571428571428571,0.6824396306818181,0.6335227272727273,0.6666666666666666,0.04891690340909083,0.01881501809256092,0.5400617248673217,2.0728240593250558,insufficient_sample,8928.0,50.0,0.6315005215318135
versie_hillebrand,Versie Hillebrand,Dustin Brinkmann,Central,sector,software,26,15,0.5769230769230769,0.6074532085561497,0.6392045454545454,0.6666666666666666,-0.03175133689839571,-0.0561714040331075,1.0,0.0,weak_fit,7845.0,50.0,0.6315005215318135
versie_hillebrand,Versie Hillebrand,Dustin Brinkmann,Central,sector,technology,42,27,0.6428571428571429,0.6396326496064103,0.6342155009451795,0.6666666666666666,0.005417148661230775,-0.023991962982846893,1.0,0.0,neutral,20500.0,53.0,0.6315005215318135
versie_hillebrand,Versie Hillebrand,Dustin Brinkmann,Central,sector,telecommunications,18,14,0.7777777777777778,0.688953488372093,0.625,0.6666666666666666,0.06395348837209303,0.025328875782835825,0.8660254037844386,4.367788209109511,strong_fit,10504.0,59.5,0.6315005215318135
vicki_laflamme,Vicki Laflamme,Celia Rouche,West,sector,employment,22,17,0.7727272727272727,0.6946138967415563,0.6258741258741258,0.6368876080691642,0.06873977086743044,0.0580883240579666,0.9574271077563381,6.224402564016542,strong_fit,22839.0,461.0,0.6315005215318135
vicki_laflamme,Vicki Laflamme,Celia Rouche,West,sector,entertainment,27,18,0.6666666666666666,0.657099119785687,0.6467661691542289,0.6368876080691642,0.010332950631458115,0.020573547102097356,1.0,1.391715939618185,neutral,26110.0,56.0,0.6315005215318135
vicki_laflamme,Vicki Laflamme,Celia Rouche,West,sector,finance,21,14,0.6666666666666666,0.6368182140577346,0.6117455138662317,0.6368876080691642,0.025072700191502983,0.00029264137414497515,0.9354143466934853,1.534049558409361,possible_fit,25737.0,365.0,0.6315005215318135
vicki_laflamme,Vicki Laflamme,Celia Rouche,West,sector,marketing,25,20,0.8,0.7242375601926163,0.6484751203852327,0.6368876080691642,0.07576243980738362,0.08771198750902665,1.0,7.994478150295868,strong_fit,47856.0,1176.0,0.6315005215318135
vicki_laflamme,Vicki Laflamme,Celia Rouche,West,sector,medical,27,17,0.6296296296296297,0.6265182186234818,0.6231578947368421,0.6368876080691642,0.003360323886639649,-0.010007354060107887,1.0,0.0,neutral,38216.0,491.0,0.6315005215318135
vicki_laflamme,Vicki Laflamme,Celia Rouche,West,sector,retail,66,42,0.6363636363636364,0.6347866813533743,0.6306235201262825,0.6368876080691642,0.004163161227091816,-0.0017388913302153197,1.0,0.20974428320343189,neutral,110764.0,538.5,0.6315005215318135
vicki_laflamme,Vicki Laflamme,Celia Rouche,West,sector,services,37,18,0.4864864864864865,0.545775293255132,0.6335227272727273,0.6368876080691642,-0.08774743401759533,-0.0907502794284577,1.0,0.0,weak_fit,53830.0,0.0,0.6315005215318135
vicki_laflamme,Vicki Laflamme,Celia Rouche,West,sector,software,40,22,0.55,0.5843094405594406,0.6392045454545454,0.6368876080691642,-0.05489510489510485,-0.052216132124149106,1.0,0.0,weak_fit,50301.0,48.0,0.6315005215318135
vicki_laflamme,Vicki Laflamme,Celia Rouche,West,sector,technology,47,31,0.6595744680851063,0.6507692711615207,0.6342155009451795,0.6368876080691642,0.01655377021634119,0.014243698477931055,1.0,1.574524510789764,possible_fit,55338.0,443.0,0.6315005215318135
vicki_laflamme,Vicki Laflamme,Celia Rouche,West,sector,telecommunications,35,22,0.6285714285714286,0.6270833333333333,0.625,0.6368876080691642,0.002083333333333326,-0.009442239350256343,1.0,0.0,neutral,47405.0,430.0,0.6315005215318135
violet_mclelland,Violet Mclelland,Cara Losch,East,sector,employment,4,3,0.75,0.6429949360983843,0.6258741258741258,0.6321243523316062,0.017120810224258487,0.010942123996112052,0.408248290463863,0.6106688173926065,insufficient_sample,4299.0,47.5,0.6315005215318135
violet_mclelland,Violet Mclelland,Cara Losch,East,sector,entertainment,18,11,0.6111111111111112,0.6318407960199006,0.6467661691542289,0.6321243523316062,-0.01492537313432829,-0.0002120160823716466,0.8660254037844386,0.0,neutral,21280.0,55.0,0.6315005215318135
violet_mclelland,Violet Mclelland,Cara Losch,East,sector,finance,20,12,0.6,0.6065252854812399,0.6117455138662317,0.6321243523316062,-0.00522022838499181,-0.025527526621032415,0.9128709291752769,0.0,neutral,7309.0,48.5,0.6315005215318135
violet_mclelland,Violet Mclelland,Cara Losch,East,sector,marketing,15,9,0.6,0.6302969502407704,0.6484751203852327,0.6321243523316062,-0.018178170144462324,-0.001755861861501895,0.7905694150420949,0.0,neutral,10580.0,59.0,0.6315005215318135
violet_mclelland,Violet Mclelland,Cara Losch,East,sector,medical,27,18,0.6666666666666666,0.645748987854251,0.6231578947368421,0.6321243523316062,0.022591093117408922,0.01369617575197879,1.0,1.9477872039508375,possible_fit,14957.0,53.0,0.6315005215318135
violet_mclelland,Violet Mclelland,Cara Losch,East,sector,retail,53,32,0.6037735849056604,0.6123793333738085,0.6306235201262825,0.6321243523316062,-0.01824418675247408,-0.01967347872846381,1.0,0.0,neutral,29568.0,53.0,0.6315005215318135
violet_mclelland,Violet Mclelland,Cara Losch,East,sector,software,12,10,0.8333333333333334,0.7021652334152333,0.6392045454545454,0.6321243523316062,0.06296068796068788,0.07011242131296103,0.7071067811865476,4.628989310789324,strong_fit,16008.0,264.0,0.6315005215318135
violet_mclelland,Violet Mclelland,Cara Losch,East,sector,technology,36,22,0.6111111111111112,0.6205801233381883,0.6342155009451795,0.6321243523316062,-0.013635377606991184,-0.011472688764083916,1.0,0.0,neutral,13351.0,51.0,0.6315005215318135
violet_mclelland,Violet Mclelland,Cara Losch,East,sector,telecommunications,8,5,0.625,0.625,0.625,0.6321243523316062,0.0,-0.007052812102272266,0.5773502691896257,0.0,insufficient_sample,6079.0,49.5,0.6315005215318135
wilburn_farren,Wilburn Farren,Cara Losch,East,sector,entertainment,6,3,0.5,0.6183598138340556,0.6467661691542289,0.6962025316455697,-0.028406355320173327,-0.062289349995707344,0.5,0.0,insufficient_sample,7312.0,25.0,0.6315005215318135
wilburn_farren,Wilburn Farren,Cara Losch,East,sector,finance,7,7,1.0,0.6966761827079935,0.6117455138662317,0.6962025316455697,0.08493066884176181,0.016027018878230548,0.5400617248673217,3.2843525091681585,insufficient_sample,30811.0,5127.0,0.6315005215318135
wilburn_farren,Wilburn Farren,Cara Losch,East,sector,marketing,5,2,0.4,0.6070626003210272,0.6484751203852327,0.6962025316455697,-0.04141252006420548,-0.07358656350873571,0.45643546458763845,0.0,insufficient_sample,6710.0,0.0,0.6315005215318135
wilburn_farren,Wilburn Farren,Cara Losch,East,sector,medical,13,7,0.5384615384615384,0.5941828254847646,0.6231578947368421,0.6962025316455697,-0.02897506925207749,-0.08646633834499828,0.7359800721939872,0.0,weak_fit,12771.0,44.0,0.6315005215318135
wilburn_farren,Wilburn Farren,Cara Losch,East,sector,retail,22,17,0.7727272727272727,0.6971401702799375,0.6306235201262825,0.6962025316455697,0.06651665015365493,0.01649100645017454,0.9574271077563381,4.692127639661871,strong_fit,36736.0,563.5,0.6315005215318135
wilburn_farren,Wilburn Farren,Cara Losch,East,sector,software,6,4,0.6666666666666666,0.6445197947214075,0.6392045454545454,0.6962025316455697,0.00531524926686211,-0.0361293691083554,0.5,0.0,insufficient_sample,8858.0,484.5,0.6315005215318135
wilburn_farren,Wilburn Farren,Cara Losch,East,sector,technology,18,14,0.7777777777777778,0.6943113377588254,0.6342155009451795,0.6962025316455697,0.06009583681364583,0.013662173929062438,0.8660254037844386,3.797006526521722,strong_fit,53850.0,3462.5,0.6315005215318135
wilburn_farren,Wilburn Farren,Cara Losch,East,sector,telecommunications,2,1,0.5,0.6157407407407407,0.625,0.6962025316455697,-0.0092592592592593,-0.06490842308902223,0.28867513459481287,0.0,insufficient_sample,592.0,296.0,0.6315005215318135
zane_levy,Zane Levy,Summer Sewald,West,sector,employment,23,13,0.5652173913043478,0.5968094405594405,0.6258741258741258,0.6168582375478927,-0.029064685314685312,-0.021328716917116575,0.9789450103725609,0.0,weak_fit,19766.0,482.0,0.6315005215318135
zane_levy,Zane Levy,Summer Sewald,West,sector,entertainment,18,9,0.5,0.5853291681129238,0.6467661691542289,0.6168582375478927,-0.06143700104130512,-0.0328089893636333,0.8660254037844386,0.0,weak_fit,28273.0,249.0,0.6315005215318135
zane_levy,Zane Levy,Summer Sewald,West,sector,finance,9,4,0.4444444444444444,0.5674599366663468,0.6117455138662317,0.6168582375478927,-0.04428557719988491,-0.05067822081021034,0.6123724356957945,0.0,insufficient_sample,16061.0,0.0,0.6315005215318135
zane_levy,Zane Levy,Summer Sewald,West,sector,marketing,17,10,0.5882352941176471,0.6240923335626385,0.6484751203852327,0.6168582375478927,-0.024382786822594205,0.0059541760860813975,0.8416254115301732,0.0,weak_fit,35820.0,595.0,0.6315005215318135
zane_levy,Zane Levy,Summer Sewald,West,sector,medical,26,16,0.6153846153846154,0.6191950464396285,0.6231578947368421,0.6168582375478927,-0.003962848297213606,0.001056888963071434,1.0,0.0,neutral,40233.0,509.5,0.6315005215318135
zane_levy,Zane Levy,Summer Sewald,West,sector,retail,45,29,0.6444444444444445,0.6395084000451009,0.6306235201262825,0.6168582375478927,0.008884879918818367,0.021370242568543807,1.0,1.325475684622227,neutral,72692.0,551.0,0.6315005215318135
zane_levy,Zane Levy,Summer Sewald,West,sector,services,34,24,0.7058823529411765,0.6752214946070878,0.6335227272727273,0.6168582375478927,0.04169876733436051,0.05708333713053071,1.0,4.708336676302008,strong_fit,69128.0,558.0,0.6315005215318135
zane_levy,Zane Levy,Summer Sewald,West,sector,software,30,19,0.6333333333333333,0.6360020661157024,0.6392045454545454,0.6168582375478927,-0.0032024793388429895,0.01786390863914533,1.0,0.41707564534529223,neutral,49197.0,564.0,0.6315005215318135
zane_levy,Zane Levy,Summer Sewald,West,sector,technology,33,20,0.6060606060606061,0.6181963366143015,0.6342155009451795,0.6168582375478927,-0.016019164330878022,5.817913774441852e-05,1.0,0.0,neutral,58919.0,510.0,0.6315005215318135
zane_levy,Zane Levy,Summer Sewald,West,sector,telecommunications,26,17,0.6538461538461539,0.6397058823529411,0.625,0.6168582375478927,0.014705882352941124,0.02156772487638403,1.0,1.7107527236146143,possible_fit,39979.0,525.0,0.6315005215318135
anna_snelling,Anna Snelling,Dustin Brinkmann,Central,revenue_band,1_5b_to_3b,102,59,0.5784313725490197,0.59380257756242,0.656517094017094,0.6190476190476191,-0.06271451645467396,-0.02610743085391054,1.0,0.0,weak_fit,96821.0,54.0,0.6315005215318135
anna_snelling,Anna Snelling,Dustin Brinkmann,Central,revenue_band,500m_to_1_5b,100,60,0.6,0.6028070175438596,0.6140350877192983,0.6190476190476191,-0.011228070175438698,-0.017102990872471024,1.0,0.0,neutral,70943.0,52.5,0.6315005215318135
anna_snelling,Anna Snelling,Dustin Brinkmann,Central,revenue_band,over_3b,68,44,0.6470588235294118,0.6383631809878915,0.6147110332749562,0.6190476190476191,0.023652147712935223,0.018453172571560872,1.0,2.1832506413454205,possible_fit,67398.0,58.0,0.6315005215318135
anna_snelling,Anna Snelling,Dustin Brinkmann,Central,revenue_band,under_500m,66,45,0.6818181818181818,0.6705803394545117,0.6409124356144223,0.6190476190476191,0.029667903840089327,0.05067033103818108,1.0,3.7018753359421437,strong_fit,39894.0,55.0,0.6315005215318135
boris_faz,Boris Faz,Rocco Neubert,East,revenue_band,1_5b_to_3b,34,25,0.7352941176470589,0.7019140228885992,0.656517094017094,0.6601307189542484,0.04539692887150515,0.0458043990779512,0.9219544457292888,4.198538453445779,strong_fit,74090.0,1077.5,0.6315005215318135
boris_faz,Boris Faz,Rocco Neubert,East,revenue_band,500m_to_1_5b,41,22,0.5365853658536586,0.5659223817118555,0.6140350877192983,0.6601307189542484,-0.048112706007442774,-0.09018724209879247,1.0,0.0,weak_fit,50732.0,53.0,0.6315005215318135
boris_faz,Boris Faz,Rocco Neubert,East,revenue_band,over_3b,49,33,0.673469387755102,0.6536185923226203,0.6147110332749562,0.6601307189542484,0.038907559047664075,-0.0024910314880276507,1.0,2.4418052360171973,possible_fit,98451.0,1053.0,0.6315005215318135
boris_faz,Boris Faz,Rocco Neubert,East,revenue_band,under_500m,29,21,0.7241379310344828,0.6856076090807511,0.6409124356144223,0.6601307189542484,0.044695173466328786,0.029497985270103166,0.85146931829632,3.3527590066799355,possible_fit,38358.0,529.0,0.6315005215318135
cassey_cress,Cassey Cress,Rocco Neubert,East,revenue_band,1_5b_to_3b,44,29,0.6590909090909091,0.6581583673974979,0.656517094017094,0.6245210727969349,0.0016412733804038737,0.03302720292793371,1.0,1.2626348722039316,neutral,75780.0,596.0,0.6315005215318135
cassey_cress,Cassey Cress,Rocco Neubert,East,revenue_band,500m_to_1_5b,90,61,0.6777777777777778,0.6639206712433257,0.6140350877192983,0.6245210727969349,0.04988558352402739,0.03878950677376147,1.0,4.600195666143432,strong_fit,176905.0,637.0,0.6315005215318135
cassey_cress,Cassey Cress,Rocco Neubert,East,revenue_band,over_3b,64,36,0.5625,0.5771660205828529,0.6147110332749562,0.6245210727969349,-0.03754501269210331,-0.04796514388671125,1.0,0.0,weak_fit,93315.0,579.0,0.6315005215318135
cassey_cress,Cassey Cress,Rocco Neubert,East,revenue_band,under_500m,63,37,0.5873015873015873,0.6025319419359154,0.6409124356144223,0.6245210727969349,-0.03838049367850693,-0.022599222533648766,1.0,0.0,weak_fit,104489.0,493.0,0.6315005215318135
cecily_lampkin,Cecily Lampkin,Dustin Brinkmann,Central,revenue_band,1_5b_to_3b,43,32,0.7441860465116279,0.7119548139768729,0.656517094017094,0.66875,0.055437719959778864,0.048238527283384514,1.0,5.291800252304084,strong_fit,69682.0,966.0,0.6315005215318135
cecily_lampkin,Cecily Lampkin,Dustin Brinkmann,Central,revenue_band,500m_to_1_5b,46,28,0.6086956521739131,0.610575735112429,0.6140350877192983,0.66875,-0.003459352606869248,-0.05314055158105935,1.0,0.0,neutral,58294.0,59.5,0.6315005215318135
cecily_lampkin,Cecily Lampkin,Dustin Brinkmann,Central,revenue_band,over_3b,37,24,0.6486486486486487,0.6349641263205469,0.6147110332749562,0.66875,0.020253093045590642,-0.028752160372941482,0.9617692030835673,0.2982690923897587,neutral,52463.0,66.0,0.6315005215318135
cecily_lampkin,Cecily Lampkin,Dustin Brinkmann,Central,revenue_band,under_500m,34,23,0.6764705882352942,0.6614035744128909,0.6409124356144223,0.66875,0.020491138798468533,-0.0023127122805974842,0.9219544457292888,1.1533457354571237,neutral,49361.0,287.5,0.6315005215318135
corliss_cosme,Corliss Cosme,Cara Losch,East,revenue_band,1_5b_to_3b,48,33,0.6875,0.6768894157592789,0.656517094017094,0.6550218340611353,0.02037232174218484,0.024182671514021647,1.0,2.170594416232772,possible_fit,100405.0,1026.5,0.6315005215318135
corliss_cosme,Corliss Cosme,Cara Losch,East,revenue_band,500m_to_1_5b,61,39,0.639344262295082,0.6319869441044472,0.6140350877192983,0.6550218340611353,0.017951856385148957,-0.020719800140809985,1.0,0.4416776601063328,neutral,90514.0,550.0,0.6315005215318135
corliss_cosme,Corliss Cosme,Cara Losch,East,revenue_band,over_3b,78,49,0.6282051282051282,0.6249298624453776,0.6147110332749562,0.6550218340611353,0.010218829170421384,-0.027776881799879583,1.0,0.0,neutral,153607.0,595.5,0.6315005215318135
corliss_cosme,Corliss Cosme,Cara Losch,East,revenue_band,under_500m,42,29,0.6904761904761905,0.6719822520949338,0.6409124356144223,0.6550218340611353,0.031069816480511436,0.019275507849676576,1.0,2.6941808459719234,possible_fit,76510.0,531.0,0.6315005215318135
daniell_hammack,Daniell Hammack,Rocco Neubert,East,revenue_band,1_5b_to_3b,28,17,0.6071428571428571,0.6304325915174972,0.656517094017094,0.6096256684491979,-0.026084502499596818,0.01822734133685877,0.8366600265340756,0.0,weak_fit,52508.0,635.0,0.6315005215318135
daniell_hammack,Daniell Hammack,Rocco Neubert,East,revenue_band,500m_to_1_5b,66,37,0.5606060606060606,0.575284364758049,0.6140350877192983,0.6096256684491979,-0.03875072296124926,-0.03692088542258942,1.0,0.0,weak_fit,103291.0,457.5,0.6315005215318135
daniell_hammack,Daniell Hammack,Rocco Neubert,East,revenue_band,over_3b,58,38,0.6551724137931034,0.6429852509864326,0.6147110332749562,0.6096256684491979,0.028274217711476313,0.030780000805794128,1.0,2.9151241794487546,possible_fit,129568.0,1080.0,0.6315005215318135
daniell_hammack,Daniell Hammack,Rocco Neubert,East,revenue_band,under_500m,35,22,0.6285714285714286,0.6337135148393427,0.6409124356144223,0.6096256684491979,-0.007198920775079665,0.021508264658704257,0.9354143466934853,0.26646158140637993,neutral,78862.0,1008.0,0.6315005215318135
darcel_schlecht,Darcel Schlecht,Melvin Marxen,Central,revenue_band,1_5b_to_3b,171,115,0.672514619883041,0.6704741191348333,0.656517094017094,0.6311030741410488,0.01395702511773933,0.03935385436269612,1.0,2.2845915353474204,possible_fit,386902.0,1075.0,0.6315005215318135
darcel_schlecht,Darcel Schlecht,Melvin Marxen,Central,revenue_band,500m_to_1_5b,161,101,0.6273291925465838,0.6255423504999057,0.6140350877192983,0.6311030741410488,0.01150726278060743,-0.005577914272231532,1.0,0.5527450812113793,neutral,306127.0,600.0,0.6315005215318135
darcel_schlecht,Darcel Schlecht,Melvin Marxen,Central,revenue_band,over_3b,106,61,0.5754716981132075,0.5829601208539993,0.6147110332749562,0.6311030741410488,-0.031750912420956956,-0.04816014391813794,1.0,0.0,weak_fit,227786.0,926.0,0.6315005215318135
darcel_schlecht,Darcel Schlecht,Melvin Marxen,Central,revenue_band,under_500m,115,72,0.6260869565217392,0.6287343635025754,0.6409124356144223,0.6311030741410488,-0.01217807211184696,-0.002385901269561841,1.0,0.0,neutral,232399.0,987.0,0.6315005215318135
donn_cantrell,Donn Cantrell,Rocco Neubert,East,revenue_band,1_5b_to_3b,57,37,0.6491228070175439,0.6513771628100896,0.656517094017094,0.5745454545454546,-0.0051399312070044,0.07208545268243849,1.0,2.1888953154300608,neutral,104963.0,602.0,0.6315005215318135
donn_cantrell,Donn Cantrell,Rocco Neubert,East,revenue_band,500m_to_1_5b,89,53,0.5955056179775281,0.5995690981840566,0.6140350877192983,0.5745454545454546,-0.014465989535241697,0.020277388056405443,1.0,0.0,neutral,162643.0,533.0,0.6315005215318135
donn_cantrell,Donn Cantrell,Rocco Neubert,East,revenue_band,over_3b,78,40,0.5128205128205128,0.5375512216686787,0.6147110332749562,0.5745454545454546,-0.0771598116062775,-0.04174048845897238,1.0,0.0,weak_fit,121093.0,52.0,0.6315005215318135
donn_cantrell,Donn Cantrell,Rocco Neubert,East,revenue_band,under_500m,51,28,0.5490196078431373,0.5792475117152706,0.6409124356144223,0.5745454545454546,-0.06166492389915179,-4.419841238056943e-05,1.0,0.0,weak_fit,57161.0,535.0,0.6315005215318135
elease_gluck,Elease Gluck,Celia Rouche,West,revenue_band,1_5b_to_3b,39,26,0.6666666666666666,0.6627019898504274,0.656517094017094,0.6349206349206349,0.00618489583333337,0.02834759886833904,0.9874208829065749,1.3766465833882768,neutral,109793.0,56.0,0.6315005215318135
elease_gluck,Elease Gluck,Celia Rouche,West,revenue_band,500m_to_1_5b,24,15,0.625,0.619405656999642,0.6140350877192983,0.6349206349206349,0.00537056928034374,-0.014948733982446338,0.7745966692414834,0.0,neutral,14218.0,52.5,0.6315005215318135
elease_gluck,Elease Gluck,Celia Rouche,West,revenue_band,over_3b,33,19,0.5757575757575758,0.5925478591702398,0.6147110332749562,0.6349206349206349,-0.022163174104716465,-0.04180653181184857,0.9082951062292475,0.0,weak_fit,113834.0,58.0,0.6315005215318135
elease_gluck,Elease Gluck,Celia Rouche,West,revenue_band,under_500m,30,20,0.6666666666666666,0.6549601980065557,0.6409124356144223,0.6349206349206349,0.014047762392133345,0.02060580702446735,0.8660254037844386,1.415352073567883,neutral,51350.0,51.0,0.6315005215318135
garret_kinder,Garret Kinder,Cara Losch,East,revenue_band,1_5b_to_3b,15,8,0.5333333333333333,0.6103231837606837,0.656517094017094,0.6097560975609756,-0.04619391025641029,-0.003105958389960528,0.6123724356957945,0.0,insufficient_sample,17381.0,53.0,0.6315005215318135
garret_kinder,Garret Kinder,Cara Losch,East,revenue_band,500m_to_1_5b,41,21,0.5121951219512195,0.5507708665603402,0.6140350877192983,0.6097560975609756,-0.06326422115895802,-0.06265827559030401,1.0,0.0,weak_fit,61210.0,41.0,0.6315005215318135
garret_kinder,Garret Kinder,Cara Losch,East,revenue_band,over_3b,40,30,0.75,0.6979657820288293,0.6147110332749562,0.6097560975609756,0.08325474875387306,0.08453663987818505,1.0,8.370341064738227,strong_fit,72331.0,560.5,0.6315005215318135
garret_kinder,Garret Kinder,Cara Losch,East,revenue_band,under_500m,27,16,0.5925925925925926,0.6158232863530877,0.6409124356144223,0.6097560975609756,-0.025089149261334653,0.002394144202443438,0.8215838362577492,0.0,weak_fit,46851.0,617.0,0.6315005215318135
gladys_colclough,Gladys Colclough,Melvin Marxen,Central,revenue_band,1_5b_to_3b,73,52,0.7123287671232876,0.698091095412524,0.656517094017094,0.5818965517241379,0.041574001395429994,0.11136925479658877,1.0,6.6002340085835565,strong_fit,131947.0,565.0,0.6315005215318135
gladys_colclough,Gladys Colclough,Melvin Marxen,Central,revenue_band,500m_to_1_5b,66,34,0.5151515151515151,0.542317331791016,0.6140350877192983,0.5818965517241379,-0.07171775592828222,-0.0444045088249192,1.0,0.0,weak_fit,75187.0,53.0,0.6315005215318135
gladys_colclough,Gladys Colclough,Melvin Marxen,Central,revenue_band,over_3b,48,24,0.5,0.5392846004366288,0.6147110332749562,0.5818965517241379,-0.0754264328383274,-0.047437240179306395,1.0,0.0,weak_fit,92120.0,27.5,0.6315005215318135
gladys_colclough,Gladys Colclough,Melvin Marxen,Central,revenue_band,under_500m,45,25,0.5555555555555556,0.5860401555765794,0.6409124356144223,0.5818965517241379,-0.054872280037842946,-0.0006816850393558394,1.0,0.0,weak_fit,46420.0,48.0,0.6315005215318135
hayden_neloms,Hayden Neloms,Celia Rouche,West,revenue_band,1_5b_to_3b,54,41,0.7592592592592593,0.7267459158281944,0.656517094017094,0.7039473684210527,0.07022882181110035,0.03303115289997205,1.0,5.720963769220544,strong_fit,110530.0,2911.5,0.6315005215318135
hayden_neloms,Hayden Neloms,Celia Rouche,West,revenue_band,500m_to_1_5b,31,21,0.6774193548387096,0.6491228070175439,0.6140350877192983,0.7039473684210527,0.03508771929824561,-0.04459195591067844,0.8803408430829505,0.63383070313755,neutral,53939.0,1039.0,0.6315005215318135
hayden_neloms,Hayden Neloms,Celia Rouche,West,revenue_band,over_3b,38,27,0.7105263157894737,0.6725043782837128,0.6147110332749562,0.7039473684210527,0.05779334500875655,-0.021210384644509528,0.9746794344808963,2.9378826140779717,possible_fit,80316.0,2962.0,0.6315005215318135
hayden_neloms,Hayden Neloms,Celia Rouche,West,revenue_band,under_500m,29,18,0.6206896551724138,0.6300520535251956,0.6409124356144223,0.7039473684210527,-0.010860382089226794,-0.06366270940302676,0.85146931829632,0.0,neutral,27326.0,59.0,0.6315005215318135
james_ascencio,James Ascencio,Summer Sewald,West,revenue_band,1_5b_to_3b,72,44,0.6111111111111112,0.6228136840250242,0.656517094017094,0.6553398058252428,-0.03370340999206978,-0.029946112677552983,1.0,0.0,weak_fit,121109.0,523.0,0.6315005215318135
james_ascencio,James Ascencio,Summer Sewald,West,revenue_band,500m_to_1_5b,50,33,0.66,0.6446783625730994,0.6140350877192983,0.6553398058252428,0.03064327485380114,-0.008081434129477816,1.0,1.7089626709653507,possible_fit,102931.0,525.0,0.6315005215318135
james_ascencio,James Ascencio,Summer Sewald,West,revenue_band,over_3b,54,38,0.7037037037037037,0.675541466226252,0.6147110332749562,0.6553398058252428,0.060830432951295754,0.022781669523674775,1.0,4.751336575162841,strong_fit,131928.0,1109.5,0.6315005215318135
james_ascencio,James Ascencio,Summer Sewald,West,revenue_band,under_500m,30,20,0.6666666666666666,0.6549601980065557,0.6409124356144223,0.6553398058252428,0.014047762392133345,0.002200401303978472,0.8660254037844386,0.857467861336285,neutral,57565.0,493.0,0.6315005215318135
jonathan_berthelot,Jonathan Berthelot,Melvin Marxen,Central,revenue_band,1_5b_to_3b,87,55,0.632183908045977,0.6376154227716728,0.656517094017094,0.6477272727272727,-0.018901671245421192,-0.008708151755300708,1.0,0.0,neutral,89286.0,518.0,0.6315005215318135
jonathan_berthelot,Jonathan Berthelot,Melvin Marxen,Central,revenue_band,500m_to_1_5b,72,50,0.6944444444444444,0.6737203834328088,0.6140350877192983,0.6477272727272727,0.059685295713510556,0.02739680890583529,1.0,4.838432533082421,strong_fit,92083.0,527.0,0.6315005215318135
jonathan_berthelot,Jonathan Berthelot,Melvin Marxen,Central,revenue_band,over_3b,59,37,0.6271186440677966,0.6234259027604037,0.6147110332749562,0.6477272727272727,0.008714869485447418,-0.02289767176656987,1.0,0.0,neutral,65008.0,519.0,0.6315005215318135
jonathan_berthelot,Jonathan Berthelot,Melvin Marxen,Central,revenue_band,under_500m,46,29,0.6304347826086957,0.6341240970473319,0.6409124356144223,0.6477272727272727,-0.0067883385670904905,-0.012199477479641674,1.0,0.0,neutral,38509.0,63.5,0.6315005215318135
kami_bicknell,Kami Bicknell,Summer Sewald,West,revenue_band,1_5b_to_3b,91,60,0.6593406593406593,0.6587321323312703,0.656517094017094,0.6397058823529411,0.002215038314176243,0.01971693691613441,1.0,0.8340702824861601,neutral,122971.0,518.0,0.6315005215318135
kami_bicknell,Kami Bicknell,Summer Sewald,West,revenue_band,500m_to_1_5b,52,35,0.6730769230769231,0.6539074960127592,0.6140350877192983,0.6397058823529411,0.03987240829346095,0.014892300597623365,1.0,3.112937059991779,possible_fit,62577.0,504.5,0.6315005215318135
kami_bicknell,Kami Bicknell,Summer Sewald,West,revenue_band,over_3b,70,43,0.6142857142857143,0.6143976403355148,0.6147110332749562,0.6397058823529411,-0.000313392939441437,-0.024617555079621045,1.0,0.0,neutral,72537.0,533.0,0.6315005215318135
kami_bicknell,Kami Bicknell,Summer Sewald,West,revenue_band,under_500m,59,36,0.6101694915254238,0.6193191772661971,0.6409124356144223,0.6397058823529411,-0.02159325834822523,-0.019696018148938732,1.0,0.0,weak_fit,58371.0,441.0,0.6315005215318135
kary_hendrixson,Kary Hendrixson,Summer Sewald,West,revenue_band,1_5b_to_3b,107,69,0.6448598130841121,0.6470676314426315,0.656517094017094,0.6238805970149254,-0.009449462574462553,0.022657873002922213,1.0,0.1788104877622115,neutral,159887.0,532.0,0.6315005215318135
kary_hendrixson,Kary Hendrixson,Summer Sewald,West,revenue_band,500m_to_1_5b,70,42,0.6,0.6036934441366575,0.6140350877192983,0.6238805970149254,-0.01034164358264078,-0.020716314303051764,1.0,0.0,neutral,93072.0,462.0,0.6315005215318135
kary_hendrixson,Kary Hendrixson,Summer Sewald,West,revenue_band,over_3b,99,62,0.6262626262626263,0.6239336760634991,0.6147110332749562,0.6238805970149254,0.0092226427885429,-0.0004760823762101074,1.0,0.5828088980879348,neutral,141563.0,515.0,0.6315005215318135
kary_hendrixson,Kary Hendrixson,Summer Sewald,West,revenue_band,under_500m,59,36,0.6101694915254238,0.6193191772661971,0.6409124356144223,0.6238805970149254,-0.02159325834822523,-0.005090581173512132,1.0,0.0,weak_fit,59776.0,431.0,0.6315005215318135
lajuana_vencill,Lajuana Vencill,Dustin Brinkmann,Central,revenue_band,1_5b_to_3b,74,50,0.6756756756756757,0.6708376500043167,0.656517094017094,0.5497835497835498,0.014320555987222705,0.11307392719847553,1.0,4.888423591116119,strong_fit,68623.0,503.5,0.6315005215318135
lajuana_vencill,Lajuana Vencill,Dustin Brinkmann,Central,revenue_band,500m_to_1_5b,58,28,0.4827586206896552,0.5222997252166561,0.6140350877192983,0.5497835497835498,-0.09173536250264214,-0.03546399758918506,1.0,0.0,weak_fit,45361.0,0.0,0.6315005215318135
lajuana_vencill,Lajuana Vencill,Dustin Brinkmann,Central,revenue_band,over_3b,57,27,0.47368421052631576,0.516680193071633,0.6147110332749562,0.5497835497835498,-0.0980308402033232,-0.041083529734208146,1.0,0.0,weak_fit,51757.0,0.0,0.6315005215318135
lajuana_vencill,Lajuana Vencill,Dustin Brinkmann,Central,revenue_band,under_500m,42,22,0.5238095238095238,0.5675046401546352,0.6409124356144223,0.5497835497835498,-0.07340779545978715,0.00974091734879401,1.0,0.0,weak_fit,28891.0,44.5,0.6315005215318135
markita_hansen,Markita Hansen,Celia Rouche,West,revenue_band,1_5b_to_3b,72,40,0.5555555555555556,0.5815765706229624,0.656517094017094,0.5726872246696035,-0.0749405233941316,0.0030546934868698195,1.0,0.0,weak_fit,115199.0,56.0,0.6315005215318135
markita_hansen,Markita Hansen,Celia Rouche,West,revenue_band,500m_to_1_5b,42,24,0.5714285714285714,0.5873265252683949,0.6140350877192983,0.5726872246696035,-0.02670856245090336,0.008804648132302306,1.0,0.0,weak_fit,48580.0,58.0,0.6315005215318135
markita_hansen,Markita Hansen,Celia Rouche,West,revenue_band,over_3b,69,36,0.5217391304347826,0.5464657003390841,0.6147110332749562,0.5726872246696035,-0.0682453329358721,-0.03205617679700845,1.0,0.0,weak_fit,104289.0,50.0,0.6315005215318135
markita_hansen,Markita Hansen,Celia Rouche,West,revenue_band,under_500m,44,30,0.6818181818181818,0.6669972592805878,0.6409124356144223,0.5726872246696035,0.02608482366616549,0.08847538214449524,1.0,4.792151913358091,strong_fit,60724.0,523.5,0.6315005215318135
marty_freudenburg,Marty Freudenburg,Melvin Marxen,Central,revenue_band,1_5b_to_3b,56,38,0.6785714285714286,0.6717645351904612,0.656517094017094,0.6288659793814433,0.015247441173367182,0.042597808988199315,1.0,2.482006990855843,possible_fit,86684.0,560.5,0.6315005215318135
marty_freudenburg,Marty Freudenburg,Melvin Marxen,Central,revenue_band,500m_to_1_5b,50,29,0.58,0.5913450292397662,0.6140350877192983,0.6288659793814433,-0.022690058479532094,-0.03782169696249571,1.0,0.0,weak_fit,67689.0,60.0,0.6315005215318135
marty_freudenburg,Marty Freudenburg,Melvin Marxen,Central,revenue_band,over_3b,38,23,0.6052631578947368,0.6090123147916493,0.6147110332749562,0.6288659793814433,-0.0056987184833069415,-0.020154411410612583,0.9746794344808963,0.0,neutral,57623.0,597.5,0.6315005215318135
marty_freudenburg,Marty Freudenburg,Melvin Marxen,Central,revenue_band,under_500m,50,32,0.64,0.6403041452048075,0.6409124356144223,0.6288659793814433,-0.0006082904096148534,0.011137419002545612,1.0,0.35027078846413096,neutral,79199.0,591.0,0.6315005215318135
maureen_marcano,Maureen Marcano,Summer Sewald,West,revenue_band,1_5b_to_3b,65,50,0.7692307692307693,0.7379214150047484,0.656517094017094,0.6995305164319249,0.08140432098765438,0.04553690644048225,1.0,6.885072589614413,strong_fit,141396.0,1075.0,0.6315005215318135
maureen_marcano,Maureen Marcano,Summer Sewald,West,revenue_band,500m_to_1_5b,30,20,0.6666666666666666,0.6427432216905902,0.6140350877192983,0.6995305164319249,0.028708133971291905,-0.04964128687367597,0.8660254037844386,0.11135672261467572,neutral,38025.0,775.5,0.6315005215318135
maureen_marcano,Maureen Marcano,Summer Sewald,West,revenue_band,over_3b,70,47,0.6714285714285714,0.6565029034934096,0.6147110332749562,0.6995305164319249,0.04179187021845332,-0.03588160507085658,1.0,1.4606153867194855,neutral,96095.0,777.5,0.6315005215318135
maureen_marcano,Maureen Marcano,Summer Sewald,West,revenue_band,under_500m,48,32,0.6666666666666666,0.6578467245254871,0.6409124356144223,0.6995305164319249,0.016934288911064743,-0.03453778403877905,1.0,0.0,neutral,74879.0,583.0,0.6315005215318135
moses_frase,Moses Frase,Dustin Brinkmann,Central,revenue_band,1_5b_to_3b,65,41,0.6307692307692307,0.6379214150047484,0.656517094017094,0.6615384615384615,-0.0185956790123456,-0.02020364426023047,1.0,0.0,neutral,74572.0,376.0,0.6315005215318135
moses_frase,Moses Frase,Dustin Brinkmann,Central,revenue_band,500m_to_1_5b,61,43,0.7049180327868853,0.6784985720114239,0.6140350877192983,0.6615384615384615,0.06446348429212567,0.020373512746445055,1.0,4.903199425113745,strong_fit,72598.0,516.0,0.6315005215318135
moses_frase,Moses Frase,Dustin Brinkmann,Central,revenue_band,over_3b,33,22,0.6666666666666666,0.6442719971012743,0.6147110332749562,0.6615384615384615,0.02956096382631801,-0.013853062163704633,0.9082951062292475,1.3048617206908035,neutral,21904.0,59.0,0.6315005215318135
moses_frase,Moses Frase,Dustin Brinkmann,Central,revenue_band,under_500m,36,23,0.6388888888888888,0.6397182113173863,0.6409124356144223,0.6615384615384615,-0.001194224297036084,-0.01840684794759262,0.9486832980505138,0.0,neutral,38108.0,266.5,0.6315005215318135
niesha_huffines,Niesha Huffines,Melvin Marxen,Central,revenue_band,1_5b_to_3b,49,29,0.5918367346938775,0.6136882074382075,0.656517094017094,0.6,-0.042828886578886505,0.009750642246730834,1.0,0.0,weak_fit,61879.0,491.0,0.6315005215318135
niesha_huffines,Niesha Huffines,Melvin Marxen,Central,revenue_band,500m_to_1_5b,46,26,0.5652173913043478,0.5824067210279219,0.6140350877192983,0.6,-0.031628366691376364,-0.021530844163554774,1.0,0.0,weak_fit,53361.0,292.5,0.6315005215318135
niesha_huffines,Niesha Huffines,Melvin Marxen,Central,revenue_band,over_3b,44,27,0.6136363636363636,0.6140257366938248,0.6147110332749562,0.6,-0.0006852965811314782,0.010088171502348087,1.0,0.3085417248086369,neutral,35689.0,474.0,0.6315005215318135
niesha_huffines,Niesha Huffines,Melvin Marxen,Central,revenue_band,under_500m,36,23,0.6388888888888888,0.6397182113173863,0.6409124356144223,0.6,-0.001194224297036084,0.03578064612590959,0.9486832980505138,1.1144164061516424,neutral,26032.0,515.5,0.6315005215318135
reed_clapper,Reed Clapper,Rocco Neubert,East,revenue_band,1_5b_to_3b,43,27,0.627906976744186,0.6384254022121669,0.656517094017094,0.6540084388185654,-0.01809169180492709,-0.013435334575219837,1.0,0.0,neutral,68640.0,555.0,0.6315005215318135
reed_clapper,Reed Clapper,Rocco Neubert,East,revenue_band,500m_to_1_5b,72,42,0.5833333333333334,0.5912461566286852,0.6140350877192983,0.6540084388185654,-0.022788931090613085,-0.06061458015870158,1.0,0.0,weak_fit,118852.0,61.0,0.6315005215318135
reed_clapper,Reed Clapper,Rocco Neubert,East,revenue_band,over_3b,75,54,0.72,0.693677758318739,0.6147110332749562,0.6540084388185654,0.07896672504378277,0.04181702153135225,1.0,6.596432881443209,strong_fit,159147.0,1076.0,0.6315005215318135
reed_clapper,Reed Clapper,Rocco Neubert,East,revenue_band,under_500m,47,32,0.6808510638297872,0.6669834845883411,0.6409124356144223,0.6540084388185654,0.026071048973918765,0.01512274780095435,1.0,2.223914356338122,possible_fit,91697.0,948.0,0.6315005215318135
rosalina_dieter,Rosalina Dieter,Celia Rouche,West,revenue_band,1_5b_to_3b,33,23,0.696969696969697,0.679533230179782,0.656517094017094,0.6545454545454545,0.02301613616268794,0.029255355822038642,0.9082951062292475,2.2888912280022606,possible_fit,67495.0,577.0,0.6315005215318135
rosalina_dieter,Rosalina Dieter,Celia Rouche,West,revenue_band,500m_to_1_5b,27,16,0.5925925925925926,0.6029014844804319,0.6140350877192983,0.6545454545454545,-0.011133603238866363,-0.04737638987731141,0.8215838362577492,0.0,neutral,46976.0,54.0,0.6315005215318135
rosalina_dieter,Rosalina Dieter,Celia Rouche,West,revenue_band,over_3b,21,14,0.6666666666666666,0.6384299093885631,0.6147110332749562,0.6545454545454545,0.0237188761136069,-0.01184796496918017,0.724568837309472,0.8166239846379535,neutral,74655.0,501.0,0.6315005215318135
rosalina_dieter,Rosalina Dieter,Celia Rouche,West,revenue_band,under_500m,29,19,0.6551724137931034,0.648570572043714,0.6409124356144223,0.6545454545454545,0.007658136429291695,-0.0017073023140292687,0.85146931829632,0.3729633895056708,neutral,46277.0,51.0,0.6315005215318135
rosie_papadopoulos,Rosie Papadopoulos,Cara Losch,East,revenue_band,1_5b_to_3b,26,13,0.5,0.576724065694654,0.656517094017094,0.6446280991735537,-0.07979302832244006,-0.0656561605950402,0.806225774829855,0.0,weak_fit,36588.0,25.5,0.6315005215318135
rosie_papadopoulos,Rosie Papadopoulos,Cara Losch,East,revenue_band,500m_to_1_5b,38,29,0.7631578947368421,0.7039821776663883,0.6140350877192983,0.6446280991735537,0.08994708994709,0.06160195137669411,0.9746794344808963,7.799998049160535,strong_fit,84490.0,1540.0,0.6315005215318135
rosie_papadopoulos,Rosie Papadopoulos,Cara Losch,East,revenue_band,over_3b,37,22,0.5945945945945946,0.6027060618044179,0.6147110332749562,0.6446280991735537,-0.012004971470538361,-0.039674164485276275,0.9617692030835673,0.0,neutral,61016.0,59.0,0.6315005215318135
rosie_papadopoulos,Rosie Papadopoulos,Cara Losch,East,revenue_band,under_500m,20,14,0.7,0.6671735753413458,0.6409124356144223,0.6446280991735537,0.026261139726923455,0.024793349051651647,0.7071067811865476,1.8206170323648538,possible_fit,48075.0,801.5,0.6315005215318135
versie_hillebrand,Versie Hillebrand,Dustin Brinkmann,Central,revenue_band,1_5b_to_3b,76,50,0.6578947368421053,0.6575537361428451,0.656517094017094,0.6666666666666666,0.0010366421257510527,-0.006070876446412132,1.0,0.0,neutral,48933.0,51.0,0.6315005215318135
versie_hillebrand,Versie Hillebrand,Dustin Brinkmann,Central,revenue_band,500m_to_1_5b,69,45,0.6521739130434783,0.6420306084359836,0.6140350877192983,0.6666666666666666,0.027995520716685318,-0.021594004153273616,1.0,1.0639187012199691,neutral,50677.0,54.0,0.6315005215318135
versie_hillebrand,Versie Hillebrand,Dustin Brinkmann,Central,revenue_band,over_3b,49,34,0.6938775510204082,0.6671321058361339,0.6147110332749562,0.6666666666666666,0.05242107256117767,0.003507493246876714,1.0,3.5301319801172335,strong_fit,25805.0,54.0,0.6315005215318135
versie_hillebrand,Versie Hillebrand,Dustin Brinkmann,Central,revenue_band,under_500m,70,47,0.6714285714285714,0.6633980093722164,0.6409124356144223,0.6666666666666666,0.02248557375779403,-0.00022660321704082165,1.0,1.4536311816601832,neutral,62278.0,54.5,0.6315005215318135
vicki_laflamme,Vicki Laflamme,Celia Rouche,West,revenue_band,1_5b_to_3b,101,70,0.693069306930693,0.6858168837335504,0.656517094017094,0.6368876080691642,0.029299789716456415,0.04929131104996076,1.0,3.6296822183182935,strong_fit,143932.0,498.0,0.6315005215318135
vicki_laflamme,Vicki Laflamme,Celia Rouche,West,revenue_band,500m_to_1_5b,70,40,0.5714285714285714,0.58264081255771,0.6140350877192983,0.6368876080691642,-0.031394275161588214,-0.053884760125879616,1.0,0.0,weak_fit,102393.0,55.0,0.6315005215318135
vicki_laflamme,Vicki Laflamme,Celia Rouche,West,revenue_band,over_3b,109,65,0.5963302752293578,0.5997595211333873,0.6147110332749562,0.6368876080691642,-0.014951512141568979,-0.036766051550202405,1.0,0.0,neutral,133184.0,61.0,0.6315005215318135
vicki_laflamme,Vicki Laflamme,Celia Rouche,West,revenue_band,under_500m,67,46,0.6865671641791045,0.6741609879387017,0.6409124356144223,0.6368876080691642,0.03324855232427937,0.03763541525511205,1.0,3.4783954350070805,possible_fit,98887.0,60.0,0.6315005215318135
violet_mclelland,Violet Mclelland,Cara Losch,East,revenue_band,1_5b_to_3b,47,33,0.7021276595744681,0.6862906576448243,0.656517094017094,0.6321243523316062,0.029773563627730315,0.054237845542552066,1.0,3.833606229791793,strong_fit,25033.0,55.0,0.6315005215318135
violet_mclelland,Violet Mclelland,Cara Losch,East,revenue_band,500m_to_1_5b,58,34,0.5862068965517241,0.5945888818431622,0.6140350877192983,0.6321243523316062,-0.019446205876136102,-0.0374639302591101,1.0,0.0,neutral,43211.0,49.5,0.6315005215318135
violet_mclelland,Violet Mclelland,Cara Losch,East,revenue_band,over_3b,45,28,0.6222222222222222,0.6195396547410558,0.6147110332749562,0.6321243523316062,0.004828621466099525,-0.012513157361216498,1.0,0.0,neutral,40248.0,51.0,0.6315005215318135
violet_mclelland,Violet Mclelland,Cara Losch,East,revenue_band,under_500m,43,27,0.627906976744186,0.6326883954464788,0.6409124356144223,0.6321243523316062,-0.008224040167943536,0.0006355833442065473,1.0,0.0,neutral,14939.0,52.0,0.6315005215318135
wilburn_farren,Wilburn Farren,Cara Losch,East,revenue_band,1_5b_to_3b,16,12,0.75,0.6929982280592036,0.656517094017094,0.6962025316455697,0.03648113404210962,0.01234906422944071,0.6324555320336759,1.773083367143842,insufficient_sample,39260.0,2048.0,0.6315005215318135
wilburn_farren,Wilburn Farren,Cara Losch,East,revenue_band,500m_to_1_5b,21,16,0.7619047619047619,0.681540808543097,0.6140350877192983,0.6962025316455697,0.06750572082379869,0.0008916447133340277,0.724568837309472,3.201927236250621,possible_fit,47223.0,2699.0,0.6315005215318135
wilburn_farren,Wilburn Farren,Cara Losch,East,revenue_band,over_3b,23,14,0.6086956521739131,0.6118286631640397,0.6147110332749562,0.6962025316455697,-0.002882370110916521,-0.0688205006657232,0.758287544405155,0.0,neutral,44989.0,592.0,0.6315005215318135
wilburn_farren,Wilburn Farren,Cara Losch,East,revenue_band,under_500m,19,13,0.6842105263157895,0.6596093384172854,0.6409124356144223,0.6962025316455697,0.01869690280286307,-0.02103982541247751,0.689202437604511,0.3300623505433605,insufficient_sample,26168.0,53.0,0.6315005215318135
zane_levy,Zane Levy,Summer Sewald,West,revenue_band,1_5b_to_3b,84,51,0.6071428571428571,0.6184672233984161,0.656517094017094,0.6168582375478927,-0.03804987061867793,0.0003290659218589953,1.0,0.0,weak_fit,136255.0,526.0,0.6315005215318135
zane_levy,Zane Levy,Summer Sewald,West,revenue_band,500m_to_1_5b,65,41,0.6307692307692307,0.6261208576998051,0.6140350877192983,0.6168582375478927,0.01208576998050681,0.007982700223247985,1.0,1.0649695565466222,neutral,113382.0,507.0,0.6315005215318135
zane_levy,Zane Levy,Summer Sewald,West,revenue_band,over_3b,64,35,0.546875,0.5659300655266731,0.6147110332749562,0.6168582375478927,-0.04878096774828311,-0.05220809194988396,1.0,0.0,weak_fit,88334.0,487.0,0.6315005215318135
zane_levy,Zane Levy,Summer Sewald,West,revenue_band,under_500m,48,34,0.7083333333333334,0.6852439847994597,0.6409124356144223,0.6168582375478927,0.044331549185037344,0.0671058273229026,1.0,5.230254653329018,strong_fit,92097.0,553.5,0.6315005215318135
anna_snelling,Anna Snelling,Dustin Brinkmann,Central,employee_band,2k_to_10k,160,91,0.56875,0.5782045601717734,0.6387137452711223,0.6190476190476191,-0.060509185099348994,-0.04170544824455724,1.0,0.0,weak_fit,140350.0,53.0,0.6315005215318135
anna_snelling,Anna Snelling,Dustin Brinkmann,Central,employee_band,500_to_2k,119,76,0.6386554621848739,0.6352747824441922,0.6191827468785471,0.6190476190476191,0.01609203556564509,0.015364774027861627,1.0,1.5837494027420878,possible_fit,94363.0,55.0,0.6315005215318135
anna_snelling,Anna Snelling,Dustin Brinkmann,Central,employee_band,over_10k,26,19,0.7307692307692307,0.6746736681377205,0.6163342830009497,0.6190476190476191,0.05833938513677073,0.05476365972138986,0.806225774829855,4.602572128723232,strong_fit,27524.0,59.5,0.6315005215318135
anna_snelling,Anna Snelling,Dustin Brinkmann,Central,employee_band,under_500,31,22,0.7096774193548387,0.6838989739542226,0.6519337016574586,0.6190476190476191,0.03196527229676405,0.06398896553789202,0.8803408430829505,3.8007452550392875,strong_fit,12819.0,54.0,0.6315005215318135
boris_faz,Boris Faz,Rocco Neubert,East,employee_band,2k_to_10k,72,45,0.625,0.6285344704307017,0.6387137452711223,0.6601307189542484,-0.010179274840420693,-0.027575153379946316,1.0,0.0,neutral,129096.0,997.5,0.6315005215318135
boris_faz,Boris Faz,Rocco Neubert,East,employee_band,500_to_2k,24,12,0.5,0.560807523917626,0.6191827468785471,0.6601307189542484,-0.058375222960921125,-0.09530209989302196,0.7745966692414834,0.0,weak_fit,33783.0,24.0,0.6315005215318135
boris_faz,Boris Faz,Rocco Neubert,East,employee_band,over_10k,36,26,0.7222222222222222,0.6788255258200614,0.6163342830009497,0.6601307189542484,0.06249124281911167,0.022715902009413425,0.9486832980505138,4.607742781176065,strong_fit,70422.0,1059.5,0.6315005215318135
boris_faz,Boris Faz,Rocco Neubert,East,employee_band,under_500,21,18,0.8571428571428571,0.7456161422051406,0.6519337016574586,0.6601307189542484,0.09368244054768204,0.08950651839449264,0.724568837309472,6.682036695321675,strong_fit,28330.0,550.0,0.6315005215318135
cassey_cress,Cassey Cress,Rocco Neubert,East,employee_band,2k_to_10k,119,78,0.6554621848739496,0.6525544696651254,0.6387137452711223,0.6245210727969349,0.013840724394003079,0.027423305195561243,1.0,1.8594627674548434,possible_fit,211703.0,614.0,0.6315005215318135
cassey_cress,Cassey Cress,Rocco Neubert,East,employee_band,500_to_2k,57,35,0.6140350877192983,0.615604495999557,0.6191827468785471,0.6245210727969349,-0.003578250878990108,-0.00952666847000716,1.0,0.0,neutral,109430.0,572.0,0.6315005215318135
cassey_cress,Cassey Cress,Rocco Neubert,East,employee_band,over_10k,46,28,0.6086956521739131,0.6113853109158274,0.6163342830009497,0.6245210727969349,-0.0049489720851223495,-0.013745853553736809,1.0,0.0,neutral,71828.0,592.0,0.6315005215318135
cassey_cress,Cassey Cress,Rocco Neubert,East,employee_band,under_500,39,22,0.5641025641025641,0.5984116022099448,0.6519337016574586,0.6245210727969349,-0.05352209944751374,-0.026719562259619356,0.9874208829065749,0.0,weak_fit,57528.0,493.0,0.6315005215318135
cecily_lampkin,Cecily Lampkin,Dustin Brinkmann,Central,employee_band,2k_to_10k,70,49,0.7,0.6838720382292428,0.6387137452711223,0.66875,0.04515829295812046,0.02015575153575444,1.0,3.6407403460292356,strong_fit,118853.0,976.0,0.6315005215318135
cecily_lampkin,Cecily Lampkin,Dustin Brinkmann,Central,employee_band,500_to_2k,64,43,0.671875,0.6570738053029627,0.6191827468785471,0.66875,0.037891058424415536,-0.006642481390525701,1.0,2.2304319489186106,possible_fit,84544.0,470.0,0.6315005215318135
cecily_lampkin,Cecily Lampkin,Dustin Brinkmann,Central,employee_band,over_10k,15,10,0.6666666666666666,0.6352089268755936,0.6163342830009497,0.66875,0.01887464387464388,-0.028507359817894762,0.6123724356957945,0.14029100891349264,insufficient_sample,14016.0,63.0,0.6315005215318135
cecily_lampkin,Cecily Lampkin,Dustin Brinkmann,Central,employee_band,under_500,11,5,0.45454545454545453,0.591620626151013,0.6519337016574586,0.66875,-0.0603130755064456,-0.0720956605424754,0.5244044240850758,0.0,insufficient_sample,12387.0,0.0,0.6315005215318135
corliss_cosme,Corliss Cosme,Cara Losch,East,employee_band,2k_to_10k,104,67,0.6442307692307693,0.6431615785409153,0.6387137452711223,0.6550218340611353,0.004447833269792922,-0.00954516570434194,1.0,0.0,neutral,191377.0,601.5,0.6315005215318135
corliss_cosme,Corliss Cosme,Cara Losch,East,employee_band,500_to_2k,34,28,0.8235294117647058,0.7369418418976894,0.6191827468785471,0.6550218340611353,0.11775909501914228,0.0842350976524322,0.9219544457292888,9.77508617341566,strong_fit,64831.0,611.5,0.6315005215318135
corliss_cosme,Corliss Cosme,Cara Losch,East,employee_band,over_10k,61,37,0.6065573770491803,0.6093995008723692,0.6163342830009497,0.6550218340611353,-0.006934782128580563,-0.04330724337288805,1.0,0.0,neutral,116140.0,586.0,0.6315005215318135
corliss_cosme,Corliss Cosme,Cara Losch,East,employee_band,under_500,30,18,0.6,0.6236062280261176,0.6519337016574586,0.6550218340611353,-0.028327473631340916,-0.02910051621913956,0.8660254037844386,0.0,weak_fit,48688.0,503.0,0.6315005215318135
daniell_hammack,Daniell Hammack,Rocco Neubert,East,employee_band,2k_to_10k,88,54,0.6136363636363636,0.61918445691839,0.6387137452711223,0.6096256684491979,-0.019529288352732377,0.006979206737751542,1.0,0.0,neutral,179087.0,993.0,0.6315005215318135
daniell_hammack,Daniell Hammack,Rocco Neubert,East,employee_band,500_to_2k,38,21,0.5526315789473685,0.579040772570852,0.6191827468785471,0.6096256684491979,-0.04014197430769517,-0.03316447760978647,0.9746794344808963,0.0,weak_fit,53440.0,482.5,0.6315005215318135
daniell_hammack,Daniell Hammack,Rocco Neubert,East,employee_band,over_10k,41,26,0.6341463414634146,0.6273993496215718,0.6163342830009497,0.6096256684491979,0.011065066620622122,0.015194099440933417,1.0,1.2510228107731076,neutral,78801.0,985.0,0.6315005215318135
daniell_hammack,Daniell Hammack,Rocco Neubert,East,employee_band,under_500,20,13,0.65,0.6510742786985881,0.6519337016574586,0.6096256684491979,-0.0008594229588704261,0.03886902851794971,0.7071067811865476,0.9224586303730395,neutral,52901.0,2412.0,0.6315005215318135
darcel_schlecht,Darcel Schlecht,Melvin Marxen,Central,employee_band,2k_to_10k,252,165,0.6547619047619048,0.6533135149161663,0.6387137452711223,0.6311030741410488,0.014599769645043947,0.022193250144029064,1.0,1.725748781968874,possible_fit,564947.0,1072.5,0.6315005215318135
darcel_schlecht,Darcel Schlecht,Melvin Marxen,Central,employee_band,500_to_2k,218,136,0.6238532110091743,0.6233727105842126,0.6191827468785471,0.6311030741410488,0.004189963705665489,-0.00774755418792461,1.0,0.0011832442908954553,neutral,408320.0,613.0,0.6315005215318135
darcel_schlecht,Darcel Schlecht,Melvin Marxen,Central,employee_band,over_10k,37,19,0.5135135135135135,0.5549735012100604,0.6163342830009497,0.6311030741410488,-0.06136078179088933,-0.07614676356207684,0.9617692030835673,0.0,weak_fit,71737.0,604.0,0.6315005215318135
darcel_schlecht,Darcel Schlecht,Melvin Marxen,Central,employee_band,under_500,46,29,0.6304347826086957,0.6380048245272743,0.6519337016574586,0.6311030741410488,-0.013928877130184314,0.006884559755137021,1.0,0.0,neutral,108210.0,1109.0,0.6315005215318135
donn_cantrell,Donn Cantrell,Rocco Neubert,East,employee_band,2k_to_10k,136,81,0.5955882352941176,0.6022847430545222,0.6387137452711223,0.5745454545454546,-0.03642900221660017,0.02299303292687105,1.0,0.0,weak_fit,228796.0,528.5,0.6315005215318135
donn_cantrell,Donn Cantrell,Rocco Neubert,East,employee_band,500_to_2k,46,25,0.5434782608695652,0.5701347700276574,0.6191827468785471,0.5745454545454546,-0.049047976850889685,-0.009156940099993682,1.0,0.0,weak_fit,67161.0,547.0,0.6315005215318135
donn_cantrell,Donn Cantrell,Rocco Neubert,East,employee_band,over_10k,57,30,0.5263157894736842,0.5537604521344359,0.6163342830009497,0.5745454545454546,-0.0625738308665138,-0.025531257993215206,1.0,0.0,weak_fit,98673.0,55.0,0.6315005215318135
donn_cantrell,Donn Cantrell,Rocco Neubert,East,employee_band,under_500,36,22,0.6111111111111112,0.6278416810071552,0.6519337016574586,0.5745454545454546,-0.02409202065030336,0.04854997087950408,0.9486832980505138,0.12642878282784462,weak_fit,51230.0,555.5,0.6315005215318135
elease_gluck,Elease Gluck,Celia Rouche,West,employee_band,2k_to_10k,60,39,0.65,0.646680513315036,0.6387137452711223,0.6349206349206349,0.007966768043913608,0.012326122332947609,1.0,0.9492542045075509,neutral,168992.0,55.0,0.6315005215318135
elease_gluck,Elease Gluck,Celia Rouche,West,employee_band,500_to_2k,27,17,0.6296296296296297,0.6246070898454553,0.6191827468785471,0.6349206349206349,0.005424342966908191,-0.009747301136633024,0.8215838362577492,0.009388035620654463,neutral,41384.0,52.0,0.6315005215318135
elease_gluck,Elease Gluck,Celia Rouche,West,employee_band,over_10k,20,13,0.65,0.6312968238894165,0.6163342830009497,0.6349206349206349,0.014962540888466824,-0.003057567092671798,0.7071067811865476,0.612036493310395,neutral,58808.0,582.0,0.6315005215318135
elease_gluck,Elease Gluck,Celia Rouche,West,employee_band,under_500,19,11,0.5789473684210527,0.6204168759417379,0.6519337016574586,0.6349206349206349,-0.031516825715720675,-0.013937515040350457,0.689202437604511,0.0,insufficient_sample,20011.0,46.0,0.6315005215318135
garret_kinder,Garret Kinder,Cara Losch,East,employee_band,2k_to_10k,54,29,0.5370370370370371,0.5692132105288362,0.6387137452711223,0.6097560975609756,-0.06950053474228612,-0.044215931621808036,1.0,0.0,weak_fit,81517.0,55.0,0.6315005215318135
garret_kinder,Garret Kinder,Cara Losch,East,employee_band,500_to_2k,26,16,0.6153846153846154,0.6172464445483073,0.6191827468785471,0.6097560975609756,-0.0019363023302397808,0.0038173023976630915,0.806225774829855,0.006244970393395251,neutral,37911.0,476.5,0.6315005215318135
garret_kinder,Garret Kinder,Cara Losch,East,employee_band,over_10k,27,21,0.7777777777777778,0.7001607129812258,0.6163342830009497,0.6097560975609756,0.08382642998027612,0.08673157083058158,0.8215838362577492,6.970582579061893,strong_fit,49025.0,566.0,0.6315005215318135
garret_kinder,Garret Kinder,Cara Losch,East,employee_band,under_500,16,9,0.5625,0.6170327449130846,0.6519337016574586,0.6097560975609756,-0.03490095674437399,0.0036036027624403166,0.6324555320336759,0.0,insufficient_sample,29320.0,704.5,0.6315005215318135
gladys_colclough,Gladys Colclough,Melvin Marxen,Central,employee_band,2k_to_10k,111,71,0.6396396396396397,0.6394694384689563,0.6387137452711223,0.5818965517241379,0.0007556931978339732,0.05274759785302108,1.0,1.8952859827149455,possible_fit,205099.0,562.0,0.6315005215318135
gladys_colclough,Gladys Colclough,Melvin Marxen,Central,employee_band,500_to_2k,83,48,0.5783132530120482,0.5877737839996636,0.6191827468785471,0.5818965517241379,-0.031408962878883506,0.001051943383728382,1.0,0.0,weak_fit,89747.0,53.0,0.6315005215318135
gladys_colclough,Gladys Colclough,Melvin Marxen,Central,employee_band,over_10k,20,7,0.35,0.4979634905560832,0.6163342830009497,0.5818965517241379,-0.11837079244486653,-0.08875835005985205,0.7071067811865476,0.0,weak_fit,27037.0,0.0,0.6315005215318135
gladys_colclough,Gladys Colclough,Melvin Marxen,Central,employee_band,under_500,18,9,0.5,0.5883335474752667,0.6519337016574586,0.5818965517241379,-0.06360015418219189,0.0016117068593314299,0.6708203932499369,0.0,insufficient_sample,23791.0,24.0,0.6315005215318135
hayden_neloms,Hayden Neloms,Celia Rouche,West,employee_band,2k_to_10k,78,57,0.7307692307692307,0.7084256663279423,0.6387137452711223,0.7039473684210527,0.06971192105682,0.014710903399720032,1.0,5.0461564876835014,strong_fit,148399.0,1273.5,0.6315005215318135
hayden_neloms,Hayden Neloms,Celia Rouche,West,employee_band,500_to_2k,30,19,0.6333333333333333,0.6269012485811577,0.6191827468785471,0.7039473684210527,0.0077185017026105696,-0.06681351434706462,0.8660254037844386,0.0,neutral,42827.0,58.5,0.6315005215318135
hayden_neloms,Hayden Neloms,Celia Rouche,West,employee_band,over_10k,27,18,0.6666666666666666,0.6424684052889181,0.6163342830009497,0.7039473684210527,0.02613412228796841,-0.051246357639304185,0.8215838362577492,0.0,neutral,60548.0,2997.0,0.6315005215318135
hayden_neloms,Hayden Neloms,Celia Rouche,West,employee_band,under_500,17,13,0.7647058823529411,0.6975795843199158,0.6519337016574586,0.7039473684210527,0.04564588266245728,0.0038648213916935292,0.6519202405202649,2.022420297457906,insufficient_sample,20337.0,954.0,0.6315005215318135
james_ascencio,James Ascencio,Summer Sewald,West,employee_band,2k_to_10k,113,72,0.6371681415929203,0.6374481422592614,0.6387137452711223,0.6553398058252428,-0.0012656030118609607,-0.015311654443315836,1.0,0.0,neutral,225123.0,538.0,0.6315005215318135
james_ascencio,James Ascencio,Summer Sewald,West,employee_band,500_to_2k,37,25,0.6756756756756757,0.65289626890264,0.6191827468785471,0.6553398058252428,0.033713522024092835,0.00013647220006274274,0.9617692030835673,2.1121946852347935,possible_fit,72576.0,524.0,0.6315005215318135
james_ascencio,James Ascencio,Summer Sewald,West,employee_band,over_10k,33,24,0.7272727272727273,0.6794544323279956,0.6163342830009497,0.6553398058252428,0.0631201493270459,0.026694635625418406,0.9082951062292475,4.575193219523898,strong_fit,71032.0,586.0,0.6315005215318135
james_ascencio,James Ascencio,Summer Sewald,West,employee_band,under_500,23,14,0.6086956521739131,0.6312154696132597,0.6519337016574586,0.6553398058252428,-0.02071823204419887,-0.021544327089317528,0.758287544405155,0.0,weak_fit,44802.0,457.0,0.6315005215318135
jonathan_berthelot,Jonathan Berthelot,Melvin Marxen,Central,employee_band,2k_to_10k,123,79,0.6422764227642277,0.6416746191336355,0.6387137452711223,0.6477272727272727,0.0029608738625132025,-0.0046489553933379835,1.0,0.02974336229652876,neutral,127865.0,513.0,0.6315005215318135
jonathan_berthelot,Jonathan Berthelot,Melvin Marxen,Central,employee_band,500_to_2k,94,62,0.6595744680851063,0.6510888123694426,0.6191827468785471,0.6477272727272727,0.031906065490895474,0.004765237842469072,1.0,2.2406775813946234,possible_fit,121895.0,544.5,0.6315005215318135
jonathan_berthelot,Jonathan Berthelot,Melvin Marxen,Central,employee_band,over_10k,29,18,0.6206896551724138,0.6186732791671063,0.6163342830009497,0.6477272727272727,0.002338996166156626,-0.027650295359867183,0.85146931829632,0.0,neutral,29327.0,474.0,0.6315005215318135
jonathan_berthelot,Jonathan Berthelot,Melvin Marxen,Central,employee_band,under_500,18,12,0.6666666666666666,0.6581009893357318,0.6519337016574586,0.6477272727272727,0.006167287678273237,0.011777414808758269,0.6708203932499369,0.545432803637368,insufficient_sample,5799.0,57.0,0.6315005215318135
kami_bicknell,Kami Bicknell,Summer Sewald,West,employee_band,2k_to_10k,132,84,0.6363636363636364,0.6367378575272489,0.6387137452711223,0.6397058823529411,-0.0019758877438734723,-0.0022773378878869766,1.0,0.0,neutral,161259.0,518.5,0.6315005215318135
kami_bicknell,Kami Bicknell,Summer Sewald,West,employee_band,500_to_2k,57,36,0.631578947368421,0.6277996179507765,0.6191827468785471,0.6397058823529411,0.008616871072229415,-0.011215577464359305,1.0,0.16755140844233635,neutral,71946.0,474.0,0.6315005215318135
kami_bicknell,Kami Bicknell,Summer Sewald,West,employee_band,over_10k,51,32,0.6274509803921569,0.6237941720397862,0.6163342830009497,0.6397058823529411,0.007459889038836431,-0.015221023375349696,1.0,0.0,neutral,54407.0,533.0,0.6315005215318135
kami_bicknell,Kami Bicknell,Summer Sewald,West,employee_band,under_500,32,22,0.6875,0.6719007463409907,0.6519337016574586,0.6397058823529411,0.019967044683532165,0.03288555092585488,0.8944271909999159,2.190319982644393,possible_fit,28844.0,457.0,0.6315005215318135
kary_hendrixson,Kary Hendrixson,Summer Sewald,West,employee_band,2k_to_10k,154,99,0.6428571428571429,0.6422784560434529,0.6387137452711223,0.6238805970149254,0.0035647107723305593,0.017868697603743655,1.0,0.8571106163325142,neutral,226644.0,530.0,0.6315005215318135
kary_hendrixson,Kary Hendrixson,Summer Sewald,West,employee_band,500_to_2k,70,40,0.5714285714285714,0.5839954597048808,0.6191827468785471,0.6238805970149254,-0.03518728717366637,-0.04041429873482849,1.0,0.0,weak_fit,79306.0,61.0,0.6315005215318135
kary_hendrixson,Kary Hendrixson,Summer Sewald,West,employee_band,over_10k,75,47,0.6266666666666667,0.6240835707502375,0.6163342830009497,0.6238805970149254,0.0077492877492877366,-0.0003261876894717908,1.0,0.4922871345721902,neutral,109468.0,518.0,0.6315005215318135
kary_hendrixson,Kary Hendrixson,Summer Sewald,West,employee_band,under_500,36,23,0.6388888888888888,0.644235123630106,0.6519337016574586,0.6238805970149254,-0.007698578027352521,0.019825365190396793,0.9486832980505138,0.18355144362213127,neutral,38880.0,518.5,0.6315005215318135
lajuana_vencill,Lajuana Vencill,Dustin Brinkmann,Central,employee_band,2k_to_10k,114,68,0.5964912280701754,0.6040852059840148,0.6387137452711223,0.5497835497835498,-0.03462853928710752,0.04632148317817364,1.0,0.0,weak_fit,98308.0,456.5,0.6315005215318135
lajuana_vencill,Lajuana Vencill,Dustin Brinkmann,Central,employee_band,500_to_2k,77,38,0.4935064935064935,0.5243094967839577,0.6191827468785471,0.5497835497835498,-0.09487325009458947,-0.033454226021883526,1.0,0.0,weak_fit,58818.0,0.0,0.6315005215318135
lajuana_vencill,Lajuana Vencill,Dustin Brinkmann,Central,employee_band,over_10k,22,11,0.5,0.5618799377664626,0.6163342830009497,0.5497835497835498,-0.05445434523448711,0.004116214960621423,0.7416198487095663,0.0,weak_fit,25626.0,26.0,0.6315005215318135
lajuana_vencill,Lajuana Vencill,Dustin Brinkmann,Central,employee_band,under_500,18,10,0.5555555555555556,0.611589361428755,0.6519337016574586,0.5497835497835498,-0.04034434022870359,0.053825638622913785,0.6708203932499369,0.0,insufficient_sample,11880.0,50.5,0.6315005215318135
markita_hansen,Markita Hansen,Celia Rouche,West,employee_band,2k_to_10k,105,63,0.6,0.6074449510136775,0.6387137452711223,0.5726872246696035,-0.03126879425744489,0.02892307387758486,1.0,0.0,weak_fit,181304.0,58.0,0.6315005215318135
markita_hansen,Markita Hansen,Celia Rouche,West,employee_band,500_to_2k,47,27,0.574468085106383,0.5899940093328289,0.6191827468785471,0.5726872246696035,-0.02918873754571827,0.011472132196736262,1.0,0.0,weak_fit,68781.0,59.0,0.6315005215318135
markita_hansen,Markita Hansen,Celia Rouche,West,employee_band,over_10k,51,24,0.47058823529411764,0.5185310141450493,0.6163342830009497,0.5726872246696035,-0.0978032688559004,-0.05999086299104328,1.0,0.0,weak_fit,53550.0,0.0,0.6315005215318135
markita_hansen,Markita Hansen,Celia Rouche,West,employee_band,under_500,24,16,0.6666666666666666,0.6591498477844178,0.6519337016574586,0.5726872246696035,0.0072161461269592,0.08062797064832516,0.7745966692414834,2.549219691971904,possible_fit,25157.0,289.0,0.6315005215318135
marty_freudenburg,Marty Freudenburg,Melvin Marxen,Central,employee_band,2k_to_10k,92,64,0.6956521739130435,0.6834858430066502,0.6387137452711223,0.6288659793814433,0.044772097735527816,0.05431911680438828,1.0,4.811355440962898,strong_fit,155706.0,948.0,0.6315005215318135
marty_freudenburg,Marty Freudenburg,Melvin Marxen,Central,employee_band,500_to_2k,71,43,0.6056338028169014,0.6091621736662883,0.6191827468785471,0.6288659793814433,-0.010020573212258799,-0.020004552535973552,1.0,0.0,neutral,96811.0,490.0,0.6315005215318135
marty_freudenburg,Marty Freudenburg,Melvin Marxen,Central,employee_band,over_10k,12,4,0.3333333333333333,0.524550191216858,0.6163342830009497,0.6288659793814433,-0.09178409178409175,-0.10461653498540391,0.5477225575051661,0.0,insufficient_sample,9187.0,0.0,0.6315005215318135
marty_freudenburg,Marty Freudenburg,Melvin Marxen,Central,employee_band,under_500,19,11,0.5789473684210527,0.6204168759417379,0.6519337016574586,0.6288659793814433,-0.031516825715720675,-0.008749850260523995,0.689202437604511,0.0,insufficient_sample,29491.0,60.0,0.6315005215318135
maureen_marcano,Maureen Marcano,Summer Sewald,West,employee_band,2k_to_10k,102,76,0.7450980392156863,0.7241562490691187,0.6387137452711223,0.6995305164319249,0.08544250379799634,0.03177174050485254,1.0,6.665773664539601,strong_fit,185676.0,1024.0,0.6315005215318135
maureen_marcano,Maureen Marcano,Summer Sewald,West,employee_band,500_to_2k,35,23,0.6571428571428571,0.641326144532728,0.6191827468785471,0.6995305164319249,0.02214339765418083,-0.051058364031538184,0.9354143466934853,0.0,neutral,54832.0,628.0,0.6315005215318135
maureen_marcano,Maureen Marcano,Summer Sewald,West,employee_band,over_10k,48,31,0.6458333333333334,0.6357309188359417,0.6163342830009497,0.6995305164319249,0.01939663583499196,-0.05665358972832446,1.0,0.0,neutral,70894.0,569.0,0.6315005215318135
maureen_marcano,Maureen Marcano,Summer Sewald,West,employee_band,under_500,28,19,0.6785714285714286,0.6660064630459711,0.6519337016574586,0.6995305164319249,0.014072761388512545,-0.026378045518295035,0.8366600265340756,0.0,neutral,38993.0,535.5,0.6315005215318135
moses_frase,Moses Frase,Dustin Brinkmann,Central,employee_band,2k_to_10k,87,57,0.6551724137931034,0.6514986038551613,0.6387137452711223,0.6615384615384615,0.012784858584038994,-0.006626455409817544,1.0,0.5990898686189206,neutral,100835.0,503.0,0.6315005215318135
moses_frase,Moses Frase,Dustin Brinkmann,Central,employee_band,500_to_2k,80,57,0.7125,0.6902816063996541,0.6191827468785471,0.6615384615384615,0.07109885952110695,0.032156547134675195,1.0,5.746905018585584,strong_fit,92509.0,488.5,0.6315005215318135
moses_frase,Moses Frase,Dustin Brinkmann,Central,employee_band,over_10k,13,8,0.6153846153846154,0.6160093967111512,0.6163342830009497,0.6615384615384615,-0.0003248862897985427,-0.042115662553827704,0.570087712549569,0.0,insufficient_sample,6542.0,59.0,0.6315005215318135
moses_frase,Moses Frase,Dustin Brinkmann,Central,employee_band,under_500,15,7,0.4666666666666667,0.5824585635359116,0.6519337016574586,0.6615384615384615,-0.06947513812154693,-0.07566649572906725,0.6123724356957945,0.0,insufficient_sample,7296.0,0.0,0.6315005215318135
niesha_huffines,Niesha Huffines,Melvin Marxen,Central,employee_band,2k_to_10k,85,49,0.5764705882352941,0.5906167602888915,0.6387137452711223,0.6,-0.048096984982230806,-0.013320804902585137,1.0,0.0,weak_fit,91865.0,487.0,0.6315005215318135
niesha_huffines,Niesha Huffines,Melvin Marxen,Central,employee_band,500_to_2k,59,32,0.5423728813559322,0.56523296038052,0.6191827468785471,0.6,-0.053949786498027175,-0.03870460481095672,1.0,0.0,weak_fit,61562.0,57.0,0.6315005215318135
niesha_huffines,Niesha Huffines,Melvin Marxen,Central,employee_band,over_10k,17,12,0.7058823529411765,0.6525799303577082,0.6163342830009497,0.6,0.036245647356758504,0.04864236516623155,0.6519202405202649,2.645785608223544,insufficient_sample,11300.0,531.0,0.6315005215318135
niesha_huffines,Niesha Huffines,Melvin Marxen,Central,employee_band,under_500,14,12,0.8571428571428571,0.7255985267034991,0.6519337016574586,0.6,0.07366482504604055,0.12166096151202244,0.5916079783099616,5.3518912259510065,insufficient_sample,12234.0,555.5,0.6315005215318135
reed_clapper,Reed Clapper,Rocco Neubert,East,employee_band,2k_to_10k,119,73,0.6134453781512605,0.6178322474429032,0.6387137452711223,0.6540084388185654,-0.02088149782821913,-0.03402848934448355,1.0,0.0,weak_fit,199607.0,555.0,0.6315005215318135
reed_clapper,Reed Clapper,Rocco Neubert,East,employee_band,500_to_2k,42,27,0.6428571428571429,0.6340234130143833,0.6191827468785471,0.6540084388185654,0.014840666135836122,-0.01783732377300351,1.0,0.3403369667742252,neutral,90687.0,544.5,0.6315005215318135
reed_clapper,Reed Clapper,Rocco Neubert,East,employee_band,over_10k,48,36,0.75,0.7042240695208732,0.6163342830009497,0.6540084388185654,0.08788978651992352,0.05236333273348648,1.0,7.545552769467055,strong_fit,105761.0,1099.5,0.6315005215318135
reed_clapper,Reed Clapper,Rocco Neubert,East,employee_band,under_500,28,19,0.6785714285714286,0.6660064630459711,0.6519337016574586,0.6540084388185654,0.014072761388512545,0.014145726258584346,0.8366600265340756,1.1795483293266236,neutral,42281.0,564.0,0.6315005215318135
rosalina_dieter,Rosalina Dieter,Celia Rouche,West,employee_band,2k_to_10k,52,33,0.6346153846153846,0.6359460211919229,0.6387137452711223,0.6545454545454545,-0.0027677240791994517,-0.014331853165820418,1.0,0.0,neutral,107293.0,55.0,0.6315005215318135
rosalina_dieter,Rosalina Dieter,Celia Rouche,West,employee_band,500_to_2k,19,12,0.631578947368421,0.6245356516355381,0.6191827468785471,0.6545454545454545,0.005352904756991017,-0.025742222722205166,0.689202437604511,0.0,insufficient_sample,16878.0,57.0,0.6315005215318135
rosalina_dieter,Rosalina Dieter,Celia Rouche,West,employee_band,over_10k,18,13,0.7222222222222222,0.6606594668610173,0.6163342830009497,0.6545454545454545,0.04432518386006756,0.010381592503273973,0.6708203932499369,2.176471861208848,insufficient_sample,69800.0,510.5,0.6315005215318135
rosalina_dieter,Rosalina Dieter,Celia Rouche,West,employee_band,under_500,21,14,0.6666666666666666,0.6586596204660101,0.6519337016574586,0.6545454545454545,0.0067259188085515564,0.008381746108266808,0.724568837309472,0.5293307472419096,neutral,41432.0,50.0,0.6315005215318135
rosie_papadopoulos,Rosie Papadopoulos,Cara Losch,East,employee_band,2k_to_10k,63,42,0.6666666666666666,0.6587254958156598,0.6387137452711223,0.6446280991735537,0.02001175054453741,0.0163452695259656,1.0,1.8728482188037279,possible_fit,113104.0,61.0,0.6315005215318135
rosie_papadopoulos,Rosie Papadopoulos,Cara Losch,East,employee_band,500_to_2k,23,16,0.6956521739130435,0.6558243473325766,0.6191827468785471,0.6446280991735537,0.03664160045402942,0.013444121042882395,0.758287544405155,2.1628243336687043,possible_fit,61597.0,3443.0,0.6315005215318135
rosie_papadopoulos,Rosie Papadopoulos,Cara Losch,East,employee_band,over_10k,24,12,0.5,0.5593542260208927,0.6163342830009497,0.6446280991735537,-0.05698005698005704,-0.08302600026880147,0.7745966692414834,0.0,weak_fit,26839.0,25.5,0.6315005215318135
rosie_papadopoulos,Rosie Papadopoulos,Cara Losch,East,employee_band,under_500,11,8,0.7272727272727273,0.6749539594843462,0.6519337016574586,0.6446280991735537,0.023020257826887658,0.032573733194652066,0.5244044240850758,1.3825384709884188,insufficient_sample,28629.0,3453.0,0.6315005215318135
versie_hillebrand,Versie Hillebrand,Dustin Brinkmann,Central,employee_band,2k_to_10k,117,79,0.6752136752136753,0.6687876312097047,0.6387137452711223,0.6666666666666666,0.0300738859385824,0.005163018620447546,1.0,2.13550823772352,possible_fit,87445.0,52.0,0.6315005215318135
versie_hillebrand,Versie Hillebrand,Dustin Brinkmann,Central,employee_band,500_to_2k,100,62,0.62,0.6198365493757094,0.6191827468785471,0.6666666666666666,0.0006538024971622924,-0.04378806321354778,1.0,0.0,neutral,78037.0,54.0,0.6315005215318135
versie_hillebrand,Versie Hillebrand,Dustin Brinkmann,Central,employee_band,over_10k,23,15,0.6521739130434783,0.6335074390629947,0.6163342830009497,0.6666666666666666,0.017173156062044947,-0.03011717352626253,0.758287544405155,0.047130657580472295,neutral,8342.0,53.0,0.6315005215318135
versie_hillebrand,Versie Hillebrand,Dustin Brinkmann,Central,employee_band,under_500,24,20,0.8333333333333334,0.7407825008456422,0.6519337016574586,0.6666666666666666,0.08884879918818367,0.07715788825638503,0.7745966692414834,6.565247468341296,strong_fit,13869.0,58.5,0.6315005215318135
vicki_laflamme,Vicki Laflamme,Celia Rouche,West,employee_band,2k_to_10k,155,105,0.6774193548387096,0.6720435757321004,0.6387137452711223,0.6368876080691642,0.03332983046097804,0.035518003048510716,1.0,3.409569086661447,possible_fit,234584.0,498.0,0.6315005215318135
vicki_laflamme,Vicki Laflamme,Celia Rouche,West,employee_band,500_to_2k,69,37,0.5362318840579711,0.5582932837442944,0.6191827468785471,0.6368876080691642,-0.0608894631342527,-0.07823228893929524,1.0,0.0,weak_fit,80219.0,52.0,0.6315005215318135
vicki_laflamme,Vicki Laflamme,Celia Rouche,West,employee_band,over_10k,83,49,0.5903614457831325,0.5963736766205903,0.6163342830009497,0.6368876080691642,-0.019960606380359458,-0.040151896062999404,1.0,0.0,neutral,86165.0,59.0,0.6315005215318135
vicki_laflamme,Vicki Laflamme,Celia Rouche,West,employee_band,under_500,40,30,0.75,0.7122821929451765,0.6519337016574586,0.6368876080691642,0.06034849128771791,0.0757566202615868,1.0,6.574133642857202,strong_fit,77428.0,511.5,0.6315005215318135
violet_mclelland,Violet Mclelland,Cara Losch,East,employee_band,2k_to_10k,97,61,0.6288659793814433,0.6308839641949022,0.6387137452711223,0.6321243523316062,-0.007829781076220121,-0.0011688479073700409,1.0,0.0,neutral,65205.0,55.0,0.6315005215318135
violet_mclelland,Violet Mclelland,Cara Losch,East,employee_band,500_to_2k,46,29,0.6304347826086957,0.6264727981966715,0.6191827468785471,0.6321243523316062,0.007290051318124324,-0.005580013905600811,1.0,0.27855284898205274,neutral,24018.0,50.5,0.6315005215318135
violet_mclelland,Violet Mclelland,Cara Losch,East,employee_band,over_10k,28,19,0.6785714285714286,0.6492142844344103,0.6163342830009497,0.6321243523316062,0.03288000143346059,0.01716147233213805,0.8366600265340756,2.290651013051338,possible_fit,23875.0,50.5,0.6315005215318135
violet_mclelland,Violet Mclelland,Cara Losch,East,employee_band,under_500,22,13,0.5909090909090909,0.623368990243329,0.6519337016574586,0.6321243523316062,-0.02856471141412953,-0.00868382185894323,0.7416198487095663,0.0,weak_fit,10333.0,52.5,0.6315005215318135
wilburn_farren,Wilburn Farren,Cara Losch,East,employee_band,2k_to_10k,31,19,0.6129032258064516,0.624425779138894,0.6387137452711223,0.6962025316455697,-0.01428796613222838,-0.05622338469086896,0.8803408430829505,0.0,neutral,63666.0,995.0,0.6315005215318135
wilburn_farren,Wilburn Farren,Cara Losch,East,employee_band,500_to_2k,20,17,0.85,0.7217681927103039,0.6191827468785471,0.6962025316455697,0.10258544583175677,0.041119028880540975,0.7071067811865476,5.732670231417491,strong_fit,49086.0,3019.5,0.6315005215318135
wilburn_farren,Wilburn Farren,Cara Losch,East,employee_band,over_10k,15,11,0.7333333333333333,0.6602089268755936,0.6163342830009497,0.6962025316455697,0.043874643874643904,-0.0204402369541693,0.6123724356957945,1.3082991456182473,insufficient_sample,33716.0,2880.0,0.6315005215318135
wilburn_farren,Wilburn Farren,Cara Losch,East,employee_band,under_500,13,8,0.6153846153846154,0.639430066879907,0.6519337016574586,0.6962025316455697,-0.012503634777551564,-0.04121909694985593,0.570087712549569,0.0,insufficient_sample,11172.0,45.0,0.6315005215318135
zane_levy,Zane Levy,Summer Sewald,West,employee_band,2k_to_10k,127,77,0.6062992125984252,0.6116305502090662,0.6387137452711223,0.6168582375478927,-0.027083195062056142,-0.006507607267490889,1.0,0.0,weak_fit,184308.0,518.0,0.6315005215318135
zane_levy,Zane Levy,Summer Sewald,West,employee_band,500_to_2k,50,32,0.64,0.6330609156261824,0.6191827468785471,0.6168582375478927,0.013878168747635256,0.014922758149625293,1.0,1.4243775038331767,neutral,104860.0,543.0,0.6315005215318135
zane_levy,Zane Levy,Summer Sewald,West,employee_band,over_10k,50,29,0.58,0.5921114276669832,0.6163342830009497,0.6168582375478927,-0.02422285533396651,-0.02602672980957388,1.0,0.0,weak_fit,77034.0,520.0,0.6315005215318135
zane_levy,Zane Levy,Summer Sewald,West,employee_band,under_500,34,23,0.6764705882352942,0.6660736023972282,0.6519337016574586,0.6168582375478927,0.014139900739769673,0.047935444920671144,0.9219544457292888,2.3941627620399455,possible_fit,63866.0,502.0,0.6315005215318135
anna_snelling,Anna Snelling,Dustin Brinkmann,Central,account,Betatech,16,9,0.5625,0.5952921157118548,0.6162790697674418,0.6190476190476191,-0.020986954055587037,-0.024617892704475786,1.0,0.0,weak_fit,11340.0,52.0,0.6315005215318135
anna_snelling,Anna Snelling,Dustin Brinkmann,Central,account,Bioholding,11,6,0.5454545454545454,0.5751633986928105,0.5882352941176471,0.6190476190476191,-0.013071895424836555,-0.04474660972352007,0.82915619758885,0.0,neutral,12382.0,53.0,0.6315005215318135
anna_snelling,Anna Snelling,Dustin Brinkmann,Central,account,Cancity,15,7,0.4666666666666667,0.5446236559139785,0.5913978494623656,0.6190476190476191,-0.04677419354838708,-0.07528635250235205,0.9682458365518543,0.0,weak_fit,1496.0,0.0,0.6315005215318135
anna_snelling,Anna Snelling,Dustin Brinkmann,Central,account,Codehow,13,9,0.6923076923076923,0.6417004048582996,0.6153846153846154,0.6190476190476191,0.02631578947368418,0.021790396441969007,0.9013878188659973,2.229303512139176,possible_fit,22479.0,522.0,0.6315005215318135
anna_snelling,Anna Snelling,Dustin Brinkmann,Central,account,Condax,9,7,0.7777777777777778,0.6914539400665927,0.660377358490566,0.6190476190476191,0.031076581576026663,0.07154393165026207,0.75,3.39301155765068,possible_fit,1572.0,54.0,0.6315005215318135
anna_snelling,Anna Snelling,Dustin Brinkmann,Central,account,Conecom,11,7,0.6363636363636364,0.6205808080808082,0.6136363636363636,0.6190476190476191,0.006944444444444531,0.0006707996644775838,0.82915619758885,0.39373881421494544,neutral,4186.0,56.0,0.6315005215318135
anna_snelling,Anna Snelling,Dustin Brinkmann,Central,account,Domzoom,12,9,0.75,0.7023562023562024,0.6794871794871795,0.6190476190476191,0.022869022869022926,0.08244619393987185,0.8660254037844386,3.7863525035839416,strong_fit,6639.0,61.0,0.6315005215318135
anna_snelling,Anna Snelling,Dustin Brinkmann,Central,account,Dontechi,12,7,0.5833333333333334,0.5934395934395934,0.5982905982905983,0.6190476190476191,-0.00485100485100487,-0.02647041497673719,0.8660254037844386,0.0,neutral,5578.0,49.0,0.6315005215318135
anna_snelling,Anna Snelling,Dustin Brinkmann,Central,account,Finhigh,8,3,0.375,0.530791788856305,0.5806451612903226,0.6190476190476191,-0.04985337243401766,-0.08911821956002564,0.7071067811865476,0.0,weak_fit,1762.0,0.0,0.6315005215318135
anna_snelling,Anna Snelling,Dustin Brinkmann,Central,account,Funholding,13,2,0.15384615384615385,0.4447102604997341,0.5959595959595959,0.6190476190476191,-0.1512493354598618,-0.17519974791659648,0.9013878188659973,0.0,weak_fit,5654.0,0.0,0.6315005215318135
anna_snelling,Anna Snelling,Dustin Brinkmann,Central,account,Genco Pura Olive Oil Company,9,7,0.7777777777777778,0.6622718052738337,0.6206896551724138,0.6190476190476191,0.04158215010141986,0.042361796857503076,0.75,3.1391269849536734,possible_fit,13274.0,497.0,0.6315005215318135
anna_snelling,Anna Snelling,Dustin Brinkmann,Central,account,Globex Corporation,12,7,0.5833333333333334,0.5866454689984102,0.5882352941176471,0.6190476190476191,-0.0015898251192368873,-0.0332645394179204,0.8660254037844386,0.0,neutral,6345.0,46.0,0.6315005215318135
anna_snelling,Anna Snelling,Dustin Brinkmann,Central,account,Gogozoom,12,7,0.5833333333333334,0.6612365790447983,0.6986301369863014,0.6190476190476191,-0.03739355794150312,0.041326570628467674,0.8660254037844386,0.0,weak_fit,6196.0,49.0,0.6315005215318135
anna_snelling,Anna Snelling,Dustin Brinkmann,Central,account,Hottechi,14,12,0.8571428571428571,0.6763650856915105,0.5751295336787565,0.6190476190476191,0.10123555201275403,0.056455077275179955,0.9354143466934853,8.003628326571947,strong_fit,21946.0,808.0,0.6315005215318135
anna_snelling,Anna Snelling,Dustin Brinkmann,Central,account,Inity,13,5,0.38461538461538464,0.5789473684210527,0.68,0.6190476190476191,-0.1010526315789474,-0.04096263999527794,0.9013878188659973,0.0,weak_fit,1865.0,0.0,0.6315005215318135
anna_snelling,Anna Snelling,Dustin Brinkmann,Central,account,Isdom,11,7,0.6363636363636364,0.5974702380952381,0.5803571428571429,0.6190476190476191,0.017113095238095233,-0.022439770321092456,0.82915619758885,0.27110027128152325,neutral,12581.0,59.0,0.6315005215318135
anna_snelling,Anna Snelling,Dustin Brinkmann,Central,account,Konmatfix,3,3,1.0,0.6930803571428571,0.65625,0.6190476190476191,0.036830357142857095,0.0731703487265265,0.4330127018922193,2.1455499737918773,insufficient_sample,3562.0,58.0,0.6315005215318135
anna_snelling,Anna Snelling,Dustin Brinkmann,Central,account,Rangreen,12,7,0.5833333333333334,0.6959459459459459,0.75,0.6190476190476191,-0.05405405405405406,0.07603593752961535,0.8660254037844386,0.0,weak_fit,9360.0,54.0,0.6315005215318135
anna_snelling,Anna Snelling,Dustin Brinkmann,Central,account,Ron-tech,14,9,0.6428571428571429,0.6501317996645098,0.6542056074766355,0.6190476190476191,-0.004073807812125629,0.030221791248179253,0.9354143466934853,0.7417510113175566,neutral,8826.0,55.0,0.6315005215318135
anna_snelling,Anna Snelling,Dustin Brinkmann,Central,account,Rundofase,13,10,0.7692307692307693,0.7086074561403509,0.6770833333333334,0.6190476190476191,0.03152412280701755,0.08869744772402033,0.9013878188659973,4.645282882417033,strong_fit,16496.0,54.0,0.6315005215318135
anna_snelling,Anna Snelling,Dustin Brinkmann,Central,account,Scottech,10,8,0.8,0.6738404452690167,0.6233766233766234,0.6190476190476191,0.05046382189239329,0.05393043685268606,0.7905694150420949,4.0854364070725016,strong_fit,5051.0,56.5,0.6315005215318135
anna_snelling,Anna Snelling,Dustin Brinkmann,Central,account,Stanredtax,14,12,0.8571428571428571,0.75,0.69,0.6190476190476191,0.06000000000000005,0.1300899915836694,0.9354143466934853,7.907197509205566,strong_fit,29386.0,290.5,0.6315005215318135
anna_snelling,Anna Snelling,Dustin Brinkmann,Central,account,Statholdings,13,7,0.5384615384615384,0.5337171052631579,0.53125,0.6190476190476191,0.002467105263157854,-0.08619290315317274,0.9013878188659973,0.0,neutral,11071.0,55.0,0.6315005215318135
anna_snelling,Anna Snelling,Dustin Brinkmann,Central,account,Streethex,16,11,0.6875,0.6376641651031895,0.6057692307692307,0.6190476190476191,0.031894934333958735,0.01775415668685887,1.0,2.694566215747378,possible_fit,7848.0,52.5,0.6315005215318135
anna_snelling,Anna Snelling,Dustin Brinkmann,Central,account,Toughzap,4,2,0.5,0.6026272577996715,0.6190476190476191,0.6190476190476191,-0.016420361247947546,-0.01728275061665907,0.5,0.0,insufficient_sample,5158.0,33.0,0.6315005215318135
anna_snelling,Anna Snelling,Dustin Brinkmann,Central,account,Treequote,17,9,0.5294117647058824,0.5792902066486972,0.6132075471698113,0.6190476190476191,-0.03391734052111406,-0.04061980176763336,1.0,0.0,weak_fit,18467.0,44.0,0.6315005215318135
anna_snelling,Anna Snelling,Dustin Brinkmann,Central,account,Warephase,10,6,0.6,0.6664780763790664,0.693069306930693,0.6190476190476191,-0.0265912305516266,0.046568067962735826,0.7905694150420949,0.0,weak_fit,2870.0,52.0,0.6315005215318135
anna_snelling,Anna Snelling,Dustin Brinkmann,Central,account,Zumgoity,3,2,0.6666666666666666,0.6353383458646616,0.631578947368421,0.6190476190476191,0.003759398496240629,0.015428337448331053,0.4330127018922193,0.33963468746977143,insufficient_sample,645.0,51.0,0.6315005215318135
anna_snelling,Anna Snelling,Dustin Brinkmann,Central,account,dambase,16,11,0.6875,0.6301259715893862,0.5934065934065934,0.6190476190476191,0.036719378182792806,0.01021596317305562,1.0,2.7443182929384786,possible_fit,21021.0,320.0,0.6315005215318135
boris_faz,Boris Faz,Rocco Neubert,East,account,Acme Corporation,5,2,0.4,0.5551724137931034,0.5862068965517241,0.6601307189542484,-0.03103448275862064,-0.10093721001754452,0.5590169943749475,0.0,insufficient_sample,9142.0,0.0,0.6315005215318135
boris_faz,Boris Faz,Rocco Neubert,East,account,Betasoloin,5,5,1.0,0.691358024691358,0.6296296296296297,0.6601307189542484,0.061728395061728336,0.03524840088071002,0.5590169943749475,2.932625350964809,insufficient_sample,7661.0,574.0,0.6315005215318135
boris_faz,Boris Faz,Rocco Neubert,East,account,Bioplex,2,2,1.0,0.6980676328502416,0.6739130434782609,0.6601307189542484,0.024154589371980784,0.04195800903959368,0.3535533905932738,1.0742997756525892,insufficient_sample,5324.0,2662.0,0.6315005215318135
boris_faz,Boris Faz,Rocco Neubert,East,account,Bluth Company,3,2,0.6666666666666666,0.5922619047619049,0.5833333333333334,0.6601307189542484,0.008928571428571508,-0.06384771904874309,0.4330127018922193,0.0,insufficient_sample,5335.0,1239.0,0.6315005215318135
boris_faz,Boris Faz,Rocco Neubert,East,account,Bubba Gump,1,1,1.0,0.6794871794871794,0.6666666666666666,0.6601307189542484,0.012820512820512775,0.023377555676531436,0.25,0.41288694550298266,insufficient_sample,54.0,54.0,0.6315005215318135
boris_faz,Boris Faz,Rocco Neubert,East,account,Condax,4,3,0.75,0.6727391021470397,0.660377358490566,0.6601307189542484,0.01236174365647369,0.016629478336391723,0.5,0.6927725397222501,insufficient_sample,5166.0,497.0,0.6315005215318135
boris_faz,Boris Faz,Rocco Neubert,East,account,Donquadtech,9,7,0.7777777777777778,0.73109243697479,0.7142857142857143,0.6601307189542484,0.01680672268907568,0.07498281316414201,0.75,2.787626576651167,possible_fit,34636.0,4155.0,0.6315005215318135
boris_faz,Boris Faz,Rocco Neubert,East,account,Donware,3,2,0.6666666666666666,0.5674603174603174,0.5555555555555556,0.6601307189542484,0.011904761904761862,-0.08864930635033053,0.4330127018922193,0.0,insufficient_sample,2144.0,973.0,0.6315005215318135
boris_faz,Boris Faz,Rocco Neubert,East,account,Ganjaflex,3,3,1.0,0.6547619047619048,0.6133333333333333,0.6601307189542484,0.04142857142857148,-0.0013477190487432011,0.4330127018922193,1.1456160659042582,insufficient_sample,11728.0,5052.0,0.6315005215318135
boris_faz,Boris Faz,Rocco Neubert,East,account,Gekko & Co,6,6,1.0,0.7628083491461101,0.7058823529411765,0.6601307189542484,0.05692599620493355,0.1066987253354621,0.6123724356957945,4.552771752953579,insufficient_sample,13775.0,1132.0,0.6315005215318135
boris_faz,Boris Faz,Rocco Neubert,East,account,Initech,1,0,0.0,0.5647130647130647,0.5873015873015873,0.6601307189542484,-0.02258852258852262,-0.09139655909758326,0.25,0.0,insufficient_sample,0.0,0.0,0.6315005215318135
boris_faz,Boris Faz,Rocco Neubert,East,account,Iselectrics,4,3,0.75,0.6705989110707805,0.6578947368421053,0.6601307189542484,0.012704174228675202,0.014489287260132544,0.5,0.6664481894842635,insufficient_sample,6414.0,560.5,0.6315005215318135
boris_faz,Boris Faz,Rocco Neubert,East,account,Kan-code,9,5,0.5555555555555556,0.5992450456118277,0.6149732620320856,0.6601307189542484,-0.0157282164202579,-0.05686457819882029,0.75,0.0,neutral,10291.0,522.0,0.6315005215318135
boris_faz,Boris Faz,Rocco Neubert,East,account,Kinnamplus,4,3,0.75,0.6596218020022246,0.6451612903225806,0.6601307189542484,0.014460511679644017,0.003512178191576676,0.5,0.5314297479410224,insufficient_sample,6012.0,529.0,0.6315005215318135
boris_faz,Boris Faz,Rocco Neubert,East,account,Konex,12,7,0.5833333333333334,0.6159317211948792,0.631578947368421,0.6601307189542484,-0.01564722617354186,-0.04017790261576881,0.8660254037844386,0.0,neutral,15571.0,538.0,0.6315005215318135
boris_faz,Boris Faz,Rocco Neubert,East,account,Massive Dynamic,3,2,0.6666666666666666,0.6464891041162227,0.6440677966101694,0.6601307189542484,0.002421307506053294,-0.009620519694425234,0.4330127018922193,0.0,insufficient_sample,8510.0,2677.0,0.6315005215318135
boris_faz,Boris Faz,Rocco Neubert,East,account,Mathtouch,9,6,0.6666666666666666,0.6485112563543937,0.6419753086419753,0.6601307189542484,0.0065359477124183885,-0.007598367456254307,0.75,0.11917030525372087,neutral,23628.0,3830.0,0.6315005215318135
boris_faz,Boris Faz,Rocco Neubert,East,account,Ontomedia,5,3,0.6,0.6059523809523809,0.6071428571428571,0.6601307189542484,-0.0011904761904761862,-0.05015724285826706,0.5590169943749475,0.0,insufficient_sample,2163.0,53.0,0.6315005215318135
boris_faz,Boris Faz,Rocco Neubert,East,account,Opentech,3,1,0.3333333333333333,0.5714285714285714,0.6,0.6601307189542484,-0.02857142857142858,-0.08468105238207657,0.4330127018922193,0.0,insufficient_sample,4704.0,0.0,0.6315005215318135
boris_faz,Boris Faz,Rocco Neubert,East,account,Plussunin,8,3,0.375,0.5487845487845487,0.6043956043956044,0.6601307189542484,-0.055611055611055615,-0.10732507502609923,0.7071067811865476,0.0,weak_fit,8139.0,0.0,0.6315005215318135
boris_faz,Boris Faz,Rocco Neubert,East,account,Silis,4,4,1.0,0.6168582375478927,0.5555555555555556,0.6601307189542484,0.06130268199233713,-0.03925138626275526,0.5,1.3054379051527394,insufficient_sample,2220.0,551.0,0.6315005215318135
boris_faz,Boris Faz,Rocco Neubert,East,account,Sumace,3,2,0.6666666666666666,0.5722996515679443,0.5609756097560976,0.6601307189542484,0.011324041811846652,-0.0838099722427037,0.4330127018922193,0.0,insufficient_sample,5751.0,1106.0,0.6315005215318135
boris_faz,Boris Faz,Rocco Neubert,East,account,The New York Inquirer,3,0,0.0,0.5681818181818181,0.6363636363636364,0.6601307189542484,-0.06818181818181823,-0.08792780562882985,0.4330127018922193,0.0,insufficient_sample,0.0,0.0,0.6315005215318135
boris_faz,Boris Faz,Rocco Neubert,East,account,Umbrella Corporation,9,4,0.4444444444444444,0.5760122230710466,0.6233766233766234,0.6601307189542484,-0.04736440030557676,-0.08009740073960137,0.75,0.0,weak_fit,9945.0,0.0,0.6315005215318135
boris_faz,Boris Faz,Rocco Neubert,East,account,Vehement Capital Partners,5,1,0.2,0.5304093567251462,0.5964912280701754,0.6601307189542484,-0.06608187134502919,-0.12570026708550175,0.5590169943749475,0.0,insufficient_sample,2819.0,0.0,0.6315005215318135
boris_faz,Boris Faz,Rocco Neubert,East,account,Xx-zobam,4,1,0.25,0.5122559202326548,0.5542168674698795,0.6601307189542484,-0.041960947237224766,-0.1438537035779932,0.5,0.0,insufficient_sample,4401.0,0.0,0.6315005215318135
boris_faz,Boris Faz,Rocco Neubert,East,account,Yearin,6,4,0.6666666666666666,0.6474654377880185,0.6428571428571429,0.6601307189542484,0.004608294930875556,-0.008644186022629508,0.6123724356957945,0.0,insufficient_sample,13514.0,1098.0,0.6315005215318135
boris_faz,Boris Faz,Rocco Neubert,East,account,Zathunicon,5,4,0.8,0.6782051282051282,0.6538461538461539,0.6601307189542484,0.024358974358974383,0.02209550439448027,0.5590169943749475,1.3174219270466958,insufficient_sample,2399.0,457.0,0.6315005215318135
boris_faz,Boris Faz,Rocco Neubert,East,account,Zencorporation,4,4,1.0,0.7306034482758621,0.6875,0.6601307189542484,0.0431034482758621,0.07449382446521413,0.5,2.7045039971067655,insufficient_sample,7353.0,555.0,0.6315005215318135
boris_faz,Boris Faz,Rocco Neubert,East,account,Zotware,11,11,1.0,0.7718253968253967,0.6714285714285714,0.6601307189542484,0.10039682539682537,0.11571577301474878,0.82915619758885,8.769028012130246,strong_fit,32832.0,3138.0,0.6315005215318135
cassey_cress,Cassey Cress,Rocco Neubert,East,account,Acme Corporation,6,5,0.8333333333333334,0.6340378197997775,0.5862068965517241,0.6245210727969349,0.04783092324805338,0.008906655330213287,0.6123724356957945,2.0947686907605854,insufficient_sample,14617.0,1161.0,0.6315005215318135
cassey_cress,Cassey Cress,Rocco Neubert,East,account,Betasoloin,10,6,0.6,0.6211640211640211,0.6296296296296297,0.6245210727969349,-0.00846560846560851,-0.003967143305543042,0.7905694150420949,0.0,neutral,13982.0,801.0,0.6315005215318135
cassey_cress,Cassey Cress,Rocco Neubert,East,account,Bioplex,5,4,0.8,0.6949275362318841,0.6739130434782609,0.6245210727969349,0.021014492753623215,0.0697963717623199,0.5590169943749475,2.1291923361635945,insufficient_sample,13976.0,2993.0,0.6315005215318135
cassey_cress,Cassey Cress,Rocco Neubert,East,account,Bluth Company,6,3,0.5,0.5672043010752689,0.5833333333333334,0.6245210727969349,-0.016129032258064502,-0.057926863394295314,0.6123724356957945,0.0,insufficient_sample,6163.0,283.0,0.6315005215318135
cassey_cress,Cassey Cress,Rocco Neubert,East,account,Bubba Gump,13,9,0.6923076923076923,0.6754385964912281,0.6666666666666666,0.6245210727969349,0.00877192982456143,0.05030743202166388,0.9013878188659973,2.101076919763952,possible_fit,18345.0,606.0,0.6315005215318135
cassey_cress,Cassey Cress,Rocco Neubert,East,account,Condax,5,2,0.4,0.6169811320754717,0.660377358490566,0.6245210727969349,-0.04339622641509433,-0.00815003239409251,0.5590169943749475,0.0,insufficient_sample,9021.0,0.0,0.6315005215318135
cassey_cress,Cassey Cress,Rocco Neubert,East,account,Donquadtech,10,8,0.8,0.7387755102040816,0.7142857142857143,0.6245210727969349,0.024489795918367308,0.11364434573451743,0.7905694150420949,4.402988473745721,strong_fit,19016.0,580.5,0.6315005215318135
cassey_cress,Cassey Cress,Rocco Neubert,East,account,Donware,11,5,0.45454545454545453,0.5246913580246914,0.5555555555555556,0.6245210727969349,-0.030864197530864224,-0.10043980644487283,0.82915619758885,0.0,weak_fit,9042.0,0.0,0.6315005215318135
cassey_cress,Cassey Cress,Rocco Neubert,East,account,Ganjaflex,12,7,0.5833333333333334,0.6036036036036035,0.6133333333333333,0.6245210727969349,-0.009729729729729741,-0.021527560865960638,0.8660254037844386,0.0,neutral,19722.0,751.5,0.6315005215318135
cassey_cress,Cassey Cress,Rocco Neubert,East,account,Gekko & Co,9,6,0.6666666666666666,0.6955017301038062,0.7058823529411765,0.6245210727969349,-0.01038062283737029,0.07037056563424204,0.75,1.3411719845770518,neutral,11156.0,1027.0,0.6315005215318135
cassey_cress,Cassey Cress,Rocco Neubert,East,account,Initech,10,7,0.7,0.6195011337868481,0.5873015873015873,0.6245210727969349,0.0321995464852608,-0.0056300306827160584,0.7905694150420949,1.4988559286931333,neutral,20606.0,2207.0,0.6315005215318135
cassey_cress,Cassey Cress,Rocco Neubert,East,account,Iselectrics,8,4,0.5,0.6196172248803828,0.6578947368421053,0.6245210727969349,-0.038277511961722466,-0.005513939589181338,0.7071067811865476,0.0,weak_fit,4489.0,28.5,0.6315005215318135
cassey_cress,Cassey Cress,Rocco Neubert,East,account,Kan-code,11,7,0.6363636363636364,0.6215092097445039,0.6149732620320856,0.6245210727969349,0.006535947712418277,-0.003621954725060328,0.82915619758885,0.24714508366798865,neutral,21860.0,907.0,0.6315005215318135
cassey_cress,Cassey Cress,Rocco Neubert,East,account,Kinnamplus,8,3,0.375,0.5796676441837733,0.6451612903225806,0.6245210727969349,-0.06549364613880737,-0.045463520285790926,0.7071067811865476,0.0,weak_fit,11983.0,0.0,0.6315005215318135
cassey_cress,Cassey Cress,Rocco Neubert,East,account,Konex,7,4,0.5714285714285714,0.618421052631579,0.631578947368421,0.6245210727969349,-0.013157894736842035,-0.0067101118379852,0.6614378277661477,0.0,insufficient_sample,4213.0,59.0,0.6315005215318135
cassey_cress,Cassey Cress,Rocco Neubert,East,account,Massive Dynamic,10,8,0.8,0.6886198547215496,0.6440677966101694,0.6245210727969349,0.04455205811138019,0.06348869025198545,0.7905694150420949,4.046124728802822,strong_fit,26619.0,2777.0,0.6315005215318135
cassey_cress,Cassey Cress,Rocco Neubert,East,account,Mathtouch,8,4,0.5,0.6075570520014965,0.6419753086419753,0.6245210727969349,-0.03441825664047882,-0.017574112468067726,0.7071067811865476,0.0,weak_fit,11278.0,26.5,0.6315005215318135
cassey_cress,Cassey Cress,Rocco Neubert,East,account,Ontomedia,7,6,0.8571428571428571,0.6618303571428571,0.6071428571428571,0.6245210727969349,0.0546875,0.03669919267329291,0.6614378277661477,3.2008029782782743,insufficient_sample,26136.0,5026.0,0.6315005215318135
cassey_cress,Cassey Cress,Rocco Neubert,East,account,Opentech,12,6,0.5,0.5675675675675675,0.6,0.6245210727969349,-0.032432432432432434,-0.05756359690199664,0.8660254037844386,0.0,weak_fit,14409.0,24.0,0.6315005215318135
cassey_cress,Cassey Cress,Rocco Neubert,East,account,Plussunin,14,13,0.9285714285714286,0.7207664130741054,0.6043956043956044,0.6245210727969349,0.11637080867850103,0.0956352486045412,0.9354143466934853,10.206620484122528,strong_fit,40133.0,2265.5,0.6315005215318135
cassey_cress,Cassey Cress,Rocco Neubert,East,account,Silis,8,4,0.5,0.5420875420875421,0.5555555555555556,0.6245210727969349,-0.013468013468013518,-0.08304362238202212,0.7071067811865476,0.0,neutral,11198.0,238.5,0.6315005215318135
cassey_cress,Cassey Cress,Rocco Neubert,East,account,Sumace,7,5,0.7142857142857143,0.5945121951219512,0.5609756097560976,0.6245210727969349,0.03353658536585358,-0.03061896934761299,0.6614378277661477,0.7330147413001521,insufficient_sample,16767.0,2871.0,0.6315005215318135
cassey_cress,Cassey Cress,Rocco Neubert,East,account,The New York Inquirer,7,5,0.7142857142857143,0.6534090909090908,0.6363636363636364,0.6245210727969349,0.017045454545454475,0.028277926439526646,0.6614378277661477,1.3874862061352808,insufficient_sample,18576.0,3508.0,0.6315005215318135
cassey_cress,Cassey Cress,Rocco Neubert,East,account,Umbrella Corporation,12,7,0.5833333333333334,0.6103896103896104,0.6233766233766234,0.6245210727969349,-0.012987012987012991,-0.014741554079953811,0.8660254037844386,0.0,neutral,26328.0,1968.5,0.6315005215318135
cassey_cress,Cassey Cress,Rocco Neubert,East,account,Vehement Capital Partners,7,5,0.7142857142857143,0.6222587719298245,0.5964912280701754,0.6245210727969349,0.025767543859649078,-0.0028723925397396988,0.6614378277661477,1.0413390175614907,insufficient_sample,19378.0,3087.0,0.6315005215318135
cassey_cress,Cassey Cress,Rocco Neubert,East,account,Xx-zobam,10,4,0.4,0.5101549053356281,0.5542168674698795,0.6245210727969349,-0.0440619621342514,-0.11497625913393605,0.7905694150420949,0.0,weak_fit,10209.0,0.0,0.6315005215318135
cassey_cress,Cassey Cress,Rocco Neubert,East,account,Yearin,5,4,0.8,0.6690476190476191,0.6428571428571429,0.6245210727969349,0.02619047619047621,0.04391645457805493,0.5590169943749475,1.8109114387451468,insufficient_sample,8082.0,904.0,0.6315005215318135
cassey_cress,Cassey Cress,Rocco Neubert,East,account,Zathunicon,9,5,0.5555555555555556,0.6278280542986425,0.6538461538461539,0.6245210727969349,-0.02601809954751133,0.0026968898290783416,0.75,0.0,weak_fit,6516.0,50.0,0.6315005215318135
cassey_cress,Cassey Cress,Rocco Neubert,East,account,Zencorporation,8,4,0.5,0.6420454545454546,0.6875,0.6245210727969349,-0.045454545454545414,0.016914290075890404,0.7071067811865476,0.0,weak_fit,11242.0,283.5,0.6315005215318135
cassey_cress,Cassey Cress,Rocco Neubert,East,account,Zotware,6,3,0.5,0.6382488479262672,0.6714285714285714,0.6245210727969349,-0.03317972350230414,0.013117683456703055,0.6123724356957945,0.0,insufficient_sample,5427.0,293.0,0.6315005215318135
cecily_lampkin,Cecily Lampkin,Dustin Brinkmann,Central,account,Betatech,6,3,0.5,0.5937734433608403,0.6162790697674418,0.66875,-0.022505626406601587,-0.06994284333264811,0.6123724356957945,0.0,insufficient_sample,7262.0,230.0,0.6315005215318135
cecily_lampkin,Cecily Lampkin,Dustin Brinkmann,Central,account,Bioholding,5,4,0.8,0.6235294117647059,0.5882352941176471,0.66875,0.03529411764705881,-0.04018687492878248,0.5590169943749475,0.4961706405410026,insufficient_sample,1324.0,59.0,0.6315005215318135
cecily_lampkin,Cecily Lampkin,Dustin Brinkmann,Central,account,Cancity,4,2,0.5,0.5787912495365221,0.5913978494623656,0.66875,-0.012606599925843565,-0.08492503715696631,0.5,0.0,insufficient_sample,5735.0,493.0,0.6315005215318135
cecily_lampkin,Cecily Lampkin,Dustin Brinkmann,Central,account,Codehow,5,5,1.0,0.6794871794871795,0.6153846153846154,0.66875,0.0641025641025641,0.01577089279369115,0.5590169943749475,2.637804374647137,insufficient_sample,7765.0,1056.0,0.6315005215318135
cecily_lampkin,Cecily Lampkin,Dustin Brinkmann,Central,account,Condax,2,1,0.5,0.6484975541579315,0.660377358490566,0.66875,-0.01187980433263447,-0.015218732535556834,0.3535533905932738,0.0,insufficient_sample,47.0,23.5,0.6315005215318135
cecily_lampkin,Cecily Lampkin,Dustin Brinkmann,Central,account,Conecom,4,2,0.5,0.5979623824451411,0.6136363636363636,0.66875,-0.01567398119122254,-0.06575390424834726,0.5,0.0,insufficient_sample,6250.0,248.5,0.6315005215318135
cecily_lampkin,Cecily Lampkin,Dustin Brinkmann,Central,account,Domzoom,5,4,0.8,0.6995726495726496,0.6794871794871795,0.66875,0.020085470085470125,0.035856362879161274,0.5590169943749475,1.4313788098635989,insufficient_sample,10968.0,3343.0,0.6315005215318135
cecily_lampkin,Cecily Lampkin,Dustin Brinkmann,Central,account,Dontechi,7,6,0.8571428571428571,0.6549145299145299,0.5982905982905983,0.66875,0.056623931623931645,-0.008801756778958447,0.6614378277661477,2.230695150685286,insufficient_sample,4383.0,63.0,0.6315005215318135
cecily_lampkin,Cecily Lampkin,Dustin Brinkmann,Central,account,Finhigh,5,4,0.8,0.6172043010752688,0.5806451612903226,0.66875,0.03655913978494618,-0.046511985618219565,0.5590169943749475,0.4183820644736457,insufficient_sample,7510.0,610.0,0.6315005215318135
cecily_lampkin,Cecily Lampkin,Dustin Brinkmann,Central,account,Funholding,5,3,0.6,0.5966329966329965,0.5959595959595959,0.66875,0.0006734006734006037,-0.06708329006049185,0.5590169943749475,0.0,insufficient_sample,6687.0,51.0,0.6315005215318135
cecily_lampkin,Cecily Lampkin,Dustin Brinkmann,Central,account,Genco Pura Olive Oil Company,6,2,0.3333333333333333,0.5650723025583982,0.6206896551724138,0.66875,-0.05561735261401557,-0.09864398413509012,0.6123724356957945,0.0,insufficient_sample,6566.0,0.0,0.6315005215318135
cecily_lampkin,Cecily Lampkin,Dustin Brinkmann,Central,account,Globex Corporation,5,3,0.6,0.5901960784313726,0.5882352941176471,0.66875,0.0019607843137254832,-0.0735202082621158,0.5590169943749475,0.0,insufficient_sample,11239.0,3164.0,0.6315005215318135
cecily_lampkin,Cecily Lampkin,Dustin Brinkmann,Central,account,Gogozoom,2,1,0.5,0.6839167935058347,0.6986301369863014,0.66875,-0.014713343480466712,0.02020050681234631,0.3535533905932738,0.0,insufficient_sample,5520.0,2760.0,0.6315005215318135
cecily_lampkin,Cecily Lampkin,Dustin Brinkmann,Central,account,Hottechi,8,4,0.5,0.5569163133929974,0.5751295336787565,0.66875,-0.018213220285759113,-0.10679997330049096,0.7071067811865476,0.0,neutral,9633.0,564.5,0.6315005215318135
cecily_lampkin,Cecily Lampkin,Dustin Brinkmann,Central,account,Inity,4,4,1.0,0.7241379310344828,0.68,0.66875,0.044137931034482714,0.060421644340994396,0.5,2.4918615345880903,insufficient_sample,10997.0,2435.0,0.6315005215318135
cecily_lampkin,Cecily Lampkin,Dustin Brinkmann,Central,account,Isdom,12,8,0.6666666666666666,0.6083494208494209,0.5803571428571429,0.66875,0.027992277992277992,-0.05536686584406747,0.8660254037844386,0.0,neutral,27037.0,1706.5,0.6315005215318135
cecily_lampkin,Cecily Lampkin,Dustin Brinkmann,Central,account,Konmatfix,4,4,1.0,0.7036637931034483,0.65625,0.66875,0.04741379310344829,0.03994750640995992,0.5,2.240029638036368,insufficient_sample,5776.0,300.0,0.6315005215318135
cecily_lampkin,Cecily Lampkin,Dustin Brinkmann,Central,account,Rangreen,5,3,0.6,0.725,0.75,0.66875,-0.025000000000000022,0.06128371330651161,0.5590169943749475,0.2906496867266828,insufficient_sample,5560.0,1168.0,0.6315005215318135
cecily_lampkin,Cecily Lampkin,Dustin Brinkmann,Central,account,Ron-tech,3,2,0.6666666666666666,0.6555407209612817,0.6542056074766355,0.66875,0.001335113484646211,-0.00817556573220668,0.4330127018922193,0.0,insufficient_sample,1141.0,62.0,0.6315005215318135
cecily_lampkin,Cecily Lampkin,Dustin Brinkmann,Central,account,Rundofase,6,6,1.0,0.7395833333333334,0.6770833333333334,0.66875,0.0625,0.075867046639845,0.6123724356957945,4.113824104910256,insufficient_sample,8940.0,832.0,0.6315005215318135
cecily_lampkin,Cecily Lampkin,Dustin Brinkmann,Central,account,Scottech,7,3,0.42857142857142855,0.580762987012987,0.6233766233766234,0.66875,-0.042613636363636354,-0.08295329968050136,0.6614378277661477,0.0,insufficient_sample,6820.0,0.0,0.6315005215318135
cecily_lampkin,Cecily Lampkin,Dustin Brinkmann,Central,account,Stanredtax,5,5,1.0,0.7416666666666667,0.69,0.66875,0.05166666666666675,0.07795037997317833,0.5590169943749475,3.4025109554138946,insufficient_sample,6112.0,966.0,0.6315005215318135
cecily_lampkin,Cecily Lampkin,Dustin Brinkmann,Central,account,Statholdings,4,3,0.75,0.5614224137931034,0.53125,0.66875,0.030172413793103425,-0.10229387290038494,0.5,0.0,insufficient_sample,6199.0,522.5,0.6315005215318135
cecily_lampkin,Cecily Lampkin,Dustin Brinkmann,Central,account,Streethex,9,4,0.4444444444444444,0.5630656108597284,0.6057692307692307,0.66875,-0.04270361990950233,-0.10065067583375997,0.75,0.0,weak_fit,9718.0,0.0,0.6315005215318135
cecily_lampkin,Cecily Lampkin,Dustin Brinkmann,Central,account,Toughzap,5,4,0.8,0.6492063492063491,0.6190476190476191,0.66875,0.03015873015873005,-0.014509937487139246,0.5590169943749475,0.8119552171953796,insufficient_sample,5048.0,541.0,0.6315005215318135
cecily_lampkin,Cecily Lampkin,Dustin Brinkmann,Central,account,Treequote,7,4,0.5714285714285714,0.6040683962264151,0.6132075471698113,0.66875,-0.009139150943396235,-0.059647890467073306,0.6614378277661477,0.0,insufficient_sample,10269.0,66.0,0.6315005215318135
cecily_lampkin,Cecily Lampkin,Dustin Brinkmann,Central,account,Warephase,8,6,0.75,0.7068706870687068,0.693069306930693,0.66875,0.013801380138013797,0.04315440037521845,0.7071067811865476,1.7023551365634566,possible_fit,18632.0,3134.5,0.6315005215318135
cecily_lampkin,Cecily Lampkin,Dustin Brinkmann,Central,account,Zumgoity,5,3,0.6,0.6263157894736843,0.631578947368421,0.66875,-0.0052631578947367474,-0.037400497219804096,0.5590169943749475,0.0,insufficient_sample,8983.0,568.0,0.6315005215318135
cecily_lampkin,Cecily Lampkin,Dustin Brinkmann,Central,account,dambase,7,4,0.5714285714285714,0.5885989010989011,0.5934065934065934,0.66875,-0.004807692307692291,-0.07511738559458725,0.6614378277661477,0.0,insufficient_sample,7679.0,51.0,0.6315005215318135
corliss_cosme,Corliss Cosme,Cara Losch,East,account,Acme Corporation,3,1,0.3333333333333333,0.5591133004926108,0.5862068965517241,0.6550218340611353,-0.027093596059113323,-0.09359344375264644,0.4330127018922193,0.0,insufficient_sample,577.0,0.0,0.6315005215318135
corliss_cosme,Corliss Cosme,Cara Losch,East,account,Betasoloin,6,5,0.8333333333333334,0.6690561529271206,0.6296296296296297,0.6550218340611353,0.03942652329749097,0.01634940868186341,0.6123724356957945,1.9197589992600528,insufficient_sample,18905.0,3682.0,0.6315005215318135
corliss_cosme,Corliss Cosme,Cara Losch,East,account,Bioplex,3,2,0.6666666666666666,0.6731366459627329,0.6739130434782609,0.6550218340611353,-0.0007763975155279379,0.020429901717475718,0.4330127018922193,0.28777189388650753,insufficient_sample,1017.0,62.0,0.6315005215318135
corliss_cosme,Corliss Cosme,Cara Losch,East,account,Bluth Company,6,4,0.6666666666666666,0.5994623655913979,0.5833333333333334,0.6550218340611353,0.016129032258064502,-0.05324437865385934,0.6123724356957945,0.0,insufficient_sample,1773.0,304.5,0.6315005215318135
corliss_cosme,Corliss Cosme,Cara Losch,East,account,Bubba Gump,5,5,1.0,0.7222222222222221,0.6666666666666666,0.6550218340611353,0.05555555555555547,0.06951547797696489,0.5590169943749475,3.378784154330034,insufficient_sample,8637.0,1046.0,0.6315005215318135
corliss_cosme,Corliss Cosme,Cara Losch,East,account,Condax,4,3,0.75,0.6727391021470397,0.660377358490566,0.6550218340611353,0.01236174365647369,0.020032357901782483,0.5,0.7523229321165883,insufficient_sample,6866.0,819.0,0.6315005215318135
corliss_cosme,Corliss Cosme,Cara Losch,East,account,Donquadtech,12,9,0.75,0.7258687258687259,0.7142857142857143,0.6550218340611353,0.01158301158301156,0.07316198162346865,0.8660254037844386,2.869631562108826,possible_fit,20277.0,1015.5,0.6315005215318135
corliss_cosme,Corliss Cosme,Cara Losch,East,account,Donware,6,3,0.5,0.5448028673835126,0.5555555555555556,0.6550218340611353,-0.010752688172043001,-0.10790387686174463,0.6123724356957945,0.0,insufficient_sample,6600.0,265.0,0.6315005215318135
corliss_cosme,Corliss Cosme,Cara Losch,East,account,Ganjaflex,14,9,0.6428571428571429,0.6239316239316239,0.6133333333333333,0.6550218340611353,0.01059829059829065,-0.028775120313633273,0.9354143466934853,0.0,neutral,26604.0,537.5,0.6315005215318135
corliss_cosme,Corliss Cosme,Cara Losch,East,account,Gekko & Co,11,10,0.9090909090909091,0.7679738562091504,0.7058823529411765,0.6550218340611353,0.06209150326797386,0.11526711196389317,0.82915619758885,6.691536468102221,strong_fit,30993.0,3351.0,0.6315005215318135
corliss_cosme,Corliss Cosme,Cara Losch,East,account,Initech,8,7,0.875,0.6570466570466571,0.5873015873015873,0.6550218340611353,0.06974506974506978,0.004339912801399892,0.7071067811865476,3.313026127126377,possible_fit,17343.0,1155.0,0.6315005215318135
corliss_cosme,Corliss Cosme,Cara Losch,East,account,Iselectrics,4,3,0.75,0.6705989110707805,0.6578947368421053,0.6550218340611353,0.012704174228675202,0.017892166825523304,0.5,0.7259985818786019,insufficient_sample,11748.0,3054.0,0.6315005215318135
corliss_cosme,Corliss Cosme,Cara Losch,East,account,Kan-code,12,4,0.3333333333333333,0.5236305824541119,0.6149732620320856,0.6550218340611353,-0.0913426795779737,-0.12907616179114534,0.8660254037844386,0.0,weak_fit,15912.0,0.0,0.6315005215318135
corliss_cosme,Corliss Cosme,Cara Losch,East,account,Kinnamplus,8,7,0.875,0.7008797653958945,0.6451612903225806,0.6550218340611353,0.055718475073313845,0.04817302115063726,0.7071067811865476,3.75315069891645,strong_fit,17639.0,905.0,0.6315005215318135
corliss_cosme,Corliss Cosme,Cara Losch,East,account,Konex,15,10,0.6666666666666666,0.6447368421052632,0.631578947368421,0.6550218340611353,0.013157894736842146,-0.007969902139994045,0.9682458365518543,0.5580161320206495,neutral,31998.0,1105.0,0.6315005215318135
corliss_cosme,Corliss Cosme,Cara Losch,East,account,Massive Dynamic,4,4,1.0,0.6931618936294563,0.6440677966101694,0.6550218340611353,0.04909409701928691,0.04045514938419914,0.5,2.303523267350309,insufficient_sample,1656.0,286.5,0.6315005215318135
corliss_cosme,Corliss Cosme,Cara Losch,East,account,Mathtouch,6,5,0.8333333333333334,0.6790123456790124,0.6419753086419753,0.6550218340611353,0.03703703703703709,0.026305601433755155,0.6123724356957945,2.0380388205712743,insufficient_sample,11221.0,817.5,0.6315005215318135
corliss_cosme,Corliss Cosme,Cara Losch,East,account,Ontomedia,8,6,0.75,0.6417748917748918,0.6071428571428571,0.6550218340611353,0.03463203463203468,-0.010931852470365433,0.7071067811865476,1.3212059793035196,neutral,25350.0,4242.5,0.6315005215318135
corliss_cosme,Corliss Cosme,Cara Losch,East,account,Opentech,3,3,1.0,0.6428571428571429,0.6,0.6550218340611353,0.04285714285714293,-0.009849601388114304,0.4330127018922193,1.056974581719893,insufficient_sample,11915.0,5069.0,0.6315005215318135
corliss_cosme,Corliss Cosme,Cara Losch,East,account,Plussunin,11,3,0.2727272727272727,0.503052503052503,0.6043956043956044,0.6550218340611353,-0.10134310134310132,-0.14965424119275417,0.82915619758885,0.0,weak_fit,10568.0,0.0,0.6315005215318135
corliss_cosme,Corliss Cosme,Cara Losch,East,account,Silis,9,4,0.4444444444444444,0.5261437908496732,0.5555555555555556,0.6550218340611353,-0.02941176470588236,-0.126562953395584,0.75,0.0,weak_fit,12895.0,0.0,0.6315005215318135
corliss_cosme,Corliss Cosme,Cara Losch,East,account,Sumace,8,3,0.375,0.515890613451589,0.5609756097560976,0.6550218340611353,-0.04508499630450857,-0.13681613079366817,0.7071067811865476,0.0,weak_fit,5554.0,0.0,0.6315005215318135
corliss_cosme,Corliss Cosme,Cara Losch,East,account,The New York Inquirer,6,6,1.0,0.7067448680351905,0.6363636363636364,0.6550218340611353,0.07038123167155419,0.054038123789933334,0.6123724356957945,3.959670219287207,insufficient_sample,14890.0,2168.5,0.6315005215318135
corliss_cosme,Corliss Cosme,Cara Losch,East,account,Umbrella Corporation,11,8,0.7272727272727273,0.6551226551226551,0.6233766233766234,0.6550218340611353,0.031746031746031744,0.0024159108773978977,0.82915619758885,1.7810680948084368,possible_fit,31686.0,3113.0,0.6315005215318135
corliss_cosme,Corliss Cosme,Cara Losch,East,account,Vehement Capital Partners,6,3,0.5,0.5778155065082059,0.5964912280701754,0.6550218340611353,-0.018675721561969505,-0.07489123773705131,0.6123724356957945,0.0,insufficient_sample,5966.0,270.0,0.6315005215318135
corliss_cosme,Corliss Cosme,Cara Losch,East,account,Xx-zobam,11,7,0.6363636363636364,0.5793172690763052,0.5542168674698795,0.6550218340611353,0.025100401606425682,-0.073389475168952,0.82915619758885,0.0,neutral,26246.0,1257.0,0.6315005215318135
corliss_cosme,Corliss Cosme,Cara Losch,East,account,Yearin,5,2,0.4,0.6023809523809525,0.6428571428571429,0.6550218340611353,-0.04047619047619044,-0.05032579186430475,0.5590169943749475,0.0,insufficient_sample,4554.0,0.0,0.6315005215318135
corliss_cosme,Corliss Cosme,Cara Losch,East,account,Zathunicon,6,3,0.5,0.6240694789081886,0.6538461538461539,0.6550218340611353,-0.02977667493796521,-0.028637265337068563,0.6123724356957945,0.0,insufficient_sample,2137.0,245.5,0.6315005215318135
corliss_cosme,Corliss Cosme,Cara Losch,East,account,Zencorporation,6,4,0.6666666666666666,0.6834677419354839,0.6875,0.6550218340611353,-0.0040322580645161255,0.030760997690226666,0.6123724356957945,0.49880070779897456,insufficient_sample,15226.0,2153.0,0.6315005215318135
corliss_cosme,Corliss Cosme,Cara Losch,East,account,Zotware,12,7,0.5833333333333334,0.6428571428571428,0.6714285714285714,0.6550218340611353,-0.02857142857142858,-0.009849601388114415,0.8660254037844386,0.0,weak_fit,24283.0,522.0,0.6315005215318135
daniell_hammack,Daniell Hammack,Rocco Neubert,East,account,Acme Corporation,8,7,0.875,0.6562173458725182,0.5862068965517241,0.6096256684491979,0.07001044932079414,0.044012095691879805,0.7071067811865476,4.307059921590874,strong_fit,27738.0,4267.0,0.6315005215318135
daniell_hammack,Daniell Hammack,Rocco Neubert,East,account,Betasoloin,5,2,0.4,0.591358024691358,0.6296296296296297,0.6096256684491979,-0.03827160493827164,-0.02084722548928042,0.5590169943749475,0.0,insufficient_sample,9674.0,0.0,0.6315005215318135
daniell_hammack,Daniell Hammack,Rocco Neubert,East,account,Bioplex,5,4,0.8,0.6949275362318841,0.6739130434782609,0.6096256684491979,0.021014492753623215,0.08272228605124565,0.5590169943749475,2.382095537600616,insufficient_sample,12823.0,2682.0,0.6315005215318135
daniell_hammack,Daniell Hammack,Rocco Neubert,East,account,Bluth Company,5,3,0.6,0.5861111111111111,0.5833333333333334,0.6096256684491979,0.002777777777777768,-0.02609413906952729,0.5590169943749475,0.0,insufficient_sample,5486.0,1097.0,0.6315005215318135
daniell_hammack,Daniell Hammack,Rocco Neubert,East,account,Bubba Gump,8,3,0.375,0.5959595959595959,0.6666666666666666,0.6096256684491979,-0.07070707070707072,-0.016245654221042516,0.7071067811865476,0.0,weak_fit,6194.0,0.0,0.6315005215318135
daniell_hammack,Daniell Hammack,Rocco Neubert,East,account,Condax,5,3,0.6,0.650314465408805,0.660377358490566,0.6096256684491979,-0.010062893081761004,0.03810921522816657,0.5590169943749475,0.3799831274759561,insufficient_sample,10092.0,526.0,0.6315005215318135
daniell_hammack,Daniell Hammack,Rocco Neubert,East,account,Donquadtech,6,3,0.5,0.6728110599078341,0.7142857142857143,0.6096256684491979,-0.04147465437788023,0.06060580972719565,0.6123724356957945,0.0,insufficient_sample,11229.0,510.0,0.6315005215318135
daniell_hammack,Daniell Hammack,Rocco Neubert,East,account,Donware,5,2,0.4,0.5296296296296297,0.5555555555555556,0.6096256684491979,-0.025925925925925908,-0.08257562055100875,0.5590169943749475,0.0,insufficient_sample,7074.0,0.0,0.6315005215318135
daniell_hammack,Daniell Hammack,Rocco Neubert,East,account,Ganjaflex,9,4,0.4444444444444444,0.5686274509803921,0.6133333333333333,0.6096256684491979,-0.04470588235294115,-0.04357779920024629,0.75,0.0,weak_fit,10465.0,0.0,0.6315005215318135
daniell_hammack,Daniell Hammack,Rocco Neubert,East,account,Gekko & Co,7,5,0.7142857142857143,0.7077205882352942,0.7058823529411765,0.6096256684491979,0.0018382352941176405,0.09551533805465573,0.6614378277661477,2.290243113633901,insufficient_sample,16680.0,1267.0,0.6315005215318135
daniell_hammack,Daniell Hammack,Rocco Neubert,East,account,Initech,8,6,0.75,0.6267436267436268,0.5873015873015873,0.6096256684491979,0.0394420394420395,0.014538376562988398,0.7071067811865476,2.172639143893715,possible_fit,13895.0,935.5,0.6315005215318135
daniell_hammack,Daniell Hammack,Rocco Neubert,East,account,Iselectrics,5,4,0.8,0.6815789473684212,0.6578947368421053,0.6096256684491979,0.023684210526315863,0.06937369718778275,0.5590169943749475,2.2179296010374197,insufficient_sample,8629.0,1111.0,0.6315005215318135
daniell_hammack,Daniell Hammack,Rocco Neubert,East,account,Kan-code,10,6,0.6,0.6106951871657754,0.6149732620320856,0.6096256684491979,-0.004278074866310155,-0.0015100630148630056,0.7905694150420949,0.0,neutral,21385.0,676.5,0.6315005215318135
daniell_hammack,Daniell Hammack,Rocco Neubert,East,account,Kinnamplus,5,3,0.6,0.6376344086021505,0.6451612903225806,0.6096256684491979,-0.007526881720430145,0.025429158421512055,0.5590169943749475,0.22403904809564315,insufficient_sample,11881.0,1224.0,0.6315005215318135
daniell_hammack,Daniell Hammack,Rocco Neubert,East,account,Konex,11,8,0.7272727272727273,0.6608187134502924,0.631578947368421,0.6096256684491979,0.0292397660818714,0.04861346326965399,0.82915619758885,2.9866670645542777,possible_fit,27437.0,1189.0,0.6315005215318135
daniell_hammack,Daniell Hammack,Rocco Neubert,East,account,Massive Dynamic,8,2,0.25,0.5485362095531586,0.6440677966101694,0.6096256684491979,-0.09553158705701081,-0.0636690406274798,0.7071067811865476,0.0,weak_fit,1567.0,0.0,0.6315005215318135
daniell_hammack,Daniell Hammack,Rocco Neubert,East,account,Mathtouch,9,7,0.7777777777777778,0.677923021060276,0.6419753086419753,0.6096256684491979,0.03594771241830075,0.0657177708796376,0.75,3.4775424659826486,possible_fit,27511.0,3729.0,0.6315005215318135
daniell_hammack,Daniell Hammack,Rocco Neubert,East,account,Ontomedia,7,6,0.8571428571428571,0.6618303571428571,0.6071428571428571,0.6096256684491979,0.0546875,0.04962510696221867,0.6614378277661477,3.500042081698821,insufficient_sample,20244.0,4506.0,0.6315005215318135
daniell_hammack,Daniell Hammack,Rocco Neubert,East,account,Opentech,4,2,0.5,0.5862068965517241,0.6,0.6096256684491979,-0.01379310344827589,-0.02599835362891434,0.5,0.0,insufficient_sample,7140.0,558.0,0.6315005215318135
daniell_hammack,Daniell Hammack,Rocco Neubert,East,account,Plussunin,10,4,0.4,0.5459968602825745,0.6043956043956044,0.6096256684491979,-0.05839874411302981,-0.06620838989806388,0.7905694150420949,0.0,weak_fit,9076.0,0.0,0.6315005215318135
daniell_hammack,Daniell Hammack,Rocco Neubert,East,account,Silis,5,2,0.4,0.5296296296296297,0.5555555555555556,0.6096256684491979,-0.025925925925925908,-0.08257562055100875,0.5590169943749475,0.0,insufficient_sample,3570.0,0.0,0.6315005215318135
daniell_hammack,Daniell Hammack,Rocco Neubert,East,account,Sumace,4,2,0.5,0.552565180824222,0.5609756097560976,0.6096256684491979,-0.008410428931875602,-0.059640069356416414,0.5,0.0,insufficient_sample,5972.0,504.0,0.6315005215318135
daniell_hammack,Daniell Hammack,Rocco Neubert,East,account,The New York Inquirer,6,3,0.5,0.6099706744868034,0.6363636363636364,0.6096256684491979,-0.026392961876832932,-0.002234575693835006,0.6123724356957945,0.0,insufficient_sample,5998.0,25.5,0.6315005215318135
daniell_hammack,Daniell Hammack,Rocco Neubert,East,account,Umbrella Corporation,4,4,1.0,0.6753246753246753,0.6233766233766234,0.6096256684491979,0.051948051948051965,0.0631194251440369,0.5,2.7929016283323347,insufficient_sample,12697.0,2938.5,0.6315005215318135
daniell_hammack,Daniell Hammack,Rocco Neubert,East,account,Vehement Capital Partners,5,3,0.6,0.5970760233918128,0.5964912280701754,0.6096256684491979,0.0005847953216373547,-0.015129226788825667,0.5590169943749475,0.0,insufficient_sample,5402.0,540.0,0.6315005215318135
daniell_hammack,Daniell Hammack,Rocco Neubert,East,account,Xx-zobam,8,5,0.625,0.5713764147499086,0.5542168674698795,0.6096256684491979,0.017159547280029108,-0.04082883543072979,0.7071067811865476,0.0,neutral,23256.0,3085.0,0.6315005215318135
daniell_hammack,Daniell Hammack,Rocco Neubert,East,account,Yearin,6,3,0.5,0.6152073732718895,0.6428571428571429,0.6096256684491979,-0.027649769585253448,0.00300212309125103,0.6123724356957945,0.0,insufficient_sample,8332.0,296.0,0.6315005215318135
daniell_hammack,Daniell Hammack,Rocco Neubert,East,account,Zathunicon,3,3,1.0,0.6909340659340659,0.6538461538461539,0.6096256684491979,0.03708791208791207,0.0787288157534275,0.4330127018922193,2.2370401092631362,insufficient_sample,11256.0,4848.0,0.6315005215318135
daniell_hammack,Daniell Hammack,Rocco Neubert,East,account,Zencorporation,3,3,1.0,0.7209821428571429,0.6875,0.6096256684491979,0.033482142857142905,0.10877689267650448,0.4330127018922193,2.5909447213865877,insufficient_sample,15907.0,5388.0,0.6315005215318135
daniell_hammack,Daniell Hammack,Rocco Neubert,East,account,Zotware,3,2,0.6666666666666666,0.6709183673469388,0.6714285714285714,0.6096256684491979,-0.0005102040816326037,0.058713117166300344,0.4330127018922193,0.8754632774105242,insufficient_sample,5619.0,1064.0,0.6315005215318135
darcel_schlecht,Darcel Schlecht,Melvin Marxen,Central,account,Betatech,22,11,0.5,0.561850569025235,0.6162790697674418,0.6311030741410488,-0.05442850074220684,-0.06926969574690223,1.0,0.0,weak_fit,37722.0,27.0,0.6315005215318135
darcel_schlecht,Darcel Schlecht,Melvin Marxen,Central,account,Bioholding,18,9,0.5,0.5512995896032832,0.5882352941176471,0.6311030741410488,-0.0369357045143639,-0.07982067516885405,1.0,0.0,weak_fit,26832.0,26.5,0.6315005215318135
darcel_schlecht,Darcel Schlecht,Melvin Marxen,Central,account,Cancity,17,11,0.6470588235294118,0.6139272913466461,0.5913978494623656,0.6311030741410488,0.02252944188428052,-0.017192973425491087,1.0,0.8626596525860458,neutral,43263.0,3295.0,0.6315005215318135
darcel_schlecht,Darcel Schlecht,Melvin Marxen,Central,account,Codehow,31,19,0.6129032258064516,0.614010989010989,0.6153846153846154,0.6311030741410488,-0.0013736263736263687,-0.01710927576114818,1.0,0.0,neutral,59990.0,1178.0,0.6315005215318135
darcel_schlecht,Darcel Schlecht,Melvin Marxen,Central,account,Condax,11,7,0.6363636363636364,0.6530398322851153,0.660377358490566,0.6311030741410488,-0.007337526205450695,0.021919567512978078,0.82915619758885,0.2406589874805518,neutral,27713.0,1245.0,0.6315005215318135
darcel_schlecht,Darcel Schlecht,Melvin Marxen,Central,account,Conecom,22,14,0.6363636363636364,0.6242746615087041,0.6136363636363636,0.6311030741410488,0.010638297872340496,-0.0068456032634330866,1.0,0.45189324748197424,neutral,55925.0,3568.5,0.6315005215318135
darcel_schlecht,Darcel Schlecht,Melvin Marxen,Central,account,Domzoom,17,11,0.6470588235294118,0.6663614163614164,0.6794871794871795,0.6311030741410488,-0.013125763125763079,0.03524115158927921,1.0,0.3802657024501721,neutral,34206.0,556.0,0.6315005215318135
darcel_schlecht,Darcel Schlecht,Melvin Marxen,Central,account,Dontechi,24,15,0.625,0.6113727542298971,0.5982905982905983,0.6311030741410488,0.013082155939298845,-0.01974751054224011,1.0,0.1591772670760212,neutral,51970.0,1133.0,0.6315005215318135
darcel_schlecht,Darcel Schlecht,Melvin Marxen,Central,account,Finhigh,24,16,0.6666666666666666,0.6227781435154707,0.5806451612903226,0.6311030741410488,0.04213298222514805,-0.008342121256666557,1.0,2.446669600651294,possible_fit,43290.0,570.0,0.6315005215318135
darcel_schlecht,Darcel Schlecht,Melvin Marxen,Central,account,Funholding,20,14,0.7,0.6421997755331088,0.5959595959595959,0.6311030741410488,0.046240179573512896,0.011079510760971578,1.0,3.393394548912344,possible_fit,47474.0,757.0,0.6315005215318135
darcel_schlecht,Darcel Schlecht,Melvin Marxen,Central,account,Genco Pura Olive Oil Company,14,12,0.8571428571428571,0.7055702917771883,0.6206896551724138,0.6311030741410488,0.08488063660477452,0.0744500270050511,0.9354143466934853,7.5983635584063265,strong_fit,33862.0,2194.5,0.6315005215318135
darcel_schlecht,Darcel Schlecht,Melvin Marxen,Central,account,Globex Corporation,17,11,0.6470588235294118,0.6120448179271709,0.5882352941176471,0.6311030741410488,0.023809523809523836,-0.019075446844966315,1.0,0.8799784080452285,neutral,34658.0,1060.0,0.6315005215318135
darcel_schlecht,Darcel Schlecht,Melvin Marxen,Central,account,Gogozoom,20,12,0.6,0.6547945205479452,0.6986301369863014,0.6311030741410488,-0.043835616438356206,0.02367425577580795,1.0,0.0,weak_fit,45167.0,718.5,0.6315005215318135
darcel_schlecht,Darcel Schlecht,Melvin Marxen,Central,account,Hottechi,13,4,0.3076923076923077,0.48363785110444507,0.5751295336787565,0.6311030741410488,-0.09149168257431145,-0.14748241366769216,0.9013878188659973,0.0,weak_fit,19767.0,0.0,0.6315005215318135
darcel_schlecht,Darcel Schlecht,Melvin Marxen,Central,account,Inity,22,14,0.6363636363636364,0.6595744680851063,0.68,0.6311030741410488,-0.020425531914893713,0.028454203312969106,1.0,0.0,weak_fit,47948.0,835.5,0.6315005215318135
darcel_schlecht,Darcel Schlecht,Melvin Marxen,Central,account,Isdom,22,12,0.5454545454545454,0.5640197568389058,0.5803571428571429,0.6311030741410488,-0.016337386018237088,-0.06710050793323141,1.0,0.0,neutral,50647.0,1975.5,0.6315005215318135
darcel_schlecht,Darcel Schlecht,Melvin Marxen,Central,account,Konmatfix,11,7,0.6363636363636364,0.6501736111111112,0.65625,0.6311030741410488,-0.0060763888888888395,0.01905334633897393,0.82915619758885,0.2254490991600036,neutral,22606.0,1149.0,0.6315005215318135
darcel_schlecht,Darcel Schlecht,Melvin Marxen,Central,account,Rangreen,16,11,0.6875,0.725609756097561,0.75,0.6311030741410488,-0.024390243902439046,0.09448949132542372,1.0,1.7217663427312921,weak_fit,28360.0,1129.0,0.6315005215318135
darcel_schlecht,Darcel Schlecht,Melvin Marxen,Central,account,Ron-tech,25,19,0.76,0.7071028037383178,0.6542056074766355,0.6311030741410488,0.05289719626168232,0.07598253896618057,1.0,6.0977066208256705,strong_fit,62096.0,1300.0,0.6315005215318135
darcel_schlecht,Darcel Schlecht,Melvin Marxen,Central,account,Rundofase,24,17,0.7083333333333334,0.6923894557823129,0.6770833333333334,0.6311030741410488,0.015306122448979553,0.061269191010175694,1.0,3.13931964453982,possible_fit,43159.0,836.5,0.6315005215318135
darcel_schlecht,Darcel Schlecht,Melvin Marxen,Central,account,Scottech,15,10,0.6666666666666666,0.6396103896103896,0.6233766233766234,0.6311030741410488,0.016233766233766267,0.0084901248382524,0.9682458365518543,1.3094064578065352,neutral,35330.0,1160.0,0.6315005215318135
darcel_schlecht,Darcel Schlecht,Melvin Marxen,Central,account,Stanredtax,20,12,0.6,0.65,0.69,0.6311030741410488,-0.039999999999999925,0.018879735227862793,1.0,0.0,weak_fit,38239.0,796.5,0.6315005215318135
darcel_schlecht,Darcel Schlecht,Melvin Marxen,Central,account,Statholdings,15,8,0.5333333333333333,0.53203125,0.53125,0.6311030741410488,0.0007812499999999556,-0.09908901477213727,0.9682458365518543,0.0,neutral,21884.0,463.0,0.6315005215318135
darcel_schlecht,Darcel Schlecht,Melvin Marxen,Central,account,Streethex,25,14,0.56,0.5828846153846153,0.6057692307692307,0.6311030741410488,-0.022884615384615392,-0.048235649387521895,1.0,0.0,weak_fit,43341.0,65.0,0.6315005215318135
darcel_schlecht,Darcel Schlecht,Melvin Marxen,Central,account,Toughzap,18,13,0.7222222222222222,0.6622369878183831,0.6190476190476191,0.6311030741410488,0.04318936877076407,0.03111672304624591,1.0,3.8963942767182713,strong_fit,29982.0,339.0,0.6315005215318135
darcel_schlecht,Darcel Schlecht,Melvin Marxen,Central,account,Treequote,22,11,0.5,0.5602167804094741,0.6132075471698113,0.6311030741410488,-0.052990766760337205,-0.07090348436266314,1.0,0.0,weak_fit,43306.0,30.0,0.6315005215318135
darcel_schlecht,Darcel Schlecht,Melvin Marxen,Central,account,Warephase,24,19,0.7916666666666666,0.74136189129117,0.693069306930693,0.6311030741410488,0.04829258436047701,0.1102416265190328,1.0,6.997474911597154,strong_fit,62371.0,1118.5,0.6315005215318135
darcel_schlecht,Darcel Schlecht,Melvin Marxen,Central,account,Zumgoity,8,4,0.5,0.5996810207336524,0.631578947368421,0.6311030741410488,-0.03189792663476865,-0.03143924403848486,0.7071067811865476,0.0,weak_fit,15511.0,490.0,0.6315005215318135
darcel_schlecht,Darcel Schlecht,Melvin Marxen,Central,account,dambase,16,12,0.75,0.6545162154918253,0.5934065934065934,0.6311030741410488,0.06110962208523185,0.02339595071968803,1.0,4.790983710729152,strong_fit,46595.0,3952.5,0.6315005215318135
donn_cantrell,Donn Cantrell,Rocco Neubert,East,account,Acme Corporation,9,7,0.7777777777777778,0.6369168356997972,0.5862068965517241,0.5745454545454546,0.05070993914807309,0.05762512557214605,0.75,3.984769079737397,strong_fit,24822.0,3012.0,0.6315005215318135
donn_cantrell,Donn Cantrell,Rocco Neubert,East,account,Betasoloin,10,6,0.6,0.6211640211640211,0.6296296296296297,0.5745454545454546,-0.00846560846560851,0.041872311036370014,0.7905694150420949,0.72358157186588,neutral,20671.0,759.0,0.6315005215318135
donn_cantrell,Donn Cantrell,Rocco Neubert,East,account,Bioplex,8,4,0.5,0.6317523056653492,0.6739130434782609,0.5745454545454546,-0.04216073781291163,0.05246059553769811,0.7071067811865476,0.0,weak_fit,3736.0,270.5,0.6315005215318135
donn_cantrell,Donn Cantrell,Rocco Neubert,East,account,Bluth Company,6,4,0.6666666666666666,0.5994623655913979,0.5833333333333334,0.5745454545454546,0.016129032258064502,0.020170655463746745,0.6123724356957945,1.0743217295606897,insufficient_sample,14729.0,1919.0,0.6315005215318135
donn_cantrell,Donn Cantrell,Rocco Neubert,East,account,Bubba Gump,7,5,0.7142857142857143,0.6770833333333333,0.6666666666666666,0.5745454545454546,0.01041666666666663,0.09779162320568213,0.6614378277661477,2.7117562881578805,insufficient_sample,18951.0,3521.0,0.6315005215318135
donn_cantrell,Donn Cantrell,Rocco Neubert,East,account,Condax,5,5,1.0,0.7169811320754716,0.660377358490566,0.5745454545454546,0.05660377358490565,0.13768942194782052,0.5590169943749475,4.75073607818872,insufficient_sample,6480.0,595.0,0.6315005215318135
donn_cantrell,Donn Cantrell,Rocco Neubert,East,account,Donquadtech,11,6,0.5454545454545454,0.6626984126984127,0.7142857142857143,0.5745454545454546,-0.051587301587301626,0.08340670257076155,0.82915619758885,0.0,weak_fit,16522.0,462.0,0.6315005215318135
donn_cantrell,Donn Cantrell,Rocco Neubert,East,account,Donware,7,2,0.2857142857142857,0.4965277777777778,0.5555555555555556,0.5745454545454546,-0.05902777777777779,-0.08276393234987334,0.6614378277661477,0.0,insufficient_sample,1831.0,0.0,0.6315005215318135
donn_cantrell,Donn Cantrell,Rocco Neubert,East,account,Ganjaflex,12,8,0.6666666666666666,0.6306306306306306,0.6133333333333333,0.5745454545454546,0.017297297297297343,0.0513389205029795,0.8660254037844386,2.529821754503392,possible_fit,13300.0,516.5,0.6315005215318135
donn_cantrell,Donn Cantrell,Rocco Neubert,East,account,Gekko & Co,16,11,0.6875,0.6987087517934003,0.7058823529411765,0.5745454545454546,-0.00717360114777621,0.11941704166574918,1.0,3.7133123836957673,neutral,24974.0,756.0,0.6315005215318135
donn_cantrell,Donn Cantrell,Rocco Neubert,East,account,Initech,10,3,0.3,0.5052154195011338,0.5873015873015873,0.5745454545454546,-0.08208616780045352,-0.07407629062651733,0.7905694150420949,0.0,weak_fit,14553.0,0.0,0.6315005215318135
donn_cantrell,Donn Cantrell,Rocco Neubert,East,account,Iselectrics,6,5,0.8333333333333334,0.6918505942275043,0.6578947368421053,0.5745454545454546,0.03395585738539897,0.11255888409985315,0.6123724356957945,3.764064551600297,insufficient_sample,20685.0,4148.5,0.6315005215318135
donn_cantrell,Donn Cantrell,Rocco Neubert,East,account,Kan-code,15,7,0.4666666666666667,0.5593582887700534,0.6149732620320856,0.5745454545454546,-0.05561497326203213,-0.01993342135759768,0.9682458365518543,0.0,weak_fit,23663.0,0.0,0.6315005215318135
donn_cantrell,Donn Cantrell,Rocco Neubert,East,account,Kinnamplus,10,5,0.5,0.6036866359447005,0.6451612903225806,0.5745454545454546,-0.041474654377880116,0.024394925817049384,0.7905694150420949,0.0,weak_fit,8292.0,240.5,0.6315005215318135
donn_cantrell,Donn Cantrell,Rocco Neubert,East,account,Konex,8,5,0.625,0.6299840510366826,0.631578947368421,0.5745454545454546,-0.0015948963317383713,0.05069234090903152,0.7071067811865476,1.1812668996398612,neutral,18375.0,1806.0,0.6315005215318135
donn_cantrell,Donn Cantrell,Rocco Neubert,East,account,Massive Dynamic,7,3,0.42857142857142855,0.5969279661016949,0.6440677966101694,0.5745454545454546,-0.04713983050847459,0.017636255974043724,0.6614378277661477,0.0,insufficient_sample,6780.0,0.0,0.6315005215318135
donn_cantrell,Donn Cantrell,Rocco Neubert,East,account,Mathtouch,9,4,0.4444444444444444,0.5896877269426289,0.6419753086419753,0.5745454545454546,-0.05228758169934633,0.010396016814977815,0.75,0.0,weak_fit,13306.0,0.0,0.6315005215318135
donn_cantrell,Donn Cantrell,Rocco Neubert,East,account,Ontomedia,13,6,0.46153846153846156,0.5573308270676691,0.6071428571428571,0.5745454545454546,-0.049812030075187974,-0.021960883059982006,0.9013878188659973,0.0,weak_fit,12158.0,0.0,0.6315005215318135
donn_cantrell,Donn Cantrell,Rocco Neubert,East,account,Opentech,5,1,0.2,0.5333333333333333,0.6,0.5745454545454546,-0.06666666666666665,-0.0459583767943178,0.5590169943749475,0.0,insufficient_sample,1037.0,0.0,0.6315005215318135
donn_cantrell,Donn Cantrell,Rocco Neubert,East,account,Plussunin,16,10,0.625,0.6124363441436612,0.6043956043956044,0.5745454545454546,0.008040739748056858,0.03314463401601009,1.0,1.682710274184049,possible_fit,28922.0,462.5,0.6315005215318135
donn_cantrell,Donn Cantrell,Rocco Neubert,East,account,Silis,12,7,0.5833333333333334,0.5645645645645646,0.5555555555555556,0.5745454545454546,0.009009009009009028,-0.014727145563086519,0.8660254037844386,0.060739116806857535,neutral,22924.0,821.5,0.6315005215318135
donn_cantrell,Donn Cantrell,Rocco Neubert,East,account,Sumace,4,3,0.75,0.5870479394449116,0.5609756097560976,0.5745454545454546,0.02607232968881401,0.007756229317260499,0.5,0.9830847279385142,insufficient_sample,6627.0,573.5,0.6315005215318135
donn_cantrell,Donn Cantrell,Rocco Neubert,East,account,The New York Inquirer,2,1,0.5,0.6262626262626262,0.6363636363636364,0.5745454545454546,-0.010101010101010166,0.04697091613497506,0.3535533905932738,0.3491044190318576,insufficient_sample,1158.0,579.0,0.6315005215318135
donn_cantrell,Donn Cantrell,Rocco Neubert,East,account,Umbrella Corporation,8,4,0.5,0.5934671389216843,0.6233766233766234,0.5745454545454546,-0.029909484454939017,0.014175428794033218,0.7071067811865476,0.0,weak_fit,15060.0,220.5,0.6315005215318135
donn_cantrell,Donn Cantrell,Rocco Neubert,East,account,Vehement Capital Partners,8,6,0.75,0.6337054758107389,0.5964912280701754,0.5745454545454546,0.03721424774056348,0.054413765683087756,0.7071067811865476,3.05711104537131,possible_fit,25473.0,4125.0,0.6315005215318135
donn_cantrell,Donn Cantrell,Rocco Neubert,East,account,Xx-zobam,12,6,0.5,0.5366330185607293,0.5542168674698795,0.5745454545454546,-0.017583848909150213,-0.042658691566921814,0.8660254037844386,0.0,neutral,9114.0,277.0,0.6315005215318135
donn_cantrell,Donn Cantrell,Rocco Neubert,East,account,Yearin,10,9,0.9,0.7163265306122449,0.6428571428571429,0.5745454545454546,0.07346938775510203,0.1370348204845938,0.7905694150420949,7.567116134050004,strong_fit,25483.0,2275.5,0.6315005215318135
donn_cantrell,Donn Cantrell,Rocco Neubert,East,account,Zathunicon,9,4,0.4444444444444444,0.5984162895927602,0.6538461538461539,0.5745454545454546,-0.05542986425339369,0.019124579465109037,0.75,0.0,weak_fit,6019.0,0.0,0.6315005215318135
donn_cantrell,Donn Cantrell,Rocco Neubert,East,account,Zencorporation,8,4,0.5,0.6420454545454546,0.6875,0.5745454545454546,-0.045454545454545414,0.06275374441780346,0.7071067811865476,0.0,weak_fit,11433.0,287.0,0.6315005215318135
donn_cantrell,Donn Cantrell,Rocco Neubert,East,account,Zotware,12,7,0.5833333333333334,0.6428571428571428,0.6714285714285714,0.5745454545454546,-0.02857142857142858,0.06356543272949167,0.8660254037844386,0.31839189137764107,weak_fit,28782.0,3209.5,0.6315005215318135
elease_gluck,Elease Gluck,Celia Rouche,West,account,Blackzim,5,3,0.6,0.5812206572769953,0.5774647887323944,0.6349206349206349,0.003755868544600971,-0.053133733705093,0.5590169943749475,0.0,insufficient_sample,675.0,51.0,0.6315005215318135
elease_gluck,Elease Gluck,Celia Rouche,West,account,Cheers,6,3,0.5,0.6075268817204301,0.6333333333333333,0.6349206349206349,-0.02580645161290318,-0.026827509261658222,0.6123724356957945,0.0,insufficient_sample,53493.0,29.0,0.6315005215318135
elease_gluck,Elease Gluck,Celia Rouche,West,account,Condax,4,0,0.0,0.5692908262849707,0.660377358490566,0.6349206349206349,-0.09108653220559526,-0.0650635646971176,0.5,0.0,insufficient_sample,0.0,0.0,0.6315005215318135
elease_gluck,Elease Gluck,Celia Rouche,West,account,Dalttechnology,8,5,0.625,0.6855439642324888,0.7049180327868853,0.6349206349206349,-0.019374068554396495,0.05118957325040041,0.7071067811865476,0.3764075114899841,neutral,3279.0,45.0,0.6315005215318135
elease_gluck,Elease Gluck,Celia Rouche,West,account,Doncon,4,3,0.75,0.6114532019704434,0.5892857142857143,0.6349206349206349,0.022167487684729092,-0.02290118901164495,0.5,0.31967254204990886,insufficient_sample,5578.0,312.5,0.6315005215318135
elease_gluck,Elease Gluck,Celia Rouche,West,account,Fasehatice,7,3,0.42857142857142855,0.566358024691358,0.6049382716049383,0.6349206349206349,-0.03858024691358031,-0.06799636629073036,0.6614378277661477,0.0,insufficient_sample,1533.0,0.0,0.6315005215318135
elease_gluck,Elease Gluck,Celia Rouche,West,account,Faxquote,7,5,0.7142857142857143,0.649671052631579,0.631578947368421,0.6349206349206349,0.018092105263157965,0.015316661649490637,0.6614378277661477,1.1324278616760652,insufficient_sample,8973.0,54.0,0.6315005215318135
elease_gluck,Elease Gluck,Celia Rouche,West,account,Finjob,4,3,0.75,0.7100893997445721,0.7037037037037037,0.6349206349206349,0.0063856960408683605,0.07573500876248374,0.5,1.5328977746716872,insufficient_sample,4627.0,512.5,0.6315005215318135
elease_gluck,Elease Gluck,Celia Rouche,West,account,Golddex,1,1,1.0,0.5855437665782494,0.5689655172413793,0.6349206349206349,0.01657824933687002,-0.04881062440383899,0.25,0.0,insufficient_sample,3386.0,3386.0,0.6315005215318135
elease_gluck,Elease Gluck,Celia Rouche,West,account,Goodsilron,2,0,0.0,0.6839225589225589,0.7386363636363636,0.6349206349206349,-0.054713804713804715,0.04956816794047059,0.3535533905932738,0.0,insufficient_sample,0.0,0.0,0.6315005215318135
elease_gluck,Elease Gluck,Celia Rouche,West,account,Green-Plus,9,4,0.4444444444444444,0.5363562091503268,0.5694444444444444,0.6349206349206349,-0.03308823529411764,-0.09799818183176157,0.75,0.0,weak_fit,4407.0,0.0,0.6315005215318135
elease_gluck,Elease Gluck,Celia Rouche,West,account,Groovestreet,4,3,0.75,0.6520376175548589,0.6363636363636364,0.6349206349206349,0.01567398119122254,0.01768322657277055,0.5,0.8188608537382174,insufficient_sample,5196.0,49.5,0.6315005215318135
elease_gluck,Elease Gluck,Celia Rouche,West,account,Hatfan,2,1,0.5,0.5609161793372319,0.5657894736842105,0.6349206349206349,-0.004873294346978585,-0.07343821164485642,0.3535533905932738,0.0,insufficient_sample,60.0,30.0,0.6315005215318135
elease_gluck,Elease Gluck,Celia Rouche,West,account,Hottechi,6,5,0.8333333333333334,0.6251044626441585,0.5751295336787565,0.6349206349206349,0.04997492896540201,-0.009249928337929814,0.6123724356957945,1.7909584432065528,insufficient_sample,13243.0,2016.5,0.6315005215318135
elease_gluck,Elease Gluck,Celia Rouche,West,account,J-Texon,3,2,0.6666666666666666,0.6829745596868885,0.684931506849315,0.6349206349206349,-0.001956947162426559,0.048620168704800126,0.4330127018922193,0.6817803780191646,insufficient_sample,3905.0,597.0,0.6315005215318135
elease_gluck,Elease Gluck,Celia Rouche,West,account,Kan-code,5,2,0.4,0.579144385026738,0.6149732620320856,0.6349206349206349,-0.03582887700534754,-0.055210005955350305,0.5590169943749475,0.0,insufficient_sample,3952.0,0.0,0.6315005215318135
elease_gluck,Elease Gluck,Celia Rouche,West,account,Konex,1,0,0.0,0.6072874493927125,0.631578947368421,0.6349206349206349,-0.02429149797570851,-0.027066941589375837,0.25,0.0,insufficient_sample,0.0,0.0,0.6315005215318135
elease_gluck,Elease Gluck,Celia Rouche,West,account,Labdrill,4,4,1.0,0.6964545896066052,0.647887323943662,0.6349206349206349,0.048567265662943226,0.06210019862451688,0.5,2.6651896099747003,insufficient_sample,28598.0,581.0,0.6315005215318135
elease_gluck,Elease Gluck,Celia Rouche,West,account,Lexiqvolax,2,2,1.0,0.6212121212121212,0.5909090909090909,0.6349206349206349,0.030303030303030276,-0.01314226976996713,0.3535533905932738,0.5337657507734422,insufficient_sample,27079.0,13539.5,0.6315005215318135
elease_gluck,Elease Gluck,Celia Rouche,West,account,Nam-zim,2,2,1.0,0.643874643874644,0.6153846153846154,0.6349206349206349,0.028490028490028574,0.009520252892555647,0.3535533905932738,0.7725356202300536,insufficient_sample,103.0,51.5,0.6315005215318135
elease_gluck,Elease Gluck,Celia Rouche,West,account,Newex,2,2,1.0,0.7458242556281772,0.7254901960784313,0.6349206349206349,0.020334059549745875,0.11146986464608888,0.3535533905932738,1.846665621202913,insufficient_sample,111.0,55.5,0.6315005215318135
elease_gluck,Elease Gluck,Celia Rouche,West,account,Plexzap,3,3,1.0,0.6742277992277993,0.6351351351351351,0.6349206349206349,0.03909266409266421,0.03987340824571095,0.4330127018922193,1.7045945350248535,insufficient_sample,29251.0,3850.0,0.6315005215318135
elease_gluck,Elease Gluck,Celia Rouche,West,account,Plusstrip,2,2,1.0,0.7383252818035427,0.717391304347826,0.6349206349206349,0.02093397745571668,0.10397089082145439,0.3535533905932738,1.7676572500771561,insufficient_sample,8150.0,4075.0,0.6315005215318135
elease_gluck,Elease Gluck,Celia Rouche,West,account,Rantouch,3,3,1.0,0.6291208791208792,0.5846153846153846,0.6349206349206349,0.04450549450549457,-0.005233511861209128,0.4330127018922193,1.173327688717529,insufficient_sample,157.0,51.0,0.6315005215318135
elease_gluck,Elease Gluck,Celia Rouche,West,account,Scotfind,5,4,0.8,0.7030612244897959,0.6836734693877551,0.6349206349206349,0.019387755102040827,0.06870683350770757,0.5590169943749475,2.0487655626307784,insufficient_sample,11230.0,1164.0,0.6315005215318135
elease_gluck,Elease Gluck,Celia Rouche,West,account,Singletechno,8,5,0.625,0.675990675990676,0.6923076923076923,0.6349206349206349,-0.01631701631701632,0.041636285008587626,0.7071067811865476,0.2804837439324874,neutral,11047.0,56.0,0.6315005215318135
elease_gluck,Elease Gluck,Celia Rouche,West,account,Sonron,9,4,0.4444444444444444,0.580983078162772,0.6301369863013698,0.6349206349206349,-0.04915390813859788,-0.0533713128193164,0.75,0.0,weak_fit,218.0,0.0,0.6315005215318135
elease_gluck,Elease Gluck,Celia Rouche,West,account,Sunnamplex,1,0,0.0,0.6363122171945701,0.6617647058823529,0.6349206349206349,-0.025452488687782826,0.0019578262124817503,0.25,0.0,insufficient_sample,0.0,0.0,0.6315005215318135
elease_gluck,Elease Gluck,Celia Rouche,West,account,Xx-holding,3,2,0.6666666666666666,0.6139240506329114,0.6075949367088608,0.6349206349206349,0.006329113924050667,-0.0204303403491769,0.4330127018922193,0.0,insufficient_sample,30383.0,1163.0,0.6315005215318135
elease_gluck,Elease Gluck,Celia Rouche,West,account,Zoomit,4,4,1.0,0.7563718140929535,0.717391304347826,0.6349206349206349,0.038980509745127456,0.12201742311086516,0.5,3.4021714711567825,insufficient_sample,30561.0,2066.0,0.6315005215318135
garret_kinder,Garret Kinder,Cara Losch,East,account,Acme Corporation,4,3,0.75,0.6087990487514863,0.5862068965517241,0.6097560975609756,0.022592152199762183,-0.004630093399157986,0.5,0.6532183120070062,insufficient_sample,5443.0,56.0,0.6315005215318135
garret_kinder,Garret Kinder,Cara Losch,East,account,Betasoloin,2,1,0.5,0.6200274348422496,0.6296296296296297,0.6097560975609756,-0.009602194787380003,0.00659829269160539,0.3535533905932738,0.0,insufficient_sample,3822.0,1911.0,0.6315005215318135
garret_kinder,Garret Kinder,Cara Losch,East,account,Bioplex,3,1,0.3333333333333333,0.6374223602484472,0.6739130434782609,0.6097560975609756,-0.036490683229813636,0.02399321809780297,0.4330127018922193,0.0,insufficient_sample,3278.0,0.0,0.6315005215318135
garret_kinder,Garret Kinder,Cara Losch,East,account,Bluth Company,2,0,0.0,0.5401234567901235,0.5833333333333334,0.6097560975609756,-0.043209876543209846,-0.07330568536052073,0.3535533905932738,0.0,insufficient_sample,0.0,0.0,0.6315005215318135
garret_kinder,Garret Kinder,Cara Losch,East,account,Bubba Gump,3,1,0.3333333333333333,0.6309523809523808,0.6666666666666666,0.6097560975609756,-0.03571428571428581,0.017523238801736563,0.4330127018922193,0.0,insufficient_sample,3279.0,0.0,0.6315005215318135
garret_kinder,Garret Kinder,Cara Losch,East,account,Condax,3,2,0.6666666666666666,0.6610512129380054,0.660377358490566,0.6097560975609756,0.0006738544474393926,0.04762207078736114,0.4330127018922193,0.7406998437197303,insufficient_sample,10111.0,4682.0,0.6315005215318135
garret_kinder,Garret Kinder,Cara Losch,East,account,Donquadtech,3,2,0.6666666666666666,0.7091836734693878,0.7142857142857143,0.6097560975609756,-0.005102040816326481,0.09575453131874356,0.4330127018922193,1.3076013402286055,insufficient_sample,3605.0,53.0,0.6315005215318135
garret_kinder,Garret Kinder,Cara Losch,East,account,Donware,4,3,0.75,0.5823754789272031,0.5555555555555556,0.6097560975609756,0.026819923371647514,-0.031053663223441164,0.5,0.3282084031683239,insufficient_sample,11254.0,2538.5,0.6315005215318135
garret_kinder,Garret Kinder,Cara Losch,East,account,Ganjaflex,3,2,0.6666666666666666,0.619047619047619,0.6133333333333333,0.6097560975609756,0.005714285714285672,0.0056184768969747,0.4330127018922193,0.24598380443298265,insufficient_sample,6447.0,2940.0,0.6315005215318135
garret_kinder,Garret Kinder,Cara Losch,East,account,Gekko & Co,4,3,0.75,0.7119675456389453,0.7058823529411765,0.6097560975609756,0.006085192697768749,0.09853840348830101,0.5,1.9221908237227519,insufficient_sample,7291.0,834.5,0.6315005215318135
garret_kinder,Garret Kinder,Cara Losch,East,account,Initech,2,1,0.5,0.5808348030570253,0.5873015873015873,0.6097560975609756,-0.0064667842445620405,-0.032594339093618974,0.3535533905932738,0.0,insufficient_sample,1026.0,513.0,0.6315005215318135
garret_kinder,Garret Kinder,Cara Losch,East,account,Iselectrics,1,1,1.0,0.6710526315789475,0.6578947368421053,0.6097560975609756,0.013157894736842146,0.0576234894283032,0.25,0.7180213219713378,insufficient_sample,470.0,470.0,0.6315005215318135
garret_kinder,Garret Kinder,Cara Losch,East,account,Kan-code,10,8,0.8,0.6678380443086326,0.6149732620320856,0.6097560975609756,0.05286478227654701,0.054408902157988326,0.7905694150420949,4.222053688369655,strong_fit,18443.0,560.5,0.6315005215318135
garret_kinder,Garret Kinder,Cara Losch,East,account,Kinnamplus,5,3,0.6,0.6376344086021505,0.6451612903225806,0.6097560975609756,-0.007526881720430145,0.024205266451506224,0.5590169943749475,0.2000928737277129,insufficient_sample,583.0,41.0,0.6315005215318135
garret_kinder,Garret Kinder,Cara Losch,East,account,Konex,6,6,1.0,0.702886247877759,0.631578947368421,0.6097560975609756,0.07130730050933798,0.08945710572711474,0.6123724356957945,4.755667944581023,insufficient_sample,17094.0,3713.5,0.6315005215318135
garret_kinder,Garret Kinder,Cara Losch,East,account,Massive Dynamic,4,2,0.5,0.6241963763880771,0.6440677966101694,0.6097560975609756,-0.019871420222092318,0.010767234237432866,0.5,0.0,insufficient_sample,9990.0,2335.5,0.6315005215318135
garret_kinder,Garret Kinder,Cara Losch,East,account,Mathtouch,7,5,0.7142857142857143,0.6577932098765432,0.6419753086419753,0.6097560975609756,0.015817901234567944,0.04436406772589896,0.6614378277661477,1.7071088256688955,insufficient_sample,14537.0,1233.0,0.6315005215318135
garret_kinder,Garret Kinder,Cara Losch,East,account,Ontomedia,6,2,0.3333333333333333,0.5541474654377879,0.6071428571428571,0.6097560975609756,-0.05299539170506917,-0.059281676712856335,0.6123724356957945,0.0,insufficient_sample,12764.0,0.0,0.6315005215318135
garret_kinder,Garret Kinder,Cara Losch,East,account,Opentech,6,4,0.6666666666666666,0.6129032258064516,0.6,0.6097560975609756,0.012903225806451646,-0.000525916344192634,0.6123724356957945,0.5023307044596342,insufficient_sample,10459.0,1844.5,0.6315005215318135
garret_kinder,Garret Kinder,Cara Losch,East,account,Plussunin,7,3,0.42857142857142855,0.5659340659340659,0.6043956043956044,0.6097560975609756,-0.038461538461538436,-0.047495076216578336,0.6614378277661477,0.0,insufficient_sample,8090.0,0.0,0.6315005215318135
garret_kinder,Garret Kinder,Cara Losch,East,account,Silis,3,1,0.3333333333333333,0.5317460317460317,0.5555555555555556,0.6097560975609756,-0.023809523809523836,-0.08168311040461251,0.4330127018922193,0.0,insufficient_sample,5918.0,0.0,0.6315005215318135
garret_kinder,Garret Kinder,Cara Losch,East,account,Sumace,6,3,0.5,0.5491738788355626,0.5609756097560976,0.6097560975609756,-0.011801730920535047,-0.06425526331508169,0.6123724356957945,0.0,insufficient_sample,8733.0,279.0,0.6315005215318135
garret_kinder,Garret Kinder,Cara Losch,East,account,The New York Inquirer,2,2,1.0,0.6632996632996632,0.6363636363636364,0.6097560975609756,0.026936026936026813,0.04987052114901891,0.3535533905932738,1.236132251903484,insufficient_sample,3794.0,1897.0,0.6315005215318135
garret_kinder,Garret Kinder,Cara Losch,East,account,Umbrella Corporation,2,0,0.0,0.5772005772005772,0.6233766233766234,0.6097560975609756,-0.046176046176046204,-0.0362285649500671,0.3535533905932738,0.0,insufficient_sample,0.0,0.0,0.6315005215318135
garret_kinder,Garret Kinder,Cara Losch,East,account,Vehement Capital Partners,5,3,0.6,0.5970760233918128,0.5964912280701754,0.6097560975609756,0.0005847953216373547,-0.016353118758831497,0.5590169943749475,0.0,insufficient_sample,9337.0,1319.0,0.6315005215318135
garret_kinder,Garret Kinder,Cara Losch,East,account,Xx-zobam,6,4,0.6666666666666666,0.5759813447337737,0.5542168674698795,0.6097560975609756,0.02176447726389419,-0.03744779741687054,0.6123724356957945,0.06369782494647132,insufficient_sample,8769.0,304.5,0.6315005215318135
garret_kinder,Garret Kinder,Cara Losch,East,account,Yearin,3,2,0.6666666666666666,0.6454081632653061,0.6428571428571429,0.6097560975609756,0.0025510204081632404,0.03197902111466189,0.4330127018922193,0.5564568573543448,insufficient_sample,567.0,57.0,0.6315005215318135
garret_kinder,Garret Kinder,Cara Losch,East,account,Zathunicon,3,2,0.6666666666666666,0.6552197802197802,0.6538461538461539,0.6097560975609756,0.0013736263736263687,0.041790638069135966,0.4330127018922193,0.6720175470273078,insufficient_sample,1888.0,851.0,0.6315005215318135
garret_kinder,Garret Kinder,Cara Losch,East,account,Zencorporation,2,1,0.5,0.6736111111111112,0.6875,0.6097560975609756,-0.01388888888888884,0.0601819689604669,0.3535533905932738,0.42553372696373487,insufficient_sample,4766.0,2383.0,0.6315005215318135
garret_kinder,Garret Kinder,Cara Losch,East,account,Zotware,6,4,0.6666666666666666,0.6705069124423962,0.6714285714285714,0.6097560975609756,-0.0009216589861751334,0.057077770291751984,0.6123724356957945,1.1866639563316586,insufficient_sample,6015.0,303.0,0.6315005215318135
gladys_colclough,Gladys Colclough,Melvin Marxen,Central,account,Betatech,6,4,0.6666666666666666,0.6260315078769693,0.6162790697674418,0.5818965517241379,0.009752438109527417,0.03930966726103402,0.6123724356957945,1.2307135621878187,insufficient_sample,1212.0,60.0,0.6315005215318135
gladys_colclough,Gladys Colclough,Melvin Marxen,Central,account,Bioholding,6,4,0.6666666666666666,0.603415559772296,0.5882352941176471,0.5818965517241379,0.015180265654648917,0.016693719156360753,0.6123724356957945,0.9620355275951034,insufficient_sample,10419.0,297.0,0.6315005215318135
gladys_colclough,Gladys Colclough,Melvin Marxen,Central,account,Cancity,11,6,0.5454545454545454,0.5773596176821983,0.5913978494623656,0.5818965517241379,-0.014038231780167276,-0.009362222933736897,0.82915619758885,0.0,neutral,17237.0,56.0,0.6315005215318135
gladys_colclough,Gladys Colclough,Melvin Marxen,Central,account,Codehow,10,6,0.6,0.610989010989011,0.6153846153846154,0.5818965517241379,-0.00439560439560438,0.024267170373075797,0.7905694150420949,0.4455939183036165,neutral,6694.0,50.5,0.6315005215318135
gladys_colclough,Gladys Colclough,Melvin Marxen,Central,account,Condax,11,5,0.45454545454545453,0.5974842767295597,0.660377358490566,0.5818965517241379,-0.06289308176100628,0.010762436113624485,0.82915619758885,0.0,weak_fit,16491.0,0.0,0.6315005215318135
gladys_colclough,Gladys Colclough,Melvin Marxen,Central,account,Conecom,8,6,0.75,0.6466942148760332,0.6136363636363636,0.5818965517241379,0.03305785123966953,0.05997237426009794,0.7071067811865476,3.003643539207767,possible_fit,16548.0,555.0,0.6315005215318135
gladys_colclough,Gladys Colclough,Melvin Marxen,Central,account,Domzoom,6,4,0.6666666666666666,0.6770057899090157,0.6794871794871795,0.5818965517241379,-0.002481389578163795,0.09028394929308048,0.6123724356957945,1.8362893199565042,insufficient_sample,2839.0,314.5,0.6315005215318135
gladys_colclough,Gladys Colclough,Melvin Marxen,Central,account,Dontechi,7,3,0.42857142857142855,0.5611645299145299,0.5982905982905983,0.5818965517241379,-0.037126068376068355,-0.025557310701405322,0.6614378277661477,0.0,insufficient_sample,13852.0,0.0,0.6315005215318135
gladys_colclough,Gladys Colclough,Melvin Marxen,Central,account,Finhigh,8,6,0.75,0.6217008797653959,0.5806451612903226,0.5818965517241379,0.04105571847507328,0.034979039149460656,0.7071067811865476,2.7526875534827266,possible_fit,18615.0,3093.5,0.6315005215318135
gladys_colclough,Gladys Colclough,Melvin Marxen,Central,account,Funholding,7,4,0.5714285714285714,0.5905934343434343,0.5959595959595959,0.5818965517241379,-0.005366161616161658,0.003871593727499012,0.6614378277661477,0.0,insufficient_sample,8344.0,44.0,0.6315005215318135
gladys_colclough,Gladys Colclough,Melvin Marxen,Central,account,Genco Pura Olive Oil Company,11,6,0.5454545454545454,0.5977011494252874,0.6206896551724138,0.5818965517241379,-0.02298850574712641,0.010979308809352162,0.82915619758885,0.0,weak_fit,12932.0,55.0,0.6315005215318135
gladys_colclough,Gladys Colclough,Melvin Marxen,Central,account,Globex Corporation,7,2,0.2857142857142857,0.5220588235294118,0.5882352941176471,0.5818965517241379,-0.06617647058823528,-0.06466301708652344,0.6614378277661477,0.0,insufficient_sample,7380.0,0.0,0.6315005215318135
gladys_colclough,Gladys Colclough,Melvin Marxen,Central,account,Gogozoom,2,1,0.5,0.6839167935058347,0.6986301369863014,0.5818965517241379,-0.014713343480466712,0.09719495288989943,0.3535533905932738,0.8645992691558518,insufficient_sample,52.0,26.0,0.6315005215318135
gladys_colclough,Gladys Colclough,Melvin Marxen,Central,account,Hottechi,13,4,0.3076923076923077,0.48363785110444507,0.5751295336787565,0.5818965517241379,-0.09149168257431145,-0.10308398951149017,0.9013878188659973,0.0,weak_fit,13185.0,0.0,0.6315005215318135
gladys_colclough,Gladys Colclough,Melvin Marxen,Central,account,Inity,14,12,0.8571428571428571,0.7435897435897436,0.68,0.5818965517241379,0.06358974358974356,0.15686790297380837,0.9354143466934853,9.002156343876175,strong_fit,38369.0,3142.0,0.6315005215318135
gladys_colclough,Gladys Colclough,Melvin Marxen,Central,account,Isdom,14,8,0.5714285714285714,0.5771520146520147,0.5803571428571429,0.5818965517241379,-0.0032051282051281937,-0.00956982596392053,0.9354143466934853,0.0,neutral,32299.0,2167.5,0.6315005215318135
gladys_colclough,Gladys Colclough,Melvin Marxen,Central,account,Konmatfix,10,5,0.5,0.6116071428571429,0.65625,0.5818965517241379,-0.044642857142857095,0.024885302241207663,0.7905694150420949,0.0,weak_fit,9978.0,24.0,0.6315005215318135
gladys_colclough,Gladys Colclough,Melvin Marxen,Central,account,Rangreen,5,5,1.0,0.7916666666666666,0.75,0.5818965517241379,0.04166666666666663,0.2049448260507314,0.5590169943749475,5.523871783270652,insufficient_sample,11455.0,3271.0,0.6315005215318135
gladys_colclough,Gladys Colclough,Melvin Marxen,Central,account,Ron-tech,6,3,0.5,0.6243593608682544,0.6542056074766355,0.5818965517241379,-0.02984624660838109,0.037637520252319145,0.6123724356957945,0.0,insufficient_sample,8840.0,27.5,0.6315005215318135
gladys_colclough,Gladys Colclough,Melvin Marxen,Central,account,Rundofase,8,1,0.125,0.5432449494949496,0.6770833333333334,0.5818965517241379,-0.13383838383838376,-0.04347689112098563,0.7071067811865476,0.0,weak_fit,5109.0,0.0,0.6315005215318135
gladys_colclough,Gladys Colclough,Melvin Marxen,Central,account,Scottech,5,3,0.6,0.6194805194805195,0.6233766233766234,0.5818965517241379,-0.003896103896103842,0.03275867886458428,0.5590169943749475,0.4993737981148787,insufficient_sample,7248.0,57.0,0.6315005215318135
gladys_colclough,Gladys Colclough,Melvin Marxen,Central,account,Stanredtax,14,10,0.7142857142857143,0.6987179487179487,0.69,0.5818965517241379,0.008717948717948731,0.11199610810201344,0.9354143466934853,4.196764950029,strong_fit,21261.0,532.5,0.6315005215318135
gladys_colclough,Gladys Colclough,Melvin Marxen,Central,account,Statholdings,4,2,0.5,0.5269396551724138,0.53125,0.5818965517241379,-0.004310344827586188,-0.05978218544352143,0.5,0.0,insufficient_sample,116.0,24.0,0.6315005215318135
gladys_colclough,Gladys Colclough,Melvin Marxen,Central,account,Streethex,9,5,0.5555555555555556,0.5924773755656108,0.6057692307692307,0.5818965517241379,-0.013291855203619973,0.0057555349496755115,0.75,0.0,neutral,2283.0,53.0,0.6315005215318135
gladys_colclough,Gladys Colclough,Melvin Marxen,Central,account,Toughzap,4,2,0.5,0.6026272577996715,0.6190476190476191,0.5818965517241379,-0.016420361247947546,0.01590541718373628,0.5,0.0,insufficient_sample,4549.0,25.5,0.6315005215318135
gladys_colclough,Gladys Colclough,Melvin Marxen,Central,account,Treequote,8,6,0.75,0.6463693539165237,0.6132075471698113,0.5818965517241379,0.03316180674671243,0.059647513300588484,0.7071067811865476,3.0003816375065124,possible_fit,23944.0,3759.0,0.6315005215318135
gladys_colclough,Gladys Colclough,Melvin Marxen,Central,account,Warephase,9,6,0.6666666666666666,0.6860803727431567,0.693069306930693,0.5818965517241379,-0.006988934187536322,0.09935853212722145,0.75,2.2674509266971667,neutral,22856.0,3447.0,0.6315005215318135
gladys_colclough,Gladys Colclough,Melvin Marxen,Central,account,Zumgoity,3,3,1.0,0.6710526315789475,0.631578947368421,0.5818965517241379,0.03947368421052644,0.08433079096301221,0.4330127018922193,2.389090060152684,insufficient_sample,5147.0,640.0,0.6315005215318135
gladys_colclough,Gladys Colclough,Melvin Marxen,Central,account,dambase,6,3,0.5,0.5753278979085431,0.5934065934065934,0.5818965517241379,-0.0180786954980503,-0.011393942707392135,0.6123724356957945,0.0,insufficient_sample,6420.0,25.5,0.6315005215318135
hayden_neloms,Hayden Neloms,Celia Rouche,West,account,Blackzim,6,3,0.5,0.5624716038164471,0.5774647887323944,0.7039473684210527,-0.014993184915947255,-0.1312431591117752,0.6123724356957945,0.0,insufficient_sample,6877.0,29.0,0.6315005215318135
hayden_neloms,Hayden Neloms,Celia Rouche,West,account,Cheers,5,4,0.8,0.6611111111111111,0.6333333333333333,0.7039473684210527,0.02777777777777779,-0.03260365181711122,0.5590169943749475,0.37142639928794735,insufficient_sample,13673.0,3363.0,0.6315005215318135
hayden_neloms,Hayden Neloms,Celia Rouche,West,account,Condax,3,3,1.0,0.6967654986522911,0.660377358490566,0.7039473684210527,0.03638814016172509,0.003050735724068776,0.4330127018922193,1.0704095038893233,insufficient_sample,4183.0,59.0,0.6315005215318135
hayden_neloms,Hayden Neloms,Celia Rouche,West,account,Dalttechnology,4,2,0.5,0.6766534765404183,0.7049180327868853,0.7039473684210527,-0.028264556246466954,-0.01706128638780402,0.5,0.0,insufficient_sample,1254.0,29.5,0.6315005215318135
hayden_neloms,Hayden Neloms,Celia Rouche,West,account,Doncon,2,2,1.0,0.6197089947089948,0.5892857142857143,0.7039473684210527,0.030423280423280463,-0.07400576821922755,0.3535533905932738,0.0,insufficient_sample,3487.0,1743.5,0.6315005215318135
hayden_neloms,Hayden Neloms,Celia Rouche,West,account,Fasehatice,6,5,0.8333333333333334,0.6491437674233372,0.6049382716049383,0.7039473684210527,0.04420549581839894,-0.04457099550488508,0.6123724356957945,0.8042730466995117,insufficient_sample,6095.0,481.5,0.6315005215318135
hayden_neloms,Hayden Neloms,Celia Rouche,West,account,Faxquote,5,3,0.6,0.6263157894736843,0.631578947368421,0.7039473684210527,-0.0052631578947367474,-0.06739897345453805,0.5590169943749475,0.0,insufficient_sample,8917.0,2718.0,0.6315005215318135
hayden_neloms,Hayden Neloms,Celia Rouche,West,account,Finjob,9,9,1.0,0.7821350762527233,0.7037037037037037,0.7039473684210527,0.07843137254901955,0.08842031332450095,0.75,6.144562636532853,strong_fit,23384.0,3285.0,0.6315005215318135
hayden_neloms,Hayden Neloms,Celia Rouche,West,account,Golddex,3,2,0.6666666666666666,0.5794334975369458,0.5689655172413793,0.7039473684210527,0.010467980295566504,-0.11428126539127648,0.4330127018922193,0.0,insufficient_sample,2004.0,964.0,0.6315005215318135
hayden_neloms,Hayden Neloms,Celia Rouche,West,account,Goodsilron,7,5,0.7142857142857143,0.7333096590909091,0.7386363636363636,0.7039473684210527,-0.005326704545454586,0.039594896162686744,0.6614378277661477,0.6876212213562387,insufficient_sample,13767.0,975.0,0.6315005215318135
hayden_neloms,Hayden Neloms,Celia Rouche,West,account,Green-Plus,5,4,0.8,0.6078703703703704,0.5694444444444444,0.7039473684210527,0.038425925925925974,-0.08584439255785192,0.5590169943749475,0.0,insufficient_sample,10804.0,926.0,0.6315005215318135
hayden_neloms,Hayden Neloms,Celia Rouche,West,account,Groovestreet,5,4,0.8,0.6636363636363636,0.6363636363636364,0.7039473684210527,0.027272727272727226,-0.030078399291858737,0.5590169943749475,0.4024828989754416,insufficient_sample,8283.0,954.0,0.6315005215318135
hayden_neloms,Hayden Neloms,Celia Rouche,West,account,Hatfan,7,4,0.5714285714285714,0.5670230263157894,0.5657894736842105,0.7039473684210527,0.0012335526315788714,-0.12669173661243294,0.6614378277661477,0.0,insufficient_sample,9780.0,62.0,0.6315005215318135
hayden_neloms,Hayden Neloms,Celia Rouche,West,account,Hottechi,7,4,0.5714285714285714,0.5743199481865285,0.5751295336787565,0.7039473684210527,-0.0008095854922279822,-0.11939481474169378,0.6614378277661477,0.0,insufficient_sample,8417.0,974.0,0.6315005215318135
hayden_neloms,Hayden Neloms,Celia Rouche,West,account,J-Texon,6,4,0.6666666666666666,0.6813963764913831,0.684931506849315,0.7039473684210527,-0.0035351303579319593,-0.012318386436839246,0.6123724356957945,0.0,insufficient_sample,12681.0,2309.0,0.6315005215318135
hayden_neloms,Hayden Neloms,Celia Rouche,West,account,Kan-code,2,2,1.0,0.64349376114082,0.6149732620320856,0.7039473684210527,0.028520499108734443,-0.0502210017874023,0.3535533905932738,0.033975554352414755,insufficient_sample,8776.0,4388.0,0.6315005215318135
hayden_neloms,Hayden Neloms,Celia Rouche,West,account,Konex,5,4,0.8,0.6596491228070176,0.631578947368421,0.7039473684210527,0.02807017543859658,-0.03406564012120472,0.5590169943749475,0.35344632052150565,insufficient_sample,14032.0,3664.0,0.6315005215318135
hayden_neloms,Hayden Neloms,Celia Rouche,West,account,Labdrill,7,6,0.8571428571428571,0.693661971830986,0.647887323943662,0.7039473684210527,0.045774647887323994,-5.279109723632658e-05,0.6614378277661477,1.9667883072440224,insufficient_sample,22350.0,3331.0,0.6315005215318135
hayden_neloms,Hayden Neloms,Celia Rouche,West,account,Lexiqvolax,2,0,0.0,0.5471380471380471,0.5909090909090909,0.7039473684210527,-0.043771043771043794,-0.14657671579017517,0.3535533905932738,0.0,insufficient_sample,0.0,0.0,0.6315005215318135
hayden_neloms,Hayden Neloms,Celia Rouche,West,account,Nam-zim,3,1,0.3333333333333333,0.5851648351648352,0.6153846153846154,0.7039473684210527,-0.030219780219780223,-0.10854992776338712,0.4330127018922193,0.0,insufficient_sample,59.0,0.0,0.6315005215318135
hayden_neloms,Hayden Neloms,Celia Rouche,West,account,Newex,3,1,0.3333333333333333,0.6834733893557423,0.7254901960784313,0.7039473684210527,-0.04201680672268904,-0.010241373572480006,0.4330127018922193,0.0,insufficient_sample,3224.0,0.0,0.6315005215318135
hayden_neloms,Hayden Neloms,Celia Rouche,West,account,Plexzap,5,3,0.6,0.6292792792792793,0.6351351351351351,0.7039473684210527,-0.005855855855855796,-0.06443548364894303,0.5590169943749475,0.0,insufficient_sample,7743.0,1232.0,0.6315005215318135
hayden_neloms,Hayden Neloms,Celia Rouche,West,account,Plusstrip,2,2,1.0,0.7383252818035427,0.717391304347826,0.7039473684210527,0.02093397745571668,0.044610518875320415,0.3535533905932738,1.033110123181983,insufficient_sample,4613.0,2306.5,0.6315005215318135
hayden_neloms,Hayden Neloms,Celia Rouche,West,account,Rantouch,4,2,0.5,0.5729442970822282,0.5846153846153846,0.7039473684210527,-0.011671087533156488,-0.12077046584599416,0.5,0.0,insufficient_sample,2196.0,519.5,0.6315005215318135
hayden_neloms,Hayden Neloms,Celia Rouche,West,account,Scotfind,8,5,0.625,0.6694495980210267,0.6836734693877551,0.7039473684210527,-0.014223871366728424,-0.024265164907195658,0.7071067811865476,0.0,neutral,19883.0,3222.5,0.6315005215318135
hayden_neloms,Hayden Neloms,Celia Rouche,West,account,Singletechno,8,7,0.875,0.7365967365967365,0.6923076923076923,0.7039473684210527,0.04428904428904423,0.042881973668514206,0.7071067811865476,3.096885133696971,possible_fit,18766.0,2325.0,0.6315005215318135
hayden_neloms,Hayden Neloms,Celia Rouche,West,account,Sonron,6,5,0.8333333333333334,0.6694653115333628,0.6301369863013698,0.7039473684210527,0.03932832523199292,-0.024249451394859567,0.6123724356957945,1.0456935038963795,insufficient_sample,12598.0,2179.0,0.6315005215318135
hayden_neloms,Hayden Neloms,Celia Rouche,West,account,Sunnamplex,4,4,1.0,0.70841784989858,0.6617647058823529,0.7039473684210527,0.04665314401622711,0.014703086970357715,0.5,1.7735312025086412,insufficient_sample,11767.0,3428.0,0.6315005215318135
hayden_neloms,Hayden Neloms,Celia Rouche,West,account,Xx-holding,5,3,0.6,0.6063291139240508,0.6075949367088608,0.7039473684210527,-0.0012658227848100223,-0.08738564900417156,0.5590169943749475,0.0,insufficient_sample,9440.0,2927.0,0.6315005215318135
hayden_neloms,Hayden Neloms,Celia Rouche,West,account,Y-corporation,5,3,0.6,0.6294117647058823,0.6352941176470588,0.7039473684210527,-0.00588235294117645,-0.06430299822233998,0.5590169943749475,0.0,insufficient_sample,3005.0,49.0,0.6315005215318135
hayden_neloms,Hayden Neloms,Celia Rouche,West,account,Zoomit,3,1,0.3333333333333333,0.6762422360248447,0.717391304347826,0.7039473684210527,-0.041149068322981375,-0.01747252690337764,0.4330127018922193,0.0,insufficient_sample,53.0,0.0,0.6315005215318135
james_ascencio,James Ascencio,Summer Sewald,West,account,Blackzim,3,3,1.0,0.6227364185110664,0.5774647887323944,0.6553398058252428,0.04527162977867205,-0.030023378191510797,0.4330127018922193,0.8191897535469266,insufficient_sample,5632.0,570.0,0.6315005215318135
james_ascencio,James Ascencio,Summer Sewald,West,account,Cheers,11,7,0.6363636363636364,0.6342592592592592,0.6333333333333333,0.6553398058252428,0.0009259259259258856,-0.018500537443318033,0.82915619758885,0.0,neutral,31008.0,3294.0,0.6315005215318135
james_ascencio,James Ascencio,Summer Sewald,West,account,Condax,2,2,1.0,0.6855345911949685,0.660377358490566,0.6553398058252428,0.02515723270440251,0.03277479449239129,0.3535533905932738,0.9837050099954521,insufficient_sample,5781.0,2890.5,0.6315005215318135
james_ascencio,James Ascencio,Summer Sewald,West,account,Dalttechnology,1,1,1.0,0.7162673392181589,0.7049180327868853,0.6553398058252428,0.011349306431273631,0.06350754251558166,0.25,0.7401172265195359,insufficient_sample,3813.0,3813.0,0.6315005215318135
james_ascencio,James Ascencio,Summer Sewald,West,account,Doncon,6,4,0.6666666666666666,0.6042626728110599,0.5892857142857143,0.6553398058252428,0.01497695852534564,-0.04849712389151728,0.6123724356957945,0.0,insufficient_sample,12818.0,522.0,0.6315005215318135
james_ascencio,James Ascencio,Summer Sewald,West,account,Fasehatice,10,7,0.7,0.6320987654320988,0.6049382716049383,0.6553398058252428,0.02716049382716046,-0.02066103127047847,0.7905694150420949,0.824007342419123,neutral,29888.0,4227.5,0.6315005215318135
james_ascencio,James Ascencio,Summer Sewald,West,account,Faxquote,5,4,0.8,0.6596491228070176,0.631578947368421,0.6553398058252428,0.02807017543859658,0.006889326104440374,0.5590169943749475,1.1547545948680717,insufficient_sample,11036.0,589.0,0.6315005215318135
james_ascencio,James Ascencio,Summer Sewald,West,account,Finjob,6,5,0.8333333333333334,0.7287933094384706,0.7037037037037037,0.6553398058252428,0.02508960573476693,0.07603351273589343,0.6123724356957945,2.628300851939535,insufficient_sample,13767.0,2204.0,0.6315005215318135
james_ascencio,James Ascencio,Summer Sewald,West,account,Golddex,11,4,0.36363636363636365,0.5062260536398467,0.5689655172413793,0.6553398058252428,-0.0627394636015326,-0.14653374306273048,0.82915619758885,0.0,weak_fit,6713.0,0.0,0.6315005215318135
james_ascencio,James Ascencio,Summer Sewald,West,account,Goodsilron,12,8,0.6666666666666666,0.7152948402948403,0.7386363636363636,0.6553398058252428,-0.023341523341523396,0.06253504359226303,0.8660254037844386,0.5815598817272115,weak_fit,24277.0,244.0,0.6315005215318135
james_ascencio,James Ascencio,Summer Sewald,West,account,Green-Plus,6,3,0.5,0.5560035842293907,0.5694444444444444,0.6553398058252428,-0.013440860215053752,-0.09675621247318655,0.6123724356957945,0.0,insufficient_sample,10587.0,238.0,0.6315005215318135
james_ascencio,James Ascencio,Summer Sewald,West,account,Groovestreet,4,3,0.75,0.6520376175548589,0.6363636363636364,0.6553398058252428,0.01567398119122254,-0.000722179147718327,0.5,0.4967662536296619,insufficient_sample,11466.0,2860.5,0.6315005215318135
james_ascencio,James Ascencio,Summer Sewald,West,account,Hatfan,8,5,0.625,0.5801435406698564,0.5657894736842105,0.6553398058252428,0.014354066985645897,-0.07261625603272082,0.7071067811865476,0.0,neutral,13858.0,493.5,0.6315005215318135
james_ascencio,James Ascencio,Summer Sewald,West,account,Hottechi,5,4,0.8,0.6126079447322971,0.5751295336787565,0.6553398058252428,0.03747841105354055,-0.04015185197028015,0.5590169943749475,0.5762245993259543,insufficient_sample,6805.0,551.0,0.6315005215318135
james_ascencio,James Ascencio,Summer Sewald,West,account,J-Texon,7,6,0.8571428571428571,0.7226027397260274,0.684931506849315,0.6553398058252428,0.03767123287671237,0.06984294302345018,0.6614378277661477,3.236503356948845,insufficient_sample,20723.0,4066.0,0.6315005215318135
james_ascencio,James Ascencio,Summer Sewald,West,account,Kan-code,10,7,0.7,0.639266615737204,0.6149732620320856,0.6553398058252428,0.024293353705118426,-0.01349318096537322,0.7905694150420949,0.8750074914244738,neutral,22762.0,1920.5,0.6315005215318135
james_ascencio,James Ascencio,Summer Sewald,West,account,Konex,6,3,0.5,0.6061120543293719,0.631578947368421,0.6553398058252428,-0.025466893039049143,-0.04664774237320535,0.6123724356957945,0.0,insufficient_sample,10115.0,524.5,0.6315005215318135
james_ascencio,James Ascencio,Summer Sewald,West,account,Labdrill,8,4,0.5,0.6120358514724713,0.647887323943662,0.6553398058252428,-0.03585147247119069,-0.04072394523010592,0.7071067811865476,0.0,weak_fit,8285.0,254.0,0.6315005215318135
james_ascencio,James Ascencio,Summer Sewald,West,account,Lexiqvolax,10,5,0.5,0.564935064935065,0.5909090909090909,0.6553398058252428,-0.025974025974025983,-0.08782473176751227,0.7905694150420949,0.0,weak_fit,25223.0,589.0,0.6315005215318135
james_ascencio,James Ascencio,Summer Sewald,West,account,Nam-zim,2,2,1.0,0.643874643874644,0.6153846153846154,0.6553398058252428,0.028490028490028574,-0.00888515282793323,0.3535533905932738,0.5447803443097249,insufficient_sample,6544.0,3272.0,0.6315005215318135
james_ascencio,James Ascencio,Summer Sewald,West,account,Newex,7,6,0.8571428571428571,0.7542892156862745,0.7254901960784313,0.6553398058252428,0.028799019607843146,0.10152941898369727,0.6614378277661477,3.588608405271173,insufficient_sample,16677.0,546.0,0.6315005215318135
james_ascencio,James Ascencio,Summer Sewald,West,account,Plexzap,6,4,0.6666666666666666,0.6412380122057542,0.6351351351351351,0.6553398058252428,0.006102877070619073,-0.011521784496823062,0.6123724356957945,0.0,insufficient_sample,7734.0,788.5,0.6315005215318135
james_ascencio,James Ascencio,Summer Sewald,West,account,Plusstrip,5,4,0.8,0.731159420289855,0.717391304347826,0.6553398058252428,0.01376811594202898,0.07839962358727781,0.5590169943749475,2.034214969313779,insufficient_sample,17029.0,5440.0,0.6315005215318135
james_ascencio,James Ascencio,Summer Sewald,West,account,Rantouch,6,2,0.3333333333333333,0.5359801488833748,0.5846153846153846,0.6553398058252428,-0.048635235732009896,-0.11677964781920247,0.6123724356957945,0.0,insufficient_sample,5718.0,0.0,0.6315005215318135
james_ascencio,James Ascencio,Summer Sewald,West,account,Scotfind,6,6,1.0,0.7448979591836735,0.6836734693877551,0.6553398058252428,0.061224489795918435,0.0921381624810963,0.6123724356957945,4.411792830404261,insufficient_sample,19720.0,3999.0,0.6315005215318135
james_ascencio,James Ascencio,Summer Sewald,West,account,Singletechno,14,7,0.5,0.6232741617357002,0.6923076923076923,0.6553398058252428,-0.06903353057199213,-0.02948563496687706,0.9354143466934853,0.0,weak_fit,12390.0,32.5,0.6315005215318135
james_ascencio,James Ascencio,Summer Sewald,West,account,Sonron,4,3,0.75,0.646669815777043,0.6301369863013698,0.6553398058252428,0.01653282947567314,-0.006089980925534255,0.5,0.4307422917625276,insufficient_sample,6281.0,807.0,0.6315005215318135
james_ascencio,James Ascencio,Summer Sewald,West,account,Sunnamplex,10,7,0.7,0.672689075630252,0.6617647058823529,0.6553398058252428,0.01092436974789912,0.01992927892767482,0.7905694150420949,1.1128124625267026,neutral,22550.0,2128.5,0.6315005215318135
james_ascencio,James Ascencio,Summer Sewald,West,account,Xx-holding,6,4,0.6666666666666666,0.6190281747652103,0.6075949367088608,0.6553398058252428,0.011433238056349548,-0.033731621937366896,0.6123724356957945,0.0,insufficient_sample,11630.0,861.5,0.6315005215318135
james_ascencio,James Ascencio,Summer Sewald,West,account,Y-corporation,7,4,0.5714285714285714,0.6213235294117647,0.6352941176470588,0.6553398058252428,-0.013970588235294068,-0.0314362672908125,0.6614378277661477,0.0,insufficient_sample,12116.0,535.0,0.6315005215318135
james_ascencio,James Ascencio,Summer Sewald,West,account,Zoomit,2,1,0.5,0.7012882447665056,0.717391304347826,0.6553398058252428,-0.01610305958132041,0.04852844806392842,0.3535533905932738,0.23044497195951508,insufficient_sample,587.0,293.5,0.6315005215318135
jonathan_berthelot,Jonathan Berthelot,Melvin Marxen,Central,account,Betatech,5,3,0.6,0.6135658914728682,0.6162790697674418,0.6477272727272727,-0.002713178294573626,-0.03275768305410531,0.5590169943749475,0.0,insufficient_sample,2347.0,519.0,0.6315005215318135
jonathan_berthelot,Jonathan Berthelot,Melvin Marxen,Central,account,Bioholding,5,3,0.6,0.5901960784313726,0.5882352941176471,0.6477272727272727,0.0019607843137254832,-0.05612749609560097,0.5590169943749475,0.0,insufficient_sample,6419.0,62.0,0.6315005215318135
jonathan_berthelot,Jonathan Berthelot,Melvin Marxen,Central,account,Cancity,8,7,0.875,0.6601498859563376,0.5913978494623656,0.6477272727272727,0.06875203649397199,0.01382631142936408,0.7071067811865476,3.5021607796102328,strong_fit,7209.0,474.0,0.6315005215318135
jonathan_berthelot,Jonathan Berthelot,Melvin Marxen,Central,account,Codehow,11,7,0.6363636363636364,0.6217948717948718,0.6153846153846154,0.6477272727272727,0.0064102564102563875,-0.024528702732101726,0.82915619758885,0.0,neutral,9951.0,546.0,0.6315005215318135
jonathan_berthelot,Jonathan Berthelot,Melvin Marxen,Central,account,Condax,3,1,0.3333333333333333,0.6253369272237197,0.660377358490566,0.6477272727272727,-0.035040431266846306,-0.020986647303253836,0.4330127018922193,0.0,insufficient_sample,57.0,0.0,0.6315005215318135
jonathan_berthelot,Jonathan Berthelot,Melvin Marxen,Central,account,Conecom,15,11,0.7333333333333333,0.6585227272727273,0.6136363636363636,0.6477272727272727,0.04488636363636367,0.012199152745753783,0.9682458365518543,3.2383795160197772,possible_fit,17853.0,657.0,0.6315005215318135
jonathan_berthelot,Jonathan Berthelot,Melvin Marxen,Central,account,Domzoom,7,5,0.7142857142857143,0.687099358974359,0.6794871794871795,0.6477272727272727,0.007612179487179516,0.0407757844473855,0.6614378277661477,1.2712465453586697,insufficient_sample,9375.0,68.0,0.6315005215318135
jonathan_berthelot,Jonathan Berthelot,Melvin Marxen,Central,account,Dontechi,12,6,0.5,0.5664125664125664,0.5982905982905983,0.6477272727272727,-0.03187803187803184,-0.0799110081144071,0.8660254037844386,0.0,weak_fit,5487.0,32.0,0.6315005215318135
jonathan_berthelot,Jonathan Berthelot,Melvin Marxen,Central,account,Finhigh,8,5,0.625,0.5913978494623656,0.5806451612903226,0.6477272727272727,0.010752688172043001,-0.05492572506460791,0.7071067811865476,0.0,neutral,16819.0,841.5,0.6315005215318135
jonathan_berthelot,Jonathan Berthelot,Melvin Marxen,Central,account,Funholding,10,7,0.7,0.6256854256854256,0.5959595959595959,0.6477272727272727,0.02972582972582971,-0.02063814884154791,0.7905694150420949,0.9564654441668594,neutral,16456.0,828.5,0.6315005215318135
jonathan_berthelot,Jonathan Berthelot,Melvin Marxen,Central,account,Genco Pura Olive Oil Company,8,5,0.625,0.6217345872518286,0.6206896551724138,0.6477272727272727,0.0010449320794148065,-0.024588987275144913,0.7071067811865476,0.0,neutral,9674.0,515.5,0.6315005215318135
jonathan_berthelot,Jonathan Berthelot,Melvin Marxen,Central,account,Globex Corporation,13,9,0.6923076923076923,0.6238390092879257,0.5882352941176471,0.6477272727272727,0.035603715170278605,-0.02248456523904785,0.9013878188659973,1.3766731227919926,neutral,13542.0,525.0,0.6315005215318135
jonathan_berthelot,Jonathan Berthelot,Melvin Marxen,Central,account,Gogozoom,8,7,0.875,0.7413864674138647,0.6986301369863014,0.6477272727272727,0.04275633042756333,0.09506289288689118,0.7071067811865476,4.31785049394247,strong_fit,3507.0,321.0,0.6315005215318135
jonathan_berthelot,Jonathan Berthelot,Melvin Marxen,Central,account,Hottechi,17,12,0.7058823529411765,0.6280532938564027,0.5751295336787565,0.6477272727272727,0.05292376017764622,-0.018270280670570793,1.0,2.800584588077027,possible_fit,23840.0,543.0,0.6315005215318135
jonathan_berthelot,Jonathan Berthelot,Melvin Marxen,Central,account,Inity,9,8,0.8888888888888888,0.7352941176470589,0.68,0.6477272727272727,0.05529411764705883,0.08897054312008534,0.75,5.031064992196358,strong_fit,7507.0,556.0,0.6315005215318135
jonathan_berthelot,Jonathan Berthelot,Melvin Marxen,Central,account,Isdom,8,4,0.5,0.5608766233766235,0.5803571428571429,0.6477272727272727,-0.01948051948051943,-0.08544695115035006,0.7071067811865476,0.0,neutral,6996.0,259.5,0.6315005215318135
jonathan_berthelot,Jonathan Berthelot,Melvin Marxen,Central,account,Konmatfix,4,2,0.5,0.634698275862069,0.65625,0.6477272727272727,-0.02155172413793105,-0.011625298664904582,0.5,0.0,insufficient_sample,6321.0,629.0,0.6315005215318135
jonathan_berthelot,Jonathan Berthelot,Melvin Marxen,Central,account,Rangreen,11,11,1.0,0.8263888888888888,0.75,0.6477272727272727,0.07638888888888884,0.1800653143619153,0.82915619758885,9.342570340283467,strong_fit,19588.0,544.0,0.6315005215318135
jonathan_berthelot,Jonathan Berthelot,Melvin Marxen,Central,account,Ron-tech,8,6,0.75,0.6774284905126026,0.6542056074766355,0.6477272727272727,0.02322288303596709,0.031104915985629034,0.7071067811865476,1.8371761705318983,possible_fit,12773.0,731.0,0.6315005215318135
jonathan_berthelot,Jonathan Berthelot,Melvin Marxen,Central,account,Rundofase,15,9,0.6,0.6481770833333333,0.6770833333333334,0.6477272727272727,-0.028906250000000022,0.001853508806359816,0.9682458365518543,0.0,weak_fit,17498.0,528.0,0.6315005215318135
jonathan_berthelot,Jonathan Berthelot,Melvin Marxen,Central,account,Scottech,7,4,0.5714285714285714,0.612012987012987,0.6233766233766234,0.6477272727272727,-0.011363636363636354,-0.034310587513986524,0.6614378277661477,0.0,insufficient_sample,2235.0,528.0,0.6315005215318135
jonathan_berthelot,Jonathan Berthelot,Melvin Marxen,Central,account,Stanredtax,12,5,0.4166666666666667,0.6013513513513513,0.69,0.6477272727272727,-0.08864864864864863,-0.04497222317562222,0.8660254037844386,0.0,weak_fit,6791.0,0.0,0.6315005215318135
jonathan_berthelot,Jonathan Berthelot,Melvin Marxen,Central,account,Statholdings,6,2,0.3333333333333333,0.49294354838709675,0.53125,0.6477272727272727,-0.03830645161290325,-0.15338002613987678,0.6123724356957945,0.0,insufficient_sample,5463.0,0.0,0.6315005215318135
jonathan_berthelot,Jonathan Berthelot,Melvin Marxen,Central,account,Streethex,10,9,0.9,0.6898351648351647,0.6057692307692307,0.6477272727272727,0.08406593406593399,0.043511590308191184,0.7905694150420949,5.523859798178158,strong_fit,18575.0,596.5,0.6315005215318135
jonathan_berthelot,Jonathan Berthelot,Melvin Marxen,Central,account,Toughzap,6,3,0.5,0.5960061443932411,0.6190476190476191,0.6477272727272727,-0.023041474654378002,-0.050317430133732466,0.6123724356957945,0.0,insufficient_sample,2314.0,306.0,0.6315005215318135
jonathan_berthelot,Jonathan Berthelot,Melvin Marxen,Central,account,Treequote,14,9,0.6428571428571429,0.6238509917755201,0.6132075471698113,0.6477272727272727,0.010643444605708763,-0.022472582751453474,0.9354143466934853,0.0,neutral,15912.0,297.5,0.6315005215318135
jonathan_berthelot,Jonathan Berthelot,Melvin Marxen,Central,account,Warephase,11,5,0.45454545454545453,0.6201870187018702,0.693069306930693,0.6477272727272727,-0.07288228822882281,-0.026136555825103325,0.82915619758885,0.0,weak_fit,5149.0,0.0,0.6315005215318135
jonathan_berthelot,Jonathan Berthelot,Melvin Marxen,Central,account,Zumgoity,5,5,1.0,0.6929824561403509,0.631578947368421,0.6477272727272727,0.061403508771929904,0.04665888161337739,0.5590169943749475,3.144073091268634,insufficient_sample,9237.0,1144.0,0.6315005215318135
jonathan_berthelot,Jonathan Berthelot,Melvin Marxen,Central,account,dambase,8,1,0.125,0.47985347985347987,0.5934065934065934,0.6477272727272727,-0.11355311355311354,-0.16647009467349366,0.7071067811865476,0.0,weak_fit,5991.0,0.0,0.6315005215318135
kami_bicknell,Kami Bicknell,Summer Sewald,West,account,Blackzim,12,6,0.5,0.552341073467834,0.5774647887323944,0.6397058823529411,-0.025123715264560365,-0.08667412194730184,0.8660254037844386,0.0,weak_fit,14175.0,29.5,0.6315005215318135
kami_bicknell,Kami Bicknell,Summer Sewald,West,account,Cheers,12,7,0.5833333333333334,0.617117117117117,0.6333333333333333,0.6397058823529411,-0.016216216216216273,-0.02189807829801882,0.8660254037844386,0.0,neutral,9491.0,554.0,0.6315005215318135
kami_bicknell,Kami Bicknell,Summer Sewald,West,account,Condax,6,4,0.6666666666666666,0.6615946439440049,0.660377358490566,0.6397058823529411,0.00121728545343891,0.02257944852886906,0.6123724356957945,0.5323992000040619,insufficient_sample,2208.0,55.5,0.6315005215318135
kami_bicknell,Kami Bicknell,Summer Sewald,West,account,Dalttechnology,6,5,0.8333333333333334,0.7297726070861977,0.7049180327868853,0.6397058823529411,0.024854574299312482,0.09075741167106188,0.6123724356957945,2.9345234566062786,insufficient_sample,2141.0,260.5,0.6315005215318135
kami_bicknell,Kami Bicknell,Summer Sewald,West,account,Doncon,5,4,0.8,0.6244047619047619,0.5892857142857143,0.6397058823529411,0.035119047619047605,-0.014610433510373944,0.5590169943749475,0.9902275669832433,insufficient_sample,724.0,58.0,0.6315005215318135
kami_bicknell,Kami Bicknell,Summer Sewald,West,account,Fasehatice,7,4,0.5714285714285714,0.597608024691358,0.6049382716049383,0.6397058823529411,-0.007330246913580307,-0.041407170723777864,0.6614378277661477,0.0,insufficient_sample,8639.0,56.0,0.6315005215318135
kami_bicknell,Kami Bicknell,Summer Sewald,West,account,Faxquote,12,7,0.5833333333333334,0.6159317211948792,0.631578947368421,0.6397058823529411,-0.01564722617354186,-0.023083474220256694,0.8660254037844386,0.0,neutral,16471.0,554.5,0.6315005215318135
kami_bicknell,Kami Bicknell,Summer Sewald,West,account,Finjob,13,10,0.7692307692307693,0.7261208576998051,0.7037037037037037,0.6397058823529411,0.022417153996101336,0.0871056622846692,0.9013878188659973,4.061485123290347,strong_fit,20563.0,566.0,0.6315005215318135
kami_bicknell,Kami Bicknell,Summer Sewald,West,account,Golddex,8,4,0.5,0.552246603970742,0.5689655172413793,0.6397058823529411,-0.016718913270637348,-0.08676859144439386,0.7071067811865476,0.0,neutral,5821.0,296.0,0.6315005215318135
kami_bicknell,Kami Bicknell,Summer Sewald,West,account,Goodsilron,11,8,0.7272727272727273,0.7351641414141414,0.7386363636363636,0.6397058823529411,-0.00347222222222221,0.09614894599900559,0.82915619758885,2.603151358962407,neutral,19383.0,519.0,0.6315005215318135
kami_bicknell,Kami Bicknell,Summer Sewald,West,account,Green-Plus,6,4,0.6666666666666666,0.5882616487455197,0.5694444444444444,0.6397058823529411,0.018817204301075252,-0.05075354666961618,0.6123724356957945,0.0,insufficient_sample,12307.0,552.0,0.6315005215318135
kami_bicknell,Kami Bicknell,Summer Sewald,West,account,Groovestreet,5,3,0.6,0.6303030303030303,0.6363636363636364,0.6397058823529411,-0.0060606060606061,-0.008712165112105597,0.5590169943749475,0.0,insufficient_sample,4414.0,437.0,0.6315005215318135
kami_bicknell,Kami Bicknell,Summer Sewald,West,account,Hatfan,5,4,0.8,0.6048245614035087,0.5657894736842105,0.6397058823529411,0.0390350877192982,-0.03419063401162714,0.5590169943749475,0.7494229406469147,insufficient_sample,7585.0,531.0,0.6315005215318135
kami_bicknell,Kami Bicknell,Summer Sewald,West,account,Hottechi,10,7,0.7,0.6108068097705404,0.5751295336787565,0.6397058823529411,0.03567727609178384,-0.02820838564459549,0.7905694150420949,1.0528245710199575,neutral,3993.0,516.5,0.6315005215318135
kami_bicknell,Kami Bicknell,Summer Sewald,West,account,J-Texon,9,6,0.6666666666666666,0.6800966962127317,0.684931506849315,0.6397058823529411,-0.004834810636583309,0.04108150079759587,0.75,0.8426923774034553,neutral,8740.0,565.0,0.6315005215318135
kami_bicknell,Kami Bicknell,Summer Sewald,West,account,Kan-code,10,6,0.6,0.6106951871657754,0.6149732620320856,0.6397058823529411,-0.004278074866310155,-0.02832000824936043,0.7905694150420949,0.0,neutral,17815.0,490.0,0.6315005215318135
kami_bicknell,Kami Bicknell,Summer Sewald,West,account,Konex,12,7,0.5833333333333334,0.6159317211948792,0.631578947368421,0.6397058823529411,-0.01564722617354186,-0.023083474220256694,0.8660254037844386,0.0,neutral,9486.0,286.0,0.6315005215318135
kami_bicknell,Kami Bicknell,Summer Sewald,West,account,Labdrill,11,7,0.6363636363636364,0.6443661971830986,0.647887323943662,0.6397058823529411,-0.0035211267605633756,0.005351001767962771,0.82915619758885,0.0,neutral,21059.0,885.0,0.6315005215318135
kami_bicknell,Kami Bicknell,Summer Sewald,West,account,Lexiqvolax,8,7,0.875,0.6597796143250689,0.5909090909090909,0.6397058823529411,0.06887052341597799,0.02076441890993308,0.7071067811865476,3.679316068186237,strong_fit,7098.0,486.0,0.6315005215318135
kami_bicknell,Kami Bicknell,Summer Sewald,West,account,Nam-zim,10,4,0.4,0.5538461538461539,0.6153846153846154,0.6397058823529411,-0.06153846153846154,-0.08516904156898197,0.7905694150420949,0.0,weak_fit,12585.0,0.0,0.6315005215318135
kami_bicknell,Kami Bicknell,Summer Sewald,West,account,Newex,5,4,0.8,0.7379084967320261,0.7254901960784313,0.6397058823529411,0.012418300653594727,0.09889330131689023,0.5590169943749475,2.3861389342395434,insufficient_sample,10200.0,562.0,0.6315005215318135
kami_bicknell,Kami Bicknell,Summer Sewald,West,account,Plexzap,9,5,0.5555555555555556,0.6140699523052464,0.6351351351351351,0.6397058823529411,-0.021065182829888673,-0.024945243109889437,0.75,0.0,weak_fit,6584.0,53.0,0.6315005215318135
kami_bicknell,Kami Bicknell,Summer Sewald,West,account,Plusstrip,7,6,0.8571428571428571,0.7479619565217391,0.717391304347826,0.6397058823529411,0.030570652173913082,0.10894676110660328,0.6614378277661477,3.8364908901728083,insufficient_sample,14260.0,1082.0,0.6315005215318135
kami_bicknell,Kami Bicknell,Summer Sewald,West,account,Rantouch,8,3,0.375,0.5337995337995338,0.5846153846153846,0.6397058823529411,-0.05081585081585083,-0.10521566161560203,0.7071067811865476,0.0,weak_fit,1218.0,0.0,0.6315005215318135
kami_bicknell,Kami Bicknell,Summer Sewald,West,account,Scotfind,10,8,0.8,0.7169096209912537,0.6836734693877551,0.6397058823529411,0.033236151603498576,0.07789442557611781,0.7905694150420949,3.8632397867391375,strong_fit,17258.0,557.5,0.6315005215318135
kami_bicknell,Kami Bicknell,Summer Sewald,West,account,Singletechno,12,9,0.75,0.711018711018711,0.6923076923076923,0.6397058823529411,0.018711018711018657,0.0720035156035751,0.8660254037844386,3.235764718344811,possible_fit,23073.0,872.0,0.6315005215318135
kami_bicknell,Kami Bicknell,Summer Sewald,West,account,Sonron,7,3,0.42857142857142855,0.5860445205479452,0.6301369863013698,0.6397058823529411,-0.044092465753424626,-0.05297067486719065,0.6614378277661477,0.0,insufficient_sample,6507.0,0.0,0.6315005215318135
kami_bicknell,Kami Bicknell,Summer Sewald,West,account,Sunnamplex,14,10,0.7142857142857143,0.6806184012066365,0.6617647058823529,0.6397058823529411,0.018853695324283604,0.041603205791500675,0.9354143466934853,2.508409355947373,possible_fit,21803.0,506.0,0.6315005215318135
kami_bicknell,Kami Bicknell,Summer Sewald,West,account,Xx-holding,9,4,0.4444444444444444,0.5644080416976918,0.6075949367088608,0.6397058823529411,-0.04318689501116901,-0.07460715371744409,0.75,0.0,weak_fit,5855.0,0.0,0.6315005215318135
kami_bicknell,Kami Bicknell,Summer Sewald,West,account,Y-corporation,8,4,0.5,0.6024955436720143,0.6352941176470588,0.6397058823529411,-0.03279857397504449,-0.03651965174312155,0.7071067811865476,0.0,weak_fit,2233.0,25.5,0.6315005215318135
kami_bicknell,Kami Bicknell,Summer Sewald,West,account,Zoomit,5,4,0.8,0.731159420289855,0.717391304347826,0.6397058823529411,0.01376811594202898,0.09214422487471918,0.5590169943749475,2.303136268834342,insufficient_sample,2767.0,590.0,0.6315005215318135
kary_hendrixson,Kary Hendrixson,Summer Sewald,West,account,Blackzim,9,3,0.3333333333333333,0.5128417564208783,0.5774647887323944,0.6238805970149254,-0.06462303231151612,-0.11156800201883099,0.75,0.0,weak_fit,12817.0,0.0,0.6315005215318135
kary_hendrixson,Kary Hendrixson,Summer Sewald,West,account,Cheers,11,7,0.6363636363636364,0.6342592592592592,0.6333333333333333,0.6238805970149254,0.0009259259259258856,0.009849500819549939,0.82915619758885,0.3357400319683468,neutral,8471.0,488.0,0.6315005215318135
kary_hendrixson,Kary Hendrixson,Summer Sewald,West,account,Condax,7,6,0.8571428571428571,0.7034198113207547,0.660377358490566,0.6238805970149254,0.043042452830188704,0.07901005288104546,0.6614378277661477,3.6796522438386985,insufficient_sample,12362.0,983.0,0.6315005215318135
kary_hendrixson,Kary Hendrixson,Summer Sewald,West,account,Dalttechnology,8,5,0.625,0.6855439642324888,0.7049180327868853,0.6238805970149254,-0.019374068554396495,0.061134205792779506,0.7071067811865476,0.6225246102393477,neutral,6661.0,268.0,0.6315005215318135
kary_hendrixson,Kary Hendrixson,Summer Sewald,West,account,Doncon,11,6,0.5454545454545454,0.5758928571428572,0.5892857142857143,0.6238805970149254,-0.013392857142857095,-0.048516901296852044,0.82915619758885,0.0,neutral,17275.0,58.0,0.6315005215318135
kary_hendrixson,Kary Hendrixson,Summer Sewald,West,account,Fasehatice,13,8,0.6153846153846154,0.6085120207927225,0.6049382716049383,0.6238805970149254,0.003573749187784192,-0.015897737646986765,0.9013878188659973,0.0,neutral,23624.0,555.0,0.6315005215318135
kary_hendrixson,Kary Hendrixson,Summer Sewald,West,account,Faxquote,12,8,0.6666666666666666,0.6429587482219061,0.631578947368421,0.6238805970149254,0.011379800853485111,0.01854898978219688,0.8660254037844386,1.202824153700403,neutral,19300.0,513.5,0.6315005215318135
kary_hendrixson,Kary Hendrixson,Summer Sewald,West,account,Finjob,7,4,0.5714285714285714,0.6747685185185185,0.7037037037037037,0.6238805970149254,-0.02893518518518523,0.05035876007880924,0.6614378277661477,0.0,insufficient_sample,1142.0,52.0,0.6315005215318135
kary_hendrixson,Kary Hendrixson,Summer Sewald,West,account,Golddex,7,5,0.7142857142857143,0.6007543103448276,0.5689655172413793,0.6238805970149254,0.03178879310344829,-0.023655448094881626,0.6614378277661477,0.8190788796524341,insufficient_sample,6850.0,571.0,0.6315005215318135
kary_hendrixson,Kary Hendrixson,Summer Sewald,West,account,Goodsilron,6,5,0.8333333333333334,0.7569648093841642,0.7386363636363636,0.6238805970149254,0.01832844574780057,0.13255505094445497,0.6123724356957945,3.5706063521036864,insufficient_sample,2874.0,559.0,0.6315005215318135
kary_hendrixson,Kary Hendrixson,Summer Sewald,West,account,Green-Plus,9,4,0.4444444444444444,0.5363562091503268,0.5694444444444444,0.6238805970149254,-0.03308823529411764,-0.08805354928938247,0.75,0.0,weak_fit,2116.0,0.0,0.6315005215318135
kary_hendrixson,Kary Hendrixson,Summer Sewald,West,account,Groovestreet,7,3,0.42857142857142855,0.5909090909090908,0.6363636363636364,0.6238805970149254,-0.045454545454545525,-0.03350066753061842,0.6614378277661477,0.0,insufficient_sample,6331.0,0.0,0.6315005215318135
kary_hendrixson,Kary Hendrixson,Summer Sewald,West,account,Hatfan,13,8,0.6153846153846154,0.5827562326869805,0.5657894736842105,0.6238805970149254,0.016966759002770004,-0.04165352575272874,0.9013878188659973,0.0,neutral,22099.0,631.0,0.6315005215318135
kary_hendrixson,Kary Hendrixson,Summer Sewald,West,account,Hottechi,14,8,0.5714285714285714,0.573800983127408,0.5751295336787565,0.6238805970149254,-0.0013285505513485063,-0.050608775312301235,0.9354143466934853,0.0,neutral,17057.0,455.0,0.6315005215318135
kary_hendrixson,Kary Hendrixson,Summer Sewald,West,account,J-Texon,12,7,0.5833333333333334,0.6519807478711588,0.684931506849315,0.6238805970149254,-0.03295075897815625,0.027570989431449533,0.8660254037844386,0.0,weak_fit,16467.0,520.5,0.6315005215318135
kary_hendrixson,Kary Hendrixson,Summer Sewald,West,account,Kan-code,17,12,0.7058823529411765,0.6517697988286224,0.6149732620320856,0.6238805970149254,0.03679653679653683,0.027360040388913154,1.0,3.3493763053868544,possible_fit,33931.0,589.0,0.6315005215318135
kary_hendrixson,Kary Hendrixson,Summer Sewald,West,account,Konex,16,7,0.4375,0.5558408215661105,0.631578947368421,0.6238805970149254,-0.07573812580231054,-0.06856893687359877,1.0,0.0,weak_fit,12277.0,0.0,0.6315005215318135
kary_hendrixson,Kary Hendrixson,Summer Sewald,West,account,Labdrill,16,9,0.5625,0.6145654414290622,0.647887323943662,0.6238805970149254,-0.03332188251459978,-0.00984431701064703,1.0,0.0,weak_fit,31223.0,298.5,0.6315005215318135
kary_hendrixson,Kary Hendrixson,Summer Sewald,West,account,Lexiqvolax,7,7,1.0,0.6803977272727273,0.5909090909090909,0.6238805970149254,0.08948863636363635,0.05598796883301804,0.6614378277661477,5.143565618005949,insufficient_sample,14734.0,948.0,0.6315005215318135
kary_hendrixson,Kary Hendrixson,Summer Sewald,West,account,Nam-zim,10,7,0.7,0.6395604395604396,0.6153846153846154,0.6238805970149254,0.0241758241758242,0.01515068112073037,0.7905694150420949,1.6615416453834009,possible_fit,6917.0,328.5,0.6315005215318135
kary_hendrixson,Kary Hendrixson,Summer Sewald,West,account,Newex,6,5,0.8333333333333334,0.7463630613535737,0.7254901960784313,0.6238805970149254,0.020872865275142316,0.12195330291386441,0.6123724356957945,3.444657317779646,insufficient_sample,11354.0,591.0,0.6315005215318135
kary_hendrixson,Kary Hendrixson,Summer Sewald,West,account,Plexzap,11,7,0.6363636363636364,0.6355105105105106,0.6351351351351351,0.6238805970149254,0.00037537537537546406,0.0111007520708013,0.82915619758885,0.34237992143853796,neutral,21660.0,1094.0,0.6315005215318135
kary_hendrixson,Kary Hendrixson,Summer Sewald,West,account,Plusstrip,7,4,0.5714285714285714,0.6854619565217391,0.717391304347826,0.6238805970149254,-0.03192934782608692,0.061052198082029885,0.6614378277661477,0.040625064365438744,insufficient_sample,6676.0,59.0,0.6315005215318135
kary_hendrixson,Kary Hendrixson,Summer Sewald,West,account,Rantouch,5,3,0.6,0.5871794871794872,0.5846153846153846,0.6238805970149254,0.002564102564102555,-0.03723027126022205,0.5590169943749475,0.0,insufficient_sample,6841.0,605.0,0.6315005215318135
kary_hendrixson,Kary Hendrixson,Summer Sewald,West,account,Scotfind,15,9,0.6,0.6522959183673469,0.6836734693877551,0.6238805970149254,-0.03137755102040818,0.027886159927637655,0.9682458365518543,0.0,weak_fit,27331.0,478.0,0.6315005215318135
kary_hendrixson,Kary Hendrixson,Summer Sewald,West,account,Singletechno,19,11,0.5789473684210527,0.6433566433566433,0.6923076923076923,0.6238805970149254,-0.04895104895104896,0.01894688491693408,1.0,0.0,weak_fit,17780.0,545.0,0.6315005215318135
kary_hendrixson,Kary Hendrixson,Summer Sewald,West,account,Sonron,10,6,0.6,0.6215264187866928,0.6301369863013698,0.6238805970149254,-0.008610567514677037,-0.002883339653016459,0.7905694150420949,0.0,neutral,15605.0,503.5,0.6315005215318135
kary_hendrixson,Kary Hendrixson,Summer Sewald,West,account,Sunnamplex,14,9,0.6428571428571429,0.6549773755656109,0.6617647058823529,0.6238805970149254,-0.006787330316742057,0.030567617125901614,0.9354143466934853,0.5880857661212344,neutral,16920.0,254.0,0.6315005215318135
kary_hendrixson,Kary Hendrixson,Summer Sewald,West,account,Xx-holding,13,11,0.8461538461538461,0.689207195203198,0.6075949367088608,0.6238805970149254,0.08161225849433718,0.0647974367634887,0.9013878188659973,6.825945925733201,strong_fit,18872.0,868.0,0.6315005215318135
kary_hendrixson,Kary Hendrixson,Summer Sewald,West,account,Y-corporation,19,12,0.631578947368421,0.6336898395721925,0.6352941176470588,0.6238805970149254,-0.0016042780748662944,0.009280081132483242,1.0,0.2205247647706043,neutral,35569.0,549.0,0.6315005215318135
kary_hendrixson,Kary Hendrixson,Summer Sewald,West,account,Zoomit,4,3,0.75,0.7218890554722639,0.717391304347826,0.6238805970149254,0.004497751124437843,0.09747929703255465,0.5,1.8520646096139362,insufficient_sample,1162.0,59.5,0.6315005215318135
lajuana_vencill,Lajuana Vencill,Dustin Brinkmann,Central,account,Betatech,7,4,0.5714285714285714,0.606468023255814,0.6162790697674418,0.5497835497835498,-0.009811046511627897,0.04870430044997276,0.6614378277661477,0.7057095102078459,insufficient_sample,9652.0,56.0,0.6315005215318135
lajuana_vencill,Lajuana Vencill,Dustin Brinkmann,Central,account,Bioholding,8,4,0.5,0.5668449197860963,0.5882352941176471,0.5497835497835498,-0.021390374331550777,0.009081196980255113,0.7071067811865476,0.0,weak_fit,7586.0,259.0,0.6315005215318135
lajuana_vencill,Lajuana Vencill,Dustin Brinkmann,Central,account,Cancity,5,1,0.2,0.5261648745519714,0.5913978494623656,0.5497835497835498,-0.06523297491039426,-0.03159884825386983,0.5590169943749475,0.0,insufficient_sample,648.0,0.0,0.6315005215318135
lajuana_vencill,Lajuana Vencill,Dustin Brinkmann,Central,account,Codehow,10,8,0.8,0.6681318681318682,0.6153846153846154,0.5497835497835498,0.05274725274725278,0.11036814532602701,0.7905694150420949,5.764402511854488,strong_fit,10110.0,578.0,0.6315005215318135
lajuana_vencill,Lajuana Vencill,Dustin Brinkmann,Central,account,Condax,7,4,0.5714285714285714,0.6409198113207547,0.660377358490566,0.5497835497835498,-0.019457547169811296,0.08315608851491352,0.6614378277661477,1.0885431366614593,insufficient_sample,6802.0,55.0,0.6315005215318135
lajuana_vencill,Lajuana Vencill,Dustin Brinkmann,Central,account,Conecom,6,2,0.3333333333333333,0.559384164222874,0.6136363636363636,0.5497835497835498,-0.05425219941348969,0.0016204414170327697,0.6123724356957945,0.0,insufficient_sample,1204.0,0.0,0.6315005215318135
lajuana_vencill,Lajuana Vencill,Dustin Brinkmann,Central,account,Domzoom,3,2,0.6666666666666666,0.6781135531135531,0.6794871794871795,0.5497835497835498,-0.0013736263736263687,0.12034983030771196,0.4330127018922193,1.7852933334002021,insufficient_sample,4008.0,56.0,0.6315005215318135
lajuana_vencill,Lajuana Vencill,Dustin Brinkmann,Central,account,Dontechi,14,8,0.5714285714285714,0.5886478194170502,0.5982905982905983,0.5497835497835498,-0.00964277887354803,0.030884096611209055,0.9354143466934853,0.4248303563976123,neutral,19353.0,525.5,0.6315005215318135
lajuana_vencill,Lajuana Vencill,Dustin Brinkmann,Central,account,Finhigh,7,2,0.2857142857142857,0.5161290322580645,0.5806451612903226,0.5497835497835498,-0.06451612903225812,-0.04163469054777669,0.6614378277661477,0.0,insufficient_sample,5961.0,0.0,0.6315005215318135
lajuana_vencill,Lajuana Vencill,Dustin Brinkmann,Central,account,Funholding,12,9,0.75,0.6459186459186459,0.5959595959595959,0.5497835497835498,0.049959049959049984,0.0881549231128047,0.8660254037844386,5.484331517828107,strong_fit,4719.0,485.0,0.6315005215318135
lajuana_vencill,Lajuana Vencill,Dustin Brinkmann,Central,account,Genco Pura Olive Oil Company,9,6,0.6666666666666666,0.6328600405679513,0.6206896551724138,0.5497835497835498,0.012170385395537497,0.07509631776211012,0.75,2.5645846292878436,possible_fit,7368.0,537.0,0.6315005215318135
lajuana_vencill,Lajuana Vencill,Dustin Brinkmann,Central,account,Globex Corporation,6,3,0.5,0.571157495256167,0.5882352941176471,0.5497835497835498,-0.017077798861480087,0.013393772450325803,0.6123724356957945,0.0,insufficient_sample,4110.0,226.5,0.6315005215318135
lajuana_vencill,Lajuana Vencill,Dustin Brinkmann,Central,account,Gogozoom,8,4,0.5,0.6504773765047738,0.6986301369863014,0.5497835497835498,-0.04815276048152761,0.09271365369893259,0.7071067811865476,0.08135153786129064,weak_fit,736.0,23.5,0.6315005215318135
lajuana_vencill,Lajuana Vencill,Dustin Brinkmann,Central,account,Hottechi,8,3,0.375,0.526613283089967,0.5751295336787565,0.5497835497835498,-0.0485162505887895,-0.031150439715874167,0.7071067811865476,0.0,weak_fit,6273.0,0.0,0.6315005215318135
lajuana_vencill,Lajuana Vencill,Dustin Brinkmann,Central,account,Inity,7,6,0.8571428571428571,0.71875,0.68,0.5497835497835498,0.03874999999999995,0.1609862771941588,0.6614378277661477,5.392881000747199,insufficient_sample,6208.0,528.0,0.6315005215318135
lajuana_vencill,Lajuana Vencill,Dustin Brinkmann,Central,account,Isdom,14,5,0.35714285714285715,0.5002289377289377,0.5803571428571429,0.5497835497835498,-0.08012820512820518,-0.05753478507690346,0.9354143466934853,0.0,weak_fit,11025.0,0.0,0.6315005215318135
lajuana_vencill,Lajuana Vencill,Dustin Brinkmann,Central,account,Konmatfix,7,5,0.7142857142857143,0.6689453125,0.65625,0.5497835497835498,0.0126953125,0.11118158969415881,0.6614378277661477,3.1197052161040104,insufficient_sample,2183.0,485.0,0.6315005215318135
lajuana_vencill,Lajuana Vencill,Dustin Brinkmann,Central,account,Rangreen,13,12,0.9230769230769231,0.8092105263157895,0.75,0.5497835497835498,0.05921052631578949,0.2514468035099483,0.9013878188659973,11.401945068213394,strong_fit,25388.0,585.0,0.6315005215318135
lajuana_vencill,Lajuana Vencill,Dustin Brinkmann,Central,account,Ron-tech,14,9,0.6428571428571429,0.6501317996645098,0.6542056074766355,0.5497835497835498,-0.004073807812125629,0.09236807685866866,0.9354143466934853,2.776389461699251,neutral,8451.0,445.5,0.6315005215318135
lajuana_vencill,Lajuana Vencill,Dustin Brinkmann,Central,account,Rundofase,6,4,0.6666666666666666,0.6750672043010754,0.6770833333333334,0.5497835497835498,-0.002016129032258007,0.11730348149523417,0.6123724356957945,2.433919233758704,insufficient_sample,2538.0,485.0,0.6315005215318135
lajuana_vencill,Lajuana Vencill,Dustin Brinkmann,Central,account,Scottech,3,2,0.6666666666666666,0.6280148423005566,0.6233766233766234,0.5497835497835498,0.004638218923933235,0.07025111949471541,0.4330127018922193,1.1952334482518927,insufficient_sample,4342.0,638.0,0.6315005215318135
lajuana_vencill,Lajuana Vencill,Dustin Brinkmann,Central,account,Stanredtax,6,4,0.6666666666666666,0.6854838709677419,0.69,0.5497835497835498,-0.004516129032258065,0.1277201481619007,0.6123724356957945,2.557669496805557,insufficient_sample,7513.0,552.5,0.6315005215318135
lajuana_vencill,Lajuana Vencill,Dustin Brinkmann,Central,account,Statholdings,4,1,0.25,0.49245689655172414,0.53125,0.5497835497835498,-0.038793103448275856,-0.06530682625411705,0.5,0.0,insufficient_sample,3532.0,0.0,0.6315005215318135
lajuana_vencill,Lajuana Vencill,Dustin Brinkmann,Central,account,Streethex,10,4,0.4,0.5469780219780219,0.6057692307692307,0.5497835497835498,-0.058791208791208804,-0.010785700827819267,0.7905694150420949,0.0,weak_fit,7498.0,0.0,0.6315005215318135
lajuana_vencill,Lajuana Vencill,Dustin Brinkmann,Central,account,Toughzap,3,2,0.6666666666666666,0.6241496598639455,0.6190476190476191,0.5497835497835498,0.005102040816326481,0.06638593705810436,0.4330127018922193,1.1497095401989046,insufficient_sample,3060.0,42.0,0.6315005215318135
lajuana_vencill,Lajuana Vencill,Dustin Brinkmann,Central,account,Treequote,7,2,0.2857142857142857,0.5415683962264151,0.6132075471698113,0.5497835497835498,-0.07163915094339623,-0.016195326579426128,0.6614378277661477,0.0,insufficient_sample,6655.0,0.0,0.6315005215318135
lajuana_vencill,Lajuana Vencill,Dustin Brinkmann,Central,account,Warephase,8,4,0.5,0.6462646264626463,0.693069306930693,0.5497835497835498,-0.046804680468046755,0.08850090365680507,0.7071067811865476,0.03905166732559461,weak_fit,10658.0,26.0,0.6315005215318135
lajuana_vencill,Lajuana Vencill,Dustin Brinkmann,Central,account,Zumgoity,7,2,0.2857142857142857,0.555921052631579,0.631578947368421,0.5497835497835498,-0.07565789473684204,-0.0018426701742622065,0.6614378277661477,0.0,insufficient_sample,4228.0,0.0,0.6315005215318135
lajuana_vencill,Lajuana Vencill,Dustin Brinkmann,Central,account,dambase,12,5,0.4166666666666667,0.5360855360855361,0.5934065934065934,0.5497835497835498,-0.0573210573210573,-0.02167818672030508,0.8660254037844386,0.0,weak_fit,2823.0,0.0,0.6315005215318135
markita_hansen,Markita Hansen,Celia Rouche,West,account,Blackzim,8,4,0.5,0.5586854460093897,0.5774647887323944,0.5726872246696035,-0.018779342723004633,-0.019836431126702858,0.7071067811865476,0.0,neutral,4178.0,29.5,0.6315005215318135
markita_hansen,Markita Hansen,Celia Rouche,West,account,Cheers,12,10,0.8333333333333334,0.6981981981981982,0.6333333333333333,0.5726872246696035,0.06486486486486487,0.11967632106210557,0.8660254037844386,7.27884605058476,strong_fit,42735.0,581.0,0.6315005215318135
markita_hansen,Markita Hansen,Celia Rouche,West,account,Condax,5,3,0.6,0.650314465408805,0.660377358490566,0.5726872246696035,-0.010062893081761004,0.0717925882727124,0.5590169943749475,1.0390183560679804,insufficient_sample,2223.0,522.0,0.6315005215318135
markita_hansen,Markita Hansen,Celia Rouche,West,account,Dalttechnology,4,4,1.0,0.7456189937817976,0.7049180327868853,0.5726872246696035,0.04070096099491238,0.16709711664570503,0.5,4.2469807736344904,insufficient_sample,5740.0,813.0,0.6315005215318135
markita_hansen,Markita Hansen,Celia Rouche,West,account,Doncon,7,2,0.2857142857142857,0.5228794642857143,0.5892857142857143,0.5726872246696035,-0.06640625,-0.0556424128503783,0.6614378277661477,0.0,insufficient_sample,4913.0,0.0,0.6315005215318135
markita_hansen,Markita Hansen,Celia Rouche,West,account,Fasehatice,6,2,0.3333333333333333,0.5523695738749502,0.6049382716049383,0.5726872246696035,-0.05256869772998807,-0.026152303261142373,0.6123724356957945,0.0,insufficient_sample,8004.0,0.0,0.6315005215318135
markita_hansen,Markita Hansen,Celia Rouche,West,account,Faxquote,9,5,0.5555555555555556,0.6114551083591332,0.631578947368421,0.5726872246696035,-0.020123839009287825,0.03293323122304059,0.75,0.0,weak_fit,12883.0,64.0,0.6315005215318135
markita_hansen,Markita Hansen,Celia Rouche,West,account,Finjob,3,2,0.6666666666666666,0.6997354497354497,0.7037037037037037,0.5726872246696035,-0.003968253968254065,0.12121357259935706,0.4330127018922193,1.725355795985736,insufficient_sample,24798.0,53.0,0.6315005215318135
markita_hansen,Markita Hansen,Celia Rouche,West,account,Golddex,8,5,0.625,0.5825496342737723,0.5689655172413793,0.5726872246696035,0.013584117032392928,0.004027757137679666,0.7071067811865476,0.7240342860282902,neutral,11951.0,557.0,0.6315005215318135
markita_hansen,Markita Hansen,Celia Rouche,West,account,Goodsilron,12,7,0.5833333333333334,0.6882678132678133,0.7386363636363636,0.5726872246696035,-0.05036855036855037,0.10974593613172068,0.8660254037844386,0.4911680317136675,weak_fit,37448.0,305.0,0.6315005215318135
markita_hansen,Markita Hansen,Celia Rouche,West,account,Green-Plus,7,5,0.7142857142857143,0.6011284722222222,0.5694444444444444,0.5726872246696035,0.03168402777777779,0.02260659508612961,0.6614378277661477,1.885555943177561,insufficient_sample,7057.0,63.0,0.6315005215318135
markita_hansen,Markita Hansen,Celia Rouche,West,account,Groovestreet,5,2,0.4,0.5969696969696969,0.6363636363636364,0.5726872246696035,-0.039393939393939426,0.01844781983360433,0.5590169943749475,0.0,insufficient_sample,1216.0,0.0,0.6315005215318135
markita_hansen,Markita Hansen,Celia Rouche,West,account,Hatfan,8,3,0.375,0.5195374800637957,0.5657894736842105,0.5726872246696035,-0.046251993620414766,-0.05898439707229686,0.7071067811865476,0.0,weak_fit,12595.0,0.0,0.6315005215318135
markita_hansen,Markita Hansen,Celia Rouche,West,account,Hottechi,8,4,0.5,0.5569163133929974,0.5751295336787565,0.5726872246696035,-0.018213220285759113,-0.02160556374309519,0.7071067811865476,0.0,neutral,8339.0,23.5,0.6315005215318135
markita_hansen,Markita Hansen,Celia Rouche,West,account,J-Texon,10,8,0.8,0.7178082191780822,0.684931506849315,0.5726872246696035,0.03287671232876721,0.13928634204198964,0.7905694150420949,5.543479278529058,strong_fit,10487.0,579.0,0.6315005215318135
markita_hansen,Markita Hansen,Celia Rouche,West,account,Kan-code,9,4,0.4444444444444444,0.5698332809059453,0.6149732620320856,0.5726872246696035,-0.04513998112614026,-0.008688596230147283,0.75,0.0,weak_fit,5867.0,0.0,0.6315005215318135
markita_hansen,Markita Hansen,Celia Rouche,West,account,Konex,13,4,0.3076923076923077,0.5207756232686981,0.631578947368421,0.5726872246696035,-0.11080332409972293,-0.057746253867394515,0.9013878188659973,0.0,weak_fit,10707.0,0.0,0.6315005215318135
markita_hansen,Markita Hansen,Celia Rouche,West,account,Labdrill,5,2,0.4,0.6065727699530518,0.647887323943662,0.5726872246696035,-0.04131455399061024,0.02805089281695916,0.5590169943749475,0.0,insufficient_sample,1077.0,0.0,0.6315005215318135
markita_hansen,Markita Hansen,Celia Rouche,West,account,Lexiqvolax,4,1,0.25,0.5438871473354232,0.5909090909090909,0.5726872246696035,-0.047021943573667735,-0.034634729800669395,0.5,0.0,insufficient_sample,1192.0,0.0,0.6315005215318135
markita_hansen,Markita Hansen,Celia Rouche,West,account,Nam-zim,5,3,0.6,0.6128205128205129,0.6153846153846154,0.5726872246696035,-0.002564102564102555,0.034298635684420264,0.5590169943749475,0.5779037090388168,insufficient_sample,11249.0,572.0,0.6315005215318135
markita_hansen,Markita Hansen,Celia Rouche,West,account,Newex,2,1,0.5,0.7087872185911401,0.7254901960784313,0.5726872246696035,-0.016702977487291215,0.13026534145504753,0.3535533905932738,1.2281007291515207,insufficient_sample,3836.0,1918.0,0.6315005215318135
markita_hansen,Markita Hansen,Celia Rouche,West,account,Plexzap,8,3,0.375,0.5720720720720721,0.6351351351351351,0.5726872246696035,-0.06306306306306297,-0.006449805064020486,0.7071067811865476,0.0,weak_fit,8834.0,0.0,0.6315005215318135
markita_hansen,Markita Hansen,Celia Rouche,West,account,Plusstrip,2,2,1.0,0.7383252818035427,0.717391304347826,0.5726872246696035,0.02093397745571668,0.15980340466745013,0.3535533905932738,2.4585493602230755,insufficient_sample,4027.0,2013.5,0.6315005215318135
markita_hansen,Markita Hansen,Celia Rouche,West,account,Rantouch,3,2,0.6666666666666666,0.5934065934065934,0.5846153846153846,0.5726872246696035,0.00879120879120876,0.014884716270500808,0.4330127018922193,0.47302032197429794,insufficient_sample,1043.0,62.0,0.6315005215318135
markita_hansen,Markita Hansen,Celia Rouche,West,account,Scotfind,13,9,0.6923076923076923,0.6866272824919442,0.6836734693877551,0.5726872246696035,0.0029538131041890736,0.10810540535585156,0.9013878188659973,3.5836358687827246,strong_fit,15704.0,60.0,0.6315005215318135
markita_hansen,Markita Hansen,Celia Rouche,West,account,Singletechno,12,7,0.5833333333333334,0.6569646569646569,0.6923076923076923,0.5726872246696035,-0.0353430353430354,0.07844277982856429,0.8660254037844386,0.38815258312042233,weak_fit,11086.0,56.5,0.6315005215318135
markita_hansen,Markita Hansen,Celia Rouche,West,account,Sonron,11,7,0.6363636363636364,0.6320395738203958,0.6301369863013698,0.5726872246696035,0.0019025875190259445,0.05351769668430317,0.82915619758885,1.655648791162069,possible_fit,6117.0,52.0,0.6315005215318135
markita_hansen,Markita Hansen,Celia Rouche,West,account,Sunnamplex,5,3,0.6,0.6514705882352941,0.6617647058823529,0.5726872246696035,-0.010294117647058787,0.07294871109920154,0.5590169943749475,1.0532367868350112,insufficient_sample,8649.0,494.0,0.6315005215318135
markita_hansen,Markita Hansen,Celia Rouche,West,account,Xx-holding,8,3,0.375,0.5512082853855007,0.6075949367088608,0.5726872246696035,-0.05638665132336007,-0.027313591750591892,0.7071067811865476,0.0,weak_fit,12933.0,0.0,0.6315005215318135
markita_hansen,Markita Hansen,Celia Rouche,West,account,Y-corporation,8,6,0.75,0.6631016042780749,0.6352941176470588,0.5726872246696035,0.027807486631016065,0.08457972714198225,0.7071067811865476,3.371327505150596,possible_fit,11764.0,559.0,0.6315005215318135
markita_hansen,Markita Hansen,Celia Rouche,West,account,Zoomit,7,7,1.0,0.7792119565217391,0.717391304347826,0.5726872246696035,0.06182065217391308,0.20069007938564654,0.6614378277661477,7.303924018231998,insufficient_sample,20140.0,3722.0,0.6315005215318135
marty_freudenburg,Marty Freudenburg,Melvin Marxen,Central,account,Betatech,5,4,0.8,0.6468992248062015,0.6162790697674418,0.6288659793814433,0.0306201550387597,0.01773249860393966,0.5590169943749475,1.4595640399406833,insufficient_sample,7008.0,72.0,0.6315005215318135
marty_freudenburg,Marty Freudenburg,Melvin Marxen,Central,account,Bioholding,6,3,0.5,0.571157495256167,0.5882352941176471,0.6288659793814433,-0.017077798861480087,-0.05800923094609489,0.6123724356957945,0.0,insufficient_sample,6400.0,21.5,0.6315005215318135
marty_freudenburg,Marty Freudenburg,Melvin Marxen,Central,account,Cancity,8,5,0.625,0.599543825350277,0.5913978494623656,0.6288659793814433,0.008145975887911328,-0.029622900851984935,0.7071067811865476,0.0,neutral,12028.0,266.5,0.6315005215318135
marty_freudenburg,Marty Freudenburg,Melvin Marxen,Central,account,Codehow,9,4,0.4444444444444444,0.5701357466063349,0.6153846153846154,0.6288659793814433,-0.04524886877828049,-0.05903097959592696,0.75,0.0,weak_fit,5807.0,0.0,0.6315005215318135
marty_freudenburg,Marty Freudenburg,Melvin Marxen,Central,account,Condax,6,3,0.5,0.6293365794278758,0.660377358490566,0.6288659793814433,-0.031040779062690205,0.00016985322561391403,0.6123724356957945,0.0,insufficient_sample,10845.0,277.5,0.6315005215318135
marty_freudenburg,Marty Freudenburg,Melvin Marxen,Central,account,Conecom,5,3,0.6,0.6113636363636364,0.6136363636363636,0.6288659793814433,-0.002272727272727204,-0.01780308983862544,0.5590169943749475,0.0,insufficient_sample,8387.0,54.0,0.6315005215318135
marty_freudenburg,Marty Freudenburg,Melvin Marxen,Central,account,Domzoom,7,6,0.8571428571428571,0.718349358974359,0.6794871794871795,0.6288659793814433,0.038862179487179516,0.08918263277209715,0.6614378277661477,3.73542635418025,insufficient_sample,13389.0,965.0,0.6315005215318135
marty_freudenburg,Marty Freudenburg,Melvin Marxen,Central,account,Dontechi,7,3,0.42857142857142855,0.5611645299145299,0.5982905982905983,0.6288659793814433,-0.037126068376068355,-0.06800219628773196,0.6614378277661477,0.0,insufficient_sample,9127.0,0.0,0.6315005215318135
marty_freudenburg,Marty Freudenburg,Melvin Marxen,Central,account,Finhigh,9,5,0.5555555555555556,0.5740037950664136,0.5806451612903226,0.6288659793814433,-0.006641366223908984,-0.05516293113584825,0.75,0.0,neutral,4860.0,48.0,0.6315005215318135
marty_freudenburg,Marty Freudenburg,Melvin Marxen,Central,account,Funholding,9,8,0.8888888888888888,0.6734997029114675,0.5959595959595959,0.6288659793814433,0.07754010695187163,0.04433297670920566,0.75,4.943820852520391,strong_fit,21141.0,1105.0,0.6315005215318135
marty_freudenburg,Marty Freudenburg,Melvin Marxen,Central,account,Genco Pura Olive Oil Company,7,3,0.42857142857142855,0.5786637931034483,0.6206896551724138,0.6288659793814433,-0.042025862068965525,-0.050502933098813596,0.6614378277661477,0.0,insufficient_sample,6006.0,0.0,0.6315005215318135
marty_freudenburg,Marty Freudenburg,Melvin Marxen,Central,account,Globex Corporation,7,5,0.7142857142857143,0.6158088235294118,0.5882352941176471,0.6288659793814433,0.02757352941176472,-0.013357902672850086,0.6614378277661477,0.8762416264071813,insufficient_sample,16945.0,1176.0,0.6315005215318135
marty_freudenburg,Marty Freudenburg,Melvin Marxen,Central,account,Gogozoom,4,3,0.75,0.7057156353330185,0.6986301369863014,0.6288659793814433,0.007085498346717123,0.07654890913075663,0.5,1.5698846060565474,insufficient_sample,7857.0,1792.5,0.6315005215318135
marty_freudenburg,Marty Freudenburg,Melvin Marxen,Central,account,Hottechi,5,1,0.2,0.5126079447322971,0.5751295336787565,0.6288659793814433,-0.06252158894645943,-0.11655878146996479,0.5590169943749475,0.0,insufficient_sample,60.0,0.0,0.6315005215318135
marty_freudenburg,Marty Freudenburg,Melvin Marxen,Central,account,Inity,3,2,0.6666666666666666,0.6785714285714286,0.68,0.6288659793814433,-0.0014285714285714457,0.04940470236916672,0.4330127018922193,0.7085419057483195,insufficient_sample,2397.0,1193.0,0.6315005215318135
marty_freudenburg,Marty Freudenburg,Melvin Marxen,Central,account,Isdom,10,5,0.5,0.5573979591836735,0.5803571428571429,0.6288659793814433,-0.022959183673469385,-0.07176876701858836,0.7905694150420949,0.0,weak_fit,8914.0,272.5,0.6315005215318135
marty_freudenburg,Marty Freudenburg,Melvin Marxen,Central,account,Konmatfix,8,5,0.625,0.6486742424242424,0.65625,0.6288659793814433,-0.007575757575757569,0.019507516221980548,0.7071067811865476,0.1345898741245859,neutral,12130.0,776.0,0.6315005215318135
marty_freudenburg,Marty Freudenburg,Melvin Marxen,Central,account,Rangreen,13,8,0.6153846153846154,0.7039473684210527,0.75,0.6288659793814433,-0.046052631578947345,0.07478064221879077,0.9013878188659973,0.0,weak_fit,18277.0,54.0,0.6315005215318135
marty_freudenburg,Marty Freudenburg,Melvin Marxen,Central,account,Ron-tech,8,6,0.75,0.6774284905126026,0.6542056074766355,0.6288659793814433,0.02322288303596709,0.04826176431034068,0.7071067811865476,2.261786503328642,possible_fit,5517.0,763.5,0.6315005215318135
marty_freudenburg,Marty Freudenburg,Melvin Marxen,Central,account,Rundofase,1,0,0.0,0.6510416666666667,0.6770833333333334,0.6288659793814433,-0.02604166666666663,0.021874940464404857,0.25,0.0,insufficient_sample,0.0,0.0,0.6315005215318135
marty_freudenburg,Marty Freudenburg,Melvin Marxen,Central,account,Scottech,9,5,0.5555555555555556,0.605423987776929,0.6233766233766234,0.6288659793814433,-0.0179526355996944,-0.02374273842533292,0.75,0.0,neutral,10789.0,54.0,0.6315005215318135
marty_freudenburg,Marty Freudenburg,Melvin Marxen,Central,account,Stanredtax,4,3,0.75,0.6982758620689655,0.69,0.6288659793814433,0.008275862068965578,0.06910913586670364,0.5,1.478375394908695,insufficient_sample,9591.0,2084.5,0.6315005215318135
marty_freudenburg,Marty Freudenburg,Melvin Marxen,Central,account,Statholdings,3,0,0.0,0.47433035714285715,0.53125,0.6288659793814433,-0.05691964285714285,-0.15483636905940473,0.4330127018922193,0.0,insufficient_sample,0.0,0.0,0.6315005215318135
marty_freudenburg,Marty Freudenburg,Melvin Marxen,Central,account,Streethex,7,4,0.5714285714285714,0.5982572115384615,0.6057692307692307,0.6288659793814433,-0.0075120192307692735,-0.03090951466380043,0.6614378277661477,0.0,insufficient_sample,14442.0,661.0,0.6315005215318135
marty_freudenburg,Marty Freudenburg,Melvin Marxen,Central,account,Toughzap,9,6,0.6666666666666666,0.6316526610644257,0.6190476190476191,0.6288659793814433,0.012605042016806678,0.0024859348621638633,0.75,0.679751588451127,neutral,17503.0,1006.0,0.6315005215318135
marty_freudenburg,Marty Freudenburg,Melvin Marxen,Central,account,Treequote,8,8,1.0,0.7069754145225843,0.6132075471698113,0.6288659793814433,0.09376786735277298,0.0778086883203224,0.7071067811865476,6.235419956194087,strong_fit,34005.0,4629.0,0.6315005215318135
marty_freudenburg,Marty Freudenburg,Melvin Marxen,Central,account,Warephase,10,7,0.7,0.695049504950495,0.693069306930693,0.6288659793814433,0.001980198019801982,0.06588277874823312,0.7905694150420949,1.9247283043336985,possible_fit,13538.0,533.5,0.6315005215318135
marty_freudenburg,Marty Freudenburg,Melvin Marxen,Central,account,Zumgoity,4,4,1.0,0.6823956442831216,0.631578947368421,0.6288659793814433,0.05081669691470059,0.05322891808085972,0.5,2.583048716142814,insufficient_sample,6686.0,1079.0,0.6315005215318135
marty_freudenburg,Marty Freudenburg,Melvin Marxen,Central,account,dambase,3,3,1.0,0.6369701726844584,0.5934065934065934,0.6288659793814433,0.04356357927786503,0.007803446482196552,0.4330127018922193,1.3443976064547292,insufficient_sample,7546.0,1160.0,0.6315005215318135
maureen_marcano,Maureen Marcano,Summer Sewald,West,account,Blackzim,8,5,0.625,0.58898847631242,0.5774647887323944,0.6995305164319249,0.011523687580025643,-0.10339603225184613,0.7071067811865476,0.0,neutral,15281.0,812.5,0.6315005215318135
maureen_marcano,Maureen Marcano,Summer Sewald,West,account,Cheers,13,9,0.6923076923076923,0.6535087719298245,0.6333333333333333,0.6995305164319249,0.02017543859649118,-0.03887573663444166,0.9013878188659973,0.0,neutral,16385.0,938.0,0.6315005215318135
maureen_marcano,Maureen Marcano,Summer Sewald,West,account,Condax,6,5,0.8333333333333334,0.6938527084601339,0.660377358490566,0.6995305164319249,0.033475349969567914,0.0014681998958677722,0.6123724356957945,1.3639277839024038,insufficient_sample,7045.0,333.5,0.6315005215318135
maureen_marcano,Maureen Marcano,Summer Sewald,West,account,Dalttechnology,7,5,0.7142857142857143,0.7069672131147541,0.7049180327868853,0.6995305164319249,0.002049180327868827,0.014582704550487935,0.6614378277661477,0.4256956847388931,insufficient_sample,10857.0,500.0,0.6315005215318135
maureen_marcano,Maureen Marcano,Summer Sewald,West,account,Doncon,1,1,1.0,0.6050824175824177,0.5892857142857143,0.6995305164319249,0.01579670329670335,-0.08730209098184849,0.25,0.0,insufficient_sample,1005.0,1005.0,0.6315005215318135
maureen_marcano,Maureen Marcano,Summer Sewald,West,account,Fasehatice,9,7,0.7777777777777778,0.6506899055918663,0.6049382716049383,0.6995305164319249,0.04575163398692805,-0.0416946029723998,0.75,1.135908828837248,neutral,8816.0,951.0,0.6315005215318135
maureen_marcano,Maureen Marcano,Summer Sewald,West,account,Faxquote,6,5,0.8333333333333334,0.6706281833616299,0.631578947368421,0.6995305164319249,0.039049235993208864,-0.021756325202636262,0.6123724356957945,1.088019839254892,insufficient_sample,13550.0,956.0,0.6315005215318135
maureen_marcano,Maureen Marcano,Summer Sewald,West,account,Finjob,12,6,0.5,0.6376376376376376,0.7037037037037037,0.6995305164319249,-0.06606606606606613,-0.054746870926628555,0.8660254037844386,0.0,weak_fit,13221.0,261.0,0.6315005215318135
maureen_marcano,Maureen Marcano,Summer Sewald,West,account,Golddex,6,3,0.5,0.5556173526140156,0.5689655172413793,0.6995305164319249,-0.013348164627363768,-0.13676715595025057,0.6123724356957945,0.0,insufficient_sample,2863.0,297.5,0.6315005215318135
maureen_marcano,Maureen Marcano,Summer Sewald,West,account,Goodsilron,6,6,1.0,0.7892228739002932,0.7386363636363636,0.6995305164319249,0.050586510263929574,0.09683836533602708,0.6123724356957945,4.089096090475509,insufficient_sample,18962.0,2905.0,0.6315005215318135
maureen_marcano,Maureen Marcano,Summer Sewald,West,account,Green-Plus,6,3,0.5,0.5560035842293907,0.5694444444444444,0.6995305164319249,-0.013440860215053752,-0.13638092433487548,0.6123724356957945,0.0,insufficient_sample,9058.0,24.0,0.6315005215318135
maureen_marcano,Maureen Marcano,Summer Sewald,West,account,Groovestreet,6,4,0.6666666666666666,0.6422287390029324,0.6363636363636364,0.6995305164319249,0.0058651026392960715,-0.05015576956133372,0.6123724356957945,0.0,insufficient_sample,13080.0,948.0,0.6315005215318135
maureen_marcano,Maureen Marcano,Summer Sewald,West,account,Hatfan,5,5,1.0,0.638157894736842,0.5657894736842105,0.6995305164319249,0.07236842105263153,-0.05422661382742411,0.5590169943749475,1.5686105658998628,insufficient_sample,3746.0,979.0,0.6315005215318135
maureen_marcano,Maureen Marcano,Summer Sewald,West,account,Hottechi,11,6,0.5454545454545454,0.5660621761658031,0.5751295336787565,0.6995305164319249,-0.0090673575129534,-0.12632233239846302,0.82915619758885,0.0,neutral,8572.0,559.0,0.6315005215318135
maureen_marcano,Maureen Marcano,Summer Sewald,West,account,J-Texon,4,3,0.75,0.6939064714218234,0.684931506849315,0.6995305164319249,0.008974964572508348,0.0015219628575572353,0.5,0.31832069861377293,insufficient_sample,11120.0,3343.0,0.6315005215318135
maureen_marcano,Maureen Marcano,Summer Sewald,West,account,Kan-code,15,9,0.6,0.6093582887700535,0.6149732620320856,0.6995305164319249,-0.005614973262032086,-0.08302621979421265,0.9682458365518543,0.0,neutral,21609.0,67.0,0.6315005215318135
maureen_marcano,Maureen Marcano,Summer Sewald,West,account,Konex,7,4,0.5714285714285714,0.618421052631579,0.631578947368421,0.6995305164319249,-0.013157894736842035,-0.07396345593268716,0.6614378277661477,0.0,insufficient_sample,7457.0,57.0,0.6315005215318135
maureen_marcano,Maureen Marcano,Summer Sewald,West,account,Labdrill,6,4,0.6666666666666666,0.6515220354384371,0.647887323943662,0.6995305164319249,0.0036347114947751225,-0.040862473125829024,0.6123724356957945,0.0,insufficient_sample,13625.0,2222.5,0.6315005215318135
maureen_marcano,Maureen Marcano,Summer Sewald,West,account,Lexiqvolax,7,6,0.8571428571428571,0.6491477272727273,0.5909090909090909,0.6995305164319249,0.058238636363636354,-0.04323678129153885,0.6614378277661477,1.502934918950062,insufficient_sample,18450.0,1135.0,0.6315005215318135
maureen_marcano,Maureen Marcano,Summer Sewald,West,account,Nam-zim,6,5,0.8333333333333334,0.6575682382133996,0.6153846153846154,0.6995305164319249,0.042183622828784184,-0.03481627035086654,0.6123724356957945,0.9328673610976744,insufficient_sample,14309.0,1092.0,0.6315005215318135
maureen_marcano,Maureen Marcano,Summer Sewald,West,account,Newex,5,3,0.6,0.7045751633986927,0.7254901960784313,0.6995305164319249,-0.0209150326797386,0.012190654834426606,0.5590169943749475,0.0,insufficient_sample,1778.0,62.0,0.6315005215318135
maureen_marcano,Maureen Marcano,Summer Sewald,West,account,Plexzap,4,4,1.0,0.6854613233923579,0.6351351351351351,0.6995305164319249,0.05032618825722279,-0.006923185171908264,0.5,1.5144453778513463,insufficient_sample,17533.0,4256.5,0.6315005215318135
maureen_marcano,Maureen Marcano,Summer Sewald,West,account,Plusstrip,3,2,0.6666666666666666,0.7119565217391305,0.717391304347826,0.6995305164319249,-0.005434782608695565,0.019572013174864344,0.4330127018922193,0.1436561171179071,insufficient_sample,5148.0,57.0,0.6315005215318135
maureen_marcano,Maureen Marcano,Summer Sewald,West,account,Rantouch,6,4,0.6666666666666666,0.6004962779156328,0.5846153846153846,0.6995305164319249,0.01588089330024811,-0.09188823064863338,0.6123724356957945,0.0,insufficient_sample,6181.0,1067.0,0.6315005215318135
maureen_marcano,Maureen Marcano,Summer Sewald,West,account,Scotfind,7,7,1.0,0.7528698979591837,0.6836734693877551,0.6995305164319249,0.0691964285714286,0.060485389394917544,0.6614378277661477,4.375250161278708,insufficient_sample,13746.0,942.0,0.6315005215318135
maureen_marcano,Maureen Marcano,Summer Sewald,West,account,Singletechno,8,7,0.875,0.7365967365967365,0.6923076923076923,0.6995305164319249,0.04428904428904423,0.04421222803247038,0.7071067811865476,3.129807249547946,possible_fit,12937.0,835.5,0.6315005215318135
maureen_marcano,Maureen Marcano,Summer Sewald,West,account,Sonron,5,4,0.8,0.6584474885844749,0.6301369863013698,0.6995305164319249,0.028310502283105055,-0.03393701997979126,0.5590169943749475,0.36469539146043023,insufficient_sample,15621.0,4631.0,0.6315005215318135
maureen_marcano,Maureen Marcano,Summer Sewald,West,account,Sunnamplex,3,1,0.3333333333333333,0.6265756302521008,0.6617647058823529,0.6995305164319249,-0.03518907563025209,-0.06580887831216531,0.4330127018922193,0.0,insufficient_sample,5137.0,0.0,0.6315005215318135
maureen_marcano,Maureen Marcano,Summer Sewald,West,account,Xx-holding,8,5,0.625,0.6118143459915613,0.6075949367088608,0.6995305164319249,0.0042194092827004814,-0.08057016257270488,0.7071067811865476,0.0,neutral,19510.0,2070.5,0.6315005215318135
maureen_marcano,Maureen Marcano,Summer Sewald,West,account,Y-corporation,11,8,0.7272727272727273,0.6633986928104575,0.6352941176470588,0.6995305164319249,0.028104575163398704,-0.028985815753808652,0.82915619758885,0.6735184669213268,neutral,17497.0,888.0,0.6315005215318135
maureen_marcano,Maureen Marcano,Summer Sewald,West,account,Zoomit,6,3,0.5,0.6753155680224404,0.717391304347826,0.6995305164319249,-0.04207573632538564,-0.017068940541825728,0.6123724356957945,0.0,insufficient_sample,6296.0,314.0,0.6315005215318135
moses_frase,Moses Frase,Dustin Brinkmann,Central,account,Betatech,6,4,0.6666666666666666,0.6260315078769693,0.6162790697674418,0.6615384615384615,0.009752438109527417,-0.03209355138800962,0.6123724356957945,0.0,insufficient_sample,10291.0,590.5,0.6315005215318135
moses_frase,Moses Frase,Dustin Brinkmann,Central,account,Bioholding,13,8,0.6153846153846154,0.5975232198142415,0.5882352941176471,0.6615384615384615,0.009287925696594423,-0.06060183945073738,0.9013878188659973,0.0,neutral,17614.0,516.0,0.6315005215318135
moses_frase,Moses Frase,Dustin Brinkmann,Central,account,Cancity,6,4,0.6666666666666666,0.60596600763094,0.5913978494623656,0.6615384615384615,0.014568158168574374,-0.05215905163403889,0.6123724356957945,0.0,insufficient_sample,11332.0,801.5,0.6315005215318135
moses_frase,Moses Frase,Dustin Brinkmann,Central,account,Codehow,11,6,0.5454545454545454,0.5940170940170941,0.6153846153846154,0.6615384615384615,-0.02136752136752129,-0.06410796524788476,0.82915619758885,0.0,weak_fit,14436.0,63.0,0.6315005215318135
moses_frase,Moses Frase,Dustin Brinkmann,Central,account,Condax,6,2,0.3333333333333333,0.5970785149117468,0.660377358490566,0.6615384615384615,-0.06329884357881921,-0.06104654435323209,0.6123724356957945,0.0,insufficient_sample,1989.0,0.0,0.6315005215318135
moses_frase,Moses Frase,Dustin Brinkmann,Central,account,Conecom,6,3,0.5,0.591642228739003,0.6136363636363636,0.6615384615384615,-0.021994134897360684,-0.06648283052597592,0.6123724356957945,0.0,insufficient_sample,1451.0,25.5,0.6315005215318135
moses_frase,Moses Frase,Dustin Brinkmann,Central,account,Domzoom,4,4,1.0,0.7236958443854996,0.6794871794871795,0.6615384615384615,0.044208664898320094,0.06557078512052072,0.5,2.584270348804516,insufficient_sample,5313.0,815.5,0.6315005215318135
moses_frase,Moses Frase,Dustin Brinkmann,Central,account,Dontechi,7,4,0.5714285714285714,0.5924145299145299,0.5982905982905983,0.6615384615384615,-0.005876068376068355,-0.06571052935044897,0.6614378277661477,0.0,insufficient_sample,1907.0,59.0,0.6315005215318135
moses_frase,Moses Frase,Dustin Brinkmann,Central,account,Finhigh,9,7,0.7777777777777778,0.6328273244781784,0.5806451612903226,0.6615384615384615,0.052182163187855735,-0.02529773478680053,0.75,1.8798149172544534,possible_fit,6393.0,457.0,0.6315005215318135
moses_frase,Moses Frase,Dustin Brinkmann,Central,account,Funholding,5,3,0.6,0.5966329966329965,0.5959595959595959,0.6615384615384615,0.0006734006734006037,-0.06149206263198237,0.5590169943749475,0.0,insufficient_sample,4059.0,51.0,0.6315005215318135
moses_frase,Moses Frase,Dustin Brinkmann,Central,account,Genco Pura Olive Oil Company,9,6,0.6666666666666666,0.6328600405679513,0.6206896551724138,0.6615384615384615,0.012170385395537497,-0.025265018697027575,0.75,0.0,neutral,11924.0,455.0,0.6315005215318135
moses_frase,Moses Frase,Dustin Brinkmann,Central,account,Globex Corporation,2,1,0.5,0.5816993464052288,0.5882352941176471,0.6615384615384615,-0.006535947712418277,-0.07642571285975008,0.3535533905932738,0.0,insufficient_sample,1020.0,510.0,0.6315005215318135
moses_frase,Moses Frase,Dustin Brinkmann,Central,account,Gogozoom,2,2,1.0,0.7209538305428717,0.6986301369863014,0.6615384615384615,0.022323693556570268,0.06282877127789277,0.3535533905932738,1.2904865195106812,insufficient_sample,3915.0,1957.5,0.6315005215318135
moses_frase,Moses Frase,Dustin Brinkmann,Central,account,Hottechi,6,4,0.6666666666666666,0.5928463981280294,0.5751295336787565,0.6615384615384615,0.017716864449272895,-0.06527866113694947,0.6123724356957945,0.0,insufficient_sample,4635.0,58.0,0.6315005215318135
moses_frase,Moses Frase,Dustin Brinkmann,Central,account,Inity,7,3,0.42857142857142855,0.625,0.68,0.6615384615384615,-0.05500000000000005,-0.033125059264978884,0.6614378277661477,0.0,insufficient_sample,1017.0,0.0,0.6315005215318135
moses_frase,Moses Frase,Dustin Brinkmann,Central,account,Isdom,7,6,0.8571428571428571,0.6409040178571429,0.5803571428571429,0.6615384615384615,0.060546875,-0.01722104140783598,0.6614378277661477,2.2044468883484045,insufficient_sample,5598.0,530.0,0.6315005215318135
moses_frase,Moses Frase,Dustin Brinkmann,Central,account,Konmatfix,4,3,0.75,0.6691810344827587,0.65625,0.6615384615384615,0.012931034482758674,0.01105597521777979,0.5,0.6137381870008033,insufficient_sample,4381.0,525.5,0.6315005215318135
moses_frase,Moses Frase,Dustin Brinkmann,Central,account,Rangreen,9,7,0.7777777777777778,0.7573529411764706,0.75,0.6615384615384615,0.007352941176470562,0.09922788191149168,0.75,2.9631877825295962,possible_fit,15767.0,978.0,0.6315005215318135
moses_frase,Moses Frase,Dustin Brinkmann,Central,account,Ron-tech,9,4,0.4444444444444444,0.5986805937328201,0.6542056074766355,0.6615384615384615,-0.055525013743815355,-0.05944446553215876,0.75,0.0,weak_fit,5626.0,0.0,0.6315005215318135
moses_frase,Moses Frase,Dustin Brinkmann,Central,account,Rundofase,9,7,0.7777777777777778,0.7037377450980393,0.6770833333333334,0.6615384615384615,0.026654411764705954,0.04561268583306044,0.75,2.4967355766472514,possible_fit,9250.0,520.0,0.6315005215318135
moses_frase,Moses Frase,Dustin Brinkmann,Central,account,Scottech,7,3,0.42857142857142855,0.580762987012987,0.6233766233766234,0.6615384615384615,-0.042613636363636354,-0.07736207225199188,0.6614378277661477,0.0,insufficient_sample,1392.0,0.0,0.6315005215318135
moses_frase,Moses Frase,Dustin Brinkmann,Central,account,Stanredtax,8,7,0.875,0.7348484848484849,0.69,0.6615384615384615,0.044848484848484915,0.07672342558350598,0.7071067811865476,3.9601313122584267,strong_fit,14369.0,789.0,0.6315005215318135
moses_frase,Moses Frase,Dustin Brinkmann,Central,account,Statholdings,4,3,0.75,0.5614224137931034,0.53125,0.6615384615384615,0.030172413793103425,-0.09670264547187546,0.5,0.0,insufficient_sample,656.0,57.5,0.6315005215318135
moses_frase,Moses Frase,Dustin Brinkmann,Central,account,Streethex,7,6,0.8571428571428571,0.6607572115384615,0.6057692307692307,0.6615384615384615,0.054987980769230727,0.0026321522734825686,0.6614378277661477,2.4250586638353053,insufficient_sample,4774.0,465.0,0.6315005215318135
moses_frase,Moses Frase,Dustin Brinkmann,Central,account,Toughzap,5,4,0.8,0.6492063492063491,0.6190476190476191,0.6615384615384615,0.03015873015873005,-0.008918710058629764,0.5590169943749475,0.9213509075137044,insufficient_sample,17668.0,3025.0,0.6315005215318135
moses_frase,Moses Frase,Dustin Brinkmann,Central,account,Treequote,4,4,1.0,0.6665582303188028,0.6132075471698113,0.6615384615384615,0.053350683148991496,0.008433171053823907,0.5,1.8814776957841421,insufficient_sample,4138.0,527.5,0.6315005215318135
moses_frase,Moses Frase,Dustin Brinkmann,Central,account,Warephase,11,8,0.7272727272727273,0.7035203520352035,0.693069306930693,0.6615384615384615,0.010451045104510448,0.04539529277022458,0.82915619758885,1.880653265242275,possible_fit,18137.0,599.0,0.6315005215318135
moses_frase,Moses Frase,Dustin Brinkmann,Central,account,Zumgoity,4,2,0.5,0.6134301270417424,0.631578947368421,0.6615384615384615,-0.01814882032667864,-0.044694932223236505,0.5,0.0,insufficient_sample,2794.0,27.5,0.6315005215318135
moses_frase,Moses Frase,Dustin Brinkmann,Central,account,dambase,8,4,0.5,0.5707625707625708,0.5934065934065934,0.6615384615384615,-0.022644022644022654,-0.08736248850240813,0.7071067811865476,0.0,weak_fit,5336.0,255.0,0.6315005215318135
niesha_huffines,Niesha Huffines,Melvin Marxen,Central,account,Betatech,4,3,0.75,0.6347233360064154,0.6162790697674418,0.6,0.01844426623897355,0.030785770814938718,0.5,1.138189642028068,insufficient_sample,8099.0,1077.5,0.6315005215318135
niesha_huffines,Niesha Huffines,Melvin Marxen,Central,account,Bioholding,3,2,0.6666666666666666,0.5966386554621849,0.5882352941176471,0.6,0.008403361344537785,-0.007298909729291814,0.4330127018922193,0.12590132125418912,insufficient_sample,1120.0,57.0,0.6315005215318135
niesha_huffines,Niesha Huffines,Melvin Marxen,Central,account,Cancity,8,3,0.375,0.5389377647442164,0.5913978494623656,0.6,-0.052460084718149225,-0.06499980044726028,0.7071067811865476,0.0,weak_fit,4587.0,0.0,0.6315005215318135
niesha_huffines,Niesha Huffines,Melvin Marxen,Central,account,Codehow,6,3,0.5,0.5930521091811415,0.6153846153846154,0.6,-0.022332506203473934,-0.010885456010335193,0.6123724356957945,0.0,insufficient_sample,2691.0,275.0,0.6315005215318135
niesha_huffines,Niesha Huffines,Melvin Marxen,Central,account,Condax,5,4,0.8,0.6836477987421383,0.660377358490566,0.6,0.023270440251572322,0.07971023355066165,0.5590169943749475,2.405135283183583,insufficient_sample,4622.0,557.0,0.6315005215318135
niesha_huffines,Niesha Huffines,Melvin Marxen,Central,account,Conecom,6,3,0.5,0.591642228739003,0.6136363636363636,0.6,-0.021994134897360684,-0.012295336452473715,0.6123724356957945,0.0,insufficient_sample,12793.0,523.5,0.6315005215318135
niesha_huffines,Niesha Huffines,Melvin Marxen,Central,account,Domzoom,10,5,0.5,0.6282051282051283,0.6794871794871795,0.6,-0.05128205128205121,0.024267563013651627,0.7905694150420949,0.0,weak_fit,7134.0,30.5,0.6315005215318135
niesha_huffines,Niesha Huffines,Melvin Marxen,Central,account,Dontechi,12,8,0.6666666666666666,0.6204666204666205,0.5982905982905983,0.6,0.022176022176022214,0.01652905527514381,0.8660254037844386,1.74933526826506,possible_fit,8806.0,502.5,0.6315005215318135
niesha_huffines,Niesha Huffines,Melvin Marxen,Central,account,Finhigh,4,1,0.25,0.5350389321468298,0.5806451612903226,0.6,-0.04560622914349277,-0.06889863304464683,0.5,0.0,insufficient_sample,3423.0,0.0,0.6315005215318135
niesha_huffines,Niesha Huffines,Melvin Marxen,Central,account,Funholding,9,4,0.4444444444444444,0.5558526440879381,0.5959595959595959,0.6,-0.0401069518716578,-0.04808492110353857,0.75,0.0,weak_fit,9417.0,0.0,0.6315005215318135
niesha_huffines,Niesha Huffines,Melvin Marxen,Central,account,Genco Pura Olive Oil Company,7,4,0.5714285714285714,0.6099137931034483,0.6206896551724138,0.6,-0.010775862068965525,0.00597622791197161,0.6614378277661477,0.0,insufficient_sample,7749.0,528.0,0.6315005215318135
niesha_huffines,Niesha Huffines,Melvin Marxen,Central,account,Globex Corporation,7,5,0.7142857142857143,0.6158088235294118,0.5882352941176471,0.6,0.02757352941176472,0.01187125833793512,0.6614378277661477,1.4603048773439467,insufficient_sample,13803.0,1080.0,0.6315005215318135
niesha_huffines,Niesha Huffines,Melvin Marxen,Central,account,Gogozoom,5,5,1.0,0.7488584474885845,0.6986301369863014,0.6,0.05022831050228316,0.14492088229710787,0.5590169943749475,4.660564407554983,insufficient_sample,4982.0,504.0,0.6315005215318135
niesha_huffines,Niesha Huffines,Melvin Marxen,Central,account,Hottechi,5,4,0.8,0.6126079447322971,0.5751295336787565,0.6,0.03747841105354055,0.008670379540820394,0.5590169943749475,1.5314605984564191,insufficient_sample,2494.0,531.0,0.6315005215318135
niesha_huffines,Niesha Huffines,Melvin Marxen,Central,account,Inity,9,8,0.8888888888888888,0.7352941176470589,0.68,0.6,0.05529411764705883,0.1313565524555822,0.75,6.1436977372531505,strong_fit,18007.0,545.0,0.6315005215318135
niesha_huffines,Niesha Huffines,Melvin Marxen,Central,account,Isdom,5,3,0.6,0.5836309523809524,0.5803571428571429,0.6,0.003273809523809512,-0.02030661281052426,0.5590169943749475,0.0,insufficient_sample,2969.0,662.0,0.6315005215318135
niesha_huffines,Niesha Huffines,Melvin Marxen,Central,account,Konmatfix,2,1,0.5,0.6446759259259259,0.65625,0.6,-0.01157407407407407,0.04073836073444925,0.3535533905932738,0.23812804119934627,insufficient_sample,970.0,485.0,0.6315005215318135
niesha_huffines,Niesha Huffines,Melvin Marxen,Central,account,Rangreen,4,3,0.75,0.75,0.75,0.6,0.0,0.14606243480852332,0.5,2.556092609149158,insufficient_sample,6573.0,1438.5,0.6315005215318135
niesha_huffines,Niesha Huffines,Melvin Marxen,Central,account,Ron-tech,11,5,0.45454545454545453,0.5931983385254412,0.6542056074766355,0.6,-0.06100726895119424,-0.01073922666603544,0.82915619758885,0.0,weak_fit,4754.0,0.0,0.6315005215318135
niesha_huffines,Niesha Huffines,Melvin Marxen,Central,account,Rundofase,6,4,0.6666666666666666,0.6750672043010754,0.6770833333333334,0.6,-0.002016129032258007,0.07112963910959869,0.6123724356957945,1.4442736423093179,insufficient_sample,6611.0,335.5,0.6315005215318135
niesha_huffines,Niesha Huffines,Melvin Marxen,Central,account,Scottech,4,3,0.75,0.6408419167039857,0.6233766233766234,0.6,0.017465293327362352,0.03690435151250904,0.5,1.2134481846081846,insufficient_sample,2630.0,748.5,0.6315005215318135
niesha_huffines,Niesha Huffines,Melvin Marxen,Central,account,Stanredtax,7,3,0.42857142857142855,0.6328125,0.69,0.6,-0.05718749999999995,0.028874934808523323,0.6614378277661477,0.0,insufficient_sample,3381.0,0.0,0.6315005215318135
niesha_huffines,Niesha Huffines,Melvin Marxen,Central,account,Statholdings,3,2,0.6666666666666666,0.5457589285714286,0.53125,0.6,0.014508928571428603,-0.058178636620048074,0.4330127018922193,0.0,insufficient_sample,2381.0,1114.0,0.6315005215318135
niesha_huffines,Niesha Huffines,Melvin Marxen,Central,account,Streethex,7,4,0.5714285714285714,0.5982572115384615,0.6057692307692307,0.6,-0.0075120192307692735,-0.005680353653015224,0.6614378277661477,0.0,insufficient_sample,7969.0,54.0,0.6315005215318135
niesha_huffines,Niesha Huffines,Melvin Marxen,Central,account,Toughzap,3,0,0.0,0.5527210884353742,0.6190476190476191,0.6,-0.06632653061224492,-0.051216476756102525,0.4330127018922193,0.0,insufficient_sample,0.0,0.0,0.6315005215318135
niesha_huffines,Niesha Huffines,Melvin Marxen,Central,account,Treequote,11,7,0.6363636363636364,0.6202830188679245,0.6132075471698113,0.6,0.007075471698113178,0.016345453676447796,0.82915619758885,0.8556863262460629,neutral,16666.0,568.0,0.6315005215318135
niesha_huffines,Niesha Huffines,Melvin Marxen,Central,account,Warephase,3,3,1.0,0.7259547383309759,0.693069306930693,0.6,0.03288543140028288,0.12201717313949922,0.4330127018922193,2.7748121213727868,insufficient_sample,6907.0,587.0,0.6315005215318135
niesha_huffines,Niesha Huffines,Melvin Marxen,Central,account,Zumgoity,4,3,0.75,0.647912885662432,0.631578947368421,0.6,0.016333938294010975,0.043975320470955315,0.5,1.3004211027970745,insufficient_sample,3313.0,1062.0,0.6315005215318135
niesha_huffines,Niesha Huffines,Melvin Marxen,Central,account,dambase,5,2,0.4,0.5611721611721612,0.5934065934065934,0.6,-0.03223443223443223,-0.0427654040193155,0.5590169943749475,0.0,insufficient_sample,2110.0,0.0,0.6315005215318135
reed_clapper,Reed Clapper,Rocco Neubert,East,account,Acme Corporation,9,3,0.3333333333333333,0.5192697768762677,0.5862068965517241,0.6540084388185654,-0.06693711967545635,-0.13259095991111902,0.75,0.0,weak_fit,7441.0,0.0,0.6315005215318135
reed_clapper,Reed Clapper,Rocco Neubert,East,account,Betasoloin,9,6,0.6666666666666666,0.6394335511982571,0.6296296296296297,0.6540084388185654,0.009803921568627416,-0.012427185589129697,0.75,0.15172755475593203,neutral,17564.0,575.0,0.6315005215318135
reed_clapper,Reed Clapper,Rocco Neubert,East,account,Bioplex,5,4,0.8,0.6949275362318841,0.6739130434782609,0.6540084388185654,0.021014492753623215,0.04306679944449732,0.5590169943749475,1.6062123549323009,insufficient_sample,16649.0,5095.0,0.6315005215318135
reed_clapper,Reed Clapper,Rocco Neubert,East,account,Bluth Company,7,5,0.7142857142857143,0.6119791666666667,0.5833333333333334,0.6540084388185654,0.02864583333333337,-0.03988157012072002,0.6614378277661477,0.30831218654649123,insufficient_sample,10263.0,62.0,0.6315005215318135
reed_clapper,Reed Clapper,Rocco Neubert,East,account,Bubba Gump,8,5,0.625,0.6565656565656565,0.6666666666666666,0.6540084388185654,-0.010101010101010166,0.0047049197782697005,0.7071067811865476,0.0,neutral,19562.0,2101.5,0.6315005215318135
reed_clapper,Reed Clapper,Rocco Neubert,East,account,Condax,6,2,0.3333333333333333,0.5970785149117468,0.660377358490566,0.6540084388185654,-0.06329884357881921,-0.05478222187563997,0.6123724356957945,0.0,insufficient_sample,604.0,0.0,0.6315005215318135
reed_clapper,Reed Clapper,Rocco Neubert,East,account,Donquadtech,12,10,0.8333333333333334,0.752895752895753,0.7142857142857143,0.6540084388185654,0.038610038610038644,0.10103501610836618,0.8660254037844386,5.2358839997869735,strong_fit,24185.0,1143.5,0.6315005215318135
reed_clapper,Reed Clapper,Rocco Neubert,East,account,Donware,5,4,0.8,0.5962962962962963,0.5555555555555556,0.6540084388185654,0.040740740740740744,-0.05556444049109044,0.5590169943749475,0.3932084903264358,insufficient_sample,7357.0,587.0,0.6315005215318135
reed_clapper,Reed Clapper,Rocco Neubert,East,account,Ganjaflex,9,6,0.6666666666666666,0.6274509803921569,0.6133333333333333,0.6540084388185654,0.014117647058823568,-0.02440975639522991,0.75,0.04747918874286389,neutral,15578.0,555.0,0.6315005215318135
reed_clapper,Reed Clapper,Rocco Neubert,East,account,Gekko & Co,7,3,0.42857142857142855,0.6452205882352942,0.7058823529411765,0.6540084388185654,-0.06066176470588236,-0.006640148552092606,0.6614378277661477,0.0,insufficient_sample,8594.0,0.0,0.6315005215318135
reed_clapper,Reed Clapper,Rocco Neubert,East,account,Initech,9,5,0.5555555555555556,0.5788982259570495,0.5873015873015873,0.6540084388185654,-0.008403361344537785,-0.07296251083033722,0.75,0.0,neutral,10058.0,524.0,0.6315005215318135
reed_clapper,Reed Clapper,Rocco Neubert,East,account,Iselectrics,3,1,0.3333333333333333,0.6231203007518797,0.6578947368421053,0.6540084388185654,-0.03477443609022557,-0.028740436035507022,0.4330127018922193,0.0,insufficient_sample,5044.0,0.0,0.6315005215318135
reed_clapper,Reed Clapper,Rocco Neubert,East,account,Kan-code,13,12,0.9230769230769231,0.7203771460737405,0.6149732620320856,0.6540084388185654,0.1054038840416549,0.06851640928635372,0.9013878188659973,8.337230499170738,strong_fit,42367.0,3558.0,0.6315005215318135
reed_clapper,Reed Clapper,Rocco Neubert,East,account,Kinnamplus,4,2,0.5,0.625139043381535,0.6451612903225806,0.6540084388185654,-0.020022246941045596,-0.026721693405851732,0.5,0.0,insufficient_sample,5952.0,275.5,0.6315005215318135
reed_clapper,Reed Clapper,Rocco Neubert,East,account,Konex,8,6,0.75,0.6602870813397129,0.631578947368421,0.6540084388185654,0.028708133971291905,0.00842634455232616,0.7071067811865476,1.5280229414850512,possible_fit,14113.0,989.5,0.6315005215318135
reed_clapper,Reed Clapper,Rocco Neubert,East,account,Massive Dynamic,9,7,0.7777777777777778,0.6794616151545363,0.6440677966101694,0.6540084388185654,0.03539381854436685,0.02760087836714953,0.75,2.449971711175559,possible_fit,14905.0,538.0,0.6315005215318135
reed_clapper,Reed Clapper,Rocco Neubert,East,account,Mathtouch,16,10,0.625,0.635350797952424,0.6419753086419753,0.6540084388185654,-0.006624510689551277,-0.016509938834962767,1.0,0.0,neutral,32952.0,714.0,0.6315005215318135
reed_clapper,Reed Clapper,Rocco Neubert,East,account,Ontomedia,6,2,0.3333333333333333,0.5541474654377879,0.6071428571428571,0.6540084388185654,-0.05299539170506917,-0.09771327134959884,0.6123724356957945,0.0,insufficient_sample,6984.0,0.0,0.6315005215318135
reed_clapper,Reed Clapper,Rocco Neubert,East,account,Opentech,7,5,0.7142857142857143,0.625,0.6,0.6540084388185654,0.025000000000000022,-0.026860736787386763,0.6614378277661477,0.4530017113703337,insufficient_sample,16465.0,1090.0,0.6315005215318135
reed_clapper,Reed Clapper,Rocco Neubert,East,account,Plussunin,14,9,0.6428571428571429,0.6182023105100029,0.6043956043956044,0.6540084388185654,0.013806706114398493,-0.03365842627738391,0.9354143466934853,0.0,neutral,25974.0,1247.5,0.6315005215318135
reed_clapper,Reed Clapper,Rocco Neubert,East,account,Silis,7,3,0.42857142857142855,0.5277777777777778,0.5555555555555556,0.6540084388185654,-0.02777777777777779,-0.12408295900960897,0.6614378277661477,0.0,insufficient_sample,10621.0,0.0,0.6315005215318135
reed_clapper,Reed Clapper,Rocco Neubert,East,account,The New York Inquirer,7,4,0.5714285714285714,0.6221590909090908,0.6363636363636364,0.6540084388185654,-0.014204545454545525,-0.029701645878295935,0.6614378277661477,0.0,insufficient_sample,16302.0,948.0,0.6315005215318135
reed_clapper,Reed Clapper,Rocco Neubert,East,account,Umbrella Corporation,9,7,0.7777777777777778,0.6642475171886937,0.6233766233766234,0.6540084388185654,0.04087089381207032,0.012386780401306918,0.75,2.3176090588727347,possible_fit,11753.0,555.0,0.6315005215318135
reed_clapper,Reed Clapper,Rocco Neubert,East,account,Vehement Capital Partners,7,4,0.5714285714285714,0.5910087719298245,0.5964912280701754,0.6540084388185654,-0.005482456140350922,-0.06085196485756228,0.6614378277661477,0.0,insufficient_sample,15370.0,57.0,0.6315005215318135
reed_clapper,Reed Clapper,Rocco Neubert,East,account,Xx-zobam,11,8,0.7272727272727273,0.607095046854083,0.5542168674698795,0.6540084388185654,0.05287817938420347,-0.044765689933303765,0.82915619758885,1.550756336321886,possible_fit,20434.0,1091.0,0.6315005215318135
reed_clapper,Reed Clapper,Rocco Neubert,East,account,Yearin,8,4,0.5,0.6082251082251082,0.6428571428571429,0.6540084388185654,-0.03463203463203468,-0.04363562856227854,0.7071067811865476,0.0,weak_fit,13487.0,27.0,0.6315005215318135
reed_clapper,Reed Clapper,Rocco Neubert,East,account,Zathunicon,6,6,1.0,0.7208436724565757,0.6538461538461539,0.6540084388185654,0.0669975186104218,0.0689829356691889,0.6123724356957945,4.145296879509053,insufficient_sample,15321.0,2323.5,0.6315005215318135
reed_clapper,Reed Clapper,Rocco Neubert,East,account,Zencorporation,7,5,0.7142857142857143,0.693359375,0.6875,0.6540084388185654,0.005859375,0.04149863821261324,0.6614378277661477,1.2126217166955178,insufficient_sample,8792.0,1024.0,0.6315005215318135
reed_clapper,Reed Clapper,Rocco Neubert,East,account,Zotware,9,7,0.7777777777777778,0.6995798319327731,0.6714285714285714,0.6540084388185654,0.02815126050420169,0.0477190951453863,0.75,2.6250001971462225,possible_fit,23645.0,1123.0,0.6315005215318135
rosalina_dieter,Rosalina Dieter,Celia Rouche,West,account,Blackzim,2,2,1.0,0.6087636932707355,0.5774647887323944,0.6545454545454545,0.031298904538341166,-0.04151418108700777,0.3535533905932738,0.20556741655455554,insufficient_sample,110.0,55.0,0.6315005215318135
rosalina_dieter,Rosalina Dieter,Celia Rouche,West,account,Cheers,2,1,0.5,0.6234567901234568,0.6333333333333333,0.6545454545454545,-0.00987654320987652,-0.02682108423428653,0.3535533905932738,0.0,insufficient_sample,4855.0,2427.5,0.6315005215318135
rosalina_dieter,Rosalina Dieter,Celia Rouche,West,account,Condax,3,3,1.0,0.6967654986522911,0.660377358490566,0.6545454545454545,0.03638814016172509,0.04648762429454778,0.4330127018922193,1.7287148607486262,insufficient_sample,156.0,53.0,0.6315005215318135
rosalina_dieter,Rosalina Dieter,Celia Rouche,West,account,Dalttechnology,5,2,0.4,0.6540983606557377,0.7049180327868853,0.6545454545454545,-0.050819672131147575,0.0038204862979943632,0.5590169943749475,0.0,insufficient_sample,96.0,0.0,0.6315005215318135
rosalina_dieter,Rosalina Dieter,Celia Rouche,West,account,Doncon,1,0,0.0,0.5666208791208791,0.5892857142857143,0.6545454545454545,-0.022664835164835195,-0.0836569952368642,0.25,0.0,insufficient_sample,0.0,0.0,0.6315005215318135
rosalina_dieter,Rosalina Dieter,Celia Rouche,West,account,Fasehatice,1,0,0.0,0.5816714150047484,0.6049382716049383,0.6545454545454545,-0.0232668566001899,-0.06860645935299492,0.25,0.0,insufficient_sample,0.0,0.0,0.6315005215318135
rosalina_dieter,Rosalina Dieter,Celia Rouche,West,account,Faxquote,2,0,0.0,0.5847953216374269,0.631578947368421,0.6545454545454545,-0.04678362573099415,-0.06548255272031644,0.3535533905932738,0.0,insufficient_sample,0.0,0.0,0.6315005215318135
rosalina_dieter,Rosalina Dieter,Celia Rouche,West,account,Finjob,4,3,0.75,0.7100893997445721,0.7037037037037037,0.6545454545454545,0.0063856960408683605,0.05981152538682877,0.5,1.2542368155977253,insufficient_sample,4175.0,47.5,0.6315005215318135
rosalina_dieter,Rosalina Dieter,Celia Rouche,West,account,Golddex,4,2,0.5,0.5594530321046374,0.5689655172413793,0.6545454545454545,-0.009512485136741966,-0.09082484225310594,0.5,0.0,insufficient_sample,103.0,24.5,0.6315005215318135
rosalina_dieter,Rosalina Dieter,Celia Rouche,West,account,Goodsilron,4,4,1.0,0.7746865203761755,0.7386363636363636,0.6545454545454545,0.03605015673981182,0.12440864601843216,0.5,3.348781399366447,insufficient_sample,1878.0,588.5,0.6315005215318135
rosalina_dieter,Rosalina Dieter,Celia Rouche,West,account,Green-Plus,3,2,0.6666666666666666,0.579861111111111,0.5694444444444444,0.6545454545454545,0.01041666666666663,-0.07041676324663226,0.4330127018922193,0.0,insufficient_sample,697.0,62.0,0.6315005215318135
rosalina_dieter,Rosalina Dieter,Celia Rouche,West,account,Groovestreet,6,6,1.0,0.7067448680351905,0.6363636363636364,0.6545454545454545,0.07038123167155419,0.05646699367744723,0.6123724356957945,4.011728273202385,insufficient_sample,37799.0,916.0,0.6315005215318135
rosalina_dieter,Rosalina Dieter,Celia Rouche,West,account,Hatfan,4,2,0.5,0.5567150635208711,0.5657894736842105,0.6545454545454545,-0.00907441016333943,-0.09356281083687223,0.5,0.0,insufficient_sample,11151.0,2380.0,0.6315005215318135
rosalina_dieter,Rosalina Dieter,Celia Rouche,West,account,Hottechi,2,1,0.5,0.5695643830358856,0.5751295336787565,0.6545454545454545,-0.005565150642870886,-0.08071349132185768,0.3535533905932738,0.0,insufficient_sample,520.0,260.0,0.6315005215318135
rosalina_dieter,Rosalina Dieter,Celia Rouche,West,account,J-Texon,6,4,0.6666666666666666,0.6813963764913831,0.684931506849315,0.6545454545454545,-0.0035351303579319593,0.031118502133639758,0.6123724356957945,0.5262508879310803,insufficient_sample,3541.0,52.5,0.6315005215318135
rosalina_dieter,Rosalina Dieter,Celia Rouche,West,account,Kan-code,3,2,0.6666666666666666,0.6205118411000764,0.6149732620320856,0.6545454545454545,0.005538579067990823,-0.029766033257666913,0.4330127018922193,0.0,insufficient_sample,25847.0,56.0,0.6315005215318135
rosalina_dieter,Rosalina Dieter,Celia Rouche,West,account,Konex,3,2,0.6666666666666666,0.6353383458646616,0.631578947368421,0.6545454545454545,0.003759398496240629,-0.014939528493081666,0.4330127018922193,0.0,insufficient_sample,587.0,49.0,0.6315005215318135
rosalina_dieter,Rosalina Dieter,Celia Rouche,West,account,Labdrill,2,1,0.5,0.6369327073552427,0.647887323943662,0.6545454545454545,-0.010954616588419341,-0.013345167002500657,0.3535533905932738,0.0,insufficient_sample,55.0,27.5,0.6315005215318135
rosalina_dieter,Rosalina Dieter,Celia Rouche,West,account,Lexiqvolax,3,2,0.6666666666666666,0.599025974025974,0.5909090909090909,0.6545454545454545,0.008116883116883078,-0.051251900331769296,0.4330127018922193,0.0,insufficient_sample,3925.0,650.0,0.6315005215318135
rosalina_dieter,Rosalina Dieter,Celia Rouche,West,account,Nam-zim,3,1,0.3333333333333333,0.5851648351648352,0.6153846153846154,0.6545454545454545,-0.030219780219780223,-0.06511303919290812,0.4330127018922193,0.0,insufficient_sample,64.0,0.0,0.6315005215318135
rosalina_dieter,Rosalina Dieter,Celia Rouche,West,account,Newex,6,3,0.5,0.6818469323213157,0.7254901960784313,0.6545454545454545,-0.04364326375711569,0.031569057963572345,0.6123724356957945,0.0,insufficient_sample,3085.0,24.0,0.6315005215318135
rosalina_dieter,Rosalina Dieter,Celia Rouche,West,account,Plexzap,4,3,0.75,0.6509785647716683,0.6351351351351351,0.6545454545454545,0.01584342963653318,0.0007006904139249537,0.5,0.527173545431015,insufficient_sample,4485.0,488.0,0.6315005215318135
rosalina_dieter,Rosalina Dieter,Celia Rouche,West,account,Plusstrip,3,1,0.3333333333333333,0.6762422360248447,0.717391304347826,0.6545454545454545,-0.041149068322981375,0.025964361667101366,0.4330127018922193,0.0,insufficient_sample,3278.0,0.0,0.6315005215318135
rosalina_dieter,Rosalina Dieter,Celia Rouche,West,account,Rantouch,4,2,0.5,0.5729442970822282,0.5846153846153846,0.6545454545454545,-0.011671087533156488,-0.07733357727551515,0.5,0.0,insufficient_sample,28317.0,1709.0,0.6315005215318135
rosalina_dieter,Rosalina Dieter,Celia Rouche,West,account,Scotfind,3,3,1.0,0.7175655976676385,0.6836734693877551,0.6545454545454545,0.033892128279883416,0.06728772330989519,0.4330127018922193,1.973697293168533,insufficient_sample,11969.0,3752.0,0.6315005215318135
rosalina_dieter,Rosalina Dieter,Celia Rouche,West,account,Singletechno,5,5,1.0,0.7435897435897435,0.6923076923076923,0.6545454545454545,0.05128205128205121,0.09331186923200019,0.5590169943749475,3.6890922049651533,insufficient_sample,15595.0,3435.0,0.6315005215318135
rosalina_dieter,Rosalina Dieter,Celia Rouche,West,account,Sonron,4,3,0.75,0.646669815777043,0.6301369863013698,0.6545454545454545,0.01653282947567314,-0.0036080585807003462,0.5,0.474175932797121,insufficient_sample,8852.0,1958.0,0.6315005215318135
rosalina_dieter,Rosalina Dieter,Celia Rouche,West,account,Sunnamplex,3,3,1.0,0.6980042016806722,0.6617647058823529,0.6545454545454545,0.03623949579831931,0.04772632732292892,0.4330127018922193,1.7433042374970147,insufficient_sample,185.0,63.0,0.6315005215318135
rosalina_dieter,Rosalina Dieter,Celia Rouche,West,account,Xx-holding,7,5,0.7142857142857143,0.6309335443037976,0.6075949367088608,0.6545454545454545,0.023338607594936778,-0.019344330053945757,0.6614378277661477,0.5555799564277324,insufficient_sample,30877.0,501.0,0.6315005215318135
rosalina_dieter,Rosalina Dieter,Celia Rouche,West,account,Y-corporation,5,2,0.4,0.596078431372549,0.6352941176470588,0.6545454545454545,-0.039215686274509776,-0.0541994429851943,0.5590169943749475,0.0,insufficient_sample,28530.0,0.0,0.6315005215318135
rosalina_dieter,Rosalina Dieter,Celia Rouche,West,account,Zoomit,3,2,0.6666666666666666,0.7119565217391305,0.717391304347826,0.6545454545454545,-0.005434782608695565,0.061678647381387175,0.4330127018922193,0.7818008777052897,insufficient_sample,4671.0,57.0,0.6315005215318135
rosie_papadopoulos,Rosie Papadopoulos,Cara Losch,East,account,Acme Corporation,3,2,0.6666666666666666,0.5948275862068966,0.5862068965517241,0.6446280991735537,0.008620689655172487,-0.04755264008279758,0.4330127018922193,0.0,insufficient_sample,3911.0,61.0,0.6315005215318135
rosie_papadopoulos,Rosie Papadopoulos,Cara Losch,East,account,Betasoloin,1,1,1.0,0.6438746438746439,0.6296296296296297,0.6446280991735537,0.014245014245014231,0.0014944175849497254,0.25,0.24455763534979133,insufficient_sample,1036.0,1036.0,0.6315005215318135
rosie_papadopoulos,Rosie Papadopoulos,Cara Losch,East,account,Bioplex,4,3,0.75,0.6844077961019491,0.6739130434782609,0.6446280991735537,0.010494752623688264,0.04202756981225497,0.5,1.0765619319843305,insufficient_sample,6846.0,308.5,0.6315005215318135
rosie_papadopoulos,Rosie Papadopoulos,Cara Losch,East,account,Bluth Company,3,2,0.6666666666666666,0.5922619047619049,0.5833333333333334,0.6446280991735537,0.008928571428571508,-0.05011832152778928,0.4330127018922193,0.0,insufficient_sample,8307.0,3426.0,0.6315005215318135
rosie_papadopoulos,Rosie Papadopoulos,Cara Losch,East,account,Bubba Gump,6,4,0.6666666666666666,0.6666666666666666,0.6666666666666666,0.6446280991735537,0.0,0.024286440376972473,0.6123724356957945,0.5205321326809562,insufficient_sample,9064.0,53.5,0.6315005215318135
rosie_papadopoulos,Rosie Papadopoulos,Cara Losch,East,account,Condax,4,3,0.75,0.6727391021470397,0.660377358490566,0.6446280991735537,0.01236174365647369,0.030358875857345535,0.5,0.9330369963389419,insufficient_sample,9637.0,2408.0,0.6315005215318135
rosie_papadopoulos,Rosie Papadopoulos,Cara Losch,East,account,Donquadtech,3,1,0.3333333333333333,0.673469387755102,0.7142857142857143,0.6446280991735537,-0.04081632653061229,0.031089161465407855,0.4330127018922193,0.0,insufficient_sample,4205.0,0.0,0.6315005215318135
rosie_papadopoulos,Rosie Papadopoulos,Cara Losch,East,account,Donware,5,4,0.8,0.5962962962962963,0.5555555555555556,0.6446280991735537,0.040740740740740744,-0.04608392999339783,0.5590169943749475,0.5787003172510448,insufficient_sample,4785.0,58.0,0.6315005215318135
rosie_papadopoulos,Rosie Papadopoulos,Cara Losch,East,account,Ganjaflex,2,1,0.5,0.6049382716049382,0.6133333333333333,0.6446280991735537,-0.008395061728395103,-0.037441954684755974,0.3535533905932738,0.0,insufficient_sample,5986.0,2993.0,0.6315005215318135
rosie_papadopoulos,Rosie Papadopoulos,Cara Losch,East,account,Gekko & Co,5,2,0.4,0.6549019607843137,0.7058823529411765,0.6446280991735537,-0.050980392156862786,0.012521734494619574,0.5590169943749475,0.0,insufficient_sample,110.0,0.0,0.6315005215318135
rosie_papadopoulos,Rosie Papadopoulos,Cara Losch,East,account,Initech,5,2,0.4,0.5560846560846561,0.5873015873015873,0.6446280991735537,-0.031216931216931254,-0.08629557020503809,0.5590169943749475,0.0,insufficient_sample,5640.0,0.0,0.6315005215318135
rosie_papadopoulos,Rosie Papadopoulos,Cara Losch,East,account,Kan-code,7,4,0.5714285714285714,0.6054478609625669,0.6149732620320856,0.6446280991735537,-0.009525401069518713,-0.03693236532712729,0.6614378277661477,0.0,insufficient_sample,4523.0,51.0,0.6315005215318135
rosie_papadopoulos,Rosie Papadopoulos,Cara Losch,East,account,Kinnamplus,4,4,1.0,0.6941045606229144,0.6451612903225806,0.6446280991735537,0.04894327030033374,0.05172433433322021,0.5,2.4958321355922,insufficient_sample,17402.0,4098.0,0.6315005215318135
rosie_papadopoulos,Rosie Papadopoulos,Cara Losch,East,account,Konex,6,3,0.5,0.6061120543293719,0.631578947368421,0.6446280991735537,-0.025466893039049143,-0.03626817196032228,0.6123724356957945,0.0,insufficient_sample,5725.0,29.5,0.6315005215318135
rosie_papadopoulos,Rosie Papadopoulos,Cara Losch,East,account,Massive Dynamic,3,2,0.6666666666666666,0.6464891041162227,0.6440677966101694,0.6446280991735537,0.002421307506053294,0.004108877826528579,0.4330127018922193,0.13042156897437907,insufficient_sample,8397.0,3568.0,0.6315005215318135
rosie_papadopoulos,Rosie Papadopoulos,Cara Losch,East,account,Mathtouch,5,5,1.0,0.7016460905349794,0.6419753086419753,0.6446280991735537,0.05967078189300412,0.05926586424528524,0.5590169943749475,3.327775659959119,insufficient_sample,18166.0,4686.0,0.6315005215318135
rosie_papadopoulos,Rosie Papadopoulos,Cara Losch,East,account,Opentech,2,2,1.0,0.6296296296296297,0.6,0.6446280991735537,0.029629629629629672,-0.012750596660064506,0.3535533905932738,0.5231370572987446,insufficient_sample,6372.0,3186.0,0.6315005215318135
rosie_papadopoulos,Rosie Papadopoulos,Cara Losch,East,account,Plussunin,7,7,1.0,0.6909340659340659,0.6043956043956044,0.6446280991735537,0.08653846153846156,0.048553839644371766,0.6614378277661477,4.844624899027351,insufficient_sample,16272.0,3019.0,0.6315005215318135
rosie_papadopoulos,Rosie Papadopoulos,Cara Losch,East,account,Silis,5,3,0.6,0.562962962962963,0.5555555555555556,0.6446280991735537,0.007407407407407418,-0.07941726332673116,0.5590169943749475,0.0,insufficient_sample,7085.0,574.0,0.6315005215318135
rosie_papadopoulos,Rosie Papadopoulos,Cara Losch,East,account,Sumace,2,2,1.0,0.5934959349593496,0.5609756097560976,0.6446280991735537,0.03252032520325199,-0.048884291330344554,0.3535533905932738,0.14243638739162204,insufficient_sample,8713.0,4356.5,0.6315005215318135
rosie_papadopoulos,Rosie Papadopoulos,Cara Losch,East,account,The New York Inquirer,3,1,0.3333333333333333,0.6038961038961038,0.6363636363636364,0.6446280991735537,-0.032467532467532534,-0.038484122393590336,0.4330127018922193,0.0,insufficient_sample,6228.0,0.0,0.6315005215318135
rosie_papadopoulos,Rosie Papadopoulos,Cara Losch,East,account,Umbrella Corporation,10,6,0.6,0.6166975881261596,0.6233766233766234,0.6446280991735537,-0.006679035250463761,-0.025682638163534555,0.7905694150420949,0.0,neutral,24716.0,1988.5,0.6315005215318135
rosie_papadopoulos,Rosie Papadopoulos,Cara Losch,East,account,Vehement Capital Partners,7,4,0.5714285714285714,0.5910087719298245,0.5964912280701754,0.6446280991735537,-0.005482456140350922,-0.05137145435986967,0.6614378277661477,0.0,insufficient_sample,16352.0,48.0,0.6315005215318135
rosie_papadopoulos,Rosie Papadopoulos,Cara Losch,East,account,Xx-zobam,8,5,0.625,0.5713764147499086,0.5542168674698795,0.6446280991735537,0.017159547280029108,-0.07100381153978552,0.7071067811865476,0.0,neutral,16011.0,1915.0,0.6315005215318135
rosie_papadopoulos,Rosie Papadopoulos,Cara Losch,East,account,Yearin,3,1,0.3333333333333333,0.6096938775510204,0.6428571428571429,0.6446280991735537,-0.03316326530612246,-0.03268634873867371,0.4330127018922193,0.0,insufficient_sample,472.0,0.0,0.6315005215318135
rosie_papadopoulos,Rosie Papadopoulos,Cara Losch,East,account,Zathunicon,2,1,0.5,0.6424501424501424,0.6538461538461539,0.6446280991735537,-0.01139601139601143,6.991616044826898e-05,0.3535533905932738,0.0,insufficient_sample,4668.0,2334.0,0.6315005215318135
rosie_papadopoulos,Rosie Papadopoulos,Cara Losch,East,account,Zencorporation,2,1,0.5,0.6736111111111112,0.6875,0.6446280991735537,-0.01388888888888884,0.031230884821417004,0.3535533905932738,0.06728233840880642,insufficient_sample,4575.0,2287.5,0.6315005215318135
rosie_papadopoulos,Rosie Papadopoulos,Cara Losch,East,account,Zotware,4,2,0.5,0.647783251231527,0.6714285714285714,0.6446280991735537,-0.02364532019704435,0.005403024941832868,0.5,0.0,insufficient_sample,4965.0,29.5,0.6315005215318135
versie_hillebrand,Versie Hillebrand,Dustin Brinkmann,Central,account,Betatech,9,8,0.8888888888888888,0.6884404924760602,0.6162790697674418,0.6666666666666666,0.07216142270861836,0.024815879886803005,0.75,4.169286204073724,strong_fit,12475.0,68.0,0.6315005215318135
versie_hillebrand,Versie Hillebrand,Dustin Brinkmann,Central,account,Bioholding,10,7,0.7,0.6201680672268908,0.5882352941176471,0.6666666666666666,0.031932773109243695,-0.04345654536236643,0.7905694150420949,0.4384902466063673,neutral,895.0,57.0,0.6315005215318135
versie_hillebrand,Versie Hillebrand,Dustin Brinkmann,Central,account,Cancity,11,9,0.8181818181818182,0.6606929510155317,0.5913978494623656,0.6666666666666666,0.0692951015531661,-0.002931661573725486,0.82915619758885,3.6495919017901017,strong_fit,15092.0,61.0,0.6315005215318135
versie_hillebrand,Versie Hillebrand,Dustin Brinkmann,Central,account,Codehow,11,5,0.45454545454545453,0.5662393162393163,0.6153846153846154,0.6666666666666666,-0.04914529914529908,-0.09738529634994086,0.82915619758885,0.0,weak_fit,260.0,0.0,0.6315005215318135
versie_hillebrand,Versie Hillebrand,Dustin Brinkmann,Central,account,Condax,4,4,1.0,0.7072218607677293,0.660377358490566,0.6666666666666666,0.0468445022771633,0.0435972481784721,0.5,2.285398167131069,insufficient_sample,231.0,57.5,0.6315005215318135
versie_hillebrand,Versie Hillebrand,Dustin Brinkmann,Central,account,Conecom,5,3,0.6,0.6113636363636364,0.6136363636363636,0.6666666666666666,-0.002272727272727204,-0.05226097622562076,0.5590169943749475,0.0,insufficient_sample,713.0,58.0,0.6315005215318135
versie_hillebrand,Versie Hillebrand,Dustin Brinkmann,Central,account,Domzoom,7,3,0.42857142857142855,0.624599358974359,0.6794871794871795,0.6666666666666666,-0.054887820512820484,-0.03902525361489817,0.6614378277661477,0.0,insufficient_sample,5768.0,0.0,0.6315005215318135
versie_hillebrand,Versie Hillebrand,Dustin Brinkmann,Central,account,Dontechi,15,10,0.6666666666666666,0.6239316239316239,0.5982905982905983,0.6666666666666666,0.02564102564102566,-0.039692988657633266,0.9682458365518543,0.2686030756378901,neutral,7585.0,56.0,0.6315005215318135
versie_hillebrand,Versie Hillebrand,Dustin Brinkmann,Central,account,Finhigh,11,5,0.45454545454545453,0.5421146953405018,0.5806451612903226,0.6666666666666666,-0.03853046594982079,-0.12150991724875537,0.82915619758885,0.0,weak_fit,8622.0,0.0,0.6315005215318135
versie_hillebrand,Versie Hillebrand,Dustin Brinkmann,Central,account,Funholding,9,5,0.5555555555555556,0.5852644087938205,0.5959595959595959,0.6666666666666666,-0.010695187165775444,-0.07836020379543673,0.75,0.0,neutral,3099.0,47.0,0.6315005215318135
versie_hillebrand,Versie Hillebrand,Dustin Brinkmann,Central,account,Genco Pura Olive Oil Company,7,3,0.42857142857142855,0.5786637931034483,0.6206896551724138,0.6666666666666666,-0.042025862068965525,-0.08496081948580891,0.6614378277661477,0.0,insufficient_sample,4997.0,0.0,0.6315005215318135
versie_hillebrand,Versie Hillebrand,Dustin Brinkmann,Central,account,Globex Corporation,9,4,0.4444444444444444,0.5501730103806228,0.5882352941176471,0.6666666666666666,-0.03806228373702425,-0.11345160220863437,0.75,0.0,weak_fit,6670.0,0.0,0.6315005215318135
versie_hillebrand,Versie Hillebrand,Dustin Brinkmann,Central,account,Gogozoom,10,9,0.9,0.7561643835616438,0.6986301369863014,0.6666666666666666,0.05753424657534245,0.09253977097238664,0.7905694150420949,5.517081959099069,strong_fit,7115.0,60.0,0.6315005215318135
versie_hillebrand,Versie Hillebrand,Dustin Brinkmann,Central,account,Hottechi,8,5,0.625,0.5872193436960277,0.5751295336787565,0.6666666666666666,0.012089810017271163,-0.07640526889322952,0.7071067811865476,0.0,neutral,757.0,51.5,0.6315005215318135
versie_hillebrand,Versie Hillebrand,Dustin Brinkmann,Central,account,Inity,12,6,0.5,0.6216216216216216,0.68,0.6666666666666666,-0.05837837837837845,-0.0420029909676356,0.8660254037844386,0.0,weak_fit,7543.0,26.5,0.6315005215318135
versie_hillebrand,Versie Hillebrand,Dustin Brinkmann,Central,account,Isdom,9,7,0.7777777777777778,0.6326155462184875,0.5803571428571429,0.6666666666666666,0.052258403361344574,-0.031009066370769722,0.75,1.7336091716328428,possible_fit,6617.0,54.0,0.6315005215318135
versie_hillebrand,Versie Hillebrand,Dustin Brinkmann,Central,account,Konmatfix,11,7,0.6363636363636364,0.6501736111111112,0.65625,0.6666666666666666,-0.0060763888888888395,-0.01345100147814604,0.82915619758885,0.0,neutral,4550.0,54.0,0.6315005215318135
versie_hillebrand,Versie Hillebrand,Dustin Brinkmann,Central,account,Rangreen,12,8,0.6666666666666666,0.722972972972973,0.75,0.6666666666666666,-0.027027027027026973,0.059348360383715826,0.8660254037844386,0.27750559216250753,weak_fit,11449.0,51.5,0.6315005215318135
versie_hillebrand,Versie Hillebrand,Dustin Brinkmann,Central,account,Ron-tech,9,7,0.7777777777777778,0.6869158878504672,0.6542056074766355,0.6666666666666666,0.032710280373831724,0.023291275261209998,0.75,2.2060221438310585,possible_fit,7457.0,52.0,0.6315005215318135
versie_hillebrand,Versie Hillebrand,Dustin Brinkmann,Central,account,Rundofase,8,7,0.875,0.7250631313131314,0.6770833333333334,0.6666666666666666,0.04797979797979801,0.06143851872387418,0.7071067811865476,3.72577039579571,strong_fit,911.0,57.0,0.6315005215318135
versie_hillebrand,Versie Hillebrand,Dustin Brinkmann,Central,account,Scottech,10,7,0.7,0.6452690166975881,0.6233766233766234,0.6666666666666666,0.02189239332096471,-0.01835559589166913,0.7905694150420949,0.6170866330668168,neutral,6523.0,54.5,0.6315005215318135
versie_hillebrand,Versie Hillebrand,Dustin Brinkmann,Central,account,Stanredtax,10,8,0.8,0.7214285714285714,0.69,0.6666666666666666,0.03142857142857147,0.05780395883931422,0.7905694150420949,3.2144518438781287,possible_fit,6068.0,53.0,0.6315005215318135
versie_hillebrand,Versie Hillebrand,Dustin Brinkmann,Central,account,Statholdings,8,6,0.75,0.584280303030303,0.53125,0.6666666666666666,0.05303030303030298,-0.07934430955895422,0.7071067811865476,0.47370417045227003,neutral,15778.0,1652.0,0.6315005215318135
versie_hillebrand,Versie Hillebrand,Dustin Brinkmann,Central,account,Streethex,4,2,0.5,0.591180371352785,0.6057692307692307,0.6666666666666666,-0.01458885941644572,-0.0724442412364722,0.5,0.0,insufficient_sample,1015.0,28.0,0.6315005215318135
versie_hillebrand,Versie Hillebrand,Dustin Brinkmann,Central,account,Toughzap,6,3,0.5,0.5960061443932411,0.6190476190476191,0.6666666666666666,-0.023041474654378002,-0.06761846819601613,0.6123724356957945,0.0,insufficient_sample,620.0,25.0,0.6315005215318135
versie_hillebrand,Versie Hillebrand,Dustin Brinkmann,Central,account,Treequote,8,5,0.625,0.6160663236134933,0.6132075471698113,0.6666666666666666,0.002858776443682043,-0.04755828897576386,0.7071067811865476,0.0,neutral,3389.0,51.5,0.6315005215318135
versie_hillebrand,Versie Hillebrand,Dustin Brinkmann,Central,account,Warephase,7,6,0.8571428571428571,0.7289603960396039,0.693069306930693,0.6666666666666666,0.03589108910891092,0.06533578345034674,0.6614378277661477,3.0556266148912403,insufficient_sample,8928.0,50.0,0.6315005215318135
versie_hillebrand,Versie Hillebrand,Dustin Brinkmann,Central,account,Zumgoity,14,8,0.5714285714285714,0.6099865047233468,0.631578947368421,0.6666666666666666,-0.021592442645074206,-0.05363810786591039,0.9354143466934853,0.0,weak_fit,21693.0,57.5,0.6315005215318135
versie_hillebrand,Versie Hillebrand,Dustin Brinkmann,Central,account,dambase,10,9,0.9,0.6810047095761381,0.5934065934065934,0.6666666666666666,0.08759811616954472,0.017380096986880922,0.7905694150420949,4.982311503621785,strong_fit,10873.0,56.5,0.6315005215318135
vicki_laflamme,Vicki Laflamme,Celia Rouche,West,account,Blackzim,12,7,0.5833333333333334,0.5793681004948611,0.5774647887323944,0.6368876080691642,0.0019033117624667195,-0.057157472188728575,0.8660254037844386,0.0,neutral,14766.0,52.5,0.6315005215318135
vicki_laflamme,Vicki Laflamme,Celia Rouche,West,account,Cheers,10,5,0.5,0.5952380952380952,0.6333333333333333,0.6368876080691642,-0.03809523809523807,-0.041287477445494436,0.7905694150420949,0.0,weak_fit,8207.0,28.0,0.6315005215318135
vicki_laflamme,Vicki Laflamme,Celia Rouche,West,account,Condax,7,5,0.7142857142857143,0.6721698113207547,0.660377358490566,0.6368876080691642,0.011792452830188704,0.03564423863716504,0.6614378277661477,1.3321740071413228,insufficient_sample,17323.0,499.0,0.6315005215318135
vicki_laflamme,Vicki Laflamme,Celia Rouche,West,account,Dalttechnology,8,7,0.875,0.7461500248385494,0.7049180327868853,0.6368876080691642,0.04123199205166417,0.10962445215495975,0.7071067811865476,4.608169149393631,strong_fit,21523.0,2477.0,0.6315005215318135
vicki_laflamme,Vicki Laflamme,Celia Rouche,West,account,Doncon,9,4,0.4444444444444444,0.5509453781512605,0.5892857142857143,0.6368876080691642,-0.038340336134453756,-0.08558019453232912,0.75,0.0,weak_fit,11747.0,0.0,0.6315005215318135
vicki_laflamme,Vicki Laflamme,Celia Rouche,West,account,Fasehatice,16,11,0.6875,0.637157482685938,0.6049382716049383,0.6368876080691642,0.03221921108099968,0.0006319100023483015,1.0,2.1163655703471695,possible_fit,38812.0,2239.0,0.6315005215318135
vicki_laflamme,Vicki Laflamme,Celia Rouche,West,account,Faxquote,13,8,0.6153846153846154,0.6260387811634349,0.631578947368421,0.6368876080691642,-0.005540166204986097,-0.010486791520154748,0.9013878188659973,0.0,neutral,16252.0,583.0,0.6315005215318135
vicki_laflamme,Vicki Laflamme,Celia Rouche,West,account,Finjob,12,9,0.75,0.7187187187187187,0.7037037037037037,0.6368876080691642,0.01501501501501501,0.08219314603512906,0.8660254037844386,3.3365673255970147,possible_fit,11844.0,278.5,0.6315005215318135
vicki_laflamme,Vicki Laflamme,Celia Rouche,West,account,Golddex,8,7,0.875,0.6431556948798328,0.5689655172413793,0.6368876080691642,0.07419017763845348,0.006630122196243149,0.7071067811865476,3.5740117036400907,strong_fit,11941.0,534.0,0.6315005215318135
vicki_laflamme,Vicki Laflamme,Celia Rouche,West,account,Goodsilron,16,14,0.875,0.7918514412416852,0.7386363636363636,0.6368876080691642,0.053215077605321515,0.1553258685580955,1.0,8.895385443879242,strong_fit,37152.0,2955.5,0.6315005215318135
vicki_laflamme,Vicki Laflamme,Celia Rouche,West,account,Green-Plus,12,6,0.5,0.5469219219219219,0.5694444444444444,0.6368876080691642,-0.022522522522522515,-0.08960365076166776,0.8660254037844386,0.0,weak_fit,21450.0,267.5,0.6315005215318135
vicki_laflamme,Vicki Laflamme,Celia Rouche,West,account,Groovestreet,9,5,0.5555555555555556,0.6149732620320855,0.6363636363636364,0.6368876080691642,-0.021390374331550888,-0.021552310651504203,0.75,0.0,weak_fit,14829.0,651.0,0.6315005215318135
vicki_laflamme,Vicki Laflamme,Celia Rouche,West,account,Hatfan,12,5,0.4166666666666667,0.5174253200568989,0.5657894736842105,0.6368876080691642,-0.04836415362731161,-0.11910025262669077,0.8660254037844386,0.0,weak_fit,14859.0,0.0,0.6315005215318135
vicki_laflamme,Vicki Laflamme,Celia Rouche,West,account,Hottechi,19,14,0.7368421052631579,0.6449599623174753,0.5751295336787565,0.6368876080691642,0.0698304286387188,0.008434389633885653,1.0,4.83418149870272,strong_fit,15809.0,456.0,0.6315005215318135
vicki_laflamme,Vicki Laflamme,Celia Rouche,West,account,J-Texon,9,5,0.5555555555555556,0.6506849315068494,0.684931506849315,0.6368876080691642,-0.03424657534246567,0.014159358823259693,0.75,0.0,weak_fit,4728.0,50.0,0.6315005215318135
vicki_laflamme,Vicki Laflamme,Celia Rouche,West,account,Kan-code,12,4,0.3333333333333333,0.5236305824541119,0.6149732620320856,0.6368876080691642,-0.0913426795779737,-0.1128949902294778,0.8660254037844386,0.0,weak_fit,9489.0,0.0,0.6315005215318135
vicki_laflamme,Vicki Laflamme,Celia Rouche,West,account,Konex,19,13,0.6842105263157895,0.6543062200956938,0.631578947368421,0.6368876080691642,0.022727272727272818,0.017780647412104167,1.0,2.099595386696379,possible_fit,27782.0,587.0,0.6315005215318135
vicki_laflamme,Vicki Laflamme,Celia Rouche,West,account,Labdrill,6,5,0.8333333333333334,0.6837800999545662,0.647887323943662,0.6368876080691642,0.03589277601090424,0.047254527270976565,0.6123724356957945,2.44149148221961,insufficient_sample,7356.0,574.5,0.6315005215318135
vicki_laflamme,Vicki Laflamme,Celia Rouche,West,account,Lexiqvolax,14,7,0.5,0.5582750582750583,0.5909090909090909,0.6368876080691642,-0.03263403263403264,-0.07825051440853137,0.9354143466934853,0.0,weak_fit,13537.0,28.0,0.6315005215318135
vicki_laflamme,Vicki Laflamme,Celia Rouche,West,account,Nam-zim,6,2,0.3333333333333333,0.5607940446650125,0.6153846153846154,0.6368876080691642,-0.05459057071960294,-0.07573152801857719,0.6123724356957945,0.0,insufficient_sample,602.0,0.0,0.6315005215318135
vicki_laflamme,Vicki Laflamme,Celia Rouche,West,account,Newex,7,5,0.7142857142857143,0.7230392156862745,0.7254901960784313,0.6368876080691642,-0.002450980392156854,0.08651364300268483,0.6614378277661477,1.897442738972547,insufficient_sample,16919.0,3023.0,0.6315005215318135
vicki_laflamme,Vicki Laflamme,Celia Rouche,West,account,Plexzap,14,8,0.5714285714285714,0.6122661122661123,0.6351351351351351,0.6368876080691642,-0.022869022869022815,-0.024259460417477396,0.9354143466934853,0.0,weak_fit,17330.0,295.0,0.6315005215318135
vicki_laflamme,Vicki Laflamme,Celia Rouche,West,account,Plusstrip,8,6,0.75,0.7252964426877471,0.717391304347826,0.6368876080691642,0.007905138339921014,0.0887708700041574,0.7071067811865476,2.5603024455263563,possible_fit,11812.0,58.0,0.6315005215318135
vicki_laflamme,Vicki Laflamme,Celia Rouche,West,account,Rantouch,12,9,0.75,0.6382536382536383,0.5846153846153846,0.6368876080691642,0.0536382536382537,0.0017280655700486758,0.8660254037844386,3.07176507115581,possible_fit,21986.0,887.0,0.6315005215318135
vicki_laflamme,Vicki Laflamme,Celia Rouche,West,account,Scotfind,20,11,0.55,0.6242630385487529,0.6836734693877551,0.6368876080691642,-0.059410430839002215,-0.0122625341348368,1.0,0.0,weak_fit,19289.0,47.5,0.6315005215318135
vicki_laflamme,Vicki Laflamme,Celia Rouche,West,account,Singletechno,6,6,1.0,0.7518610421836228,0.6923076923076923,0.6368876080691642,0.05955334987593053,0.11533546950003315,0.6123724356957945,4.8424631279237484,insufficient_sample,20299.0,3675.5,0.6315005215318135
vicki_laflamme,Vicki Laflamme,Celia Rouche,West,account,Sonron,10,5,0.5,0.5929549902152642,0.6301369863013698,0.6368876080691642,-0.03718199608610562,-0.04357058246832546,0.7905694150420949,0.0,weak_fit,9167.0,29.5,0.6315005215318135
vicki_laflamme,Vicki Laflamme,Celia Rouche,West,account,Sunnamplex,9,6,0.6666666666666666,0.6630622837370241,0.6617647058823529,0.6368876080691642,0.0012975778546712169,0.02653671105343447,0.75,0.7598455855678766,neutral,10704.0,56.0,0.6315005215318135
vicki_laflamme,Vicki Laflamme,Celia Rouche,West,account,Xx-holding,13,7,0.5384615384615384,0.5839440373084611,0.6075949367088608,0.6368876080691642,-0.02365089940039966,-0.05258153537512855,0.9013878188659973,0.0,weak_fit,13796.0,68.0,0.6315005215318135
vicki_laflamme,Vicki Laflamme,Celia Rouche,West,account,Y-corporation,10,8,0.8,0.6823529411764706,0.6352941176470588,0.6368876080691642,0.04705882352941182,0.04582736849288094,0.7905694150420949,3.686252384945797,strong_fit,10995.0,461.0,0.6315005215318135
vicki_laflamme,Vicki Laflamme,Celia Rouche,West,account,Zoomit,9,7,0.7777777777777778,0.7333759590792839,0.717391304347826,0.6368876080691642,0.015984654731457826,0.09685038639569421,0.75,3.321574561045542,possible_fit,6091.0,60.0,0.6315005215318135
violet_mclelland,Violet Mclelland,Cara Losch,East,account,Acme Corporation,9,3,0.3333333333333333,0.5192697768762677,0.5862068965517241,0.6321243523316062,-0.06693711967545635,-0.11278303522600452,0.75,0.0,weak_fit,4220.0,0.0,0.6315005215318135
violet_mclelland,Violet Mclelland,Cara Losch,East,account,Betasoloin,3,2,0.6666666666666666,0.6335978835978836,0.6296296296296297,0.6321243523316062,0.003968253968253954,0.0015450714956113387,0.4330127018922193,0.13510602962082688,insufficient_sample,3721.0,48.0,0.6315005215318135
violet_mclelland,Violet Mclelland,Cara Losch,East,account,Bioplex,11,7,0.6363636363636364,0.6624396135265701,0.6739130434782609,0.6321243523316062,-0.011473429951690761,0.030386801424297838,0.82915619758885,0.2634769045220528,neutral,3744.0,52.0,0.6315005215318135
violet_mclelland,Violet Mclelland,Cara Losch,East,account,Bluth Company,8,4,0.5,0.5631313131313131,0.5833333333333334,0.6321243523316062,-0.02020202020202022,-0.06892149897095912,0.7071067811865476,0.0,weak_fit,1258.0,25.5,0.6315005215318135
violet_mclelland,Violet Mclelland,Cara Losch,East,account,Bubba Gump,3,3,1.0,0.7023809523809523,0.6666666666666666,0.6321243523316062,0.0357142857142857,0.07032814027868006,0.4330127018922193,2.0710622894035,insufficient_sample,5162.0,472.0,0.6315005215318135
violet_mclelland,Violet Mclelland,Cara Losch,East,account,Condax,3,1,0.3333333333333333,0.6253369272237197,0.660377358490566,0.6321243523316062,-0.035040431266846306,-0.006715884878552569,0.4330127018922193,0.0,insufficient_sample,55.0,0.0,0.6315005215318135
violet_mclelland,Violet Mclelland,Cara Losch,East,account,Donquadtech,6,5,0.8333333333333334,0.7373271889400922,0.7142857142857143,0.6321243523316062,0.02304147465437789,0.10527437683781993,0.6123724356957945,3.1734970867667247,insufficient_sample,284.0,53.0,0.6315005215318135
violet_mclelland,Violet Mclelland,Cara Losch,East,account,Donware,7,4,0.5714285714285714,0.5590277777777778,0.5555555555555556,0.6321243523316062,0.00347222222222221,-0.07302503432449448,0.6614378277661477,0.0,insufficient_sample,3851.0,55.0,0.6315005215318135
violet_mclelland,Violet Mclelland,Cara Losch,East,account,Ganjaflex,7,3,0.42857142857142855,0.5729166666666666,0.6133333333333333,0.6321243523316062,-0.040416666666666656,-0.059136145435605636,0.6614378277661477,0.0,insufficient_sample,1185.0,0.0,0.6315005215318135
violet_mclelland,Violet Mclelland,Cara Losch,East,account,Gekko & Co,16,11,0.6875,0.6987087517934003,0.7058823529411765,0.6321243523316062,-0.00717360114777621,0.06665593969112804,1.0,1.8666738145840276,neutral,11043.0,55.5,0.6315005215318135
violet_mclelland,Violet Mclelland,Cara Losch,East,account,Initech,8,5,0.625,0.5964405964405964,0.5873015873015873,0.6321243523316062,0.009139009139009113,-0.03561221566167583,0.7071067811865476,0.0,neutral,6079.0,49.5,0.6315005215318135
violet_mclelland,Violet Mclelland,Cara Losch,East,account,Iselectrics,3,1,0.3333333333333333,0.6231203007518797,0.6578947368421053,0.6321243523316062,-0.03477443609022557,-0.008932511350392525,0.4330127018922193,0.0,insufficient_sample,48.0,0.0,0.6315005215318135
violet_mclelland,Violet Mclelland,Cara Losch,East,account,Kan-code,6,5,0.8333333333333334,0.6572365016387787,0.6149732620320856,0.6321243523316062,0.04226323960669309,0.025183689536506404,0.6123724356957945,2.2220176991371647,insufficient_sample,7736.0,346.0,0.6315005215318135
violet_mclelland,Violet Mclelland,Cara Losch,East,account,Kinnamplus,8,4,0.5,0.6099706744868035,0.6451612903225806,0.6321243523316062,-0.035190615835777095,-0.022082137615468733,0.7071067811865476,0.0,weak_fit,6617.0,25.0,0.6315005215318135
violet_mclelland,Violet Mclelland,Cara Losch,East,account,Konex,4,4,1.0,0.6823956442831216,0.631578947368421,0.6321243523316062,0.05081669691470059,0.05034283218084934,0.5,2.5325422128926323,insufficient_sample,5765.0,55.5,0.6315005215318135
violet_mclelland,Violet Mclelland,Cara Losch,East,account,Massive Dynamic,9,7,0.7777777777777778,0.6794616151545363,0.6440677966101694,0.6321243523316062,0.03539381854436685,0.047408803052264026,0.75,2.9699297341598148,possible_fit,11636.0,533.0,0.6315005215318135
violet_mclelland,Violet Mclelland,Cara Losch,East,account,Mathtouch,8,5,0.625,0.6378600823045267,0.6419753086419753,0.6321243523316062,-0.004115226337448541,0.0058072702022544664,0.7071067811865476,0.0,neutral,6729.0,62.5,0.6315005215318135
violet_mclelland,Violet Mclelland,Cara Losch,East,account,Ontomedia,4,3,0.75,0.626847290640394,0.6071428571428571,0.6321243523316062,0.019704433497536922,-0.005205521461878249,0.5,0.5492974630870806,insufficient_sample,4299.0,47.5,0.6315005215318135
violet_mclelland,Violet Mclelland,Cara Losch,East,account,Opentech,7,5,0.7142857142857143,0.625,0.6,0.6321243523316062,0.025000000000000022,-0.007052812102272266,0.6614378277661477,0.9115615850400491,insufficient_sample,754.0,54.0,0.6315005215318135
violet_mclelland,Violet Mclelland,Cara Losch,East,account,Plussunin,2,2,1.0,0.6336996336996337,0.6043956043956044,0.6321243523316062,0.02930402930402931,0.001646821597361403,0.3535533905932738,0.6938134072822015,insufficient_sample,5009.0,2504.5,0.6315005215318135
violet_mclelland,Violet Mclelland,Cara Losch,East,account,Silis,7,6,0.8571428571428571,0.6215277777777778,0.5555555555555556,0.6321243523316062,0.06597222222222221,-0.010525034324494476,0.6614378277661477,2.5927160639456734,insufficient_sample,7329.0,57.0,0.6315005215318135
violet_mclelland,Violet Mclelland,Cara Losch,East,account,Sumace,5,2,0.4,0.5341463414634146,0.5609756097560976,0.6321243523316062,-0.02682926829268306,-0.09790647063885771,0.5590169943749475,0.0,insufficient_sample,1737.0,0.0,0.6315005215318135
violet_mclelland,Violet Mclelland,Cara Losch,East,account,The New York Inquirer,3,2,0.6666666666666666,0.6396103896103895,0.6363636363636364,0.6321243523316062,0.0032467532467531646,0.0075575775081172525,0.4330127018922193,0.20592099770324507,insufficient_sample,108.0,47.0,0.6315005215318135
violet_mclelland,Violet Mclelland,Cara Losch,East,account,Umbrella Corporation,8,4,0.5,0.5934671389216843,0.6233766233766234,0.6321243523316062,-0.029909484454939017,-0.03858567318058792,0.7071067811865476,0.0,weak_fit,5444.0,29.5,0.6315005215318135
violet_mclelland,Violet Mclelland,Cara Losch,East,account,Vehement Capital Partners,5,3,0.6,0.5970760233918128,0.5964912280701754,0.6321243523316062,0.0005847953216373547,-0.034976788710459505,0.5590169943749475,0.0,insufficient_sample,1111.0,48.0,0.6315005215318135
violet_mclelland,Violet Mclelland,Cara Losch,East,account,Xx-zobam,9,4,0.4444444444444444,0.5251594613749113,0.5542168674698795,0.6321243523316062,-0.029057406094968208,-0.10689335072736095,0.75,0.0,weak_fit,9644.0,0.0,0.6315005215318135
violet_mclelland,Violet Mclelland,Cara Losch,East,account,Yearin,10,7,0.7,0.6591836734693878,0.6428571428571429,0.6321243523316062,0.01632653061224487,0.02713086136711551,0.7905694150420949,1.589680646146907,possible_fit,933.0,55.5,0.6315005215318135
violet_mclelland,Violet Mclelland,Cara Losch,East,account,Zathunicon,5,3,0.6,0.6448717948717949,0.6538461538461539,0.6321243523316062,-0.008974358974358942,0.012818982769522647,0.5590169943749475,0.0,insufficient_sample,3044.0,53.0,0.6315005215318135
violet_mclelland,Violet Mclelland,Cara Losch,East,account,Zencorporation,6,5,0.8333333333333334,0.7157258064516129,0.6875,0.6321243523316062,0.028225806451612878,0.08367299434934061,0.6123724356957945,2.9168721173147114,insufficient_sample,1776.0,54.0,0.6315005215318135
violet_mclelland,Violet Mclelland,Cara Losch,East,account,Zotware,3,2,0.6666666666666666,0.6709183673469388,0.6714285714285714,0.6321243523316062,-0.0005102040816326037,0.038865555244666505,0.4330127018922193,0.5746646529324314,insufficient_sample,3110.0,49.0,0.6315005215318135
wilburn_farren,Wilburn Farren,Cara Losch,East,account,Acme Corporation,2,1,0.5,0.5798212005108556,0.5862068965517241,0.6962025316455697,-0.0063856960408684715,-0.10082796331890731,0.3535533905932738,0.0,insufficient_sample,3833.0,1916.5,0.6315005215318135
wilburn_farren,Wilburn Farren,Cara Losch,East,account,Betasoloin,3,0,0.0,0.5621693121693122,0.6296296296296297,0.6962025316455697,-0.06746031746031744,-0.11847985166045072,0.4330127018922193,0.0,insufficient_sample,0.0,0.0,0.6315005215318135
wilburn_farren,Wilburn Farren,Cara Losch,East,account,Bluth Company,2,1,0.5,0.5771604938271605,0.5833333333333334,0.6962025316455697,-0.006172839506172867,-0.10348867000260242,0.3535533905932738,0.0,insufficient_sample,3589.0,1794.5,0.6315005215318135
wilburn_farren,Wilburn Farren,Cara Losch,East,account,Condax,2,2,1.0,0.6855345911949685,0.660377358490566,0.6962025316455697,0.02515723270440251,0.004885427365205586,0.3535533905932738,0.6385916991693535,insufficient_sample,3133.0,1566.5,0.6315005215318135
wilburn_farren,Wilburn Farren,Cara Losch,East,account,Donquadtech,5,4,0.8,0.7285714285714285,0.7142857142857143,0.6962025316455697,0.014285714285714235,0.04792226474166561,0.5590169943749475,1.4567148230458744,insufficient_sample,14017.0,3101.0,0.6315005215318135
wilburn_farren,Wilburn Farren,Cara Losch,East,account,Donware,1,1,1.0,0.5726495726495726,0.5555555555555556,0.6962025316455697,0.017094017094017033,-0.10799959118019031,0.25,0.0,insufficient_sample,2699.0,2699.0,0.6315005215318135
wilburn_farren,Wilburn Farren,Cara Losch,East,account,Ganjaflex,4,3,0.75,0.632183908045977,0.6133333333333333,0.6962025316455697,0.01885057471264373,-0.04846525578378591,0.5,0.0,insufficient_sample,12491.0,3390.5,0.6315005215318135
wilburn_farren,Wilburn Farren,Cara Losch,East,account,Gekko & Co,4,3,0.75,0.7119675456389453,0.7058823529411765,0.6962025316455697,0.006085192697768749,0.03131838180918234,0.5,0.7458404443381752,insufficient_sample,10115.0,1990.0,0.6315005215318135
wilburn_farren,Wilburn Farren,Cara Losch,East,account,Initech,2,1,0.5,0.5808348030570253,0.5873015873015873,0.6962025316455697,-0.0064667842445620405,-0.09981436077273764,0.3535533905932738,0.0,insufficient_sample,592.0,296.0,0.6315005215318135
wilburn_farren,Wilburn Farren,Cara Losch,East,account,Iselectrics,4,3,0.75,0.6705989110707805,0.6578947368421053,0.6962025316455697,0.012704174228675202,-0.010050252758982414,0.5,0.23700623914975186,insufficient_sample,15016.0,4376.5,0.6315005215318135
wilburn_farren,Wilburn Farren,Cara Losch,East,account,Kan-code,2,2,1.0,0.64349376114082,0.6149732620320856,0.6962025316455697,0.028520499108734443,-0.03715540268894291,0.3535533905932738,0.19565409450116059,insufficient_sample,5197.0,2598.5,0.6315005215318135
wilburn_farren,Wilburn Farren,Cara Losch,East,account,Kinnamplus,6,6,1.0,0.7138397502601457,0.6451612903225806,0.6962025316455697,0.06867845993756505,0.03319058643038275,0.6123724356957945,3.4450667353762636,insufficient_sample,8699.0,563.5,0.6315005215318135
wilburn_farren,Wilburn Farren,Cara Losch,East,account,Konex,3,3,1.0,0.6710526315789475,0.631578947368421,0.6962025316455697,0.03947368421052644,-0.00959653225081547,0.4330127018922193,0.9655797199313688,insufficient_sample,11775.0,3336.0,0.6315005215318135
wilburn_farren,Wilburn Farren,Cara Losch,East,account,Massive Dynamic,2,1,0.5,0.6333961079723791,0.6440677966101694,0.6962025316455697,-0.010671688637790333,-0.04725305585738382,0.3535533905932738,0.0,insufficient_sample,50.0,25.0,0.6315005215318135
wilburn_farren,Wilburn Farren,Cara Losch,East,account,Mathtouch,4,1,0.25,0.587909748829289,0.6419753086419753,0.6962025316455697,-0.05406555981268624,-0.09273941500047389,0.5,0.0,insufficient_sample,4011.0,0.0,0.6315005215318135
wilburn_farren,Wilburn Farren,Cara Losch,East,account,Opentech,1,1,1.0,0.6153846153846154,0.6,0.6962025316455697,0.015384615384615441,-0.06526454844514751,0.25,0.0,insufficient_sample,5414.0,5414.0,0.6315005215318135
wilburn_farren,Wilburn Farren,Cara Losch,East,account,Plussunin,2,1,0.5,0.5966625966625967,0.6043956043956044,0.6962025316455697,-0.0077330077330076685,-0.08398656716716624,0.3535533905932738,0.0,insufficient_sample,3012.0,1506.0,0.6315005215318135
wilburn_farren,Wilburn Farren,Cara Losch,East,account,Silis,3,1,0.3333333333333333,0.5317460317460317,0.5555555555555556,0.6962025316455697,-0.023809523809523836,-0.14890313208373118,0.4330127018922193,0.0,insufficient_sample,56.0,0.0,0.6315005215318135
wilburn_farren,Wilburn Farren,Cara Losch,East,account,Sumace,2,1,0.5,0.5564588979223126,0.5609756097560976,0.6962025316455697,-0.004516711833784992,-0.1241902659074503,0.3535533905932738,0.0,insufficient_sample,51.0,25.5,0.6315005215318135
wilburn_farren,Wilburn Farren,Cara Losch,East,account,The New York Inquirer,5,4,0.8,0.6636363636363636,0.6363636363636364,0.6962025316455697,0.027272727272727226,-0.017012800193399347,0.5590169943749475,0.6581191167959491,insufficient_sample,9582.0,2994.0,0.6315005215318135
wilburn_farren,Wilburn Farren,Cara Losch,East,account,Umbrella Corporation,4,4,1.0,0.6753246753246753,0.6233766233766234,0.6962025316455697,0.051948051948051965,-0.005324488505087599,0.5,1.595133139472656,insufficient_sample,15072.0,4696.0,0.6315005215318135
wilburn_farren,Wilburn Farren,Cara Losch,East,account,Vehement Capital Partners,2,2,1.0,0.6263807667316438,0.5964912280701754,0.6962025316455697,0.029889538661468373,-0.05426839709811915,0.3535533905932738,0.015353450043430444,insufficient_sample,10325.0,5162.5,0.6315005215318135
wilburn_farren,Wilburn Farren,Cara Losch,East,account,Xx-zobam,4,2,0.5,0.5467386788533444,0.5542168674698795,0.6962025316455697,-0.007478188616535153,-0.13391048497641855,0.5,0.0,insufficient_sample,7262.0,1798.0,0.6315005215318135
wilburn_farren,Wilburn Farren,Cara Losch,East,account,Zathunicon,4,3,0.75,0.6671087533156499,0.6538461538461539,0.6962025316455697,0.01326259946949604,-0.013540410514113033,0.5,0.19407729876164326,insufficient_sample,2368.0,594.5,0.6315005215318135
wilburn_farren,Wilburn Farren,Cara Losch,East,account,Zencorporation,2,2,1.0,0.7106481481481481,0.6875,0.6962025316455697,0.02314814814814814,0.029998984318385213,0.3535533905932738,0.903185398846841,insufficient_sample,5620.0,2810.0,0.6315005215318135
wilburn_farren,Wilburn Farren,Cara Losch,East,account,Zotware,4,2,0.5,0.647783251231527,0.6714285714285714,0.6962025316455697,-0.02364532019704435,-0.0328659125982359,0.5,0.0,insufficient_sample,3661.0,253.0,0.6315005215318135
zane_levy,Zane Levy,Summer Sewald,West,account,Blackzim,6,5,0.8333333333333334,0.6269877328487051,0.5774647887323944,0.6168582375478927,0.04952294411631075,0.008849575372148033,0.6123724356957945,2.1608948451296293,insufficient_sample,13204.0,790.5,0.6315005215318135
zane_levy,Zane Levy,Summer Sewald,West,account,Cheers,8,4,0.5,0.601010101010101,0.6333333333333333,0.6168582375478927,-0.03232323232323231,-0.0171280564664561,0.7071067811865476,0.0,weak_fit,9702.0,285.5,0.6315005215318135
zane_levy,Zane Levy,Summer Sewald,West,account,Condax,11,10,0.9090909090909091,0.7363731656184487,0.660377358490566,0.6168582375478927,0.07599580712788268,0.11823500814189158,0.82915619758885,7.527040782653917,strong_fit,23595.0,1129.0,0.6315005215318135
zane_levy,Zane Levy,Summer Sewald,West,account,Dalttechnology,10,7,0.7,0.7035128805620608,0.7049180327868853,0.6168582375478927,-0.001405152224824402,0.08537472308550376,0.7905694150420949,2.2901059969104693,neutral,22572.0,795.5,0.6315005215318135
zane_levy,Zane Levy,Summer Sewald,West,account,Doncon,10,7,0.7,0.6209183673469388,0.5892857142857143,0.6168582375478927,0.031632653061224536,0.0027802098703817446,0.7905694150420949,1.7024357329269861,possible_fit,24571.0,2152.0,0.6315005215318135
zane_levy,Zane Levy,Summer Sewald,West,account,Fasehatice,6,2,0.3333333333333333,0.5523695738749502,0.6049382716049383,0.6168582375478927,-0.05256869772998807,-0.06576858360160687,0.6123724356957945,0.0,insufficient_sample,1598.0,0.0,0.6315005215318135
zane_levy,Zane Levy,Summer Sewald,West,account,Faxquote,5,3,0.6,0.6263157894736843,0.631578947368421,0.6168582375478927,-0.0052631578947367474,0.008177631997127177,0.5590169943749475,0.0,insufficient_sample,6175.0,458.0,0.6315005215318135
zane_levy,Zane Levy,Summer Sewald,West,account,Finjob,11,6,0.5454545454545454,0.6553497942386831,0.7037037037037037,0.6168582375478927,-0.048353909465020606,0.03721163676212602,0.82915619758885,0.0,weak_fit,10048.0,57.0,0.6315005215318135
zane_levy,Zane Levy,Summer Sewald,West,account,Golddex,2,0,0.0,0.5268199233716475,0.5689655172413793,0.6168582375478927,-0.04214559386973182,-0.09131823410490958,0.3535533905932738,0.0,insufficient_sample,0.0,0.0,0.6315005215318135
zane_levy,Zane Levy,Summer Sewald,West,account,Goodsilron,12,8,0.6666666666666666,0.7152948402948403,0.7386363636363636,0.6168582375478927,-0.023341523341523396,0.09715668281828316,0.8660254037844386,1.6309725498909748,weak_fit,26781.0,839.5,0.6315005215318135
zane_levy,Zane Levy,Summer Sewald,West,account,Green-Plus,9,6,0.6666666666666666,0.5951797385620915,0.5694444444444444,0.6168582375478927,0.02573529411764708,-0.022958418914465595,0.75,0.6519370917305733,neutral,20810.0,535.0,0.6315005215318135
zane_levy,Zane Levy,Summer Sewald,West,account,Groovestreet,4,2,0.5,0.6175548589341692,0.6363636363636364,0.6168582375478927,-0.018808777429467183,-0.0005832985423879222,0.5,0.0,insufficient_sample,3484.0,23.0,0.6315005215318135
zane_levy,Zane Levy,Summer Sewald,West,account,Hatfan,12,6,0.5,0.544452347083926,0.5657894736842105,0.6168582375478927,-0.02133712660028453,-0.07368581039263111,0.8660254037844386,0.0,weak_fit,22209.0,227.0,0.6315005215318135
zane_levy,Zane Levy,Summer Sewald,West,account,Hottechi,14,5,0.35714285714285715,0.4968779062043311,0.5751295336787565,0.6168582375478927,-0.07825162747442543,-0.121260251272226,0.9354143466934853,0.0,weak_fit,9612.0,0.0,0.6315005215318135
zane_levy,Zane Levy,Summer Sewald,West,account,J-Texon,7,5,0.7142857142857143,0.6913527397260274,0.684931506849315,0.6168582375478927,0.006421232876712368,0.0732145822494703,0.6614378277661477,1.9710123096973038,insufficient_sample,10218.0,507.0,0.6315005215318135
zane_levy,Zane Levy,Summer Sewald,West,account,Kan-code,9,7,0.7777777777777778,0.6580685750235924,0.6149732620320856,0.6168582375478927,0.04309531299150682,0.0399304175470353,0.75,3.1490699689456343,possible_fit,20030.0,1129.0,0.6315005215318135
zane_levy,Zane Levy,Summer Sewald,West,account,Konex,9,8,0.8888888888888888,0.6996904024767803,0.631578947368421,0.6168582375478927,0.06811145510835925,0.08155224500022318,0.75,5.461179867788371,strong_fit,24736.0,1213.0,0.6315005215318135
zane_levy,Zane Levy,Summer Sewald,West,account,Labdrill,6,4,0.6666666666666666,0.6515220354384371,0.647887323943662,0.6168582375478927,0.0036347114947751225,0.033383877961880026,0.6123724356957945,0.8601946466390182,insufficient_sample,6458.0,566.0,0.6315005215318135
zane_levy,Zane Levy,Summer Sewald,West,account,Lexiqvolax,9,2,0.2222222222222222,0.4933155080213904,0.5909090909090909,0.6168582375478927,-0.09759358288770054,-0.12482264945516669,0.75,0.0,weak_fit,10180.0,0.0,0.6315005215318135
zane_levy,Zane Levy,Summer Sewald,West,account,Nam-zim,5,5,1.0,0.6794871794871795,0.6153846153846154,0.6168582375478927,0.0641025641025641,0.06134902201062242,0.5590169943749475,3.529567582790003,insufficient_sample,10671.0,617.0,0.6315005215318135
zane_levy,Zane Levy,Summer Sewald,West,account,Newex,8,7,0.875,0.7617349970291146,0.7254901960784313,0.6168582375478927,0.036244800950683276,0.14359683955255753,0.7071067811865476,5.219721859933962,strong_fit,15438.0,887.5,0.6315005215318135
zane_levy,Zane Levy,Summer Sewald,West,account,Plexzap,10,7,0.7,0.6536679536679537,0.6351351351351351,0.6168582375478927,0.01853281853281863,0.03552979619139662,0.7905694150420949,1.9354531246330666,possible_fit,23822.0,586.0,0.6315005215318135
zane_levy,Zane Levy,Summer Sewald,West,account,Plusstrip,7,4,0.5714285714285714,0.6854619565217391,0.717391304347826,0.6168582375478927,-0.03192934782608692,0.06732379904518204,0.6614378277661477,0.18581465848435938,insufficient_sample,14215.0,498.0,0.6315005215318135
zane_levy,Zane Levy,Summer Sewald,West,account,Rantouch,14,8,0.5714285714285714,0.5798816568047338,0.5846153846153846,0.6168582375478927,-0.004733727810650845,-0.03825650067182329,0.9354143466934853,0.0,neutral,11097.0,258.5,0.6315005215318135
zane_levy,Zane Levy,Summer Sewald,West,account,Scotfind,11,5,0.45454545454545453,0.6136621315192744,0.6836734693877551,0.6168582375478927,-0.07001133786848068,-0.004476025957282692,0.82915619758885,0.0,weak_fit,6595.0,0.0,0.6315005215318135
zane_levy,Zane Levy,Summer Sewald,West,account,Singletechno,12,8,0.6666666666666666,0.683991683991684,0.6923076923076923,0.6168582375478927,-0.008316008316008316,0.06585352651512688,0.8660254037844386,1.5279571012977393,neutral,20366.0,808.0,0.6315005215318135
zane_levy,Zane Levy,Summer Sewald,West,account,Sonron,7,6,0.8571428571428571,0.6797945205479452,0.6301369863013698,0.6168582375478927,0.049657534246575374,0.06165636307138811,0.6614378277661477,3.5623139330045595,insufficient_sample,22707.0,4428.0,0.6315005215318135
zane_levy,Zane Levy,Summer Sewald,West,account,Sunnamplex,5,2,0.4,0.6181372549019607,0.6617647058823529,0.6168582375478927,-0.043627450980392224,-9.025745963953113e-07,0.5590169943749475,0.0,insufficient_sample,9039.0,0.0,0.6315005215318135
zane_levy,Zane Levy,Summer Sewald,West,account,Xx-holding,7,4,0.5714285714285714,0.5996835443037976,0.6075949367088608,0.6168582375478927,-0.007911392405063222,-0.018454613172759537,0.6614378277661477,0.0,insufficient_sample,16061.0,477.0,0.6315005215318135
zane_levy,Zane Levy,Summer Sewald,West,account,Y-corporation,12,7,0.5833333333333334,0.6184419713831478,0.6352941176470588,0.6168582375478927,-0.01685214626391096,0.00030381390659073304,0.8660254037844386,0.0,neutral,9718.0,550.0,0.6315005215318135
zane_levy,Zane Levy,Summer Sewald,West,account,Zoomit,3,1,0.3333333333333333,0.6762422360248447,0.717391304347826,0.6168582375478927,-0.041149068322981375,0.058104078548287585,0.4330127018922193,0.0,insufficient_sample,4356.0,0.0,0.6315005215318135
