experimento,features,modelo,cv_auc_mean,cv_auc_std,cv_ap_mean,cv_ap_std
1. Baseline V2 (WoE+IV),16,LR+WoE,0.5438869979638662,0.015692379543153785,0.4427641993768819,0.010691441869016164
2. V4 (V2+lead/geo) + LR,28,LR,0.5462160454723126,0.014043346753228167,0.4477267460490295,0.016820067181754952
3. V3+V4 + LR,48,LR,0.5846670012227811,0.011834256186608423,0.4891539699560076,0.01664758882433774
4. V3+V4 + RF,48,RandomForest,0.5492870213685231,0.011368379799538256,0.44935124273712174,0.01460107191172557
5. V3+V4 + GBM,48,GBM,0.5278441380330414,0.009120072368322227,0.43315459450729643,0.00827076947310492
6. V3+V4 + GBM (tuned),48,GBM-tuned,0.5760485678740401,0.0,0.0,0.0
7a. Lead features only,10,LR,0.5360125809205054,0.0058853860934244846,0.43814030336526066,0.006911753092066353
7b. Geo features only,2,LR,0.5071740821253712,0.005393187547753958,0.40585161148390403,0.0019353633302044901
