model,cv_accuracy_mean,cv_precision_mean,cv_recall_mean,cv_f1_mean,cv_roc_auc_mean,cv_pr_auc_mean,oof_f1,oof_pr_auc,train_val_f1,threshold,overfit_gap_f1,underfit_flag,selection_score
logistic_regression,0.6178472263410442,0.08011454382884382,0.44374307862679957,0.13552991629114,0.514078492042078,0.08136542942167999,0.13782771535580524,0.07371835413379366,0.19116582186821143,0.51,0.0533381065124062,True,0.06802133176843854
random_forest,0.9306390000769917,0.0,0.0,0.0,0.5056854145459606,0.06812314773639631,0.12974296205630356,0.06527899675560848,0.16536661466458658,0.25,0.03562365260828301,True,0.06000296437146398
xgboost,0.9325488154750049,0.0,0.0,0.0,0.5043423326101341,0.07365467137239351,0.07509881422924901,0.06775663717814852,0.6217616580310881,0.12,0.546662843801839,True,-0.03774220935596005
