account_id,account_name,industry,country,signup_date_x,referral_source,plan_tier,seats,is_trial,churn_flag,current_mrr,total_mrr,num_upgrades,num_downgrades,billing_frequency,tenure_days,anchor_date,signup_date_y,total_usage_count,distinct_features,total_error_count,used_beta,usage_last_30,usage_prev_60,usage_prev_60_normalized,usage_trend,num_tickets,avg_resolution_hours,avg_first_response_mins,avg_csat,num_escalations,tickets_last_30,reason_code,refund_amount_usd
A-2e4581,Company_0,EdTech,US,2024-10-16,partner,Basic,9,False,False,5771,12603,1,0,monthly,76,2024-12-31,2024-10-16,535,27,38,True,13.0,43.0,21.5,Declining,2.0,23.0,91.0,3.0,0.0,1.0,competitor,0.0
A-43a9e3,Company_1,FinTech,IN,2023-08-17,other,Basic,18,False,True,882,10004,3,0,annual,502,2024-12-31,2023-08-17,355,23,14,True,12.0,26.0,13.0,Stable,3.0,38.0,73.33333333333333,4.0,0.0,0.0,,
A-0a282f,Company_2,DevTools,US,2024-08-27,organic,Basic,1,False,False,98,18286,1,1,monthly,126,2024-12-31,2024-08-27,821,34,48,True,78.0,26.0,13.0,Growing,3.0,43.666666666666664,63.666666666666664,4.666666666666667,0.0,0.0,support,62.66
A-1f0ac7,Company_3,HealthTech,UK,2023-08-27,other,Basic,24,True,False,646,9275,2,0,monthly,492,2024-12-31,2023-08-27,382,26,21,True,28.0,17.0,8.5,Growing,2.0,29.0,174.0,,0.0,0.0,support,0.0
A-ce550d,Company_4,HealthTech,US,2024-10-27,event,Enterprise,35,False,True,1715,48761,2,0,annual,62,2024-12-28,2024-10-27,579,32,31,True,29.0,79.0,39.5,Declining,7.0,42.285714285714285,107.85714285714286,3.8,1.0,0.0,budget,0.0
A-1b9609,Company_5,EdTech,IN,2023-10-12,ads,Enterprise,4,False,False,304,16810,0,0,annual,446,2024-12-31,2023-10-12,457,28,21,True,0.0,67.0,33.5,Declining,4.0,43.0,74.75,3.0,0.0,0.0,unknown,0.0
A-a0ca4e,Company_6,Cybersecurity,US,2024-03-08,ads,Pro,11,False,False,2401,16633,0,0,annual,298,2024-12-31,2024-03-08,373,26,14,True,16.0,46.0,23.0,Declining,6.0,39.166666666666664,89.83333333333333,3.8,3.0,1.0,,
A-e5d6ab,Company_7,EdTech,US,2023-04-15,partner,Pro,3,False,False,2985,13048,0,0,annual,626,2024-12-31,2023-04-15,382,29,23,True,9.0,84.0,42.0,Declining,3.0,42.666666666666664,57.0,,0.0,0.0,competitor,0.0
A-7dacce,Company_8,Cybersecurity,CA,2024-09-10,event,Enterprise,12,False,True,2587,23057,1,0,annual,108,2024-12-27,2024-09-10,466,27,29,True,0.0,67.0,33.5,Declining,4.0,32.5,75.25,3.6666666666666665,0.0,0.0,budget,0.0
A-10b8da,Company_9,DevTools,US,2023-05-08,partner,Enterprise,14,False,True,266,8787,1,0,annual,603,2024-12-31,2023-05-08,257,23,14,True,22.0,34.0,17.0,Growing,3.0,31.333333333333332,71.33333333333333,3.5,0.0,0.0,,
A-592832,Company_10,Cybersecurity,US,2024-09-25,organic,Basic,18,False,True,342,32571,1,1,annual,9,2024-10-04,2024-09-25,949,37,53,True,88.0,50.0,25.0,Growing,2.0,28.5,95.5,5.0,0.0,0.0,support,22.66
A-d40bf7,Company_11,FinTech,IN,2024-11-08,organic,Basic,59,False,False,0,43247,1,0,monthly,53,2024-12-31,2024-11-08,562,29,22,True,0.0,45.0,22.5,Declining,2.0,20.5,125.5,5.0,0.0,0.0,,
A-6c093d,Company_12,DevTools,US,2023-04-14,partner,Basic,7,True,False,0,16242,2,0,annual,627,2024-12-31,2023-04-14,670,30,30,True,66.0,43.0,21.5,Growing,3.0,40.333333333333336,68.33333333333333,5.0,1.0,0.0,,
A-462d45,Company_13,Cybersecurity,US,2024-01-15,partner,Enterprise,11,True,False,539,23432,1,2,annual,351,2024-12-31,2024-01-15,642,34,26,True,9.0,45.0,22.5,Declining,4.0,26.75,95.0,4.0,0.0,1.0,competitor,0.0
A-956988,Company_14,EdTech,UK,2024-11-30,ads,Enterprise,1,False,False,0,29407,0,1,monthly,31,2024-12-31,2024-11-30,658,32,49,True,15.0,59.0,29.5,Declining,2.0,50.5,118.0,3.0,0.0,0.0,unknown,0.0
A-ac14bb,Company_15,FinTech,US,2023-09-08,partner,Enterprise,21,False,False,6965,27746,2,0,annual,480,2024-12-31,2023-09-08,531,31,42,True,22.0,36.0,18.0,Growing,2.0,24.5,30.5,4.0,0.0,0.0,competitor,0.0
A-463db0,Company_16,HealthTech,US,2024-12-05,partner,Basic,15,False,False,703,13266,0,0,annual,26,2024-12-31,2024-12-05,367,25,13,True,18.0,36.0,18.0,Stable,6.0,50.166666666666664,94.83333333333333,4.25,1.0,1.0,features,0.0
A-ce66f8,Company_17,EdTech,CA,2023-08-23,event,Pro,29,False,False,551,11858,0,0,annual,496,2024-12-31,2023-08-23,494,29,19,True,30.0,30.0,15.0,Growing,6.0,41.666666666666664,79.16666666666667,3.5,0.0,1.0,,
A-c4ea60,Company_18,FinTech,DE,2023-03-09,other,Enterprise,18,False,True,3582,14646,0,1,annual,663,2024-12-31,2023-03-09,427,28,18,True,29.0,32.0,16.0,Growing,5.0,36.0,59.0,3.6,0.0,0.0,,
A-832ec2,Company_19,FinTech,UK,2023-11-19,event,Enterprise,4,True,False,95,9299,3,0,annual,408,2024-12-31,2023-11-19,511,31,25,True,9.0,77.0,38.5,Declining,3.0,26.0,108.66666666666667,4.0,1.0,0.0,pricing,0.0
A-684255,Company_20,FinTech,US,2024-04-14,ads,Enterprise,9,False,False,490,11844,3,1,annual,261,2024-12-31,2024-04-14,653,34,44,True,12.0,72.0,36.0,Declining,4.0,14.25,97.75,4.666666666666667,1.0,0.0,unknown,0.0
A-c42f1f,Company_21,HealthTech,US,2024-07-28,other,Pro,8,False,False,539,5175,1,1,annual,156,2024-12-31,2024-07-28,337,24,20,True,0.0,16.0,8.0,Declining,9.0,31.333333333333332,81.88888888888889,4.0,1.0,0.0,,
A-4e44e8,Company_22,DevTools,US,2024-08-20,ads,Enterprise,3,False,True,551,36445,2,0,annual,52,2024-10-11,2024-08-20,637,31,37,True,12.0,97.0,48.5,Declining,3.0,31.333333333333332,76.66666666666667,3.3333333333333335,0.0,1.0,budget,0.0
A-30b4ca,Company_23,EdTech,IN,2024-05-20,organic,Basic,86,False,True,17114,75938,0,0,monthly,104,2024-09-01,2024-05-20,332,25,22,True,7.0,33.0,16.5,Declining,2.0,54.5,97.0,4.0,0.0,0.0,features,0.0
A-9f2731,Company_24,FinTech,IN,2024-10-04,event,Enterprise,1,False,False,0,3613,0,1,monthly,88,2024-12-31,2024-10-04,324,23,20,True,10.0,54.0,27.0,Declining,,,,,,,unknown,136.94
A-32fb14,Company_25,DevTools,US,2023-03-07,event,Enterprise,26,False,True,551,10162,2,0,annual,418,2024-04-28,2023-03-07,403,26,14,True,42.0,45.0,22.5,Growing,1.0,63.0,24.0,,0.0,0.0,competitor,0.0
A-00cac8,Company_26,HealthTech,AU,2023-09-15,organic,Enterprise,8,True,False,392,14121,0,1,monthly,473,2024-12-31,2023-09-15,602,30,31,True,28.0,19.0,9.5,Growing,2.0,33.0,120.5,,0.0,0.0,,
A-35083d,Company_27,HealthTech,IN,2023-04-28,partner,Basic,19,False,True,3781,32433,3,0,monthly,613,2024-12-31,2023-04-28,791,29,37,True,56.0,61.0,30.5,Growing,4.0,49.75,119.0,5.0,0.0,0.0,,
A-eb7fac,Company_28,DevTools,US,2023-10-28,organic,Enterprise,7,False,False,588,42096,0,0,monthly,430,2024-12-31,2023-10-28,538,27,44,True,10.0,44.0,22.0,Declining,4.0,34.0,126.5,4.0,0.0,0.0,unknown,0.0
A-b20d99,Company_29,HealthTech,IN,2023-09-27,other,Basic,20,False,False,380,11069,1,0,monthly,461,2024-12-31,2023-09-27,329,22,12,True,,,,,2.0,61.5,27.0,3.5,0.0,0.0,features,0.0
A-396e5f,Company_30,Cybersecurity,CA,2024-10-02,other,Enterprise,2,False,False,1393,10236,2,1,monthly,90,2024-12-31,2024-10-02,540,29,23,True,43.0,58.0,29.0,Growing,5.0,24.8,102.8,4.0,1.0,1.0,features,0.0
A-45ce7a,Company_31,FinTech,US,2023-07-23,ads,Enterprise,16,False,False,3184,8216,2,1,monthly,527,2024-12-31,2023-07-23,424,21,30,True,14.0,18.0,9.0,Growing,5.0,45.4,91.8,3.6666666666666665,0.0,1.0,,
A-08e34e,Company_32,EdTech,US,2024-06-27,event,Basic,14,False,True,2842,21821,0,0,annual,66,2024-09-01,2024-06-27,543,33,24,True,38.0,93.0,46.5,Declining,3.0,43.0,84.0,3.0,0.0,0.0,features,3.57
A-8145a0,Company_33,Cybersecurity,AU,2023-04-25,partner,Basic,2,True,False,190,17260,2,0,monthly,616,2024-12-31,2023-04-25,693,32,27,True,36.0,43.0,21.5,Growing,6.0,23.666666666666668,90.16666666666667,4.0,0.0,0.0,features,0.0
A-bad8c1,Company_34,FinTech,AU,2023-03-01,organic,Basic,7,False,False,798,7797,2,0,monthly,671,2024-12-31,2023-03-01,385,29,11,True,41.0,12.0,6.0,Growing,1.0,27.0,49.0,4.0,0.0,0.0,unknown,0.0
A-44dc83,Company_35,EdTech,FR,2024-05-12,other,Basic,5,False,False,456,456,0,0,annual,233,2024-12-31,2024-05-12,248,16,13,True,0.0,12.0,6.0,Declining,7.0,40.857142857142854,76.14285714285714,4.6,0.0,0.0,unknown,98.48
A-f446b6,Company_36,DevTools,DE,2023-05-12,ads,Pro,5,True,False,2587,11392,0,0,monthly,599,2024-12-31,2023-05-12,376,27,31,True,15.0,39.0,19.5,Declining,8.0,30.75,82.5,4.25,1.0,0.0,,
A-a45270,Company_37,HealthTech,US,2024-06-24,ads,Enterprise,3,False,False,597,20131,2,1,annual,190,2024-12-31,2024-06-24,733,35,53,True,31.0,15.0,7.5,Growing,4.0,64.0,110.0,4.0,0.0,1.0,pricing,0.0
A-854864,Company_38,FinTech,IN,2024-12-07,event,Enterprise,20,False,False,3980,14759,0,0,annual,24,2024-12-31,2024-12-07,248,17,10,True,17.0,14.0,7.0,Growing,5.0,44.2,100.8,4.8,0.0,0.0,support,8.47
A-1b7577,Company_39,Cybersecurity,US,2024-10-27,other,Pro,4,False,False,190,8771,0,1,monthly,65,2024-12-31,2024-10-27,647,33,33,True,31.0,75.0,37.5,Declining,5.0,27.2,109.4,4.0,0.0,0.0,,
A-05f0e5,Company_40,FinTech,US,2023-05-04,partner,Basic,32,False,False,6368,51109,2,0,annual,607,2024-12-31,2023-05-04,706,32,46,True,48.0,101.0,50.5,Stable,4.0,20.0,108.5,4.0,0.0,0.0,features,72.19
A-9077b0,Company_41,HealthTech,US,2024-08-25,ads,Basic,2,False,False,0,3565,3,0,monthly,128,2024-12-31,2024-08-25,493,26,31,True,0.0,33.0,16.5,Declining,3.0,40.333333333333336,136.33333333333334,4.333333333333333,0.0,0.0,,
A-7f8241,Company_42,EdTech,US,2023-03-14,organic,Pro,34,False,True,1666,39516,2,0,monthly,658,2024-12-31,2023-03-14,734,34,38,True,9.0,109.0,54.5,Declining,1.0,36.0,135.0,3.0,0.0,0.0,,
A-2bc93d,Company_43,HealthTech,US,2023-03-14,event,Basic,14,False,False,551,32394,4,0,annual,658,2024-12-31,2023-03-14,666,33,31,True,8.0,81.0,40.5,Declining,2.0,12.0,78.0,4.5,0.0,0.0,competitor,99.1
A-f3ff05,Company_44,FinTech,IN,2024-07-06,other,Enterprise,2,False,False,38,19465,1,0,annual,178,2024-12-31,2024-07-06,672,28,36,True,12.0,37.0,18.5,Declining,3.0,42.666666666666664,111.33333333333333,3.5,0.0,0.0,unknown,0.0
A-2d4502,Company_45,FinTech,IN,2024-04-29,event,Basic,7,False,False,1393,29071,2,0,annual,246,2024-12-31,2024-04-29,465,29,19,True,7.0,12.0,6.0,Growing,3.0,26.333333333333332,82.0,5.0,0.0,0.0,pricing,0.0
A-6a4e2d,Company_46,EdTech,UK,2023-04-07,partner,Pro,9,False,False,4378,10394,2,1,annual,634,2024-12-31,2023-04-07,597,27,31,True,35.0,45.0,22.5,Growing,2.0,18.5,141.0,4.5,1.0,0.0,budget,0.0
A-eb7c38,Company_47,DevTools,AU,2024-02-25,organic,Enterprise,5,False,False,2985,38210,3,1,annual,310,2024-12-31,2024-02-25,693,33,27,True,8.0,77.0,38.5,Declining,5.0,22.4,67.4,4.333333333333333,0.0,0.0,budget,6.26
A-c37601,Company_48,EdTech,US,2024-10-31,partner,Basic,6,True,False,2388,20475,0,0,annual,61,2024-12-31,2024-10-31,489,28,21,True,10.0,59.0,29.5,Declining,4.0,42.25,83.0,3.6666666666666665,0.0,0.0,support,0.0
A-3b5cd1,Company_49,FinTech,US,2023-09-12,event,Basic,13,True,False,247,23676,2,1,monthly,476,2024-12-31,2023-09-12,523,27,24,True,31.0,67.0,33.5,Stable,5.0,27.4,46.6,4.0,0.0,1.0,unknown,77.87
A-b2225d,Company_50,FinTech,US,2024-03-08,ads,Basic,47,False,True,893,19088,1,1,annual,111,2024-06-27,2024-03-08,494,32,44,True,29.0,60.0,30.0,Stable,1.0,24.0,52.0,3.0,0.0,0.0,budget,0.0
A-94f8c9,Company_51,HealthTech,US,2024-03-29,other,Basic,13,False,False,3383,31989,2,1,annual,277,2024-12-31,2024-03-29,746,33,63,True,9.0,69.0,34.5,Declining,3.0,47.333333333333336,87.66666666666667,5.0,0.0,0.0,budget,0.0
A-02fac6,Company_52,FinTech,US,2023-04-06,event,Pro,22,False,False,2891,26410,1,0,monthly,635,2024-12-31,2023-04-06,514,32,34,True,44.0,69.0,34.5,Growing,6.0,23.333333333333332,100.5,4.0,0.0,0.0,support,0.0
A-c1dfe1,Company_53,DevTools,DE,2023-08-07,ads,Pro,26,False,False,8159,25790,1,2,monthly,512,2024-12-31,2023-08-07,375,24,30,True,15.0,17.0,8.5,Growing,3.0,50.333333333333336,93.66666666666667,4.0,0.0,0.0,features,0.0
A-32728c,Company_54,DevTools,US,2023-01-03,event,Pro,20,False,True,0,4498,1,0,annual,563,2024-07-19,2023-01-03,357,24,19,True,19.0,61.0,30.5,Declining,2.0,34.5,61.5,3.5,0.0,0.0,budget,7.58
A-4c38bc,Company_55,HealthTech,UK,2024-03-09,event,Basic,36,False,True,7164,48060,2,0,annual,297,2024-12-31,2024-03-09,818,37,27,True,76.0,30.0,15.0,Growing,3.0,48.333333333333336,43.0,3.5,0.0,0.0,,
A-1b707d,Company_56,Cybersecurity,US,2023-07-14,organic,Enterprise,1,False,False,3184,9332,1,0,annual,536,2024-12-31,2023-07-14,399,27,12,True,9.0,70.0,35.0,Declining,3.0,42.666666666666664,75.33333333333333,,0.0,0.0,competitor,0.0
A-6f8ad2,Company_57,EdTech,IN,2024-07-09,organic,Basic,1,False,False,152,25928,2,1,annual,175,2024-12-31,2024-07-09,924,38,59,True,34.0,71.0,35.5,Stable,4.0,35.25,37.25,4.333333333333333,0.0,0.0,,
A-4d1e75,Company_58,DevTools,US,2024-08-21,other,Basic,20,False,False,380,31390,3,1,monthly,132,2024-12-31,2024-08-21,477,28,25,True,10.0,37.0,18.5,Declining,2.0,15.0,98.5,4.0,0.0,0.0,budget,0.0
A-9ee962,Company_59,HealthTech,US,2023-02-28,ads,Basic,9,False,True,441,9420,3,1,annual,583,2024-10-03,2023-02-28,416,25,17,True,13.0,15.0,7.5,Growing,3.0,37.0,69.66666666666667,4.0,0.0,0.0,support,0.0
A-378b99,Company_60,EdTech,UK,2024-09-01,ads,Pro,8,True,False,0,12116,1,1,annual,121,2024-12-31,2024-09-01,565,33,38,True,54.0,31.0,15.5,Growing,6.0,28.5,78.83333333333333,4.5,0.0,0.0,pricing,0.0
A-94d3da,Company_61,HealthTech,US,2023-05-03,other,Basic,41,False,False,2009,22673,1,0,monthly,608,2024-12-31,2023-05-03,464,29,25,True,11.0,40.0,20.0,Declining,6.0,26.833333333333332,80.5,3.5,0.0,1.0,competitor,0.0
A-e351e1,Company_62,EdTech,US,2024-09-26,other,Enterprise,33,False,False,627,3498,0,0,monthly,96,2024-12-31,2024-09-26,295,18,22,True,29.0,40.0,20.0,Growing,4.0,17.0,65.25,3.75,0.0,1.0,support,0.0
A-9badbd,Company_63,Cybersecurity,DE,2024-06-19,ads,Enterprise,5,True,False,1393,32477,0,0,monthly,195,2024-12-31,2024-06-19,729,33,45,True,35.0,47.0,23.5,Growing,5.0,30.2,102.6,5.0,0.0,0.0,,
A-7e0a10,Company_64,FinTech,US,2023-11-18,ads,Enterprise,46,False,False,874,41116,1,0,monthly,409,2024-12-31,2023-11-18,511,34,35,True,16.0,64.0,32.0,Declining,5.0,39.4,62.6,4.0,0.0,1.0,budget,0.0
A-118d55,Company_65,Cybersecurity,US,2024-10-22,organic,Basic,8,False,False,285,23919,3,4,monthly,70,2024-12-31,2024-10-22,599,29,33,True,27.0,47.0,23.5,Growing,5.0,24.2,56.8,4.333333333333333,0.0,2.0,pricing,0.0
A-526d93,Company_66,HealthTech,FR,2024-04-14,organic,Basic,43,False,False,855,39201,2,0,annual,261,2024-12-31,2024-04-14,565,28,45,True,14.0,91.0,45.5,Declining,5.0,51.4,134.6,3.5,1.0,0.0,support,0.0
A-f92792,Company_67,FinTech,US,2024-07-04,ads,Pro,1,False,False,6965,18807,1,1,annual,180,2024-12-31,2024-07-04,528,32,31,True,33.0,28.0,14.0,Growing,2.0,45.0,82.0,4.0,0.0,0.0,features,0.0
A-84ebe4,Company_68,FinTech,US,2023-03-12,ads,Pro,18,True,True,4179,27994,0,0,annual,314,2024-01-20,2023-03-12,163,15,13,True,8.0,23.0,11.5,Declining,2.0,39.0,130.0,4.0,0.0,0.0,support,0.0
A-5b4ebb,Company_69,Cybersecurity,UK,2024-07-10,other,Basic,21,True,True,1029,27803,1,0,monthly,174,2024-12-31,2024-07-10,692,34,25,True,8.0,45.0,22.5,Declining,5.0,35.4,63.0,4.75,0.0,0.0,,
A-2922b6,Company_70,HealthTech,US,2024-11-14,organic,Basic,15,False,False,969,10669,1,0,annual,47,2024-12-31,2024-11-14,393,27,13,True,36.0,41.0,20.5,Growing,2.0,15.5,103.0,4.0,0.0,0.0,competitor,0.0
A-9b9fe9,Company_71,EdTech,AU,2023-09-28,other,Basic,5,False,False,245,19725,0,1,annual,460,2024-12-31,2023-09-28,597,30,22,True,65.0,39.0,19.5,Growing,4.0,33.5,156.5,4.0,0.0,1.0,features,0.0
A-a8b49c,Company_72,Cybersecurity,UK,2023-10-06,partner,Basic,7,False,False,0,11567,1,0,annual,452,2024-12-31,2023-10-06,545,27,43,True,9.0,40.0,20.0,Declining,1.0,72.0,105.0,4.0,0.0,0.0,features,0.0
A-9174e0,Company_73,Cybersecurity,US,2024-12-04,partner,Basic,37,False,False,7363,53976,2,0,monthly,27,2024-12-31,2024-12-04,689,34,61,True,20.0,35.0,17.5,Growing,2.0,39.0,167.0,5.0,0.0,0.0,,
A-a1bbb6,Company_74,DevTools,CA,2023-04-05,organic,Basic,1,False,False,0,14402,0,0,monthly,636,2024-12-31,2023-04-05,366,23,20,True,52.0,6.0,3.0,Growing,3.0,17.666666666666668,120.66666666666667,4.0,0.0,0.0,,
A-c45b23,Company_75,FinTech,UK,2023-12-08,partner,Basic,5,False,False,0,8504,0,0,annual,389,2024-12-31,2023-12-08,581,32,30,True,13.0,31.0,15.5,Declining,3.0,36.666666666666664,51.666666666666664,3.0,0.0,0.0,support,0.0
A-02cd81,Company_76,HealthTech,IN,2024-03-28,other,Basic,44,False,False,2156,32956,0,0,annual,278,2024-12-31,2024-03-28,684,31,28,True,14.0,46.0,23.0,Declining,3.0,17.333333333333332,84.66666666666667,4.5,1.0,0.0,pricing,0.0
A-ee42db,Company_77,EdTech,DE,2023-04-25,ads,Enterprise,13,False,False,456,11567,1,1,annual,616,2024-12-31,2023-04-25,511,31,33,True,41.0,79.0,39.5,Stable,4.0,33.75,98.25,3.0,0.0,0.0,unknown,23.52
A-432483,Company_78,Cybersecurity,US,2023-02-06,ads,Pro,4,False,False,637,25813,1,0,annual,694,2024-12-31,2023-02-06,451,25,28,True,24.0,59.0,29.5,Declining,1.0,51.0,128.0,,0.0,0.0,,
A-9208f0,Company_79,EdTech,US,2023-05-11,organic,Pro,1,False,True,0,3511,1,0,annual,548,2024-11-09,2023-05-11,510,28,31,True,22.0,39.0,19.5,Growing,7.0,37.57142857142857,60.142857142857146,3.5,1.0,0.0,features,0.0
A-98a59a,Company_80,FinTech,UK,2023-08-04,partner,Enterprise,56,False,False,2744,36456,2,1,monthly,515,2024-12-31,2023-08-04,455,27,21,True,12.0,38.0,19.0,Declining,3.0,37.333333333333336,74.0,4.5,0.0,1.0,support,0.0
A-fe79a5,Company_81,HealthTech,IN,2024-02-21,ads,Basic,9,True,False,4577,13532,2,0,annual,314,2024-12-31,2024-02-21,335,22,17,True,8.0,13.0,6.5,Growing,4.0,28.5,61.0,5.0,0.0,1.0,,
A-726cfa,Company_82,DevTools,US,2023-07-01,partner,Pro,11,False,False,2189,34782,2,0,monthly,549,2024-12-31,2023-07-01,993,40,45,True,53.0,60.0,30.0,Growing,3.0,35.666666666666664,128.33333333333334,4.0,0.0,0.0,support,122.11
A-c43359,Company_83,FinTech,US,2024-11-16,organic,Pro,38,False,False,1862,12312,2,1,annual,45,2024-12-31,2024-11-16,461,28,32,True,40.0,36.0,18.0,Growing,3.0,26.666666666666668,107.33333333333333,4.0,0.0,0.0,support,8.92
A-271f46,Company_84,DevTools,US,2023-02-09,event,Pro,38,False,True,0,19604,0,0,monthly,547,2024-08-09,2023-02-09,300,23,13,True,8.0,33.0,16.5,Declining,1.0,36.0,79.0,,0.0,0.0,features,0.0
A-157070,Company_85,FinTech,US,2023-11-09,ads,Pro,16,False,False,6965,27506,2,1,annual,418,2024-12-31,2023-11-09,696,37,26,True,27.0,46.0,23.0,Growing,3.0,42.333333333333336,118.0,3.0,1.0,1.0,features,0.0
A-40a557,Company_86,Cybersecurity,AU,2023-12-03,partner,Pro,16,True,False,3184,23324,1,0,monthly,394,2024-12-31,2023-12-03,402,25,17,True,6.0,20.0,10.0,Declining,7.0,30.571428571428573,94.71428571428571,3.6666666666666665,0.0,0.0,budget,0.0
A-66224b,Company_87,HealthTech,US,2024-10-18,other,Pro,92,True,False,0,69184,0,0,annual,74,2024-12-31,2024-10-18,626,34,29,True,9.0,43.0,21.5,Declining,6.0,39.833333333333336,82.5,3.5,0.0,0.0,,
A-91e948,Company_88,EdTech,AU,2023-01-29,partner,Basic,41,False,False,8159,21894,2,0,monthly,702,2024-12-31,2023-01-29,404,23,16,False,21.0,19.0,9.5,Growing,,,,,,,,
A-104f1a,Company_89,Cybersecurity,US,2024-08-17,other,Pro,24,False,False,6027,12617,0,0,monthly,136,2024-12-31,2024-08-17,438,28,22,True,22.0,43.0,21.5,Stable,5.0,33.2,50.4,3.75,1.0,1.0,unknown,0.0
A-7988d1,Company_90,Cybersecurity,US,2023-12-20,other,Basic,33,False,False,0,10692,0,0,monthly,377,2024-12-31,2023-12-20,449,31,28,True,20.0,70.0,35.0,Declining,3.0,35.333333333333336,65.33333333333333,4.333333333333333,0.0,0.0,unknown,0.0
A-faa28c,Company_91,HealthTech,US,2024-01-30,organic,Enterprise,48,False,False,3185,58404,3,0,annual,336,2024-12-31,2024-01-30,585,25,24,True,38.0,52.0,26.0,Growing,4.0,52.25,115.5,4.666666666666667,1.0,0.0,features,0.0
A-f25509,Company_92,EdTech,US,2024-03-22,other,Enterprise,32,False,False,6368,16122,0,1,annual,284,2024-12-31,2024-03-22,229,17,15,True,27.0,0.0,0.0,Growing,6.0,42.666666666666664,116.0,4.666666666666667,0.0,0.0,features,0.0
A-3a7284,Company_93,FinTech,US,2024-11-17,organic,Enterprise,31,False,False,6169,35519,1,2,monthly,44,2024-12-31,2024-11-17,609,33,30,True,45.0,44.0,22.0,Growing,3.0,56.333333333333336,104.33333333333333,3.5,0.0,0.0,unknown,0.0
A-3a5ad8,Company_94,HealthTech,US,2023-12-05,organic,Enterprise,9,True,False,0,28701,1,1,monthly,392,2024-12-31,2023-12-05,506,27,23,True,35.0,13.0,6.5,Growing,4.0,44.75,53.5,4.5,0.0,1.0,,
A-65a46c,Company_95,HealthTech,US,2023-11-04,event,Pro,1,False,False,855,22675,2,0,monthly,423,2024-12-31,2023-11-04,370,24,21,True,37.0,47.0,23.5,Growing,8.0,45.125,91.125,4.0,0.0,1.0,,
A-8b25f2,Company_96,Cybersecurity,US,2024-02-17,ads,Pro,6,False,True,588,14048,1,2,annual,318,2024-12-31,2024-02-17,565,29,20,True,22.0,54.0,27.0,Declining,2.0,35.5,50.5,4.0,0.0,0.0,,
A-fabe19,Company_97,DevTools,UK,2024-11-11,ads,Enterprise,1,False,False,0,20497,2,0,annual,50,2024-12-31,2024-11-11,337,20,16,True,42.0,12.0,6.0,Growing,3.0,40.666666666666664,38.333333333333336,4.0,0.0,0.0,,
A-adc1f3,Company_98,Cybersecurity,US,2024-08-05,organic,Pro,2,False,False,2388,26608,0,0,annual,148,2024-12-31,2024-08-05,334,24,26,True,16.0,38.0,19.0,Declining,3.0,47.333333333333336,65.0,3.5,0.0,0.0,,
A-503d5a,Company_99,FinTech,US,2023-10-21,other,Enterprise,4,False,True,196,17884,0,1,monthly,437,2024-12-31,2023-10-21,605,34,32,True,51.0,99.0,49.5,Stable,9.0,36.55555555555556,81.77777777777777,4.0,0.0,0.0,,
A-fd7ad3,Company_100,Cybersecurity,US,2024-11-01,event,Enterprise,1,False,False,551,3831,2,0,annual,60,2024-12-31,2024-11-01,567,31,42,True,0.0,46.0,23.0,Declining,8.0,48.75,98.125,4.166666666666667,1.0,0.0,unknown,0.0
A-186a44,Company_101,HealthTech,US,2023-08-07,ads,Enterprise,20,False,False,9353,20989,1,1,monthly,512,2024-12-31,2023-08-07,614,30,25,True,0.0,92.0,46.0,Declining,7.0,38.285714285714285,110.42857142857143,3.5,0.0,1.0,,
A-e888d1,Company_102,Cybersecurity,US,2023-03-28,other,Pro,14,False,False,1026,13646,1,0,monthly,644,2024-12-31,2023-03-28,552,31,36,True,23.0,41.0,20.5,Growing,5.0,43.0,104.0,4.0,1.0,0.0,features,6.38
A-69fad4,Company_103,FinTech,UK,2023-04-06,ads,Basic,6,False,True,285,8721,0,0,monthly,438,2024-06-17,2023-04-06,302,18,18,True,7.0,13.0,6.5,Stable,2.0,62.5,140.5,4.0,0.0,0.0,support,0.0
A-9289f6,Company_104,EdTech,US,2023-05-31,event,Enterprise,1,False,False,49,13096,2,0,annual,580,2024-12-31,2023-05-31,642,33,38,True,0.0,87.0,43.5,Declining,6.0,37.5,70.0,4.333333333333333,0.0,1.0,support,17.93
A-f19409,Company_105,DevTools,US,2023-03-16,other,Basic,23,False,True,1127,34136,2,0,annual,70,2023-05-25,2023-03-16,73,7,2,False,33.0,29.0,14.5,Growing,2.0,9.0,110.0,,0.0,1.0,features,0.0
A-22f2df,Company_106,DevTools,US,2024-12-14,ads,Basic,3,False,False,392,7451,1,1,annual,17,2024-12-31,2024-12-14,429,25,17,True,16.0,29.0,14.5,Growing,5.0,44.8,71.6,5.0,0.0,0.0,,
A-039727,Company_107,EdTech,AU,2024-11-02,organic,Pro,25,False,False,4975,36420,3,2,annual,59,2024-12-31,2024-11-02,768,33,32,True,35.0,31.0,15.5,Growing,,,,,,,pricing,46.49
A-2e3bad,Company_108,FinTech,CA,2023-08-13,other,Pro,61,False,False,0,45872,0,0,annual,506,2024-12-31,2023-08-13,435,25,26,True,0.0,32.0,16.0,Declining,5.0,31.4,107.0,3.5,0.0,0.0,features,0.0
A-484819,Company_109,HealthTech,US,2023-02-21,organic,Pro,18,False,False,342,20604,3,0,annual,679,2024-12-31,2023-02-21,336,22,20,True,7.0,10.0,5.0,Growing,5.0,33.2,139.6,4.5,0.0,0.0,support,0.0
A-425e76,Company_110,DevTools,UK,2023-05-17,other,Enterprise,8,False,True,703,17111,1,0,monthly,524,2024-10-22,2023-05-17,405,27,24,True,32.0,31.0,15.5,Growing,5.0,48.2,119.2,3.3333333333333335,1.0,0.0,competitor,0.0
A-e83938,Company_111,DevTools,UK,2023-11-21,other,Pro,2,True,True,1393,7503,2,0,annual,404,2024-12-29,2023-11-21,266,22,18,True,9.0,15.0,7.5,Growing,4.0,31.0,72.5,3.0,0.0,1.0,budget,13.5
A-ad296b,Company_112,DevTools,AU,2024-07-15,event,Pro,38,False,False,722,18430,0,0,annual,169,2024-12-31,2024-07-15,294,24,12,True,4.0,32.0,16.0,Declining,3.0,28.333333333333332,83.33333333333333,3.6666666666666665,1.0,0.0,,
A-e51ec7,Company_113,FinTech,CA,2023-09-23,partner,Enterprise,2,False,False,0,24076,2,1,annual,465,2024-12-31,2023-09-23,417,26,18,True,14.0,19.0,9.5,Growing,3.0,37.0,93.33333333333333,5.0,0.0,0.0,budget,0.0
A-0aaf6e,Company_114,FinTech,US,2024-05-11,organic,Enterprise,3,False,False,1813,24084,0,0,monthly,234,2024-12-31,2024-05-11,599,25,39,True,43.0,54.0,27.0,Growing,5.0,45.0,75.4,4.0,0.0,0.0,,
A-e61e98,Company_115,FinTech,US,2023-10-20,partner,Enterprise,19,False,True,1813,13484,2,0,monthly,365,2024-10-19,2023-10-20,509,31,22,True,9.0,123.0,61.5,Declining,5.0,35.4,71.2,4.6,1.0,0.0,features,0.0
A-92a333,Company_116,FinTech,US,2023-03-24,event,Enterprise,9,False,False,6567,10659,0,1,annual,648,2024-12-31,2023-03-24,364,22,30,True,11.0,68.0,34.0,Declining,4.0,23.25,58.25,,1.0,0.0,,
A-95b24a,Company_117,FinTech,US,2023-06-06,event,Pro,38,False,True,722,25034,4,1,annual,574,2024-12-31,2023-06-06,611,32,34,True,33.0,58.0,29.0,Growing,5.0,21.2,90.4,4.25,0.0,0.0,,
A-42e5e1,Company_118,DevTools,US,2024-07-09,ads,Pro,1,False,True,490,8916,1,1,annual,87,2024-10-04,2024-07-09,353,22,32,True,18.0,32.0,16.0,Growing,3.0,29.0,81.33333333333333,4.0,0.0,0.0,pricing,0.0
A-7d514c,Company_119,HealthTech,DE,2024-02-03,organic,Enterprise,17,False,False,0,24274,2,0,monthly,332,2024-12-31,2024-02-03,502,30,30,True,7.0,44.0,22.0,Declining,3.0,33.333333333333336,49.666666666666664,5.0,0.0,1.0,,
A-65aeb5,Company_120,DevTools,US,2024-01-25,partner,Pro,9,False,False,3582,34392,0,1,annual,341,2024-12-31,2024-01-25,533,30,40,True,30.0,35.0,17.5,Growing,2.0,42.5,159.5,5.0,0.0,0.0,budget,0.0
A-e2cd1b,Company_121,DevTools,US,2024-02-04,other,Enterprise,15,False,False,342,12548,1,0,annual,331,2024-12-31,2024-02-04,465,29,18,True,17.0,43.0,21.5,Declining,5.0,37.8,76.0,4.0,0.0,0.0,,
A-180abf,Company_122,DevTools,US,2023-08-14,event,Pro,64,False,True,3136,37312,2,0,monthly,395,2024-09-12,2023-08-14,425,28,23,True,25.0,47.0,23.5,Stable,3.0,36.333333333333336,62.333333333333336,3.0,0.0,0.0,support,0.0
A-f17767,Company_123,DevTools,US,2023-01-30,event,Enterprise,1,True,True,38,16139,3,1,monthly,93,2023-05-03,2023-01-30,107,11,14,False,46.0,45.0,22.5,Growing,1.0,61.0,88.0,,1.0,0.0,pricing,0.0
A-5a184f,Company_124,DevTools,DE,2023-06-19,other,Enterprise,1,False,True,2786,20683,0,1,annual,450,2024-09-11,2023-06-19,471,27,23,True,14.0,94.0,47.0,Declining,3.0,15.333333333333334,42.333333333333336,4.333333333333333,0.0,0.0,support,0.0
A-7df7a7,Company_125,DevTools,US,2023-01-28,organic,Basic,7,False,True,2985,29155,0,2,monthly,529,2024-07-10,2023-01-28,677,33,25,True,36.0,61.0,30.5,Growing,3.0,28.0,93.0,4.0,1.0,0.0,budget,0.0
A-1ac5e0,Company_126,DevTools,US,2024-10-20,event,Basic,33,False,True,0,18249,0,0,monthly,72,2024-12-31,2024-10-20,558,31,31,True,7.0,55.0,27.5,Declining,7.0,40.42857142857143,76.0,3.8,0.0,0.0,,
A-52dd88,Company_127,Cybersecurity,US,2023-02-21,ads,Pro,23,False,False,532,16592,1,0,annual,679,2024-12-31,2023-02-21,516,28,33,True,0.0,61.0,30.5,Declining,1.0,72.0,111.0,,0.0,0.0,,
A-bece89,Company_128,Cybersecurity,IN,2023-12-01,event,Pro,26,False,False,5174,19250,1,0,annual,396,2024-12-31,2023-12-01,176,16,13,True,28.0,16.0,8.0,Growing,4.0,32.5,103.75,4.0,1.0,0.0,unknown,53.61
A-029f69,Company_129,Cybersecurity,CA,2024-03-07,event,Basic,3,False,False,285,14638,2,0,annual,299,2024-12-31,2024-03-07,789,37,42,True,22.0,16.0,8.0,Growing,2.0,42.0,108.0,3.0,0.0,0.0,competitor,32.73
A-5c046d,Company_130,EdTech,FR,2024-07-06,partner,Basic,93,False,False,1767,83886,0,0,annual,178,2024-12-31,2024-07-06,475,27,23,True,33.0,9.0,4.5,Growing,1.0,13.0,128.0,3.0,0.0,0.0,,
A-fb186e,Company_131,EdTech,IN,2024-10-27,organic,Basic,29,False,False,5771,5771,0,0,annual,65,2024-12-31,2024-10-27,207,15,7,True,0.0,21.0,10.5,Declining,6.0,26.166666666666668,81.0,3.6666666666666665,0.0,0.0,,
A-ae052e,Company_132,FinTech,CA,2023-09-11,other,Basic,39,False,False,1911,7693,1,1,monthly,477,2024-12-31,2023-09-11,300,24,12,True,4.0,23.0,11.5,Declining,4.0,31.25,60.5,4.0,0.0,0.0,competitor,0.0
A-9f9299,Company_133,FinTech,US,2023-09-02,organic,Enterprise,28,True,False,532,42403,0,0,monthly,486,2024-12-31,2023-09-02,830,37,54,True,60.0,94.0,47.0,Growing,5.0,36.2,116.2,5.0,0.0,1.0,competitor,0.0
A-96e141,Company_134,DevTools,UK,2023-08-12,partner,Basic,14,False,False,0,15468,0,0,monthly,507,2024-12-31,2023-08-12,346,26,19,True,8.0,37.0,18.5,Declining,5.0,32.8,68.4,4.333333333333333,0.0,0.0,budget,0.0
A-117171,Company_135,HealthTech,FR,2024-09-12,organic,Basic,45,False,True,2205,12015,0,1,monthly,63,2024-11-14,2024-09-12,201,15,11,False,8.0,21.0,10.5,Declining,5.0,29.2,63.0,3.5,1.0,0.0,pricing,0.0
A-313be3,Company_136,EdTech,US,2023-11-15,partner,Enterprise,47,True,False,0,19006,1,0,annual,412,2024-12-31,2023-11-15,560,33,40,True,9.0,73.0,36.5,Declining,4.0,22.5,80.25,5.0,1.0,0.0,features,43.03
A-671f31,Company_137,DevTools,US,2024-11-24,ads,Basic,59,False,False,1121,30385,0,1,annual,37,2024-12-31,2024-11-24,167,13,16,False,7.0,18.0,9.0,Declining,7.0,33.0,78.0,4.2,0.0,0.0,,
A-bbc346,Company_138,FinTech,US,2024-08-29,partner,Enterprise,19,False,False,8955,33122,3,2,annual,124,2024-12-31,2024-08-29,650,34,37,True,23.0,37.0,18.5,Growing,3.0,45.333333333333336,102.66666666666667,4.5,0.0,0.0,competitor,15.46
A-c16101,Company_139,EdTech,IN,2024-09-06,other,Basic,7,False,False,247,12422,1,1,monthly,116,2024-12-31,2024-09-06,561,31,29,True,42.0,63.0,31.5,Growing,4.0,28.0,82.0,5.0,1.0,1.0,features,0.0
A-50f3f7,Company_140,HealthTech,US,2023-12-22,partner,Basic,31,False,True,8955,44077,0,2,annual,375,2024-12-31,2023-12-22,685,30,45,True,31.0,98.0,49.0,Declining,6.0,37.833333333333336,67.83333333333333,5.0,1.0,0.0,,
A-7da956,Company_141,Cybersecurity,US,2024-06-02,event,Pro,13,True,False,637,10963,1,2,annual,212,2024-12-31,2024-06-02,543,28,35,True,35.0,49.0,24.5,Growing,3.0,32.666666666666664,88.0,5.0,0.0,0.0,,
A-019782,Company_142,DevTools,FR,2023-04-19,event,Enterprise,11,False,False,0,8353,1,0,annual,622,2024-12-31,2023-04-19,562,28,30,True,28.0,36.0,18.0,Growing,2.0,10.0,107.0,3.0,0.0,1.0,,
A-df10db,Company_143,DevTools,US,2023-06-06,other,Enterprise,2,True,False,398,11730,2,0,monthly,574,2024-12-31,2023-06-06,697,31,40,True,34.0,51.0,25.5,Growing,2.0,68.5,86.5,3.0,1.0,0.0,competitor,0.0
A-3932db,Company_144,HealthTech,CA,2023-10-04,other,Pro,19,True,True,0,14087,2,1,monthly,454,2024-12-31,2023-10-04,434,28,28,True,35.0,64.0,32.0,Stable,6.0,41.0,86.5,4.333333333333333,0.0,0.0,,
A-4f18f0,Company_145,DevTools,CA,2024-04-21,other,Pro,24,True,False,1176,30264,0,1,monthly,254,2024-12-31,2024-04-21,544,33,25,True,19.0,22.0,11.0,Growing,5.0,39.2,61.4,4.0,0.0,0.0,features,0.0
A-4c6f11,Company_146,FinTech,CA,2023-11-27,organic,Pro,24,True,True,4776,7586,0,1,monthly,326,2024-10-18,2023-11-27,220,17,3,True,0.0,11.0,5.5,Declining,3.0,44.666666666666664,63.0,4.333333333333333,0.0,0.0,competitor,0.0
A-8ae05d,Company_147,FinTech,IN,2024-04-06,other,Enterprise,86,False,False,0,26230,0,0,monthly,269,2024-12-31,2024-04-06,203,16,10,True,25.0,22.0,11.0,Growing,1.0,47.0,48.0,4.0,0.0,0.0,unknown,0.0
A-b78bf8,Company_148,DevTools,US,2024-11-15,event,Pro,33,False,False,627,22423,1,1,monthly,46,2024-12-31,2024-11-15,421,24,11,True,25.0,21.0,10.5,Growing,5.0,24.2,88.8,4.2,0.0,2.0,unknown,0.0
A-eafc6e,Company_149,DevTools,US,2023-07-06,partner,Pro,27,False,True,5373,16229,0,0,monthly,525,2024-12-12,2023-07-06,300,23,15,True,10.0,32.0,16.0,Declining,1.0,64.0,136.0,,0.0,0.0,unknown,0.0
A-37f969,Company_150,HealthTech,IN,2023-10-14,partner,Enterprise,30,False,False,5970,22959,2,0,monthly,444,2024-12-31,2023-10-14,312,25,14,True,21.0,11.0,5.5,Growing,5.0,22.2,94.0,3.6666666666666665,1.0,0.0,competitor,50.41
A-10b8f2,Company_151,HealthTech,DE,2023-01-11,organic,Basic,47,True,False,1957,30719,1,0,annual,720,2024-12-31,2023-01-11,560,29,23,True,38.0,37.0,18.5,Growing,3.0,46.333333333333336,67.0,4.333333333333333,0.0,0.0,support,0.0
A-439b2f,Company_152,DevTools,US,2024-02-21,ads,Enterprise,1,False,True,114,1796,1,0,annual,271,2024-11-18,2024-02-21,153,13,5,True,,,,,2.0,17.5,66.5,,0.0,0.0,features,0.0
A-544d0a,Company_153,DevTools,US,2024-05-02,organic,Basic,2,True,False,294,18492,1,2,monthly,243,2024-12-31,2024-05-02,510,27,22,True,30.0,64.0,32.0,Stable,2.0,38.5,98.0,4.0,1.0,0.0,,
A-ba6516,Company_154,FinTech,US,2023-10-29,ads,Pro,27,False,False,513,28379,1,3,monthly,429,2024-12-31,2023-10-29,642,31,32,True,25.0,32.0,16.0,Growing,6.0,31.5,71.0,4.0,0.0,1.0,budget,0.0
A-712426,Company_155,HealthTech,US,2024-11-10,other,Enterprise,9,False,False,2261,11197,2,0,annual,51,2024-12-31,2024-11-10,696,32,31,True,12.0,48.0,24.0,Declining,6.0,37.333333333333336,79.16666666666667,4.4,0.0,1.0,features,0.0
A-038089,Company_156,DevTools,FR,2023-12-19,other,Pro,5,False,True,95,2104,0,0,annual,372,2024-12-25,2023-12-19,210,15,15,True,9.0,0.0,0.0,Growing,6.0,30.166666666666668,86.16666666666667,3.6666666666666665,0.0,0.0,features,19.34
A-afa505,Company_157,DevTools,US,2023-12-27,partner,Basic,70,True,False,0,66010,2,1,monthly,370,2024-12-31,2023-12-27,507,33,28,True,43.0,50.0,25.0,Growing,4.0,37.25,88.25,3.0,1.0,0.0,support,0.0
A-d5a319,Company_158,FinTech,US,2023-05-04,other,Enterprise,15,False,True,285,37847,3,2,annual,607,2024-12-31,2023-05-04,604,32,43,True,49.0,65.0,32.5,Growing,1.0,17.0,132.0,4.0,1.0,0.0,,
A-f97b9a,Company_159,FinTech,US,2023-07-09,event,Pro,16,False,False,0,23833,1,0,annual,541,2024-12-31,2023-07-09,561,29,33,True,24.0,64.0,32.0,Declining,7.0,31.714285714285715,69.85714285714286,3.6666666666666665,0.0,0.0,,
A-2f6a32,Company_160,HealthTech,US,2024-08-26,organic,Basic,19,False,False,931,7513,1,0,annual,127,2024-12-31,2024-08-26,654,32,46,True,28.0,37.0,18.5,Growing,2.0,41.0,72.0,3.5,0.0,0.0,,
A-856b1e,Company_161,FinTech,US,2023-10-31,partner,Basic,19,False,False,1764,6321,1,0,monthly,427,2024-12-31,2023-10-31,230,17,24,True,9.0,41.0,20.5,Declining,5.0,36.0,79.4,,1.0,0.0,,
A-17939a,Company_162,HealthTech,US,2024-12-26,organic,Basic,1,False,False,969,9669,0,0,monthly,5,2024-12-31,2024-12-26,440,25,43,True,13.0,26.0,13.0,Stable,7.0,38.0,83.42857142857143,4.5,0.0,0.0,,
A-d27f50,Company_163,Cybersecurity,UK,2024-07-20,ads,Enterprise,44,False,False,2156,44815,1,0,monthly,164,2024-12-31,2024-07-20,481,29,31,True,10.0,47.0,23.5,Declining,4.0,37.5,116.5,3.75,0.0,0.0,,
A-e36807,Company_164,EdTech,AU,2024-05-17,other,Pro,6,False,False,0,12569,0,0,annual,228,2024-12-31,2024-05-17,446,27,27,True,17.0,72.0,36.0,Declining,2.0,41.0,152.0,4.5,0.0,0.0,,
A-ff79f2,Company_165,DevTools,US,2024-04-25,ads,Basic,8,False,True,4577,27873,2,0,monthly,250,2024-12-31,2024-04-25,393,24,12,True,0.0,49.0,24.5,Declining,2.0,50.0,82.5,,0.0,0.0,,
A-5b1bcd,Company_166,DevTools,US,2023-09-16,organic,Pro,73,False,False,14527,133298,3,0,annual,472,2024-12-31,2023-09-16,869,34,54,True,30.0,85.0,42.5,Declining,4.0,43.25,92.5,4.5,0.0,1.0,competitor,4.45
A-71615e,Company_167,EdTech,US,2024-05-18,organic,Basic,15,False,False,735,40713,3,0,annual,227,2024-12-31,2024-05-18,620,29,41,True,29.0,55.0,27.5,Stable,1.0,49.0,77.0,,0.0,0.0,pricing,0.0
A-794a0b,Company_168,HealthTech,DE,2023-06-02,organic,Basic,23,False,False,437,10575,0,0,monthly,578,2024-12-31,2023-06-02,347,28,31,True,6.0,86.0,43.0,Declining,,,,,,,budget,0.0
A-86902e,Company_169,HealthTech,IN,2023-05-02,other,Enterprise,34,False,False,646,36041,2,0,annual,609,2024-12-31,2023-05-02,628,32,36,True,29.0,68.0,34.0,Declining,9.0,40.888888888888886,71.44444444444444,3.5,0.0,0.0,features,0.0
A-0532a9,Company_170,FinTech,IN,2024-09-25,event,Pro,19,False,False,931,15161,4,1,annual,97,2024-12-31,2024-09-25,519,30,30,True,26.0,65.0,32.5,Declining,8.0,30.75,73.375,3.0,0.0,0.0,pricing,2.4
A-9779ad,Company_171,Cybersecurity,AU,2024-03-29,event,Pro,40,True,True,7960,51680,0,0,monthly,135,2024-08-11,2024-03-29,330,24,20,True,5.0,27.0,13.5,Declining,1.0,9.0,96.0,,0.0,0.0,features,0.0
A-f45426,Company_172,HealthTech,US,2024-08-05,organic,Basic,9,False,False,171,17289,0,3,monthly,148,2024-12-31,2024-08-05,624,33,49,True,59.0,64.0,32.0,Growing,3.0,17.0,69.0,4.0,0.0,0.0,pricing,0.0
A-c1e51e,Company_173,FinTech,US,2024-10-02,organic,Basic,3,False,False,133,23905,1,1,monthly,90,2024-12-31,2024-10-02,518,28,36,True,14.0,36.0,18.0,Declining,5.0,40.0,75.6,3.2,0.0,0.0,support,0.0
A-fa3095,Company_174,FinTech,US,2023-09-03,ads,Basic,70,False,False,1330,69230,0,0,annual,485,2024-12-31,2023-09-03,600,31,42,True,28.0,68.0,34.0,Declining,5.0,49.2,84.0,5.0,0.0,0.0,support,0.0
A-ad64c6,Company_175,DevTools,UK,2024-02-23,event,Pro,12,False,False,5572,14708,0,0,annual,312,2024-12-31,2024-02-23,215,16,18,True,0.0,13.0,6.5,Declining,4.0,34.0,98.5,5.0,0.0,0.0,unknown,0.0
A-39b19f,Company_176,FinTech,US,2023-02-03,partner,Enterprise,1,False,False,8159,21237,1,1,monthly,697,2024-12-31,2023-02-03,530,30,37,True,0.0,9.0,4.5,Declining,6.0,47.833333333333336,87.5,4.25,1.0,0.0,unknown,0.0
A-56962b,Company_177,EdTech,UK,2024-04-09,partner,Enterprise,163,False,False,7987,54605,1,0,monthly,266,2024-12-31,2024-04-09,271,16,25,True,0.0,57.0,28.5,Declining,4.0,37.5,105.5,3.0,0.0,0.0,pricing,0.0
A-e60f9d,Company_178,FinTech,US,2024-08-26,other,Basic,29,False,False,11542,50817,0,2,annual,127,2024-12-31,2024-08-26,629,30,24,True,0.0,62.0,31.0,Declining,2.0,70.5,106.5,,0.0,0.0,,
A-88c6ca,Company_179,FinTech,DE,2024-10-25,ads,Basic,5,False,True,1127,6449,0,0,monthly,67,2024-12-31,2024-10-25,446,27,19,True,37.0,21.0,10.5,Growing,1.0,56.0,12.0,,0.0,0.0,,
A-158f4e,Company_180,FinTech,IN,2023-03-03,other,Enterprise,61,False,False,2989,43859,0,0,annual,669,2024-12-31,2023-03-03,453,32,29,True,0.0,33.0,16.5,Declining,5.0,27.6,126.0,4.333333333333333,0.0,0.0,features,0.0
A-5b051a,Company_181,Cybersecurity,US,2024-08-05,event,Enterprise,22,False,False,418,2332,0,0,monthly,148,2024-12-31,2024-08-05,171,14,17,True,36.0,13.0,6.5,Growing,1.0,2.0,2.0,3.0,0.0,0.0,,
A-296d7c,Company_182,DevTools,DE,2023-11-08,other,Enterprise,2,False,False,38,1989,0,0,annual,419,2024-12-31,2023-11-08,357,21,18,True,0.0,25.0,12.5,Declining,5.0,50.4,105.2,3.75,0.0,0.0,budget,0.0
A-1619f8,Company_183,DevTools,US,2024-05-20,organic,Pro,29,False,False,5771,19790,1,0,monthly,225,2024-12-31,2024-05-20,432,27,26,True,18.0,27.0,13.5,Growing,3.0,42.0,81.0,5.0,0.0,0.0,budget,0.0
A-a1b80b,Company_184,HealthTech,US,2023-11-27,organic,Basic,16,False,False,0,34589,3,1,annual,400,2024-12-31,2023-11-27,749,33,48,True,107.0,62.0,31.0,Growing,4.0,41.0,72.5,4.0,0.0,0.0,budget,12.99
A-139c3b,Company_185,HealthTech,US,2024-11-21,organic,Enterprise,10,True,True,190,9027,1,0,annual,40,2024-12-31,2024-11-21,478,27,16,True,30.0,64.0,32.0,Stable,9.0,28.444444444444443,66.11111111111111,4.5,0.0,2.0,,
A-702032,Company_186,HealthTech,US,2023-10-03,ads,Pro,28,False,False,532,8540,1,0,annual,455,2024-12-31,2023-10-03,285,19,15,True,10.0,24.0,12.0,Declining,4.0,26.0,98.25,3.0,0.0,0.0,competitor,0.0
A-7a0d69,Company_187,DevTools,DE,2024-06-15,ads,Enterprise,4,True,True,380,10362,2,0,monthly,197,2024-12-29,2024-06-15,606,31,31,True,38.0,52.0,26.0,Growing,2.0,29.0,52.5,5.0,0.0,0.0,budget,0.0
A-22d9d2,Company_188,DevTools,FR,2024-03-22,event,Pro,8,False,False,392,18746,2,1,monthly,284,2024-12-31,2024-03-22,782,35,43,True,29.0,87.0,43.5,Declining,6.0,16.0,88.0,4.0,1.0,0.0,pricing,0.0
A-b9eed8,Company_189,Cybersecurity,US,2024-02-23,organic,Basic,11,False,False,3383,16577,0,3,annual,312,2024-12-31,2024-02-23,623,29,55,True,33.0,50.0,25.0,Growing,5.0,29.2,103.8,3.75,1.0,0.0,pricing,0.0
A-dfbd31,Company_190,DevTools,UK,2023-12-04,partner,Enterprise,14,False,False,456,25079,1,1,monthly,393,2024-12-31,2023-12-04,599,27,19,True,16.0,24.0,12.0,Growing,6.0,29.666666666666668,129.83333333333334,4.25,0.0,0.0,unknown,0.0
A-8e47ca,Company_191,HealthTech,US,2024-02-15,organic,Pro,19,False,False,931,28120,1,0,monthly,320,2024-12-31,2024-02-15,441,29,35,True,4.0,26.0,13.0,Declining,5.0,33.4,80.6,4.0,1.0,0.0,support,0.0
A-4437e4,Company_192,Cybersecurity,US,2023-09-16,event,Enterprise,3,False,False,0,17831,4,1,annual,472,2024-12-31,2023-09-16,806,37,43,True,33.0,35.0,17.5,Growing,6.0,34.666666666666664,125.33333333333333,3.0,2.0,0.0,features,0.0
A-779e4e,Company_193,HealthTech,US,2023-01-02,organic,Basic,5,False,False,1194,28081,2,1,annual,729,2024-12-31,2023-01-02,393,28,20,True,8.0,20.0,10.0,Declining,5.0,26.6,91.6,4.0,0.0,0.0,,
A-53f4e3,Company_194,Cybersecurity,UK,2024-06-14,event,Enterprise,13,False,False,931,15072,0,0,annual,200,2024-12-31,2024-06-14,410,29,45,True,23.0,23.0,11.5,Growing,5.0,28.6,99.0,4.0,0.0,0.0,competitor,0.0
A-692f18,Company_195,EdTech,US,2024-03-28,other,Basic,5,True,True,1393,30550,2,1,annual,270,2024-12-23,2024-03-28,871,36,55,True,47.0,61.0,30.5,Growing,2.0,37.5,120.0,5.0,0.0,0.0,support,0.0
A-13466a,Company_196,DevTools,AU,2023-10-22,event,Basic,2,False,True,796,13343,0,0,annual,179,2024-04-18,2023-10-22,145,13,9,True,2.0,34.0,17.0,Declining,2.0,13.0,103.5,5.0,0.0,0.0,pricing,6.51
A-1986ca,Company_197,HealthTech,IN,2023-01-30,ads,Pro,20,False,False,3980,27661,1,0,monthly,701,2024-12-31,2023-01-30,362,26,23,True,0.0,37.0,18.5,Declining,7.0,36.57142857142857,106.57142857142857,3.4,0.0,0.0,,
A-0cc442,Company_198,EdTech,US,2024-07-18,organic,Basic,45,False,False,855,61935,3,1,monthly,166,2024-12-31,2024-07-18,765,34,41,True,24.0,60.0,30.0,Declining,3.0,37.0,47.333333333333336,3.0,0.0,0.0,budget,59.52
A-c608c8,Company_199,DevTools,DE,2023-04-27,ads,Pro,3,False,True,1194,9514,1,1,monthly,404,2024-06-04,2023-04-27,318,23,23,True,29.0,33.0,16.5,Growing,1.0,60.0,39.0,3.0,0.0,0.0,support,0.0
A-3be56b,Company_200,HealthTech,IN,2023-10-26,event,Pro,3,False,True,0,17040,1,1,annual,238,2024-06-20,2023-10-26,404,26,29,True,36.0,100.0,50.0,Declining,4.0,40.25,74.0,3.5,0.0,0.0,pricing,0.0
A-354f12,Company_201,FinTech,US,2024-04-28,ads,Pro,1,True,False,1791,8889,0,1,annual,247,2024-12-31,2024-04-28,158,14,3,True,14.0,53.0,26.5,Declining,2.0,56.5,137.5,,0.0,0.0,competitor,0.0
A-68f37c,Company_202,HealthTech,US,2023-07-15,ads,Basic,4,False,False,247,32270,3,0,monthly,535,2024-12-31,2023-07-15,624,30,40,True,15.0,44.0,22.0,Declining,5.0,20.2,119.8,4.0,0.0,0.0,features,0.0
A-aa9511,Company_203,DevTools,US,2023-10-10,other,Pro,23,True,False,0,60970,0,1,monthly,448,2024-12-31,2023-10-10,625,33,35,True,41.0,48.0,24.0,Growing,2.0,56.5,98.5,4.0,0.0,0.0,competitor,0.0
A-af0cd2,Company_204,Cybersecurity,IN,2023-01-03,other,Enterprise,19,True,False,570,6460,1,0,annual,728,2024-12-31,2023-01-03,687,31,33,True,28.0,91.0,45.5,Declining,3.0,54.333333333333336,149.33333333333334,,0.0,0.0,unknown,0.0
A-bd4513,Company_205,DevTools,AU,2024-11-06,event,Enterprise,50,True,False,950,52204,2,0,annual,55,2024-12-31,2024-11-06,507,28,34,True,19.0,57.0,28.5,Declining,3.0,42.0,58.666666666666664,4.666666666666667,0.0,1.0,budget,35.14
A-c222ab,Company_206,Cybersecurity,US,2024-05-10,other,Pro,32,False,True,1568,18656,1,0,monthly,148,2024-10-05,2024-05-10,361,23,28,True,22.0,27.0,13.5,Growing,1.0,37.0,131.0,,0.0,0.0,support,0.0
A-34d880,Company_207,Cybersecurity,AU,2024-04-11,ads,Enterprise,4,False,False,686,20964,0,0,monthly,264,2024-12-31,2024-04-11,474,29,40,True,13.0,50.0,25.0,Declining,5.0,52.2,90.8,3.0,0.0,0.0,unknown,10.4
A-508199,Company_208,FinTech,AU,2024-01-28,event,Basic,19,False,False,0,8436,0,0,annual,338,2024-12-31,2024-01-28,231,16,15,True,0.0,48.0,24.0,Declining,3.0,50.666666666666664,67.33333333333333,3.0,0.0,0.0,,
A-f03140,Company_209,DevTools,IN,2023-11-22,event,Pro,27,True,False,722,21075,1,1,annual,405,2024-12-31,2023-11-22,595,32,22,True,21.0,56.0,28.0,Declining,7.0,36.0,113.14285714285714,3.6666666666666665,0.0,0.0,competitor,0.0
A-410e86,Company_210,FinTech,US,2024-11-10,organic,Basic,24,False,False,4776,15960,0,0,annual,51,2024-12-31,2024-11-10,292,22,21,True,11.0,16.0,8.0,Growing,5.0,42.6,110.0,3.5,0.0,0.0,,
A-fa2041,Company_211,HealthTech,US,2024-05-29,organic,Pro,15,True,False,3582,20915,0,0,monthly,216,2024-12-31,2024-05-29,552,34,34,True,45.0,51.0,25.5,Growing,1.0,16.0,99.0,3.0,0.0,0.0,competitor,0.0
A-de58ca,Company_212,HealthTech,DE,2023-04-13,organic,Enterprise,15,False,False,735,23905,0,0,annual,628,2024-12-31,2023-04-13,505,28,33,True,18.0,24.0,12.0,Growing,5.0,30.6,115.0,3.3333333333333335,0.0,0.0,,
A-05d3b3,Company_213,DevTools,AU,2023-05-28,ads,Basic,9,True,False,1078,12610,0,0,annual,583,2024-12-31,2023-05-28,642,32,22,True,11.0,38.0,19.0,Declining,6.0,31.5,48.333333333333336,4.333333333333333,0.0,0.0,unknown,0.0
A-249769,Company_214,Cybersecurity,US,2024-04-25,event,Enterprise,4,False,True,0,15717,0,0,annual,235,2024-12-16,2024-04-25,633,31,28,True,23.0,54.0,27.0,Declining,2.0,39.5,96.5,4.0,0.0,0.0,budget,0.0
A-e43bf7,Company_215,Cybersecurity,AU,2023-03-24,other,Pro,44,False,False,8756,46666,3,0,annual,648,2024-12-31,2023-03-24,371,26,35,True,8.0,30.0,15.0,Declining,5.0,27.4,80.0,4.0,1.0,1.0,pricing,0.0
A-eb2fdc,Company_216,DevTools,AU,2023-11-21,organic,Enterprise,31,False,True,589,31968,0,0,annual,187,2024-05-26,2023-11-21,363,25,13,True,8.0,30.0,15.0,Declining,5.0,33.6,37.6,4.5,0.0,0.0,competitor,0.0
A-e1462e,Company_217,FinTech,UK,2023-03-12,partner,Basic,15,False,False,0,12030,1,1,annual,660,2024-12-31,2023-03-12,347,26,22,True,0.0,26.0,13.0,Declining,2.0,39.5,118.5,3.5,0.0,0.0,competitor,0.0
A-cab532,Company_218,DevTools,FR,2023-04-03,organic,Pro,11,True,False,4975,20088,2,1,annual,638,2024-12-31,2023-04-03,1005,38,47,True,60.0,62.0,31.0,Growing,1.0,32.0,175.0,4.0,0.0,0.0,support,0.0
A-9123ac,Company_219,Cybersecurity,DE,2023-06-20,organic,Pro,9,False,False,3582,14751,0,1,monthly,560,2024-12-31,2023-06-20,386,28,24,True,40.0,43.0,21.5,Growing,6.0,38.833333333333336,91.66666666666667,4.2,0.0,0.0,competitor,0.0
A-6e08f3,Company_220,Cybersecurity,US,2023-02-27,event,Basic,8,False,False,0,18190,1,1,monthly,673,2024-12-31,2023-02-27,492,28,21,True,14.0,90.0,45.0,Declining,2.0,36.5,137.0,3.5,0.0,0.0,competitor,0.0
A-d922bf,Company_221,HealthTech,US,2023-09-08,ads,Basic,5,True,True,1791,17114,0,0,annual,455,2024-12-06,2023-09-08,405,24,17,True,7.0,49.0,24.5,Declining,7.0,39.142857142857146,101.14285714285714,3.3333333333333335,1.0,0.0,support,11.13
A-8ed5dd,Company_222,EdTech,UK,2023-06-29,event,Enterprise,5,False,True,285,11956,3,1,annual,492,2024-11-02,2023-06-29,506,28,43,True,16.0,57.0,28.5,Declining,5.0,33.2,96.8,4.0,0.0,0.0,unknown,0.0
A-7c6b6b,Company_223,FinTech,US,2024-11-30,other,Basic,6,False,False,1274,4818,0,0,monthly,31,2024-12-31,2024-11-30,311,22,24,True,7.0,22.0,11.0,Declining,5.0,52.2,82.4,4.333333333333333,0.0,0.0,budget,0.0
A-3c1a3f,Company_224,DevTools,UK,2023-08-26,event,Pro,1,False,False,133,14909,0,1,annual,493,2024-12-31,2023-08-26,497,31,22,True,9.0,62.0,31.0,Declining,4.0,33.25,56.5,3.5,0.0,0.0,,
A-b48f73,Company_225,EdTech,AU,2024-11-13,event,Pro,80,True,False,15920,28320,0,0,annual,48,2024-12-31,2024-11-13,412,24,23,True,0.0,23.0,11.5,Declining,3.0,28.666666666666668,35.333333333333336,4.0,0.0,0.0,,
A-76fa4d,Company_226,HealthTech,US,2024-11-24,event,Pro,69,False,False,3381,61686,0,0,monthly,37,2024-12-31,2024-11-24,357,21,21,True,15.0,47.0,23.5,Declining,5.0,33.4,111.8,4.5,0.0,1.0,pricing,31.49
A-b2af2e,Company_227,Cybersecurity,UK,2024-08-24,event,Enterprise,5,False,False,995,3112,0,1,monthly,129,2024-12-31,2024-08-24,174,14,11,True,0.0,30.0,15.0,Declining,2.0,39.5,95.0,4.0,0.0,0.0,pricing,0.0
A-9bfc9f,Company_228,DevTools,CA,2023-09-14,ads,Pro,53,False,False,2597,15342,3,2,monthly,474,2024-12-31,2023-09-14,376,23,18,True,6.0,13.0,6.5,Stable,6.0,35.333333333333336,84.33333333333333,3.3333333333333335,1.0,0.0,,
A-4ae22a,Company_229,EdTech,US,2024-05-09,other,Pro,6,False,True,5572,9432,0,0,annual,72,2024-07-20,2024-05-09,270,21,27,True,0.0,12.0,6.0,Declining,2.0,17.0,104.0,3.0,0.0,0.0,pricing,0.0
A-fda07f,Company_230,Cybersecurity,FR,2024-08-11,partner,Basic,7,False,False,2786,28418,4,1,annual,142,2024-12-31,2024-08-11,681,31,39,True,50.0,18.0,9.0,Growing,5.0,17.8,57.0,4.0,0.0,0.0,support,17.34
A-de24d5,Company_231,DevTools,US,2024-11-05,other,Enterprise,5,True,False,2587,21327,0,0,annual,56,2024-12-31,2024-11-05,537,29,28,True,0.0,57.0,28.5,Declining,7.0,43.142857142857146,103.42857142857143,3.0,0.0,0.0,,
A-977ca0,Company_232,HealthTech,IN,2023-02-20,partner,Basic,6,False,True,0,30055,1,0,monthly,680,2024-12-31,2023-02-20,893,38,46,True,57.0,101.0,50.5,Growing,3.0,64.0,123.0,4.0,0.0,0.0,,
A-ab438f,Company_233,Cybersecurity,US,2024-09-13,ads,Enterprise,13,False,True,2587,16358,1,0,annual,80,2024-12-02,2024-09-13,362,25,12,True,14.0,18.0,9.0,Growing,2.0,33.5,112.5,3.5,0.0,0.0,budget,0.0
A-e89151,Company_234,FinTech,UK,2023-09-14,organic,Pro,8,True,True,1519,21734,3,0,monthly,474,2024-12-31,2023-09-14,601,30,29,True,53.0,26.0,13.0,Growing,2.0,41.5,48.5,5.0,0.0,0.0,,
A-40906c,Company_235,EdTech,US,2024-03-27,ads,Basic,92,False,False,4508,64400,0,0,annual,279,2024-12-31,2024-03-27,685,32,32,True,28.0,45.0,22.5,Growing,5.0,29.2,95.0,3.75,0.0,0.0,,
A-81edc3,Company_236,Cybersecurity,IN,2023-10-30,ads,Basic,5,False,False,2009,17524,2,0,monthly,428,2024-12-31,2023-10-30,765,33,41,True,83.0,78.0,39.0,Growing,3.0,52.666666666666664,70.0,4.0,0.0,0.0,support,0.0
A-328bd0,Company_237,HealthTech,AU,2023-05-16,partner,Enterprise,18,False,False,0,15979,1,1,monthly,595,2024-12-31,2023-05-16,568,30,49,True,33.0,41.0,20.5,Growing,5.0,46.0,68.2,3.6666666666666665,0.0,0.0,,
A-b3fe05,Company_238,Cybersecurity,CA,2024-05-28,partner,Pro,8,False,False,9154,24494,0,0,monthly,217,2024-12-31,2024-05-28,438,29,18,True,8.0,22.0,11.0,Declining,4.0,48.25,94.25,3.0,0.0,1.0,,
A-09540c,Company_239,Cybersecurity,CA,2023-10-30,event,Basic,67,True,False,1273,23718,1,1,monthly,428,2024-12-31,2023-10-30,297,20,16,True,12.0,26.0,13.0,Stable,2.0,28.0,89.0,4.5,0.0,0.0,unknown,71.44
A-e693b6,Company_240,FinTech,AU,2023-05-25,event,Enterprise,55,False,True,1045,34155,1,0,annual,504,2024-10-10,2023-05-25,638,28,23,True,0.0,31.0,15.5,Declining,1.0,1.0,144.0,3.0,0.0,0.0,budget,0.0
A-2446e3,Company_241,EdTech,IN,2024-01-10,organic,Pro,27,False,False,5373,24138,1,1,monthly,356,2024-12-31,2024-01-10,496,28,32,True,16.0,70.0,35.0,Declining,3.0,28.666666666666668,104.66666666666667,4.0,0.0,0.0,unknown,47.06
A-241e75,Company_242,EdTech,US,2024-07-03,partner,Enterprise,3,False,False,2254,3594,0,1,annual,181,2024-12-31,2024-07-03,266,17,20,True,16.0,23.0,11.5,Growing,4.0,31.5,101.0,4.5,0.0,0.0,features,0.0
A-922109,Company_243,Cybersecurity,US,2024-01-26,ads,Pro,3,False,False,796,14118,0,0,monthly,340,2024-12-31,2024-01-26,819,35,34,True,24.0,72.0,36.0,Declining,3.0,25.333333333333332,127.0,3.0,0.0,0.0,support,0.0
A-ff3c73,Company_244,HealthTech,AU,2023-01-26,other,Pro,21,False,False,0,4335,1,0,annual,705,2024-12-31,2023-01-26,408,29,23,True,32.0,35.0,17.5,Growing,2.0,35.5,97.5,3.5,0.0,0.0,competitor,2.42
A-8b0451,Company_245,FinTech,UK,2024-09-16,event,Enterprise,41,False,False,8159,31709,0,0,annual,106,2024-12-31,2024-09-16,606,32,45,True,20.0,39.0,19.5,Stable,7.0,26.571428571428573,83.71428571428571,3.5,0.0,2.0,budget,0.0
A-331424,Company_246,DevTools,US,2023-11-06,organic,Basic,11,False,False,2189,6776,0,0,annual,421,2024-12-31,2023-11-06,214,17,9,True,11.0,9.0,4.5,Growing,2.0,24.5,98.5,,0.0,0.0,competitor,0.0
A-51ec1b,Company_247,DevTools,US,2023-11-08,ads,Enterprise,7,False,False,1127,11087,3,2,annual,419,2024-12-31,2023-11-08,283,19,12,True,0.0,10.0,5.0,Declining,3.0,52.333333333333336,150.0,5.0,1.0,0.0,unknown,0.0
A-bcf664,Company_248,DevTools,US,2023-05-19,other,Pro,5,False,False,1045,13728,0,0,monthly,592,2024-12-31,2023-05-19,575,31,28,True,8.0,90.0,45.0,Declining,5.0,36.0,110.6,4.0,1.0,0.0,features,75.32
A-90a8c8,Company_249,FinTech,AU,2024-08-24,organic,Pro,15,False,False,1127,26514,2,0,annual,129,2024-12-31,2024-08-24,404,23,20,True,17.0,24.0,12.0,Growing,4.0,45.0,29.5,3.25,0.0,0.0,support,0.0
A-86cdb4,Company_250,DevTools,DE,2024-09-22,partner,Basic,2,False,False,323,3551,0,0,monthly,100,2024-12-31,2024-09-22,492,27,24,True,23.0,98.0,49.0,Declining,5.0,26.4,105.8,4.333333333333333,0.0,1.0,,
A-4bfa33,Company_251,Cybersecurity,US,2024-12-07,event,Basic,8,True,False,228,5606,0,0,monthly,24,2024-12-31,2024-12-07,329,23,17,True,52.0,33.0,16.5,Growing,4.0,16.5,84.75,3.6666666666666665,0.0,0.0,unknown,7.26
A-dbc825,Company_252,EdTech,FR,2024-01-07,partner,Enterprise,19,False,False,3781,42404,2,0,annual,359,2024-12-31,2024-01-07,730,34,58,True,37.0,81.0,40.5,Stable,6.0,49.5,108.16666666666667,4.0,1.0,0.0,budget,0.0
A-c70870,Company_253,Cybersecurity,US,2024-10-22,partner,Basic,31,False,False,4606,39614,2,1,annual,70,2024-12-31,2024-10-22,334,23,18,True,33.0,34.0,17.0,Growing,5.0,35.6,105.8,4.0,0.0,0.0,competitor,0.0
A-7c4956,Company_254,DevTools,US,2023-05-06,ads,Enterprise,5,False,True,171,3409,0,0,annual,605,2024-12-31,2023-05-06,475,27,40,True,24.0,51.0,25.5,Stable,3.0,13.666666666666666,66.66666666666667,4.0,0.0,1.0,,
A-0651a4,Company_255,HealthTech,FR,2024-10-16,organic,Pro,16,False,False,3184,44564,0,0,annual,76,2024-12-31,2024-10-16,705,34,37,True,31.0,111.0,55.5,Declining,4.0,29.25,48.5,4.0,0.0,0.0,support,0.0
A-3ce5b8,Company_256,FinTech,IN,2023-09-07,ads,Basic,8,False,True,0,16650,0,0,annual,377,2024-09-18,2023-09-07,447,27,23,True,26.0,28.0,14.0,Growing,8.0,38.5,105.875,4.0,0.0,0.0,features,261.49
A-bd4708,Company_257,FinTech,US,2024-07-21,ads,Pro,37,True,False,7363,38975,1,0,annual,163,2024-12-31,2024-07-21,653,33,30,True,30.0,63.0,31.5,Stable,4.0,24.0,90.75,3.5,0.0,1.0,,
A-993085,Company_258,HealthTech,US,2023-06-01,ads,Basic,31,True,False,8358,48456,2,2,monthly,579,2024-12-31,2023-06-01,665,33,50,True,13.0,39.0,19.5,Declining,4.0,46.5,82.0,3.5,0.0,1.0,features,0.0
A-92a3af,Company_259,Cybersecurity,IN,2024-07-07,organic,Enterprise,25,False,False,5373,34538,0,2,monthly,177,2024-12-31,2024-07-07,714,35,55,True,19.0,98.0,49.0,Declining,4.0,57.5,39.0,4.0,1.0,0.0,,
A-151c9a,Company_260,FinTech,US,2023-01-27,ads,Enterprise,23,False,False,1421,14250,0,1,monthly,704,2024-12-31,2023-01-27,366,28,14,True,23.0,38.0,19.0,Growing,2.0,31.0,156.5,3.5,0.0,0.0,support,35.6
A-474ad4,Company_261,EdTech,US,2023-11-28,organic,Basic,8,False,False,4776,12125,1,1,annual,399,2024-12-31,2023-11-28,605,34,45,True,11.0,66.0,33.0,Declining,3.0,33.0,50.666666666666664,5.0,1.0,0.0,,
A-4ef964,Company_262,HealthTech,US,2024-03-07,organic,Pro,17,False,False,1372,14279,0,0,monthly,299,2024-12-31,2024-03-07,487,31,33,True,82.0,69.0,34.5,Growing,3.0,42.666666666666664,86.33333333333333,4.0,0.0,0.0,budget,0.0
A-fd9422,Company_263,Cybersecurity,US,2024-04-04,organic,Pro,58,False,False,0,28130,1,1,annual,271,2024-12-31,2024-04-04,456,27,21,True,36.0,41.0,20.5,Growing,6.0,44.333333333333336,116.83333333333333,3.5,1.0,1.0,,
A-0baac2,Company_264,FinTech,DE,2024-05-30,organic,Enterprise,14,False,True,5771,18500,0,0,annual,208,2024-12-24,2024-05-30,202,19,9,False,0.0,23.0,11.5,Declining,6.0,43.5,89.0,4.333333333333333,0.0,0.0,unknown,68.65
A-bb1486,Company_265,HealthTech,US,2024-11-05,organic,Basic,41,False,False,2009,16307,0,2,annual,56,2024-12-31,2024-11-05,405,24,36,True,20.0,6.0,3.0,Growing,3.0,11.0,78.0,3.0,0.0,0.0,competitor,0.0
A-560d27,Company_266,DevTools,US,2024-05-05,organic,Pro,23,False,False,437,41641,1,0,annual,240,2024-12-31,2024-05-05,587,27,38,True,0.0,48.0,24.0,Declining,4.0,30.75,59.75,3.6666666666666665,0.0,0.0,,
A-0b0d6d,Company_267,DevTools,US,2024-12-30,organic,Pro,3,False,False,7164,33491,1,0,annual,1,2024-12-31,2024-12-30,582,32,48,True,24.0,43.0,21.5,Growing,5.0,31.4,90.4,4.0,1.0,0.0,competitor,0.0
A-2789e3,Company_268,FinTech,US,2024-09-14,partner,Enterprise,11,False,False,209,24489,1,1,annual,108,2024-12-31,2024-09-14,680,33,45,True,33.0,95.0,47.5,Declining,4.0,47.25,83.25,4.0,0.0,1.0,,
A-b07346,Company_269,HealthTech,US,2024-10-10,partner,Pro,51,False,True,10149,31416,1,0,annual,33,2024-11-12,2024-10-10,318,22,22,True,,,,,3.0,42.333333333333336,76.66666666666667,3.5,0.0,1.0,budget,0.0
A-902ef7,Company_270,HealthTech,US,2024-09-03,other,Enterprise,83,False,True,0,44322,2,0,annual,23,2024-09-26,2024-09-03,369,28,20,True,33.0,39.0,19.5,Growing,2.0,48.5,85.0,4.0,0.0,0.0,pricing,0.0
A-20736a,Company_271,EdTech,IN,2024-03-16,organic,Enterprise,50,False,False,2450,40525,1,1,monthly,290,2024-12-31,2024-03-16,430,22,22,True,18.0,6.0,3.0,Growing,4.0,42.25,78.25,3.75,0.0,2.0,competitor,64.98
A-e4bf56,Company_272,HealthTech,IN,2024-10-28,ads,Pro,17,False,True,833,18926,0,1,monthly,64,2024-12-31,2024-10-28,339,25,10,True,18.0,53.0,26.5,Declining,8.0,29.125,111.5,3.6666666666666665,0.0,0.0,,
A-cea1f0,Company_273,FinTech,US,2024-04-07,event,Pro,8,False,True,1592,12244,1,1,annual,268,2024-12-31,2024-04-07,586,28,28,True,50.0,47.0,23.5,Growing,5.0,42.2,107.4,4.333333333333333,0.0,0.0,,
A-ef84cf,Company_274,EdTech,US,2024-03-01,partner,Enterprise,8,False,False,152,7507,0,1,annual,305,2024-12-31,2024-03-01,309,21,11,True,27.0,23.0,11.5,Growing,5.0,34.8,79.4,4.333333333333333,1.0,0.0,support,0.0
A-d49cc5,Company_275,Cybersecurity,FR,2023-09-19,event,Basic,50,False,False,950,13325,0,0,annual,469,2024-12-31,2023-09-19,436,27,34,True,8.0,53.0,26.5,Declining,4.0,32.0,55.25,4.5,0.0,1.0,competitor,0.0
A-67be94,Company_276,EdTech,US,2023-04-04,organic,Enterprise,26,False,False,10348,21930,1,0,monthly,637,2024-12-31,2023-04-04,416,26,17,True,27.0,43.0,21.5,Growing,5.0,38.6,51.0,4.0,0.0,0.0,competitor,13.72
A-4e960a,Company_277,FinTech,US,2024-01-17,other,Enterprise,12,True,True,4577,23942,0,1,monthly,349,2024-12-31,2024-01-17,512,29,21,True,29.0,69.0,34.5,Declining,6.0,29.166666666666668,83.16666666666667,4.0,0.0,1.0,,
A-c37cab,Company_278,Cybersecurity,UK,2024-07-29,event,Pro,13,False,False,437,29433,1,1,monthly,155,2024-12-31,2024-07-29,708,32,40,True,30.0,75.0,37.5,Declining,4.0,33.0,101.25,3.75,1.0,0.0,competitor,0.0
A-533452,Company_279,DevTools,AU,2024-11-12,organic,Pro,9,False,False,1791,20664,1,2,monthly,49,2024-12-31,2024-11-12,595,32,44,True,21.0,34.0,17.0,Growing,4.0,32.75,35.5,4.0,0.0,0.0,support,15.23
A-443b7c,Company_280,Cybersecurity,US,2024-09-06,other,Enterprise,1,False,True,4116,24062,4,0,monthly,116,2024-12-31,2024-09-06,618,28,29,True,36.0,58.0,29.0,Growing,8.0,29.25,49.0,4.4,0.0,0.0,,
A-1f7acb,Company_281,FinTech,UK,2023-08-06,ads,Basic,64,True,False,12736,46912,1,3,annual,513,2024-12-31,2023-08-06,510,26,47,True,11.0,21.0,10.5,Stable,7.0,41.714285714285715,129.57142857142858,4.4,0.0,1.0,,
A-f51f16,Company_282,HealthTech,US,2023-12-25,partner,Enterprise,1,False,False,49,13310,2,0,annual,372,2024-12-31,2023-12-25,384,25,28,True,8.0,30.0,15.0,Declining,4.0,29.25,91.0,3.0,0.0,0.0,competitor,0.0
A-5a3eb9,Company_283,DevTools,CA,2023-08-20,other,Enterprise,18,True,False,399,20293,0,2,annual,499,2024-12-31,2023-08-20,722,34,34,True,10.0,31.0,15.5,Declining,3.0,24.0,83.0,,0.0,0.0,competitor,58.37
A-5f2961,Company_284,HealthTech,US,2024-11-22,partner,Basic,4,False,False,3184,10299,0,0,annual,39,2024-12-31,2024-11-22,348,22,19,True,0.0,9.0,4.5,Declining,1.0,53.0,19.0,,0.0,0.0,pricing,6.6
A-417d2f,Company_285,Cybersecurity,IN,2023-07-04,partner,Pro,4,True,False,196,22933,1,0,annual,546,2024-12-31,2023-07-04,722,37,31,True,26.0,46.0,23.0,Growing,6.0,43.5,80.5,4.333333333333333,0.0,0.0,budget,0.0
A-e98302,Company_286,EdTech,US,2023-12-26,ads,Enterprise,16,True,False,646,12567,0,0,annual,371,2024-12-31,2023-12-26,273,21,18,True,5.0,25.0,12.5,Declining,9.0,44.44444444444444,99.44444444444444,4.142857142857143,0.0,0.0,,
A-8bde0c,Company_287,DevTools,US,2024-11-04,organic,Basic,12,False,False,1225,34198,2,0,monthly,57,2024-12-31,2024-11-04,773,34,43,True,6.0,41.0,20.5,Declining,3.0,25.666666666666668,86.33333333333333,4.0,0.0,0.0,pricing,0.0
A-bcf87c,Company_288,FinTech,US,2024-06-27,event,Pro,10,False,True,323,21770,0,1,monthly,187,2024-12-31,2024-06-27,503,26,19,True,12.0,65.0,32.5,Declining,2.0,63.0,49.5,4.0,0.0,0.0,,
A-54ecc2,Company_289,Cybersecurity,US,2023-06-11,partner,Enterprise,4,False,False,76,16168,0,1,monthly,569,2024-12-31,2023-06-11,607,28,39,True,32.0,25.0,12.5,Growing,5.0,37.4,72.0,5.0,0.0,0.0,support,0.0
A-625d0b,Company_290,EdTech,AU,2024-09-02,ads,Basic,9,False,False,0,11893,0,0,monthly,120,2024-12-31,2024-09-02,529,32,38,True,39.0,58.0,29.0,Growing,5.0,48.4,72.4,3.0,0.0,0.0,,
A-fce879,Company_291,EdTech,UK,2024-09-24,partner,Pro,10,True,True,627,6797,0,1,annual,70,2024-12-03,2024-09-24,299,25,14,True,16.0,42.0,21.0,Declining,2.0,28.0,61.5,4.0,0.0,0.0,features,0.0
A-b07b56,Company_292,DevTools,US,2024-11-08,event,Pro,25,False,True,475,16984,0,0,monthly,46,2024-12-24,2024-11-08,622,32,39,True,48.0,18.0,9.0,Growing,4.0,31.25,93.75,3.0,0.0,0.0,budget,0.0
A-6da850,Company_293,FinTech,IN,2023-10-07,organic,Pro,5,False,False,1666,18559,3,1,monthly,451,2024-12-31,2023-10-07,714,30,54,True,15.0,16.0,8.0,Growing,5.0,49.0,76.4,4.0,0.0,1.0,competitor,0.0
A-342303,Company_294,EdTech,US,2024-03-16,other,Pro,1,True,False,323,1695,0,0,annual,290,2024-12-31,2024-03-16,141,12,5,True,0.0,14.0,7.0,Declining,3.0,29.333333333333332,71.33333333333333,4.5,0.0,0.0,features,0.0
A-e7a1e2,Company_295,Cybersecurity,US,2024-06-23,event,Enterprise,3,False,False,1617,20042,0,0,annual,191,2024-12-31,2024-06-23,703,36,36,True,44.0,63.0,31.5,Growing,1.0,45.0,37.0,4.0,0.0,0.0,features,0.0
A-f1f639,Company_296,EdTech,US,2023-02-26,ads,Basic,2,False,False,1791,2919,1,0,monthly,674,2024-12-31,2023-02-26,139,12,10,True,23.0,8.0,4.0,Growing,7.0,20.0,67.57142857142857,4.8,0.0,1.0,budget,0.0
A-a865bd,Company_297,Cybersecurity,US,2023-09-19,organic,Pro,38,False,False,1862,21022,0,0,monthly,469,2024-12-31,2023-09-19,230,19,13,True,10.0,53.0,26.5,Declining,2.0,31.5,21.5,3.0,0.0,0.0,unknown,0.0
A-4e631b,Company_298,FinTech,US,2024-03-16,other,Enterprise,22,False,False,4378,24398,1,1,monthly,290,2024-12-31,2024-03-16,502,32,29,True,25.0,52.0,26.0,Stable,2.0,24.5,52.0,4.0,0.0,0.0,,
A-7f6b86,Company_299,HealthTech,US,2023-08-24,partner,Basic,45,True,True,855,19402,3,0,annual,321,2024-07-10,2023-08-24,335,22,7,True,40.0,18.0,9.0,Growing,3.0,42.666666666666664,120.33333333333333,3.0,0.0,0.0,pricing,5.27
A-8adedc,Company_300,EdTech,US,2024-02-11,event,Basic,4,True,True,361,28328,0,0,annual,324,2024-12-31,2024-02-11,583,32,33,True,30.0,7.0,3.5,Growing,4.0,49.25,56.75,4.0,0.0,0.0,,
A-2edab2,Company_301,HealthTech,US,2023-11-17,event,Enterprise,17,False,False,833,11390,1,0,annual,410,2024-12-31,2023-11-17,487,28,26,True,25.0,35.0,17.5,Growing,4.0,30.0,102.25,3.0,0.0,0.0,features,0.0
A-149a69,Company_302,DevTools,US,2024-10-17,event,Basic,34,False,False,646,8058,0,0,monthly,75,2024-12-31,2024-10-17,208,18,9,True,,,,,8.0,33.875,120.875,4.2,0.0,0.0,pricing,0.0
A-a6d261,Company_303,FinTech,CA,2023-11-29,other,Pro,9,False,False,171,38191,3,0,monthly,398,2024-12-31,2023-11-29,627,36,29,True,8.0,28.0,14.0,Declining,4.0,40.0,63.25,4.666666666666667,1.0,1.0,unknown,99.94
A-443f6f,Company_304,Cybersecurity,US,2024-12-07,organic,Basic,19,False,False,1225,13594,1,0,annual,24,2024-12-31,2024-12-07,527,31,28,True,38.0,38.0,19.0,Growing,4.0,28.0,122.25,4.666666666666667,0.0,0.0,,
A-202b67,Company_305,HealthTech,US,2024-03-22,organic,Pro,11,False,False,539,18168,1,0,monthly,284,2024-12-31,2024-03-22,447,29,40,True,58.0,35.0,17.5,Growing,4.0,36.75,90.5,4.666666666666667,0.0,0.0,pricing,9.28
A-00bed1,Company_306,Cybersecurity,US,2023-11-14,ads,Basic,28,True,False,1372,33506,3,0,annual,413,2024-12-31,2023-11-14,514,32,27,True,13.0,39.0,19.5,Declining,4.0,31.75,106.25,4.0,0.0,0.0,unknown,21.17
A-ffc04f,Company_307,EdTech,US,2024-06-06,ads,Pro,13,False,False,0,20039,0,1,monthly,208,2024-12-31,2024-06-06,857,37,64,True,17.0,84.0,42.0,Declining,7.0,17.714285714285715,58.57142857142857,4.5,1.0,0.0,unknown,0.0
A-65c341,Company_308,FinTech,US,2023-12-26,ads,Pro,11,True,False,2189,30546,0,0,annual,371,2024-12-31,2023-12-26,410,25,18,True,13.0,0.0,0.0,Growing,5.0,41.4,87.8,4.0,0.0,0.0,unknown,0.0
A-dcc2f0,Company_309,FinTech,UK,2023-07-22,organic,Basic,15,False,False,285,17493,2,0,annual,528,2024-12-31,2023-07-22,833,35,26,True,9.0,69.0,34.5,Declining,2.0,27.0,100.0,,0.0,0.0,features,0.0
A-ced9aa,Company_310,DevTools,US,2024-10-05,other,Enterprise,3,False,False,361,6252,0,0,annual,87,2024-12-31,2024-10-05,531,33,39,True,15.0,26.0,13.0,Growing,7.0,28.857142857142858,102.85714285714286,3.0,0.0,0.0,,
A-3d957b,Company_311,HealthTech,UK,2024-04-04,other,Pro,14,False,False,1421,11852,3,0,monthly,271,2024-12-31,2024-04-04,143,13,13,True,0.0,14.0,7.0,Declining,3.0,41.333333333333336,79.33333333333333,3.0,0.0,0.0,budget,0.0
A-89ee83,Company_312,Cybersecurity,US,2024-10-04,organic,Pro,1,False,True,3184,24907,3,0,monthly,88,2024-12-31,2024-10-04,565,28,26,True,24.0,69.0,34.5,Declining,5.0,21.8,66.2,4.0,1.0,0.0,,
A-883b7d,Company_313,Cybersecurity,IN,2024-03-28,other,Basic,17,False,False,2597,30524,0,0,annual,278,2024-12-31,2024-03-28,644,35,40,True,54.0,55.0,27.5,Growing,7.0,25.571428571428573,62.285714285714285,3.6,1.0,1.0,,
A-dcc3f1,Company_314,HealthTech,US,2023-12-27,event,Pro,21,False,False,2499,12747,0,1,annual,370,2024-12-31,2023-12-27,500,31,32,True,24.0,60.0,30.0,Declining,9.0,35.666666666666664,83.44444444444444,3.8,0.0,0.0,features,0.0
A-c62e55,Company_315,EdTech,US,2023-02-08,partner,Basic,1,True,False,1176,11902,1,0,annual,692,2024-12-31,2023-02-08,337,24,13,True,20.0,33.0,16.5,Growing,4.0,27.5,101.25,4.0,0.0,0.0,,
A-e4144b,Company_316,EdTech,UK,2024-10-22,other,Pro,41,False,False,0,35424,1,0,annual,70,2024-12-31,2024-10-22,439,26,21,True,30.0,45.0,22.5,Growing,3.0,57.0,172.33333333333334,4.0,0.0,0.0,,
A-e40f45,Company_317,HealthTech,US,2024-04-18,organic,Pro,21,False,False,399,11825,3,0,monthly,257,2024-12-31,2024-04-18,401,29,26,True,52.0,32.0,16.0,Growing,7.0,26.714285714285715,96.28571428571429,4.333333333333333,0.0,0.0,budget,101.23
A-96215d,Company_318,FinTech,US,2024-08-08,event,Enterprise,10,False,False,3184,10312,1,0,annual,145,2024-12-31,2024-08-08,347,20,21,True,16.0,25.0,12.5,Growing,1.0,25.0,115.0,3.0,0.0,0.0,,
A-2b9d3e,Company_319,EdTech,US,2023-06-04,partner,Enterprise,1,False,False,209,5142,1,0,annual,576,2024-12-31,2023-06-04,444,26,19,True,5.0,50.0,25.0,Declining,3.0,34.666666666666664,79.33333333333333,5.0,0.0,0.0,,
A-b7724f,Company_320,HealthTech,UK,2023-03-28,organic,Basic,1,False,False,19,3222,0,0,monthly,644,2024-12-31,2023-03-28,380,28,16,True,10.0,25.0,12.5,Declining,3.0,28.666666666666668,92.0,3.0,0.0,1.0,competitor,111.42
A-310452,Company_321,DevTools,FR,2024-12-25,other,Enterprise,9,False,False,171,11003,0,0,annual,6,2024-12-31,2024-12-25,268,20,16,True,0.0,27.0,13.5,Declining,5.0,34.2,113.6,3.6,0.0,1.0,budget,0.0
A-eb1312,Company_322,FinTech,US,2024-09-16,partner,Pro,25,False,False,4975,18147,1,0,monthly,106,2024-12-31,2024-09-16,663,31,38,True,15.0,104.0,52.0,Declining,1.0,68.0,117.0,5.0,0.0,0.0,unknown,0.0
A-df1e44,Company_323,Cybersecurity,UK,2024-02-23,organic,Enterprise,12,False,False,2388,13107,1,1,annual,312,2024-12-31,2024-02-23,420,25,14,True,23.0,36.0,18.0,Growing,2.0,53.0,109.5,5.0,0.0,0.0,budget,0.0
A-6a7c9d,Company_324,Cybersecurity,US,2024-10-24,organic,Enterprise,26,False,True,5174,13028,0,0,monthly,28,2024-11-21,2024-10-24,183,14,6,True,28.0,9.0,4.5,Growing,3.0,34.333333333333336,60.0,4.0,0.0,0.0,support,0.0
A-cbd1a3,Company_325,DevTools,US,2024-11-25,other,Basic,6,False,True,646,16351,2,0,annual,36,2024-12-31,2024-11-25,465,29,32,True,21.0,11.0,5.5,Growing,4.0,34.5,81.75,4.0,0.0,0.0,,
A-a8d89d,Company_326,EdTech,US,2023-12-08,ads,Pro,13,False,False,665,29320,2,0,monthly,389,2024-12-31,2023-12-08,551,32,26,True,9.0,39.0,19.5,Declining,2.0,44.5,139.0,5.0,0.0,0.0,pricing,0.0
A-600734,Company_327,DevTools,US,2023-11-14,organic,Pro,29,True,True,5771,18132,2,0,monthly,413,2024-12-31,2023-11-14,660,33,30,True,39.0,35.0,17.5,Growing,7.0,52.57142857142857,89.42857142857143,3.6666666666666665,1.0,0.0,,
A-86fc1d,Company_328,DevTools,UK,2024-07-26,partner,Basic,26,False,False,5572,15181,3,0,monthly,158,2024-12-31,2024-07-26,363,26,26,True,39.0,26.0,13.0,Growing,5.0,27.0,59.2,4.0,0.0,1.0,support,0.0
A-78f02b,Company_329,HealthTech,US,2024-11-17,event,Enterprise,11,False,False,3582,15081,1,0,annual,44,2024-12-31,2024-11-17,211,17,16,True,0.0,18.0,9.0,Declining,4.0,45.75,55.0,4.0,0.0,0.0,budget,0.0
A-acb7f7,Company_330,EdTech,US,2024-01-06,ads,Basic,32,False,False,6368,32574,2,1,monthly,360,2024-12-31,2024-01-06,612,33,36,True,60.0,74.0,37.0,Growing,3.0,41.0,91.0,3.5,0.0,0.0,competitor,0.0
A-712f1c,Company_331,DevTools,US,2023-12-16,ads,Basic,17,False,True,0,42999,2,0,annual,313,2024-10-24,2023-12-16,571,32,34,True,5.0,46.0,23.0,Declining,6.0,41.666666666666664,88.83333333333333,4.0,0.0,0.0,budget,68.99
A-3793ee,Company_332,Cybersecurity,CA,2023-03-21,organic,Enterprise,49,True,False,0,26705,1,1,monthly,651,2024-12-31,2023-03-21,352,25,11,True,17.0,27.0,13.5,Growing,4.0,43.75,100.25,4.0,0.0,0.0,unknown,0.0
A-9a532a,Company_333,HealthTech,US,2024-07-06,partner,Enterprise,11,False,False,6567,10945,0,0,monthly,178,2024-12-31,2024-07-06,185,16,15,True,0.0,30.0,15.0,Declining,2.0,57.5,128.5,,0.0,0.0,,
A-2ebb4b,Company_334,HealthTech,US,2023-05-15,ads,Basic,41,False,False,2009,30688,1,0,monthly,596,2024-12-31,2023-05-15,488,27,33,True,28.0,47.0,23.5,Growing,2.0,43.5,136.5,3.0,0.0,0.0,features,0.0
A-6843f2,Company_335,HealthTech,CA,2024-12-10,ads,Enterprise,21,False,False,399,16520,0,1,monthly,21,2024-12-31,2024-12-10,481,24,17,True,0.0,58.0,29.0,Declining,2.0,36.5,78.0,3.0,0.0,0.0,,
A-c9bb3e,Company_336,EdTech,US,2024-03-24,ads,Pro,5,False,False,1715,15217,1,0,annual,282,2024-12-31,2024-03-24,474,27,20,True,0.0,17.0,8.5,Declining,7.0,27.714285714285715,86.14285714285714,4.2,1.0,2.0,unknown,0.0
A-4814a3,Company_337,Cybersecurity,IN,2024-09-17,event,Basic,87,False,True,17313,87957,2,1,monthly,69,2024-11-25,2024-09-17,553,34,44,True,28.0,37.0,18.5,Growing,4.0,18.75,97.0,4.0,1.0,0.0,pricing,0.0
A-b7b7b7,Company_338,FinTech,US,2024-06-30,event,Basic,24,False,True,0,28558,1,0,annual,184,2024-12-31,2024-06-30,571,31,26,True,22.0,28.0,14.0,Growing,3.0,17.0,99.0,5.0,0.0,0.0,,
A-ccc747,Company_339,HealthTech,FR,2024-01-12,event,Pro,16,False,True,784,4812,2,0,annual,234,2024-09-02,2024-01-12,264,22,12,True,25.0,18.0,9.0,Growing,4.0,32.25,83.25,5.0,1.0,1.0,competitor,0.0
A-bb3bd4,Company_340,HealthTech,US,2024-01-27,ads,Basic,23,False,False,437,7452,2,0,annual,339,2024-12-31,2024-01-27,315,18,11,True,14.0,0.0,0.0,Growing,11.0,32.72727272727273,106.36363636363636,4.142857142857143,0.0,1.0,unknown,0.0
A-09316c,Company_341,FinTech,AU,2024-09-11,organic,Enterprise,70,False,False,1330,70000,2,0,annual,111,2024-12-31,2024-09-11,566,28,31,True,39.0,16.0,8.0,Growing,4.0,54.75,106.25,3.75,1.0,1.0,unknown,0.0
A-96bbc6,Company_342,Cybersecurity,US,2024-05-07,organic,Enterprise,39,False,False,1911,30426,3,1,annual,238,2024-12-31,2024-05-07,482,30,25,True,45.0,97.0,48.5,Stable,3.0,51.333333333333336,67.0,3.3333333333333335,0.0,0.0,budget,125.6
A-bc4d48,Company_343,EdTech,US,2024-06-12,ads,Pro,35,True,False,665,12390,1,0,annual,202,2024-12-31,2024-06-12,321,24,9,True,10.0,13.0,6.5,Growing,6.0,41.166666666666664,65.83333333333333,4.2,1.0,0.0,,
A-b30291,Company_344,HealthTech,US,2024-04-05,event,Basic,5,True,True,0,5375,0,0,monthly,151,2024-09-03,2024-04-05,412,26,28,True,4.0,64.0,32.0,Declining,1.0,16.0,1.0,,0.0,0.0,competitor,277.54
A-cdf020,Company_345,DevTools,AU,2023-08-16,organic,Pro,23,False,False,4577,18072,2,0,annual,503,2024-12-31,2023-08-16,379,25,18,True,0.0,45.0,22.5,Declining,4.0,29.5,39.25,4.0,0.0,0.0,support,0.0
A-e6afc1,Company_346,DevTools,US,2023-02-24,ads,Pro,1,False,False,49,22582,0,0,monthly,676,2024-12-31,2023-02-24,679,32,30,True,11.0,30.0,15.0,Declining,,,,,,,,
A-e3bd71,Company_347,Cybersecurity,US,2023-03-25,partner,Basic,31,False,False,6169,41630,1,1,monthly,647,2024-12-31,2023-03-25,638,32,27,True,11.0,97.0,48.5,Declining,4.0,30.25,119.0,4.0,0.0,0.0,support,0.0
A-b179bf,Company_348,Cybersecurity,IN,2024-10-27,ads,Basic,43,False,False,0,17931,0,0,annual,65,2024-12-31,2024-10-27,398,23,18,True,15.0,0.0,0.0,Growing,6.0,24.666666666666668,94.33333333333333,4.0,0.0,0.0,features,0.0
A-098560,Company_349,DevTools,UK,2023-10-21,ads,Enterprise,1,False,True,5771,12326,1,0,monthly,319,2024-09-04,2023-10-21,473,29,24,True,24.0,35.0,17.5,Growing,1.0,1.0,174.0,3.0,1.0,0.0,pricing,0.0
A-82861f,Company_350,DevTools,UK,2024-04-25,organic,Basic,41,False,False,2254,43633,0,0,annual,250,2024-12-31,2024-04-25,462,28,43,True,11.0,34.0,17.0,Declining,5.0,24.4,55.0,3.2,0.0,1.0,support,0.0
A-94c3cd,Company_351,FinTech,CA,2023-09-20,other,Enterprise,32,False,False,855,9036,0,0,annual,468,2024-12-31,2023-09-20,306,18,18,True,25.0,7.0,3.5,Growing,4.0,44.75,116.5,3.5,1.0,0.0,,
A-a33200,Company_352,HealthTech,US,2024-09-15,partner,Basic,29,False,False,1421,28913,1,0,annual,107,2024-12-31,2024-09-15,517,33,26,True,10.0,45.0,22.5,Declining,3.0,36.333333333333336,88.33333333333333,4.5,0.0,0.0,features,21.61
A-034368,Company_353,EdTech,US,2023-11-05,event,Enterprise,19,False,False,0,11194,0,0,monthly,422,2024-12-31,2023-11-05,265,20,25,True,7.0,23.0,11.5,Declining,5.0,41.2,91.8,4.0,0.0,0.0,features,0.0
A-b54c01,Company_354,DevTools,US,2024-09-29,event,Enterprise,29,False,False,1421,3393,0,0,annual,93,2024-12-31,2024-09-29,226,15,17,True,0.0,18.0,9.0,Declining,5.0,42.6,77.2,3.0,0.0,0.0,budget,0.0
A-d82ef9,Company_355,EdTech,UK,2024-07-02,other,Basic,26,False,True,5174,14327,1,2,annual,35,2024-08-06,2024-07-02,491,27,35,True,47.0,92.0,46.0,Stable,3.0,41.666666666666664,64.33333333333333,4.333333333333333,0.0,0.0,budget,74.94
A-bb2f49,Company_356,Cybersecurity,US,2023-05-28,other,Pro,8,False,False,4165,23990,2,1,monthly,583,2024-12-31,2023-05-28,618,31,42,True,28.0,38.0,19.0,Growing,3.0,22.333333333333332,102.33333333333333,4.0,0.0,0.0,,
A-1f559b,Company_357,HealthTech,US,2023-09-04,organic,Enterprise,5,True,True,588,11756,0,1,monthly,390,2024-09-28,2023-09-04,334,27,23,True,0.0,46.0,23.0,Declining,4.0,52.5,109.75,4.0,0.0,0.0,features,0.0
A-5a215a,Company_358,EdTech,FR,2024-01-05,other,Enterprise,87,False,False,4263,130152,2,0,annual,361,2024-12-31,2024-01-05,807,32,71,True,22.0,76.0,38.0,Declining,4.0,29.5,38.0,4.0,0.0,1.0,,
A-3f9cc0,Company_359,HealthTech,US,2024-06-03,event,Basic,22,False,False,5970,19940,1,2,monthly,211,2024-12-31,2024-06-03,407,25,24,False,18.0,0.0,0.0,Growing,5.0,34.8,112.6,4.5,1.0,0.0,budget,0.0
A-f9cc74,Company_360,DevTools,FR,2024-10-12,partner,Enterprise,30,True,False,0,15557,1,0,monthly,80,2024-12-31,2024-10-12,484,30,22,True,13.0,49.0,24.5,Declining,6.0,49.833333333333336,118.33333333333333,4.0,0.0,1.0,,
A-ed510f,Company_361,Cybersecurity,IN,2023-01-17,partner,Basic,42,False,False,0,36162,2,0,annual,714,2024-12-31,2023-01-17,493,27,28,True,28.0,66.0,33.0,Declining,9.0,44.55555555555556,82.55555555555556,4.0,0.0,0.0,budget,0.0
A-5c9849,Company_362,EdTech,IN,2024-11-03,partner,Basic,19,False,False,931,36755,2,0,monthly,58,2024-12-31,2024-11-03,473,30,23,True,10.0,6.0,3.0,Growing,4.0,59.5,41.0,,1.0,0.0,unknown,0.0
A-a7bd4b,Company_363,Cybersecurity,US,2023-02-15,ads,Enterprise,5,False,False,342,6268,2,0,annual,685,2024-12-31,2023-02-15,576,29,37,True,45.0,27.0,13.5,Growing,6.0,36.833333333333336,86.16666666666667,3.25,0.0,0.0,features,0.0
A-d4ac0e,Company_364,DevTools,UK,2024-04-20,ads,Basic,18,False,False,342,27557,3,0,annual,255,2024-12-31,2024-04-20,793,38,53,True,22.0,88.0,44.0,Declining,4.0,21.0,34.0,3.5,0.0,0.0,,
A-ffdfd5,Company_365,EdTech,US,2024-04-13,organic,Basic,3,False,True,570,14322,1,0,annual,117,2024-08-08,2024-04-13,394,26,23,True,4.0,88.0,44.0,Declining,,,,,,,features,0.0
A-0dbdc6,Company_366,Cybersecurity,DE,2023-02-12,other,Pro,30,False,True,570,28273,0,0,monthly,427,2024-04-14,2023-02-12,346,27,18,True,0.0,90.0,45.0,Declining,3.0,42.666666666666664,105.33333333333333,,0.0,0.0,pricing,175.02
A-7cfe77,Company_367,DevTools,US,2024-07-10,ads,Pro,69,False,False,3381,12765,1,1,annual,174,2024-12-31,2024-07-10,205,16,11,True,7.0,10.0,5.0,Growing,7.0,30.714285714285715,105.57142857142857,3.5,0.0,0.0,features,0.0
A-1f0636,Company_368,EdTech,AU,2024-01-01,partner,Pro,105,False,False,1995,94710,3,0,annual,365,2024-12-31,2024-01-01,685,32,30,True,42.0,76.0,38.0,Growing,2.0,38.5,75.0,3.5,0.0,0.0,,
A-40de06,Company_369,Cybersecurity,US,2023-05-08,event,Enterprise,28,False,True,1372,28862,2,1,annual,603,2024-12-31,2023-05-08,902,37,43,True,61.0,85.0,42.5,Growing,3.0,40.333333333333336,67.66666666666667,4.0,0.0,0.0,,
A-cb5333,Company_370,DevTools,US,2024-03-26,ads,Pro,33,False,False,0,26256,0,1,monthly,280,2024-12-31,2024-03-26,796,36,34,True,27.0,77.0,38.5,Declining,4.0,30.75,85.75,3.0,0.0,0.0,features,0.0
A-309e54,Company_371,DevTools,US,2024-12-09,other,Pro,15,False,False,11741,28549,0,1,monthly,22,2024-12-31,2024-12-09,509,28,24,True,8.0,57.0,28.5,Declining,5.0,23.8,90.2,3.0,0.0,0.0,support,106.67
A-6e7827,Company_372,DevTools,US,2023-03-26,other,Basic,1,False,False,833,8344,3,0,monthly,646,2024-12-31,2023-03-26,419,24,31,True,12.0,28.0,14.0,Declining,2.0,51.0,83.5,3.5,0.0,0.0,features,0.0
A-50bb9f,Company_373,Cybersecurity,US,2024-07-12,organic,Pro,2,False,False,95,17263,2,0,monthly,172,2024-12-31,2024-07-12,276,18,15,True,13.0,8.0,4.0,Growing,7.0,33.285714285714285,74.71428571428571,4.0,0.0,0.0,unknown,0.0
A-5fe118,Company_374,Cybersecurity,US,2024-11-07,other,Enterprise,39,False,False,6027,22290,0,0,monthly,54,2024-12-31,2024-11-07,233,14,12,True,13.0,32.0,16.0,Declining,1.0,19.0,26.0,4.0,0.0,0.0,features,114.86
A-5247b3,Company_375,FinTech,UK,2024-03-12,partner,Pro,16,True,False,784,11791,3,0,monthly,294,2024-12-31,2024-03-12,610,32,29,True,18.0,37.0,18.5,Stable,5.0,45.8,96.6,4.0,0.0,0.0,pricing,0.0
A-f44180,Company_376,Cybersecurity,UK,2023-02-13,event,Pro,9,False,False,686,28788,0,0,annual,687,2024-12-31,2023-02-13,520,27,22,True,30.0,50.0,25.0,Growing,2.0,46.5,123.0,5.0,0.0,0.0,competitor,38.15
A-c16cf7,Company_377,EdTech,US,2024-10-16,event,Pro,13,True,False,247,12274,0,0,annual,76,2024-12-31,2024-10-16,577,33,26,True,18.0,48.0,24.0,Declining,3.0,48.333333333333336,111.66666666666667,3.5,0.0,0.0,support,0.0
A-d42431,Company_378,FinTech,FR,2024-06-09,ads,Enterprise,22,True,False,418,21160,1,1,monthly,205,2024-12-31,2024-06-09,457,26,34,True,12.0,23.0,11.5,Stable,4.0,24.25,119.5,4.0,0.0,0.0,budget,17.42
A-6965e1,Company_379,DevTools,US,2024-11-25,organic,Basic,13,False,False,2587,27765,1,1,monthly,36,2024-12-31,2024-11-25,627,27,29,True,21.0,23.0,11.5,Growing,3.0,39.0,128.33333333333334,3.0,0.0,0.0,features,0.0
A-0354fe,Company_380,Cybersecurity,US,2024-10-22,other,Basic,34,False,False,0,15470,1,0,monthly,70,2024-12-31,2024-10-22,463,28,30,True,41.0,23.0,11.5,Growing,4.0,20.0,69.25,4.0,0.0,0.0,support,0.0
A-0a62f5,Company_381,FinTech,UK,2024-09-11,partner,Pro,16,False,False,3184,4861,0,0,annual,111,2024-12-31,2024-09-11,244,20,7,True,0.0,11.0,5.5,Declining,2.0,33.5,105.0,,0.0,0.0,support,43.6
A-f5641b,Company_382,EdTech,US,2024-03-30,other,Pro,31,False,False,6169,39120,1,1,monthly,276,2024-12-31,2024-03-30,438,27,18,True,20.0,35.0,17.5,Growing,4.0,47.5,98.0,3.0,1.0,0.0,features,0.0
A-b44e3e,Company_383,Cybersecurity,UK,2024-02-12,ads,Basic,40,False,False,7960,43521,3,0,annual,323,2024-12-31,2024-02-12,387,20,13,True,0.0,47.0,23.5,Declining,3.0,40.0,75.33333333333333,4.333333333333333,0.0,0.0,unknown,0.0
A-3b37d9,Company_384,FinTech,US,2023-01-27,event,Enterprise,23,False,False,0,19435,2,0,annual,704,2024-12-31,2023-01-27,451,26,21,True,11.0,54.0,27.0,Declining,5.0,36.0,89.8,4.5,0.0,0.0,support,0.0
A-54d94a,Company_385,Cybersecurity,IN,2023-05-01,event,Basic,27,False,False,1323,12557,1,1,monthly,610,2024-12-31,2023-05-01,582,30,28,True,25.0,38.0,19.0,Growing,4.0,53.75,82.75,3.5,0.0,0.0,,
A-7f29a7,Company_386,Cybersecurity,UK,2024-09-18,event,Basic,41,True,False,2009,18860,0,0,monthly,104,2024-12-31,2024-09-18,619,32,38,True,11.0,38.0,19.0,Declining,1.0,24.0,5.0,4.0,0.0,0.0,unknown,23.97
A-089363,Company_387,FinTech,AU,2023-05-06,event,Basic,2,False,False,0,21104,2,0,annual,605,2024-12-31,2023-05-06,628,30,33,True,18.0,65.0,32.5,Declining,3.0,35.0,91.33333333333333,3.6666666666666665,0.0,0.0,pricing,0.0
A-524364,Company_388,DevTools,FR,2024-12-31,partner,Enterprise,3,False,False,539,9552,0,0,monthly,0,2024-12-31,2024-12-31,237,18,24,True,,,,,3.0,47.666666666666664,75.33333333333333,4.333333333333333,0.0,0.0,,
A-855a48,Company_389,EdTech,US,2023-12-22,partner,Pro,14,True,False,266,30376,0,1,annual,375,2024-12-31,2023-12-22,448,26,16,True,0.0,12.0,6.0,Declining,5.0,39.6,122.0,3.6666666666666665,0.0,0.0,unknown,7.92
A-756192,Company_390,FinTech,IN,2023-06-11,other,Basic,19,False,False,361,21400,1,0,monthly,569,2024-12-31,2023-06-11,617,32,43,True,22.0,35.0,17.5,Growing,3.0,37.333333333333336,102.33333333333333,4.0,0.0,0.0,,
A-49b828,Company_391,FinTech,IN,2023-05-05,ads,Pro,6,False,False,456,31108,2,0,annual,606,2024-12-31,2023-05-05,687,29,45,True,11.0,73.0,36.5,Declining,3.0,13.666666666666666,87.66666666666667,3.5,1.0,0.0,,
A-c7ffc2,Company_392,Cybersecurity,US,2023-01-27,partner,Pro,30,True,False,6468,36112,3,0,monthly,704,2024-12-31,2023-01-27,640,30,28,True,31.0,38.0,19.0,Growing,2.0,64.0,86.0,3.0,0.0,0.0,features,174.92
A-751c58,Company_393,FinTech,UK,2024-07-18,organic,Basic,15,False,False,2205,19597,4,0,annual,166,2024-12-31,2024-07-18,574,31,12,True,40.0,62.0,31.0,Growing,5.0,39.6,130.0,4.333333333333333,0.0,0.0,budget,0.0
A-72799b,Company_394,DevTools,FR,2023-11-13,event,Enterprise,20,False,True,3980,17315,2,1,monthly,174,2024-05-05,2023-11-13,392,23,27,True,43.0,15.0,7.5,Growing,1.0,12.0,56.0,4.0,1.0,0.0,pricing,0.0
A-812c5b,Company_395,DevTools,CA,2024-02-25,organic,Basic,55,False,True,1045,29884,0,0,monthly,76,2024-05-11,2024-02-25,671,30,37,True,100.0,65.0,32.5,Growing,3.0,31.333333333333332,113.33333333333333,4.0,0.0,0.0,support,11.83
A-69b156,Company_396,EdTech,US,2023-11-21,other,Pro,7,False,True,2587,14293,0,2,monthly,406,2024-12-31,2023-11-21,360,24,20,True,20.0,0.0,0.0,Growing,7.0,32.0,100.57142857142857,4.0,0.0,0.0,,
A-075038,Company_397,HealthTech,UK,2023-05-12,ads,Basic,17,False,False,798,18909,1,0,annual,599,2024-12-31,2023-05-12,743,32,31,True,13.0,76.0,38.0,Declining,2.0,43.5,54.0,3.0,0.0,0.0,features,6.38
A-940b8b,Company_398,HealthTech,DE,2024-03-19,organic,Basic,1,False,False,0,9640,1,1,annual,287,2024-12-31,2024-03-19,362,23,32,True,0.0,11.0,5.5,Declining,3.0,41.333333333333336,89.33333333333333,4.0,0.0,0.0,,
A-2d1036,Company_399,FinTech,US,2024-06-14,ads,Pro,69,False,True,13731,64653,0,1,annual,136,2024-10-28,2024-06-14,626,29,34,True,36.0,24.0,12.0,Growing,4.0,45.5,40.5,4.5,1.0,0.0,pricing,39.09
A-0f6450,Company_400,FinTech,US,2024-12-27,other,Pro,28,True,True,532,23800,0,0,monthly,3,2024-12-30,2024-12-27,539,31,39,True,0.0,27.0,13.5,Declining,8.0,29.75,81.625,3.8333333333333335,1.0,0.0,competitor,0.0
A-9affe6,Company_401,Cybersecurity,US,2023-03-22,other,Pro,7,False,False,133,10636,2,0,monthly,650,2024-12-31,2023-03-22,473,26,16,True,53.0,15.0,7.5,Growing,3.0,58.0,76.0,3.0,0.0,0.0,features,83.06
A-80eeb6,Company_402,Cybersecurity,UK,2023-05-09,organic,Enterprise,22,False,False,17711,68489,4,1,annual,602,2024-12-31,2023-05-09,725,38,43,True,42.0,93.0,46.5,Stable,4.0,40.25,68.25,3.6666666666666665,1.0,0.0,budget,0.0
A-d4e0d4,Company_403,FinTech,US,2024-10-18,other,Basic,117,False,False,5733,138060,1,1,monthly,74,2024-12-31,2024-10-18,488,30,33,True,5.0,8.0,4.0,Growing,4.0,39.25,76.25,4.0,0.0,0.0,,
A-c7e58b,Company_404,HealthTech,IN,2023-06-25,other,Pro,3,False,False,304,5384,0,0,monthly,555,2024-12-31,2023-06-25,343,22,18,True,0.0,19.0,9.5,Declining,5.0,30.6,98.4,3.5,0.0,2.0,,
A-016043,Company_405,EdTech,CA,2024-07-31,organic,Basic,4,True,False,3980,16516,3,0,annual,153,2024-12-31,2024-07-31,490,26,21,True,24.0,29.0,14.5,Growing,3.0,30.333333333333332,78.0,4.0,0.0,1.0,competitor,84.75
A-bbe56f,Company_406,HealthTech,US,2023-02-16,ads,Enterprise,21,False,False,0,6025,1,0,annual,684,2024-12-31,2023-02-16,232,13,8,True,8.0,14.0,7.0,Growing,4.0,26.25,120.5,4.0,0.0,0.0,,
A-7c5768,Company_407,HealthTech,UK,2024-03-02,event,Enterprise,3,False,False,152,3389,0,0,monthly,304,2024-12-31,2024-03-02,461,27,31,True,13.0,42.0,21.0,Declining,5.0,28.8,96.4,4.0,0.0,0.0,,
A-751bd4,Company_408,Cybersecurity,UK,2024-07-12,partner,Pro,10,False,False,190,190,0,0,annual,172,2024-12-31,2024-07-12,92,9,0,False,10.0,20.0,10.0,Stable,6.0,23.166666666666668,112.0,4.25,1.0,0.0,budget,0.0
A-4e0e85,Company_409,DevTools,US,2023-09-08,organic,Enterprise,6,False,False,1194,4544,1,0,annual,480,2024-12-31,2023-09-08,288,20,9,True,22.0,36.0,18.0,Growing,2.0,53.0,119.5,5.0,0.0,0.0,pricing,0.0
A-ad3abd,Company_410,FinTech,US,2023-03-03,event,Pro,44,False,False,836,16896,0,0,monthly,669,2024-12-31,2023-03-03,296,20,11,True,0.0,39.0,19.5,Declining,3.0,13.0,70.33333333333333,3.0,0.0,0.0,competitor,0.0
A-e19ff6,Company_411,Cybersecurity,UK,2023-07-28,partner,Enterprise,1,False,False,0,4910,1,0,annual,522,2024-12-31,2023-07-28,456,26,24,True,10.0,38.0,19.0,Declining,3.0,30.666666666666668,115.0,4.666666666666667,0.0,0.0,competitor,0.0
A-7920cc,Company_412,Cybersecurity,FR,2023-11-23,ads,Pro,39,False,False,10746,52089,1,0,annual,404,2024-12-31,2023-11-23,601,32,28,True,32.0,65.0,32.5,Stable,7.0,32.857142857142854,113.42857142857143,4.333333333333333,0.0,0.0,,
A-5a92e7,Company_413,HealthTech,US,2024-06-11,ads,Pro,4,False,False,0,12671,0,0,monthly,203,2024-12-31,2024-06-11,885,37,76,True,39.0,74.0,37.0,Stable,7.0,45.0,86.14285714285714,4.4,0.0,0.0,budget,0.0
A-fdfc91,Company_414,Cybersecurity,US,2023-05-06,ads,Basic,29,False,False,1421,20612,1,0,annual,605,2024-12-31,2023-05-06,564,32,29,True,0.0,20.0,10.0,Declining,5.0,28.8,121.0,3.6666666666666665,0.0,0.0,,
A-1e50e0,Company_415,Cybersecurity,DE,2023-02-21,other,Pro,19,True,True,4802,13295,1,0,monthly,430,2024-04-26,2023-02-21,127,14,10,True,,,,,,,,,,,pricing,0.0
A-1e1b80,Company_416,FinTech,CA,2023-09-12,other,Enterprise,50,False,False,2450,48647,1,0,annual,476,2024-12-31,2023-09-12,682,34,47,True,10.0,81.0,40.5,Declining,6.0,43.0,67.5,3.2,0.0,0.0,features,0.0
A-659280,Company_417,FinTech,IN,2023-11-17,event,Enterprise,13,True,True,6169,21450,2,0,annual,371,2024-11-22,2023-11-17,551,28,33,True,9.0,68.0,34.0,Declining,4.0,8.0,123.75,4.333333333333333,0.0,0.0,pricing,27.75
A-f6b2fb,Company_418,DevTools,AU,2024-04-23,event,Basic,23,False,False,9751,23359,1,1,annual,252,2024-12-31,2024-04-23,524,29,37,True,16.0,20.0,10.0,Growing,5.0,55.0,88.6,4.0,1.0,0.0,support,0.0
A-cb6cc6,Company_419,DevTools,US,2023-04-03,ads,Basic,13,True,False,1225,2622,2,0,monthly,638,2024-12-31,2023-04-03,314,21,26,False,14.0,33.0,16.5,Declining,3.0,16.333333333333332,131.66666666666666,3.5,0.0,0.0,,
A-d62e02,Company_420,Cybersecurity,US,2024-08-20,partner,Pro,6,False,False,1194,21324,1,1,monthly,133,2024-12-31,2024-08-20,344,25,23,True,38.0,61.0,30.5,Growing,1.0,36.0,31.0,4.0,0.0,0.0,,
A-d535f6,Company_421,DevTools,US,2024-09-03,organic,Basic,12,True,True,0,7415,1,3,monthly,84,2024-11-26,2024-09-03,460,25,29,True,0.0,34.0,17.0,Declining,,,,,,,features,0.0
A-39868b,Company_422,FinTech,AU,2024-03-17,partner,Pro,9,False,False,441,4194,1,0,annual,289,2024-12-31,2024-03-17,305,22,21,True,11.0,47.0,23.5,Declining,6.0,39.0,100.83333333333333,4.25,0.0,0.0,budget,0.0
A-3cc791,Company_423,EdTech,US,2024-01-10,other,Enterprise,6,False,False,304,8522,0,0,monthly,356,2024-12-31,2024-01-10,447,28,30,True,0.0,44.0,22.0,Declining,6.0,48.333333333333336,95.83333333333333,4.25,1.0,1.0,features,0.0
A-337bc1,Company_424,Cybersecurity,US,2023-07-19,organic,Pro,30,True,False,6766,19379,2,2,monthly,531,2024-12-31,2023-07-19,425,27,34,True,19.0,39.0,19.5,Stable,4.0,32.5,62.75,4.0,1.0,1.0,unknown,0.0
A-58b9ff,Company_425,DevTools,IN,2024-05-31,partner,Enterprise,2,False,False,294,22642,1,1,monthly,214,2024-12-31,2024-05-31,667,28,32,True,32.0,54.0,27.0,Growing,2.0,66.0,79.0,4.0,1.0,0.0,pricing,0.0
A-bf7919,Company_426,HealthTech,US,2024-11-27,organic,Pro,3,False,False,0,1560,0,0,annual,34,2024-12-31,2024-11-27,262,23,14,True,0.0,19.0,9.5,Declining,2.0,14.5,81.5,5.0,0.0,0.0,features,0.0
A-1d5444,Company_427,Cybersecurity,US,2024-01-18,partner,Basic,24,False,True,1176,30958,2,0,annual,135,2024-06-01,2024-01-18,384,22,23,True,45.0,78.0,39.0,Growing,1.0,55.0,29.0,4.0,0.0,1.0,support,0.0
A-0f3e88,Company_428,HealthTech,US,2023-07-23,other,Basic,7,False,True,323,5624,2,0,monthly,385,2024-08-11,2023-07-23,408,27,15,True,15.0,65.0,32.5,Declining,2.0,62.5,54.0,5.0,0.0,1.0,budget,0.0
A-7641d3,Company_429,EdTech,US,2023-02-16,partner,Pro,8,True,True,2786,12060,0,1,monthly,477,2024-06-07,2023-02-16,357,23,19,True,18.0,35.0,17.5,Stable,4.0,45.5,133.75,5.0,2.0,0.0,unknown,96.35
A-cd458b,Company_430,DevTools,US,2024-06-15,other,Basic,10,True,False,5174,43291,0,1,monthly,199,2024-12-31,2024-06-15,864,34,45,True,40.0,64.0,32.0,Growing,5.0,38.4,81.2,4.6,0.0,1.0,budget,0.0
A-c16b88,Company_431,HealthTech,US,2023-12-02,event,Enterprise,23,False,False,0,20338,2,0,annual,395,2024-12-31,2023-12-02,457,28,24,True,0.0,10.0,5.0,Declining,3.0,48.333333333333336,137.66666666666666,3.0,0.0,0.0,competitor,0.0
A-59f724,Company_432,HealthTech,US,2023-11-03,other,Enterprise,3,True,False,684,9773,2,0,monthly,424,2024-12-31,2023-11-03,696,33,47,True,9.0,70.0,35.0,Declining,4.0,19.25,94.5,4.25,0.0,1.0,,
A-87aa7b,Company_433,HealthTech,US,2024-05-16,organic,Pro,24,True,False,2499,22881,4,2,annual,229,2024-12-31,2024-05-16,742,31,35,True,27.0,66.0,33.0,Declining,3.0,27.333333333333332,72.66666666666667,,1.0,1.0,budget,0.0
A-1e6fc3,Company_434,EdTech,FR,2023-12-06,other,Pro,1,False,False,245,444,0,0,annual,391,2024-12-31,2023-12-06,244,19,19,True,0.0,12.0,6.0,Declining,5.0,23.8,88.6,3.6666666666666665,0.0,0.0,pricing,0.0
A-39ddf4,Company_435,EdTech,US,2024-12-05,partner,Enterprise,40,False,False,1960,35836,0,0,annual,26,2024-12-31,2024-12-05,455,27,36,True,7.0,22.0,11.0,Declining,5.0,23.0,76.2,4.25,0.0,0.0,support,0.0
A-34ea2f,Company_436,HealthTech,US,2024-08-15,organic,Enterprise,8,False,True,152,14583,3,0,annual,65,2024-10-19,2024-08-15,468,28,23,True,44.0,44.0,22.0,Growing,8.0,35.25,65.625,3.8,0.0,1.0,unknown,1.85
A-716841,Company_437,FinTech,US,2024-05-06,other,Pro,45,False,False,855,26234,0,0,annual,239,2024-12-31,2024-05-06,344,26,13,True,14.0,12.0,6.0,Growing,5.0,29.8,112.8,4.0,0.0,0.0,unknown,0.0
A-558c72,Company_438,FinTech,US,2023-06-01,organic,Basic,12,False,False,784,9171,1,0,monthly,579,2024-12-31,2023-06-01,296,19,16,True,5.0,45.0,22.5,Declining,4.0,64.25,79.25,4.5,1.0,0.0,support,43.01
A-b11cd0,Company_439,DevTools,US,2023-01-20,ads,Pro,26,True,True,1274,4806,0,0,monthly,711,2024-12-31,2023-01-20,278,21,16,True,19.0,0.0,0.0,Growing,4.0,38.5,140.75,4.0,0.0,0.0,,
A-cc1d8d,Company_440,FinTech,US,2024-12-08,other,Pro,5,False,False,995,8947,1,1,monthly,23,2024-12-31,2024-12-08,618,33,48,True,11.0,58.0,29.0,Declining,5.0,30.2,99.2,4.5,0.0,0.0,unknown,217.22
A-7f4db3,Company_441,FinTech,US,2023-03-05,other,Pro,4,False,False,3582,26276,0,1,annual,667,2024-12-31,2023-03-05,844,36,46,True,48.0,103.0,51.5,Stable,5.0,16.6,91.4,3.25,1.0,0.0,support,0.0
A-db5e9e,Company_442,DevTools,US,2024-11-09,partner,Basic,4,False,False,1127,9251,0,1,annual,52,2024-12-31,2024-11-09,586,29,27,True,42.0,18.0,9.0,Growing,2.0,66.0,97.5,5.0,0.0,0.0,pricing,0.0
A-cc102e,Company_443,HealthTech,US,2024-04-15,partner,Enterprise,13,False,False,2587,10063,1,0,monthly,260,2024-12-31,2024-04-15,394,26,39,True,32.0,29.0,14.5,Growing,4.0,33.25,109.0,4.333333333333333,0.0,0.0,pricing,61.1
A-82d8a6,Company_444,Cybersecurity,UK,2024-11-28,ads,Basic,5,False,False,13532,27966,5,2,monthly,33,2024-12-31,2024-11-28,661,32,38,True,12.0,101.0,50.5,Declining,5.0,42.2,112.0,3.5,0.0,0.0,features,0.0
A-dec005,Company_445,HealthTech,US,2023-10-13,partner,Pro,21,False,False,10746,30744,1,0,monthly,445,2024-12-31,2023-10-13,475,31,44,True,39.0,59.0,29.5,Growing,2.0,59.0,152.0,3.0,0.0,0.0,support,0.0
A-5790f4,Company_446,FinTech,UK,2024-12-22,event,Pro,1,True,False,12537,18926,0,0,annual,9,2024-12-31,2024-12-22,321,25,26,True,7.0,24.0,12.0,Declining,4.0,44.0,57.25,4.0,1.0,0.0,competitor,0.0
A-7c83a1,Company_447,Cybersecurity,US,2024-05-06,partner,Pro,12,False,False,0,16731,0,1,monthly,239,2024-12-31,2024-05-06,632,29,23,True,51.0,31.0,15.5,Growing,4.0,42.0,86.25,4.0,0.0,0.0,unknown,0.0
A-297a2d,Company_448,HealthTech,UK,2023-05-05,event,Pro,27,False,False,7164,14373,3,0,annual,606,2024-12-31,2023-05-05,244,23,22,True,0.0,21.0,10.5,Declining,2.0,32.5,84.5,3.0,0.0,0.0,,
A-4c56c9,Company_449,FinTech,US,2023-12-20,partner,Enterprise,9,False,True,5373,30471,0,0,annual,107,2024-04-05,2023-12-20,416,26,28,True,61.0,53.0,26.5,Growing,2.0,54.0,98.5,3.0,0.0,0.0,budget,44.23
A-cbbe12,Company_450,Cybersecurity,DE,2023-03-22,partner,Enterprise,40,False,False,1960,13081,1,1,monthly,650,2024-12-31,2023-03-22,178,14,10,False,16.0,0.0,0.0,Growing,6.0,38.0,74.5,4.25,0.0,0.0,,
A-4a267b,Company_451,FinTech,US,2024-05-05,other,Pro,25,False,False,475,29687,1,1,annual,240,2024-12-31,2024-05-05,498,31,22,True,0.0,78.0,39.0,Declining,4.0,16.25,105.0,4.333333333333333,0.0,0.0,support,64.54
A-bcbe98,Company_452,Cybersecurity,US,2024-07-29,other,Enterprise,46,False,False,2254,21666,2,1,annual,155,2024-12-31,2024-07-29,635,34,43,True,41.0,95.0,47.5,Declining,7.0,38.285714285714285,61.57142857142857,4.0,1.0,0.0,competitor,0.0
A-427b69,Company_453,FinTech,US,2024-08-23,other,Basic,17,False,False,882,19958,0,0,annual,130,2024-12-31,2024-08-23,698,32,36,True,41.0,38.0,19.0,Growing,2.0,31.5,109.5,3.0,0.0,0.0,,
A-0be015,Company_454,FinTech,US,2024-10-15,event,Pro,19,False,False,456,1178,0,0,monthly,77,2024-12-31,2024-10-15,297,19,13,True,0.0,47.0,23.5,Declining,7.0,40.285714285714285,84.85714285714286,4.2,1.0,1.0,unknown,74.68
A-054577,Company_455,EdTech,UK,2024-04-28,ads,Basic,2,False,False,456,44601,1,1,monthly,247,2024-12-31,2024-04-28,833,36,52,True,60.0,40.0,20.0,Growing,1.0,46.0,70.0,4.0,0.0,0.0,,
A-bc87bc,Company_456,FinTech,US,2024-07-17,event,Pro,3,False,False,247,12032,0,0,annual,167,2024-12-31,2024-07-17,394,24,14,True,41.0,28.0,14.0,Growing,7.0,40.57142857142857,112.0,3.75,0.0,1.0,,
A-0f7d77,Company_457,FinTech,IN,2024-10-28,partner,Pro,3,False,False,539,2326,0,0,monthly,64,2024-12-31,2024-10-28,298,23,19,True,23.0,34.0,17.0,Growing,5.0,27.2,74.6,5.0,0.0,0.0,competitor,0.0
A-e7beab,Company_458,EdTech,DE,2023-10-20,organic,Enterprise,5,False,False,2793,11332,0,0,monthly,438,2024-12-31,2023-10-20,373,22,17,True,0.0,17.0,8.5,Declining,6.0,36.666666666666664,124.66666666666667,4.0,0.0,0.0,features,0.0
A-a09355,Company_459,FinTech,US,2024-08-10,organic,Basic,14,False,False,266,34140,0,1,monthly,143,2024-12-31,2024-08-10,788,33,47,True,51.0,64.0,32.0,Growing,5.0,32.6,66.6,4.0,0.0,0.0,support,135.11
A-31ab9a,Company_460,FinTech,DE,2024-03-03,organic,Pro,3,False,False,2786,15802,0,0,monthly,303,2024-12-31,2024-03-03,340,19,23,True,8.0,21.0,10.5,Declining,7.0,43.142857142857146,67.71428571428571,3.5,0.0,1.0,competitor,0.0
A-0158bb,Company_461,FinTech,DE,2024-05-22,partner,Basic,5,False,False,665,4070,1,0,monthly,223,2024-12-31,2024-05-22,364,19,22,True,18.0,7.0,3.5,Growing,1.0,32.0,50.0,3.0,0.0,0.0,,
A-f19b24,Company_462,Cybersecurity,US,2023-01-10,organic,Pro,29,True,False,1421,2523,0,0,monthly,721,2024-12-31,2023-01-10,119,12,10,False,0.0,37.0,18.5,Declining,2.0,35.5,74.0,4.0,1.0,0.0,,
A-798a3f,Company_463,DevTools,FR,2023-10-19,other,Enterprise,12,False,True,2587,14152,1,0,annual,274,2024-07-19,2023-10-19,282,17,15,True,0.0,34.0,17.0,Declining,4.0,39.5,48.0,4.0,0.0,0.0,support,0.0
A-42b791,Company_464,FinTech,AU,2024-05-20,event,Pro,3,False,False,14925,19060,0,0,monthly,225,2024-12-31,2024-05-20,312,19,6,True,14.0,21.0,10.5,Growing,3.0,33.666666666666664,72.0,4.0,0.0,0.0,,
A-068fc6,Company_465,EdTech,US,2023-07-17,event,Enterprise,35,False,False,0,29085,1,0,monthly,533,2024-12-31,2023-07-17,598,32,29,True,61.0,12.0,6.0,Growing,5.0,38.8,121.4,4.333333333333333,0.0,0.0,,
A-6f50ae,Company_466,FinTech,US,2023-09-21,partner,Pro,19,False,True,931,26608,0,1,annual,158,2024-02-26,2023-09-21,416,28,28,True,11.0,55.0,27.5,Declining,1.0,34.0,144.0,5.0,0.0,0.0,features,0.0
A-a2485e,Company_467,FinTech,US,2024-08-04,event,Pro,3,True,False,3383,8775,0,1,annual,149,2024-12-31,2024-08-04,317,22,13,True,0.0,50.0,25.0,Declining,,,,,,,,
A-bb1eaa,Company_468,Cybersecurity,US,2024-06-11,organic,Basic,21,False,False,399,10381,0,1,annual,203,2024-12-31,2024-06-11,164,15,7,True,0.0,29.0,14.5,Declining,6.0,23.5,92.33333333333333,4.5,0.0,0.0,pricing,0.0
A-cc98bc,Company_469,DevTools,US,2023-05-24,ads,Basic,32,False,False,2646,21567,1,0,annual,587,2024-12-31,2023-05-24,551,29,24,True,28.0,67.0,33.5,Declining,3.0,4.666666666666667,122.33333333333333,4.0,0.0,0.0,,
A-d77f4c,Company_470,DevTools,US,2023-09-25,partner,Pro,4,True,False,1592,48726,4,1,monthly,463,2024-12-31,2023-09-25,617,31,32,True,18.0,36.0,18.0,Stable,2.0,31.0,75.0,4.0,0.0,0.0,unknown,0.0
A-ccabf0,Company_471,HealthTech,IN,2023-11-06,organic,Pro,1,False,False,98,22379,0,1,annual,421,2024-12-31,2023-11-06,506,31,29,True,25.0,51.0,25.5,Stable,4.0,46.25,89.75,3.6666666666666665,0.0,0.0,features,0.0
A-700ade,Company_472,Cybersecurity,UK,2024-10-31,organic,Enterprise,1,True,False,1791,16875,0,0,monthly,61,2024-12-31,2024-10-31,284,20,18,True,0.0,16.0,8.0,Declining,4.0,30.25,53.5,4.666666666666667,0.0,0.0,,
A-4a4c2d,Company_473,DevTools,US,2023-05-02,event,Enterprise,54,False,False,0,33966,1,1,monthly,609,2024-12-31,2023-05-02,587,28,37,True,12.0,42.0,21.0,Declining,5.0,42.0,104.0,4.25,0.0,0.0,,
A-b7ef83,Company_474,Cybersecurity,UK,2024-05-29,partner,Pro,1,True,False,398,35868,2,0,annual,216,2024-12-31,2024-05-29,738,34,39,True,31.0,62.0,31.0,Stable,2.0,47.5,79.0,4.0,0.0,0.0,budget,60.25
A-e08cd3,Company_475,FinTech,US,2024-09-21,ads,Pro,67,True,False,13333,71020,0,1,monthly,101,2024-12-31,2024-09-21,432,30,21,True,45.0,27.0,13.5,Growing,8.0,30.375,93.0,4.0,0.0,2.0,features,0.0
A-19b2c8,Company_476,DevTools,IN,2023-06-06,other,Pro,20,False,False,1617,26703,1,0,monthly,574,2024-12-31,2023-06-06,601,31,34,True,38.0,41.0,20.5,Growing,3.0,29.333333333333332,90.0,4.666666666666667,0.0,0.0,pricing,0.0
A-970c97,Company_477,HealthTech,DE,2024-03-01,other,Enterprise,14,False,False,2786,15381,0,1,annual,305,2024-12-31,2024-03-01,444,26,24,True,30.0,48.0,24.0,Growing,1.0,61.0,139.0,5.0,0.0,0.0,,
A-6dee43,Company_478,FinTech,UK,2023-08-12,other,Basic,3,True,False,114,22770,1,0,annual,507,2024-12-31,2023-08-12,461,28,11,True,0.0,24.0,12.0,Declining,5.0,44.2,48.8,4.333333333333333,0.0,0.0,pricing,143.8
A-5ed98d,Company_479,DevTools,US,2024-06-22,partner,Basic,24,False,False,1372,15478,1,0,annual,192,2024-12-31,2024-06-22,312,23,18,True,15.0,58.0,29.0,Declining,5.0,35.8,91.8,5.0,0.0,0.0,competitor,0.0
A-c58f49,Company_480,EdTech,US,2024-07-31,other,Enterprise,70,True,False,1330,70980,1,0,monthly,153,2024-12-31,2024-07-31,363,24,22,True,32.0,12.0,6.0,Growing,3.0,36.333333333333336,60.0,5.0,1.0,0.0,support,7.6
A-9c18c4,Company_481,HealthTech,US,2023-07-27,ads,Pro,11,False,True,539,17823,3,0,annual,523,2024-12-31,2023-07-27,556,30,37,True,22.0,65.0,32.5,Declining,4.0,42.25,130.25,4.0,0.0,1.0,,
A-cc8c8f,Company_482,DevTools,US,2024-06-16,ads,Enterprise,23,False,False,5572,15600,1,1,annual,198,2024-12-31,2024-06-16,268,20,18,True,0.0,29.0,14.5,Declining,2.0,14.5,123.0,3.5,0.0,0.0,budget,0.0
A-5f7781,Company_483,DevTools,US,2024-08-20,other,Pro,22,False,False,1078,10252,1,0,annual,133,2024-12-31,2024-08-20,183,16,10,True,7.0,7.0,3.5,Growing,2.0,28.5,42.0,4.0,0.0,0.0,pricing,0.0
A-e1b9cd,Company_484,DevTools,US,2023-02-26,event,Pro,40,False,True,760,37042,0,3,monthly,583,2024-10-01,2023-02-26,804,33,47,True,69.0,69.0,34.5,Growing,1.0,35.0,115.0,3.0,0.0,0.0,unknown,0.0
A-ac85cd,Company_485,EdTech,US,2024-07-31,partner,Enterprise,53,False,False,0,41267,1,2,annual,153,2024-12-31,2024-07-31,634,30,29,True,0.0,107.0,53.5,Declining,3.0,33.666666666666664,76.33333333333333,3.5,0.0,0.0,pricing,102.39
A-d792a6,Company_486,DevTools,US,2023-01-23,organic,Enterprise,4,False,False,0,23049,1,1,annual,708,2024-12-31,2023-01-23,690,32,40,True,41.0,51.0,25.5,Growing,5.0,40.6,97.8,4.0,0.0,1.0,support,0.0
A-ac9111,Company_487,HealthTech,US,2023-08-12,event,Pro,21,True,False,4179,26626,0,1,monthly,507,2024-12-31,2023-08-12,808,36,46,True,53.0,45.0,22.5,Growing,3.0,24.666666666666668,89.66666666666667,5.0,0.0,0.0,budget,0.0
A-18793f,Company_488,EdTech,US,2024-12-18,organic,Basic,148,True,False,7252,78588,1,0,monthly,13,2024-12-31,2024-12-18,486,30,20,True,10.0,25.0,12.5,Declining,5.0,45.2,101.6,3.8,0.0,0.0,support,25.41
A-9f0b68,Company_489,EdTech,US,2024-04-28,ads,Basic,10,False,False,2587,28518,2,1,annual,247,2024-12-31,2024-04-28,709,36,33,True,11.0,35.0,17.5,Declining,3.0,30.333333333333332,96.33333333333333,3.0,0.0,1.0,pricing,0.0
A-d3c88e,Company_490,DevTools,US,2024-10-18,event,Pro,16,False,False,784,26183,3,0,monthly,74,2024-12-31,2024-10-18,644,33,48,True,29.0,63.0,31.5,Stable,3.0,58.0,48.0,4.0,0.0,0.0,support,0.0
A-ccb686,Company_491,DevTools,US,2024-01-22,other,Basic,10,False,False,1990,21541,4,1,annual,344,2024-12-31,2024-01-22,721,35,46,True,92.0,69.0,34.5,Growing,1.0,67.0,30.0,4.0,0.0,0.0,competitor,25.92
A-118f1c,Company_492,Cybersecurity,US,2024-10-31,other,Pro,32,False,False,608,52160,0,0,annual,61,2024-12-31,2024-10-31,369,22,14,True,0.0,8.0,4.0,Declining,1.0,64.0,141.0,3.0,0.0,0.0,budget,0.0
A-0e966d,Company_493,FinTech,IN,2024-06-25,ads,Basic,11,False,True,539,12445,0,0,annual,189,2024-12-31,2024-06-25,636,31,34,True,39.0,74.0,37.0,Stable,3.0,31.666666666666668,95.33333333333333,4.5,1.0,1.0,,
A-b9f5b1,Company_494,Cybersecurity,US,2023-01-24,other,Pro,15,True,False,0,7072,0,0,annual,707,2024-12-31,2023-01-24,307,21,12,True,0.0,47.0,23.5,Declining,6.0,31.833333333333332,75.66666666666667,3.3333333333333335,1.0,0.0,features,0.0
A-8ae3fc,Company_495,DevTools,CA,2024-06-28,ads,Pro,9,False,False,380,4447,0,0,annual,186,2024-12-31,2024-06-28,402,26,30,True,22.0,31.0,15.5,Growing,4.0,39.5,65.5,3.5,0.0,0.0,budget,0.0
A-55f257,Company_496,FinTech,US,2023-12-21,organic,Basic,9,False,False,441,12137,3,0,annual,376,2024-12-31,2023-12-21,476,31,25,True,72.0,40.0,20.0,Growing,6.0,43.166666666666664,114.5,5.0,0.0,0.0,,
A-d26ab4,Company_497,DevTools,UK,2024-11-07,organic,Basic,9,False,True,0,16613,0,1,monthly,49,2024-12-26,2024-11-07,458,24,24,True,11.0,51.0,25.5,Declining,2.0,49.5,110.0,4.0,0.0,0.0,pricing,86.02
A-712533,Company_498,EdTech,US,2023-07-31,organic,Pro,18,False,False,1078,19382,1,0,monthly,519,2024-12-31,2023-07-31,571,32,35,True,31.0,60.0,30.0,Stable,5.0,37.4,97.2,3.75,0.0,0.0,unknown,0.0
A-781cc0,Company_499,EdTech,US,2024-09-04,organic,Pro,12,False,False,2388,18315,2,0,monthly,118,2024-12-31,2024-09-04,864,31,42,True,35.0,110.0,55.0,Declining,4.0,57.5,106.0,3.6666666666666665,0.0,1.0,budget,0.0
